Total Reviews,Product Url,ASIN,Title,Author,Format,Publication Date,Publisher
0,https://www.amazon.com/dp/B09FBN8FK4,B09FBN8FK4,"Appointment Book: 8 Column Scheduling Appointment Book for Salons, Spas, Hair Stylist, Daily and Hourly Schedule Notebook, 15 Minute Increments, Large 8.5"" x 11""",21 Theme Diaries,Paperback,"Aug 28, 2021",
2,https://www.amazon.com/dp/3030135640,3030135640,The Reign of the Customer: Customer-Centric Approaches to Improving Satisfaction,Claes Fornell,Kindle,"Aug 26, 2021",
4,https://www.amazon.com/dp/1636767664,1636767664,Imagination Mindset: Transforming Your Job from Ordinary to Magical,Karla Quintanilla,Kindle,"Aug 24, 2021",
0,https://www.amazon.com/dp/B09DMRH1WV,B09DMRH1WV,Reservation Book For Restaurant 2022: 365 Day Table Reservations | Full 2022 Year with Calendar and Dates | Ideal for Restaurants and Any Food Establishment,TFK Amanda Press,Paperback,"Aug 23, 2021",
0,https://www.amazon.com/dp/B09CRQLDFP,B09CRQLDFP,"Clients Record Book: Client Tracking Book, Client Record Book, Client Appointment Book, Client Appointment Book for Beaty Salon, Nail Art, Nail Salon ... Customers Book, Nail Tech Appointment Book",Magdalena Ciesla,Paperback,"Aug 18, 2021",
1,https://www.amazon.com/dp/B09CRLXTJK,B09CRLXTJK,Customer Organizer Book: Keep Track Of Information About Each Client - Client Management Tracker,Meticulous Publishing,Paperback,"Aug 15, 2021",
3,https://www.amazon.com/dp/1484272420,1484272420,Digital Customer Experience Engineering: Strategies for Creating Effective Digital Experiences,Lars Wiedenhoefer,Kindle,"Aug 13, 2021",
0,https://www.amazon.com/dp/0655151729,0655151729,Voice of the customer: Second Edition,Gerardus Blokdyk,Paperback,"Aug 13, 2021",
0,https://www.amazon.com/dp/B09CHLZW23,B09CHLZW23,"Thank You For The Enormous Job You Do Every Day: Employee Appreciation Gifts Lined Journal And Notebook For Employees, Staff And Team Members",Coworkers Publishing,Paperback,"Aug 12, 2021",
2,https://www.amazon.com/dp/1637420765,1637420765,Fast Fulfillment: The Machine That Changed Retailing (Issn),Sanchoy Das,Kindle,"Aug 9, 2021",
0,https://www.amazon.com/dp/1637421079,1637421079,Multiply Your Business Value Through Brand & Ai (Issn),Rajan Narayan,Kindle,"Aug 5, 2021",
5,https://www.amazon.com/dp/0367435179,0367435179,"Contemporary Selling: Building Relationships, Creating Value",Mark W. Johnston,Hardcover,"Aug 2, 2021",
0,https://www.amazon.com/dp/8323346577,8323346577,Customer Encounters on Twitter: A Study of Positive Evaluation and Complaint Management on English Corporate Profiles,Anna Tereszkiewicz,Paperback,"Aug 2, 2021",
1,https://www.amazon.com/dp/B09FCCMFZ9,B09FCCMFZ9,"Rainbow Journal for Girls, Purple Rainbow Notebook for Kids - 5x8 Journal with Lined Pages",Taylor Bonham,Paperback,"Aug 31, 2021",
0,https://www.amazon.com/dp/B09FCFHBG8,B09FCFHBG8,100 Days of Being Happier: Devotional Journal for Self-Exploration,Zachary Sourinam,Paperback,"Aug 31, 2021",
0,https://www.amazon.com/dp/B09FC6FFWR,B09FC6FFWR,Conquer 2022 Q1 Quarterly Planner: 90 Day Personal & Business Goal-Setting Planner with Vision Board,Arche Creative Studio,Paperback,"Aug 31, 2021",
3,https://www.amazon.com/dp/B09F14T8HF,B09F14T8HF,Free Falling,Pamela Jameson,Kindle,"Aug 31, 2021",
0,https://www.amazon.com/dp/B09HDZG2LL,B09HDZG2LL,"Matador's Arena - 2022 Weekly Planner: Monthly and Weekly Planner | Vintage Spain Travel Poster Cover | Jan 1, 2022 to Dec 31, 2022 | Full Year ... | Inspirational Quotes & Pages for Notes",Ron Engeldinger,Paperback,"Jan 1, 2022",
0,https://www.amazon.com/dp/B09FS9N5MT,B09FS9N5MT,"Real Love: sketchbook for Drawing, Doodling and Sketching, a Blank Notebook Gift for couples.",Love edition,Paperback,"Aug 31, 2021",
0,https://www.amazon.com/dp/B09FS72B9P,B09FS72B9P,Notebook,bleusasku designs,Paperback,"Aug 31, 2021",
0,https://www.amazon.com/dp/B09FCKHY6B,B09FCKHY6B,Food Sensitivity Journal and Log Book: Food Diary and Symptom Tracker for all Ages,CallYous Journals,Paperback,"Aug 31, 2021",
1,https://www.amazon.com/dp/B09FCKC5GS,B09FCKC5GS,CELEBRATION: WEDDING GUEST BOOK: A MR. & MR. AFFAIR,SHOP GODDESS BOOKS,Hardcover,"Aug 31, 2021",
0,https://www.amazon.com/dp/B09FCKC5FM,B09FCKC5FM,"Can we talk i can hear you notebook: Notebook dogs lover , Lined journal 121 pages 6*9 inches",Med Dostoevsky,Paperback,"Aug 31, 2021",
0,https://www.amazon.com/dp/B09FCKC5B6,B09FCKC5B6,self love is not selfish it is important: designed for self care is not selfish!,nour ababneh,Paperback,"Aug 31, 2021",
0,https://www.amazon.com/dp/B09FCKC58Q,B09FCKC58Q,Composition Notebook: Ocean Wave,Geree McDermott,Paperback,"Aug 31, 2021",
0,https://www.amazon.com/dp/B09FCKC4LF,B09FCKC4LF,"Christmas Address Book: Designed With Snowflakes for Organizing Names, Addresses, Emails, and Phone Numbers",J&K Book Creations,Hardcover,"Aug 31, 2021",
0,https://www.amazon.com/dp/B09FCKC223,B09FCKC223,"Bible Study Focus Notes | Ephesians: minimalist journal | 6x9"" | 100 pages | perfect for travel or at-home, contemplation and biblical studies",Bible Study Focus Notes,Paperback,"Aug 31, 2021",
0,https://www.amazon.com/dp/B09FCHPMGT,B09FCHPMGT,puppy composition notebook: Wide Ruled Paper Notebook for Girls Boys Kids Teens Students (Lined School Journal) composition book,Daniel ghnima,Paperback,"Aug 31, 2021",
0,https://www.amazon.com/dp/B09FCHPM4W,B09FCHPM4W,"Wedding Notebook: In FLoral Leaves, Organize Wedding Details at Wedding Venues, Appointments, Making TO-DO Lists and More (6""x9"") 120 Pages",MAD studio47,Paperback,"Aug 31, 2021",
0,https://www.amazon.com/dp/B09FCHPJCK,B09FCHPJCK,"I Like Coffee Cats Dogs And Maybe 3 People Lovers Gift Good Notebook: Gifts for Women/Best Friend/Mom/Wife/Girlfriend/Boss/Coworker/Nurse/Encouragement Birthday, Menu",Krista Ross,Paperback,"Aug 31, 2021",
0,https://www.amazon.com/dp/B09FCHPJCH,B09FCHPJCH,"I Like Bloodhounds And Maybe 3 People Funny Dog Lover Gift Art Notebook: Gifts for Women/Best Friend/Mom/Wife/Girlfriend/Boss/Coworker/Nurse/Encouragement Birthday, Menu",Krista Ross,Paperback,"Aug 31, 2021",
0,https://www.amazon.com/dp/B09FCFHBRV,B09FCFHBRV,"PLANNER TO DO .enough for a whole year,Undated Weekly Planner, Tracker and Goal Planne: 8.5 x 11 in (21.59 x 27.94 cm) 53 pages one week in one page",MARK mar,Paperback,"Aug 31, 2021",
0,https://www.amazon.com/dp/B09FCFHBLJ,B09FCFHBLJ,"Composition Notebook: liquid marble with gold splatter, College Ruled, 110 Pages, 7.5 x 9.25in (marble composition notebooks)",Tah Mazimi,Paperback,"Aug 31, 2021",
0,https://www.amazon.com/dp/B09FCFHBKR,B09FCFHBKR,"Notebook: Watercolor Cover with Bears,122 White Wide Ruled Pages, 8.5x11 Inches, Perfect for Children;s use.",MGD Book Press,Paperback,"Aug 31, 2021",
0,https://www.amazon.com/dp/B09FCFHBK9,B09FCFHBK9,self love is not selfish it is important: for yourself,nour ababneh,Paperback,"Aug 31, 2021",
0,https://www.amazon.com/dp/B09FCFHBJC,B09FCFHBJC,"Letters to my Grandma In Heaven Journal: A Grief Journal to Write Letters to Grandma , for young kids, teens & adult children healing from a Grandma ... Notebook and Journal 110 pages/6 x 9 Inch.",Bellbird-design,Paperback,"Aug 31, 2021",
0,https://www.amazon.com/dp/B09FCFHBHS,B09FCFHBHS,"Handwriting Practice Paper for kids: Blank Handwriting Writing Pages - Students Learning to Write ,handwriting practice paper preschool, abc handwriting practice paper",Smrity Press Publishing,Paperback,"Aug 31, 2021",
0,https://www.amazon.com/dp/B09FCFHBHF,B09FCFHBHF,"Be Strong, Be Different, Be You Notebook",K Thornton,Paperback,"Aug 31, 2021",
0,https://www.amazon.com/dp/B09FCFH9QH,B09FCFH9QH,My Wedding Plans Journal: Notebook and journal for wedding plans,Taramefra G,Paperback,"Aug 31, 2021",
0,https://www.amazon.com/dp/B09FCFH7L8,B09FCFH7L8,"I Like Donuts My Dog and Maybe 3 People Funny Corgi Dog Nice Notebook: Gifts for Women/Best Friend/Mom/Wife/Girlfriend/Boss/Coworker/Nurse/Encouragement Birthday, Menu",Krista Ross,Paperback,"Aug 31, 2021",
0,https://www.amazon.com/dp/B09FCCMFTH,B09FCCMFTH,My Journal: 120 Page Lined Journal,Pasly Illustrates,Paperback,"Aug 31, 2021",
0,https://www.amazon.com/dp/B09FCCMFN2,B09FCCMFN2,"My Quote Of The Day: inspirational quote journal written by yourself, size 5.06x7.81""",Carl Shirley,Paperback,"Aug 31, 2021",
0,https://www.amazon.com/dp/B09FCCMFGW,B09FCCMFGW,"Handwriting Practice Paper For Kids Masked And Ready For First Grade: Easy Fun Massive 200 Pages Letter Handwriting Workbook Alphabet Tracing Paper, ... Paper For Beginners Handwriting Notebook",Kiddo Publication,Paperback,"Aug 31, 2021",
0,https://www.amazon.com/dp/B09FCCMFC5,B09FCCMFC5,Sagittarius Zodiac Custom Journal: Blank Lined Astrology Journal - Perfect Horoscope Gift for Sagittarius,Zen Bayan,Paperback,"Aug 31, 2021",
0,https://www.amazon.com/dp/B09FCCLCPQ,B09FCCLCPQ,"Funny I Like Polish Lowland Sheepdog Dogs And Maybe 3 People Graphic Notebook: Gifts for Women/Best Friend/Mom/Wife/Girlfriend/Boss/Coworker/Nurse/Encouragement Birthday, Menu",Krista Ross,Paperback,"Aug 31, 2021",
0,https://www.amazon.com/dp/B09FCCLCPN,B09FCCLCPN,"I Like My Chinchillas And Maybe Like 3 People Funny Gift Quote Notebook: Gifts for Women/Best Friend/Mom/Wife/Girlfriend/Boss/Coworker/Nurse/Encouragement Birthday, Menu",Krista Ross,Paperback,"Aug 31, 2021",
0,https://www.amazon.com/dp/B09FCCDCKH,B09FCCDCKH,"PLANNER TO DO .enough for a whole year,Undated Weekly Planner, Tracker and Goal Planne Journal Motivation, Mindfulness, and Goal Planning: 8.5 x 11 in ... 53 pages one week in one page ,less weight",MARK mar,Paperback,"Aug 31, 2021",
0,https://www.amazon.com/dp/B09FCCDC8V,B09FCCDC8V,Futur graduate school planner 2021-2022: Road to succuess school planner 2022 Daily-weekly planner,Nina Books,Paperback,"Aug 31, 2021",
0,https://www.amazon.com/dp/B09FCCDBXX,B09FCCDBXX,"I SEEK to find the answers, though NOT always the truth, because the “truth“ can be subjective, and BENDABLE for Proof. Personal Growth and ... Diary, 6 x 9 inches, 120 lined pages)",Chelsea  Marie Mauger,Paperback,"Aug 31, 2021",
0,https://www.amazon.com/dp/B09FCCDBLV,B09FCCDBLV,Dream Journal,AJ Dennen,Paperback,"Aug 31, 2021",
0,https://www.amazon.com/dp/B09FC9ZXNF,B09FC9ZXNF,Brew Coffee Composition 100 Sheets: Coffee Composition Book 100 Sheets,Susan K Poulsen,Paperback,"Aug 31, 2021",
0,https://www.amazon.com/dp/B09FC9ZXKB,B09FC9ZXKB,Shine Bright Darling: Inspirational Quote Notebook - Cute White and Gold 120 Page Journal: | Journal | Notebook | Diary,The Deb Standard,Paperback,"Aug 31, 2021",
0,https://www.amazon.com/dp/B09FC9ZXJZ,B09FC9ZXJZ,"Dinosaurs Composition Notebook: Wide-Ruled, 7.5 x 9.25, 100 Pages, For kids, teens, and adults: Composition Notebooks",Namutu Wachugi,Paperback,"Aug 31, 2021",
0,https://www.amazon.com/dp/B09FC9ZX7G,B09FC9ZX7G,Makeup Charts Book: A Professional Makeup Journal for Makeup Artists To Brainstorm Ideas and Practice,Anar Koli Studio,Paperback,"Aug 31, 2021",
0,https://www.amazon.com/dp/B09FC9Z6DB,B09FC9Z6DB,"Christmas Address Book: Designed With Snowflakes for Organizing Names, Addresses, Emails, and Phone Numbers",J&K Book Creations,Hardcover,"Aug 31, 2021",
0,https://www.amazon.com/dp/B09FC9YNGZ,B09FC9YNGZ,"Funny I Like Irish Terrier Dogs And Maybe 3 People Family Notebook: Gifts for Women/Best Friend/Mom/Wife/Girlfriend/Boss/Coworker/Nurse/Encouragement Birthday, Menu",Krista Ross,Paperback,"Aug 31, 2021",
0,https://www.amazon.com/dp/B09FC9Y7N8,B09FC9Y7N8,"2022 Vintage New Zealand Weekly Planner: Monthly and Weekly Planner | Vintage Travel Poster Cover | Jan 1, 2022 to Dec 31, 2022 | Full Year Calendar ... | Inspirational Quotes & Pages for Notes",Ron Engeldinger,Paperback,"Jan 1, 2022",
1,https://www.amazon.com/dp/B09FC9Y7D7,B09FC9Y7D7,"5 Year Monthly Pocket Planner: 2022-2026 Pocket Planner | Small Appointment Personal Time Management Schedule Plan Five Year Monthly Calendar Planner ... bag, tote, or easily put in your coat!.",Sophia Kingcarter,Paperback,"Aug 31, 2021",
0,https://www.amazon.com/dp/B09FC9Y6V2,B09FC9Y6V2,"Dream Journal: Daily diary to record your dreams. This journal will help you to take a note, explore, and reflect on events that occur in your dreams - Sleeping bunny cover",Athikan,Paperback,"Aug 31, 2021",
0,https://www.amazon.com/dp/B09FC9HSWP,B09FC9HSWP,"Handwriting Practice Paper For Kids: Kindergarten Blank Lined ABC Handwriting Workbook for Students | My First Preschoolers Writing Skill Grades K-2, K-3",Kdhanpen Publishing,Paperback,"Aug 31, 2021",
0,https://www.amazon.com/dp/B09FC9HQLZ,B09FC9HQLZ,"I Like Shot Put And Maybe I Like 3 People Thrower Throwing Good Notebook: Gifts for Women/Best Friend/Mom/Wife/Girlfriend/Boss/Coworker/Nurse/Encouragement Birthday, Menu",Roza Bush,Paperback,"Aug 31, 2021",
0,https://www.amazon.com/dp/B09FC8954Y,B09FC8954Y,An Artist's Weekly Planner: 185 page weekly calendar and planner(FOR 14 MONTHS ) and art tips for the fine artist,Howard A. Rose,Paperback,"Aug 31, 2021",
0,https://www.amazon.com/dp/B09FC87MHM,B09FC87MHM,"Healing Trauma: self love , healing self, mood. journal and tracking",L.J. DuBois,Paperback,"Aug 31, 2021",
1,https://www.amazon.com/dp/B09FC87MH7,B09FC87MH7,"Pose - Black Woman Design on Wide Ruled Notebook - 6x9"" - 100 pages - Intuition Designs SMR 2021 - Notebooks and Journals featuring Black Women ... - Mindfulness Activities (Shape Your World)",Intuition by Mjé,Paperback,"Aug 31, 2021",
2,https://www.amazon.com/dp/B09FC87M85,B09FC87M85,Recovery Gratitude Journal,Paul Amatucci,Paperback,"Aug 31, 2021",
0,https://www.amazon.com/dp/B09FC86J31,B09FC86J31,"I Like Bourbon And Dogs And Maybe 3 People Whiskey Bourbon Saying Notebook: Gifts for Women/Best Friend/Mom/Wife/Girlfriend/Boss/Coworker/Nurse/Encouragement Birthday, Menu",Roza Bush,Paperback,"Aug 31, 2021",
0,https://www.amazon.com/dp/B09FC7F1N4,B09FC7F1N4,"Miniature Schnauzer: Perfect Miniature Schnauzer Journal for Memories And Notes , Miniature Schnauzer Notebook ( 110 Pages, 6x9 )",Yenx D16 Publishing,Paperback,"Aug 31, 2021",
0,https://www.amazon.com/dp/B09FC6HG8B,B09FC6HG8B,Daily Planner,Paulette LeRain,Paperback,"Aug 31, 2021",
0,https://www.amazon.com/dp/B09FC6G4KW,B09FC6G4KW,"First grade Handwriting Practice Paper For Kids 1st Grade Here I Come: Easy Fun Massive 200 Pages Letter Handwriting Workbook Alphabet Tracing Paper, ... Paper For Beginners Handwriting Notebook",Kiddo Publication,Paperback,"Aug 31, 2021",
0,https://www.amazon.com/dp/B09FC6G4DH,B09FC6G4DH,"Mind, Body & Soul: Thoughtful blank lined notebook",Bebe Linda,Paperback,"Aug 31, 2021",
0,https://www.amazon.com/dp/B09FC6FBQF,B09FC6FBQF,"I Like Video Games Bearded Dragons And Maybe 3 People Funny Nice Notebook: Gifts for Women/Best Friend/Mom/Wife/Girlfriend/Boss/Coworker/Nurse/Encouragement Birthday, Menu",Krista Ross,Paperback,"Aug 31, 2021",
0,https://www.amazon.com/dp/B09FC6FB7J,B09FC6FB7J,"I Love Dancing Notebook: Lined Journal, 120 Pages, 6 x 9, Gift Fo Athletes, Family and Food Lovers, Banana 1 Fun Letters Matte Finish (Dancing Journal)",A Street Publishing,Paperback,"Aug 31, 2021",
1,https://www.amazon.com/dp/B09FC6F28Z,B09FC6F28Z,"Weekly Pocket Planner: For Your Precious Moments a Tiny / Mini Happy Purse Size 2 Year Calendar 2022 - 2023 (Monthly) Graphic Image Birds in Grey, ... Dimensions 5x8 inches Made and Print In USA.",Grit B. Designs,Paperback,"Aug 31, 2021",
0,https://www.amazon.com/dp/B09FC6F239,B09FC6F239,"Floral Journal: Lined Journal, 100 Pages, 6x9 in, Paperback, Matte Finish",Carley Rodenkirch,Paperback,"Aug 31, 2021",
0,https://www.amazon.com/dp/B09FC6DY4Q,B09FC6DY4Q,"Siberian Husky I Like Coffee My Husky And Maybe 3 People Nice Notebook: Gifts for Women/Best Friend/Mom/Wife/Girlfriend/Boss/Coworker/Nurse/Encouragement Birthday, Menu",Krista Ross,Paperback,"Aug 31, 2021",
0,https://www.amazon.com/dp/B09FC3RX8B,B09FC3RX8B,Mandalas Pocket Size For Stress Relief: An Adult Coloring Book with over 48 Beautiful and Relaxing Mandalas for Stress Reduction and Relaxation,Pocket Size,Paperback,"Aug 31, 2021",
0,https://www.amazon.com/dp/B09FBZ3HV3,B09FBZ3HV3,"Keep Calm I Have A List For That Notebook: Lined Journal, 120 Pages, 6 x 9, Gift For Thinkers, List Makers and Doers, Evening Blue Matte Finish (Keep Calm I Have A List For That Journal)",A Street Publishing,Paperback,"Aug 31, 2021",
0,https://www.amazon.com/dp/B09FBYQ1XS,B09FBYQ1XS,"Notebook Journal Fire Truck 9th Birthday Firefighter 9 Years Old: Meeting, Goals, Work List, Financial,6x9 in , Happy, Goal, Life, Gym, Personal Budget",Clinton Emery,Paperback,"Aug 31, 2021",
0,https://www.amazon.com/dp/B09FBTW1PB,B09FBTW1PB,DEEP THOUGHTS : DREAM AND SKETCH JOURNAL,Leonard Morales,Paperback,"Aug 31, 2021",
2,https://www.amazon.com/dp/B09F8TD39Y,B09F8TD39Y,Van Gogh Coloring Book: Van Gogh Grayscale Coloring Book #1 - Color The Greatest Compositions In History,Art-Lines,Paperback,"Aug 31, 2021",
0,https://www.amazon.com/dp/B09F1N37B6,B09F1N37B6,"Life Is Better With A Schipperke Dog Lover Pretty Notebook: Birthday Gifts for Women - Close Friend Gifts for Women - Bridesmaid Gifts for Her - ... for Mom - Sister - Gifts for Female, Homework",Dilara Key,Paperback,"Aug 31, 2021",
0,https://www.amazon.com/dp/B09F1KMTCB,B09F1KMTCB,"Notebook Planner This Girl Is Now 59 Double Digits 59th Birthday Gift: Planning, Budget, Homeschool,6x9 in , Tax, Goal, Hourly, College, Small Business",Chelsy Santos,Paperback,"Aug 31, 2021",
0,https://www.amazon.com/dp/B09F1KMTC8,B09F1KMTC8,"Notebook Planner This Girl Is Now 61 Double Digits 61st Birthday Gift: Planning, Budget, Homeschool,6x9 in , Tax, Goal, Hourly, College, Small Business",Chelsy Santos,Paperback,"Aug 31, 2021",
0,https://www.amazon.com/dp/B09F1G3YWN,B09F1G3YWN,"Ann: Unicorn Notebook Personal Name Wide Lined Rule Paper | Notebook The Notebook For Writing Journal or Diary Women & Girls - Gift For Birthday, For Student | 162 Pages Size 8.5x11inch",Cedric Wallace,Paperback,"Aug 31, 2021",
0,https://www.amazon.com/dp/B09F1G3YSR,B09F1G3YSR,"Notebook Planner Polish Best Dupa Ever Poland Polska Gift quote nice: 6x9 in ,Money,Budget,Do It All,Passion,Small Business,High Performance",Ariah Penn,Paperback,"Aug 31, 2021",
0,https://www.amazon.com/dp/B09F1G3YSN,B09F1G3YSN,"Notebook Planner Effin- Dad: 6x9 in ,Money,Budget,Do It All,Passion,Small Business,High Performance",Ariah Penn,Paperback,"Aug 31, 2021",
0,https://www.amazon.com/dp/B09F1G3XWY,B09F1G3XWY,"French fries Life is Better with French Fries Potato Pretty Notebook: Birthday Gifts for Women - Close Friend Gifts for Women - Bridesmaid Gifts for ... for Mom - Sister - Gifts for Female, Homework",Keon Parkinson,Paperback,"Aug 31, 2021",
0,https://www.amazon.com/dp/B09F1FY6YP,B09F1FY6YP,Handwriting Practice Paper: Handwriting Practice Paper with Mate Cover ( 8.5x11 Inches > 120 Pages),Jana Pichkur Publishing,Paperback,"Aug 31, 2021",
0,https://www.amazon.com/dp/B09F1FY55D,B09F1FY55D,"Notebook Planner Cute 9th Birthday Gift 9 Years Old Block Building: Planning, Budget, Homeschool,6x9 in , Tax, Goal, Hourly, College, Small Business",Chelsy Santos,Paperback,"Aug 31, 2021",
0,https://www.amazon.com/dp/B09F1FXSRM,B09F1FXSRM,"Notebook Planner Best Akita Grandpa Ever Dog Lover good good: Homework,To Do List,Homework,Personal,6x9 in ,PocketPlanner,Money,Journal",Hareem Wilcox,Paperback,"Aug 31, 2021",
0,https://www.amazon.com/dp/B09F1FXSQM,B09F1FXSQM,"Notebook Planner Womens Funny Triathlon good Best Triathlete Mom Ever: 6x9 in ,Money,Budget,Do It All,Passion,Small Business,High Performance",Adrianna Roberts,Paperback,"Aug 31, 2021",
0,https://www.amazon.com/dp/B09F1FWPQ8,B09F1FWPQ8,"Notebook Planner Eggspecting Mom Best Easter Egg Ever Pregnancy Reveal art: 6x9 in ,Money,Budget,Do It All,Passion,Small Business,High Performance",Ariah Penn,Paperback,"Aug 31, 2021",
0,https://www.amazon.com/dp/B09F1FWPPY,B09F1FWPPY,"Notebook Planner Best Jesse Ever Funny Gift for Jesse Sweameme: 6x9 in ,Money,Budget,Do It All,Passion,Small Business,High Performance",Adrianna Roberts,Paperback,"Aug 31, 2021",
0,https://www.amazon.com/dp/B09F1FRNFM,B09F1FRNFM,"Notebook Planner This Girl Is Now 18 Double Digits 18th Birthday Gift: Planning, Budget, Homeschool,6x9 in , Tax, Goal, Hourly, College, Small Business",Chelsy Santos,Paperback,"Aug 31, 2021",
0,https://www.amazon.com/dp/B09F1FRNFL,B09F1FRNFL,"Notebook Planner This Girl Is Now 11 Double Digits 11th Birthday Gift: Planning, Budget, Homeschool,6x9 in , Tax, Goal, Hourly, College, Small Business",Chelsy Santos,Paperback,"Aug 31, 2021",
0,https://www.amazon.com/dp/B09F1D1WL9,B09F1D1WL9,"I Like Coffee My Snake And Maybe 3 People Funny Pet Graphic Notebook: Gifts for Women/Best Friend/Mom/Wife/Girlfriend/Boss/Coworker/Nurse/Encouragement Birthday, Menu",Sabina Guthrie,Paperback,"Aug 31, 2021",
0,https://www.amazon.com/dp/B09F1CZRCY,B09F1CZRCY,"Notebook Planner Cute 60th Birthday Gift 60 Years Old Block Building: Planning, Budget, Homeschool,6x9 in , Tax, Goal, Hourly, College, Small Business",Tom Roche,Paperback,"Aug 31, 2021",
0,https://www.amazon.com/dp/B09F1CZQVY,B09F1CZQVY,"Notebook Planner Best Fing Auntie Ever Funny Aunt Gift for Sister and Auntie art: 6x9 in ,Money,Budget,Do It All,Passion,Small Business,High Performance",Adrianna Roberts,Paperback,"Aug 31, 2021",
0,https://www.amazon.com/dp/B09F1CZQTV,B09F1CZQTV,"Notebook Planner Best Freakin' MEMAW ever, Gift for MEMAW saying: Homework,To Do List,Homework,Personal,6x9 in ,PocketPlanner,Money,Journal",Hareem Wilcox,Paperback,"Aug 31, 2021",
0,https://www.amazon.com/dp/B09F1CZQ33,B09F1CZQ33,"Life is better with wifi funny simple stylish Router Family Notebook: Birthday Gifts for Women - Close Friend Gifts for Women - Bridesmaid Gifts for ... for Mom - Sister - Gifts for Female, Homework",Dilara Key,Paperback,"Aug 31, 2021",
0,https://www.amazon.com/dp/B09F1CV6XZ,B09F1CV6XZ,"Notebook Planner Cute 38th Birthday Gift 38 Years Old Block Building: Planning, Budget, Homeschool,6x9 in , Tax, Goal, Hourly, College, Small Business",Tom Roche,Paperback,"Aug 31, 2021",
0,https://www.amazon.com/dp/B09F1CV6XW,B09F1CV6XW,"Notebook Planner Cute 89th Birthday Gift 89 Years Old Block Building: Planning, Budget, Homeschool,6x9 in , Tax, Goal, Hourly, College, Small Business",Chelsy Santos,Paperback,"Aug 31, 2021",
0,https://www.amazon.com/dp/B09F1CV6G7,B09F1CV6G7,"Notebook Planner Best PhD Advisor Ever Literally Cute Funny For PhD Advisor quote: 6x9 in ,Money,Budget,Do It All,Passion,Small Business,High Performance",Ariah Penn,Paperback,"Aug 31, 2021",
0,https://www.amazon.com/dp/B09F1BC2R3,B09F1BC2R3,"Notebook Planner Cute 49th Birthday Gift 49 Years Old Block Building: Planning, Budget, Homeschool,6x9 in , Tax, Goal, Hourly, College, Small Business",Tom Roche,Paperback,"Aug 31, 2021",
0,https://www.amazon.com/dp/B09F1BC2B2,B09F1BC2B2,"Notebook Planner Mens Best Jiddo Ever - #1 World's Jiddo Arab American Grandfather good: 6x9 in ,Money,Budget,Do It All,Passion,Small Business,High Performance",Ariah Penn,Paperback,"Aug 31, 2021",
0,https://www.amazon.com/dp/B09F192QD2,B09F192QD2,"Notebook Planner This Girl Is Now 19 Double Digits 19th Birthday Gift: Planning, Budget, Homeschool,6x9 in , Tax, Goal, Hourly, College, Small Business",Chelsy Santos,Paperback,"Aug 31, 2021",
0,https://www.amazon.com/dp/B09F192QCY,B09F192QCY,"Notebook Planner This Girl Is Now 17 Double Digits 17th Birthday Gift: Planning, Budget, Homeschool,6x9 in , Tax, Goal, Hourly, College, Small Business",Chelsy Santos,Paperback,"Aug 31, 2021",
0,https://www.amazon.com/dp/B09F192QCX,B09F192QCX,"Notebook Planner Cute 22nd Birthday Gift 22 Years Old Block Building: Planning, Budget, Homeschool,6x9 in , Tax, Goal, Hourly, College, Small Business",Tom Roche,Paperback,"Aug 31, 2021",
0,https://www.amazon.com/dp/B09F18WGC7,B09F18WGC7,"Notebook Planner This Girl Is Now 55 Double Digits 55th Birthday Gift: Planning, Budget, Homeschool,6x9 in , Tax, Goal, Hourly, College, Small Business",Chelsy Santos,Paperback,"Aug 31, 2021",
0,https://www.amazon.com/dp/B09F18WGC6,B09F18WGC6,"Notebook Planner This Girl Is Now 22 Double Digits 22nd Birthday Gift: Planning, Budget, Homeschool,6x9 in , Tax, Goal, Hourly, College, Small Business",Chelsy Santos,Paperback,"Aug 31, 2021",
0,https://www.amazon.com/dp/B09F18WFRN,B09F18WFRN,"Notebook Planner Funny Percussion Best Snare Drum Player Ever Drummer quote: 6x9 in ,Money,Budget,Do It All,Passion,Small Business,High Performance",Adrianna Roberts,Paperback,"Aug 31, 2021",
0,https://www.amazon.com/dp/B09F16Q377,B09F16Q377,"I Like Guitars And Tractors And Maybe 3 People Art Notebook: Gifts for Women/Best Friend/Mom/Wife/Girlfriend/Boss/Coworker/Nurse/Encouragement Birthday, Menu",Sabina Guthrie,Paperback,"Aug 31, 2021",
0,https://www.amazon.com/dp/B09F16Q375,B09F16Q375,"I Like Beer And Softball And Maybe 3 People Nice Notebook: Gifts for Women/Best Friend/Mom/Wife/Girlfriend/Boss/Coworker/Nurse/Encouragement Birthday, Menu",Sabina Guthrie,Paperback,"Aug 31, 2021",
0,https://www.amazon.com/dp/B09F16LJMS,B09F16LJMS,Isometric Grid Paper: Isometric Grid Paper with Mate Cover ( 8.5x11 Inches > 120 Pages),Jana Pichkur Publishing,Paperback,"Aug 31, 2021",
0,https://www.amazon.com/dp/B09F16L4D6,B09F16L4D6,"Notebook Planner This Girl Is Now 53 Double Digits 53rd Birthday Gift: Planning, Budget, Homeschool,6x9 in , Tax, Goal, Hourly, College, Small Business",Chelsy Santos,Paperback,"Aug 31, 2021",
2,https://www.amazon.com/dp/B09F14TC6J,B09F14TC6J,The Science Behind Wisdom,K.D. Amerson,Kindle,"Aug 31, 2021",
0,https://www.amazon.com/dp/B09F14TBT9,B09F14TBT9,Windmills of the Mind,Kavita Sharma,Kindle,"Aug 31, 2021",
0,https://www.amazon.com/dp/B09F14TB51,B09F14TB51,"Notebook Planner Cute 39th Birthday Gift 39 Years Old Block Building: Planning, Budget, Homeschool,6x9 in , Tax, Goal, Hourly, College, Small Business",Tom Roche,Paperback,"Aug 31, 2021",
0,https://www.amazon.com/dp/B09F14TB4R,B09F14TB4R,"Notebook Planner Cute 86th Birthday Gift 86 Years Old Block Building: Planning, Budget, Homeschool,6x9 in , Tax, Goal, Hourly, College, Small Business",Chelsy Santos,Paperback,"Aug 31, 2021",
0,https://www.amazon.com/dp/B09F14SSMH,B09F14SSMH,"Notebook Planner Best Cat Dad Siamese Ever pretty Retro Cat Peeking quote: Homework,To Do List,Homework,Personal,6x9 in ,PocketPlanner,Money,Journal",Hareem Wilcox,Paperback,"Aug 31, 2021",
0,https://www.amazon.com/dp/B09F14PYB2,B09F14PYB2,"Notebook Planner Cute 47th Birthday Gift 47 Years Old Block Building: Planning, Budget, Homeschool,6x9 in , Tax, Goal, Hourly, College, Small Business",Tom Roche,Paperback,"Aug 31, 2021",
0,https://www.amazon.com/dp/B09F14PY9W,B09F14PY9W,"Notebook Planner Cute 79th Birthday Gift 79 Years Old Block Building: Planning, Budget, Homeschool,6x9 in , Tax, Goal, Hourly, College, Small Business",Chelsy Santos,Paperback,"Aug 31, 2021",
3,https://www.amazon.com/dp/B09FCFNYX4,B09FCFNYX4,Bad Bitch Affirmations Journal,Rachael Moshman,Paperback,"Aug 30, 2021",
5,https://www.amazon.com/dp/B09FCCLQGZ,B09FCCLQGZ,Sober as F*ck - Sobriety & Recovery Coloring Book: Sobriety & Recovery Coloring Book for Adults with Motivational Quotes,Kuyk POD,Paperback,"Aug 30, 2021",
1,https://www.amazon.com/dp/B09FCCMFCG,B09FCCMFCG,The Break-Up: A Journal,Lujuan LuJuan,Hardcover,"Aug 30, 2021",
0,https://www.amazon.com/dp/B09FSCKQS8,B09FSCKQS8,Notebook / Journal: A simple notebook with a delicate floral design on the cover that is duplicated on the interior pages,K Schott,Paperback,"Aug 30, 2021",
0,https://www.amazon.com/dp/B09FSCFBYP,B09FSCFBYP,Sketchbook & Notes For Your Soul: The Perfect Gift For Her,Byrne Wilson,Hardcover,"Aug 30, 2021",
0,https://www.amazon.com/dp/B09FSCDX7G,B09FSCDX7G,"Letters to My Boyfriend Writing Journal: Blank Notebook Journal to Write In. Notebook Keepsafe Gift. Love Letters To My Boyfriend. Floral Design Paper. Lined, 6 x 9",Connie Publishing,Paperback,"Aug 30, 2021",
0,https://www.amazon.com/dp/B09FS127M7,B09FS127M7,GETTING MARRIED AND STAYING MARRIED: SIMPLE GUILDLINES TO A HAPPY RELATIONSHIP AND SUCCESSFUL MARRIAGE. HOW BEST TO AVOID PAINS AND AGONY THAT COMES WITH RELATIONSHIP.,ELIZABETH SWAN,Kindle,"Aug 30, 2021",
0,https://www.amazon.com/dp/B09FRZW8XT,B09FRZW8XT,Forgiveness Journal: The power of letting go of what you cannot forget,Mariam Ernest,Paperback,"Aug 30, 2021",
0,https://www.amazon.com/dp/B09FCKHXK9,B09FCKHXK9,6x9 Daily To Do Tasks Planner Notebook - Cream & Brown Cursive Minimal Simple (50 days),Kae Print,Paperback,"Aug 30, 2021",
0,https://www.amazon.com/dp/B09FCHR886,B09FCHR886,Daily Work and Home Life Planner: Balance Your Life,EZ Peachy Designs,Paperback,"Aug 30, 2021",
0,https://www.amazon.com/dp/B09FCFH9N8,B09FCFH9N8,An Artist's Weekly Planner: 185 page weekly calendar and planner (FOR 14 MONTHS ) and art tips for the fine artist,Howard A. Rose,Paperback,"Aug 30, 2021",
0,https://www.amazon.com/dp/B09FCCMF5Y,B09FCCMF5Y,"Make It Happen: Floral notebook/ Journal / Diary, 110 blank pages 6×9 Matte Finish Cover",Motivational quote Publishing,Paperback,"Aug 30, 2021",
0,https://www.amazon.com/dp/B09FCCLQKP,B09FCCLQKP,"2022-2023 pocket planner: 2 Year Monthly Pocket Planner, Agenda & Organizer with 24 Months Spread View with habit tracker, vision board, goal ... for rose lover|rose design| rose planner",Sally Yates,Paperback,"Aug 30, 2021",
0,https://www.amazon.com/dp/B09FCCLQ74,B09FCCLQ74,"Don't Tell People Your Dreams Show Them: Dream Journal - Notebook And Diary For Recording Dream Interpretations | Perfect Gift For Women, Girls, Men, and Kids",Curve  Media Publishing,Paperback,"Aug 30, 2021",
1,https://www.amazon.com/dp/B09FCCLDZ6,B09FCCLDZ6,The Joy Of The Lord Is My Strength: Journal/Notebook,Lesa Thomas,Paperback,"Aug 30, 2021",
0,https://www.amazon.com/dp/B09FCCLDTZ,B09FCCLDTZ,12 Month Daily Planner Undated: To Do List Daily Task Checklist Planner & Productivity Notebook | Month At A Glance | Large 8x10 Agenda Rose Gold,Space To Grace Press,Paperback,"Aug 30, 2021",
0,https://www.amazon.com/dp/B09FCCLDSS,B09FCCLDSS,Floral Composition Notebook: Floral Art Nouveau Red & Peach Lined Composition Notebook with Margin 6x9”,Divine Designs,Paperback,"Aug 30, 2021",
0,https://www.amazon.com/dp/B09FCCD9S8,B09FCCD9S8,Writing for Hope: A Lined Journal for Christian Women,Designs by Shannon,Paperback,"Aug 30, 2021",
0,https://www.amazon.com/dp/B09FCCD9RG,B09FCCD9RG,"Just a badass bich getting fit: Funny Sweary Cuss Words , fitness tracker , losing weight , Food And Exercise Journal For Women, meals and snacks Tracker",Ali Shref,Paperback,"Aug 30, 2021",
0,https://www.amazon.com/dp/B09FCB46X5,B09FCB46X5,"2022-2024 Three Year Pocket Planner: Three Year Monthly Pocket Planner, 36 Months Calendar Small Size for Purse, Organizer Appointment Agenda with Schedule.",Tarek Organization Published,Paperback,"Aug 30, 2021",
0,https://www.amazon.com/dp/B09FCB46PH,B09FCB46PH,Peace and Serenity Journal,Lonna Wiley,Paperback,"Aug 30, 2021",
0,https://www.amazon.com/dp/B09FC9YPB6,B09FC9YPB6,"2022 Vintage Assisi Italy Weekly Planner: Monthly and Weekly Planner | Vintage Assisi Travel Poster Cover | Jan 1, 2022 to Dec 31, 2022 | Full Year ... | Inspirational Quotes & Pages for Notes",Ron Engeldinger,Paperback,"Jan 1, 2022",
0,https://www.amazon.com/dp/B09FC9YN2T,B09FC9YN2T,Resevation Agenda Hotel: Reservation agenda for hotel establishments | Hotel Reservation Organizer | Guest house reservation register | Room reservation log book.,MyReservation Edition,Paperback,"Aug 30, 2021",
0,https://www.amazon.com/dp/B09FC9Y6KW,B09FC9Y6KW,Composition Notebook For Kids: Wide Ruled Paper Notebook for Girls Boys Kids Teens Students (Lined School Journal) composition book,Daniel ghnima,Paperback,"Aug 30, 2021",
0,https://www.amazon.com/dp/B09FC9HQ5R,B09FC9HQ5R,Resevation Agenda Hotel: Reservation agenda for hotel establishments | Hotel Reservation Organizer | Guest house reservation register | Room reservation log book.,MyReservation Edition,Paperback,"Aug 30, 2021",
0,https://www.amazon.com/dp/B09FCC1869,B09FCC1869,"Notebook Journal Fire Truck 24th Birthday Firefighter 24 Years Old: Meeting, Goals, Work List, Financial,6x9 in , Happy, Goal, Life, Gym, Personal Budget",Jesse Lang,Paperback,"Aug 30, 2021",
0,https://www.amazon.com/dp/B09FC9HPYW,B09FC9HPYW,"Cycling Notebook: Lined Journal, 120 Pages, 6 x 9, Gift Fo Athletes, Family and Food Lovers, Strawberries 2 Fun Letters Matte Finish (Cycling Journal)",A Street Publishing,Paperback,"Aug 30, 2021",
0,https://www.amazon.com/dp/B09FC9DD3Y,B09FC9DD3Y,"Notebook Journal Fire Truck 84th Birthday Firefighter 84 Years Old: Meeting, Goals, Work List, Financial,6x9 in , Happy, Goal, Life, Gym, Personal Budget",Clinton Emery,Paperback,"Aug 30, 2021",
0,https://www.amazon.com/dp/B09FC9DD27,B09FC9DD27,"Notebook Journal Fire Truck 75th Birthday Firefighter 75 Years Old: Meeting, Goals, Work List, Financial,6x9 in , Happy, Goal, Life, Gym, Personal Budget",Clinton Emery,Paperback,"Aug 30, 2021",
0,https://www.amazon.com/dp/B09FC893XK,B09FC893XK,"Notes: Black and Yellow Gold Striped Notebook, 150 pages lined, 6 x 9 inches",Katydid Living,Paperback,"Aug 30, 2021",
0,https://www.amazon.com/dp/B09FC8937K,B09FC8937K,"Gratitude Journal: A 5-minute daily gratitude journal for inculcating the habit of thankfulness,appreciation.",Precious  Asset Creation,Paperback,"Aug 30, 2021",
0,https://www.amazon.com/dp/B09FC8931M,B09FC8931M,Mood Tracker:Track your Mood with Graph Black Background Paper.104 Weeks to Record your Mood.,Spiridibooks,Paperback,"Aug 30, 2021",
1,https://www.amazon.com/dp/B09FC86JW7,B09FC86JW7,"It's Just A Phase Moon Journal, Planner, To-do List",Catrina May Gardner,Paperback,"Aug 30, 2021",
0,https://www.amazon.com/dp/B09FC6G4FJ,B09FC6G4FJ,"Letters to My Future Husband Writing Journal: Blank Notebook Journal to Write In. Future Husband Gift. Love Letters To Future Husband. Floral Design Paper. Lined, 6 x 9",Connie Publishing,Paperback,"Aug 30, 2021",
1,https://www.amazon.com/dp/B09FC6G43B,B09FC6G43B,"Avery's Garden Coloring Book and Creative Grief Journal: Sweet Dreams, Little Bears",Tara Denz,Paperback,"Aug 30, 2021",
0,https://www.amazon.com/dp/B09FC6C2G6,B09FC6C2G6,"guest list wedding planner 2022: Wedding Planner, The Most Valuable Gift for this Great Day, The Perfect Day Planner, Wedding List Book 2022. 120 Pages 6"" x 9"" inches",school activity,Paperback,"Aug 30, 2021",
0,https://www.amazon.com/dp/B09FC6C2DC,B09FC6C2DC,"Password Memoir Notebook: Internet password organizer, Password log notebook, Alphabetical password book",Alphanson  Junior,Paperback,"Aug 30, 2021",
0,https://www.amazon.com/dp/B09FC6C23R,B09FC6C23R,Weekly Meal Planner For Women: Meal Planning Notebook Journal,M Smita,Paperback,"Aug 30, 2021",
0,https://www.amazon.com/dp/B09FC3PVVX,B09FC3PVVX,"Notebook Journal 98th Birthday Race Car Gift I Funny Ninety Eight Two Years Old: Meeting, Goals, Work List, Financial,6x9 in , Happy, Goal, Life, Gym, Personal Budget",Jesse Lang,Paperback,"Aug 30, 2021",
0,https://www.amazon.com/dp/B09FC3PVVC,B09FC3PVVC,"Notebook Journal Fire Truck 25th Birthday Firefighter 25 Years Old: Meeting, Goals, Work List, Financial,6x9 in , Happy, Goal, Life, Gym, Personal Budget",Jesse Lang,Paperback,"Aug 30, 2021",
0,https://www.amazon.com/dp/B09FC1Q81N,B09FC1Q81N,"Notebook Journal Fire Truck 53rd Birthday Firefighter 53 Years Old: Meeting, Goals, Work List, Financial,6x9 in , Happy, Goal, Life, Gym, Personal Budget",Clinton Emery,Paperback,"Aug 30, 2021",
0,https://www.amazon.com/dp/B09FBZ3HXJ,B09FBZ3HXJ,Resevation Agenda Hotel: Reservation agenda for hotel establishments | Hotel Reservation Organizer | Guest house reservation register | Room reservation log book.,MyReservation Edition,Paperback,"Aug 30, 2021",
0,https://www.amazon.com/dp/B09F1N37B2,B09F1N37B2,"Life Is Better With A NOAH Meme Funny Name Family Notebook: Birthday Gifts for Women - Close Friend Gifts for Women - Bridesmaid Gifts for Her - ... for Mom - Sister - Gifts for Female, Homework",Dilara Key,Paperback,"Aug 30, 2021",
0,https://www.amazon.com/dp/B09F1KMTC2,B09F1KMTC2,"Notebook Planner 84th Birthday Boy Monster Truck 84 Years Old Gift: Planning, Budget, Homeschool,6x9 in , Tax, Goal, Hourly, College, Small Business",Tom Roche,Paperback,"Aug 30, 2021",
0,https://www.amazon.com/dp/B09F1KMTBY,B09F1KMTBY,"Notebook Planner 73rd Birthday Boy Monster Truck 73 Years Old Gift: Planning, Budget, Homeschool,6x9 in , Tax, Goal, Hourly, College, Small Business",Tom Roche,Paperback,"Aug 30, 2021",
0,https://www.amazon.com/dp/B09F1KMTBS,B09F1KMTBS,"Notebook Planner 7th Birthday Boy Monster Truck 7 Years Old Gift: Planning, Budget, Homeschool,6x9 in , Tax, Goal, Hourly, College, Small Business",Tom Roche,Paperback,"Aug 30, 2021",
0,https://www.amazon.com/dp/B09F1KMTBQ,B09F1KMTBQ,"Notebook Planner 79th Birthday Boy Monster Truck 79 Years Old Gift: Planning, Budget, Homeschool,6x9 in , Tax, Goal, Hourly, College, Small Business",Tom Roche,Paperback,"Aug 30, 2021",
0,https://www.amazon.com/dp/B09F1KM4PL,B09F1KM4PL,"I Like Beer And Padel And Maybe 3 People Pretty Notebook: Gifts for Women/Best Friend/Mom/Wife/Girlfriend/Boss/Coworker/Nurse/Encouragement Birthday, Menu",Sabina Guthrie,Paperback,"Aug 30, 2021",
2,https://www.amazon.com/dp/B09F1HYVC2,B09F1HYVC2,F.L.Y. Finally Love Yourself: Seven Master Keys Toward Personal Leadership,Fabian De France,Kindle,"Aug 30, 2021",
0,https://www.amazon.com/dp/B09F1HYS2J,B09F1HYS2J,Breaking Limitations: Barrier breakers,LAWRENCE DUKE,Kindle,"Aug 30, 2021",
0,https://www.amazon.com/dp/B09F1G3XWM,B09F1G3XWM,"Life Is Better With Arctic Foxes Gift Saying Notebook: Birthday Gifts for Women - Close Friend Gifts for Women - Bridesmaid Gifts for Her - Graduation ... for Mom - Sister - Gifts for Female, Homework",Dilara Key,Paperback,"Aug 30, 2021",
0,https://www.amazon.com/dp/B09F1FY4LK,B09F1FY4LK,"Notebook Planner Mens Best Golden Retriever Dad Ever Funny Dog Lover Gifts for Men graphic: 6x9 in ,Money,Budget,Do It All,Passion,Small Business,High Performance",Adrianna Roberts,Paperback,"Aug 30, 2021",
0,https://www.amazon.com/dp/B09F1FXSRB,B09F1FXSRB,"Notebook Planner Fun Best Seth Ever Cool Personalized First Name Gift saying: 6x9 in ,Money,Budget,Do It All,Passion,Small Business,High Performance",Adrianna Roberts,Paperback,"Aug 30, 2021",
0,https://www.amazon.com/dp/B09F1FRQBG,B09F1FRQBG,Draw And Write Journal: Draw And Write Journal with Mate Cover ( 8.5x11 Inches > 120 Pages),Jana Pichkur Publishing,Paperback,"Aug 30, 2021",
0,https://www.amazon.com/dp/B09F1FRNFF,B09F1FRNFF,"Notebook Planner 92nd Birthday Boy Monster Truck 92 Years Old Gift: Planning, Budget, Homeschool,6x9 in , Tax, Goal, Hourly, College, Small Business",Tom Roche,Paperback,"Aug 30, 2021",
0,https://www.amazon.com/dp/B09F1FRKY1,B09F1FRKY1,"I like tattoos and Pitbulls and maybe 3 people-dog lovers. Funny Notebook: Gifts for Women/Best Friend/Mom/Wife/Girlfriend/Boss/Coworker/Nurse/Encouragement Birthday, Menu",Phillippa Whittle,Paperback,"Aug 30, 2021",
0,https://www.amazon.com/dp/B09F1FRKXW,B09F1FRKXW,"I Like Motorcycles And Pianos And Maybe 3 People Funny Quote Notebook: Gifts for Women/Best Friend/Mom/Wife/Girlfriend/Boss/Coworker/Nurse/Encouragement Birthday, Menu",Phillippa Whittle,Paperback,"Aug 30, 2021",
0,https://www.amazon.com/dp/B09F1FRKXS,B09F1FRKXS,"I Like Carne Asada Fries And Maybe 3 People Funny BBQ Food Graphic Good Notebook: Gifts for Women/Best Friend/Mom/Wife/Girlfriend/Boss/Coworker/Nurse/Encouragement Birthday, Menu",Samiha Valencia,Paperback,"Aug 30, 2021",
0,https://www.amazon.com/dp/B09F1D2GFW,B09F1D2GFW,"Life Is Better With A Bull Terrier Dog Lover Meme Notebook: Birthday Gifts for Women - Close Friend Gifts for Women - Bridesmaid Gifts for Her - ... for Mom - Sister - Gifts for Female, Homework",Dilara Key,Paperback,"Aug 30, 2021",
0,https://www.amazon.com/dp/B09F1D2GDZ,B09F1D2GDZ,"Life Is Better With A English Bulldog Funny Heart Love Gift Saying Notebook: Birthday Gifts for Women - Close Friend Gifts for Women - Bridesmaid ... for Mom - Sister - Gifts for Female, Homew",Vivek Bateman,Paperback,"Aug 30, 2021",
0,https://www.amazon.com/dp/B09F1D1WL7,B09F1D1WL7,"I Like Coffee My Saint Bernard And Maybe 3 People Quote Notebook: Gifts for Women/Best Friend/Mom/Wife/Girlfriend/Boss/Coworker/Nurse/Encouragement Birthday, Menu",Samiha Valencia,Paperback,"Aug 30, 2021",
0,https://www.amazon.com/dp/B09F1CZRD7,B09F1CZRD7,"Notebook Planner Cute 14th Birthday Gift 14 Years Old Block Building: Planning, Budget, Homeschool,6x9 in , Tax, Goal, Hourly, College, Small Business",Tom Roche,Paperback,"Aug 30, 2021",
0,https://www.amazon.com/dp/B09F1CZQ2R,B09F1CZQ2R,"Life Is Better With Hawks Birds Animal Gift Funny Notebook: Birthday Gifts for Women - Close Friend Gifts for Women - Bridesmaid Gifts for Her - ... for Mom - Sister - Gifts for Female, Homework",Dilara Key,Paperback,"Aug 30, 2021",
0,https://www.amazon.com/dp/B09F1CZQ2B,B09F1CZQ2B,"Cute Life is Better with a Rabbits Saying Love Rabbit Lovers Notebook: Birthday Gifts for Women - Close Friend Gifts for Women - Bridesmaid Gifts for ... for Mom - Sister - Gifts for Female, Homework",Vivek Bateman,Paperback,"Aug 30, 2021",
0,https://www.amazon.com/dp/B09F1CZB9Q,B09F1CZB9Q,"I Like Beluga Whales and Maybe 3 People Funny Whale Gifts Nice Notebook: Gifts for Women/Best Friend/Mom/Wife/Girlfriend/Boss/Coworker/Nurse/Encouragement Birthday, Menu",Phillippa Whittle,Paperback,"Aug 30, 2021",
0,https://www.amazon.com/dp/B09F1CVYPN,B09F1CVYPN,"Zariyah: Unicorn Notebook Personal Name Wide Lined Rule Paper | Notebook The Notebook For Writing Journal or Diary Women & Girls Gift for Birthday, For Student | 162 Pages Size 8.5x11inch",Percy Ramsey,Paperback,"Aug 30, 2021",
0,https://www.amazon.com/dp/B09F1CV6XK,B09F1CV6XK,"Notebook Planner 97th Birthday Boy Monster Truck 97 Years Old Gift: Planning, Budget, Homeschool,6x9 in , Tax, Goal, Hourly, College, Small Business",Tom Roche,Paperback,"Aug 30, 2021",
0,https://www.amazon.com/dp/B09F1BC2RJ,B09F1BC2RJ,"Notebook Planner 88th Birthday Boy Monster Truck 88 Years Old Gift: Planning, Budget, Homeschool,6x9 in , Tax, Goal, Hourly, College, Small Business",Tom Roche,Paperback,"Aug 30, 2021",
0,https://www.amazon.com/dp/B09F1B8595,B09F1B8595,60 Star Inspired Patterns: Coloring Pages for Mindfulness and Meditation,Calmolor,Paperback,"Aug 30, 2021",
0,https://www.amazon.com/dp/B09F1B84HW,B09F1B84HW,"Yara: Unicorn Notebook Personal Name Wide Lined Rule Paper | Notebook The Notebook For Writing Journal or Diary Women & Girls - Gift For Birthday, For Student | 162 Pages Size 8.5x11inch",Cedric Wallace,Paperback,"Aug 30, 2021",
0,https://www.amazon.com/dp/B09F192SCD,B09F192SCD,Small Hexagon Grid Paper Notebook: Small Hexagon Grid Paper Notebook with Mate Cover ( 8.5x11 Inches > 120 Pages),Jana Pichkur Publishing,Paperback,"Aug 30, 2021",
0,https://www.amazon.com/dp/B09F192S78,B09F192S78,"60 Large Print Word scrable for Adults Book one: Large print word scramble puzzle book, adults kids teens seniors,Adults multi themed 8.5x11"" word scramble puzzles",William David Whitmore,Paperback,"Aug 30, 2021",
0,https://www.amazon.com/dp/B09F192NX8,B09F192NX8,"Life Is Better With Bees Beekeeper Honey Bees Design Meme Notebook: Birthday Gifts for Women - Close Friend Gifts for Women - Bridesmaid Gifts for Her ... for Mom - Sister - Gifts for Female, Homework",Dilara Key,Paperback,"Aug 30, 2021",
0,https://www.amazon.com/dp/B09F192NWQ,B09F192NWQ,"Life Is Better With A Dog Saying Dogs Lovers Mom Dad Gift Graphic Notebook: Birthday Gifts for Women - Close Friend Gifts for Women - Bridesmaid Gifts ... for Mom - Sister - Gifts for Female, Homewo",Vivek Bateman,Paperback,"Aug 30, 2021",
0,https://www.amazon.com/dp/B09F18WF32,B09F18WF32,"Kamari: Unicorn Notebook Personal Name Wide Lined Rule Paper | Notebook The Notebook For Writing Journal or Diary Women & Girls Gift for Birthday, For Student | 162 Pages Size 8.5x11inch",Percy Ramsey,Paperback,"Aug 30, 2021",
0,https://www.amazon.com/dp/B09F16Q36Y,B09F16Q36Y,"I like motorcycles and dice and maybe 3 people, Dice funny Family Notebook: Gifts for Women/Best Friend/Mom/Wife/Girlfriend/Boss/Coworker/Nurse/Encouragement Birthday, Menu",Phillippa Whittle,Paperback,"Aug 30, 2021",
0,https://www.amazon.com/dp/B09F16Q36X,B09F16Q36X,"Vintage i like bourbon and my guitar and maybe 3 people Nice Notebook: Gifts for Women/Best Friend/Mom/Wife/Girlfriend/Boss/Coworker/Nurse/Encouragement Birthday, Menu",Samiha Valencia,Paperback,"Aug 30, 2021",
0,https://www.amazon.com/dp/B09F16LZ2T,B09F16LZ2T,Graph Paper Notebook: Graph Paper Notebook with Mate Cover ( 8.5x11 Inches > 120 Pages),Jana Pichkur Publishing,Paperback,"Aug 30, 2021",
0,https://www.amazon.com/dp/B09F16LTX2,B09F16LTX2,"I Like Barracudas And Maybe Like 3 People Funny Lover Gift Quote Notebook: Gifts for Women/Best Friend/Mom/Wife/Girlfriend/Boss/Coworker/Nurse/Encouragement Birthday, Menu",Sabina Guthrie,Paperback,"Aug 30, 2021",
0,https://www.amazon.com/dp/B09F16LTX1,B09F16LTX1,"I Like Soccer And Whiskey And Maybe 3 People Graphic Notebook: Gifts for Women/Best Friend/Mom/Wife/Girlfriend/Boss/Coworker/Nurse/Encouragement Birthday, Menu",Sabina Guthrie,Paperback,"Aug 30, 2021",
0,https://www.amazon.com/dp/B09F16LTWS,B09F16LTWS,"Womens Easily Distracted By Chickens And Coffee And Books Funny Pretty Pretty Notebook: Gifts for Women/Best Friend/Mom/Wife/Girlfriend/Boss/Coworker/Nurse/Encouragement Birthday, Menu",Phillippa Whittle,Paperback,"Aug 30, 2021",
0,https://www.amazon.com/dp/B09F16LJMJ,B09F16LJMJ,Constrution Site Daily Log Book: Constrution Site Daily Log Book with Mate Cover ( 8.5x11 Inches > 105 Pages),Jana Pichkur Publishing,Paperback,"Aug 30, 2021",
0,https://www.amazon.com/dp/B09F16LDK3,B09F16LDK3,"DECISION-MAKING THE SMART WAY: A Guide to Improving your Decision-Making Capacity. Simple Ways to Think Faster and Make Better Decisions Smartly, Intelligently and Effectively",James Hibner,Kindle,"Aug 30, 2021",
0,https://www.amazon.com/dp/B09F16LD9J,B09F16LD9J,"I like Wolves and maybe 3 people funny vintage themed gift Art Notebook: Gifts for Women/Best Friend/Mom/Wife/Girlfriend/Boss/Coworker/Nurse/Encouragement Birthday, Menu",Phillippa Whittle,Paperback,"Aug 30, 2021",
0,https://www.amazon.com/dp/B09F16LD98,B09F16LD98,"I Like Quilting And Maybe 3 People - Funny Notebook: Gifts for Women/Best Friend/Mom/Wife/Girlfriend/Boss/Coworker/Nurse/Encouragement Birthday, Menu",Phillippa Whittle,Paperback,"Aug 30, 2021",
1,https://www.amazon.com/dp/B09F16L4R2,B09F16L4R2,Manifesting Magic: 102 Quotes to Manifest your Best Life,Stephanie Zito,Paperback,"Aug 30, 2021",
0,https://www.amazon.com/dp/B09F14TBZ8,B09F14TBZ8,"Newfoundland Dog Dad Mom - Best Newfoundland Dog Dad Mom Ever Autism Awareness Gifts Nice: Goal, Business,Daily Notepad for Men & Women Lined Paper, Work List, Planning, Gym",Jeanette Collier,Paperback,"Aug 30, 2021",
0,https://www.amazon.com/dp/B09F14T8TH,B09F14T8TH,"Life Is Better With A Guinea Pig Love Guinea Pigs Funny Notebook: Birthday Gifts for Women - Close Friend Gifts for Women - Bridesmaid Gifts for Her - ... for Mom - Sister - Gifts for Female, Homework",Dilara Key,Paperback,"Aug 30, 2021",
0,https://www.amazon.com/dp/B09F14SSRX,B09F14SSRX,"Treasure: Unicorn Notebook Personal Name Wide Lined Rule Paper | Notebook The Notebook For Writing Journal or Diary Women & Girls - Gift For Birthday, For Student | 162 Pages Size 8.5x11inch",Cedric Wallace,Paperback,"Aug 30, 2021",
0,https://www.amazon.com/dp/B09F14SSMP,B09F14SSMP,"Notebook Planner Mens Dad Lives Matter Father's Day Best Dad Ever Father Life pretty: Homework,To Do List,Homework,Personal,6x9 in ,PocketPlanner,Money,Journal",Donnell Rosas,Paperback,"Aug 30, 2021",
0,https://www.amazon.com/dp/B09F14PY9Z,B09F14PY9Z,"Notebook Planner Cute 11th Birthday Gift 11 Years Old Block Building: Planning, Budget, Homeschool,6x9 in , Tax, Goal, Hourly, College, Small Business",Tom Roche,Paperback,"Aug 30, 2021",
0,https://www.amazon.com/dp/B09DN16VN6,B09DN16VN6,"Notebook Journal 36th Birthday Race Car Gift I Funny Thirty Six Two Years Old: Meeting, Goals, Work List, Financial,6x9 in , Happy, Goal, Life, Gym, Personal Budget",Ava Kaiser,Paperback,"Aug 30, 2021",
0,https://www.amazon.com/dp/B09DN16VN5,B09DN16VN5,"Notebook Journal 80th Birthday Race Car Gift I Funny Eighty Two Years Old: Meeting, Goals, Work List, Financial,6x9 in , Happy, Goal, Life, Gym, Personal Budget",Jesse Lang,Paperback,"Aug 30, 2021",
0,https://www.amazon.com/dp/B09DMTZMDZ,B09DMTZMDZ,"Notebook Journal 67th Birthday Race Car Gift I Funny Sixty Seven Two Years Old: Meeting, Goals, Work List, Financial,6x9 in , Happy, Goal, Life, Gym, Personal Budget",Jesse Lang,Paperback,"Aug 30, 2021",
0,https://www.amazon.com/dp/B09DMTZMDX,B09DMTZMDX,"Notebook Journal 63rd Birthday Race Car Gift I Funny Sixty Three Two Years Old: Meeting, Goals, Work List, Financial,6x9 in , Happy, Goal, Life, Gym, Personal Budget",Jesse Lang,Paperback,"Aug 30, 2021",
0,https://www.amazon.com/dp/B09DMR9BW9,B09DMR9BW9,"Notebook Journal UNICORNS ARE BORN IN February Birthday Rainbow Girl Gift: Meeting, Goals, Work List, Financial,6x9 in , Happy, Goal, Life, Gym, Personal Budget",Jesse Lang,Paperback,"Aug 30, 2021",
0,https://www.amazon.com/dp/B09DMR7FH2,B09DMR7FH2,"Notebook Journal Fire Truck 34th Birthday Firefighter 34 Years Old: Meeting, Goals, Work List, Financial,6x9 in , Happy, Goal, Life, Gym, Personal Budget",Jesse Lang,Paperback,"Aug 30, 2021",
0,https://www.amazon.com/dp/B09DMR7FH1,B09DMR7FH1,"Notebook Journal Fire Truck 19th Birthday Firefighter 19 Years Old: Meeting, Goals, Work List, Financial,6x9 in , Happy, Goal, Life, Gym, Personal Budget",Jesse Lang,Paperback,"Aug 30, 2021",
0,https://www.amazon.com/dp/B09DMP8C11,B09DMP8C11,"Notebook Journal 7th Birthday Race Car Gift I Funny Seven Two Years Old: Meeting, Goals, Work List, Financial,6x9 in , Happy, Goal, Life, Gym, Personal Budget",Jesse Lang,Paperback,"Aug 30, 2021",
0,https://www.amazon.com/dp/B09DMP81FQ,B09DMP81FQ,"Notebook Journal 5th Birthday Race Car Gift I Funny Five Two Years Old: Meeting, Goals, Work List, Financial,6x9 in , Happy, Goal, Life, Gym, Personal Budget",Jesse Lang,Paperback,"Aug 30, 2021",
0,https://www.amazon.com/dp/B09FC8934Q,B09FC8934Q,"Intimacy Log Book: Journal For Recording Sex and Love Making, Sex Logbook",Alexis Ali,Paperback,"Aug 29, 2021",
1,https://www.amazon.com/dp/B09DMTNH6Q,B09DMTNH6Q,"How to be Great at Sex: An exploration of the psychology of intimacy, pleasure, and connection",Michelle Livock PhD,Kindle,"Aug 29, 2021",
0,https://www.amazon.com/dp/B09DMP7ZPL,B09DMP7ZPL,Wake Up and Manifest: Get Your Goals Going,High Vibrations By Mel,Paperback,"Aug 29, 2021",
1,https://www.amazon.com/dp/B09HFTJDGT,B09HFTJDGT,Rich Kid Broke Parents [Large Print]: How To Be More Successful Than Your Parents,J. A. Gilsdorf,Kindle,"Aug 29, 2021",
0,https://www.amazon.com/dp/B09FRZXXRD,B09FRZXXRD,Book of Shadows: Journal,Natashia Murray,Paperback,"Aug 29, 2021",
0,https://www.amazon.com/dp/B09FCKHW9F,B09FCKHW9F,Dream Journal: Your dreams and thoughts,Mr. Vision,Paperback,"Aug 29, 2021",
0,https://www.amazon.com/dp/B09FCKC2YS,B09FCKC2YS,"Notebook: Logbook, Journal, Dairy, Composition Notebook For All - 110 Pages, Large Size 8.5""x11"", Lined Pape, Funny Halloween Book Cover, Design #20",JoJo and Jen Publishing,Paperback,"Aug 29, 2021",
0,https://www.amazon.com/dp/B09FCKC2QP,B09FCKC2QP,Happy 55th Birthday Guest Book: Cool Black Style Cover Sign In Book | For 60 Guests | For written Best Wishes and inserted Lovely Photos in Special Day,Cherish Moment Press,Paperback,"Aug 29, 2021",
0,https://www.amazon.com/dp/B09FCKC2HM,B09FCKC2HM,"Composition Notebook: Primary Journal Book, Logbook, Notebook, Blank Book for Kids, Kindergarten Books - 110 Pages, 8.5""x11"", Pretty Cactus Cover Book Design Number #76",Liam Press,Paperback,"Aug 29, 2021",
0,https://www.amazon.com/dp/B09FCHR6ZN,B09FCHR6ZN,2022-2023 TWO YEAR DAILY PLANNER: Two Year Monthly Weekly Daily Planner | Nifty Calendar With Marble Cover | 24 Months January 2022 To December 2023 | ... Agenda Notebook | Large Size 8.5 x 11 in,MFONE Publishing,Paperback,"Aug 29, 2021",
0,https://www.amazon.com/dp/B09FCHR6FD,B09FCHR6FD,"Primary Story Journal: Composition Notebook, Grades K-2 School Exercise Book, Dotted Midline and Picture Space, 110 Story Pages, Organic Patterns, Beauty Christmas Cover Desing No, 40",Oliver and Charlotte Press,Paperback,"Aug 29, 2021",
0,https://www.amazon.com/dp/B09FCHQ9PV,B09FCHQ9PV,"Primary Story Journal: Composition Notebook, Grades K-2 School Exercise Book, Dotted Midline and Picture Space, 110 Story Pages, Organic Patterns, Beauty Christmas Cover Desing No, 18",Oliver and Charlotte Press,Paperback,"Aug 29, 2021",
0,https://www.amazon.com/dp/B09FCHPJVT,B09FCHPJVT,"Notebook: Logbook, Journal, Dairy, Composition Notebook For All - 110 Pages, Large Size 8.5""x11"", Lined Pape, Funny Halloween Book Cover, Design #22",JoJo and Jen Publishing,Paperback,"Aug 29, 2021",
0,https://www.amazon.com/dp/B09FCHPJVG,B09FCHPJVG,"Daily Planner: Vintage Giraffe Illustration, organize your daily goals, to do list, mood and food intake, 8.5 x 11 inch, 3 month planner, animal lover gift",Beyond The Bunting,Paperback,"Aug 29, 2021",
0,https://www.amazon.com/dp/B09FCHPJST,B09FCHPJST,Floral Notebook: Designed by Danú Creative,Byrne Wilson,Paperback,"Aug 29, 2021",
0,https://www.amazon.com/dp/B09FCHPJQ9,B09FCHPJQ9,"2022-2026: Monthly Planner & Calendar for 5 Years (60 months), small pocket size 5x8 inches, ocean blue watercolor cover 3 : for Appointments / Organizers / To Do List / Time management",JANDEC studio,Paperback,"Aug 29, 2021",
0,https://www.amazon.com/dp/B09FCHPJF1,B09FCHPJF1,"You Fucking Got This Notebook: Funny Swearing Gag Gift for Adult's Office or Work at Home Desk. Great for Co-Workers, family and friends.",SMM Publications,Paperback,"Aug 29, 2021",
0,https://www.amazon.com/dp/B09FCHPJDD,B09FCHPJDD,"Composition book 200sheets/400pages 7,5×9,25in: wide Ruled Paper Notebook Journal | for back to school and Home College writing Notes +college Ruled ... Teachers ,Astronomy & Science Lovers.",Ranmi,Paperback,"Aug 29, 2021",
0,https://www.amazon.com/dp/B09FCHPJD6,B09FCHPJD6,"Composition Notebook: Primary Journal Book, Logbook, Notebook, Blank Book for Kids, Kindergarten Books - 110 Pages, 8.5""x11"", Pretty Cactus Cover Book Design Number #13",Liam Press,Paperback,"Aug 29, 2021",
0,https://www.amazon.com/dp/B09FCHDR21,B09FCHDR21,"Notebook: Pumpkin, Fall, Autumn, Ruled Notebook/Journal, 6x9, 120 Pages, Perfect for Writing, Journaling, Poetry | Office, Home & School | Great Gift Idea",Hermosa Publishing,Paperback,"Aug 29, 2021",
0,https://www.amazon.com/dp/B09FCHDQML,B09FCHDQML,"Daily Planner: Blue Butterfly Trio, Organize your daily goals, to do list, mood and food intake, 8.5 x 11 inch, 3 month planner, Vintage Butterflies Illustration",Beyond The Bunting,Paperback,"Aug 29, 2021",
0,https://www.amazon.com/dp/B09FCHDQD5,B09FCHDQD5,"Composition Notebook: Primary Journal Book, Logbook, Notebook, Blank Book for Kids, Kindergarten Books - 110 Pages, 8.5""x11"", Pretty Cactus Cover Book Design Number #72",Liam Press,Paperback,"Aug 29, 2021",
0,https://www.amazon.com/dp/B09FCHDQC1,B09FCHDQC1,"Words Are Spells Journal, 8.5 x 11 Blank Journal, Affirmations Journal",Shaleah Patterson,Paperback,"Aug 29, 2021",
0,https://www.amazon.com/dp/B09FCFP7G1,B09FCFP7G1,"Primary Story Journal: Composition Notebook, Grades K-2 School Exercise Book, Dotted Midline and Picture Space, 110 Story Pages, Organic Patterns, Beauty Christmas Cover Desing No, 80",Oliver and Charlotte Press,Paperback,"Aug 29, 2021",
0,https://www.amazon.com/dp/B09FCFP7FY,B09FCFP7FY,"Primary Story Journal: Composition Notebook, Grades K-2 School Exercise Book, Dotted Midline and Picture Space, 110 Story Pages, Organic Patterns, Beauty Christmas Cover Desing No, 78",Oliver and Charlotte Press,Paperback,"Aug 29, 2021",
0,https://www.amazon.com/dp/B09FCFP7DP,B09FCFP7DP,"Primary Story Journal: Composition Notebook, Grades K-2 School Exercise Book, Dotted Midline and Picture Space, 110 Story Pages, Organic Patterns, Beauty Christmas Cover Desing No, 13",Oliver and Charlotte Press,Paperback,"Aug 29, 2021",
0,https://www.amazon.com/dp/B09FCFH84V,B09FCFH84V,"Notebook: Logbook, Journal, Dairy, Composition Notebook For All - 110 Pages, Large Size 8.5""x11"", Lined Pape, Funny Halloween Book Cover, Design #14",JoJo and Jen Publishing,Paperback,"Aug 29, 2021",
0,https://www.amazon.com/dp/B09FCFH7S3,B09FCFH7S3,Gifts To Cheer Someone Up For Women: Cheer Up Journal | Cheer Up Gifts For Women | Uplifting Gifts For Women | Good Vibes Book | Never Give Up ... Notebook Gifts |Journal For Sad People,Irene Mekia,Paperback,"Aug 29, 2021",
0,https://www.amazon.com/dp/B09FCFH71K,B09FCFH71K,"Graph Composition Notebook: Grid Paper Notebook, Grid Paper for Math and Science Students, Graph Composition Notebook, Quad Ruled 5x5, 110 Pages with ... Colorful Mandala Cover Book Design No #10",TiTi and Juli Press,Paperback,"Aug 29, 2021",
0,https://www.amazon.com/dp/B09FCCLTSZ,B09FCCLTSZ,"Composition Notebook: Wide Ruled Paper Notebook Journal, 110 pages, 8.5""x11"" inch, Notebook for Girls Boys Kids Teens and Students, for Home School ... I Black and white flower background I",Sweet Angel Edition,Paperback,"Aug 29, 2021",
0,https://www.amazon.com/dp/B09FCCLQ39,B09FCCLQ39,Things I Wish I Could Tell Mom: A Journal for Healthy Expressing of Grief or Loss (Therapeutic Writing: A Gift to the One With a Heavy Heart),Abu Idris,Paperback,"Aug 29, 2021",
0,https://www.amazon.com/dp/B09FCCLPZQ,B09FCCLPZQ,"Notebook: Logbook, Journal, Dairy, Composition Notebook For All - 110 Pages, Large Size 8.5""x11"", Lined Pape, Funny Halloween Book Cover, Design #32",JoJo and Jen Publishing,Paperback,"Aug 29, 2021",
1,https://www.amazon.com/dp/B09FCCLPVF,B09FCCLPVF,"Grief Journa;: Grief Recovery Journal Notebook, a Grieving Gift or Remembrance Notebook to remember your husband, wife, child, sibling- your beloved ... or granny, a colleague, or a close friend",Jl Books,Paperback,"Aug 29, 2021",
0,https://www.amazon.com/dp/B09FCCLPV8,B09FCCLPV8,"Notebook: Logbook, Journal, Dairy, Composition Notebook For All - 110 Pages, Large Size 8.5""x11"", Lined Pape, Funny Halloween Book Cover, Design #24",JoJo and Jen Publishing,Paperback,"Aug 29, 2021",
0,https://www.amazon.com/dp/B09FCCLPMS,B09FCCLPMS,Notebook of Joy and Inspiration: Boho Notebook Journal With Positive Affirmations 120 pages,Mandia Books,Paperback,"Aug 29, 2021",
0,https://www.amazon.com/dp/B09FCCLPKX,B09FCCLPKX,"Daily Planner: Black & Yellow Geometric Butterflies, Organize your daily goals, to do list, mood and food intake, 8.5 x 11 inch, 3 month planner, Japanese woodblock print",Beyond The Bunting,Paperback,"Aug 29, 2021",
0,https://www.amazon.com/dp/B09FCCLPFY,B09FCCLPFY,"2022 Weekly & Monthly Planner Lucky Waving Cat: Organizer Diary with Goal Setting and Gratitude Sections, Checklists, Trackers & more",Jean Farrow,Paperback,"Aug 29, 2021",
0,https://www.amazon.com/dp/B09FCCLPFQ,B09FCCLPFQ,"2022 Weekly & Monthly Planner I Love Calico Cats: Organizer Diary with Goal Setting and Gratitude Sections, Checklists, Trackers & more",Jean Farrow,Paperback,"Aug 29, 2021",
0,https://www.amazon.com/dp/B09FCCLPB7,B09FCCLPB7,"Composition Notebook: Primary Journal Book, Logbook, Notebook, Blank Book for Kids, Kindergarten Books - 110 Pages, 8.5""x11"", Pretty Cactus Cover Book Design Number #26",Liam Press,Paperback,"Aug 29, 2021",
0,https://www.amazon.com/dp/B09FCCLDCR,B09FCCLDCR,Inspirational Journal,Walden Jerome Wilson,Paperback,"Aug 29, 2021",
0,https://www.amazon.com/dp/B09FCCLDCB,B09FCCLDCB,"Notebook: Logbook, Journal, Dairy, Composition Notebook For All - 110 Pages, Large Size 8.5""x11"", Lined Pape, Funny Halloween Book Cover, Design #28",JoJo and Jen Publishing,Paperback,"Aug 29, 2021",
0,https://www.amazon.com/dp/B09FCCLD69,B09FCCLD69,"Notebook: Logbook, Journal, Dairy, Composition Notebook For All - 110 Pages, Large Size 8.5""x11"", Lined Pape, Funny Halloween Book Cover, Design #6",JoJo and Jen Publishing,Paperback,"Aug 29, 2021",
0,https://www.amazon.com/dp/B09FCCLCX3,B09FCCLCX3,Unicorn Journal and Notebook for kids: school Supplies Student Teacher Daily Writing Journal,Aisha Publisher,Paperback,"Aug 29, 2021",
0,https://www.amazon.com/dp/B09FCCD91B,B09FCCD91B,Composition Notebook: Amazing Floral and Butterfly Theme With Wide Ruled Composition Notebook Journal Organizer Workbook And Unique Ideas for Notes.,Prime Compositions,Paperback,"Aug 29, 2021",
0,https://www.amazon.com/dp/B09FCCD916,B09FCCD916,My Notebook,H C Adarkar,Paperback,"Aug 29, 2021",
0,https://www.amazon.com/dp/B09FCB46JW,B09FCB46JW,Into The Night Blank Lined Floral Notebook / Dream Journal / Journal / Log,Veronica Boucher,Paperback,"Aug 29, 2021",
0,https://www.amazon.com/dp/B09FCB46H1,B09FCB46H1,"Lavender Hearts For Valentine's Day - Graph Paper Composition Notebook: Unique Notebook 8.5 x 11 - graph paper 5x5 - fun modern designs and pattern for school, work or at home",Cool Stuff Publishing,Paperback,"Aug 29, 2021",
0,https://www.amazon.com/dp/B09FCB465M,B09FCB465M,"Daily Planner: Japanese Floral Tile, Organize your daily goals, to do list, mood and food intake, 8.5 x 11 inch, 3 month planner, woodblock print",Beyond The Bunting,Paperback,"Aug 29, 2021",
0,https://www.amazon.com/dp/B09FCB23SH,B09FCB23SH,GET SHIT DONE JOURNAL: GET SHIT DONE NOTEBOOK,GRACIE LOU INC,Paperback,"Aug 29, 2021",
0,https://www.amazon.com/dp/B09FCB23HC,B09FCB23HC,369 Manifestation Journal: Manifest Your Dreams !,Lily May,Paperback,"Aug 29, 2021",
4,https://www.amazon.com/dp/B09FCB239Z,B09FCB239Z,Manifest That Good Sh*t: Manifesting Journal With Prompts To Manifest Your Dreams: Guided Manifestation Journal And Workbook,Overthinkers Club,Hardcover,"Aug 29, 2021",
0,https://www.amazon.com/dp/B09FCB2319,B09FCB2319,"Composition Notebook: Primary Journal Book, Logbook, Notebook, Blank Book for Kids, Kindergarten Books - 110 Pages, 8.5""x11"", Pretty Cactus Cover Book Design Number #52",Liam Press,Paperback,"Aug 29, 2021",
0,https://www.amazon.com/dp/B09FC9YP4L,B09FC9YP4L,Seize The Day,Rhany Mech,Paperback,"Aug 29, 2021",
0,https://www.amazon.com/dp/B09FC9YNJY,B09FC9YNJY,"Composition Notebook: Primary Journal Book, Logbook, Notebook, Blank Book for Kids, Kindergarten Books - 110 Pages, 8.5""x11"", Pretty Cactus Cover Book Design Number #58",Liam Press,Paperback,"Aug 29, 2021",
0,https://www.amazon.com/dp/B09FC9YNJK,B09FC9YNJK,My Personal Journal for kids,Lyrically Free,Paperback,"Aug 29, 2021",
0,https://www.amazon.com/dp/B09FC9HQQN,B09FC9HQQN,"Fall/Autumn Journal: Lined 6""x9"" Journal for Autumn & Fall",Mia Davis,Paperback,"Aug 29, 2021",
0,https://www.amazon.com/dp/B09FC87HQB,B09FC87HQB,"Graph Composition Notebook: Grid Paper Notebook, Grid Paper for Math and Science Students, Graph Composition Notebook, Quad Ruled 5x5, 110 Pages with ... Colorful Mandala Cover Book Design No #93",TiTi and Juli Press,Paperback,"Aug 29, 2021",
0,https://www.amazon.com/dp/B09FC87HP2,B09FC87HP2,"Primary Story Journal: Composition Notebook, Grades K-2 School Exercise Book, Dotted Midline and Picture Space, 110 Story Pages, Organic Patterns, Beauty Christmas Cover Desing No, 65",Oliver and Charlotte Press,Paperback,"Aug 29, 2021",
0,https://www.amazon.com/dp/B09FC86J9T,B09FC86J9T,Halloween Composition Notebook: Cute Minimal Halloween Pumpkin Composition Notebook,Khalid Parker,Paperback,"Aug 29, 2021",
0,https://www.amazon.com/dp/B09FC86J5F,B09FC86J5F,"My Notebook: Yellow Cover - 6x9 inches, 120 Pages of Lined Paper - Clean, Minimal and Modern - Sleek and Professional Design",Modern Designs,Paperback,"Aug 29, 2021",
0,https://www.amazon.com/dp/B09FC86J5D,B09FC86J5D,"Composition Notebook: Primary Journal Book, Logbook, Notebook, Blank Book for Kids, Kindergarten Books - 110 Pages, 8.5""x11"", Pretty Cactus Cover Book Design Number #98",Liam Press,Paperback,"Aug 29, 2021",
0,https://www.amazon.com/dp/B09FC7XCZ5,B09FC7XCZ5,"Cute Pastel Leaves Pattern - Graph Paper Composition Notebook: Unique Notebook 8.5 x 11 - graph paper 5x5 - fun modern designs and pattern for school, work or at home",Cool Stuff Publishing,Paperback,"Aug 29, 2021",
0,https://www.amazon.com/dp/B09FC7XCY5,B09FC7XCY5,"Everyday Gratitude Journal: Inspirational Notebook With Prompts for Mindfulness, Positivity, and Self Care.",Saudia Porter,Paperback,"Aug 29, 2021",
0,https://www.amazon.com/dp/B09FC6FBSX,B09FC6FBSX,"Composition Notebook: Primary Journal Book, Logbook, Notebook, Blank Book for Kids, Kindergarten Books - 110 Pages, 8.5""x11"", Pretty Cactus Cover Book Design Number #93",Liam Press,Paperback,"Aug 29, 2021",
0,https://www.amazon.com/dp/B09FC6FBS1,B09FC6FBS1,"My Notebook: Pink Cover - 6x9 inches, 120 Pages of Lined Paper - Clean, Minimal and Modern - Sleek and Professional Design",Modern Designs,Paperback,"Aug 29, 2021",
0,https://www.amazon.com/dp/B09FC6FBRP,B09FC6FBRP,"Composition Notebook: Primary Journal Book, Logbook, Notebook, Blank Book for Kids, Kindergarten Books - 110 Pages, 8.5""x11"", Pretty Cactus Cover Book Design Number #24",Liam Press,Paperback,"Aug 29, 2021",
0,https://www.amazon.com/dp/B09FC6FBRK,B09FC6FBRK,"Composition Notebook: Primary Journal Book, Logbook, Notebook, Blank Book for Kids, Kindergarten Books - 110 Pages, 8.5""x11"", Pretty Cactus Cover Book Design Number #7",Liam Press,Paperback,"Aug 29, 2021",
0,https://www.amazon.com/dp/B09FC6FB6G,B09FC6FB6G,"Graph Composition Notebook: Grid Paper Notebook, Grid Paper for Math and Science Students, Graph Composition Notebook, Quad Ruled 5x5, 110 Pages with ... Colorful Mandala Cover Book Design No #70",TiTi and Juli Press,Paperback,"Aug 29, 2021",
0,https://www.amazon.com/dp/B09FC6FB59,B09FC6FB59,"Primary Story Journal: Composition Notebook, Grades K-2 School Exercise Book, Dotted Midline and Picture Space, 110 Story Pages, Organic Patterns, Beauty Christmas Cover Desing No, 69",Oliver and Charlotte Press,Paperback,"Aug 29, 2021",
0,https://www.amazon.com/dp/B09FC6DYND,B09FC6DYND,"Notebook: Logbook, Journal, Dairy, Composition Notebook For All - 110 Pages, Large Size 8.5""x11"", Lined Pape, Funny Halloween Book Cover, Design #5",JoJo and Jen Publishing,Paperback,"Aug 29, 2021",
0,https://www.amazon.com/dp/B09FC3RXPH,B09FC3RXPH,"Notebook: Logbook, Journal, Dairy, Composition Notebook For All - 110 Pages, Large Size 8.5""x11"", Lined Pape, Funny Halloween Book Cover, Design #37",JoJo and Jen Publishing,Paperback,"Aug 29, 2021",
1,https://www.amazon.com/dp/B09FC3RXHJ,B09FC3RXHJ,"21 Guest Book: Elegant Guest Book For 21st Birthday / Wedding Anniversary - For Keep Memory on Special day | For Leave Signatures, Notes, Wishes",Cherish Moment Press,Paperback,"Aug 29, 2021",
1,https://www.amazon.com/dp/B09FC3RXDH,B09FC3RXDH,Happy 21st Birthday Guest Book: Cool Black Style Cover Sign In Book | For 60 Guests | For written Best Wishes and inserted Lovely Photos in Special Day,Cherish Moment Press,Paperback,"Aug 29, 2021",
0,https://www.amazon.com/dp/B09FBZ3HT7,B09FBZ3HT7,"Graph Composition Notebook: Grid Paper Notebook, Grid Paper for Math and Science Students, Graph Composition Notebook, Quad Ruled 5x5, 110 Pages with ... Colorful Mandala Cover Book Design No #83",TiTi and Juli Press,Paperback,"Aug 29, 2021",
0,https://www.amazon.com/dp/B09F1N37B5,B09F1N37B5,"Womens Wine funny gift Life is better with wine and a campfire Good Art Notebook: Birthday Gifts for Women - Close Friend Gifts for Women - Bridesmaid ... Gifts for Mom - Sister - Gifts for Female,",Vivek Bateman,Paperback,"Aug 29, 2021",
0,https://www.amazon.com/dp/B09F1G4292,B09F1G4292,Graph Paper Notebook: Graph Paper Notebook with Mate Cover ( 8.5x11 Inches > 120 Pages),Jana Pichkur Publishing,Paperback,"Aug 29, 2021",
0,https://www.amazon.com/dp/B09F1G4291,B09F1G4291,Dot Grid Paper Notebook: Dot Grid Paper Notebook with Mate Cover ( 8.5x11 Inches > 120 Pages),Jana Pichkur Publishing,Paperback,"Aug 29, 2021",
0,https://www.amazon.com/dp/B09F1G428W,B09F1G428W,Handwriting Practice Paper: Handwriting Practice Paper with Mate Cover ( 8.5x11 Inches > 120 Pages),Jana Pichkur Publishing,Paperback,"Aug 29, 2021",
1,https://www.amazon.com/dp/B09F1G3YT1,B09F1G3YT1,"Life Is An Adventure But Not Everyone Is A Columbus (Elliott Freeman): A Coloring Book To Renew, Refresh & Refuel Yourself",MAKANA CREATIONS,Paperback,"Aug 29, 2021",
0,https://www.amazon.com/dp/B09F1G3YQM,B09F1G3YQM,"Notebook Planner Best Landseer Dog MOM Ever Dog Lovers quote: Homework,To Do List,Homework,Personal,6x9 in ,PocketPlanner,Money,Journal",Miyah Woodard,Paperback,"Aug 29, 2021",
0,https://www.amazon.com/dp/B09F1G3XV9,B09F1G3XV9,"Life is Better With Tacos Saying Taco Lover Gift Graphic Notebook: Birthday Gifts for Women - Close Friend Gifts for Women - Bridesmaid Gifts for Her ... for Mom - Sister - Gifts for Female, Homework",Vivek Bateman,Paperback,"Aug 29, 2021",
0,https://www.amazon.com/dp/B09F1FY5XW,B09F1FY5XW,"Buckin' G - Mens Best Buckin' Great Grandpa Ever Deer Hunting Fathers Day Art: Goal, Business,Daily Notepad for Men & Women Lined Paper, Work List, Planning, Gym",Jeanette Collier,Paperback,"Aug 29, 2021",
0,https://www.amazon.com/dp/B09F1FY557,B09F1FY557,"Notebook Planner 29th Birthday Boy Monster Truck 29 Years Old Gift: Planning, Budget, Homeschool,6x9 in , Tax, Goal, Hourly, College, Small Business",Aminah Senior,Paperback,"Aug 29, 2021",
0,https://www.amazon.com/dp/B09F1FXSR8,B09F1FXSR8,"Notebook Planner Mens Father Sicily - Best Sicilian Dad Ever graphic: Homework,To Do List,Homework,Personal,6x9 in ,PocketPlanner,Money,Journal",Miyah Woodard,Paperback,"Aug 29, 2021",
0,https://www.amazon.com/dp/B09F1FWPQ6,B09F1FWPQ6,"Notebook Planner Womens Best Yorkie Mom Ever Funny Yorkshire Terrier Dog Gifts Women quote good: Homework,To Do List,Homework,Personal,6x9 in ,PocketPlanner,Money,Journal",Miyah Woodard,Paperback,"Aug 29, 2021",
0,https://www.amazon.com/dp/B09F1FWPQ1,B09F1FWPQ1,"Notebook Planner Womens Best Sister Of The Bride Ever saying: Homework,To Do List,Homework,Personal,6x9 in ,PocketPlanner,Money,Journal",Donnell Rosas,Paperback,"Aug 29, 2021",
0,https://www.amazon.com/dp/B09F1FVHKB,B09F1FVHKB,"Vizsla Aunt - Best Vizsla Aunt Ever plaid Christmas Gift Nice: Goal, Business,Daily Notepad for Men & Women Lined Paper, Work List, Planning, Gym",Jeanette Collier,Paperback,"Aug 29, 2021",
0,https://www.amazon.com/dp/B09F1FRP97,B09F1FRP97,"Mastiff Dog Dad - Best English Mastiff Dog Dad Ever Father's Day Art: Goal, Business,Daily Notepad for Men & Women Lined Paper, Work List, Planning, Gym",Jeanette Collier,Paperback,"Aug 29, 2021",
0,https://www.amazon.com/dp/B09F1D2GDY,B09F1D2GDY,"Great Dane Life Is Better With A Great Dane Dog Mom Dad Good Notebook: Birthday Gifts for Women - Close Friend Gifts for Women - Bridesmaid Gifts for ... for Mom - Sister - Gifts for Female, Homework",Vivek Bateman,Paperback,"Aug 29, 2021",
0,https://www.amazon.com/dp/B09F1D21ZH,B09F1D21ZH,TV Series Tracker: TV Series Tracker with Mate Cover ( 6x9 Inches > 120 Pages),Jana Pichkur Publishing,Paperback,"Aug 29, 2021",
0,https://www.amazon.com/dp/B09F1CZRCT,B09F1CZRCT,"Notebook Planner 32nd Birthday Boy Monster Truck 32 Years Old Gift: Planning, Budget, Homeschool,6x9 in , Tax, Goal, Hourly, College, Small Business",Aminah Senior,Paperback,"Aug 29, 2021",
0,https://www.amazon.com/dp/B09F1CZQSZ,B09F1CZQSZ,"Notebook Planner Buckin Fiance: 6x9 in ,Money,Budget,Do It All,Passion,Small Business,High Performance",Kirsten Baker,Paperback,"Aug 29, 2021",
0,https://www.amazon.com/dp/B09F1CZQSS,B09F1CZQSS,"Notebook Planner Mens Dog Vintage Best Samoyed Dad ever quote Fathers day Gifts nice: 6x9 in ,Money,Budget,Do It All,Passion,Small Business,High Performance",Adrianna Roberts,Paperback,"Aug 29, 2021",
0,https://www.amazon.com/dp/B09F1BC2RC,B09F1BC2RC,"Notebook Planner 35th Birthday Boy Monster Truck 35 Years Old Gift: Planning, Budget, Homeschool,6x9 in , Tax, Goal, Hourly, College, Small Business",Aminah Senior,Paperback,"Aug 29, 2021",
0,https://www.amazon.com/dp/B09F1BC26W,B09F1BC26W,"Notebook Planner Best Bowling Mom Ever Funny art: Homework,To Do List,Homework,Personal,6x9 in ,PocketPlanner,Money,Journal",Miyah Woodard,Paperback,"Aug 29, 2021",
0,https://www.amazon.com/dp/B09F1BC26C,B09F1BC26C,"Notebook Planner Best Glamping Mom Ever Funny Women's Camping pretty PREMIUM P: 6x9 in ,Money,Budget,Do It All,Passion,Small Business,High Performance",Kirsten Baker,Paperback,"Aug 29, 2021",
0,https://www.amazon.com/dp/B09F192SCF,B09F192SCF,Warranty Tracker: Warranty Tracker with Mate Cover ( 8.5x11 Inches > 120 Pages),Jana Pichkur Publishing,Paperback,"Aug 29, 2021",
0,https://www.amazon.com/dp/B09F192SC3,B09F192SC3,Makeup Chart: Makeup Chart with Mate Cover ( 8.5x11 Inches > 120 Pages),Jana Pichkur Publishing,Paperback,"Aug 29, 2021",
0,https://www.amazon.com/dp/B09F192QCV,B09F192QCV,"Notebook Planner 23rd Birthday Boy Monster Truck 23 Years Old Gift: Planning, Budget, Homeschool,6x9 in , Tax, Goal, Hourly, College, Small Business",Aminah Senior,Paperback,"Aug 29, 2021",
0,https://www.amazon.com/dp/B09F192QC9,B09F192QC9,"Notebook Planner Kids Rawr I'm 81 81st Birthday Dinosaur Gift: Planning, Budget, Homeschool,6x9 in , Tax, Goal, Hourly, College, Small Business",Aminah Senior,Paperback,"Aug 29, 2021",
0,https://www.amazon.com/dp/B09F192NWK,B09F192NWK,"Life is Better with Gliding Vintage Hang Gliding Nice Notebook: Birthday Gifts for Women - Close Friend Gifts for Women - Bridesmaid Gifts for Her - ... for Mom - Sister - Gifts for Female, Homework",Vivek Bateman,Paperback,"Aug 29, 2021",
0,https://www.amazon.com/dp/B09F18WFR2,B09F18WFR2,"Notebook Planner Mens Best Truckin Papa Ever Big Rig Trucker Father's Day Gift Men nice: 6x9 in ,Money,Budget,Do It All,Passion,Small Business,High Performance",Kirsten Baker,Paperback,"Aug 29, 2021",
0,https://www.amazon.com/dp/B09F16LZ2S,B09F16LZ2S,Constrution Site Daily Log Book: Constrution Site Daily Log Book with Mate Cover ( 8.5x11 Inches > 105 Pages),Jana Pichkur Publishing,Paperback,"Aug 29, 2021",
0,https://www.amazon.com/dp/B09F16LJN1,B09F16LJN1,Warranty Tracker: Warranty Tracker with Mate Cover ( 8.5x11 Inches > 120 Pages),Jana Pichkur Publishing,Paperback,"Aug 29, 2021",
1,https://www.amazon.com/dp/B09F16L2TV,B09F16L2TV,"Life is Better With Michelle, Dating Michelle Saying Notebook: Birthday Gifts for Women - Close Friend Gifts for Women - Bridesmaid Gifts for Her - ... for Mom - Sister - Gifts for Female, Homework",Vivek Bateman,Paperback,"Aug 29, 2021",
1,https://www.amazon.com/dp/B09F14TBZ9,B09F14TBZ9,"Fucking Aunt - Best fucking auntie ever family Saying aunt gifts from niece Graphic: Goal, Business,Daily Notepad for Men & Women Lined Paper, Work List, Planning, Gym",Jeanette Collier,Paperback,"Aug 29, 2021",
0,https://www.amazon.com/dp/B09F14TB45,B09F14TB45,"Notebook Planner Kids Rawr I'm 88 88th Birthday Dinosaur Gift: Planning, Budget, Homeschool,6x9 in , Tax, Goal, Hourly, College, Small Business",Aminah Senior,Paperback,"Aug 29, 2021",
0,https://www.amazon.com/dp/B09DN39DDV,B09DN39DDV,"Notebook Journal 57 Year Old OMG It's My 57th Birthday: Meeting, Goals, Work List, Financial,6x9 in , Happy, Goal, Life, Gym, Personal Budget",Ava Kaiser,Paperback,"Aug 29, 2021",
0,https://www.amazon.com/dp/B09DN32SV9,B09DN32SV9,"Notebook Journal 64 Year Old OMG It's My 64th Birthday: Meeting, Goals, Work List, Financial,6x9 in , Happy, Goal, Life, Gym, Personal Budget",Ava Kaiser,Paperback,"Aug 29, 2021",
0,https://www.amazon.com/dp/B09DN16VN3,B09DN16VN3,"Notebook Journal 10th Birthday Race Car Gift I Funny Ten Two Years Old: Meeting, Goals, Work List, Financial,6x9 in , Happy, Goal, Life, Gym, Personal Budget",Ava Kaiser,Paperback,"Aug 29, 2021",
1,https://www.amazon.com/dp/B09DMTZMZD,B09DMTZMZD,"Wrestle with Destiny: #8 sparks on Attitude, Health & Spirituality, Wealth creation, Balance and many more",Arnab Roy,Kindle,"Aug 29, 2021",
1,https://www.amazon.com/dp/B09DMP7ZWM,B09DMP7ZWM,Life is Art: It Takes a Big Chicken to Weigh 200 Pounds!,Mr.  Isaac Gripka,Kindle,"Aug 29, 2021",
0,https://www.amazon.com/dp/B09FBJPJLF,B09FBJPJLF,"Notebook: Classic Brown Notebook: 8.5""x11"" 150 Pages Notebook, 150 Pages 8.5""x11"" Journal, College Ruled Lined Interior, For Office, For School, For Work, For Personal",Expertise Journals,Paperback,"Aug 28, 2021",
0,https://www.amazon.com/dp/B09F1FSZ66,B09F1FSZ66,"Life Is Better With Bailey Dog Owner Gift Meme Notebook: Birthday Gifts for Women - Close Friend Gifts for Women - Bridesmaid Gifts for Her - ... for Mom - Sister - Gifts for Female, Homework",Kelvin Holcomb,Paperback,"Aug 28, 2021",
0,https://www.amazon.com/dp/B09FCHQ9XY,B09FCHQ9XY,"Letters to my Grandpa In Heaven Journal: A Grief Journal to Write Letters to Grandpa , for young kids, teens & adult children healing from a Grandpa ... Notebook and Journal 110 pages/6 x 9 Inch.",Bellbird-design,Paperback,"Aug 28, 2021",
0,https://www.amazon.com/dp/B09FC9HQC7,B09FC9HQC7,"Aesthetic Composition Notebook: College Ruled, Boho Style with Orange Colors",Bohobono,Paperback,"Aug 28, 2021",
0,https://www.amazon.com/dp/B09FCKC295,B09FCKC295,Journal: Golden Floral Notebook Blank Lined Journal,Writers Kingdom,Paperback,"Aug 28, 2021",
1,https://www.amazon.com/dp/B09FCKC25J,B09FCKC25J,Notebook: Designed by Danú Creative,Byrne Wilson,Paperback,"Aug 28, 2021",
0,https://www.amazon.com/dp/B09FCKC24F,B09FCKC24F,Good Vibrations Journal/Notebook/Diary: Newton's Cradle Balls Combined with Colorful Abstract Art Journal,Queen Sweet High,Paperback,"Aug 28, 2021",
0,https://www.amazon.com/dp/B09FCKC22L,B09FCKC22L,Life and Other Shit,Skye Dreams,Paperback,"Aug 28, 2021",
0,https://www.amazon.com/dp/B09FCHDQ6G,B09FCHDQ6G,Office Worker Notebook: Notebook for everyone that understand the rules of the workplace,Laverne Condappa-Ward,Paperback,"Aug 28, 2021",
0,https://www.amazon.com/dp/B09FCFP7ML,B09FCFP7ML,"Long COVID-19 Symptom Tracking Journal (5.25x8): 5 Weeks of Common Symptom Checklist, Physical and Mental Journal Pages, Inspirational Quotes, Cloud Cover",Wild Herbivore Publications,Paperback,"Aug 28, 2021",
0,https://www.amazon.com/dp/B09FCFP7KF,B09FCFP7KF,2022-2023 Monthly Planner: floral Cover 2 Year Monthly Planner Calendar Schedule Organizer January 2022 to December 2023 (24 Months) With Federal Holidays,floral planners,Paperback,"Aug 28, 2021",
0,https://www.amazon.com/dp/B09FCFLTBD,B09FCFLTBD,"My nightly Dream Journal: Dream Journaling a Nightly Habit, journal of dreams, dreaming journal",Henry Webster,Paperback,"Aug 28, 2021",
0,https://www.amazon.com/dp/B09FCFH77Z,B09FCFH77Z,"Watercolor Art Notebook: The Book has a Watercolor, Abstract Art Cover with 122 White Wide Ruled Notebook Pages, 8.5x11 Inches, Perfect for any use.",MGD Book Press,Paperback,"Aug 28, 2021",
0,https://www.amazon.com/dp/B09FCFH75T,B09FCFH75T,"Letters to my Grandpa In Heaven Journal: A Grief Journal to Write Letters to Grandpa , for young kids, teens & adult children healing from a Grandpa ... Notebook and Journal 110 pages/6 x 9 Inch.",Bellbird-design,Paperback,"Aug 28, 2021",
0,https://www.amazon.com/dp/B09FCFH74L,B09FCFH74L,"Reservation Notebook: Restaurant agenda 365 pages | Table Organizer, Daily Guest Appointment, Schedule Tracker | Restaurant Reservation Book 2022, ... 8.27 inches x 11.69 inches (21 cm x 29.7 cm).",Achou Wagi Edition,Paperback,"Aug 28, 2021",
0,https://www.amazon.com/dp/B09FCFH74D,B09FCFH74D,"Attraction, The Story Of Notebook",Damein Williams,Paperback,"Aug 28, 2021",
0,https://www.amazon.com/dp/B09FCCLCDC,B09FCCLCDC,My Manifesting Journal: Salary Silver Yin Yang,Jaclyn Nicole Johnston,Paperback,"Aug 28, 2021",
0,https://www.amazon.com/dp/B09FCCD7XC,B09FCCD7XC,My reasons to love you Dad: This is why I love you Dad Journal,Merry Press,Paperback,"Aug 28, 2021",
0,https://www.amazon.com/dp/B09FCC1742,B09FCC1742,"Composition book 200sheets/400pages 7,5×9,25in: wide Ruled Paper Notebook Journal | for back to school and Home College writing Notes +college Ruled ... & Science Lovers.",Ranmi,Paperback,"Aug 28, 2021",
0,https://www.amazon.com/dp/B09FC9HQGG,B09FC9HQGG,Ink Design Sketchbook: Large Drawing Book for Tattoo and Henna Artists | Includes Template for Tattoo Details | Decorative Mandala Cover,Sass Mouth Publications,Paperback,"Aug 28, 2021",
0,https://www.amazon.com/dp/B09FC9HQDK,B09FC9HQDK,Office Notebook: For everyone that understand office life,Laverne Condappa-Ward,Paperback,"Aug 28, 2021",
0,https://www.amazon.com/dp/B09FC9HQCX,B09FC9HQCX,My Affirmation Journal: Salary Silver Feather,Jaclyn Nicole Johnston,Paperback,"Aug 28, 2021",
0,https://www.amazon.com/dp/B09FC91R2F,B09FC91R2F,"Start Your Day Diary | Write everyday for more mindfulness, clarity, happiness (pink leaves jacket)",Patty Lee,Paperback,"Aug 28, 2021",
0,https://www.amazon.com/dp/B09FC7YKQZ,B09FC7YKQZ,Downloading the load of crap I just throught of: 100 blank lined personal journal for thoughts and feelings,Ruqaia A,Paperback,"Aug 28, 2021",
0,https://www.amazon.com/dp/B09FC7F16F,B09FC7F16F,"Congratulations Graduate Class Of 2023 Guest Book: Graduation Sign In Keepsake For High Schools and College Party , Graduation Parties Guest Book for Memories , Advice , Gift Log And Message Wishes",Graduate Class,Paperback,"Aug 28, 2021",
0,https://www.amazon.com/dp/B09FC7F156,B09FC7F156,"Handwriting Practice Paper For Kids: My First Preschool Writing Skills Blank ABC Print Workbook with Dotted Lined 1st, 2nd, 3rd, 4th Grade",Kdhanpen Publishing,Paperback,"Aug 28, 2021",
0,https://www.amazon.com/dp/B09FC6FFM2,B09FC6FFM2,Calming Coloring Book For Women: Don't Let Your Heart Be Troubled: Powerful Religious Quotes With Beautiful Geometric Patterns To Color,Applepie and Pickles Accessories,Paperback,"Aug 28, 2021",
0,https://www.amazon.com/dp/B09FC6FBSJ,B09FC6FBSJ,Anxiety Journal with prompts!,Paulette LeRoy,Paperback,"Aug 28, 2021",
0,https://www.amazon.com/dp/B09FC6FBLJ,B09FC6FBLJ,Weekly Planner and Reflective Journal,Paul Jones,Paperback,"Aug 28, 2021",
0,https://www.amazon.com/dp/B09FC6FBJ4,B09FC6FBJ4,Simple Pleasures: A Journal For Experiences: Melancholy Light Purple Cover,Jennifer L Eggerton,Paperback,"Aug 28, 2021",
0,https://www.amazon.com/dp/B09FC6FBBS,B09FC6FBBS,Waiting For Christmas: Prayer Journal,Juliet Hamilton,Paperback,"Aug 28, 2021",
0,https://www.amazon.com/dp/B09FC6DY1Q,B09FC6DY1Q,Cursive Handwriting Practice Workbook: Cursive Handwriting Practice Paper Workbook for Kids of All Ages,Indigo Publishing,Paperback,"Aug 28, 2021",
0,https://www.amazon.com/dp/B09FC5982M,B09FC5982M,"A Woman On Purpose Is Kind Of A Big Deal: Journal, Planner, Diary, Notebook - 200 Pages, 6 x 9 inches, White Paper, Matte Finished Soft Cover",On Purpose Marketplace,Paperback,"Aug 28, 2021",
0,https://www.amazon.com/dp/B09FC5982B,B09FC5982B,"A Woman On Purpose Is Kind Of A Big Deal: Journal, Planner, Diary, Notebook - 200 Pages, 6 x 9 inches, White Paper, Matte Finished Soft Cover",On Purpose Marketplace,Paperback,"Aug 28, 2021",
0,https://www.amazon.com/dp/B09FC3PVQ9,B09FC3PVQ9,"SOCIAL MEDIA PLANNER: TIE DYE ONE YEAR SOCIAL MEDIA JOURNAL, SOCIAL MEDIA DIARY, SOCIAL MEDIA JOURNAL, INFLUENCER JOURNAL",BURN BOOKS,Paperback,"Aug 28, 2021",
0,https://www.amazon.com/dp/B09FC3PVNS,B09FC3PVNS,"Composition Notebook: Marble Notebook, Classic Black Marble, wide ruled 100 Sheets, to School or Journaling, 1-Pack",M P,Paperback,"Aug 28, 2021",
0,https://www.amazon.com/dp/B09FC3P5BL,B09FC3P5BL,Gratitude Journal,SM McLaughlin,Paperback,"Aug 28, 2021",
0,https://www.amazon.com/dp/B09FC1Q8KV,B09FC1Q8KV,Plants and Flowers Themed Notebook,Farah Koa,Paperback,"Aug 28, 2021",
0,https://www.amazon.com/dp/B09FC1Q8BF,B09FC1Q8BF,"Love: A Cute Blank Lined Notebook ,8.5” x 11”,100 Pages",Mihrii,Paperback,"Aug 28, 2021",
1,https://www.amazon.com/dp/B09FBYQ1NT,B09FBYQ1NT,"QUEEN: 2022-2026 Monthly Planner/ Black Girl 60 Month Calendar with Contact lists, Holidays, Goals, To-Do lists and Notes pages.",LBS Publishing,Paperback,"Aug 28, 2021",
0,https://www.amazon.com/dp/B09FBYQ1KL,B09FBYQ1KL,Inspirational Journal For Women With Prompts: Daily Positive Thoughts And Affirmations Journal - Daily Journal For Women With Prompts To Write In With ... - Perfect Gifts for Christmas & Birthdays,J K Ashlie,Paperback,"Aug 28, 2021",
0,https://www.amazon.com/dp/B09FBWTSFW,B09FBWTSFW,Notebook: White 8.5x11 200 page Lined Journal,Custom Mys Notes,Paperback,"Aug 28, 2021",
0,https://www.amazon.com/dp/B09FBQ6ZLR,B09FBQ6ZLR,My Witchy Goals: Witchy Stunning Goal Planner - Guided way to write your goals - Witchy Gift,Jaded Kaos,Paperback,"Aug 28, 2021",
0,https://www.amazon.com/dp/B09FBNNK27,B09FBNNK27,Planner Teacher Edition: Flexible Teacher Lesson Planning Book with Grades and Notes - It's Usable for Any Year । Flower Art Cover,Random Planner,Paperback,"Aug 28, 2021",
0,https://www.amazon.com/dp/B09FBNNK1P,B09FBNNK1P,"Journal Notebook: Purple Daisy Theme 150 Pages 7.5"" x 9.25"": College Ruled Paper",Lena C. Spencer,Paperback,"Aug 28, 2021",
0,https://www.amazon.com/dp/B09FBN8FJY,B09FBN8FJY,"Therapy Notes: Keep Track of Your Thoughts Before, During, and After Therapy Sessions",Rachael Moshman,Paperback,"Aug 28, 2021",
0,https://www.amazon.com/dp/B09FBLLCZS,B09FBLLCZS,Notebook: Cute and Affirmation and Empowering Notebook Blank Lined Journal,RoSa Designs,Paperback,"Aug 28, 2021",
1,https://www.amazon.com/dp/B09FBJPJN9,B09FBJPJN9,Make It Happen: Abstract Pink Purple and Blue Notebook Blank Lined Journal,Alana Jay,Hardcover,"Aug 28, 2021",
0,https://www.amazon.com/dp/B09F1N378V,B09F1N378V,Womens Life is better with Chihuahua Family Gift for Dog Lover Graphic Pretty Notebook: Birthday Gifts for Women - Close Friend Gifts for Women - ... You Gifts for Mom - Sister - Gifts for Fe,Kelvin Holcomb,Paperback,"Aug 28, 2021",
0,https://www.amazon.com/dp/B09F1KPBLV,B09F1KPBLV,"Darling Do Your MOM a Favor...Take Notes! Keep Your Thoughts In a Safe Place: Nice Journal (Diary, Notebook) with a starry night sky and a lot of ... Back-To-School gift for your beloved ones.",H.Jonas Design,Paperback,"Aug 28, 2021",
0,https://www.amazon.com/dp/B09F1KM5ND,B09F1KM5ND,"Life Is Better With Wine Cats And Books Funny Cat Lover Gift Saying Notebook: Birthday Gifts for Women - Close Friend Gifts for Women - Bridesmaid ... for Mom - Sister - Gifts for Female, Home",Aden Wickens,Paperback,"Aug 28, 2021",
0,https://www.amazon.com/dp/B09F1KM5N1,B09F1KM5N1,"Life Is Better With Cats Multi-Color Cute Kitten Cat Meme Graphic Notebook: Birthday Gifts for Women - Close Friend Gifts for Women - Bridesmaid Gifts ... for Mom - Sister - Gifts for Female, Homewo",Kelvin Holcomb,Paperback,"Aug 28, 2021",
0,https://www.amazon.com/dp/B09F1KM4P6,B09F1KM4P6,"Funny I Like Snowy Owls And Maybe 3 People Quote Notebook: Gifts for Women/Best Friend/Mom/Wife/Girlfriend/Boss/Coworker/Nurse/Encouragement Birthday, Menu",Samiha Valencia,Paperback,"Aug 28, 2021",
0,https://www.amazon.com/dp/B09F1KM4NZ,B09F1KM4NZ,"I'M A SIMPLE WOMAN I LIKE WEIGHT LIFTING AND MAYBE 3 PEOPLE Notebook: Gifts for Women/Best Friend/Mom/Wife/Girlfriend/Boss/Coworker/Nurse/Encouragement Birthday, Menu",Daphne Mayo,Paperback,"Aug 28, 2021",
0,https://www.amazon.com/dp/B09F1J2QYM,B09F1J2QYM,Sky Hearts Daily Goal Journal: Six months daily journal with fitness tracking Jan - Jun,Melnificent Eleven,Paperback,"Aug 28, 2021",
0,https://www.amazon.com/dp/B09F1G3YQG,B09F1G3YQG,"Notebook Planner Womens Best Freakin MUM ever Mother Day Gift saying: 6x9 in ,Money,Budget,Do It All,Passion,Small Business,High Performance",Kirsten Baker,Paperback,"Aug 28, 2021",
0,https://www.amazon.com/dp/B09F1G2NT2,B09F1G2NT2,Composition Notebook: Motorcycle red | writing record journal for note | wided ruled lined paper,manny ros,Paperback,"Aug 28, 2021",
0,https://www.amazon.com/dp/B09F1FXSR6,B09F1FXSR6,"Notebook Planner Best Volleyball Player Ever Funny Hitter Setter graphic: Homework,To Do List,Homework,Personal,6x9 in ,PocketPlanner,Money,Journal",Miyah Woodard,Paperback,"Aug 28, 2021",
0,https://www.amazon.com/dp/B09F1FXSQX,B09F1FXSQX,"Notebook Planner Grandmasaurus Rex Best Grandma Saurus Ever Dinosaur pretty: 6x9 in ,Money,Budget,Do It All,Passion,Small Business,High Performance",Kirsten Baker,Paperback,"Aug 28, 2021",
0,https://www.amazon.com/dp/B09F1FWPPP,B09F1FWPPP,"Notebook Planner Best Pontoon Captain Ever Pontoon Boat Party graphic: 6x9 in ,Money,Budget,Do It All,Passion,Small Business,High Performance",Kirsten Baker,Paperback,"Aug 28, 2021",
0,https://www.amazon.com/dp/B09F1FSZ5Z,B09F1FSZ5Z,"Life Is Better With A Jack Crevalle Funny Fish Family Notebook: Birthday Gifts for Women - Close Friend Gifts for Women - Bridesmaid Gifts for Her - ... for Mom - Sister - Gifts for Female, Homework",Aden Wickens,Paperback,"Aug 28, 2021",
0,https://www.amazon.com/dp/B09F1FSZ5T,B09F1FSZ5T,"Life Is Better With A KEN Graphic Funny Name Nice Notebook: Birthday Gifts for Women - Close Friend Gifts for Women - Bridesmaid Gifts for Her - ... for Mom - Sister - Gifts for Female, Homework",Aden Wickens,Paperback,"Aug 28, 2021",
0,https://www.amazon.com/dp/B09F1FRKXY,B09F1FRKXY,"I Like Beer and Disc Golf and Maybe 3 People Funny Gift Family Notebook: Gifts for Women/Best Friend/Mom/Wife/Girlfriend/Boss/Coworker/Nurse/Encouragement Birthday, Menu",Samiha Valencia,Paperback,"Aug 28, 2021",
0,https://www.amazon.com/dp/B09F1FRKXR,B09F1FRKXR,"I Like Skydiving and Maybe 3 People - Gifts for Skydivers SweaGood Notebook: Gifts for Women/Best Friend/Mom/Wife/Girlfriend/Boss/Coworker/Nurse/Encouragement Birthday, Menu",Daphne Mayo,Paperback,"Aug 28, 2021",
0,https://www.amazon.com/dp/B09F1D2GDJ,B09F1D2GDJ,"Life Is Better With Boba - Bubble Tea Cute Gift Quote Notebook: Birthday Gifts for Women - Close Friend Gifts for Women - Bridesmaid Gifts for Her - ... for Mom - Sister - Gifts for Female, Homework",Aden Wickens,Paperback,"Aug 28, 2021",
0,https://www.amazon.com/dp/B09F1D1WL6,B09F1D1WL6,"I like Tractors And Cows And Maybe 3 People Gift Idea Farmer Meme Notebook: Gifts for Women/Best Friend/Mom/Wife/Girlfriend/Boss/Coworker/Nurse/Encouragement Birthday, Menu",Samiha Valencia,Paperback,"Aug 28, 2021",
0,https://www.amazon.com/dp/B09F1CZRBK,B09F1CZRBK,"Notebook Planner Kids Rawr I'm 56 56th Birthday Dinosaur Gift: Planning, Budget, Homeschool,6x9 in , Tax, Goal, Hourly, College, Small Business",Alby Oconnor,Paperback,"Aug 28, 2021",
0,https://www.amazon.com/dp/B09F1CZB9C,B09F1CZB9C,"I Like Fishing And Guitars And Maybe 3 People Lover Good Notebook: Gifts for Women/Best Friend/Mom/Wife/Girlfriend/Boss/Coworker/Nurse/Encouragement Birthday, Menu",Daphne Mayo,Paperback,"Aug 28, 2021",
0,https://www.amazon.com/dp/B09F1CV6CX,B09F1CV6CX,"Notebook Planner Best Effin Salesman Ever nice: Homework,To Do List,Homework,Personal,6x9 in ,PocketPlanner,Money,Journal",Miyah Woodard,Paperback,"Aug 28, 2021",
0,https://www.amazon.com/dp/B09F1CTCR7,B09F1CTCR7,"Zora: Unicorn Notebook Personal Name Wide Lined Rule Paper | Notebook The Notebook For Writing Journal or Diary Women & Girls Gift for Birthday, For Student | 162 Pages Size 8.5x11inch",Bobby Simpson,Paperback,"Aug 28, 2021",
0,https://www.amazon.com/dp/B09F1BC271,B09F1BC271,"Notebook Planner Best Portuguese Water Dog Uncle Ever quote: Homework,To Do List,Homework,Personal,6x9 in ,PocketPlanner,Money,Journal",Miyah Woodard,Paperback,"Aug 28, 2021",
0,https://www.amazon.com/dp/B09F1BC26T,B09F1BC26T,"Notebook Planner Vintage Best Buckin' Mom Ever pretty Deer Hunters Gift Retro saying: Homework,To Do List,Homework,Personal,6x9 in ,PocketPlanner,Money,Journal",Miyah Woodard,Paperback,"Aug 28, 2021",
0,https://www.amazon.com/dp/B09F1BC26H,B09F1BC26H,"Notebook Planner Womens Best Adele Ever Retro Vintage First Name Gift nice: Homework,To Do List,Homework,Personal,6x9 in ,PocketPlanner,Money,Journal",Miyah Woodard,Paperback,"Aug 28, 2021",
0,https://www.amazon.com/dp/B09F1BC26D,B09F1BC26D,"Notebook Planner Best puppa ever funny: 6x9 in ,Money,Budget,Do It All,Passion,Small Business,High Performance",Kirsten Baker,Paperback,"Aug 28, 2021",
0,https://www.amazon.com/dp/B09F1BC264,B09F1BC264,"Notebook Planner Best Hubby ever US flag meme: 6x9 in ,Money,Budget,Do It All,Passion,Small Business,High Performance",Kirsten Baker,Paperback,"Aug 28, 2021",
0,https://www.amazon.com/dp/B09F1BB4GV,B09F1BB4GV,"I Like Barre And Maybe Like 3 People Good Notebook: Gifts for Women/Best Friend/Mom/Wife/Girlfriend/Boss/Coworker/Nurse/Encouragement Birthday, Menu",Samiha Valencia,Paperback,"Aug 28, 2021",
0,https://www.amazon.com/dp/B09F1BB4GQ,B09F1BB4GQ,"I Like Beer And Bowling And Maybe 3 People Vintage Art Notebook: Gifts for Women/Best Friend/Mom/Wife/Girlfriend/Boss/Coworker/Nurse/Encouragement Birthday, Menu",Taylan Mcdowell,Paperback,"Aug 28, 2021",
0,https://www.amazon.com/dp/B09F18WG94,B09F18WG94,"Notebook Planner Kids Rawr I'm 13 13th Birthday Dinosaur Gift: Planning, Budget, Homeschool,6x9 in , Tax, Goal, Hourly, College, Small Business",Alby Oconnor,Paperback,"Aug 28, 2021",
0,https://www.amazon.com/dp/B09F18WFSC,B09F18WFSC,"Notebook Planner Vintage American Flag Best Ping Pong Dad Ever Table Tennis nice: 6x9 in ,Money,Budget,Do It All,Passion,Small Business,High Performance",Kirsten Baker,Paperback,"Aug 28, 2021",
0,https://www.amazon.com/dp/B09F18WFS5,B09F18WFS5,"Notebook Planner Best Buckin Gramps Ever - Deer Hunting Grandpa Sweasaying: Homework,To Do List,Homework,Personal,6x9 in ,PocketPlanner,Money,Journal",Miyah Woodard,Paperback,"Aug 28, 2021",
0,https://www.amazon.com/dp/B09F16LTWJ,B09F16LTWJ,"I Like Dogs And Roller Skating And Maybe 3 People Pretty Notebook: Gifts for Women/Best Friend/Mom/Wife/Girlfriend/Boss/Coworker/Nurse/Encouragement Birthday, Menu",Daphne Mayo,Paperback,"Aug 28, 2021",
0,https://www.amazon.com/dp/B09F16LTWH,B09F16LTWH,"Funny I Like Dogues de Bordeaux Dogs And Maybe 3 People Quote Notebook: Gifts for Women/Best Friend/Mom/Wife/Girlfriend/Boss/Coworker/Nurse/Encouragement Birthday, Menu",Taylan Mcdowell,Paperback,"Aug 28, 2021",
0,https://www.amazon.com/dp/B09F16LJMT,B09F16LJMT,Insurance Tracker: Insurance Tracker with Mate Cover ( 8.5x11 Inches > 120 Pages),Jana Pichkur Publishing,Paperback,"Aug 28, 2021",
0,https://www.amazon.com/dp/B09F16LD97,B09F16LD97,"Funny I Like Smallmouth Bass Fish And Maybe 3 People Quote Notebook: Gifts for Women/Best Friend/Mom/Wife/Girlfriend/Boss/Coworker/Nurse/Encouragement Birthday, Menu",Daphne Mayo,Paperback,"Aug 28, 2021",
0,https://www.amazon.com/dp/B09F16LD8N,B09F16LD8N,"ParroFunny I Like My Goffin's Cockatoo And Maybe 3 People Nice Notebook: Gifts for Women/Best Friend/Mom/Wife/Girlfriend/Boss/Coworker/Nurse/Encouragement Birthday, Menu",Taylan Mcdowell,Paperback,"Aug 28, 2021",
1,https://www.amazon.com/dp/B09F166FVV,B09F166FVV,"Dessert Coloring Book: Love at first bite: A coloring book with full page images of best desserts like donuts, ice creams, cakes, sweets for adults for relaxation",Moorish Blue Press,Paperback,"Aug 28, 2021",
0,https://www.amazon.com/dp/B09F14T8S5,B09F14T8S5,"Life Is Better With A Jellyfish Lover Gift Christmas Graphic Notebook: Birthday Gifts for Women - Close Friend Gifts for Women - Bridesmaid Gifts for ... for Mom - Sister - Gifts for Female, Homework",Aden Wickens,Paperback,"Aug 28, 2021",
0,https://www.amazon.com/dp/B09F14SSLX,B09F14SSLX,"Notebook Planner Best Gay Fisherman Ever Gay Gender Equality Funny Fishing quote: Homework,To Do List,Homework,Personal,6x9 in ,PocketPlanner,Money,Journal",Miyah Woodard,Paperback,"Aug 28, 2021",
0,https://www.amazon.com/dp/B09DN166M4,B09DN166M4,"THE MOM 'N POPS WISDOM GUIDE TO SURVIVAL, BOOK 1: Storms are Coming, PREPARE!!: Small Things You Can Do To Prepare For Unexpected Crisis (The MOM 'N POPS WISDOM GUIDE TO SURVIVAL, THE SERIES)",Nichelle Williams Isiah,Paperback,"Aug 28, 2021",
3,https://www.amazon.com/dp/B09F1G1K86,B09F1G1K86,Catholic Planner: 18-Month Planner For Women | 18 Months Academic Calendar Planner July to December Schedule with Bible Verses | Catholic Planner | ... Floral Design | Large Print 8.5 x 11 inches,Joy Creative Publishing,Paperback,"Aug 27, 2021",
0,https://www.amazon.com/dp/B09F1FWPPH,B09F1FWPPH,"Notebook Planner Best Effin Accountant Ever graphic: 6x9 in ,Money,Budget,Do It All,Passion,Small Business,High Performance",Caris Wilson,Paperback,"Aug 27, 2021",
0,https://www.amazon.com/dp/B09F1G1K85,B09F1G1K85,Believe In Yourself: 4-Year Monthly Planner For Women | 48-Monthly Calendar Schedule with Inspirational Quotes | Black And Gold Floral Design | Large Print 8.5 x 11 inches,Joy Creative Publishing,Hardcover,"Aug 27, 2021",
5,https://www.amazon.com/dp/B0GBJWVP5N,B0GBJWVP5N,An Almost Tolerable Person,Robert Kugler,Kindle,"Aug 27, 2021",
0,https://www.amazon.com/dp/B09HF2BHQP,B09HF2BHQP,"Summer Sunshine - 2022 Weekly Planner: Monthly and Weekly Planner | Vintage Great Barrier Reef Travel Poster Cover | Jan 1, 2022 to Dec 31, 2022 | ... | Inspirational Quotes & Pages for Notes",Ron Engeldinger,Paperback,"Jan 1, 2022",
0,https://www.amazon.com/dp/B09FS2ZZ29,B09FS2ZZ29,"Bullet Journal, Notebook- Buzzing with Life: Efecto de Collage Contemporáneo",Design Studios,Paperback,"Aug 27, 2021",
0,https://www.amazon.com/dp/B09FS2TM3G,B09FS2TM3G,"2022 Weekly Planner - Vintage Australia: Monthly and Weekly Planner | Vintage South Queensland Australia Travel Poster Cover | Jan 1, 2022 to Dec 31, ... | Inspirational Quotes & Pages for Notes",Ron Engeldinger,Paperback,"Jan 1, 2022",
0,https://www.amazon.com/dp/B09FCCD7R2,B09FCCD7R2,"I Love Cycling Notebook: Lined Journal, 120 Pages, 6 x 9, Gift Fo Athletes, Family and Food Lovers, Fruit 1 Fun Letters Matte Finish (Cycling Journal)",A Street Publishing,Paperback,"Aug 27, 2021",
0,https://www.amazon.com/dp/B09FC9YV6K,B09FC9YV6K,"2022 Vintage Australia Weekly Planner: Monthly and Weekly Planner | Vintage Australia Travel Poster Cover | Jan 1, 2022 to Dec 31, 2022 | Full Year ... | Inspirational Quotes & Pages for Notes",Ron Engeldinger,Paperback,"Jan 1, 2022",
0,https://www.amazon.com/dp/B09F8TD3KK,B09F8TD3KK,Dream Journal: A Daily Lined Notebook for Keeping Track of and Reflecting on Your Dreams,Rafferty Publishing,Paperback,"Aug 27, 2021",
0,https://www.amazon.com/dp/B09F8TD3GJ,B09F8TD3GJ,"Notebook: Black Floral, Ruled Notebook/Journal, 6x9, 120 Pages, Perfect for Writing, Journaling, Poetry | Office, Home & School | Great Gift Idea",Hermosa Publishing,Paperback,"Aug 27, 2021",
0,https://www.amazon.com/dp/B09F8TD3BC,B09F8TD3BC,Head Space Journal: What Kind of Space Am I in Today?,Jermanie Jones,Paperback,"Aug 27, 2021",
0,https://www.amazon.com/dp/B09F8TD33Y,B09F8TD33Y,"Sun and Moon Journal | Fun and Cute Journal | Ruled Lines with Paperback | For Home, School, Business, Writing",Lynnette Fong,Paperback,"Aug 27, 2021",
0,https://www.amazon.com/dp/B09F1KMT2H,B09F1KMT2H,"Notebook Planner Vintage Dude The Man Myth Legend 60 Yrs 60th Birthday: Planning, Budget, Homeschool,6x9 in , Tax, Goal, Hourly, College, Small Business",Zander Hassan,Paperback,"Aug 27, 2021",
0,https://www.amazon.com/dp/B09F1KM5MX,B09F1KM5MX,"Life Is Better With Labradoodle Pretty Notebook: Birthday Gifts for Women - Close Friend Gifts for Women - Bridesmaid Gifts for Her - Graduation Gifts ... for Mom - Sister - Gifts for Female, Homework",Kairon Peralta,Paperback,"Aug 27, 2021",
0,https://www.amazon.com/dp/B09F1KM4P2,B09F1KM4P2,"I Like Lifting Weights and Maybe 3 People Funny Introvert Saying Notebook: Gifts for Women/Best Friend/Mom/Wife/Girlfriend/Boss/Coworker/Nurse/Encouragement Birthday, Menu",Taylan Mcdowell,Paperback,"Aug 27, 2021",
0,https://www.amazon.com/dp/B09F1KM4NQ,B09F1KM4NQ,"I Like Coffee My Beagle And Maybe 3 People Beagle Dog Coffee Good Notebook: Gifts for Women/Best Friend/Mom/Wife/Girlfriend/Boss/Coworker/Nurse/Encouragement Birthday, Menu",Rees Mccray,Paperback,"Aug 27, 2021",
0,https://www.amazon.com/dp/B09F1J2QSN,B09F1J2QSN,When I've Gone: A Journal of everything you'll need to know when I'm dead,She'Mozelle Clark,Paperback,"Aug 27, 2021",
0,https://www.amazon.com/dp/B09F1J2QSC,B09F1J2QSC,Notebook: Treat yourself,JP Publishing,Paperback,"Aug 27, 2021",
0,https://www.amazon.com/dp/B09F1J2QQP,B09F1J2QQP,I'm Worth It! Daily Self-worth Practice,Rachael Moshman,Paperback,"Aug 27, 2021",
0,https://www.amazon.com/dp/B09F1J2QMY,B09F1J2QMY,"Notes: Medical Themed Notebook, Anatomy Themed Gifts, Medical Student Gift, Nursing Gift, Nursing Student Gift, Doctors Gift",Haley Foster,Paperback,"Aug 27, 2021",
0,https://www.amazon.com/dp/B09F1J2QM7,B09F1J2QM7,FANCY WRITING PADS,RUPAK ROY CHOWDHURY,Paperback,"Aug 27, 2021",
0,https://www.amazon.com/dp/B09F1J2QKV,B09F1J2QKV,Composition Notebook: Halloween day | Wide ruled lined paper journal | suitable for writing can use both pen and pencil,manny ros,Paperback,"Aug 27, 2021",
0,https://www.amazon.com/dp/B09F1J2QBR,B09F1J2QBR,Since You're Gone Grief Journal,Andrew Murray,Paperback,"Aug 27, 2021",
0,https://www.amazon.com/dp/B09F1J2Q3K,B09F1J2Q3K,"Warning! Woman On Purpose: Journal, Planner, Diary, Notebook - 200 Pages, 6 x 9 inches, White Paper, Matte Finished Soft Cover",On Purpose Marketplace,Paperback,"Aug 27, 2021",
0,https://www.amazon.com/dp/B09F1G42SC,B09F1G42SC,"Warning! Woman On Purpose: Journal, Planner, Diary, Notebook - 200 Pages, 6 x 9 inches, White Paper, Matte Finished Soft Cover",On Purpose Marketplace,Paperback,"Aug 27, 2021",
0,https://www.amazon.com/dp/B09F1G42DJ,B09F1G42DJ,"Ann: Unicorn Notebook Personal Name Wide Lined Rule Paper | Notebook The Notebook For Writing Journal or Diary Women & Girls Gift for Birthday, For Student | 162 Pages Size 8.5x11inch",Jean Mullins,Paperback,"Aug 27, 2021",
0,https://www.amazon.com/dp/B09F1G3YPQ,B09F1G3YPQ,"Notebook Planner Womens Best Michael Ever Retro Vintage First Name Gift meme: Homework,To Do List,Homework,Personal,6x9 in ,PocketPlanner,Money,Journal",Bogdan Solis,Paperback,"Aug 27, 2021",
0,https://www.amazon.com/dp/B09F1G3XTN,B09F1G3XTN,"Life Is Better With A Hermit Crab Funny Notebook: Birthday Gifts for Women - Close Friend Gifts for Women - Bridesmaid Gifts for Her - Graduation ... for Mom - Sister - Gifts for Female, Homework",Kairon Peralta,Paperback,"Aug 27, 2021",
0,https://www.amazon.com/dp/B09F1G3XTM,B09F1G3XTM,"Life Is Better With Sharks Around Quote Notebook: Birthday Gifts for Women - Close Friend Gifts for Women - Bridesmaid Gifts for Her - Graduation ... for Mom - Sister - Gifts for Female, Homework",Kelvin Holcomb,Paperback,"Aug 27, 2021",
0,https://www.amazon.com/dp/B09F1G3XTL,B09F1G3XTL,"Life Is Better With A SUSAN Graphic Funny Name Graphic Notebook: Birthday Gifts for Women - Close Friend Gifts for Women - Bridesmaid Gifts for Her - ... for Mom - Sister - Gifts for Female, Homework",Kairon Peralta,Paperback,"Aug 27, 2021",
0,https://www.amazon.com/dp/B09F1G3XTJ,B09F1G3XTJ,"Life Is Better With An Axolotl Cute Kawaii Design Meme Notebook: Birthday Gifts for Women - Close Friend Gifts for Women - Bridesmaid Gifts for Her - ... for Mom - Sister - Gifts for Female, Homework",Kairon Peralta,Paperback,"Aug 27, 2021",
0,https://www.amazon.com/dp/B09F1G3XTG,B09F1G3XTG,"Life Is Better With A Lizard Lover Gift Christmas Family Notebook: Birthday Gifts for Women - Close Friend Gifts for Women - Bridesmaid Gifts for Her ... for Mom - Sister - Gifts for Female, Homework",Kairon Peralta,Paperback,"Aug 27, 2021",
0,https://www.amazon.com/dp/B09F1G2NQN,B09F1G2NQN,"Soccer Girl Notebook: Lined Notebook Gift for Girls, Boys and all people who love Soccer.",GAMA Creations,Paperback,"Aug 27, 2021",
0,https://www.amazon.com/dp/B09F1G2NQK,B09F1G2NQK,"T: Initial T Letter Notebook for Boys and Girls, Black & violet Unique Design (8.5 x 11)",chaimae salim,Paperback,"Aug 27, 2021",
0,https://www.amazon.com/dp/B09F1G2NP7,B09F1G2NP7,"2022-2026 Five Year Planner: 60 Months Monthly & Weekly Large Schedule Organizer and agenda with Monthly Goals, To-Do Lists, Plans..., 5 Year Monthly ... Notebook, Elegance Mandala Cover Design.",mandala planners,Paperback,"Aug 27, 2021",
0,https://www.amazon.com/dp/B09F1G2NP6,B09F1G2NP6,"2022-2026 Five Year Planner: 60 Months Monthly & Weekly Large Schedule Organizer and agenda with Monthly Goals, To-Do Lists, Plans..., 5 Year Monthly ... Notebook, Elegance Mandala Cover Design.",mandala planners,Paperback,"Aug 27, 2021",
0,https://www.amazon.com/dp/B09F1G2NN5,B09F1G2NN5,Dream Journal: A Daily Unlined Notebook for Keeping Track of and Reflecting on Your Dreams,Rafferty Publishing,Paperback,"Aug 27, 2021",
0,https://www.amazon.com/dp/B09F1G2NDG,B09F1G2NDG,Notebook: College Ruled Notebook | N: Personalized Monogram Initial Art Journal Gift | White 120 pages (60 sheets) | 6 x 9 inches | Soft Cover,Amelioration Press,Paperback,"Aug 27, 2021",
0,https://www.amazon.com/dp/B09F1G1KMP,B09F1G1KMP,"My Notebook: Blue and Aqua Cover - 6x9 inches, 120 Pages of Lined Paper - Clean, Minimal and Modern - Sleek and Professional Design",Modern Designs,Paperback,"Aug 27, 2021",
0,https://www.amazon.com/dp/B09F1G1KFZ,B09F1G1KFZ,"My Daily Gratitude Journal: Invest few minutes a day to develop, mindfulness and positivity Guided Journal of Practicing Good Attitude.",Ted Mardon,Paperback,"Aug 27, 2021",
0,https://www.amazon.com/dp/B09F1G1JSG,B09F1G1JSG,"""J"" Monogrammed Laurel Wreath Writing Journal",Clayton Gant Petersen,Paperback,"Aug 27, 2021",
0,https://www.amazon.com/dp/B09F1G1JFB,B09F1G1JFB,"Purr-fect Day Gratitude Journal: Cat Lovers, Daily Diary Gift Idea For Women, 6 x 9 Creative Writing Lined Notebook with 150+ Pages, Cat Gift Ideas For Friends",Cultivate Simple Delights,Paperback,"Aug 27, 2021",
0,https://www.amazon.com/dp/B09F1FY85K,B09F1FY85K,Sobriety & Recovery Notebook: Sobriety & Recovery Notebook Summer Edition,Pura Vida Eat Read Love,Paperback,"Aug 27, 2021",
0,https://www.amazon.com/dp/B09F1FY4W8,B09F1FY4W8,"Notebook Planner Vintage Dude The Man Myth Legend 99 Yrs 99th Birthday: Planning, Budget, Homeschool,6x9 in , Tax, Goal, Hourly, College, Small Business",Yousaf Castillo,Paperback,"Aug 27, 2021",
0,https://www.amazon.com/dp/B09F1FY4VW,B09F1FY4VW,"Notebook Planner Vintage Dude The Man Myth Legend 85 Yrs 85th Birthday: Planning, Budget, Homeschool,6x9 in , Tax, Goal, Hourly, College, Small Business",Yousaf Castillo,Paperback,"Aug 27, 2021",
0,https://www.amazon.com/dp/B09F1FY4VP,B09F1FY4VP,"Notebook Planner Square Root Of 81 9 Years Old Official Birthday: Planning, Budget, Homeschool,6x9 in , Tax, Goal, Hourly, College, Small Business",Zander Hassan,Paperback,"Aug 27, 2021",
0,https://www.amazon.com/dp/B09F1FY4LB,B09F1FY4LB,"Notebook Planner Mens Best Biker Dad Ever Motorcycle quote - Vintage Biker meme: Homework,To Do List,Homework,Personal,6x9 in ,PocketPlanner,Money,Journal",Nellie Hawkins,Paperback,"Aug 27, 2021",
0,https://www.amazon.com/dp/B09F1FY4KY,B09F1FY4KY,"Notebook Planner Dog Vintage Best Basset Hound Dad Dad Ever Father's Day art: Homework,To Do List,Homework,Personal,6x9 in ,PocketPlanner,Money,Journal",Nellie Hawkins,Paperback,"Aug 27, 2021",
0,https://www.amazon.com/dp/B09F1FY4KF,B09F1FY4KF,"Notebook Planner Best Bisnonna Ever Italian Great Grandmother Gift nice: 6x9 in ,Money,Budget,Do It All,Passion,Small Business,High Performance",Caris Wilson,Paperback,"Aug 27, 2021",
0,https://www.amazon.com/dp/B09F1FY4HG,B09F1FY4HG,"Notebook Planner I Love Candy Corn Cute Candy Corn Best Halloween Candy Ever Raglan Baseball funny: 6x9 in ,Money,Budget,Do It All,Passion,Small Business,High Performance",Caris Wilson,Paperback,"Aug 27, 2021",
0,https://www.amazon.com/dp/B09F1FY2TR,B09F1FY2TR,"I Like Greyhounds And Maybe 3 People Funny Dog Lover Gift Quote Notebook: Gifts for Women/Best Friend/Mom/Wife/Girlfriend/Boss/Coworker/Nurse/Encouragement Birthday, Menu",Rees Mccray,Paperback,"Aug 27, 2021",
0,https://www.amazon.com/dp/B09F1FXSQT,B09F1FXSQT,"Notebook Planner Mens Vintage Best Bearded Beer Lovin Dog Dad Dog Lover Owner graphic: Homework,To Do List,Homework,Personal,6x9 in ,PocketPlanner,Money,Journal",Bogdan Solis,Paperback,"Aug 27, 2021",
0,https://www.amazon.com/dp/B09F1FXSQS,B09F1FXSQS,"Notebook Planner Best Trans Brother Ever LGBTQ+ Gift meme: Homework,To Do List,Homework,Personal,6x9 in ,PocketPlanner,Money,Journal",Nellie Hawkins,Paperback,"Aug 27, 2021",
0,https://www.amazon.com/dp/B09F1FXSQK,B09F1FXSQK,"Notebook Planner Best Barista Ever Funny Coffee Lovers Coffee shop owner gift graphic: 6x9 in ,Money,Budget,Do It All,Passion,Small Business,High Performance",Kirsten Baker,Paperback,"Aug 27, 2021",
0,https://www.amazon.com/dp/B09F1FXSPR,B09F1FXSPR,"Notebook Planner Best Postman Ever 2017 Postal Worker Award Funny funny: 6x9 in ,Money,Budget,Do It All,Passion,Small Business,High Performance",Caris Wilson,Paperback,"Aug 27, 2021",
0,https://www.amazon.com/dp/B09F1FWPPM,B09F1FWPPM,"Notebook Planner Best Crochet Mom Ever - Crocheting Crochet Lover Mothers Day meme meme: Homework,To Do List,Homework,Personal,6x9 in ,PocketPlanner,Money,Journal",Bogdan Solis,Paperback,"Aug 27, 2021",
0,https://www.amazon.com/dp/B09F1FWPP2,B09F1FWPP2,"Notebook Planner Mens Best Grandpapa Ever Retro Style Cool Bday Gift for Grandpapa saying: 6x9 in ,Money,Budget,Do It All,Passion,Small Business,High Performance",Caris Wilson,Paperback,"Aug 27, 2021",
0,https://www.amazon.com/dp/B09F1FWMVY,B09F1FWMVY,"I Like Chai Tea And Maybe 3 People Family Notebook: Gifts for Women/Best Friend/Mom/Wife/Girlfriend/Boss/Coworker/Nurse/Encouragement Birthday, Menu",Rees Mccray,Paperback,"Aug 27, 2021",
0,https://www.amazon.com/dp/B09F1FT4TL,B09F1FT4TL,Enjoy the Little Things gratitude journal,Jamie Bozich,Paperback,"Aug 27, 2021",
1,https://www.amazon.com/dp/B09F1FT4RK,B09F1FT4RK,Posh Notes for the Stylish Dame: Fantastic Everyday Notebook,Wild Balm Botanicals,Paperback,"Aug 27, 2021",
0,https://www.amazon.com/dp/B09F1FT4ML,B09F1FT4ML,"My Notebook: Dark Grey and Black Cover - 6x9 inches, 120 Pages of Lined Paper - Clean, Minimal and Modern - Sleek and Professional Design",Modern Designs,Paperback,"Aug 27, 2021",
0,https://www.amazon.com/dp/B09F1FT4M6,B09F1FT4M6,Dream Journal,Sondra Baiel,Paperback,"Aug 27, 2021",
0,https://www.amazon.com/dp/B09F1FSZZT,B09F1FSZZT,"Notebook Planner Best Saxophone DAD Ever Music chords Father musician Premium funny: 6x9 in ,Money,Budget,Do It All,Passion,Small Business,High Performance",Kirsten Baker,Paperback,"Aug 27, 2021",
0,https://www.amazon.com/dp/B09F1FSZYZ,B09F1FSZYZ,"Notebook Planner Mens Best Italian Greyhound Dog Dad Ever good: 6x9 in ,Money,Budget,Do It All,Passion,Small Business,High Performance",Caris Wilson,Paperback,"Aug 27, 2021",
0,https://www.amazon.com/dp/B09F1FSZYK,B09F1FSZYK,"Notebook Planner Best Pug Daddy Ever - Pug Dad Dog Gift Premium nice: 6x9 in ,Money,Budget,Do It All,Passion,Small Business,High Performance",Caris Wilson,Paperback,"Aug 27, 2021",
0,https://www.amazon.com/dp/B09F1FSJBD,B09F1FSJBD,"USA Patriot from Arvin, CALIFORNIA: The perfect United States diary notebook for patriotic Americans from Arvin, CALIFORNIA gift, 120 Pages Lined Journal Paper",My USA State Publishing,Paperback,"Aug 27, 2021",
0,https://www.amazon.com/dp/B09F1FRQN1,B09F1FRQN1,"""H"" Monogrammed Laurel Wreath Writing Journal",Clayton Gant Petersen,Paperback,"Aug 27, 2021",
0,https://www.amazon.com/dp/B09F1FRQ3D,B09F1FRQ3D,BLESSED: Your Personal Manifestation and Scripting Journal for Women,EDNA R CHUEIRI,Paperback,"Aug 27, 2021",
0,https://www.amazon.com/dp/B09F1FRKXJ,B09F1FRKXJ,"Funny I Like American Shorthairs Cats And Maybe 3 People Good Notebook: Gifts for Women/Best Friend/Mom/Wife/Girlfriend/Boss/Coworker/Nurse/Encouragement Birthday, Menu",Rees Mccray,Paperback,"Aug 27, 2021",
0,https://www.amazon.com/dp/B09F1FRKXF,B09F1FRKXF,"I Like Bourbon And My Smoker And Maybe 3 People Wine Vintage Good Notebook: Gifts for Women/Best Friend/Mom/Wife/Girlfriend/Boss/Coworker/Nurse/Encouragement Birthday, Menu",Eryk Penn,Paperback,"Aug 27, 2021",
0,https://www.amazon.com/dp/B09F1FRKXD,B09F1FRKXD,"I Like Muscle Cars And Guitars And Maybe 3 People Family Notebook: Gifts for Women/Best Friend/Mom/Wife/Girlfriend/Boss/Coworker/Nurse/Encouragement Birthday, Menu",Rees Mccray,Paperback,"Aug 27, 2021",
0,https://www.amazon.com/dp/B09F1F6VZW,B09F1F6VZW,"USA Patriot from August, CALIFORNIA: The perfect United States diary notebook for patriotic Americans from August, CALIFORNIA gift, 120 Pages Lined Journal Paper",My USA State Publishing,Paperback,"Aug 27, 2021",
0,https://www.amazon.com/dp/B09F1F6VSF,B09F1F6VSF,"Zariyah: Unicorn Notebook Personal Name Wide Lined Rule Paper | Notebook The Notebook For Writing Journal or Diary Women & Girls Gift for Birthday, For Student | 162 Pages Size 8.5x11inch",Clayton Gill,Paperback,"Aug 27, 2021",
0,https://www.amazon.com/dp/B09F1D2GD9,B09F1D2GD9,"Life Is Better With An Uromastyx I Agame Pretty Desert Mali Graphic Notebook: Birthday Gifts for Women - Close Friend Gifts for Women - Bridesmaid ... for Mom - Sister - Gifts for Female, Home",Kairon Peralta,Paperback,"Aug 27, 2021",
0,https://www.amazon.com/dp/B09F1D2GD8,B09F1D2GD8,"Life Is Better With A CHRIS Art Funny Name Art Notebook: Birthday Gifts for Women - Close Friend Gifts for Women - Bridesmaid Gifts for Her - ... for Mom - Sister - Gifts for Female, Homework",Kelvin Holcomb,Paperback,"Aug 27, 2021",
0,https://www.amazon.com/dp/B09F18WV6D,B09F18WV6D,The First Time You Won Something: Weekly Planner Undated Journal Notebooks Planner Book Project Planner Notebook Weekly Planner Notebook ToDo List ... Planning Calendar Productivity Journal Daily,Malcolm Opel Plumb,Paperback,"Aug 27, 2021",
0,https://www.amazon.com/dp/B09F18WG43,B09F18WG43,"Notebook Planner Vintage Dude The Man Myth Legend 17 Yrs 17th Birthday: Planning, Budget, Homeschool,6x9 in , Tax, Goal, Hourly, College, Small Business",Zander Hassan,Paperback,"Aug 27, 2021",
0,https://www.amazon.com/dp/B09F18WFRG,B09F18WFRG,"Notebook Planner Best Miniature Dachshund Mom Ever Pet Parent funny: Homework,To Do List,Homework,Personal,6x9 in ,PocketPlanner,Money,Journal",Bogdan Solis,Paperback,"Aug 27, 2021",
0,https://www.amazon.com/dp/B09F16Q36T,B09F16Q36T,"I Like My bass guitar And Maybe Like 3 People Premium Nice Notebook: Gifts for Women/Best Friend/Mom/Wife/Girlfriend/Boss/Coworker/Nurse/Encouragement Birthday, Menu",Eryk Penn,Paperback,"Aug 27, 2021",
0,https://www.amazon.com/dp/B09F16Q36P,B09F16Q36P,"I Like Gaming And Maybe 3 People Quote Notebook: Gifts for Women/Best Friend/Mom/Wife/Girlfriend/Boss/Coworker/Nurse/Encouragement Birthday, Menu",Eryk Penn,Paperback,"Aug 27, 2021",
0,https://www.amazon.com/dp/B09F16LZZC,B09F16LZZC,Composition Notebook: Hunter | Wide ruled lined paper journal | suitable for writing can use both pen and pencil,manny ros,Paperback,"Aug 27, 2021",
0,https://www.amazon.com/dp/B09F16LZLS,B09F16LZLS,"Warning! Woman On Purpose: Journal, Planner, Diary, Notebook - 200 Pages, 6 x 9 inches, White Paper, Matte Finished Soft Cover",On Purpose Marketplace,Paperback,"Aug 27, 2021",
1,https://www.amazon.com/dp/B09F16LZJ8,B09F16LZJ8,My Thought Journal; Notebook Journal; Journal for Women; Journal for Men; Journal for Teens; Journal Notebook; Thoughtful gifts for women; Tree ... Journal Your Thoughts Under the Oak Tree,OM NOM MOM,Paperback,"Aug 27, 2021",
0,https://www.amazon.com/dp/B09F16LZGG,B09F16LZGG,I am Authenticity:Inspirational quote notebook: Self love notebook: no boundaries to be me in peaceful cover: 120 notebook lined,Poplar and The brown,Paperback,"Aug 27, 2021",
0,https://www.amazon.com/dp/B09F16LZ2X,B09F16LZ2X,College Ruled Lined Notebook | 6 x 9 in | 120 Pages | Energy Print | Journal,Crescendo Journals,Paperback,"Aug 27, 2021",
0,https://www.amazon.com/dp/B09F16LJLC,B09F16LJLC,Things People Would Never Say: Weekly Planner Undated Journal Notebooks Planner Book Project Planner Notebook Weekly Planner Notebook ToDo List Bill ... Planning Calendar Productivity Journal Daily,Malcolm Opel Plumb,Paperback,"Aug 27, 2021",
0,https://www.amazon.com/dp/B09F16LD8J,B09F16LD8J,"I Like Golf And Whiskey And Maybe 3 People Nice Notebook: Gifts for Women/Best Friend/Mom/Wife/Girlfriend/Boss/Coworker/Nurse/Encouragement Birthday, Menu",Rees Mccray,Paperback,"Aug 27, 2021",
0,https://www.amazon.com/dp/B09F166FLW,B09F166FLW,"USA Patriot from Lucas Valley-Marinwood, CALIFORNIA: The perfect United States diary notebook for patriotic Americans from Lucas Valley-Marinwood, CALIFORNIA gift, 120 Pages Lined Journal Paper",My USA State Publishing,Paperback,"Aug 27, 2021",
0,https://www.amazon.com/dp/B09F14TBZ7,B09F14TBZ7,"Collie Dad - Mens Best Border Collie Dad Ever Border Collie Dog Lover Gift Family: Goal, Business,Daily Notepad for Men & Women Lined Paper, Work List, Planning, Gym",Manpreet Fraser,Paperback,"Aug 27, 2021",
0,https://www.amazon.com/dp/B09F14SSYP,B09F14SSYP,"Notebook Planner Vintage Dude The Man Myth Legend 16 Yrs 16th Birthday: Planning, Budget, Homeschool,6x9 in , Tax, Goal, Hourly, College, Small Business",Zander Hassan,Paperback,"Aug 27, 2021",
0,https://www.amazon.com/dp/B09F14SSXL,B09F14SSXL,"Notebook Planner Square Root Of 9409 97 Years Old Official Birthday: Planning, Budget, Homeschool,6x9 in , Tax, Goal, Hourly, College, Small Business",Zander Hassan,Paperback,"Aug 27, 2021",
0,https://www.amazon.com/dp/B09F1CGQNS,B09F1CGQNS,"USA Patriot from Colusa, CALIFORNIA: The perfect United States diary notebook for patriotic Americans from Colusa, CALIFORNIA gift, 120 Pages Lined Journal Paper",My USA State Publishing,Paperback,"Aug 27, 2021",
0,https://www.amazon.com/dp/B09F1CGQNJ,B09F1CGQNJ,"USA Patriot from Topanga, CALIFORNIA: The perfect United States diary notebook for patriotic Americans from Topanga, CALIFORNIA gift, 120 Pages Lined Journal Paper",My USA State Publishing,Paperback,"Aug 27, 2021",
0,https://www.amazon.com/dp/B09F1BC26N,B09F1BC26N,"Notebook Planner Best Doodle Dad Ever pretty Vintage Retro Goldendoodle Dad meme: Homework,To Do List,Homework,Personal,6x9 in ,PocketPlanner,Money,Journal",Bogdan Solis,Paperback,"Aug 27, 2021",
0,https://www.amazon.com/dp/B09F1B87XT,B09F1B87XT,Notebook: College Ruled Notebook | B: Personalized Monogram Initial Art Journal Gift | White 120 pages (60 sheets) | 6 x 9 inches | Soft Cover,Amelioration Press,Paperback,"Aug 27, 2021",
0,https://www.amazon.com/dp/B09F1B87P6,B09F1B87P6,Just A Girl Boss building Her Empire: 4-Year Monthly Planner For Women | 48-Monthly Calendar Schedule with Inspirational Quotes | Black And Gold Floral Design | Large Print 8.5 x 11 inches,Joy Creative Publishing,Hardcover,"Aug 27, 2021",
0,https://www.amazon.com/dp/B09F1B87HZ,B09F1B87HZ,"Handwriting Practice Paper for kids: Blank Handwriting Writing Pages - Students Learning to Write Letters ,Notebook with Dotted Lined Sheets for KG Students",Smrity Press Publishing,Paperback,"Aug 27, 2021",
0,https://www.amazon.com/dp/B09F1B5BY5,B09F1B5BY5,"USA Patriot from Pleasure Point, CALIFORNIA: The perfect United States diary notebook for patriotic Americans from Pleasure Point, CALIFORNIA gift, 120 Pages Lined Journal Paper",My USA State Publishing,Paperback,"Aug 27, 2021",
0,https://www.amazon.com/dp/B09F1B5BY2,B09F1B5BY2,"USA Patriot from Greenacres, CALIFORNIA: The perfect United States diary notebook for patriotic Americans from Greenacres, CALIFORNIA gift, 120 Pages Lined Journal Paper",My USA State Publishing,Paperback,"Aug 27, 2021",
0,https://www.amazon.com/dp/B09F1B5BY1,B09F1B5BY1,"USA Patriot from Vandenberg Village, CALIFORNIA: The perfect United States diary notebook for patriotic Americans from Vandenberg Village, CALIFORNIA gift, 120 Pages Lined Journal Paper",My USA State Publishing,Paperback,"Aug 27, 2021",
0,https://www.amazon.com/dp/B09F192SRL,B09F192SRL,"Purpose Over Pandemic: Journal, Planner, Diary, Notebook - 200 Pages, 6 x 9 inches, White Paper, Matte Finished Soft Cover",On Purpose Marketplace,Paperback,"Aug 27, 2021",
0,https://www.amazon.com/dp/B09F192NX2,B09F192NX2,"Tatum: Unicorn Notebook Personal Name Wide Lined Rule Paper | Notebook The Notebook For Writing Journal or Diary Women & Girls Gift for Birthday, For Student | 162 Pages Size 8.5x11inch",Percy Ramsey,Paperback,"Aug 27, 2021",
0,https://www.amazon.com/dp/B09F192NW7,B09F192NW7,"Life Is Better With A Hedgehog Lover Gift Christmas Pretty Notebook: Birthday Gifts for Women - Close Friend Gifts for Women - Bridesmaid Gifts for ... for Mom - Sister - Gifts for Female, Homework",Kelvin Holcomb,Paperback,"Aug 27, 2021",
0,https://www.amazon.com/dp/B09F18WWBH,B09F18WWBH,Freedom: a journal for the heart healing from sexual abuse or sexual assault - 6x9 inches - 120 pages,Jenni Wright,Paperback,"Aug 27, 2021",
0,https://www.amazon.com/dp/B09F18WW4B,B09F18WW4B,"Notebook: Floral, Salmon Colored, Ruled Notebook/Journal, 6x9, 120 Pages, Perfect for Writing, Journaling, Poetry | Office, Home & School | Great Gift Idea",Hermosa Publishing,Paperback,"Aug 27, 2021",
0,https://www.amazon.com/dp/B09F18WW1F,B09F18WW1F,"Cycling Notebook: Lined Journal, 120 Pages, 6 x 9, Gift Fo Athletes, Family and Food Lovers, Strawberries Flowers 10 Fun Letters Matte Finish (Cycling Journal)",A Street Publishing,Paperback,"Aug 27, 2021",
0,https://www.amazon.com/dp/B09F18WVV4,B09F18WVV4,"Drawing Book : Blank Notebook for sketching, doodling, writing 120 blank unlined pages, Art Notebook",IV Media,Paperback,"Aug 27, 2021",
5,https://www.amazon.com/dp/1578268834,1578268834,The Complete Quinoa Cookbook: Over 100 Recipes - Perfect for Vegan & Plant-Based Diets,Catherine Gill,Kindle,"Aug 31, 2021",
5,https://www.amazon.com/dp/B09FC1Q7LJ,B09FC1Q7LJ,A Dissertation on the Death of Christ: Reformation Classic,John Davenant,Kindle,"Aug 31, 2021",
1,https://www.amazon.com/dp/B09F1FVF2K,B09F1FVF2K,The First Christmas: Jesus Christ is Born,Carolyn Williamson,Paperback,"Aug 31, 2021",
0,https://www.amazon.com/dp/B09FCCMFB7,B09FCCMFB7,Om - The Spiritual Incantation Notebook | Journal Art Sketchbook & Travel Diary | Lined Journal Notebook | 6x9 inches | 120 Pages | Minimalistic | ... | Hinduism | Buddhism | Sanskrit | Sacred ~,SN PUBLICATIONS,Paperback,"Aug 31, 2021",
0,https://www.amazon.com/dp/B09FCKC3VW,B09FCKC3VW,Hope beneath the Willow: October's Daily Devotions,Jerry Mullinax,Paperback,"Aug 31, 2021",
0,https://www.amazon.com/dp/B0GKC8ST92,B0GKC8ST92,Strong As Death (On Eagles Wings),Susan Skylark,Kindle,"Aug 31, 2021",
0,https://www.amazon.com/dp/B09GJPWY2M,B09GJPWY2M,Chic Sea Foam Journal: 2021 Dated Journal 100pg 6x9,CM Publisher,Paperback,"Aug 31, 2021",
0,https://www.amazon.com/dp/B09GJKT6XR,B09GJKT6XR,Chic Pale Pink Journal: 2021 Dated Journal 100pg 6x9,CM Publisher,Paperback,"Aug 31, 2021",
1,https://www.amazon.com/dp/1664192905,1664192905,Skyhook: My Vietnam Experience,R. Carel Byrd,Kindle,"Aug 30, 2021",
1,https://www.amazon.com/dp/1925835960,1925835960,"Save Our Sons: Women, Dissent and Conscription During the Vietnam War (Australian History)",Carolyn Collins,Kindle,"Aug 1, 2021",
1,https://www.amazon.com/dp/B09FCCDC8D,B09FCCDC8D,Memory,Royal Press,Kindle,"Aug 31, 2021",
0,https://www.amazon.com/dp/B09FRZY6W4,B09FRZY6W4,Notebook,bleusasku designs,Paperback,"Aug 31, 2021",
2,https://www.amazon.com/dp/B09FRYGMVM,B09FRYGMVM,Notebook,bleusasku designs,Paperback,"Aug 31, 2021",
0,https://www.amazon.com/dp/B09FCKHY7S,B09FCKHY7S,Live on coffee and flowers: Flower Notebook journal,Divine Fairy Publishing,Paperback,"Aug 31, 2021",
0,https://www.amazon.com/dp/B09FCKC59N,B09FCKC59N,"Lavender Composition Notebook: Flowering Plant Composition Notebook, Purple Composition Notebook, 7.5"" x 9.25"" Wide Ruled 200 Pages",Sun set,Paperback,"Aug 31, 2021",
0,https://www.amazon.com/dp/B09FCKC58N,B09FCKC58N,"Graph Paper Composition Notebook: 4x4 Squares per in, 100 Sheets (8.5"" x 11"" in) | Elegant Graph Paper Notebooks",Martha Pereira,Paperback,"Aug 31, 2021",
0,https://www.amazon.com/dp/B09FCHPM7V,B09FCHPM7V,Notebook: Black and Gold Bee and Honeycomb Design,Sarah Evans,Paperback,"Aug 31, 2021",
0,https://www.amazon.com/dp/B09FCHPM12,B09FCHPM12,Notebook: King Size Notebook 120 Pages,sheetal yewale,Paperback,"Aug 31, 2021",
0,https://www.amazon.com/dp/B09FCHPJBS,B09FCHPJBS,Triple Doku Sudoku 3 Grids Two 6 x 6 Overlaps Level 2: Easy Vol. 30: Play Triple Sudoku With Solutions 9 x 9 Nine Numbers Grid Easy Level Volumes 1-40 ... Puzzles Challenge For All Ages Kids to Adults,Sophia Numerik,Hardcover,"Aug 31, 2021",
0,https://www.amazon.com/dp/B09FCHPHMV,B09FCHPHMV,Paperback Notebook: Colorful Art Fruit Wide Ruled Paper Notebook Journal for Women Homeschool Office Teacher Adult 6 x 9 in. 100 Pages.,Thomasine Matthews,Paperback,"Aug 31, 2021",
0,https://www.amazon.com/dp/B09FCHDT4T,B09FCHDT4T,"Unicorn Math Grid Book: Cute Character, Math, Grid Paper",Tailored Education Family,Paperback,"Aug 31, 2021",
0,https://www.amazon.com/dp/B09FCHDQ7S,B09FCHDQ7S,Addition And Subtraction Workbook Practice With Examples Grade 3-5: This book is part of a series of books that will come later these books are ... a simple and effective way for grades 1 -2-3…,EasyMath Edirtion,Paperback,"Aug 31, 2021",
0,https://www.amazon.com/dp/B09FCFP7C9,B09FCFP7C9,Paperback Notebook: Colorful Art Fruit Wide Ruled Paper Notebook Journal for Women Homeschool Office Teacher Adult 6 x 9 in. 100 Pages.,Thomasine Matthews,Paperback,"Aug 31, 2021",
0,https://www.amazon.com/dp/B09FCFP7C2,B09FCFP7C2,Paperback Notebook: Colorful Art Fruit Wide Ruled Paper Notebook Journal for Women Homeschool Office Teacher Adult 6 x 9 in. 100 Pages.,Thomasine Matthews,Paperback,"Aug 31, 2021",
0,https://www.amazon.com/dp/B09FCFNW66,B09FCFNW66,Paperback Notebook: Colorful Art Fruit Wide Ruled Paper Notebook Journal for Women Homeschool Office Teacher Adult 6 x 9 in. 100 Pages.,Thomasine Matthews,Paperback,"Aug 31, 2021",
0,https://www.amazon.com/dp/B09FCFNW65,B09FCFNW65,Paperback Notebook: Colorful Art Fruit Wide Ruled Paper Notebook Journal for Women Homeschool Office Teacher Adult 6 x 9 in. 100 Pages.,Thomasine Matthews,Paperback,"Aug 31, 2021",
0,https://www.amazon.com/dp/B09FCFHBJV,B09FCFHBJV,"Forest Composition Notebook: Composition Notebook Wood themed, Trees Composition Notebook, 7.5"" x 9.25"" Wide Ruled 200 Pages",Sun set,Paperback,"Aug 31, 2021",
0,https://www.amazon.com/dp/B09FCFHBHJ,B09FCFHBHJ,Notebook: Bird Themed Blank Lined Notebook,Critterbook Publications,Paperback,"Aug 31, 2021",
0,https://www.amazon.com/dp/B09FCFHB9F,B09FCFHB9F,"Graph paper notebook: Snowy hill cover, 8.5” x 11 ”, 120 pages",Adrian Cosmin Matei,Paperback,"Aug 31, 2021",
0,https://www.amazon.com/dp/B09FCCMFY5,B09FCCMFY5,A BLANK LINED NOTEBOOK: write your dreams and goals,AMAZING PRESS,Paperback,"Aug 31, 2021",
0,https://www.amazon.com/dp/B09FCCMFDV,B09FCCMFDV,Graph Paper Notebook for Halloween: 4x4 Quad Ruled Graph Paper Notebook 8.5 x 11 inches | Halloween Grid Paper Notebook for Math and Science Students | 120 Quad Ruled pages,The Little Press,Paperback,"Aug 31, 2021",
1,https://www.amazon.com/dp/B09FCCMF9K,B09FCCMF9K,"Notebook: Night Sky With Gold Moon & Sun Notebook, Journal, Diary, Composition Book - 6 x 9 College Ruled 120 pages | For Home School Office Travel Gift Supplies",Minimo Publishing,Paperback,"Aug 31, 2021",
0,https://www.amazon.com/dp/B09FCCMF6Z,B09FCCMF6Z,"Man & The Full Moon Journal: 6 x 9-inch, 180-pages",Dianne Renee Shilling,Hardcover,"Aug 31, 2021",
0,https://www.amazon.com/dp/B09FCCD7PG,B09FCCD7PG,Paperback Notebook: Colorful Art berries Wide Ruled Paper Notebook Journal for Women Homeschool Office Teacher Adult 6 x 9 in. 100 Pages.,Thomasine Matthews,Paperback,"Aug 31, 2021",
0,https://www.amazon.com/dp/B09FCCD7PF,B09FCCD7PF,Paperback Notebook: Colorful Art Fruit Wide Ruled Paper Notebook Journal for Women Homeschool Office Teacher Adult 6 x 9 in. 100 Pages.,Thomasine Matthews,Paperback,"Aug 31, 2021",
0,https://www.amazon.com/dp/B09FC9ZXLL,B09FC9ZXLL,"Hiking Log Book: Hiking Journal With Prompts To Write In and Space for Pictures 6"" x 9""",Trax Publishing,Paperback,"Aug 31, 2021",
0,https://www.amazon.com/dp/B09FC9ZXD4,B09FC9ZXD4,"Graphic Paper Notebook: Graph Paper Notebook: Graph Paper Grid Lined Paint Brush 6x9in,120 page for Math and Science Students, Artists, Architects and Enginners.",Zen in Life Publishing,Paperback,"Aug 31, 2021",
0,https://www.amazon.com/dp/B09FC9Z3GK,B09FC9Z3GK,Paperback Notebook: Colorful Art Fruit Wide Ruled Paper Notebook Journal for Women Homeschool Office Teacher Adult 6 x 9 in. 100 Pages.,Thomasine Matthews,Paperback,"Aug 31, 2021",
0,https://www.amazon.com/dp/B09FC9Y7JF,B09FC9Y7JF,Boat Log Book - The Perfect Boat Log Book Journal For Entering Captain's Logs: Your Reliable Sailing Log Book,Antonio Paul,Paperback,"Aug 31, 2021",
0,https://www.amazon.com/dp/B09FC9Y75X,B09FC9Y75X,"Composition Notebook: Composition notebook: vintage mushroom notebook, lovely mushroom illustrations, mushroom style notebook, perfect gift beautiful mushroom illustration, mushroom style notebook,",ABD Editions,Paperback,"Aug 31, 2021",
0,https://www.amazon.com/dp/B09FC9J1PX,B09FC9J1PX,Paperback Notebook: Colorful Art Fruit Wide Ruled Paper Notebook Journal for Women Homeschool Office Teacher Adult 6 x 9 in. 100 Pages.,Thomasine Matthews,Paperback,"Aug 31, 2021",
0,https://www.amazon.com/dp/B09FC9HPYC,B09FC9HPYC,"Whitley: Unicorn Notebook Personal Name Wide Lined Rule Paper | Notebook The Notebook For Writing Journal or Diary Women & Girls Gift for Birthday, For Student | 162 Pages Size 8.5x11inch",Joanne Morales,Paperback,"Aug 31, 2021",
0,https://www.amazon.com/dp/B09FC9HPXK,B09FC9HPXK,Paperback Notebook: Colorful Art Fruit Wide Ruled Paper Notebook Journal for Women Homeschool Office Teacher Adult 6 x 9 in. 100 Pages.,Thomasine Matthews,Paperback,"Aug 31, 2021",
0,https://www.amazon.com/dp/B09FC9HPXJ,B09FC9HPXJ,Paperback Notebook: Colorful Art Fruit Wide Ruled Paper Notebook Journal for Women Homeschool Office Teacher Adult 6 x 9 in. 100 Pages.,Thomasine Matthews,Paperback,"Aug 31, 2021",
0,https://www.amazon.com/dp/B09FC9HPXH,B09FC9HPXH,Paperback Notebook: Colorful Art Pineapple Wide Ruled Paper Notebook Journal for Women Homeschool Office Teacher Adult 6 x 9 in. 100 Pages.,Thomasine Matthews,Paperback,"Aug 31, 2021",
0,https://www.amazon.com/dp/B09FC8CPB8,B09FC8CPB8,Composition Notebook: Classic Polygonal Animal ( Owl ) .Wide Ruled Lined Paper Notebook Journal,adam ben,Paperback,"Aug 31, 2021",
0,https://www.amazon.com/dp/B09FC8CKZM,B09FC8CKZM,Paperback Notebook: Colorful Art Fruit Wide Ruled Paper Notebook Journal for Women Homeschool Office Teacher Adult 6 x 9 in. 100 Pages.,Thomasine Matthews,Paperback,"Aug 31, 2021",
0,https://www.amazon.com/dp/B09FC8C837,B09FC8C837,Paperback Notebook: Colorful Art Fruit Wide Ruled Paper Notebook Journal for Women Homeschool Office Teacher Adult 6 x 9 in. 100 Pages.,Thomasine Matthews,Paperback,"Aug 31, 2021",
0,https://www.amazon.com/dp/B09FC8918Y,B09FC8918Y,Paperback Notebook: Colorful Art Fruit Wide Ruled Paper Notebook Journal for Women Homeschool Office Teacher Adult 6 x 9 in. 100 Pages.,Thomasine Matthews,Paperback,"Aug 31, 2021",
0,https://www.amazon.com/dp/B09FC87HLK,B09FC87HLK,Paperback Notebook: Colorful Art Fruit Wide Ruled Paper Notebook Journal for Women Homeschool Office Teacher Adult 6 x 9 in. 100 Pages.,Thomasine Matthews,Paperback,"Aug 31, 2021",
0,https://www.amazon.com/dp/B09FC6G4X3,B09FC6G4X3,"Graph paper notebook: Snowy hill cover, 8.5” x 11 ”, 120 pages",Adrian Cosmin Matei,Paperback,"Aug 31, 2021",
0,https://www.amazon.com/dp/B09FC6G4VG,B09FC6G4VG,"Kind: Bee Composition Notebook Journal Planner or Diary ( 6 x 9 Inches|108 Blank Lined Pages) To Write In for School, Kids & Students Or Take Notes ... Stories - Gifts For Bee Lovers Or Beekeeper",Cute Bee Publishing,Paperback,"Aug 31, 2021",
0,https://www.amazon.com/dp/B09FC6FFR9,B09FC6FFR9,"Graph Paper Notebook: Grid Composition Notebook, Quad Ruled, 100 Sheets, 8.5 x 11 Large Sheets with 4 x 4 Grid (Graph Paper Notebooks)",Scorpion Books,Paperback,"Aug 31, 2021",
0,https://www.amazon.com/dp/B09FC6FFLQ,B09FC6FFLQ,"Composition Notebook: fall autumn cover College Ruled Composition Notebook | College Ruled Paper Notebook Journal | Blank Wide Lined Workbook for Girls Kids Teens Students, Steampunk",karina rima,Paperback,"Aug 31, 2021",
0,https://www.amazon.com/dp/B09FC6FFKS,B09FC6FFKS,Cheetah Notebook: cute cheetahs gift for young kids that love big cats and nature (blank lined notebook) cheetah diary / cheetah journal,Jessica King,Paperback,"Aug 31, 2021",
0,https://www.amazon.com/dp/B09FC6FB3G,B09FC6FB3G,Paperback Notebook: Colorful Art Fruit Wide Ruled Paper Notebook Journal for Women Homeschool Office Teacher Adult 6 x 9 in. 100 Pages.,Thomasine Matthews,Paperback,"Aug 31, 2021",
1,https://www.amazon.com/dp/B09FC6F1Z1,B09FC6F1Z1,"She’s Beauty She’s Grace She’ll Peck You In The Face: Funny Chicken Gift for Chicken Lover, Women, Crazy Chicken Lady, Farmer | Journal Notebook for Writing and Note Taking",jamm CREW Designs,Paperback,"Aug 31, 2021",
0,https://www.amazon.com/dp/B09FC6F1SC,B09FC6F1SC,Graph Paper book: High Quality Grid/Graph Composition Notebook,Happy Publishers,Paperback,"Aug 31, 2021",
0,https://www.amazon.com/dp/B09FC6F1QM,B09FC6F1QM,Laboratory Notebook : Scientific Grid Format: Lab Notebook for Graduate Student Researchers | Specialist Scientific for Science Graduate Student| ... | 120 Numbered Graph Pages | 8.5” x 11”,Ethan P.K. Wright,Paperback,"Aug 31, 2021",
0,https://www.amazon.com/dp/B09FC6DXHM,B09FC6DXHM,Paperback Notebook: Colorful Art Watermelon Wide Ruled Paper Notebook Journal for Women Homeschool Office Teacher Adult 6 x 9 in. 100 Pages.,Thomasine Matthews,Paperback,"Aug 31, 2021",
0,https://www.amazon.com/dp/B09FC3RWD3,B09FC3RWD3,Paperback Notebook: Colorful Art vegetable Wide Ruled Paper Notebook Journal for Women Homeschool Office Teacher Adult 6 x 9 in. 100 Pages.,Thomasine Matthews,Paperback,"Aug 31, 2021",
0,https://www.amazon.com/dp/B09FBTW1FW,B09FBTW1FW,Graph Paper Notebook: Quad Ruled Notebook with Blank Graphing Paper for Science and Engineering Students,Book River Publication,Paperback,"Aug 31, 2021",
0,https://www.amazon.com/dp/B09FBTW1CL,B09FBTW1CL,Composition Notebook: Classic Polygonal Animal (Bear ) .Wide Ruled Lined Paper Notebook Journal,ben adam,Paperback,"Aug 31, 2021",
0,https://www.amazon.com/dp/B09FBTW17S,B09FBTW17S,"Bokeh Mermaid Composition Notebook: Pretty Mermaid Glitter Scales Wide Ruled Notebook Lined Journal for School, | 100 Pages | 6 x 9"" | (Bokeh ... Notebook, Children Kids Girls Teens Adults",mermaid bokeh book,Paperback,"Aug 31, 2021",
0,https://www.amazon.com/dp/B09FBTVWX9,B09FBTVWX9,Paperback Notebook: Colorful Art Fruit Wide Ruled Paper Notebook Journal for Women Homeschool Office Teacher Adult 6 x 9 in. 100 Pages.,Thomasine Matthews,Paperback,"Aug 31, 2021",
0,https://www.amazon.com/dp/B09F1N37YG,B09F1N37YG,"Nellie: Unicorn Notebook Personal Name Wide Lined Rule Paper | Notebook The Notebook For Writing Journal or Diary Women & Girls Gift for Birthday, For Student | 162 Pages Size 8.5x11inch",Johnathan Pratt,Paperback,"Aug 31, 2021",
0,https://www.amazon.com/dp/B09F1FY6MH,B09F1FY6MH,"Kylee: Unicorn Notebook Personal Name Wide Lined Rule Paper | Notebook The Notebook For Writing Journal or Diary Women & Girls Gift for Birthday, For Student | 162 Pages Size 8.5x11inch",Phyllis Wright,Paperback,"Aug 31, 2021",
1,https://www.amazon.com/dp/B09F1FWQFD,B09F1FWQFD,The Winchester Mystery: High Strangeness in an Archaeological Context,John G Sabol,Paperback,"Aug 31, 2021",
0,https://www.amazon.com/dp/B09F1FVH4J,B09F1FVH4J,Enter Entropy: Volume Five,Candice Michelle Goodwin,Kindle,"Aug 31, 2021",
0,https://www.amazon.com/dp/B09F1CZQ5L,B09F1CZQ5L,"Ingrid: Unicorn Notebook Personal Name Wide Lined Rule Paper | Notebook The Notebook For Writing Journal or Diary Women & Girls Gift for Birthday, For Student | 162 Pages Size 8.5x11inch",Percy Ramsey,Paperback,"Aug 31, 2021",
0,https://www.amazon.com/dp/B09F1CV6HT,B09F1CV6HT,"Della: Unicorn Notebook Personal Name Wide Lined Rule Paper | Notebook The Notebook For Writing Journal or Diary Women & Girls - Gift For Birthday, For Student | 162 Pages Size 8.5x11inch",Cedric Wallace,Paperback,"Aug 31, 2021",
0,https://www.amazon.com/dp/B09F1CV6B7,B09F1CV6B7,"August: Unicorn Notebook Personal Name Wide Lined Rule Paper | Notebook The Notebook For Writing Journal or Diary Women & Girls Gift for Birthday, For Student | 162 Pages Size 8.5x11inch",Johnathan Pratt,Paperback,"Aug 31, 2021",
0,https://www.amazon.com/dp/B09F16LZ3Y,B09F16LZ3Y,Undated Daily Planner: 8.5x11 One Page Per Day Diary / 365 Logs / 6AM to 7PM Hourly Schedule / German Shepherd Dog on Beach - Ocean Art Photo / To Do ... / Time Management Gift For Organized People,BND Three Six Five UND Publishing,Hardcover,"Aug 31, 2021",
0,https://www.amazon.com/dp/B09DZVM8K7,B09DZVM8K7,"Ayleen: Unicorn Notebook Personal Name Wide Lined Rule Paper | Notebook The Notebook For Writing Journal or Diary Women & Girls Gift for Birthday, For Student | 162 Pages Size 8.5x11inch",Percy Ramsey,Paperback,"Aug 31, 2021",
0,https://www.amazon.com/dp/9811234167,9811234167,Applied Physiology Of Exercise Laboratory Manual,G Balasekaran,Kindle,"Aug 31, 2021",
0,https://www.amazon.com/dp/6204201883,6204201883,Zinc Silicate Nanophosphor: Sonochemical synthesis and Solid State Lighting Applications,Basavaraj R.B.,Paperback,"Aug 31, 2021",
0,https://www.amazon.com/dp/6204201603,6204201603,Processing & Recycling of Polymer Plastic for Environment Applications: Polymer Plastic Recycling,Girish Joshi,Paperback,"Aug 31, 2021",
0,https://www.amazon.com/dp/3030846318,3030846318,"Influence of Internal Degrees of Freedom on Electric and Related Molecular Properties (SpringerBriefs in Electrical and Magnetic Properties of Atoms, Molecules, and Clusters)",Alexander S. Sharipov,Kindle,"Aug 31, 2021",
0,https://www.amazon.com/dp/3030828336,3030828336,Regulating Deep Sea Mining: A Myriad of Legal Frameworks (SpringerBriefs in Law),Klaas Willaert,Kindle,"Aug 31, 2021",
0,https://www.amazon.com/dp/9811549508,9811549508,External Interventions for Disaster Risk Reduction: Impacts on Local Communities (Advances in 21st Century Human Settlements),Imon Chowdhooree,Kindle,"Aug 30, 2021",
1,https://www.amazon.com/dp/B09F1FY6N1,B09F1FY6N1,Veterinary Anatomy Coloring Book: Animal Anatomy Coloring Book for Kids & Toddlers. Dog Cat Horse Frog Bird & Cow Anatomy Coloring Book. Great ... Anatomy Learning Book With Coloring.,Christliniafer Publication,Paperback,"Aug 30, 2021",
0,https://www.amazon.com/dp/B09FS825MR,B09FS825MR,Notebook,bleusasku design,Paperback,"Aug 30, 2021",
0,https://www.amazon.com/dp/B09FCHDRKC,B09FCHDRKC,"Get Outside More Journal: Camping, Hiking, and Nature Enthusiast Diary, Gift Idea",Dean Krosecz,Paperback,"Aug 30, 2021",
0,https://www.amazon.com/dp/B09FCFP7ZJ,B09FCFP7ZJ,"Graph Paper Notebook: Grid Paper Notebook, 120 Quad Ruled 5x5 Pages 8.5” x 11”: Graph Paper Composition Notebook for Students, Math, Science, and Art ... Graph Paper) | 5 Squares per inch. (Quad 5x5)",Kevin Ortiz,Paperback,"Aug 30, 2021",
0,https://www.amazon.com/dp/B09FCFNYRX,B09FCFNYRX,Notebook : Stay strong for yourself,Fati Edition,Paperback,"Aug 30, 2021",
0,https://www.amazon.com/dp/B09FCFHBZN,B09FCFHBZN,TuMac LLC: A Moment in Time,James Humbard,Kindle,"Aug 30, 2021",
0,https://www.amazon.com/dp/B09FCCLQKB,B09FCCLQKB,Talking to cows...,San Alesund Press,Paperback,"Aug 30, 2021",
0,https://www.amazon.com/dp/B09FCCLQCC,B09FCCLQCC,"Wildlife Journal: Cheetah journal or notebook for adults or school children, 6 x 9, 120 pages",Dr AW Maher,Paperback,"Aug 30, 2021",
0,https://www.amazon.com/dp/B09FCCLDJK,B09FCCLDJK,"Engineering Notebook: National Engingeering and Science Journal, professional Engineer Gifts For Work, Students, Teachers, Architects, Designers, ... X 4 Quad Ruled Book With 126 Pages 8.5""x11""",Jh Art,Paperback,"Aug 30, 2021",
0,https://www.amazon.com/dp/B09FCCDBCH,B09FCCDBCH,"Graphic Paper Notebook: Graph Paper Notebook: Graph Paper Grid Lined Elegant Design 6x9in,120 page for Math and Science Students, Artists, Architects and Enginners.",Zen in Life Publishing,Paperback,"Aug 30, 2021",
0,https://www.amazon.com/dp/B09FCB46W8,B09FCB46W8,"Graph Paper Notebook: Grid Composition Notebook For Math And Science Students Blank Quad Ruled (4X4 squares per inch), 8.5’’ x 11’’, 120 pages ( Gifts For Math Lover's )",Mst Umme Habiba,Paperback,"Aug 30, 2021",
0,https://www.amazon.com/dp/B09FCB46W7,B09FCB46W7,"Graph Paper Notebook: Grid Composition Notebook For Math And Science Students Blank Quad Ruled (4X4 squares per inch), 8.5’’ x 11’’, 120 pages ( Gifts For Math Lover's )",Mst Umme Habiba,Paperback,"Aug 30, 2021",
0,https://www.amazon.com/dp/B09FCB46S1,B09FCB46S1,"Composition Notebook Wide Ruled: Pink Panda Notebook, Cute Journal for Writing. Wide Rule 8.5x11” 120 Pages for Home School and Office",Kat Sherring,Paperback,"Aug 30, 2021",
0,https://www.amazon.com/dp/B09FC9ZXKZ,B09FC9ZXKZ,I'm just a girl who loves bees: Unique Design Soft Matte Covered Notebook/Journal With 100 Lined Pages (8x10),Stephen Johnson,Paperback,"Aug 30, 2021",
0,https://www.amazon.com/dp/B09FC9YPP1,B09FC9YPP1,Math Notebook 1/2 Inch Squares: Graph paper notebook 2 squares per inch: Happy Halloween Graph Paper Notebook Extra large 8.5X11inch 120 pages,Mary Ane,Paperback,"Aug 30, 2021",
0,https://www.amazon.com/dp/B09FC9Y5TZ,B09FC9Y5TZ,"Graph Paper Notebook Back to School Edition: Quad Ruled Composition Notebook, 100 pages Simple Math Notebook for Kids, Students and Teachers",Ann Lex,Paperback,"Aug 30, 2021",
0,https://www.amazon.com/dp/B09FC9HSKS,B09FC9HSKS,"Laboratory Notebook: Lab Notebook for Student Researchers, 8.5 by 11 inches, 160 Numbered Pages, 5x5 Quad",Smart Books,Paperback,"Aug 30, 2021",
0,https://www.amazon.com/dp/B09FC9HSG8,B09FC9HSG8,"The Talk Of The Days From Its Events Journal: Hamza Inspirational Diary Gift For Women,Men,Teen, Girls,Boys,Friend,Colleague,Office,Student,Class, ... gift;6×8 Inches;117 NUMBERD PAGES",University Student,Paperback,"Aug 30, 2021",
0,https://www.amazon.com/dp/B09FC9HS9W,B09FC9HS9W,"2022 Weekly & Monthly Planner, Cute Fox Cover, Unique Features: Self Care Routine, Vision Board, Happy Memory Clouds, etc; 8.5"" x 11"" inch, 113 Pages, Gift for Women",Andie Pi,Paperback,"Aug 30, 2021",
0,https://www.amazon.com/dp/B09FC87KDB,B09FC87KDB,"Graph paper notebook: Colorful cover, 8.5” x 11 ”, 120 pages",Adrian Cosmin Matei,Paperback,"Aug 30, 2021",
0,https://www.amazon.com/dp/B09FC6C2CN,B09FC6C2CN,"A cup for you: Cupcake on Pink Background Cover , Composition Lined Notebook - Large (8.5 x 11 inches) – with 100 Pages",Jindarath Ruayfupant,Paperback,"Aug 30, 2021",
0,https://www.amazon.com/dp/B09FC6C2CG,B09FC6C2CG,Hexagonal Graph Paper Notebook: Hexagonal Graph Paper Notebook: Small Hexagons Light Grey Grid Hex Grid Paper for Design Fantasy Role Playing Mapping,nano edition,Paperback,"Aug 30, 2021",
0,https://www.amazon.com/dp/B09FC6C29V,B09FC6C29V,Cute Multicoloured Cats Lined Notebook Composition Book Journal 110 pages (8.5 x 11inches - 21.59 x 27.94cm),Whiskers and Dreams,Paperback,"Aug 30, 2021",
0,https://www.amazon.com/dp/B09FC6C24L,B09FC6C24L,Notebook: College Ruled Composition Notebook - Blank Lined Journal - Dark Elegant Snakes And Flowers Pattern,Maddie Smart,Paperback,"Aug 30, 2021",
0,https://www.amazon.com/dp/B09FC6C248,B09FC6C248,Password book: Logbook to protect usernames and password | Notebook record for personal or business,manny ros,Paperback,"Aug 30, 2021",
0,https://www.amazon.com/dp/B09F1HYV4T,B09F1HYV4T,International Policing: An Introduction and Training Manual for a Train the Trainers Course,Michael Schulte-Schrepping,Paperback,"Aug 30, 2021",
0,https://www.amazon.com/dp/B09F1FVFZG,B09F1FVFZG,"Crystal: Unicorn Notebook Personal Name Wide Lined Rule Paper | Notebook The Notebook For Writing Journal or Diary Women & Girls Gift for Birthday, For Student | 162 Pages Size 8.5x11inch",Johnathan Pratt,Paperback,"Aug 30, 2021",
0,https://www.amazon.com/dp/B09F1BC2CW,B09F1BC2CW,"Zelda: Unicorn Notebook Personal Name Wide Lined Rule Paper | Notebook The Notebook For Writing Journal or Diary Women & Girls - Gift For Birthday, For Student | 162 Pages Size 8.5x11inch",Cedric Wallace,Paperback,"Aug 30, 2021",
0,https://www.amazon.com/dp/B09F16LTZY,B09F16LTZY,THE SCIENCE AND ESOTERIC MYSTICISM OF VOOVOO AND VOODOOISM-FACT OR FICTION,Othman Yusuf A.,Kindle,"Aug 30, 2021",
0,https://www.amazon.com/dp/B09F16L2WZ,B09F16L2WZ,"Kenia: Unicorn Notebook Personal Name Wide Lined Rule Paper | Notebook The Notebook For Writing Journal or Diary Women & Girls Gift for Birthday, For Student | 162 Pages Size 8.5x11inch",Percy Ramsey,Paperback,"Aug 30, 2021",
0,https://www.amazon.com/dp/B09DZVM8GL,B09DZVM8GL,"Della: Unicorn Notebook Personal Name Wide Lined Rule Paper | Notebook The Notebook For Writing Journal or Diary Women & Girls Gift for Birthday, For Student | 162 Pages Size 8.5x11inch",Percy Ramsey,Paperback,"Aug 30, 2021",
0,https://www.amazon.com/dp/B09DN32SXL,B09DN32SXL,"Nadia: Unicorn Notebook Personal Name Wide Lined Rule Paper | Notebook The Notebook For Writing Journal or Diary Women & Girls Gift for Birthday, For Student | 162 Pages Size 8.5x11inch",Phyllis Wright,Paperback,"Aug 30, 2021",
1,https://www.amazon.com/dp/9811564779,9811564779,Theory of Gyroscopic Effects for Rotating Objects: Gyroscopic Effects and Applications,Ryspek Usubamatov,Kindle,"Aug 30, 2021",
0,https://www.amazon.com/dp/981156227X,981156227X,Spectral Theory of Dynamical Systems: Second Edition (Texts and Readings in Mathematics),Mahendra Nadkarni,Hardcover,"Aug 30, 2021",
0,https://www.amazon.com/dp/9811560641,9811560641,Mathematical Analysis of Continuum Mechanics and Industrial Applications III: Proceedings of the International Conference CoMFoS18 (Mathematics for Industry),Hiromichi Itou,Kindle,"Aug 30, 2021",
1,https://www.amazon.com/dp/9811559538,9811559538,Applied Probability and Stochastic Processes (Infosys Science Foundation Series),V. C. Joshua,Kindle,"Aug 30, 2021",
0,https://www.amazon.com/dp/9811556954,9811556954,"Advances in Rotor Dynamics, Control, and Structural Health Monitoring: Select Proceedings of ICOVP 2017 (Lecture Notes in Mechanical Engineering)",Subashisa Dutta,Kindle,"Aug 30, 2021",
0,https://www.amazon.com/dp/9811548730,9811548730,Satellite Remote Sensing Technologies (Space Science and Technologies),Jindong Li,Kindle,"Aug 30, 2021",
0,https://www.amazon.com/dp/9811547181,9811547181,Functional Food Products and Sustainable Health,Saghir Ahmad,Kindle,"Aug 30, 2021",
0,https://www.amazon.com/dp/9463729364,9463729364,"Writing the Liberal Arts and Sciences: Truth, Dialogue, and Historical Consciousness",Mary Bouquet,Kindle,"Aug 30, 2021",
0,https://www.amazon.com/dp/9086863663,9086863663,"Book of Abstracts of the 72nd Annual Meeting of the European Federation of Animal Science: Davos, Switzerland, 30 August - 3 September 2021 (EAAP Book of Abstracts, 27)",Scientific Committee,Paperback,3 September 2021,
0,https://www.amazon.com/dp/6204201506,6204201506,Smallholder Dairy Farming and Livestock Extension Services: An Impact Assessment in Eastern India,Suman Garai,Paperback,"Aug 30, 2021",
0,https://www.amazon.com/dp/6204051911,6204051911,"BUDD-CHIARI Syndrome:: Epidemiological, Diagnostic, Therapeutic Profile",Sarra Hamdi,Paperback,"Aug 30, 2021",
0,https://www.amazon.com/dp/6204049194,6204049194,THE FORMULATION AND RESOLUTION OF MATHEMATICAL PROBLEMS: Example of procedures,Luis Alberto Rodríguez Núñez,Paperback,"Aug 30, 2021",
0,https://www.amazon.com/dp/6204048953,6204048953,FUNGICULTURE OF THE COMESTIBLE COGUMBLE Pleurotus ostreatus var. florida: DEVELOPMENT AND FRUITING OF Pleurotus ostreatus var.florida (JACQ.) P. KUMM ON AGROINDUSTRY WASTE,Vitória Albuquerque,Paperback,"Aug 30, 2021",
0,https://www.amazon.com/dp/6204048716,6204048716,The composting system as a proposal for social transformation: For youth and adult education,Maria Cecília Batista,Paperback,"Aug 30, 2021",
0,https://www.amazon.com/dp/6204048473,6204048473,Sociological Conceptions on Agrarian Issues in Brazil: Rural Sociology,Luiz Gustavo Batista Ferreira,Paperback,"Aug 30, 2021",
0,https://www.amazon.com/dp/6203923915,6203923915,Vessels in plants: Case study: Apocynaceae,Kailash Patel,Paperback,"Aug 30, 2021",
0,https://www.amazon.com/dp/6203616850,6203616850,Fish farming management at the Songhai center of SAVALOU,Michel Agodji,Paperback,"Aug 30, 2021",
0,https://www.amazon.com/dp/6137043789,6137043789,Incidence of Escherichia coli in a Fishing harbour (South India): Uropathogenic strains showing antibiotic resistance and ESBL production,Zubair A. A.,Paperback,"Aug 30, 2021",
0,https://www.amazon.com/dp/3659926531,3659926531,Puumala and Dobrava Hantaviruses: Development of PCR Protocols,Lejla Smajlović Skenderagić,Paperback,"Aug 30, 2021",
0,https://www.amazon.com/dp/3659921750,3659921750,Bio Fertilizers - A promising Alternative to Chemical Fertilizer: Biofertilizer in Organic Agriculture,Chandrakantha Mahendranathan,Paperback,"Aug 30, 2021",
0,https://www.amazon.com/dp/3346433390,3346433390,Image Encryption by Using ACGLML,Pradheep Manisekaran,Paperback,"Aug 30, 2021",
0,https://www.amazon.com/dp/3330336056,3330336056,A Practical Approach for Developing a Secure Xml Data Warehouse for Railway Security System: Case-study on Railway Security System,Mythily M,Paperback,"Aug 30, 2021",
0,https://www.amazon.com/dp/3330329904,3330329904,Gas Leakage Detector &auto Dialing Controller System,A.V Sudhakara Reddy,Paperback,"Aug 30, 2021",
0,https://www.amazon.com/dp/3330067861,3330067861,Detection of Gas Leakage & Auto Dialing Controller System,A.V. Sudhakara Reddy,Paperback,"Aug 30, 2021",
0,https://www.amazon.com/dp/3330062207,3330062207,A Hybrid Diesel PV based Wind Energy System with BLDC Generator,A.V. Sudhakara Reddy,Paperback,"Aug 30, 2021",
0,https://www.amazon.com/dp/3030560155,3030560155,Behavioral Pharmacology of the Cholinergic System (Current Topics in Behavioral Neurosciences),Mohammed Shoaib,Kindle,"Aug 30, 2021",
1,https://www.amazon.com/dp/3030520889,3030520889,The Major Metaphors of Evolution: Darwinism Then and Now (Evolutionary Biology – New Perspectives on Its Development),Salvatore J. Agosta,Hardcover,"Aug 30, 2021",
1,https://www.amazon.com/dp/3030518361,3030518361,"Superalloys 2020: Proceedings of the 14th International Symposium on Superalloys (The Minerals, Metals & Materials Series)",Sammy Tin,Kindle,"Aug 30, 2021",
0,https://www.amazon.com/dp/3030513602,3030513602,"Agricultural, Forestry and Bioindustry Biotechnology and Biodiscovery",Pablo A. Chong,Kindle,"Aug 30, 2021",
0,https://www.amazon.com/dp/3030476995,3030476995,"Regional Helix Ecosystems and Sustainable Growth: The Interaction of Innovation, Entrepreneurship and Technology Transfer (Studies on Entrepreneurship, Structural Change and Industrial Dynamics)",Luís Farinha,Kindle,"Aug 30, 2021",
0,https://www.amazon.com/dp/B09FC9YP2P,B09FC9YP2P,GRAPH PAPER NOTEBOOK: EINSTEIN QUAD RULED 4 x 4 PAD / for MATH SCIENCE ARCHITECTS ART / STUDENT NOTEBOOK / SQUARE GRID PAPER / FUN NOTEBOOKS,Chillica Flowers,Paperback,"Aug 29, 2021",
0,https://www.amazon.com/dp/B09F1N37P3,B09F1N37P3,"Learn Numbers With Math Work Book For Youths Age 8 Years Old: Number Tracing, Addition and Subtraction math workbook, coloring book",Emmeline Brown,Paperback,"Aug 29, 2021",
1,https://www.amazon.com/dp/3030512045,3030512045,"Auralization: Fundamentals of Acoustics, Modelling, Simulation, Algorithms and Acoustic Virtual Reality (RWTHedition)",Michael Vorländer,Kindle,"Aug 29, 2021",
0,https://www.amazon.com/dp/B09F192NT9,B09F192NT9,"Learn Numbers With Math Work Book For Teens Age 15 Years Old: Number Tracing, Addition and Subtraction math workbook, coloring book",Emmeline Brown,Paperback,"Aug 29, 2021",
0,https://www.amazon.com/dp/B09FC9YNRS,B09FC9YNRS,Birds of Connecticut: Bird Watching Log Book for Local Backyard Birders (Grownups and Kids Alike) | Birding Life List | Practical Bird Sighting Journal | Colorful Adventures for Couples,Emily Reyes-Ellis,Paperback,"Aug 29, 2021",
1,https://www.amazon.com/dp/B09FC9HQQP,B09FC9HQQP,"2022 Sudoku: 365 Puzzles Sudoku a Day Calendar 9x9 Of The Year 2022 For Adults, 5 Levels of Difficulty (Easy to Deadly), Blue Cover",Figueroa Bowers,Paperback,"Aug 29, 2021",
1,https://www.amazon.com/dp/B09DN1DYP7,B09DN1DYP7,"UFOs, Humanoids and Strange Phenomena of Ireland, Scotland and Wales",George Mitrovic,Kindle,"Aug 29, 2021",
0,https://www.amazon.com/dp/3658322322,3658322322,"The Sense of Taste: Of genes, molecules and the fascinating biology of one of the most fundamental senses (essentials)",Petra Schling,Kindle,"Aug 29, 2021",
0,https://www.amazon.com/dp/B09FCKC2Z6,B09FCKC2Z6,quad ruled composition notebook: Quad Ruled Graph Paper Composition Notebook for Math and Science Students | 120 Quad Ruled pages,MA Library,Paperback,"Aug 29, 2021",
1,https://www.amazon.com/dp/B09FCKC2PQ,B09FCKC2PQ,Birds of Arizona: Bird Watching Log Book for Local Backyard Birders (Grownups and Kids Alike) | Birding Life List | Practical Bird Sighting Journal | Colorful Adventures for Couples,Emily Reyes-Ellis,Paperback,"Aug 29, 2021",
0,https://www.amazon.com/dp/B09FCHPK5B,B09FCHPK5B,Journal,Wanda Clark,Paperback,"Aug 29, 2021",
0,https://www.amazon.com/dp/B09FCHDQYX,B09FCHDQYX,Graph Paper Notebook,Prairie Ink Press,Paperback,"Aug 29, 2021",
0,https://www.amazon.com/dp/B09FCFH81K,B09FCFH81K,"Math The Only Subject That Counts Notebook: School Supplies For kids, School Student Notebook To Write In, Gift For Girls and Boys",James lmgyt,Paperback,"Aug 29, 2021",
0,https://www.amazon.com/dp/B09FCFH7QW,B09FCFH7QW,"Notebook: Lined Journal For Writing Notes, Blue Marble Design, 8.5 x 11 inches (Letter size), Abstract Modern Style With Golden Splatter Stains, 100 Pages / 50 Sheets",Breezy Colors Design,Paperback,"Aug 29, 2021",
1,https://www.amazon.com/dp/B09FCCLPKZ,B09FCCLPKZ,Birds of Kansas: Bird Watching Log Book for Local Backyard Birders (Grownups and Kids Alike) | Birding Life List | Practical Bird Sighting Journal | Colorful Adventures for Couples,Emily Reyes-Ellis,Paperback,"Aug 29, 2021",
0,https://www.amazon.com/dp/B09FCCLCXV,B09FCCLCXV,"Birdwatch is my Middle Name: Lined Notebook, Journal, Composition book, Idea book, Workbook, Sketchbook, Planner or Diary | 120 pages | college ruled | 6 x 9 inch | 15.24 x 22.86 cm | ca. DIN A5",MKK Journals,Paperback,"Aug 29, 2021",
0,https://www.amazon.com/dp/B09FCCD9DL,B09FCCD9DL,Don't be busy just be productive daily planner with motivational quotes and colorfull flowers design: This book is perfect for a women who wants to focus on her goals and get shit done,Daily planner designer Flowers designer,Paperback,"Aug 29, 2021",
0,https://www.amazon.com/dp/B09FCCD93P,B09FCCD93P,"Organic Chemistry Hexagonal Graph Paper Notebook: Red Cover - 8.5"" x 11"" Size - 120 Pages",ECI Press,Paperback,"Aug 29, 2021",
0,https://www.amazon.com/dp/B09FCB46RC,B09FCB46RC,Outer Space Sketchbook,Crystal N Grant,Paperback,"Aug 29, 2021",
0,https://www.amazon.com/dp/B09FCB46MY,B09FCB46MY,"Strawberry Composition Notebook: Cute Pink Strawberry Theme Composition Notebook Blank Wide Ruled 120 Pages 7.5"" x 9.25 Ideal Gift for Kids, Students ... for Going Back To School or Homeschool",Jynxiee Books,Paperback,"Aug 29, 2021",
0,https://www.amazon.com/dp/B09FCB46HM,B09FCB46HM,Notebook: Temperatti Notebooks Nature and Leaves Notebook Size (5 x 8 Inches) 126 Pages,Temperatti Notebooks,Paperback,"Aug 29, 2021",
0,https://www.amazon.com/dp/B09FCB465R,B09FCB465R,"Notebook: 6""x 9""(120 pages)",Sim Creations,Paperback,"Aug 29, 2021",
0,https://www.amazon.com/dp/B09FCB2399,B09FCB2399,Birds of South Dakota: Bird Watching Log Book for Local Backyard Birders (Grownups and Kids Alike) | Birding Life List | Practical Bird Sighting Journal | Colorful Adventures for Couples,Emily Reyes-Ellis,Paperback,"Aug 29, 2021",
0,https://www.amazon.com/dp/B09FC9YNZY,B09FC9YNZY,Notebook: Black and Gold Bee and Honeycomb Print,Sarah Evans,Paperback,"Aug 29, 2021",
0,https://www.amazon.com/dp/B09FC86JDM,B09FC86JDM,Birds of Wyoming: Bird Watching Log Book for Local Backyard Birders (Grownups and Kids Alike) | Birding Life List | Practical Bird Sighting Journal | Colorful Adventures for Couples,Emily Reyes-Ellis,Paperback,"Aug 29, 2021",
0,https://www.amazon.com/dp/B09FC86JDK,B09FC86JDK,"Happy Halloween Graph Paper Notebook ; Frankenstein Halloween Graph Paper Notebook Quad Ruled 5 squares per inch: Halloween Journal Notebook, Scary Halloween Monster. For Horror Fans",Mary Ane,Paperback,"Aug 29, 2021",
0,https://www.amazon.com/dp/B09FC86J1C,B09FC86J1C,"Fishing Logbook: 6"" x 9"" Fisherman's Logbook to Record and Track Fishing Activities, 120 Pages",Blessing Direct,Paperback,"Aug 29, 2021",
0,https://www.amazon.com/dp/B09FC6FBSD,B09FC6FBSD,"Whale Composition Notebook: Composition Notebook, Journal for Kids Grades K2, Diary for Teens and Adults",Isabella Raine,Paperback,"Aug 29, 2021",
0,https://www.amazon.com/dp/B09FC6FBNT,B09FC6FBNT,"Funny Engineer Notebook University Graduation Gift.: Lined Notebook / Journal Gift, 100 Pages, 6x9, Soft Cover.",Engineer Quotes,Paperback,"Aug 29, 2021",
0,https://www.amazon.com/dp/B09FC6DYG4,B09FC6DYG4,"Space Astronaut Primary Story Journal Composition Book: Grades K-2 Writing Notebook: Picture Space And Dashed Midline School, Handwriting Practice ... to Early Childhood (Space Astronaut Journals)",Novak Print Space,Paperback,"Aug 29, 2021",
0,https://www.amazon.com/dp/B09FC6DY9Z,B09FC6DY9Z,"8.5"" x 11"" Blank Graph Paper Notebook: Quarter inch (4 squares per inch) Grid Composition, Cream Sheets, 120 pages, Includes a ""Table of Contents"" Page.",PuzzNote Book Publishing,Paperback,"Aug 29, 2021",
0,https://www.amazon.com/dp/B09F8Y7MQJ,B09F8Y7MQJ,My Favorite Recipes: 8.5x11 Extra Large Blank Recipe Book / Log 160 Meals In Your Own DIY Cookbook / Pink Blue Flower Garden - Floral Art / Organizer ... / Cooking Diary To Write In With Lined Sheets,Chow Time Huge Press,Hardcover,"Aug 29, 2021",
0,https://www.amazon.com/dp/B09F1KP9G9,B09F1KP9G9,My Favorite Recipes: 8.5x11 Extra Large Blank Recipe Book / Log 160 Meals In Your Own DIY Cookbook / Yellow Green Garden Herb Pattern / Organizer With ... / Cooking Diary To Write In With Lined Sheets,Chow Time Huge Press,Hardcover,"Aug 29, 2021",
0,https://www.amazon.com/dp/B09F1FY464,B09F1FY464,"Learn Numbers With Math Work Book For Youths Age 10 Years Old: Number Tracing, Addition and Subtraction math workbook, coloring book",Emmeline Brown,Paperback,"Aug 29, 2021",
0,https://www.amazon.com/dp/B09F1FRN4Q,B09F1FRN4Q,"Gold Fish Coloring Book For Kids: This book for a kids with gold fish collection, stress remissive & relaxation.",SR BOOK HOUSE,Paperback,"Aug 29, 2021",
0,https://www.amazon.com/dp/B09F192NVN,B09F192NVN,"Learn Numbers With Math Work Book For Teens Age 17 Years Old: Number Tracing, Addition and Subtraction math workbook, coloring book",Emmeline Brown,Paperback,"Aug 29, 2021",
1,https://www.amazon.com/dp/9811647011,9811647011,Artificial Intelligence for Automated Pricing Based on Product Descriptions (SpringerBriefs in Applied Sciences and Technology),Nguyen Thi Ngoc Anh,Kindle,"Aug 29, 2021",
1,https://www.amazon.com/dp/9811567530,9811567530,Management 4.0: Cases and Methods for the 4th Industrial Revolution (Blockchain Technologies),James R. Reagan,Kindle,"Aug 29, 2021",
0,https://www.amazon.com/dp/9811564574,9811564574,Multidisciplinary Design Optimization and Its Application in Deep Manned Submersible Design (Ocean Engineering & Oceanography),Binbin Pan,Kindle,"Aug 29, 2021",
0,https://www.amazon.com/dp/9811562040,9811562040,"Intelligent and Cloud Computing: Proceedings of ICICC 2019, Volume 2 (Smart Innovation, Systems and Technologies, 153)",Debahuti Mishra,Kindle,"Aug 29, 2021",
0,https://www.amazon.com/dp/981155871X,981155871X,Advances in Automated Negotiations (Studies in Computational Intelligence),Takayuki Ito,Kindle,"Aug 29, 2021",
0,https://www.amazon.com/dp/9811553033,9811553033,Conservation and Reintroduction of Rare and Endangered Plants in China,Hai Ren,Kindle,"Aug 29, 2021",
0,https://www.amazon.com/dp/9811551030,9811551030,Sustainable Practices and Innovations in Civil Engineering: Select Proceedings of SPICE 2019 (Lecture Notes in Civil Engineering),S. Ramanagopal,Hardcover,"Aug 29, 2021",
0,https://www.amazon.com/dp/9811550751,9811550751,"New Developments of IT, IoT and ICT Applied to Agriculture: Proceedings of ICAIT 2019 (Smart Innovation, Systems and Technologies)",Kazumi Nakamatsu,Kindle,"Aug 29, 2021",
0,https://www.amazon.com/dp/9811548927,9811548927,Plant Phenolics in Sustainable Agriculture: Volume 1,Rafiq Lone,Kindle,"Aug 29, 2021",
0,https://www.amazon.com/dp/9811540934,9811540934,Resilience and Human History: Multidisciplinary Approaches and Challenges for a Sustainable Future (Translational Systems Sciences),Yumiko Nara,Kindle,"Aug 29, 2021",
0,https://www.amazon.com/dp/6204045741,6204045741,Characterization of honey production: Case of the Mumosho group in the Kabare territory.,Eustache FADHILI NTABOBA,Paperback,"Aug 29, 2021",
0,https://www.amazon.com/dp/6200623058,6200623058,Real Estate - Urban Geographical: Information System Of A Municipality,Gheorghe Salceanu,Paperback,"Aug 29, 2021",
2,https://www.amazon.com/dp/3030792862,3030792862,Brain-Computer Interface Research: A State-of-the-Art Summary 10 (SpringerBriefs in Electrical and Computer Engineering),Christoph Guger,Kindle,"Aug 29, 2021",
0,https://www.amazon.com/dp/3030790312,3030790312,Triple Double: Using Statistics to Settle NBA Debates (SpringerBriefs in Statistics),Arilova A. Randrianasolo,Kindle,"Aug 29, 2021",
0,https://www.amazon.com/dp/3030577473,3030577473,"Advances in Asset Management and Condition Monitoring: COMADEM 2019 (Smart Innovation, Systems and Technologies, 166)",Andrew Ball,Kindle,"Aug 29, 2021",
0,https://www.amazon.com/dp/3030526658,3030526658,"Explaining Health Across the Sciences (Healthy Ageing and Longevity, 12)",Jonathan Sholl,Hardcover,"Aug 29, 2021",
0,https://www.amazon.com/dp/3030513645,3030513645,Manipulating Anisotropic Transport and Superconductivity by Focused Ion Beam Microstructuring (Springer Theses),Maja D. Bachmann,Kindle,"Aug 29, 2021",
1,https://www.amazon.com/dp/3030496155,3030496155,The Physics of Laser Plasmas and Applications - Volume 1: Physics of Laser Matter Interaction (Springer Series in Plasma Science and Technology),Hideaki Takabe,Hardcover,"Aug 29, 2021",
0,https://www.amazon.com/dp/3030440052,3030440052,Cycling & Walking for Regional Development: How Slowness Regenerates Marginal Areas (Research for Development),Paolo Pileri,Kindle,"Aug 29, 2021",
3,https://www.amazon.com/dp/3030561585,3030561585,Health Care Ethics through the Lens of Moral Distress (The International Library of Bioethics),Kristen Jones-Bonofiglio,Kindle,"Aug 28, 2021",
3,https://www.amazon.com/dp/3030501825,3030501825,Lectures on Convex Geometry (Graduate Texts in Mathematics),Daniel Hug,Hardcover,"Aug 28, 2021",
0,https://www.amazon.com/dp/3030859460,3030859460,"Algorithmic Game Theory: 14th International Symposium, SAGT 2021, Aarhus, Denmark, September 21–24, 2021, Proceedings (Information Systems and Applications, incl. Internet/Web, and HCI)",Ioannis Caragiannis,Kindle,"Aug 28, 2021",
0,https://www.amazon.com/dp/9356378886,9356378886,Kings in Exile,Sir Charles G D Roberts,Kindle,"Aug 28, 2021",
0,https://www.amazon.com/dp/3030527174,3030527174,Neural-Network Simulation of Strongly Correlated Quantum Systems (Springer Theses),Stefanie Czischek,Kindle,"Aug 28, 2021",
0,https://www.amazon.com/dp/3030492982,3030492982,A Planetary Economy,Fraser Murison Smith,Kindle,"Aug 28, 2021",
0,https://www.amazon.com/dp/3030415465,3030415465,Tecnomatix Plant Simulation: Modeling and Programming by Means of Examples,Steffen Bangsow,Hardcover,"Aug 28, 2021",
0,https://www.amazon.com/dp/B09FCKC26Q,B09FCKC26Q,Frog Notebook: Kawaii Frog Journal,Write Mind Press,Paperback,"Aug 28, 2021",
0,https://www.amazon.com/dp/B09FCKC24H,B09FCKC24H,Stay Cozy: notebook,Library in the Woods,Paperback,"Aug 28, 2021",
0,https://www.amazon.com/dp/B09FCHQ9V9,B09FCHQ9V9,"Graph Paper Notebook: Grid Paper Notebook, for Math and Science Students Blank Quad Ruled (4 squares per inch) 100 Pages, 8.5 x 11",Elwyn Books,Paperback,"Aug 28, 2021",
0,https://www.amazon.com/dp/B09FCHNLPD,B09FCHNLPD,"Graph Paper Notebook 4 Squares Per inch:: Composition Notebook for Practice, High College Graph Paper…No Spiral, Squared Notebook, Math,Scienc e, Algebra.”Paper Pads 8.5’’x11""",Marie Book Publishing,Paperback,"Aug 28, 2021",
0,https://www.amazon.com/dp/B09FCFP7WW,B09FCFP7WW,College Ruled Notebook: Rainbows,Yellow Kat Press,Paperback,"Aug 28, 2021",
0,https://www.amazon.com/dp/B09FCFP7TY,B09FCFP7TY,"Math Notebook: Math Paper and Science Composition Notebook for Stundents with 120 pages (8,5 X 11 inches)",Helenka Willis,Paperback,"Aug 28, 2021",
0,https://www.amazon.com/dp/B09FCFH7B9,B09FCFH7B9,"Graph Paper Composition Notebook: 120 pages, 4x4, 8.5""x11"" Graph Paper Notebook for Math and Science Students",Matino Design,Paperback,"Aug 28, 2021",
0,https://www.amazon.com/dp/B09FCCLCDP,B09FCCLCDP,"my isometric graph paper notebook for kids: Simple Isometric Graph Paper Notebook - 120 Pages (8.5"" x 11"" Inches)",pash pasha,Paperback,"Aug 28, 2021",
0,https://www.amazon.com/dp/B09FCCLC83,B09FCCLC83,"SCIENCE NOTEBOOK: Dual Notebook with Alternate Blank and Lined Pages | Perfect for science students to write and draw illustrations, graphs, ... school gift for science students and teachers",New Learning World,Paperback,"Aug 28, 2021",
0,https://www.amazon.com/dp/B09FCCD7XJ,B09FCCD7XJ,Autumn is My Bliss: journal,Library in the Woods,Paperback,"Aug 28, 2021",
0,https://www.amazon.com/dp/B09FCC17WT,B09FCC17WT,Dot Grid Notebook: Modern Minimalist coloring Notebook,DGN Creators,Paperback,"Aug 28, 2021",
0,https://www.amazon.com/dp/B09FC9YN8R,B09FC9YN8R,"Primary Composition Notebook: Adorable Space Astronaut, Grades K-2 Kindergarten Writing Exercise Book (Draw & Write Story Journal)","ShantiGirl Productions, Inc.",Paperback,"Aug 28, 2021",
0,https://www.amazon.com/dp/B09FC9YN5R,B09FC9YN5R,"Composition Notebook: Beautiful Vintage Ascidian Illustration. College Ruled, 120 Pages, 7.5 x 9.75 in, College Ruled Composition Notebook",Sam D.A,Paperback,"Aug 28, 2021",
0,https://www.amazon.com/dp/B09FC9HQHD,B09FC9HQHD,Graph Paper Notebook: Grid Composition Notebook for Math and Science Students Blank | Squared Graphing Paper | Graph Paper Composition Book | 120 Quad Ruled 4x4 Pages,Grateful Soul Press,Paperback,"Aug 28, 2021",
0,https://www.amazon.com/dp/B09FC8CLFB,B09FC8CLFB,My Favorite Notebook,Wanda Clark,Paperback,"Aug 28, 2021",
0,https://www.amazon.com/dp/B09FC7J9NM,B09FC7J9NM,"Composition Book-Yellow Flowers: Wide ruled lined paper - 7.44"" x 9.69"" - 200 Pages – Student notebook with class details page",Bayou Black Wolves,Paperback,"Aug 28, 2021",
0,https://www.amazon.com/dp/B09FC6FBL8,B09FC6FBL8,"Navy Blue Marble Composition Notebook: College Ruled Composition Notebook for Students, Children, Teachers, Business, Office and Home | For Middle ... College Ruled Pages | One Subject Notebook",Lee Fox,Paperback,"Aug 28, 2021",
0,https://www.amazon.com/dp/B09FC6FBKH,B09FC6FBKH,"Notebook: Geometry Notebook (8.5 X 11in), Wide Ruled, 120 Sheets",Ann Robinson,Paperback,"Aug 28, 2021",
0,https://www.amazon.com/dp/B09FC5VNTR,B09FC5VNTR,Paperback Notebook: Colorful Art Birds Wide Ruled Paper Notebook Journal for Women Homeschool Office Teacher Adult 6 x 9 in. 100 Pages.,Thomasine Matthews,Paperback,"Aug 28, 2021",
0,https://www.amazon.com/dp/B09FC5986W,B09FC5986W,"GRAPH PAPER COMPOSITION NOTEBOOK: Graph ruled paper 5""×8""",Mriganka Borah,Paperback,"Aug 28, 2021",
0,https://www.amazon.com/dp/B09FC5982S,B09FC5982S,"Graph Paper Composition Notebook: Perfect for Math & Science Activities, Graph Paper for students , Grid Paper, Quad Ruled 5x5, 100 Pages (Large, 8.5 x 11)",BIDA BOOKS,Paperback,"Aug 28, 2021",
0,https://www.amazon.com/dp/B09FC3PVM2,B09FC3PVM2,Paperback Notebook: Colorful Art Birds Wide Ruled Paper Notebook Journal for Women Homeschool Office Teacher Adult 6 x 9 in. 100 Pages.,Thomasine Matthews,Paperback,"Aug 28, 2021",
0,https://www.amazon.com/dp/B09FBZ3HQW,B09FBZ3HQW,Graph Paper Notebook: 4x4 Quad Ruled Graph Paper Notebook 8.5 x 11 inches | 120 Quad Ruled pages | Grid Paper Notebook for Math and Science Students,The Little Press,Paperback,"Aug 28, 2021",
0,https://www.amazon.com/dp/B09FBWTSFT,B09FBWTSFT,"Graph Paper Notebook: 120 Quad-Ruled Pages | 8.5 x 11 Dimensions | Perfect For Kids Or Adults | Suitable For College Students, University Students, And Professionals",Lioneck Books,Paperback,"Aug 28, 2021",
0,https://www.amazon.com/dp/B09FBWTSCN,B09FBWTSCN,"Composition Book-Light pink stars: Wide ruled lined paper - 7.44"" x 9.69"" - 200 Pages – Student notebook with class details page",Bayou Black Wolves,Paperback,"Aug 28, 2021",
1,https://www.amazon.com/dp/B09FBV4QLC,B09FBV4QLC,Let's Flamin-go: Password book,Anthony Schwartz,Paperback,"Aug 28, 2021",
0,https://www.amazon.com/dp/B09FBLLCZN,B09FBLLCZN,"Composition Book-Purple & Yellow Stars: Wide ruled lined paper - 7.44"" x 9.69"" - 200 Pages – Student notebook with class details page",Bayou Black Wolves,Paperback,"Aug 28, 2021",
0,https://www.amazon.com/dp/B09F1HYRPR,B09F1HYRPR,"Persephone: Unicorn Notebook Personal Name Wide Lined Rule Paper | Notebook The Notebook For Writing Journal or Diary Women & Girls Gift for Birthday, For Student | 162 Pages Size 8.5x11inch",Clayton Gill,Paperback,"Aug 28, 2021",
0,https://www.amazon.com/dp/B09F1CZQZ9,B09F1CZQZ9,"Renata: Unicorn Notebook Personal Name Wide Lined Rule Paper | Notebook The Notebook For Writing Journal or Diary Women & Girls - Gift For Birthday, For Student | 162 Pages Size 8.5x11inch",Cedric Wallace,Paperback,"Aug 28, 2021",
0,https://www.amazon.com/dp/B09F1CZQ3P,B09F1CZQ3P,"Noa: Unicorn Notebook Personal Name Wide Lined Rule Paper | Notebook The Notebook For Writing Journal or Diary Women & Girls Gift for Birthday, For Student | 162 Pages Size 8.5x11inch",Percy Ramsey,Paperback,"Aug 28, 2021",
0,https://www.amazon.com/dp/B09F1CVYPV,B09F1CVYPV,"Jaylah: Unicorn Notebook Personal Name Wide Lined Rule Paper | Notebook The Notebook For Writing Journal or Diary Women & Girls Gift for Birthday, For Student | 162 Pages Size 8.5x11inch",Percy Ramsey,Paperback,"Aug 28, 2021",
0,https://www.amazon.com/dp/B09F1CV8SW,B09F1CV8SW,Family Recipes For My Grandson: 8.5x11 Extra Large Blank Recipe Book / Log 160 Meals In Your Own DIY Cookbook / Pasta Fork Polka Dot Theme / Organizer ... / Cooking Diary To Write In With Lined Sheets,Chow Time Huge Press,Hardcover,"Aug 28, 2021",
0,https://www.amazon.com/dp/B09F1CV6HH,B09F1CV6HH,"Jazmin: Unicorn Notebook Personal Name Wide Lined Rule Paper | Notebook The Notebook For Writing Journal or Diary Women & Girls - Gift For Birthday, For Student | 162 Pages Size 8.5x11inch",Cedric Wallace,Paperback,"Aug 28, 2021",
0,https://www.amazon.com/dp/B09F1BC2CD,B09F1BC2CD,"Astrid: Unicorn Notebook Personal Name Wide Lined Rule Paper | Notebook The Notebook For Writing Journal or Diary Women & Girls - Gift For Birthday, For Student | 162 Pages Size 8.5x11inch",Cedric Wallace,Paperback,"Aug 28, 2021",
0,https://www.amazon.com/dp/B09DZVM8F7,B09DZVM8F7,"Kylee: Unicorn Notebook Personal Name Wide Lined Rule Paper | Notebook The Notebook For Writing Journal or Diary Women & Girls Gift for Birthday, For Student | 162 Pages Size 8.5x11inch",Percy Ramsey,Paperback,"Aug 28, 2021",
0,https://www.amazon.com/dp/B09DN3666K,B09DN3666K,"Learn Numbers With Math Work Book For Adults Age 85 Years Old: Number Tracing, Addition and Subtraction math workbook, coloring book",Kellie Lamb,Paperback,"Aug 28, 2021",
0,https://www.amazon.com/dp/B09DN3665T,B09DN3665T,"Learn Numbers With Math Work Book For Adults Age 86 Years Old: Number Tracing, Addition and Subtraction math workbook, coloring book",Kellie Lamb,Paperback,"Aug 28, 2021",
0,https://www.amazon.com/dp/B09DN32TPZ,B09DN32TPZ,"Learn Numbers With Math Work Book For Adults Age 94 Years Old: Number Tracing, Addition and Subtraction math workbook, coloring book",Kellie Lamb,Paperback,"Aug 28, 2021",
0,https://www.amazon.com/dp/B09DMTZNB4,B09DMTZNB4,"Learn Numbers With Math Work Book For Adults Age 96 Years Old: Number Tracing, Addition and Subtraction math workbook, coloring book",Kellie Lamb,Paperback,"Aug 28, 2021",
0,https://www.amazon.com/dp/B09DMTR49V,B09DMTR49V,"Learn Numbers With Math Work Book For Adults Age 99 Years Old: Number Tracing, Addition and Subtraction math workbook, coloring book",Kellie Lamb,Paperback,"Aug 28, 2021",
0,https://www.amazon.com/dp/B09DMP8CQB,B09DMP8CQB,"Learn Numbers With Math Work Book For Adults Age 58 Years Old: Number Tracing, Addition and Subtraction math workbook, coloring book",Kellie Lamb,Paperback,"Aug 28, 2021",
1,https://www.amazon.com/dp/9813291494,9813291494,Herbs for Cancer Treatment,Bhupendra Koul,Kindle,"Aug 28, 2021",
0,https://www.amazon.com/dp/9811570884,9811570884,Neural Circuits of Innate Behaviors (Advances in Experimental Medicine and Biology),Hao Wang,Kindle,"Aug 28, 2021",
0,https://www.amazon.com/dp/9811566399,9811566399,"Perovskite Quantum Dots: Synthesis, Properties and Applications (Springer Series in Materials Science)",Ye Zhou,Kindle,"Aug 28, 2021",
0,https://www.amazon.com/dp/9811563136,9811563136,"Discrete-Time Sliding Mode Protocols for Discrete Multi-Agent System (Studies in Systems, Decision and Control)",Keyurkumar Patel,Kindle,"Aug 28, 2021",
0,https://www.amazon.com/dp/9811561184,9811561184,Recent Advances in Thin Films (Materials Horizons: From Nature to Nanomaterials),Sushil Kumar,Kindle,"Aug 28, 2021",
0,https://www.amazon.com/dp/9811543801,9811543801,Artificial Hearts: Technology and Therapy Management,Ming Yang,Kindle,"Aug 28, 2021",
0,https://www.amazon.com/dp/9356377588,9356377588,"The Journal of Geology, January-February 1893; A Semi-Quarterly Magazine of Geology and Related Sciences",Various,Paperback,"Aug 28, 2021",
0,https://www.amazon.com/dp/9356377510,9356377510,"Journal of Entomology and Zoology, Vol. 11, No. 4, December 1919",Various,Paperback,"Aug 28, 2021",
0,https://www.amazon.com/dp/935637743X,935637743X,"Journal of Entomology and Zoology, Vol. 11, No. 2, June 1919",Various,Paperback,"Aug 28, 2021",
0,https://www.amazon.com/dp/9356377359,9356377359,"Journal of Entomology and Zoology, Vol. 11, No. 1, March 1919",Various,Paperback,"Aug 28, 2021",
0,https://www.amazon.com/dp/9356377278,9356377278,"Journal of Entomology and Zoology, Vol. 09, No. 3, September 1917",Various,Paperback,"Aug 28, 2021",
0,https://www.amazon.com/dp/9356377197,9356377197,"Journal of Entomology and Zoology, Vol. 09, No. 1, March 1917",Various,Paperback,"Aug 28, 2021",
0,https://www.amazon.com/dp/9356377111,9356377111,"Journal of Entomology and Zoology, Vol. 06, No. 4, December 1914",Various,Paperback,"Aug 28, 2021",
0,https://www.amazon.com/dp/9356376956,9356376956,"The Journal of Electricity, Power and Gas, Volume XX, No. 18, May 2, 1908;Devoted to the Conversion, Transmission and Distribution of Energy",Various,Paperback,"May 2, 1908",
0,https://www.amazon.com/dp/6204201468,6204201468,"Engineering Chemistry: Molecular Structure,Water,Electro Chemistry,Drug Molecules,Spectroscopic Techniques",Mr.Rajkumar Samala,Paperback,"Aug 28, 2021",
0,https://www.amazon.com/dp/620420128X,620420128X,Disparities in Dairy Development in Maharashtra State of India: A Regional Study,Bulbul Nagrale,Paperback,"Aug 28, 2021",
0,https://www.amazon.com/dp/3662634120,3662634120,Sampling Designs Dependent on Sample Parameters of Auxiliary Variables (SpringerBriefs in Statistics),Janusz L. Wywiał,Kindle,"Aug 28, 2021",
0,https://www.amazon.com/dp/3030862577,3030862577,"Practical Applications of Computational Biology & Bioinformatics, 15th International Conference (PACBB 2021) (Lecture Notes in Networks and Systems)",Miguel Rocha,Kindle,"Aug 28, 2021",
0,https://www.amazon.com/dp/3030859762,3030859762,"Information and Knowledge Systems. Digital Technologies, Artificial Intelligence and Decision Making: 5th International Conference, ICIKS 2021, ... Notes in Business Information Processing)",Inès Saad,Kindle,"Aug 28, 2021",
1,https://www.amazon.com/dp/3030561445,3030561445,Microphysics of Magnetic Reconnection in Near-Earth Space: Spacecraft Observations and Numerical Simulations (Springer Theses),Giulia Cozzani,Kindle,"Aug 28, 2021",
0,https://www.amazon.com/dp/3030560791,3030560791,"Sunscreens in Coastal Ecosystems: Occurrence, Behavior, Effect and Risk (The Handbook of Environmental Chemistry)",Antonio Tovar-Sánchez,Kindle,"Aug 28, 2021",
0,https://www.amazon.com/dp/3030549194,3030549194,"Cell Biology and Translational Medicine, Volume 9: Stem Cell-Based Therapeutic Approaches in Disease",Kursad Turksen,Paperback,"Aug 28, 2021",
0,https://www.amazon.com/dp/3030542904,3030542904,Searching for Squarks: in Compressed States and States with Jets from Charm Quarks with the Atlas Detector (Springer Theses),Samuel Jones,Kindle,"Aug 28, 2021",
0,https://www.amazon.com/dp/3030536041,3030536041,Fluid Flow and Heat Transfer in Porous Media Manufactured by a Space Holder Method (Springer Theses),Xianke Lu,Hardcover,"Aug 28, 2021",
3,https://www.amazon.com/dp/3030524728,3030524728,"Artificial Intelligence, Computational Modelling and Criminal Proceedings: A Framework for A European Legal Discussion (Legal Studies in International, European and Comparative Criminal Law)",Serena Quattrocolo,Kindle,"Aug 28, 2021",
0,https://www.amazon.com/dp/303048808X,303048808X,Basic Exercise Physiology: Clinical and Laboratory Perspectives,Moran S. Saghiv,Hardcover,"Aug 28, 2021",
0,https://www.amazon.com/dp/3030442098,3030442098,Interpretative Aspects of Quantum Mechanics: Matteo Campanella's Mathematical Studies (UNIPA Springer Series),Matteo Campanella,Hardcover,"Aug 28, 2021",
0,https://www.amazon.com/dp/3030247643,3030247643,Breast Cancer in Young Women,Oreste Gentilini,Kindle,"Aug 28, 2021",
2,https://www.amazon.com/dp/3030735745,3030735745,The Sustainable Development Goals in Higher Education: A Transformative Agenda?,Wendy Steele,Kindle,"Aug 27, 2021",
0,https://www.amazon.com/dp/3030490424,3030490424,"Transformative Climate Governance: A Capacities Perspective to Systematise, Evaluate and Guide Climate Action (Palgrave Studies in Environmental Transformation, Transition and Accountability)",Katharina Hölscher,Kindle,"Aug 27, 2021",
0,https://www.amazon.com/dp/B09FCB27YW,B09FCB27YW,"Composition NoteBook : Flowers Composition Notebook For kids, Youth and Aduls, College Wide Ruled 7.5 x 9.25 (100 Pages)",Titimabde,Paperback,"Aug 27, 2021",
0,https://www.amazon.com/dp/B09FC7XC4Z,B09FC7XC4Z,Graph Composition Notebook,Grateful for Life,Paperback,"Aug 27, 2021",
0,https://www.amazon.com/dp/B09F8Y7MQK,B09F8Y7MQK,First We Gobble Then We Wobble: 8.5x11 Extra Large Blank Recipe Book / Log 160 Meals In Your Own DIY Cookbook / Fun Organizer With Index Pages / Cooking Diary To Write In With Lined Sheets,Chow Time Huge Press,Hardcover,"Aug 27, 2021",
0,https://www.amazon.com/dp/B09F8TD3B1,B09F8TD3B1,"Tropical Notebook: Palm Leaves and Flowers Notebook - Stylish Ruled Notebook, 100 Black & White Lined pages",L D Stranack,Paperback,"Aug 27, 2021",
1,https://www.amazon.com/dp/B09F1J2QQ1,B09F1J2QQ1,"Math Notebook for School: Graph Paper Notebook, 120 Pages, 4x4 Graph Ruled Paper, 8.5x11 inches (math notes notebook)",Ava Briggs,Paperback,"Aug 27, 2021",
0,https://www.amazon.com/dp/B09F1J2QBS,B09F1J2QBS,"Monthly Planner 2022: Unique 8.5” by 11” monthly planner, 40 pages, 13 month planner (December 2021 to December 2022)",The Introverted Vet,Paperback,"Aug 27, 2021",
0,https://www.amazon.com/dp/B09F1HYRPJ,B09F1HYRPJ,"Addilynn: Unicorn Notebook Personal Name Wide Lined Rule Paper | Notebook The Notebook For Writing Journal or Diary Women & Girls Gift for Birthday, For Student | 162 Pages Size 8.5x11inch",Clayton Gill,Paperback,"Aug 27, 2021",
0,https://www.amazon.com/dp/B09F1G42WV,B09F1G42WV,"Composition Notebook: Wide-Ruled, 7.5 x 9.25, 100 Pages,: For kids, teens, and adults (Composition Notebooks)",Michał Cezar,Paperback,"Aug 27, 2021",
0,https://www.amazon.com/dp/B09F1G42BG,B09F1G42BG,My Favorite Recipes: 8.5x11 Extra Large Blank Recipe Book / Log 160 Meals In Your Own DIY Cookbook / Pots Pans Kitchen Utensil Theme / Organizer With ... / Cooking Diary To Write In With Lined Sheets,Chow Time Huge Press,Hardcover,"Aug 27, 2021",
0,https://www.amazon.com/dp/B09F1G4214,B09F1G4214,"2022 Planner: Keep track of your daily schedule and stuff associated with dates in 2022. Use in school, home or work, 8.5x11 full size.",Max A Million,Paperback,"Aug 27, 2021",
0,https://www.amazon.com/dp/B09F1G3YTB,B09F1G3YTB,"Reign: Unicorn Notebook Personal Name Wide Lined Rule Paper | Notebook The Notebook For Writing Journal or Diary Women & Girls - Gift For Birthday, For Student | 162 Pages Size 8.5x11inch",Cedric Wallace,Paperback,"Aug 27, 2021",
0,https://www.amazon.com/dp/B09F1G2NQ4,B09F1G2NQ4,"Auto Mileage And Expense Log Book : Vehicle Mileage Notebook, Miles Tracker: Track Odometer For Business Driving - 6x9 Inches, 120 Pages, Fits In Glove Box",simo bn,Paperback,"Aug 27, 2021",
0,https://www.amazon.com/dp/B09F1G2NNK,B09F1G2NNK,"Graph Paper Composition Book: 4x4 Quad, 120 pages, 7.5"" x 9.25"", Blank Ruled Grid Format Notebook for Math, Science and Art Studies",O. Doja Ekisola,Paperback,"Aug 27, 2021",
0,https://www.amazon.com/dp/B09F1G2N88,B09F1G2N88,Composition Notebook Llama: Llama Composition Notebook Wide Ruled,Periwinkle Owl Press,Paperback,"Aug 27, 2021",
0,https://www.amazon.com/dp/B09F1G1JJJ,B09F1G1JJJ,E=mc2 science notebook 6 x 9 inches 120 lined pages,Paint Press,Paperback,"Aug 27, 2021",
0,https://www.amazon.com/dp/B09F1FT4P9,B09F1FT4P9,"Graph Paper: Grid Paper Notebook, Quad Ruled, 120 Sheets (Large, 8.5 x 11) (Graph Paper Notebooks)",Mohamed Nour Mabchour,Paperback,"Aug 27, 2021",
0,https://www.amazon.com/dp/B09F18WW5G,B09F18WW5G,Travel Journal: The Best Customizable Adventure Logbook for any Travel Experience,My Next Adventure,Paperback,"Aug 27, 2021",
0,https://www.amazon.com/dp/B09F16LZWZ,B09F16LZWZ,This is my smart notebook: Graph Lined Notebook,Flowery Press,Paperback,"Aug 27, 2021",
0,https://www.amazon.com/dp/B09F16LZ5Z,B09F16LZ5Z,"Luisa: Unicorn Notebook Personal Name Wide Lined Rule Paper | Notebook The Notebook For Writing Journal or Diary Women & Girls Gift for Birthday, For Student | 162 Pages Size 8.5x11inch",Jean Mullins,Paperback,"Aug 27, 2021",
0,https://www.amazon.com/dp/B09F16LJZJ,B09F16LJZJ,"Alannah: Unicorn Notebook Personal Name Wide Lined Rule Paper | Notebook The Notebook For Writing Journal or Diary Women & Girls Gift for Birthday, For Student | 162 Pages Size 8.5x11inch",Allison Gardner,Paperback,"Aug 27, 2021",
0,https://www.amazon.com/dp/B09F16LJP6,B09F16LJP6,Daddio Of The Patio: 8.5x11 Extra Large Blank Recipe Book / Log 160 Meals In Your Own DIY Cookbook / Fun Organizer With Index Pages / Cooking Diary To Write In With Lined Sheets,Chow Time Huge Press,Hardcover,"Aug 27, 2021",
0,https://www.amazon.com/dp/B09F16LJNX,B09F16LJNX,A Party Without A Cake Is Just A Meeting: 8.5x11 Extra Large Blank Recipe Book / Log 160 Meals In Your Own DIY Cookbook / Fun Organizer With Index Pages / Cooking Diary To Write In With Lined Sheets,Chow Time Huge Press,Hardcover,"Aug 27, 2021",
0,https://www.amazon.com/dp/B09DN16VH5,B09DN16VH5,"Learn Numbers With Math Work Book For Adults Age 46 Years Old: Number Tracing, Addition and Subtraction math workbook, coloring book",Kellie Lamb,Paperback,"Aug 27, 2021",
0,https://www.amazon.com/dp/B09DN16VBH,B09DN16VBH,"Learn Numbers With Math Work Book For Adults Age 35 Years Old: Number Tracing, Addition and Subtraction math workbook, coloring book",Kellie Lamb,Paperback,"Aug 27, 2021",
0,https://www.amazon.com/dp/B09DMWBW47,B09DMWBW47,Snow Stories: (The Snow Doesn't Know and If I Were Snow),Susan Jennifer Berry,Kindle,"Aug 27, 2021",
0,https://www.amazon.com/dp/B09DMTZM5L,B09DMTZM5L,Animals Coloring Book:63 Animals Designs for Teens and Adults.,Spiridibooks,Paperback,"Aug 27, 2021",
0,https://www.amazon.com/dp/B09DMP8153,B09DMP8153,"Learn Numbers With Math Work Book For Adults Age 40 Years Old: Number Tracing, Addition and Subtraction math workbook, coloring book",Kellie Lamb,Paperback,"Aug 27, 2021",
0,https://www.amazon.com/dp/9814998591,9814998591,Mind Maps in Clinical Chemistry (Part I),Simmi Kharb,Paperback,"Aug 27, 2021",
0,https://www.amazon.com/dp/9811585288,9811585288,Efficient Integration of 5G and Beyond Heterogeneous Networks (Springerbriefs in Computer Science),Zi-Yang Wu,Kindle,"Aug 27, 2021",
0,https://www.amazon.com/dp/981157295X,981157295X,Bacterial Volatile Compounds as Mediators of Airborne Interactions,Choong-Min Ryu,Kindle,"Aug 27, 2021",
0,https://www.amazon.com/dp/9811560196,9811560196,Operations Management and Systems Engineering: Select Proceedings of CPIE 2019 (Lecture Notes on Multidisciplinary Industrial Engineering),Anish Sachdeva,Kindle,"Aug 27, 2021",
1,https://www.amazon.com/dp/9811549001,9811549001,Manned Spacecraft Technologies (Space Science and Technologies),Hong Yang,Hardcover,"Aug 27, 2021",
0,https://www.amazon.com/dp/B09F192SP9,B09F192SP9,Wildlife Notebook: Polar Bear composition notebook,Bill Wild,Paperback,"Aug 27, 2021",
0,https://www.amazon.com/dp/B09F192SGD,B09F192SGD,"Egypt: Unicorn Notebook Personal Name Wide Lined Rule Paper | Notebook The Notebook For Writing Journal or Diary Women & Girls Gift for Birthday, For Student | 162 Pages Size 8.5x11inch",Jean Mullins,Paperback,"Aug 27, 2021",
0,https://www.amazon.com/dp/B09F18WW5H,B09F18WW5H,Paperback Notebook: Colorful Art Birds Wide Ruled Paper Notebook Journal for Women Homeschool Office Teacher Adult 6 x 9 in. 100 Pages.,Thomasine Matthews,Paperback,"Aug 27, 2021",
1,https://www.amazon.com/dp/1493999508,1493999508,Spatial Learning and Attention Guidance (Neuromethods),Stefan Pollmann,Kindle,"Aug 26, 2021",
5,https://www.amazon.com/dp/3030289664,3030289664,Therapeutic Endoscopic Ultrasound,Evangelos Kalaitzakis,Kindle,"Aug 26, 2021",
0,https://www.amazon.com/dp/3030234932,3030234932,"Global Health Security: Recognizing Vulnerabilities, Creating Opportunities (Advanced Sciences and Technologies for Security Applications)",Anthony J. Masys,Kindle,"Aug 26, 2021",
1,https://www.amazon.com/dp/303018871X,303018871X,"Modelling and Simulation: Exploring Dynamic System Behaviour (Simulation Foundations, Methods and Applications)",Louis G. Birta,Hardcover,"Aug 26, 2021",
0,https://www.amazon.com/dp/3030232751,3030232751,Atlas of Clinical Cases on Brain Tumor Imaging,Yelda Özsunar,Kindle,"Aug 26, 2021",
0,https://www.amazon.com/dp/303015064X,303015064X,The Bitter Gourd Genome (Compendium of Plant Genomes),Chittaranjan Kole,Kindle,"Aug 26, 2021",
0,https://www.amazon.com/dp/303018787X,303018787X,Surfactants for Enhanced Oil Recovery Applications,Muhammad Sagir,Kindle,"Aug 26, 2021",
0,https://www.amazon.com/dp/3030279847,3030279847,International Perspectives on the Contextualization of Science Education,Ingrid Sánchez Tapia,Kindle,"Aug 26, 2021",
0,https://www.amazon.com/dp/3030285758,3030285758,Green Criminology and Green Theories of Justice: An Introduction to a Political Economic View of Eco-Justice (Palgrave Studies in Green Criminology),Michael J. Lynch,Kindle,"Aug 26, 2021",
0,https://www.amazon.com/dp/3030278956,3030278956,Ethical Futures and Global Science Fiction,Zachary Kendal,Kindle,"Aug 26, 2021",
0,https://www.amazon.com/dp/3030291332,3030291332,Reinventing Mechatronics: Developing Future Directions for Mechatronics,Xiu-Tian Yan,Kindle,"Aug 26, 2021",
0,https://www.amazon.com/dp/3030302237,3030302237,Dialetheism and its Applications (Trends in Logic),Adam Rieger,Kindle,"Aug 26, 2021",
4,https://www.amazon.com/dp/3030320995,3030320995,Plane Answers to Complex Questions: The Theory of Linear Models (Springer Texts in Statistics),Ronald Christensen,Hardcover,"Aug 26, 2021",
1,https://www.amazon.com/dp/9811504040,9811504040,Emerging and Transboundary Animal Viruses (Livestock Diseases and Management),Yashpal Singh Malik,Kindle,"Aug 26, 2021",
0,https://www.amazon.com/dp/303056195X,303056195X,"Social Justice and Agricultural Innovation (The International Library of Environmental, Agricultural and Food Ethics)",Cristian Timmermann,Kindle,"Aug 27, 2021",
0,https://www.amazon.com/dp/3030520846,3030520846,Mobilities and Human Possibility (Palgrave Studies in Creativity and Culture),Vlad Petre Glăveanu,Kindle,"Aug 27, 2021",
0,https://www.amazon.com/dp/3030494985,3030494985,Non-Human Nature in World Politics: Theory and Practice (Frontiers in International Relations),Joana Castro Pereira,Kindle,"Aug 27, 2021",
0,https://www.amazon.com/dp/3030484599,3030484599,Tumor Microenvironment: Extracellular Matrix Components – Part B (Advances in Experimental Medicine and Biology),Alexander Birbrair,Kindle,"Aug 27, 2021",
1,https://www.amazon.com/dp/1955043612,1955043612,A Different Point of View: Can Today's Technology Reveal Hidden Secrets Contained in the Bible?,Don Bongaards,Kindle,"Aug 27, 2021",
0,https://www.amazon.com/dp/3662592061,3662592061,"Building Bridges II: Mathematics of László Lovász (Bolyai Society Mathematical Studies, 28)",Imre Bárány,Hardcover,"Aug 26, 2021",
2,https://www.amazon.com/dp/B09F1D21LG,B09F1D21LG,"Composition Notebook: Video Game Panda Bear Notebook | Wide-Ruled, 7.5 x 9.25, 110 Pages Journal / Notebook For Kids, Teens, Gamers and Adults",Cute Jardin NB,Paperback,"Aug 26, 2021",
1,https://www.amazon.com/dp/3030199002,3030199002,Neuroanatomy of the Mouse: An Introduction,Hannsjörg Schröder,Hardcover,"Aug 26, 2021",
0,https://www.amazon.com/dp/9402417311,9402417311,"Explosives Detection: Sensors, Electronic Systems and Data Processing (NATO Science for Peace and Security Series B: Physics and Biophysics)",Lorenzo Capineri,Kindle,"Aug 26, 2021",
0,https://www.amazon.com/dp/9811505349,9811505349,Urban Mining and Sustainable Waste Management,Sadhan Kumar Ghosh,Kindle,"Aug 26, 2021",
0,https://www.amazon.com/dp/3030251039,3030251039,Converting STEM into STEAM Programs: Methods and Examples from and for Education (Environmental Discourses in Science Education),Arthur J. Stewart,Kindle,"Aug 26, 2021",
0,https://www.amazon.com/dp/9811367396,9811367396,Application of Liquid Biofuels to Internal Combustion Engines (Green Energy and Technology),Soo-Young No,Kindle,"Aug 26, 2021",
0,https://www.amazon.com/dp/1009048848,1009048848,Testing Character Evolution Models in Phylogenetic Paleobiology: A case study with Cambrian echinoderms (Elements of Paleontology),April Wright,Kindle,"Aug 26, 2021",
0,https://www.amazon.com/dp/9811399336,9811399336,Biosystematics of Triticeae: Volume I. Triticum-Aegilops complex,Chi Yen,Kindle,"Aug 26, 2021",
1,https://www.amazon.com/dp/B09F1KNLN9,B09F1KNLN9,Reading Journal: A Logbook to Keep Track of 100 Read or Unread Books.,Designs By EtoileCameo,Paperback,"Aug 26, 2021",
0,https://www.amazon.com/dp/9811364982,9811364982,Kitchen Pollutants Control and Ventilation: A Ventilation Guide to Asian & European Kitchen Environment,Angui Li,Kindle,"Aug 26, 2021",
1,https://www.amazon.com/dp/9402417419,9402417419,"What I Do Not Believe, and Other Essays (Synthese Library)",Norwood Russell Hanson,Hardcover,"Aug 26, 2021",
1,https://www.amazon.com/dp/3030322319,3030322319,Handbook of Cultural Factors in Behavioral Health: A Guide for the Helping Professional,Lorraine T. Benuto,Kindle,"Aug 26, 2021",
1,https://www.amazon.com/dp/303031409X,303031409X,Advances in Translational Neuroscience of Eye Movement Disorders (Contemporary Clinical Neuroscience),Aasef Shaikh,Kindle,"Aug 26, 2021",
0,https://www.amazon.com/dp/3030311384,3030311384,"New Essays on Belnap-­Dunn Logic (Synthese Library, 418)",Hitoshi Omori,Kindle,"Aug 26, 2021",
0,https://www.amazon.com/dp/303030681X,303030681X,Deep Energy Retrofit: A Guide to Achieving Significant Energy Use Reduction with Major Renovation Projects,Alexander Zhivov,Kindle,"Aug 26, 2021",
0,https://www.amazon.com/dp/3030304043,3030304043,"Personalized Food Intervention and Therapy for Autism Spectrum Disorder Management (Advances in Neurobiology, 24)",M. Mohamed Essa,Kindle,"Aug 26, 2021",
0,https://www.amazon.com/dp/3030302318,3030302318,"Well-Quasi Orders in Computation, Logic, Language and Reasoning: A Unifying Concept of Proof Theory, Automata Theory, Formal Languages and Descriptive Set Theory (Trends in Logic)",Peter M. Schuster,Kindle,"Aug 26, 2021",
0,https://www.amazon.com/dp/3030297160,3030297160,Robert Le Rossignol: Engineer of the Haber Process (Springer Biographies),Deri Sheppard,Kindle,"Aug 26, 2021",
1,https://www.amazon.com/dp/3030296563,3030296563,"Insect Mouthparts: Form, Function, Development and Performance (Zoological Monographs, 5)",Harald W. Krenn,Kindle,"Aug 26, 2021",
1,https://www.amazon.com/dp/3030283178,3030283178,Tumors and Tumor-Like Lesions of Bone,Eduardo Santini-Araujo,Kindle,"Aug 26, 2021",
0,https://www.amazon.com/dp/3030272354,3030272354,The Thorax (Cancer Dissemination Pathways),Nicola Sverzellati,Kindle,"Aug 26, 2021",
0,https://www.amazon.com/dp/3030253678,3030253678,"Graham Priest on Dialetheism and Paraconsistency (Outstanding Contributions to Logic, 18)",Can Başkent,Kindle,"Aug 26, 2021",
3,https://www.amazon.com/dp/303022306X,303022306X,"Integrated Pest and Disease Management in Greenhouse Crops (Plant Pathology in the 21st Century, 9)",Maria Lodovica Gullino,Kindle,"Aug 26, 2021",
0,https://www.amazon.com/dp/3030221350,3030221350,What Happens to People in a Competitive Society: An Anthropological Investigation of Competition,Svein Olaf Thorbjørnsen,Kindle,"Aug 26, 2021",
0,https://www.amazon.com/dp/3030212726,3030212726,The Lupin Genome (Compendium of Plant Genomes),Karam B. Singh,Kindle,"Aug 26, 2021",
0,https://www.amazon.com/dp/3030153894,3030153894,Empirical Investigations of Social Space (Methodos Series),Jörg Blasius,Hardcover,"Aug 26, 2021",
0,https://www.amazon.com/dp/B09FC86MZ6,B09FC86MZ6,Graph Paper Notebook: Grid Paper for Math and Science Students (Gifts for Math Lovers),Rina Nihaori,Paperback,"Aug 26, 2021",
0,https://www.amazon.com/dp/B09F8STB1P,B09F8STB1P,Composition Book: Moonlit,Katlyn Bouska,Paperback,"Aug 26, 2021",
0,https://www.amazon.com/dp/B09F1N374V,B09F1N374V,"Jayla: Unicorn Notebook Personal Name Wide Lined Rule Paper | Notebook The Notebook For Writing Journal or Diary Women & Girls - Gift For Birthday, For Student | 162 Pages Size 8.5x11inch",Cedric Wallace,Paperback,"Aug 26, 2021",
0,https://www.amazon.com/dp/B09F1KNLZQ,B09F1KNLZQ,Bird Composition Notebook: Cherry Blossom Composition Notebook,Primrose Paperbark Press,Paperback,"Aug 26, 2021",
0,https://www.amazon.com/dp/B09F1KNLZP,B09F1KNLZP,Dot Grid Paper Notebook | 8.5 x 11 | 120 Pages | Cosmic Print | Bullet Journal,Crescendo Journals,Paperback,"Aug 26, 2021",
0,https://www.amazon.com/dp/B09F1KNLVK,B09F1KNLVK,Hexagonal Graph Paper Notebook: Hexagonal Graph Paper Composition Notebook - Organic Chemistry- 120 pages hexagonal graph paper notebook for drawing organic chemistry structures,Harrison Bell,Paperback,"Aug 26, 2021",
0,https://www.amazon.com/dp/B09F1KNLS9,B09F1KNLS9,I am Grateful for being a fungi: 52 week journal,Stacy Findley,Hardcover,"Aug 26, 2021",
0,https://www.amazon.com/dp/B09F1KNLS2,B09F1KNLS2,"Graph Ruled Notebook: Large Colorful Grid Engineering Paper Notebook, Quad Ruled 5 Squares Per Inch, For math, school, and university students, Handwritten Formulas Cover",Sigma Writing,Paperback,"Aug 26, 2021",
0,https://www.amazon.com/dp/B09F1KNLR6,B09F1KNLR6,"Graph paper notebook: Railway cover, 8.5” x 11 ”, 120 pages",Adrian Cosmin Matei,Paperback,"Aug 26, 2021",
0,https://www.amazon.com/dp/B09F1KNLNR,B09F1KNLNR,Snail Journal: Notebook Journal For Teens and Adults | 120 Pages | Grey Lines | Glossy Cover | 6 x 9 In,Kreative Journalz,Hardcover,"Aug 26, 2021",
0,https://www.amazon.com/dp/B09F1HYRP6,B09F1HYRP6,"Kelly: Unicorn Notebook Personal Name Wide Lined Rule Paper | Notebook The Notebook For Writing Journal or Diary Women & Girls Gift for Birthday, For Student | 162 Pages Size 8.5x11inch",Clayton Gill,Paperback,"Aug 26, 2021",
0,https://www.amazon.com/dp/B09F1G3Y9K,B09F1G3Y9K,"Khaleesi: Unicorn Notebook Personal Name Wide Lined Rule Paper | Notebook The Notebook For Writing Journal or Diary Women & Girls Gift for Birthday, For Student | 162 Pages Size 8.5x11inch",Johnathan Pratt,Paperback,"Aug 26, 2021",
0,https://www.amazon.com/dp/B09F1G3XKL,B09F1G3XKL,"Calming Sunflowers Relaxing Coloring Book For Adults: Art Therapy Coloring Sheets, Illustrations And Designs Of Beautiful Sunflowers To Color",Eveline D. Burke,Paperback,"Aug 26, 2021",
0,https://www.amazon.com/dp/B09F1G1J2D,B09F1G1J2D,The Things I see Journal Notebook: Perfect Journal For Writing Down Your Thoughts And Plans And Future Goals,Animal Series Print,Paperback,"Aug 26, 2021",
0,https://www.amazon.com/dp/B09F1G1HMW,B09F1G1HMW,Planets Composition Notebook: College Ruled Composition Notebook Space,Peregrine Press,Paperback,"Aug 26, 2021",
0,https://www.amazon.com/dp/B09F1G1HKB,B09F1G1HKB,"Graph Ruled Notebook: Large Colorful Grid Engineering Paper Notebook, Quad Ruled 5 Squares Per Inch, For math, school, and university students",Sigma Writing,Paperback,"Aug 26, 2021",
0,https://www.amazon.com/dp/B09F1FY65S,B09F1FY65S,Graph Paper Notebook 4 x 4,A Dunn,Paperback,"Aug 26, 2021",
0,https://www.amazon.com/dp/B09F1FVHXD,B09F1FVHXD,Graph Paper Notebook | 8.5 x 11 | 120 Pages | Cosmic Print | Journal,Crescendo Journals,Paperback,"Aug 26, 2021",
0,https://www.amazon.com/dp/B09F1FVHT8,B09F1FVHT8,"Just One More Chicken I Promise: Funny chicken lovers quote,Journal Gift",GIFTBA PUBLISHING,Paperback,"Aug 26, 2021",
0,https://www.amazon.com/dp/B09F1FVHQW,B09F1FVHQW,"Graph Ruled Notebook: Large Math chalkboard Grid Engineering Paper Notebook, Quad Ruled 5 Squares Per Inch, For math, school, and university students",Sigma Writing,Paperback,"Aug 26, 2021",
0,https://www.amazon.com/dp/B09F1FVFJN,B09F1FVFJN,Notebook: Lined Notebook for Mountain Lover Gift,TP Publishing,Paperback,"Aug 26, 2021",
0,https://www.amazon.com/dp/B09F1FRPR2,B09F1FRPR2,Weekly and Monthly Planner: Academic|Organizer: September 2021 to July 2022,CastleB Press,Paperback,"Aug 26, 2021",
0,https://www.amazon.com/dp/B09F1FRPLZ,B09F1FRPLZ,"Cannabis Review Logbook - 8.5 X 11"" - 121 pages",777 ART HOUSE,Paperback,"Aug 26, 2021",
0,https://www.amazon.com/dp/B09F1FRPJ5,B09F1FRPJ5,Libra Notebook: “It’s Not That I’m Indecisive… But They Always Give Me A Lot Of Good Options.”: Cute Kawaii Zodiac Sign Notebook. Astrological Sign Journal. 6”x9”. 120 pages.,Pandy Zodiac,Paperback,"Aug 26, 2021",
0,https://www.amazon.com/dp/B09F1FJCP8,B09F1FJCP8,"Ensley: Unicorn Notebook Personal Name Wide Lined Rule Paper | Notebook The Notebook For Writing Journal or Diary Women & Girls Gift for Birthday, For Student | 162 Pages Size 8.5x11inch",Clayton Gill,Paperback,"Aug 26, 2021",
0,https://www.amazon.com/dp/B09F1D2G5C,B09F1D2G5C,"Ana: Unicorn Notebook Personal Name Wide Lined Rule Paper | Notebook The Notebook For Writing Journal or Diary Women & Girls Gift for Birthday, For Student | 162 Pages Size 8.5x11inch",Percy Ramsey,Paperback,"Aug 26, 2021",
0,https://www.amazon.com/dp/B09F1D2G1D,B09F1D2G1D,Journal,A L Going-Ambush,Paperback,"Aug 26, 2021",
0,https://www.amazon.com/dp/B09F1D21NG,B09F1D21NG,My Horse Notebook: 120 Horse Themed Lined Pages,nicky brookes,Paperback,"Aug 26, 2021",
0,https://www.amazon.com/dp/B09F1D2122,B09F1D2122,"Graph paper notebook: Railway cover, 8.5” x 11 ”, 120 pages",Adrian Cosmin Matei,Paperback,"Aug 26, 2021",
0,https://www.amazon.com/dp/B09F1CVYGN,B09F1CVYGN,"Mckenna: Unicorn Notebook Personal Name Wide Lined Rule Paper | Notebook The Notebook For Writing Journal or Diary Women & Girls Gift for Birthday, For Student | 162 Pages Size 8.5x11inch",Percy Ramsey,Paperback,"Aug 26, 2021",
0,https://www.amazon.com/dp/B09F1CVYF1,B09F1CVYF1,"Graph Paper Composition Notebook:Grid paper notebook, Quad Ruled 5x5, for Math & Science Students (Large, 8.5 x 11),120 Sheets: Graph Paper Composition Notebook: (Graph Paper Notebooks)",B Roy,Paperback,"Aug 26, 2021",
0,https://www.amazon.com/dp/B09F192SKC,B09F192SKC,Wildlife Notebook: Polar Bear composition notebook,Bill Wild,Paperback,"Aug 26, 2021",
0,https://www.amazon.com/dp/B09F192Q74,B09F192Q74,Composition Notebook Math: composition notebook marbled,M.M.K.Publishing,Paperback,"Aug 26, 2021",
0,https://www.amazon.com/dp/B09F192NT7,B09F192NT7,"Cow Composition Notebook: Cute Farm Animal Composition Notebook, Wide Ruled",Periwinkle Owl Press,Paperback,"Aug 26, 2021",
0,https://www.amazon.com/dp/B09F192NLJ,B09F192NLJ,"Daniela: Unicorn Notebook Personal Name Wide Lined Rule Paper | Notebook The Notebook For Writing Journal or Diary Women & Girls Gift for Birthday, For Student | 162 Pages Size 8.5x11inch",Percy Ramsey,Paperback,"Aug 26, 2021",
1,https://www.amazon.com/dp/B09F192NHJ,B09F192NHJ,Notebook: Purple Butterflies Noteboook,Zesty Treasures Publishing,Paperback,"Aug 26, 2021",
0,https://www.amazon.com/dp/B09F16LZHN,B09F16LZHN,Christmas Elf Sketch Pad & Journal,Dianne Renee Shilling,Paperback,"Aug 26, 2021",
1,https://www.amazon.com/dp/B09F16L2PK,B09F16L2PK,Composition Notebook: Ocean Wave Wide Ruled Composition Notebook,Onyx Turtle Designs,Paperback,"Aug 26, 2021",
0,https://www.amazon.com/dp/B09F16L2PB,B09F16L2PB,"Jupiter Composition Notebook: Wide Ruled Paper Notebook Journal | Pretty Gold Purple Turquoise Liquid Marble | Blank Wide Lined Workbook for Girls Boys Kids Teens Students Paperback – August, 2021",Reda Belhaj,Paperback,"Aug 26, 2021",
0,https://www.amazon.com/dp/B09F16L2KN,B09F16L2KN,Notebook: Flowers 6''x9'' 120 pages,Susanne Cederholm,Paperback,"Aug 26, 2021",
0,https://www.amazon.com/dp/B09F166VF2,B09F166VF2,"Karla: Unicorn Notebook Personal Name Wide Lined Rule Paper | Notebook The Notebook For Writing Journal or Diary Women & Girls Gift for Birthday, For Student | 162 Pages Size 8.5x11inch",Clayton Gill,Paperback,"Aug 26, 2021",
0,https://www.amazon.com/dp/B09F14TCDH,B09F14TCDH,"Bohemian Aesthetic Notebook | 6 x 9 Inches, 100 College Ruled Pages: Boho Desert Journal for Classroom, Work, or Home",Kat Love,Paperback,"Aug 26, 2021",
0,https://www.amazon.com/dp/B09F14TC9Q,B09F14TC9Q,Accounting ledger book: Use for business or personal. Expense tracker notebook | Bookkeeping record book | Keep track of your finances with this ... for home-based businesses. Geometric shapes,Sorbet publishing,Paperback,"Aug 26, 2021",
0,https://www.amazon.com/dp/B09F14TC93,B09F14TC93,2022 - 2026 Five Year Planner: 60 Months Yearly Planner Monthly Calendar with Holidays Blue Floral,Savannah James,Paperback,"Aug 26, 2021",
0,https://www.amazon.com/dp/B09F14TC74,B09F14TC74,"Composition Notebook: College Ruled Journal for Adults, Students, Teachers, Astronomy & Science Lovers / 7.5"" x 9.25"" / 120 Pages / For astronomy majors and lovers / space theme",Fed Publishing,Paperback,"Aug 26, 2021",
0,https://www.amazon.com/dp/B09F14TC63,B09F14TC63,"Composition Notebook: Workbook for Boys Girls Kids Teens Students for Back to School and Home College Writing Notes, Classic Cute Cover.",Barbara Benson,Paperback,"Aug 26, 2021",
0,https://www.amazon.com/dp/B09F14T8R6,B09F14T8R6,Purple Marble Composition Notebook: Wide Ruled Lined Paper Notebook Journal 120 Pages | Pretty Purple Marble |Purple Starry Universe Galaxy | Blank Wide Lined Workbook for Working or Studying,Gold Creative Line Composition,Paperback,"Aug 26, 2021",
0,https://www.amazon.com/dp/B09F14T8QV,B09F14T8QV,"Jamie: Unicorn Notebook Personal Name Wide Lined Rule Paper | Notebook The Notebook For Writing Journal or Diary Women & Girls Gift for Birthday, For Student | 162 Pages Size 8.5x11inch",Johnathan Pratt,Paperback,"Aug 26, 2021",
0,https://www.amazon.com/dp/B09DN39BQL,B09DN39BQL,"Mandala Heart Flowers Adult Coloring Book: This Adult Colorign Book with Hearts, Beautiful Flowers, Love, Beautiful Mandalas, Romantic Designs.",Md Imam Hossen,Paperback,"Aug 26, 2021",
0,https://www.amazon.com/dp/B09DN35JMB,B09DN35JMB,"Karla: Unicorn Notebook Personal Name Wide Lined Rule Paper | Notebook The Notebook For Writing Journal or Diary Women & Girls Gift for Birthday, For Student | 162 Pages Size 8.5x11inch",Joanne Morales,Paperback,"Aug 26, 2021",
0,https://www.amazon.com/dp/B09DN35JF6,B09DN35JF6,"Persephone: Unicorn Notebook Personal Name Wide Lined Rule Paper | Notebook The Notebook For Writing Journal or Diary Women & Girls Gift for Birthday, For Student | 162 Pages Size 8.5x11inch",Alberta Morgan,Paperback,"Aug 26, 2021",
0,https://www.amazon.com/dp/B09DN18Y2V,B09DN18Y2V,"Egypt: Unicorn Notebook Personal Name Wide Lined Rule Paper | Notebook The Notebook For Writing Journal or Diary Women & Girls Gift for Birthday, For Student | 162 Pages Size 8.5x11inch",Iris Guzman,Paperback,"Aug 26, 2021",
0,https://www.amazon.com/dp/B09DMWBRYW,B09DMWBRYW,"Ann: Unicorn Notebook Personal Name Wide Lined Rule Paper | Notebook The Notebook For Writing Journal or Diary Women & Girls Gift for Birthday, For Student | 162 Pages Size 8.5x11inch",Iris Guzman,Paperback,"Aug 26, 2021",
0,https://www.amazon.com/dp/B09DMW6K6K,B09DMW6K6K,"Lailah: Unicorn Notebook Personal Name Wide Lined Rule Paper | Notebook The Notebook For Writing Journal or Diary Women & Girls Gift for Birthday, For Student | 162 Pages Size 8.5x11inch",Iris Guzman,Paperback,"Aug 26, 2021",
0,https://www.amazon.com/dp/B09DMW566B,B09DMW566B,"Luisa: Unicorn Notebook Personal Name Wide Lined Rule Paper | Notebook The Notebook For Writing Journal or Diary Women & Girls Gift for Birthday, For Student | 162 Pages Size 8.5x11inch",Iris Guzman,Paperback,"Aug 26, 2021",
0,https://www.amazon.com/dp/B09DMTR1TJ,B09DMTR1TJ,"Flowers Coloring Book: An Adult Coloring Book with Flower Collection, Bouquets, Wreaths, Swirls, Floral, Patterns, Stress Relieving Flower Designs for Relaxation",Ador's Production,Paperback,"Aug 26, 2021",
0,https://www.amazon.com/dp/B09DMR96R9,B09DMR96R9,Making Waves: Truth That We Need To Know,Walter Henry Wright,Kindle,"Aug 26, 2021",
0,https://www.amazon.com/dp/B09DMP89WD,B09DMP89WD,"Bull Shark Coloring Book: Kids Coloring Pages with Cute and Cool Bull Sharks, Creative Stress-Relief Activity for Boys and Girls",Future Doctor Foundation,Paperback,"Aug 26, 2021",
2,https://www.amazon.com/dp/981329969X,981329969X,Advanced Optimization and Operations Research (Springer Optimization and Its Applications),Asoke Kumar Bhunia,Hardcover,"Aug 26, 2021",
0,https://www.amazon.com/dp/9813299584,9813299584,Advances in Water Pollution Monitoring and Control: Select Proceedings from HSFEA 2018 (Springer Transactions in Civil and Environmental Engineering),Nihal Anwar Siddiqui,Kindle,"Aug 26, 2021",
0,https://www.amazon.com/dp/9813299002,9813299002,NanoBioMedicine,Shailendra K. Saxena,Kindle,"Aug 26, 2021",
0,https://www.amazon.com/dp/9813298502,9813298502,"Unconventional Tight Reservoir Simulation: Theory, Technology and Practice",Qiquan Ran,Kindle,"Aug 26, 2021",
0,https://www.amazon.com/dp/9813298421,9813298421,Nanobiomaterial Engineering: Concepts and Their Applications in Biomedicine and Diagnostics,Pranjal Chandra,Kindle,"Aug 26, 2021",
0,https://www.amazon.com/dp/9813298383,9813298383,Ductile Mode Cutting of Brittle Materials (Springer Series in Advanced Manufacturing),Kui Liu,Kindle,"Aug 26, 2021",
0,https://www.amazon.com/dp/9813297077,9813297077,"Anxiety Disorders: Rethinking and Understanding Recent Discoveries (Advances in Experimental Medicine and Biology, 1191)",Yong-Ku Kim,Kindle,"Aug 26, 2021",
0,https://www.amazon.com/dp/9813296704,9813296704,Physics of Solid-State Laser Materials (Springer Series in Materials Science),Zundu Luo,Hardcover,"Aug 26, 2021",
0,https://www.amazon.com/dp/9813295333,9813295333,Transactions on Engineering Technologies: World Congress on Engineering 2018,Sio-Iong Ao,Kindle,"Aug 26, 2021",
0,https://www.amazon.com/dp/9813294582,9813294582,Orchid Biology: Recent Trends & Challenges,Shaik Mahammad Khasim,Kindle,"Aug 26, 2021",
0,https://www.amazon.com/dp/9813294515,9813294515,Pathogenicity and Drug Resistance of Human Pathogens: Mechanisms and Novel Approaches,Saif Hameed,Kindle,"Aug 26, 2021",
0,https://www.amazon.com/dp/9813293608,9813293608,"Tau Biology (Advances in Experimental Medicine and Biology, 1184)",Akihiko Takashima,Kindle,"Aug 26, 2021",
0,https://www.amazon.com/dp/9813291761,9813291761,"Biodiversity of the Himalaya: Jammu and Kashmir State (Topics in Biodiversity and Conservation, 18)",Ghulam Hassan Dar,Hardcover,"Aug 26, 2021",
2,https://www.amazon.com/dp/9813291575,9813291575,The Metal Road of the Eastern Eurasian Steppe: The Formation of the Xiongnu Confederation and the Silk Road,Jianhua Yang,Hardcover,"Aug 26, 2021",
1,https://www.amazon.com/dp/981329048X,981329048X,"Seed-Borne Diseases of Agricultural Crops: Detection, Diagnosis & Management",Ravindra Kumar,Kindle,"Aug 26, 2021",
0,https://www.amazon.com/dp/9813290072,9813290072,"Models, Molecules and Mechanisms in Biogerontology: Cellular Processes, Metabolism and Diseases",Pramod C. Rath,Kindle,"Aug 26, 2021",
0,https://www.amazon.com/dp/981329003X,981329003X,Information Fusion in Distributed Sensor Networks with Byzantines (Signals and Communication Technology),Andrea Abrardo,Kindle,"Aug 26, 2021",
0,https://www.amazon.com/dp/9811571732,9811571732,Fluctuations and Non-Equilibrium Phenomena in Strongly-Correlated Ultracold Atoms (Springer Theses),Kazuma Nagao,Hardcover,"Aug 26, 2021",
0,https://www.amazon.com/dp/9811566976,9811566976,"Bio-inspired Algorithms for Data Streaming and Visualization, Big Data Management, and Fog Computing (Springer Tracts in Nature-Inspired Computing)",Simon James Fong,Kindle,"Aug 26, 2021",
0,https://www.amazon.com/dp/9811560463,9811560463,"Fog Data Analytics for IoT Applications: Next Generation Process Model with State of the Art Technologies (Studies in Big Data, 76)",Sudeep Tanwar,Kindle,"Aug 26, 2021",
0,https://www.amazon.com/dp/9811513759,9811513759,Study of Ecological Engineering of Human Settlements,Jianfeng Zhang,Kindle,"Aug 26, 2021",
0,https://www.amazon.com/dp/9811506965,9811506965,"Advances in Data and Information Sciences: Proceedings of ICDIS 2019 (Lecture Notes in Networks and Systems, 94)",Mohan L. Kolhe,Kindle,"Aug 26, 2021",
0,https://www.amazon.com/dp/981150685X,981150685X,Geometric and Ergodic Aspects of Group Actions (Infosys Science Foundation Series),S. G. Dani,Hardcover,"Aug 26, 2021",
0,https://www.amazon.com/dp/9811506817,9811506817,Behavior of Radionuclides in the Environment I: Function of Particles in Aquatic System,Kenji Kato,Kindle,"Aug 26, 2021",
0,https://www.amazon.com/dp/9811506086,9811506086,Autophagy Regulation of Innate Immunity (Advances in Experimental Medicine and Biology),Jun Cui,Kindle,"Aug 26, 2021",
0,https://www.amazon.com/dp/981150573X,981150573X,"Perspectives on Vietnam’s Science, Technology, and Innovation Policies",Dao Thanh Truong,Kindle,"Aug 26, 2021",
0,https://www.amazon.com/dp/9811505683,9811505683,Cardioprotection Against Acute Myocardial Infarction,Shinya Minatoguchi,Kindle,"Aug 26, 2021",
0,https://www.amazon.com/dp/9811505594,9811505594,Zinc Signaling,Toshiyuki Fukada,Hardcover,"Aug 26, 2021",
0,https://www.amazon.com/dp/9811505144,9811505144,"Intelligent Condition Based Monitoring: For Turbines, Compressors, and Other Rotating Machines (Studies in Systems, Decision and Control)",Nishchal K. Verma,Kindle,"Aug 26, 2021",
0,https://www.amazon.com/dp/9811505063,9811505063,Compressible Fluid Dynamics and Shock Waves,Akihiro Sasoh,Hardcover,"Aug 26, 2021",
0,https://www.amazon.com/dp/9811504997,9811504997,Combined Application of Physico-Chemical & Microbiological Processes for Industrial Effluent Treatment Plant,Maulin Shah,Kindle,"Aug 26, 2021",
0,https://www.amazon.com/dp/9811504687,9811504687,Natural Hazards and Disaster Justice: Challenges for Australia and Its Neighbours,Anna Lukasiewicz,Kindle,"Aug 26, 2021",
0,https://www.amazon.com/dp/9811504563,9811504563,"Transportation Soil Engineering in Cold Regions, Volume 2: Proceedings of TRANSOILCOLD 2019 (Lecture Notes in Civil Engineering, 50)",Andrei Petriaev,Kindle,"Aug 26, 2021",
0,https://www.amazon.com/dp/9811504520,9811504520,"Transportation Soil Engineering in Cold Regions, Volume 1: Proceedings of TRANSOILCOLD 2019 (Lecture Notes in Civil Engineering, 49)",Andrei Petriaev,Kindle,"Aug 26, 2021",
0,https://www.amazon.com/dp/9811504482,9811504482,Systems and Synthetic Biotechnology for Production of Nutraceuticals,Long Liu,Kindle,"Aug 26, 2021",
0,https://www.amazon.com/dp/9811504245,9811504245,"Mathematical Analysis and Applications in Modeling: ICMAAM 2018, Kolkata, India, January 9–12 (Springer Proceedings in Mathematics & Statistics, 302)",Priti Kumar Roy,Hardcover,"Aug 26, 2021",
0,https://www.amazon.com/dp/9811503931,9811503931,Nanoparticles and their Biomedical Applications,Ashutosh Kumar Shukla,Kindle,"Aug 26, 2021",
1,https://www.amazon.com/dp/9811502854,9811502854,Interpenetrating Polymer Network: Biomedical Applications,Sougata Jana,Kindle,"Aug 26, 2021",
1,https://www.amazon.com/dp/981150265X,981150265X,Functional Chitosan: Drug Delivery and Biomedical Applications,Sougata Jana,Kindle,"Aug 26, 2021",
0,https://www.amazon.com/dp/9811502161,9811502161,"Intelligent Computing Techniques for Smart Energy Systems: Proceedings of ICTSES 2018 (Lecture Notes in Electrical Engineering, 607)",Akhtar Kalam,Kindle,"Aug 26, 2021",
0,https://www.amazon.com/dp/9811502080,9811502080,Advances in Electric Power and Energy Infrastructure: Proceedings of ICPCCI 2019 (Lecture Notes in Electrical Engineering),Axaykumar Mehta,Kindle,"Aug 26, 2021",
0,https://www.amazon.com/dp/9811501890,9811501890,"Artificial Intelligence in China: Proceedings of the International Conference on Artificial Intelligence in China (Lecture Notes in Electrical Engineering, 572)",Qilian Liang,Kindle,"Aug 26, 2021",
0,https://www.amazon.com/dp/9811501580,9811501580,Rediscovery of Genetic and Genomic Resources for Future Food Security,Romesh Kumar Salgotra,Kindle,"Aug 26, 2021",
1,https://www.amazon.com/dp/9811500835,9811500835,Advances in Synthetic Biology,Vijai Singh,Kindle,"Aug 26, 2021",
0,https://www.amazon.com/dp/9811500274,9811500274,Agronomic Crops: Volume 3: Stress Responses and Tolerance,Mirza Hasanuzzaman,Kindle,"Aug 26, 2021",
0,https://www.amazon.com/dp/9811500088,9811500088,Theoretical Chemistry for Advanced Nanomaterials: Functional Analysis by Computation and Experiment,Taku Onishi,Hardcover,"Aug 26, 2021",
0,https://www.amazon.com/dp/9811395268,9811395268,"Proceedings of the 11th International Symposium on Heating, Ventilation and Air Conditioning (ISHVAC 2019): Volume II: Heating, Ventilation, Air ... (Environmental Science and Engineering)",Zhaojun Wang,Kindle,"Aug 26, 2021",
0,https://www.amazon.com/dp/9811395225,9811395225,"Proceedings of the 11th International Symposium on Heating, Ventilation and Air Conditioning (ISHVAC 2019): Volume I: Indoor and Outdoor Environment (Environmental Science and Engineering)",Zhaojun Wang,Kindle,"Aug 26, 2021",
0,https://www.amazon.com/dp/9811395187,9811395187,Strategies of Sustainable Development in China’s Wind Power Industry,Jiachun Li,Kindle,"Aug 26, 2021",
0,https://www.amazon.com/dp/9811394105,9811394105,"Communications, Signal Processing, and Systems: Proceedings of the 8th International Conference on Communications, Signal Processing, and Systems (Lecture Notes in Electrical Engineering, 571)",Qilian Liang,Kindle,"Aug 26, 2021",
0,https://www.amazon.com/dp/9811393354,9811393354,Nanomaterials in Biofuels Research (Clean Energy Production Technologies),Manish Srivastava,Kindle,"Aug 26, 2021",
0,https://www.amazon.com/dp/9811393001,9811393001,Sustainable Business Practices for Rural Development: The Role of Intellectual Capital,Hardeep Chahal,Kindle,"Aug 26, 2021",
0,https://www.amazon.com/dp/9811390878,9811390878,Dynamical Characteristics of Inertia-Gravity Waves in the Antarctic Mesosphere: Analyses Combining High-Resolution Observations and Modeling (Springer Theses),Ryosuke Shibuya,Kindle,"Aug 26, 2021",
0,https://www.amazon.com/dp/9811389489,9811389489,Modulation of Oxidative Stress in Heart Disease,Sajal Chakraborti,Kindle,"Aug 26, 2021",
0,https://www.amazon.com/dp/9811385564,9811385564,"Economics of the Food Processing Industry: Lessons from Bihar, India (Themes in Economics)",Debdatta Saha,Kindle,"Aug 26, 2021",
0,https://www.amazon.com/dp/9811379912,9811379912,"Kinetic Alfvén Waves in Laboratory, Space, and Astrophysical Plasmas (Atmosphere, Earth, Ocean & Space)",De-Jin Wu,Hardcover,"Aug 26, 2021",
2,https://www.amazon.com/dp/9811374163,9811374163,Basic Electronics Engineering: Including Laboratory Manual,Satya Sai Srikant,Hardcover,"Aug 26, 2021",
0,https://www.amazon.com/dp/9811373744,9811373744,Synthesis of Functional Nanomaterials for Electrochemical Energy Storage,Huan Pang,Kindle,"Aug 26, 2021",
0,https://www.amazon.com/dp/9492355477,9492355477,"Plant Lore, Legends & Lyrics",Richard Folkard,Kindle,"Aug 26, 2021",
0,https://www.amazon.com/dp/940241911X,940241911X,Functional Nanostructures and Sensors for CBRN Defence and Environmental Safety and Security (NATO Science for Peace and Security Series C: Environmental Security),Anatolie Sidorenko,Kindle,"Aug 26, 2021",
1,https://www.amazon.com/dp/9402417923,9402417923,"Mobile Media and Social Intimacies in Asia: Reconfiguring Local Ties and Enacting Global Relationships (Mobile Communication in Asia: Local Insights, Global Implications)",Jason Vincent A. Cabañes,Kindle,"Aug 26, 2021",
0,https://www.amazon.com/dp/6204201417,6204201417,Silver nanoparticles mediated eradication of microbial communities,Sweta Mishra,Paperback,"Aug 26, 2021",
0,https://www.amazon.com/dp/6204201298,6204201298,Milk Supply Chain in Western Maharashtra of India: An Comparative Evaluation under Cooperative and Private Dairy Sector,Avinash Ghule,Paperback,"Aug 26, 2021",
0,https://www.amazon.com/dp/6204040987,6204040987,Bioecological aspects of ladybirds: Natural enemies of aphids,José Bruno Malaquias,Paperback,"Aug 26, 2021",
0,https://www.amazon.com/dp/6204039601,6204039601,Hybrid methodology proposal for video game development,Josue Adair Castro Hernandez,Paperback,"Aug 26, 2021",
0,https://www.amazon.com/dp/6202095962,6202095962,Ionizing and Non-Ionizing Radiation and theirs Effects: Effects of the Radiation,Giovanni Alcocer,Paperback,"Aug 26, 2021",
0,https://www.amazon.com/dp/6200283427,6200283427,Pharmacokinetic aspect of drugs and its impact on designing attempts,Abhay Krishna,Paperback,"Aug 26, 2021",
0,https://www.amazon.com/dp/6139948185,6139948185,PHYTOCHEMICAL ANALYSIS AND ANTI DIABETIC ACTIVITY OF INDIAN HERBS,NAGARAJAN JANARTHANAM,Paperback,"Aug 26, 2021",
0,https://www.amazon.com/dp/3659519405,3659519405,Applied Principles of Agroclimatology,Luiz Gustavo Batista Ferreira,Paperback,"Aug 26, 2021",
0,https://www.amazon.com/dp/3639516613,3639516613,"BIOCHAR EFFECT ON SESAME YIELD AND SOIL PROPERTIES: Influence of Biochar on Growth, Yield and Quality of Summer Sesame (Sesamum indicum L.) and Soil Properties",Keval Hirapara,Paperback,"Aug 26, 2021",
0,https://www.amazon.com/dp/3031013085,3031013085,Mathematical Problem Factories: Almost Endless Problem Generation (Synthesis Lectures on Mathematics & Statistics),Andrew McEachern,Paperback,"Aug 26, 2021",
2,https://www.amazon.com/dp/3030802418,3030802418,Zero Product Determined Algebras (Frontiers in Mathematics),Matej Brešar,Kindle,"Aug 26, 2021",
0,https://www.amazon.com/dp/3030782638,3030782638,Being and becoming: A guide to act in the theatre of existence,Jose Luis Perez Velazquez,Kindle,"Aug 26, 2021",
0,https://www.amazon.com/dp/3030755053,3030755053,"8th International Conference on the Development of Biomedical Engineering in Vietnam: Proceedings of BME 8, 2020, Vietnam: Healthcare Technology for ... Countries (IFMBE Proceedings, 85)",Vo Van Toi,Paperback,"Aug 26, 2021",
0,https://www.amazon.com/dp/3030552381,3030552381,Accelerated Pavement Testing to Transport Infrastructure Innovation: Proceedings of 6th APT Conference (Lecture Notes in Civil Engineering),Armelle Chabot,Kindle,"Aug 26, 2021",
0,https://www.amazon.com/dp/303053703X,303053703X,"Tracing the Emergence of Psychology, 1520–1750: A Sophisticated Intruder to Philosophy (Theory and History in the Human and Social Sciences)",Sven Hroar Klempe,Kindle,"Aug 26, 2021",
0,https://www.amazon.com/dp/3030528545,3030528545,Epistemology and Natural Philosophy in the 18th Century: The Roots of Modern Physics (History of Mechanism and Machine Science),Danilo Capecchi,Kindle,"Aug 26, 2021",
0,https://www.amazon.com/dp/3030460738,3030460738,Nanobiotechnology: A Multidisciplinary Field of Science (Nanotechnology in the Life Sciences),Basma A. Omran,Kindle,"Aug 26, 2021",
0,https://www.amazon.com/dp/3030434052,3030434052,"Reactive and Functional Polymers Volume One: Biopolymers, Polyesters, Polyurethanes, Resins and Silicones",Tomy J. Gutiérrez,Kindle,"Aug 26, 2021",
0,https://www.amazon.com/dp/3030373738,3030373738,"Small-Scale Fisheries in Europe: Status, Resilience and Governance (MARE Publication Series, 23)",José J. Pascual-Fernández,Kindle,"Aug 26, 2021",
0,https://www.amazon.com/dp/303032639X,303032639X,GeNeDis 2018: Geriatrics (Advances in Experimental Medicine and Biology),Panayiotis Vlamos,Paperback,"Aug 26, 2021",
0,https://www.amazon.com/dp/3030326357,3030326357,GeNeDis 2018: Genetics and Neurodegeneration (Advances in Experimental Medicine and Biology),Panayiotis Vlamos,Paperback,"Aug 26, 2021",
0,https://www.amazon.com/dp/3030326047,3030326047,"Climate Change and Sea Level Rise in South Florida: The View of Coastal Residents (Coastal Research Library, 34)",Risa Palm,Kindle,"Aug 26, 2021",
0,https://www.amazon.com/dp/3030325369,3030325369,Reference Materials in Measurement and Technology: Proceedings of the Third International Scientific Conference,Sergei V. Medvedevskikh,Kindle,"Aug 26, 2021",
0,https://www.amazon.com/dp/3030324656,3030324656,Socio-economic and Eco-biological Dimensions in Resource use and Conservation: Strategies for Sustainability (Environmental Science and Engineering),Niranjan Roy,Kindle,"Aug 26, 2021",
0,https://www.amazon.com/dp/3030324001,3030324001,"Distinguished Figures in Mechanism and Machine Science: Their Contributions and Legacies, Part 4 (History of Mechanism and Machine Science, 38)",Marco Ceccarelli,Kindle,"Aug 26, 2021",
0,https://www.amazon.com/dp/3030323862,3030323862,Atlas of Paediatric Surgical Imaging: A Clinical and Diagnostic Approach,Robert Carachi,Kindle,"Aug 26, 2021",
0,https://www.amazon.com/dp/3030323676,3030323676,"Mixed Plantations of Eucalyptus and Leguminous Trees: Soil, Microbiology and Ecosystem Services",Elke Jurandy Bran Nogueira Cardoso,Kindle,"Aug 26, 2021",
0,https://www.amazon.com/dp/3030322726,3030322726,Ethnoveterinary Medicine: Present and Future Concepts,Lyndy J. McGaw,Kindle,"Aug 26, 2021",
1,https://www.amazon.com/dp/3030321797,3030321797,Location Science,Gilbert Laporte,Hardcover,"Aug 26, 2021",
0,https://www.amazon.com/dp/3030321754,3030321754,Military Geoscience: Bridging History to Current Operations (Advances in Military Geosciences),Peter L. Guth,Kindle,"Aug 26, 2021",
1,https://www.amazon.com/dp/3030321142,3030321142,"Transforming Global Health: Interdisciplinary Challenges, Perspectives, and Strategies",Korydon H. Smith,Kindle,"Aug 26, 2021",
0,https://www.amazon.com/dp/3030320707,3030320707,Conformally Invariant Metrics and Quasiconformal Mappings (Springer Monographs in Mathematics),Parisa Hariri,Hardcover,"Aug 26, 2021",
0,https://www.amazon.com/dp/3030320553,3030320553,Personality and Healthy Aging in Adulthood: New Directions and Techniques (International Perspectives on Aging),Patrick L. Hill,Kindle,"Aug 26, 2021",
0,https://www.amazon.com/dp/3030320456,3030320456,The Puchezh-Katunki Impact Crater: Geology and Origin (Impact Studies),Victor L. Masaitis,Kindle,"Aug 26, 2021",
0,https://www.amazon.com/dp/3030320383,3030320383,Near Infrared-Emitting Nanoparticles for Biomedical Applications,Antonio Benayas,Kindle,"Aug 26, 2021",
0,https://www.amazon.com/dp/3030319407,3030319407,"Nanotechnology for Food, Agriculture, and Environment (Nanotechnology in the Life Sciences)",Devarajan Thangadurai,Kindle,"Aug 26, 2021",
0,https://www.amazon.com/dp/3030319067,3030319067,"Biomedical Visualisation: Volume 5 (Advances in Experimental Medicine and Biology, 1205)",Paul M. Rea,Kindle,"Aug 26, 2021",
0,https://www.amazon.com/dp/3030318087,3030318087,Green Heroes: From Buddha to Leonardo DiCaprio,László Erdős,Kindle,"Aug 26, 2021",
0,https://www.amazon.com/dp/3030317781,3030317781,Urban and Regional Planning and Development: 20th Century Forms and 21st Century Transformations,Rajiv R. Thakur,Hardcover,"Aug 26, 2021",
0,https://www.amazon.com/dp/3030317218,3030317218,The Holocene and Anthropocene Environmental History of Mexico: A Paleoecological Approach on Mesoamerica,Nuria Torrescano- Valle,Kindle,"Aug 26, 2021",
1,https://www.amazon.com/dp/3030316866,3030316866,"Water Resources and Integrated Management of the United Arab Emirates (World Water Resources, 3)",Abdulrahman S. Alsharhan,Kindle,"Aug 26, 2021",
1,https://www.amazon.com/dp/3030315835,3030315835,Solid Electrolytes for Advanced Applications: Garnets and Competitors,Ramaswamy Murugan,Kindle,"Aug 26, 2021",
0,https://www.amazon.com/dp/3030315339,3030315339,"Analysis as a Tool in Mathematical Physics: In Memory of Boris Pavlov (Operator Theory: Advances and Applications, 276)",Pavel Kurasov,Hardcover,"Aug 26, 2021",
0,https://www.amazon.com/dp/3030314618,3030314618,Improving Energy Efficiency in Commercial Buildings and Smart Communities: Proceedings of the 10th International Conference IEECB&SC’18 (Springer Proceedings in Energy),Paolo Bertoldi,Kindle,"Aug 26, 2021",
1,https://www.amazon.com/dp/303031443X,303031443X,"Nineteenth-Century Poetry and the Physical Sciences: Poetical Matter (Palgrave Studies in Literature, Science and Medicine)",Gregory Tate,Kindle,"Aug 26, 2021",
2,https://www.amazon.com/dp/3030314170,3030314170,"Development of Biopharmaceutical Drug-Device Products (AAPS Advances in the Pharmaceutical Sciences Series, 35)",Feroz Jameel,Kindle,"Aug 26, 2021",
1,https://www.amazon.com/dp/3030314014,3030314014,Demand Response Application in Smart Grids: Concepts and Planning Issues - Volume 1,Sayyad Nojavan,Kindle,"Aug 26, 2021",
0,https://www.amazon.com/dp/3030313778,3030313778,Advances in Reliability Analysis and its Applications (Springer Series in Reliability Engineering),Mangey Ram,Kindle,"Aug 26, 2021",
0,https://www.amazon.com/dp/3030313530,3030313530,Handbook of Variational Methods for Nonlinear Geometric Data,Philipp Grohs,Kindle,"Aug 26, 2021",
0,https://www.amazon.com/dp/3030312089,3030312089,Stem Cells: Therapeutic Applications (Advances in Experimental Medicine and Biology),Mariusz Z. Ratajczak,Hardcover,"Aug 26, 2021",
0,https://www.amazon.com/dp/3030311872,3030311872,Landscape Patterns in a Range of Spatio-Temporal Scales (Landscape Series),Alexander V. Khoroshev,Hardcover,"Aug 26, 2021",
1,https://www.amazon.com/dp/3030311694,3030311694,Neotropical Diversification: Patterns and Processes (Fascinating Life Sciences),Valentí Rull,Hardcover,"Aug 26, 2021",
0,https://www.amazon.com/dp/3030310671,3030310671,Advances in Thick Section Composite and Sandwich Structures: An Anthology of ONR-sponsored Research,Sung W. Lee,Kindle,"Aug 26, 2021",
0,https://www.amazon.com/dp/3030310132,3030310132,Neuroethics and Nonhuman Animals (Advances in Neuroethics),L. Syd M Johnson,Kindle,"Aug 26, 2021",
0,https://www.amazon.com/dp/3030308863,3030308863,"Accelerated Land Reform, Mining, Growth, Unemployment and Inequality in South Africa: A Case for Bold Supply Side Policy Interventions",Nombulelo Gumata,Kindle,"Aug 26, 2021",
0,https://www.amazon.com/dp/3030307441,3030307441,"Landscape Dynamics of Drylands across Greater Central Asia: People, Societies and Ecosystems (Landscape Series, 17)",Garik Gutman,Kindle,"Aug 26, 2021",
0,https://www.amazon.com/dp/3030307409,3030307409,Cryptofinance and Mechanisms of Exchange: The Making of Virtual Currency (Contributions to Management Science),Stéphane Goutte,Kindle,"Aug 26, 2021",
0,https://www.amazon.com/dp/3030307077,3030307077,Numerical Methods for Flows: FEF 2017 Selected Contributions (Lecture Notes in Computational Science and Engineering),Harald van Brummelen,Kindle,"Aug 26, 2021",
0,https://www.amazon.com/dp/3030306534,3030306534,"Glioma Signaling (Advances in Experimental Medicine and Biology, 1202)",Jolanta Barańska,Kindle,"Aug 26, 2021",
0,https://www.amazon.com/dp/303030535X,303030535X,Long-term Modeled Projections of the Energy Sector: An Incremental Approach to Narrowing Down the Uncertainty Range,Yuri D. Kononov,Kindle,"Aug 26, 2021",
1,https://www.amazon.com/dp/3030305171,3030305171,Methods to Study Litter Decomposition: A Practical Guide,Felix Bärlocher,Hardcover,"Aug 26, 2021",
0,https://www.amazon.com/dp/3030304345,3030304345,Dealing with Bioethical Issues in a Globalized World: Normativity in Bioethics (Advancing Global Bioethics),Joris Gielen,Kindle,"Aug 26, 2021",
0,https://www.amazon.com/dp/3030303772,3030303772,Technological and Modern Irrigation Environment in Egypt: Best Management Practices & Evaluation (Springer Water),El-Sayed E. Omran,Kindle,"Aug 26, 2021",
0,https://www.amazon.com/dp/3030303241,3030303241,Cognition and the Creative Machine: Cognitive AI for Creative Problem Solving,Ana-Maria Oltețeanu,Hardcover,"Aug 26, 2021",
1,https://www.amazon.com/dp/3030303160,3030303160,Vegetable Fats and Oils,Sabine Krist,Kindle,"Aug 26, 2021",
0,https://www.amazon.com/dp/3030302571,3030302571,Towards a Competence-Based View on Models and Modeling in Science Education,Annette Upmeier zu Belzen,Hardcover,"Aug 26, 2021",
0,https://www.amazon.com/dp/303030213X,303030213X,"Translating the Paris Agreement into Action in the Pacific (Advances in Global Change Research, 68)",Anirudh Singh,Kindle,"Aug 26, 2021",
0,https://www.amazon.com/dp/303030115X,303030115X,"Optics, Photonics and Laser Technology 2018 (Springer Series in Optical Sciences)",Paulo Ribeiro,Kindle,"Aug 26, 2021",
0,https://www.amazon.com/dp/3030301001,3030301001,"Residual Stress, Thermomechanics & Infrared Imaging and Inverse Problems, Volume 6: Proceedings of the 2019 Annual Conference on Experimental and ... Society for Experimental Mechanics Series)",Antonio Baldi,Kindle,"Aug 26, 2021",
0,https://www.amazon.com/dp/3030299201,3030299201,Community and Climate Resilience in the Semi-Arid Tropics: A Journey of Innovation,S. P. Wani,Kindle,"Aug 26, 2021",
0,https://www.amazon.com/dp/3030299163,3030299163,The Food-Energy-Water Nexus (AESS Interdisciplinary Environmental Studies and Sciences Series),Peter Saundry,Hardcover,"Aug 26, 2021",
0,https://www.amazon.com/dp/3030298426,3030298426,Advanced Nano-Bio Technologies for Water and Soil Treatment (Applied Environmental Science and Engineering for a Sustainable Future),Jan Filip,Kindle,"Aug 26, 2021",
0,https://www.amazon.com/dp/3030297047,3030297047,Precipitation Partitioning by Vegetation: A Global Synthesis,John T. Van Stan  II,Kindle,"Aug 26, 2021",
0,https://www.amazon.com/dp/3030296822,3030296822,Opening and Closure of the Neuquén Basin in the Southern Andes (Springer Earth System Sciences),Diego Kietzmann,Kindle,"Aug 26, 2021",
0,https://www.amazon.com/dp/3030296520,3030296520,"Sustainable Management of Phytoplasma Diseases in Crops Grown in the Tropical Belt: Biology and Detection (Sustainability in Plant and Crop Protection, 12)",Chrystel Y. Olivier,Kindle,"Aug 26, 2021",
0,https://www.amazon.com/dp/3030296377,3030296377,"Flash Floods in Egypt (Advances in Science, Technology & Innovation)",Abdelazim M. Negm,Kindle,"Aug 26, 2021",
0,https://www.amazon.com/dp/3030296334,3030296334,Morphodynamics in Aesthetics: Essays on the Singularity of the Work of Art (Lecture Notes in Morphogenesis),Stefania Caliandro,Kindle,"Aug 26, 2021",
0,https://www.amazon.com/dp/3030295575,3030295575,"Black Phosphorus: Synthesis, Properties and Applications (Engineering Materials)",Inamuddin,Kindle,"Aug 26, 2021",
0,https://www.amazon.com/dp/3030295435,3030295435,Grand Challenges in Fungal Biotechnology,Helena Nevalainen,Kindle,"Aug 26, 2021",
0,https://www.amazon.com/dp/3030295397,3030295397,Nuclear Non-proliferation and Arms Control Verification: Innovative Systems Concepts,Irmgard Niemeyer,Kindle,"Aug 26, 2021",
0,https://www.amazon.com/dp/3030295281,3030295281,Grid Planning in the Urban Design Practices of Senegal,Liora Bigon,Hardcover,"Aug 26, 2021",
0,https://www.amazon.com/dp/3030295249,3030295249,Self-standing Substrates: Materials and Applications (Engineering Materials),Inamuddin,Kindle,"Aug 26, 2021",
0,https://www.amazon.com/dp/3030294951,3030294951,The Tobacco Plant Genome (Compendium of Plant Genomes),Nikolai V. Ivanov,Kindle,"Aug 26, 2021",
1,https://www.amazon.com/dp/3030294560,3030294560,A Practical Guide to Surface Metrology (Springer Series in Measurement Science and Technology),Michael Quinten,Kindle,"Aug 26, 2021",
0,https://www.amazon.com/dp/3030293394,3030293394,Sustainable Agriculture Reviews 38: Carbon Sequestration Vol. 2 Materials and Chemical Methods,Inamuddin,Kindle,"Aug 26, 2021",
0,https://www.amazon.com/dp/3030293009,3030293009,Sustainable Agriculture Reviews 37: Carbon Sequestration Vol. 1 Introduction and Biochemical Methods,Inamuddin,Kindle,"Aug 26, 2021",
0,https://www.amazon.com/dp/3030292762,3030292762,"Water Policies in MENA Countries (Global Issues in Water Policy, 23)",Slim Zekri,Kindle,"Aug 26, 2021",
0,https://www.amazon.com/dp/3030292541,3030292541,"Whales of the Southern Ocean: Biology, Whaling and Perspectives of Population Recovery (Advances in Polar Ecology, 5)",Yuri Mikhalev,Kindle,"Aug 26, 2021",
0,https://www.amazon.com/dp/3030292096,3030292096,"Nanoscience in Medicine Vol. 1 (Environmental Chemistry for a Sustainable World, 39)",Hemant Kumar Daima,Kindle,"Aug 26, 2021",
0,https://www.amazon.com/dp/3030291812,3030291812,"Uncertainty in Pharmacology: Epistemology, Methods, and Decisions (Boston Studies in the Philosophy and History of Science)",Adam LaCaze,Kindle,"Aug 26, 2021",
0,https://www.amazon.com/dp/3030291553,3030291553,"Indigenous Amazonia, Regional Development and Territorial Dynamics: Contentious Issues (The Latin American Studies Book Series)",Walter Leal Filho,Kindle,"Aug 26, 2021",
0,https://www.amazon.com/dp/3030289117,3030289117,Advances in Modeling and Interpretation in Near Surface Geophysics (Springer Geophysics),Arkoprovo Biswas,Hardcover,"Aug 26, 2021",
0,https://www.amazon.com/dp/3030159914,3030159914,Geodynamics of the Indian Plate: Evolutionary Perspectives (Springer Geology),Neal Gupta,Kindle,"Aug 26, 2021",
1,https://www.amazon.com/dp/3030157644,3030157644,An Assessment Framework for Compliance with International Space Law and Norms: Promoting Equitable Access and Use of Space for Emerging Actors (Southern Space Studies),David Lindgren,Kindle,"Aug 26, 2021",
0,https://www.amazon.com/dp/3030151778,3030151778,Bacilli and Agrobiotechnology: Phytostimulation and Biocontrol: Volume 2 (Bacilli in Climate Resilient Agriculture and Bioprospecting),Md Tofazzal Islam,Kindle,"Aug 26, 2021",
1,https://www.amazon.com/dp/1803270349,1803270349,Prehistoric Fisherfolk of Oman: The Neolithic Village of Ras Al-hamra Rh-5 (Archaeological Heritage of Oman),Emilie Badel,Paperback,"Aug 26, 2021",
0,https://www.amazon.com/dp/1493997580,1493997580,Fundamental Approaches to Screen Abnormalities in Drosophila (Springer Protocols Handbooks),Monalisa Mishra,Kindle,"Aug 26, 2021",
1,https://www.amazon.com/dp/1350237469,1350237469,"Imagining Solar Energy: The Power of the Sun in Literature, Science and Culture (Explorations in Science and Literature)",Gregory Lynall,Kindle,"Aug 26, 2021",
0,https://www.amazon.com/dp/1071611720,1071611720,miRNomics: MicroRNA Biology and Computational Analysis (Methods in Molecular Biology),Jens Allmer,Kindle,"Aug 26, 2021",
0,https://www.amazon.com/dp/1071606468,1071606468,"Homologous Recombination: Methods and Protocols (Methods in Molecular Biology, 2153)",Andrés Aguilera,Kindle,"Aug 26, 2021",
0,https://www.amazon.com/dp/1071606131,1071606131,Computer-Aided Tissue Engineering: Methods and Protocols (Methods in Molecular Biology),Alberto Rainer,Kindle,"Aug 26, 2021",
0,https://www.amazon.com/dp/1071601970,1071601970,Metabolic Pathway Engineering (Methods in Molecular Biology),Michael E. Himmel,Kindle,"Aug 26, 2021",
0,https://www.amazon.com/dp/107160161X,107160161X,Metabolic Flux Analysis in Eukaryotic Cells: Methods and Protocols (Methods in Molecular Biology),Deepak Nagrath,Kindle,"Aug 26, 2021",
0,https://www.amazon.com/dp/1071601520,1071601520,Ecotoxicological QSARs (Methods in Pharmacology and Toxicology),Kunal Roy,Kindle,"Aug 26, 2021",
0,https://www.amazon.com/dp/0128222425,0128222425,Assisted History Matching for Unconventional Reservoirs,Sutthaporn Tripoppoom,Kindle,"Aug 5, 2021",
0,https://www.amazon.com/dp/0128212330,0128212330,Sustainable Production Technology in Food,Jose M. Lorenzo,Kindle,"Aug 16, 2021",
0,https://www.amazon.com/dp/3030283402,3030283402,The Complexity of Bird Behaviour: A Facet Theory Approach (Springerbriefs in Animal Sciences),Paul M. W. Hackett,Kindle,"Aug 26, 2021",
0,https://www.amazon.com/dp/3030282872,3030282872,21st Century Prometheus: Managing CBRN Safety and Security Affected by Cutting-Edge Technologies,Maurizio Martellini,Kindle,"Aug 26, 2021",
0,https://www.amazon.com/dp/3030281531,3030281531,"Macromolecular Protein Complexes II: Structure and Function (Subcellular Biochemistry, 93)",J. Robin Harris,Hardcover,"Aug 26, 2021",
0,https://www.amazon.com/dp/3030279634,3030279634,Organometallics in Process Chemistry (Topics in Organometallic Chemistry),Thomas J. Colacot,Kindle,"Aug 26, 2021",
2,https://www.amazon.com/dp/3030273377,3030273377,"Idiocy, Imbecility and Insanity in Victorian Society: Caterham Asylum, 1867–1911 (Mental Health in Historical Perspective)",Stef Eastoe,Kindle,"Aug 26, 2021",
0,https://www.amazon.com/dp/3030273024,3030273024,"5th International Symposium of Space Optical Instruments and Applications: Beijing, China, September 5–7, 2018 (Springer Proceedings in Physics, 232)",H. Paul Urbach,Kindle,"Aug 26, 2021",
0,https://www.amazon.com/dp/3030272478,3030272478,"Pedagogies of Culture: Schooling and Identity in Post-Soviet Tatarstan, Russia (Anthropological Studies of Education)",Dilyara Suleymanova,Kindle,"Aug 26, 2021",
0,https://www.amazon.com/dp/3030271633,3030271633,Methods for Electrocatalysis: Advanced Materials and Allied Applications,Inamuddin,Kindle,"Aug 26, 2021",
0,https://www.amazon.com/dp/3030270475,3030270475,Methods and Models in Mathematical Programming,S. A. MirHassani,Hardcover,"Aug 26, 2021",
0,https://www.amazon.com/dp/3030267865,3030267865,"Collaborative Research in Fisheries: Co-creating Knowledge for Fisheries Governance in Europe (MARE Publication Series, 22)",Peter Holm,Kindle,"Aug 26, 2021",
0,https://www.amazon.com/dp/3030266702,3030266702,"Environmental Nanotechnology Volume 4 (Environmental Chemistry for a Sustainable World, 32)",Nandita Dasgupta,Kindle,"Aug 26, 2021",
0,https://www.amazon.com/dp/3030265803,3030265803,Frontiers and Advances in Positive Learning in the Age of InformaTiOn (PLATO),Olga Zlatkin-Troitschanskaia,Kindle,"Aug 26, 2021",
0,https://www.amazon.com/dp/3030264947,3030264947,Developments in Demography in the 21st Century (The Springer Series on Demographic Methods and Population Analysis),Joachim Singelmann,Hardcover,"Aug 26, 2021",
0,https://www.amazon.com/dp/3030264602,3030264602,"Nature-Inspired Methods for Metaheuristics Optimization: Algorithms and Applications in Science and Engineering (Modeling and Optimization in Science and Technologies, 16)",Fouad Bennis,Hardcover,"Aug 26, 2021",
0,https://www.amazon.com/dp/3030263673,3030263673,"Proceedings of SECON'19: Structural Engineering and Construction Management (Lecture Notes in Civil Engineering, 46)",Kaustubh Dasgupta,Kindle,"Aug 26, 2021",
0,https://www.amazon.com/dp/3030261476,3030261476,Nanostructured Materials (Engineering Materials),T. Daniel Thangadurai,Kindle,"Aug 26, 2021",
0,https://www.amazon.com/dp/3030260887,3030260887,"Forest-Water Interactions (Ecological Studies, 240)",Delphis F. Levia,Paperback,"Aug 26, 2021",
0,https://www.amazon.com/dp/3030258815,3030258815,"Perception, Design and Ecology of the Built Environment: A Focus on the Global South (Springer Geography)",Mainak Ghosh,Kindle,"Aug 26, 2021",
0,https://www.amazon.com/dp/3030255964,3030255964,Biodiversity Offsets Between Regulation and Voluntary Commitment: A Typology of Approaches Towards Environmental Compensation and No Net Loss of Biodiversity,Marianne Darbi,Hardcover,"Aug 26, 2021",
0,https://www.amazon.com/dp/3030255484,3030255484,The Berge Equilibrium: A Game-Theoretic Framework for the Golden Rule of Ethics (Static & Dynamic Game Theory: Foundations & Applications),Mindia E. Salukvadze,Kindle,"Aug 26, 2021",
0,https://www.amazon.com/dp/3030250180,3030250180,Environmental and Sustainability Education in Teacher Education: Canadian Perspectives (International Explorations in Outdoor and Environmental Education),Douglas D. Karrow,Kindle,"Aug 26, 2021",
0,https://www.amazon.com/dp/3030245381,3030245381,"Semantics and Truth (Logic, Epistemology, and the Unity of Science, 45)",Jan Woleński,Hardcover,"Aug 26, 2021",
0,https://www.amazon.com/dp/3030243656,3030243656,"Animals and Human Society in Asia: Historical, Cultural and Ethical Perspectives (The Palgrave Macmillan Animal Ethics Series)",Rotem Kowner,Kindle,"Aug 26, 2021",
0,https://www.amazon.com/dp/3030240533,3030240533,"Proceedings of International Conference on Artificial Intelligence, Smart Grid and Smart City Applications: AISGSC 2019",L. Ashok Kumar,Kindle,"Aug 26, 2021",
0,https://www.amazon.com/dp/3030239276,3030239276,About Star Architecture: Reflecting on Cities in Europe,Nadia Alaily-Mattar,Kindle,"Aug 26, 2021",
0,https://www.amazon.com/dp/303023794X,303023794X,"Flow Control Through Bio-inspired Leading-Edge Tubercles: Morphology, Aerodynamics, Hydrodynamics and Applications",Daniel T. H. New,Kindle,"Aug 26, 2021",
1,https://www.amazon.com/dp/303023729X,303023729X,The Palgrave Handbook of Economic Performance Analysis,Thijs ten Raa,Kindle,"Aug 26, 2021",
1,https://www.amazon.com/dp/3030236633,3030236633,Thomas Seebohm on the Foundations of the Sciences: An Analysis and Critical Appraisal (Contributions to Phenomenology),Thomas Nenon,Kindle,"Aug 26, 2021",
0,https://www.amazon.com/dp/3030235114,3030235114,Scientific Papers of Ettore Majorana: A New Expanded Edition,Luisa Cifarelli,Kindle,"Aug 26, 2021",
0,https://www.amazon.com/dp/3030229122,3030229122,"Bifurcation and Stability in Nonlinear Dynamical Systems (Nonlinear Systems and Complexity, 28)",Albert C. J. Luo,Hardcover,"Aug 26, 2021",
0,https://www.amazon.com/dp/3030228355,3030228355,Theory of Information and its Value,Ruslan L. Stratonovich,Hardcover,"Aug 26, 2021",
0,https://www.amazon.com/dp/3030226190,3030226190,Ethics in Pediatrics: Achieving Excellence When Helping Children,Ian Mitchell,Kindle,"Aug 26, 2021",
0,https://www.amazon.com/dp/303022564X,303022564X,Moral Neuroeducation for a Democratic and Pluralistic Society,Patrici Calvo,Kindle,"Aug 26, 2021",
0,https://www.amazon.com/dp/3030219682,3030219682,Physics of Fast Processes in Scintillators (Particle Acceleration and Detection),Mikhail Korzhik,Hardcover,"Aug 26, 2021",
0,https://www.amazon.com/dp/3030217167,3030217167,"Chimera Patterns in Networks: Interplay between Dynamics, Structure, Noise, and Delay (Understanding Complex Systems)",Anna Zakharova,Hardcover,"Aug 26, 2021",
0,https://www.amazon.com/dp/3030216934,3030216934,"Superresolution Optical Microscopy: The Quest for Enhanced Resolution and Contrast (Springer Series in Optical Sciences, 227)",Barry R. Masters,Hardcover,"Aug 26, 2021",
0,https://www.amazon.com/dp/3030210863,3030210863,Rabies and Rabies Vaccines,Hildegund C.J. Ertl,Kindle,"Aug 26, 2021",
0,https://www.amazon.com/dp/3030210502,3030210502,Fate and Effects of Anticancer Drugs in the Environment,Ester Heath,Kindle,"Aug 26, 2021",
1,https://www.amazon.com/dp/3030210030,3030210030,The Spruce Genome (Compendium of Plant Genomes),Ilga M. Porth,Kindle,"Aug 26, 2021",
0,https://www.amazon.com/dp/3030200108,3030200108,The Mungbean Genome (Compendium of Plant Genomes),Ramakrishnan M. Nair,Kindle,"Aug 26, 2021",
0,https://www.amazon.com/dp/3030193551,3030193551,Advances in Cyber Security Analytics and Decision Systems (EAI/Springer Innovations in Communication and Computing),Shishir K. Shandilya,Kindle,"Aug 26, 2021",
0,https://www.amazon.com/dp/3030190846,3030190846,"Making Sense of Health, Disease, and the Environment in Cross-Cultural History: The Arabic-Islamic World, China, Europe, and North America (Boston Studies in the Philosophy and History of Science)",Florence Bretelle-Establet,Kindle,"Aug 26, 2021",
0,https://www.amazon.com/dp/3030189570,3030189570,"Historical Studies in Computing, Information, and Society: Insights from the Flatiron Lectures (History of Computing)",William Aspray,Kindle,"Aug 26, 2021",
0,https://www.amazon.com/dp/3030189198,3030189198,Entomovectoring for Precision Biocontrol and Enhanced Pollination of Crops,Guy Smagghe,Kindle,"Aug 26, 2021",
0,https://www.amazon.com/dp/3030188485,3030188485,Laws and Explanations; Theories and Modal Possibilities (Synthese Library),Arnold Koslow,Hardcover,"Aug 26, 2021",
0,https://www.amazon.com/dp/3030183173,3030183173,Equidistribution and Counting Under Equilibrium States in Negative Curvature and Trees: Applications to Non-Archimedean Diophantine Approximation (Progress in Mathematics),Anne Broise-Alamichel,Hardcover,"Aug 26, 2021",
0,https://www.amazon.com/dp/303018093X,303018093X,Memorials in the Aftermath of Armed Conflict: From History to Heritage (Palgrave Studies in Cultural Heritage and Conflict),Marie Louise Stig Sørensen,Kindle,"Aug 26, 2021",
1,https://www.amazon.com/dp/3030180360,3030180360,"Drinking Water Minerals and Mineral Balance: Importance, Health Significance, Safety Precautions",Ingegerd Rosborg,Kindle,"Aug 26, 2021",
0,https://www.amazon.com/dp/3030169715,3030169715,Lake Biwa: Interactions between Nature and People: Second Edition,Hiroya Kawanabe,Kindle,"Aug 26, 2021",
0,https://www.amazon.com/dp/1108964966,1108964966,Lithium Isotopes: A Tracer of Past and Present Silicate Weathering (Elements in Geochemical Tracers in Earth System Science),Philip A. E. Pogge von Strandmann,Kindle,"Aug 26, 2021",
0,https://www.amazon.com/dp/012824058X,012824058X,Contamination of Water: Health Risk Assessment and Treatment Strategies,Arif Ahamad PhD,Kindle,"Aug 26, 2021",
0,https://www.amazon.com/dp/9811555249,9811555249,Toxicology of Nanoparticles: Insights from Drosophila,Namita Agrawal,Kindle,"Aug 25, 2021",
0,https://www.amazon.com/dp/3030500772,3030500772,DNA Barcoding and Molecular Phylogeny,Subrata Trivedi,Kindle,"Aug 25, 2021",
1,https://www.amazon.com/dp/3030427544,3030427544,"Lizards of Patagonia: Diversity, Systematics, Biogeography and Biology of the Reptiles at the End of the World (Natural and Social Sciences of Patagonia)",Mariana Morando,Kindle,"Aug 25, 2021",
0,https://www.amazon.com/dp/B09F1KM527,B09F1KM527,"Safari Composition Notebook: Cute Giraffe Print | College Ruled 7.5 X 9.25 in | 110 Pages book for Girls, Students and Teachers",KC Educators,Paperback,"Aug 25, 2021",
0,https://www.amazon.com/dp/B09F1HYRD9,B09F1HYRD9,Graph Notebook: Funny 5x5 Quad Ruled Graph Notebook for Maths and Science students with White Lines and Math Problems with Green Background - Genius Loading Progress Bar 88%,BlackDoor Education,Paperback,"Aug 25, 2021",
0,https://www.amazon.com/dp/B09F1FY2SQ,B09F1FY2SQ,"Graph Paper Notebook: Grid Composition Notebook for Math and Science Students, Blank Quad Ruled, 8.5’’ x 11’’, 120 pages",Kent73 Press,Paperback,"Aug 25, 2021",
0,https://www.amazon.com/dp/B09F1FWMR5,B09F1FWMR5,This Composition Notebook is a Gift for: the Worlds Best Teacher,Andrew Murray,Paperback,"Aug 25, 2021",
0,https://www.amazon.com/dp/B09F1FSJBH,B09F1FSJBH,"No-Nonsense Notebook: Animal Themed Series. Simple, uncomplicated Personal Notebook. Inexpensive Gift. Christmas Present. Back to school.",Tony Butterworth Photography,Paperback,"Aug 25, 2021",
0,https://www.amazon.com/dp/B09F1FSJB8,B09F1FSJB8,"No-Nonsense Notebook: Animal Themed Series. Simple, uncomplicated Personal Notebook. Inexpensive Gift. Christmas Present. Back to school.",Tony Butterworth Photography,Paperback,"Aug 25, 2021",
0,https://www.amazon.com/dp/B09F1FJCGG,B09F1FJCGG,"Graph Paper Notebook: Grid Paper Composition Notebook | 3-IN-1 CONTENTS INCLUDE DOT GRID + 4x4 + 5x5 | 100 Sheets |Elegant Luxury Blue Multi Sizes ... for Math and Science Students, Office & Homes",Barbara Dervia Sanjuan,Hardcover,"Aug 25, 2021",
0,https://www.amazon.com/dp/B09F1F9T4H,B09F1F9T4H,"Graph Paper Notebook: 4x4 Grid Composition Notebook for Math and Science Students Blank Quad Ruled | (Extra Large Size, 8.5 X 11in) | 100 Sheets",GRAPH PAPER PUBLISHER,Paperback,"Aug 25, 2021",
0,https://www.amazon.com/dp/B09F1D1WGT,B09F1D1WGT,Cat Unicorn Composition Notebook: Wide Ruled Composition Notebook,Kawaii Legends of Cuteness,Paperback,"Aug 25, 2021",
0,https://www.amazon.com/dp/B09F1CTFW4,B09F1CTFW4,"Alice: Unicorn Notebook Personal Name Wide Lined Rule Paper | Notebook The Notebook For Writing Journal or Diary Women & Girls - Gift For Birthday, For Student | 162 Pages Size 8.5x11inch",Cedric Wallace,Paperback,"Aug 25, 2021",
0,https://www.amazon.com/dp/B09F1CTFBQ,B09F1CTFBQ,"Graph Paper Composition Notebook 8.5 x 11: Large Simple Graph Paper Journal - 110 Quad Ruled 4x4 Pages 8.5"" x 11"" for Math, Geometry and For Science Students",Knowledge Spark Publishing,Paperback,"Aug 25, 2021",
0,https://www.amazon.com/dp/B09F1CGQGL,B09F1CGQGL,"Danielle: Unicorn Notebook Personal Name Wide Lined Rule Paper | Notebook The Notebook For Writing Journal or Diary Women & Girls Gift for Birthday, For Student | 162 Pages Size 8.5x11inch",Clayton Gill,Paperback,"Aug 25, 2021",
0,https://www.amazon.com/dp/B09F1CGQ73,B09F1CGQ73,"Composition Notebook: Tropical Flowers Design; 108 pgs, College-Ruled, Great Anytime Gift","ShantiGirl Productions, Inc.",Paperback,"Aug 25, 2021",
0,https://www.amazon.com/dp/B09F192N8S,B09F192N8S,"Strawberry Composition Notebook for Girls: Wide Ruled, Lined Workbook for Teens Kids Students Girls for Home School College To Writing Notes: 7.5"" X 9.25"" 120 Wide Ruled Pages",Summer & Winter Publication House,Paperback,"Aug 25, 2021",
0,https://www.amazon.com/dp/B09F192N63,B09F192N63,"Cactus Composition Notebook: College Ruled for Back to School, Students, Teens, Teachers, Work (Boho Cacti)",Belonda Academic,Paperback,"Aug 25, 2021",
0,https://www.amazon.com/dp/B09F192N4Z,B09F192N4Z,Notebook: Nature Lover's favourite: Leafy paradise,A1+ Classic Design,Paperback,"Aug 25, 2021",
0,https://www.amazon.com/dp/B09F16Q399,B09F16Q399,"Graph Ruled Notebook: Large Aesthetic Grid Engineering Paper Notebook, Quad Ruled 5 Squares Per Inch, For math, school, and university students",Sigma Writing,Paperback,"Aug 25, 2021",
0,https://www.amazon.com/dp/B09F16Q37T,B09F16Q37T,Notebook: Lined Notebook Atlantic Puffin,Rowe Press,Paperback,"Aug 25, 2021",
0,https://www.amazon.com/dp/B09F16Q37G,B09F16Q37G,"Back to School Notebook: For Kids | Alphabet | Numbers | Writing pad | Back to School | College Ruled Interior | 8.5 "" x 11"" | 120 pages",Esthernboyz Books,Paperback,"Aug 25, 2021",
0,https://www.amazon.com/dp/B09F16LDDN,B09F16LDDN,"Unicorn Composition Notebook: Wide Ruled Lined Paper Notebook Journal - 7.5"" X 9.25"" 120 Pages for Girls Kids Teens Students for Back to School and Home College Writing Notes",Pretty  Simple Studios,Paperback,"Aug 25, 2021",
0,https://www.amazon.com/dp/B09F166FYD,B09F166FYD,"Butterfly Composition Notebook: Wide Ruled - Cute Butterfly (7.5x9.25 inches,110 pages)",world modi,Paperback,"Aug 25, 2021",
0,https://www.amazon.com/dp/B09DN1FK9N,B09DN1FK9N,"Big Cats: Grayscale Coloring Book: Realistic Adult Coloring For Art Therapy, Relaxation and Stress Relief",Collin Vickers,Paperback,"Aug 25, 2021",
0,https://www.amazon.com/dp/B09DN16V7Z,B09DN16V7Z,"Zainab: Unicorn Notebook Personal Name Wide Lined Rule Paper | Notebook The Notebook For Writing Journal or Diary Women & Girls Gift for Birthday, For Student | 162 Pages Size 8.5x11inch",Alberta Morgan,Paperback,"Aug 25, 2021",
0,https://www.amazon.com/dp/B09DN16TR2,B09DN16TR2,The Coffee Cup Suitor: Suggestive Imaging Book 19,Bonnie Wright Miller,Kindle,"Aug 25, 2021",
0,https://www.amazon.com/dp/B09DMXZDRJ,B09DMXZDRJ,Hello Autumn: Fall Composition Notebook Journal,Eclectified Designs,Paperback,"Aug 25, 2021",
3,https://www.amazon.com/dp/1119668727,1119668727,"Dynamic Systems: Modeling, Simulation, and Control, EMEA Edition",Craig A. Kluever,Paperback,"Aug 24, 2021",
4,https://www.amazon.com/dp/1605546844,1605546844,Positive Behavior Interventions and Supports for Preschool and Kindergarten,Marla J. Lohmann,Kindle,"Aug 24, 2021",
0,https://www.amazon.com/dp/1421442426,1421442426,Renewable Energy: Ten Short Lessons (Pocket Einstein Series),Stephen Peake,Paperback,"Aug 24, 2021",
1,https://www.amazon.com/dp/0891189823,0891189823,"Laboratory Methods for Soil Health Analysis (Soil Health series, Volume 2) (ASA, CSSA, and SSSA Books)",Douglas L. Karlen,Kindle,"Jul 27, 2021",
4,https://www.amazon.com/dp/3956795687,3956795687,Don't Follow the Wind (Sternberg Press / Critical Spatial Practice),Nikolaus Hirsch,Paperback,"Aug 24, 2021",
1,https://www.amazon.com/dp/0891189807,0891189807,"Approaches to Soil Health Analysis (Soil Health series, Volume 1) (ASA, CSSA, and SSSA Books)",Douglas L. Karlen,Kindle,"Aug 24, 2021",
0,https://www.amazon.com/dp/0367417499,0367417499,Oil Spaces: Exploring the Global Petroleumscape,Carola Hein,Kindle,"Aug 24, 2021",
1,https://www.amazon.com/dp/B09F1G3X4J,B09F1G3X4J,"Purple Graph Paper Composition Notebook 5 squares per inch: Grid Paper Notebook for Math and Science students, school, high school, and college. 5x5 ... 100 pages, 8.5x11 inch, 21.59 x 27.94 cm",Oscar Note,Paperback,"Aug 24, 2021",
1,https://www.amazon.com/dp/B0DPVXWK2D,B0DPVXWK2D,The UFO Technology Handbook,Paul Hynek,Paperback,"Aug 24, 2021",
0,https://www.amazon.com/dp/3031006798,3031006798,Principles of Blockchain Systems (Synthesis Lectures on Computer Science),Antonio Fernández Anta,Hardcover,"Aug 24, 2021",
0,https://www.amazon.com/dp/B09FS5CYH2,B09FS5CYH2,"Clover Graph Paper Composition Notebook: Grid Paper Notebook, Quad Ruled, 100 Sheets (Large, 8.5 x 11) (Graph Paper Notebooks)",Fun Graphs,Paperback,"Aug 24, 2021",
0,https://www.amazon.com/dp/B09FC6F1RR,B09FC6F1RR,"Hexagonal Graph Paper: Hex Grid Paper, Hexagon Graph paper 1/4 inch, Large 8.5x11 Graph paper Notebook with 120 Pages for Organic Chemistry & Biochemistry Notebook - High School Chemistry Notes",Eamali Compositions,Paperback,"Aug 24, 2021",
0,https://www.amazon.com/dp/B09F1B5BL9,B09F1B5BL9,Cuaderno De Papel Grafico: Graph Paper Notebook,Analee & K LLC,Paperback,"Aug 24, 2021",
0,https://www.amazon.com/dp/6138956273,6138956273,THE WORLD AFTER CORONA VIRUS: the Corona virus and race for Vaccine,Rakesh Kumar Mishra,Paperback,"Aug 25, 2021",
0,https://www.amazon.com/dp/3754156616,3754156616,Essays on Empirical Asset Pricing,Steffen Windmüller,Paperback,"Aug 25, 2021",
0,https://www.amazon.com/dp/3330080523,3330080523,Modern Algebra: Degree Level Modern Algebra,Md. Arshaduzzaman,Paperback,"Aug 25, 2021",
1,https://www.amazon.com/dp/3030562778,3030562778,A Geometric Approach to the Unification of Symbolic Structures and Neural Networks (Studies in Computational Intelligence),Tiansi Dong,Kindle,"Aug 25, 2021",
0,https://www.amazon.com/dp/3030524906,3030524906,Modern Dynamic Reliability Analysis for Multi-state Systems: Stochastic Processes and the Lz-Transform (Springer Series in Reliability Engineering),Anatoly Lisnianski,Hardcover,"Aug 25, 2021",
0,https://www.amazon.com/dp/3030446972,3030446972,"Demography of Population Health, Aging and Health Expenditures (The Springer Series on Demographic Methods and Population Analysis, 50)",Christos H. Skiadas,Hardcover,"Aug 25, 2021",
1,https://www.amazon.com/dp/3030435458,3030435458,Women Leaders in School Psychology: Career Retrospectives and Guidance,Carol S. Lidz,Hardcover,"Aug 25, 2021",
0,https://www.amazon.com/dp/3030423212,3030423212,"Functional Foods and Nutraceuticals: Bioactive Components, Formulations and Innovations",Chukwuebuka Egbuna,Kindle,"Aug 25, 2021",
0,https://www.amazon.com/dp/1792488734,1792488734,Agricultural Biochemistry,Bonnie Walters,Paperback,"Aug 25, 2021",
0,https://www.amazon.com/dp/1792430388,1792430388,Ecology Lab Manual,University Of North Texas,Paperback,"Aug 25, 2021",
0,https://www.amazon.com/dp/1647197716,1647197716,An Abridged History of the World,William T Beran,Kindle,"Aug 25, 2021",
0,https://www.amazon.com/dp/1639024158,1639024158,Spacetime: Einstein’s biggest Mistake,Amrit S. Šorli,Paperback,"Aug 25, 2021",
0,https://www.amazon.com/dp/1291918108,1291918108,The Ghost in the Rock: An archaeology of sensibilities on the Victorian goldfields,RON SOUTHERN,Paperback,"Aug 25, 2021",
1,https://www.amazon.com/dp/1071609025,1071609025,Coronaviruses: Methods and Protocols (Methods in Molecular Biology),Helena J. Maier,Kindle,"Aug 25, 2021",
3,https://www.amazon.com/dp/0262542099,0262542099,Machines We Trust: Perspectives on Dependable AI,Marcello Pelillo,Kindle,"Aug 24, 2021",
1,https://www.amazon.com/dp/3030312003,3030312003,Transparency in Insurance Contract Law (AIDA Europe Research Series on Insurance Law and Regulation),Pierpaolo Marano,Kindle,"Aug 26, 2021",
5,https://www.amazon.com/dp/B09FC6FFFL,B09FC6FFFL,美國旅館及德州地產的商機與法律: U.S. Hotels & Texas Real Estate Opportunities & Legal Challenges,Andy Lai,Kindle,"Aug 31, 2021",
0,https://www.amazon.com/dp/B09FC6F268,B09FC6F268,Stock Investing Journal: Investing Logbook,Suphiss Publications,Paperback,"Aug 31, 2021",
1,https://www.amazon.com/dp/9948844904,9948844904,Adman vs. Chomsky,Ahmad Abu Zannad,Paperback,"Aug 31, 2021",
0,https://www.amazon.com/dp/B09FSCFZ6J,B09FSCFZ6J,Notes,Ipposthenis,Paperback,"Aug 31, 2021",
0,https://www.amazon.com/dp/B09FCKHYL9,B09FCKHYL9,Panda Bear Password Book WTF Is My Password: Internet Address & Password & Phone Number Logbook | Password Notebook with Alphabetical Tabs Organizer: ... Logbook | Logbook To Protect Usernames,pandart press,Paperback,"Aug 31, 2021",
0,https://www.amazon.com/dp/B09FCKHY4Y,B09FCKHY4Y,Accounting Ledger book: Ledger book 6 column | bookkeeping with personal or small business,manny ros,Paperback,"Aug 31, 2021",
0,https://www.amazon.com/dp/B09FCKC5LJ,B09FCKC5LJ,Journal,Ann's Books,Paperback,"Aug 31, 2021",
0,https://www.amazon.com/dp/B09FCKC544,B09FCKC544,"Composition notebook wide ruled: Colorful Textile fabric tie dye pattern, 7.5 x 9.25,120 pages | College essentials and back to school supplies gifts ... high school students (composition notebooks)",Burgo italia,Paperback,"Aug 31, 2021",
0,https://www.amazon.com/dp/B09FCKC534,B09FCKC534,Lined journal: Halloween and poison pattern - Blank journal - Lined notebook for writing,Collie Creates,Paperback,"Aug 31, 2021",
0,https://www.amazon.com/dp/B09FCHPMDQ,B09FCHPMDQ,Notebook: Unicorn Rainbow Journal,Dan Jacinto,Paperback,"Aug 31, 2021",
0,https://www.amazon.com/dp/B09FCHNM6N,B09FCHNM6N,I Am chemistry teacher A Super Hero Who Wear Mask: 6x9 Career Motivational Notebook 120 Pages For Employees,Arya ARYA,Paperback,"Aug 31, 2021",
0,https://www.amazon.com/dp/B09FCFHBQD,B09FCFHBQD,"Tulip Print Notebook: College Ruled, 100 pages, 8.5 x 11 inches",Dehoodah Publishing,Paperback,"Aug 31, 2021",
0,https://www.amazon.com/dp/B09FCFHBCQ,B09FCFHBCQ,"90 day Undated Daily Planner 6 x 9, white leopard print cover",Shamrock Publications,Paperback,"Aug 31, 2021",
0,https://www.amazon.com/dp/B09FCFHBBQ,B09FCFHBBQ,"Composition notebook wide ruled: Colorful Textile fabric tie dye pattern, 7.5 x 9.25,120 pages | College essentials and back to school supplies gifts ... high school students (composition notebooks)",Burgo italia,Paperback,"Aug 31, 2021",
0,https://www.amazon.com/dp/B09FCCMFZ7,B09FCCMFZ7,"Contractors Signing In and Out Book: Sign in Book For Workplace And Building Site, Company Sign In Log Book, Large Size 8,5 x 11 Inches.",Stenlund Wise Stensson,Paperback,"Aug 31, 2021",
0,https://www.amazon.com/dp/B09FCCMFSL,B09FCCMFSL,Accounting Ledger book: Notebook with notes | Journal record for ledger book | with personal or small business,manny ros,Paperback,"Aug 31, 2021",
0,https://www.amazon.com/dp/B09FCCMFRV,B09FCCMFRV,"Clothing Reseller Inventory Log Book: Reseller Inventory Log Book, Product Listing Notebook For Online Fashion Resellers on Poshmark, Stay Organized and Keep Track of Your Items",Business Project Management Women & Business,Paperback,"Aug 31, 2021",
0,https://www.amazon.com/dp/B09FCCMFRN,B09FCCMFRN,Notebook,Fiona Fuong,Paperback,"Aug 31, 2021",
0,https://www.amazon.com/dp/B09FCCDCGN,B09FCCDCGN,"Crypto Trading Log Book: 120 pages, For Traders Of Stocks, Futures, Options And Forex, Perfect Birthday Gift",Othmane Trader,Paperback,"Aug 31, 2021",
0,https://www.amazon.com/dp/B09FCCDCB5,B09FCCDCB5,"Things I'd Like To Tell My Boss But That Would Get Me Fired, Funny Notebook Gift For Coworker, Friends, Family, Office, Work Gag Gift: | Lined ... 120 pages, 6x9, Soft Cover, Matte Finish",Akn Publishing,Paperback,"Aug 31, 2021",
0,https://www.amazon.com/dp/B09FCC18JM,B09FCC18JM,I Am Category Manager A Super Hero Who Wear Mask: 6x9 Career Motivational Notebook 120 Pages For Employees,Arya ARYA,Paperback,"Aug 31, 2021",
0,https://www.amazon.com/dp/B09FC9ZX8M,B09FC9ZX8M,Accounting Ledger book: Elegant simple trackers | Planner for accounting with personal or small business,manny ros,Paperback,"Aug 31, 2021",
0,https://www.amazon.com/dp/B09FC9Y7MS,B09FC9Y7MS,"Contractors Signing In and Out Book: Contractors Sign in Book For Workplace, Track And Trace Visitors And Contractors Log Book, Large Size 8,5 x 11 Inches.",Vilmos  Brede Johannesson,Paperback,"Aug 31, 2021",
0,https://www.amazon.com/dp/B09FC9Y7HB,B09FC9Y7HB,Work Timesheet Log Book: For Entrepreneurs,Paper For Your Thoughts,Paperback,"Aug 31, 2021",
0,https://www.amazon.com/dp/B09FC9Y7GQ,B09FC9Y7GQ,"First Grade Subject Notebook: Cute Inspirational Notebook for Kids | WIDE RULED | 7.25"" × 9.75"" | 100 pages",HSC Press,Paperback,"Aug 31, 2021",
0,https://www.amazon.com/dp/B09FC89556,B09FC89556,GRAPH PAPER NOTEBOOK: large simple composition book for mathematics and science - 120 quad ruled 4/4 - 8.5/11 inches - DARK GRAY cover,Maya Silvercat,Paperback,"Aug 31, 2021",
0,https://www.amazon.com/dp/B09FC87M2M,B09FC87M2M,Reseller inventory log book: Product Listing Notebook For Online Fashion Resellers | Inventory Management Book For Small Business Stock and Supplies | ... System To Keep Track Of Your Inventory Items.,Mela LogPrints,Paperback,"Aug 31, 2021",
0,https://www.amazon.com/dp/B09FC6G4XT,B09FC6G4XT,Accounting Ledger book: Control tracking finances | Journal record for ledger with personal or small business,manny ros,Paperback,"Aug 31, 2021",
0,https://www.amazon.com/dp/B09FC6G4D8,B09FC6G4D8,This Meeting Could Have Been An Email Notebook: Journal,Dan Jacinto,Paperback,"Aug 31, 2021",
0,https://www.amazon.com/dp/B09FC6FFF3,B09FC6FFF3,"Clothing Reseller Inventory Log Book: Reseller Inventory Log Book, Product Listing Notebook For Online Fashion Resellers on Poshmark, Stay Organized and Keep Track of Your Items",Production & Operations Retailing Industry,Paperback,"Aug 31, 2021",
0,https://www.amazon.com/dp/B09FC5ZSFJ,B09FC5ZSFJ,I Am Cheer Leader A Super Hero Who Wear Mask: 6x9 Career Motivational Notebook 120 Pages For Employees,Arya ARYA,Paperback,"Aug 31, 2021",
0,https://www.amazon.com/dp/B09FBYPYT4,B09FBYPYT4,I Am Chauffeur A Super Hero Who Wear Mask: 6x9 Career Motivational Notebook 120 Pages For Employees,Arya ARYA,Paperback,"Aug 31, 2021",
0,https://www.amazon.com/dp/B09FBTW1BJ,B09FBTW1BJ,Bill Payment Tracker 2021-2025: 5 Year Bill Payment Organizer Log Book Monthly Bill Planner Notebook | Expense and Bill Tracke,sara EL mourabite,Paperback,"Aug 31, 2021",
0,https://www.amazon.com/dp/B09F1G3XQP,B09F1G3XQP,"Who will Josefina be? (Who will baby be? (girl, dark hair) A-Q)",Ela Krepska,Paperback,"Aug 31, 2021",
0,https://www.amazon.com/dp/B09F1G3XQK,B09F1G3XQK,"Who will Malcolm be? (Who will baby be? (boy, dark hair) A-Q)",Ela Krepska,Paperback,"Aug 31, 2021",
0,https://www.amazon.com/dp/B09F1FVF6Q,B09F1FVF6Q,"Who will Eduardo be? (Who will baby be? (boy, blond hair) A-Q)",Ela Krepska,Paperback,"Aug 31, 2021",
0,https://www.amazon.com/dp/B09F1D2G9F,B09F1D2G9F,"Who will Constanza be? (Who will baby be? (girl, blond hair) A-Q)",Ela Krepska,Paperback,"Aug 31, 2021",
0,https://www.amazon.com/dp/B09F192NS1,B09F192NS1,"Who will Vicente be? (Who will baby be? (boy, dark hair) R-Z)",Ela Krepska,Paperback,"Aug 31, 2021",
0,https://www.amazon.com/dp/B09F16L2QC,B09F16L2QC,"Who will Malia be? (Who will baby be? (girl, dark hair) A-Q)",Ela Krepska,Paperback,"Aug 31, 2021",
0,https://www.amazon.com/dp/B09F14TC89,B09F14TC89,THE NLP 2021 REVOLUTION: Discover How Neuro-Linguistic Programming Can Improve your Lifestyle! Learn to Manage the Communication to the Top and Manage ... States with the best NLP Strategies!,Jessica W. Cooper,Paperback,"Aug 31, 2021",
0,https://www.amazon.com/dp/6204201646,6204201646,INNOVATIVE MANAGEMENT PRACTICES IN UNCERTAIN TIMES: AN INDIAN PERSPECTIVE,Rajesh Desai,Paperback,"Aug 31, 2021",
0,https://www.amazon.com/dp/6204057170,6204057170,PATIENT-CENTERED CARE: SPIRITUAL CARE PLAN FOR NURSING PRACTICE IN BONE MARROW TRANSPLANTATION,Kelly Mensch,Paperback,"Aug 31, 2021",
0,https://www.amazon.com/dp/6204055666,6204055666,Energy equation: strategic issues and challenges: Collection of articles and interviews on energy,Akli Kamel Ait Cherif,Paperback,"Aug 31, 2021",
0,https://www.amazon.com/dp/6204055038,6204055038,"Sexual harassment of students at a public university in Mexico: Sexual harassment, sociodemographic variables and risk factors in university students.",Irma Ramos Rodríguez,Paperback,"Aug 31, 2021",
0,https://www.amazon.com/dp/6204053221,6204053221,Level of Supply Chain Integration in a Family Industry: Level of supply chain integration in a family-run food industry in western Santa Catarina State,Willyam Pederssetti,Paperback,"Aug 31, 2021",
0,https://www.amazon.com/dp/6204032852,6204032852,Dollar: the international currency of the 21st century,Gérard Marie Henry,Paperback,"Aug 31, 2021",
1,https://www.amazon.com/dp/B09FCHR89M,B09FCHR89M,"My Content Creation Workbook: Undated Planner for Bloggers, Vloggers, and Affiliates: Keep Track of Your Website, Blog, and YouTube Content With This Easy-To-Use Book",Five Bags of Gold,Paperback,"Aug 30, 2021",
1,https://www.amazon.com/dp/B09FSCFBR7,B09FSCFBR7,"Notebook: Distressed effect, Lined Notebooks with Norse Mythology Symbol Valknut",Sheridan Creations,Paperback,"Aug 30, 2021",
0,https://www.amazon.com/dp/B09FRZXQC6,B09FRZXQC6,"Composition Notebook: Perfect Gift For Girls Teens Women School Home Writing Notes Journal | "" 7.5 X 9.25 "" - Wide Ruled 110 Pages Perfect Size For ... School -Work or Home Workbook",VISION COMPOSITION,Paperback,"Aug 30, 2021",
0,https://www.amazon.com/dp/B09FCHDR7S,B09FCHDR7S,Order Book For Small Business: Sales Log Book for Business | order forms for small business | order form log book for small Business | order tracker . size 8 x 10 inche,Kieran sales publishing,Paperback,"Aug 30, 2021",
0,https://www.amazon.com/dp/B09FCFNY7J,B09FCFNY7J,Accounting Ledger Book: Simple Accounting Ledger Tracker Logbook for Bookkeeping and Small Business (Simple Business Essential Log Books),anas publishing,Paperback,"Aug 30, 2021",
0,https://www.amazon.com/dp/B09FCCMF48,B09FCCMF48,Scorpio Notebook: Zodiac Journal,Dan Jacinto,Paperback,"Aug 30, 2021",
0,https://www.amazon.com/dp/B09FCCLQ7M,B09FCCLQ7M,"Cornell Notes Notebook: Cornell Notes Notebook Note-Taking System for Students, Teachers, School, Work College Ruled 100 Pages Buffalo Plaid (Cornell Notes Notebooks 100 Pages)",Sue J-Publishing,Paperback,"Aug 30, 2021",
0,https://www.amazon.com/dp/B09FCCLDJS,B09FCCLDJS,Phone Message Notebook: Keep Track Of What's Happening With Phone Calls And Messages In Your Business - Simple Voice Mail Log And Message Taking Book,Meticulous Publishing,Paperback,"Aug 30, 2021",
0,https://www.amazon.com/dp/B09FCCD9RF,B09FCCD9RF,"2022-2023 pocket planner: 2 Year Monthly Pocket Planner, Agenda & Organizer with 24 Months Spread View with habit tracker, vision board, goal checklist and more| hand drawn leaves design",Gale Pascall,Paperback,"Aug 30, 2021",
0,https://www.amazon.com/dp/B09FCCD9HV,B09FCCD9HV,Rental Ledger Book: Rental Property Record Book 120 pages Income And Expenses Book Keeping Notebook For Rental Landlord Rental Property Manager ... Log Book| Keep Track of Your Rent Payment,Practical Law Guides for Real Estate,Paperback,"Aug 30, 2021",
0,https://www.amazon.com/dp/B09FCC18JT,B09FCC18JT,I Am Cash manager A Super Hero Who Wear Mask: 6x9 Career Motivational Notebook 120 Pages For Employees,Arya ARYA,Paperback,"Aug 30, 2021",
0,https://www.amazon.com/dp/B09FCB46T1,B09FCB46T1,"2022-2023 Planner: Dec 2021 – Dec 2023, 2 Year Daily Weekly Monthly Calendar Planner (2022 Planner Weekly and Monthly)",Arthur Willis,Paperback,"Aug 30, 2021",
0,https://www.amazon.com/dp/B09FCB46QF,B09FCB46QF,"Equipment Maintenance Log Book: Repairs And Maintenance Record Book For Home, Office, Construction and Other Equipments 8.5"" X 11"" 120 Pages",Athony US,Paperback,"Aug 30, 2021",
0,https://www.amazon.com/dp/B09FCB46Q2,B09FCB46Q2,Planning is Everything,Melissa Allen,Paperback,"Aug 30, 2021",
0,https://www.amazon.com/dp/B09FCB23XN,B09FCB23XN,New Job Loading......: 120 Pages Blank & Lined (6 x 9 inches) Journal Notebook with Your Job Customer Success Manager,Rakib Hosain,Paperback,"Aug 30, 2021",
0,https://www.amazon.com/dp/B09FC9YPRF,B09FC9YPRF,"Bill Planner. Track Your Monthly Bills and Payments: Simplify Monthly Bills in a comfortable and easy way with an Organizer for keeping track of contacts, bills, and payments",S. A. Forest,Hardcover,"Aug 30, 2021",
0,https://www.amazon.com/dp/B09FC9YPLL,B09FC9YPLL,Income and Expense Log Book: Accounting Ledger Log Book for Income & Expenses – Transaction Checkbook for Small Business,Jamie Petty,Paperback,"Aug 30, 2021",
0,https://www.amazon.com/dp/B09FC9YPH9,B09FC9YPH9,"Cornell Notes Notebook: Cornell Notes Notebook Note-Taking System for Students, Teachers, School, Work College Ruled 100 Pages Buffalo Plaid (Cornell Notes Notebooks 100 Pages)",Sue J-Publishing,Paperback,"Aug 30, 2021",
0,https://www.amazon.com/dp/B09FC893ZR,B09FC893ZR,"Keep Calm I Have A Spreadsheet For That: Funny Notebook Gift for the office, Coworker Gift Idea",FENIX,Paperback,"Aug 30, 2021",
0,https://www.amazon.com/dp/B09FC7F1VF,B09FC7F1VF,I Am Cargo Agent A Super Hero Who Wear Mask: 6x9 Career Motivational Notebook 120 Pages For Employees,Arya ARYA,Paperback,"Aug 30, 2021",
0,https://www.amazon.com/dp/B09FC6G45M,B09FC6G45M,Meeting Notes: Small Business Log Book: We are a family-owned business who creates each book with care.,Pink Petal Ponderings,Paperback,"Aug 30, 2021",
0,https://www.amazon.com/dp/B09FC6G42P,B09FC6G42P,"Weekly planner: 52 week planner, undated, for all the flower queens, beautiful, colorful and girly!",Phoenix publishing,Paperback,"Aug 30, 2021",
0,https://www.amazon.com/dp/B09FC6F118,B09FC6F118,"Get Sh*t Done Planner | Business Planner, Network Marketing Planner, Planner for Business Owners: A Planner for the woman wanting to manage it all AND run a business",Katie Neal,Paperback,"Aug 30, 2021",
0,https://www.amazon.com/dp/B09FC6C2V3,B09FC6C2V3,Composition Notebook: Galaxy Wide Ruled Paper Notebook | Notebook for Kids Teens Students Adults for School College Home,Stan Shortle,Paperback,"Aug 30, 2021",
0,https://www.amazon.com/dp/B09FC6C23M,B09FC6C23M,"Be Courageous & Confident Lined Notebook: Lion Themed, Courage, Confidence, Perceptive, Motivational, Inspirational, Journal, Gift, Diary, Large (6 x 9 inches), 120 Pages",Lion of Journals,Paperback,"Aug 30, 2021",
0,https://www.amazon.com/dp/B09FC6C231,B09FC6C231,"Cornell Notes Notebook: Cornell Notes Notebook Note-Taking System for Students, Teachers, School, Work College Ruled 100 Pages Buffalo Plaid (Cornell Notes Notebooks 100 Pages)",Sue J-Publishing,Paperback,"Aug 30, 2021",
0,https://www.amazon.com/dp/B09FC3RXT4,B09FC3RXT4,"Check Register Log Book - Accounting Ledger Log For Income & Expenses: Account Notebook For Financial Transactions - 120 Pages, 8.5x11 Inches Softcover",simo bn,Paperback,"Aug 30, 2021",
0,https://www.amazon.com/dp/B09F1CTFNK,B09F1CTFNK,Building Service Agility: How to boost business productivity through improving services,Saman Lawe,Kindle,"Aug 30, 2021",
0,https://www.amazon.com/dp/6204052705,6204052705,"School Violence, Prevention:: Long Way",Jose Virgilio León Rodriguez,Paperback,"Aug 30, 2021",
0,https://www.amazon.com/dp/6204051776,6204051776,Experience in the development of border areas in Russia and abroad: Monograph,V. V. Kotilko,Paperback,"Aug 30, 2021",
0,https://www.amazon.com/dp/6204051016,6204051016,Semiolinguistic analysis of the advertising poster,Soukaina Jeddi,Paperback,"Aug 30, 2021",
0,https://www.amazon.com/dp/6204038354,6204038354,My Economic Echoes,Mustapha MAGHRITI,Paperback,"Aug 30, 2021",
0,https://www.amazon.com/dp/6202080078,6202080078,Implant Abutment Connection: Biomechanical Perspectives,Dr. Pooja Kakade,Paperback,"Aug 30, 2021",
0,https://www.amazon.com/dp/6204201174,6204201174,"Photocatalytic Activity of Nanostructured Tin Oxide Thin Films: Effect of Metal Ion Dopants on Structural, Optical, and Photocatalytic Activities of SnO2 Nanostructured Thin Films",S. Vadivel,Paperback,"Aug 30, 2021",
0,https://www.amazon.com/dp/6204046969,6204046969,HUMAN FACTOR AS A PRODUCER OF ADMINISTRATIVE COMPONENTS: IN EDUCATIONAL INSTITUTIONS,Oscar Rafael Pacheco Mugno,Paperback,"Aug 30, 2021",
0,https://www.amazon.com/dp/6204201484,6204201484,Sustainable Business Practices in Uncertain Times: An Indian Perspective,Mayur Shah,Paperback,"Aug 30, 2021",
0,https://www.amazon.com/dp/6204047698,6204047698,Didactic training with ICT inclusion: Case: university professors of the Academic Unit of Tourism.,Bertha Alicia Arvizu López,Paperback,"Aug 30, 2021",
0,https://www.amazon.com/dp/6204039458,6204039458,MORAL CODE FOR DRUG ADDICTS: Drug addiction is like being in a slow cooker,David Francisco Camargo Hernández,Paperback,"Aug 30, 2021",
0,https://www.amazon.com/dp/6202079436,6202079436,Retailer Services in Traditional and Modern Retail Stores: CUSTOMER'S PERCEPTION AND SATISFACTION,SatishKumar Vellingiri,Paperback,"Aug 30, 2021",
0,https://www.amazon.com/dp/6139471346,6139471346,Organizational DNA,Wageeh Nafei,Paperback,"Aug 30, 2021",
0,https://www.amazon.com/dp/6138958950,6138958950,Combat for Democracy and Democratization in Nigeria: Essentials of Democracy in Nigeria,Iyanda Kamoru Ahmed,Paperback,"Aug 30, 2021",
0,https://www.amazon.com/dp/3346443752,3346443752,Digital business model analysis. Business transformation and practical example,Vjollca Berisha,Paperback,"Aug 30, 2021",
0,https://www.amazon.com/dp/3346442365,3346442365,The Relationship between the Business Cycle and Crime. A Literature Review,Felix Müller,Paperback,"Aug 30, 2021",
0,https://www.amazon.com/dp/1799828085,1799828085,Leadership and Followership in an Organizational Change Context,Sajjad Nawaz Khan,Hardcover,"Aug 30, 2021",
0,https://www.amazon.com/dp/B09FCKC2NQ,B09FCKC2NQ,Composition Notebook: Wide Ruled Paper Notebook | Kawaii Strawberry Notebook for Kids Teens Students Adults for School College Home,Stan Shortle,Paperback,"Aug 29, 2021",
0,https://www.amazon.com/dp/B09FCKC2HF,B09FCKC2HF,2022-2026 Planner: Five Years Planner | Weekly and Monthly Calendar with Cute Cover | Flowers | 60 Month Agenda Schedule | Full | 8.5x11 Large Size | Appointment Notebook | Purple,KOKO Queen,Paperback,"Aug 29, 2021",
0,https://www.amazon.com/dp/B09FCHPJP4,B09FCHPJP4,"The Planner, Be Honey, Be Happy: Notebook, Diary, Journal, Planner for Growing life, For Kids, 8.5"" x 11"", 100 pages, Bee Honey, Be Happy",SM Life,Paperback,"Aug 29, 2021",
0,https://www.amazon.com/dp/B09FCHPJHD,B09FCHPJHD,Calendar 2022: carry | 2022 | January to December | US holidays monthly overview and much more | organizer and scheduler for 1 year | american officer,Silvana van Roesselen,Paperback,"Aug 29, 2021",
0,https://www.amazon.com/dp/B09FCHPJ9W,B09FCHPJ9W,"APPOINTMENT BOOK for Hair & Beauty Therapists & Technicians: Updated Daily Client Schedule Planner - A4 Day to View: (8.27"" x 11.69"") - 365 Undated ... 30 Minute Intervals from 7:00 AM to 9:30 PM.",Memento Design,Paperback,"Aug 29, 2021",
0,https://www.amazon.com/dp/B09FCHDR4Z,B09FCHDR4Z,"Volunteer Log Book: Work Hours Log For Volunteer - Community Service Log Book - Volunteering Journal Notebook,Logbook Dairy To Record,Work Hours Log",SWEET EDITION,Paperback,"Aug 29, 2021",
0,https://www.amazon.com/dp/B09FCHDQMF,B09FCHDQMF,All My Bill Shit: Simple Monthly Bill Payments Checklist Organizer Planner Money Debt Tracker Keeper Budget Journal,Mahakali Publishing,Paperback,"Aug 29, 2021",
0,https://www.amazon.com/dp/B09FCFH7WD,B09FCFH7WD,"Forty Oh Fuckity Fuck: Blank Lined Notebook, Gag Notebook is a great Gift for Woman, Sister, Mom ,Funny gift Notebook for Co-Worker's 40th Birthday , ... book journal) (6 x 9 Large ) 120 pages",Zakos Print,Paperback,"Aug 29, 2021",
0,https://www.amazon.com/dp/B09FCFH7RY,B09FCFH7RY,"Equipment Maintenance Log Book: Daily Equipment Repairs & Maintenance Record Book for Business, Office, Home, Construction",yassin km,Paperback,"Aug 29, 2021",
0,https://www.amazon.com/dp/B09FCFH7RQ,B09FCFH7RQ,"Cornell Notes Notebook: Cornell Notes Notebook Note-Taking System for Students, Teachers, School, Work College Ruled 100 Pages Buffalo Plaid (Cornell Notes Notebooks 100 Pages)",Sue J-Publishing,Paperback,"Aug 29, 2021",
0,https://www.amazon.com/dp/B09FCCLPC2,B09FCCLPC2,2022-2026 Planner: Five Years Planner | Weekly and Monthly Calendar with Cute Cover | Flowers | 60 Month Agenda Schedule | Full | 8.5x11 Large Size | Appointment Notebook | White | 02,KOKO Queen,Paperback,"Aug 29, 2021",
0,https://www.amazon.com/dp/B09FCCLD8G,B09FCCLD8G,"Cornell Notes Notebook: Cornell Notes Notebook Note-Taking System for Students, Teachers, School, Work College Ruled 100 Pages Buffalo Plaid (Cornell Notes Notebooks 100 Pages)",Sue J-Publishing,Paperback,"Aug 29, 2021",
0,https://www.amazon.com/dp/B09FCCLD28,B09FCCLD28,"Expense Tracker Notebook: Personal Spending Log, Daily Expense Tracker, Pocket Expense Tracker. 6 x 9 in, 100 Pages",ATT TIZI,Paperback,"Aug 29, 2021",
0,https://www.amazon.com/dp/B09FCCD94P,B09FCCD94P,"COMPOSITION BOOK 2022: Composition book - notebook for teens - students, adults for homeschooling - for lessons - for children-7.5 ""x 9.25"" (19.05 x 23.5 cm). 100 pages",BOOK ART,Paperback,"Aug 29, 2021",
0,https://www.amazon.com/dp/B09FCCD91L,B09FCCD91L,"Meeting Manager 120: Notebook and planner for one hundred productive meetings, address book and objectives overview",Michael Borgers,Paperback,"Aug 29, 2021",
0,https://www.amazon.com/dp/B09FCB46J2,B09FCB46J2,"Doodles i drew during important work meetings birthday gift: blank lined notebook/journal 6*9 120 pages,funny perfect gag gift for family and co-workers,cover matte finish",Future designe publishing,Paperback,"Aug 29, 2021",
0,https://www.amazon.com/dp/B09FCB46F8,B09FCB46F8,"Cornell Notes Notebook: Cornell Notes Notebook Note-Taking System for Students, Teachers, School, Work College Ruled 100 Pages Buffalo Plaid (Cornell Notes Notebooks 100 Pages)",Sue J-Publishing,Paperback,"Aug 29, 2021",
0,https://www.amazon.com/dp/B09FCB23MS,B09FCB23MS,This Money Isn't Going to Track Itself Accounting Ledger Book: Simple Ledger Book to Record Income and Expenses for Small Business,Sophie Jobs,Paperback,"Aug 29, 2021",
0,https://www.amazon.com/dp/B09FCB23H2,B09FCB23H2,"Boss Babe Planner 2022: Aesthetic weekly calendar with monthly overview, habit tracker and project planner",Dreamers Planners,Paperback,"Aug 29, 2021",
0,https://www.amazon.com/dp/B09FC9YNKM,B09FC9YNKM,Debt Payoff Planner and Payment Tracker: Personal Money Budget Planner Tracker Logbook - Control Your Financial Situation,Joy Publishing House,Paperback,"Aug 29, 2021",
0,https://www.amazon.com/dp/B09FC9HQTJ,B09FC9HQTJ,"Cornell Notes Notebook: Cornell Notes Notebook Note-Taking System for Students, Teachers, School, Work College Ruled 100 Pages Buffalo Plaid (Cornell Notes Notebooks 100 Pages)",Sue J-Publishing,Paperback,"Aug 29, 2021",
1,https://www.amazon.com/dp/B09FC91RQG,B09FC91RQG,I Am Cardiovascular surgeon A Super Hero Who Wear Mask: 6x9 Career Motivational Notebook 120 Pages For Employees,Arya ARYA,Paperback,"Aug 29, 2021",
0,https://www.amazon.com/dp/B09FC86JS1,B09FC86JS1,"Hair stylist Appoinment book: A blank appointment book for hair stylist , berber",Abidur Rahman,Paperback,"Aug 29, 2021",
0,https://www.amazon.com/dp/B09FC7XCYG,B09FC7XCYG,"Wochenplaner Undatiert: Undatierter Wochenplaner für 1 Jahr, inkl. Platz für Notizen, Monats- und Wochenansicht.",No-Pink Press,Hardcover,"Aug 29, 2021",
0,https://www.amazon.com/dp/B09FC7XCV8,B09FC7XCV8,"Notebook: Room with a View Dot Grid Notebook Journal (8.5 X 11 inches, 200 lined pages, soft gloss cover): Dotted grid notebook journal",Marie M Christina,Paperback,"Aug 29, 2021",
0,https://www.amazon.com/dp/B09FC7XCP4,B09FC7XCP4,"Lavender Polka Dot Paperback Notebook: College Ruled 8.5X11, 120 pages",Richardson Rising,Paperback,"Aug 29, 2021",
0,https://www.amazon.com/dp/B09FC7XCHK,B09FC7XCHK,"Monthly planner & Take notes: 8"" x 10"" 120 pages colorful Purple background Monthly planner Notebook For Women, men, girls and boys to write in",Plaping SW,Paperback,"Aug 29, 2021",
0,https://www.amazon.com/dp/B09FC7XCFW,B09FC7XCFW,"Evil Plans and Unicorn Drawings: Funny Gift Notebook Journal For Co-workers, Friends and Family | 6x9 lined Notebook",Collection Abd,Paperback,"Aug 29, 2021",
0,https://www.amazon.com/dp/B09FC6FBTB,B09FC6FBTB,"Alphabetical Notebook: Large Size Lined-Journal Organizer with A-Z Tabs Printed, Alphabetized Password Book, Blossom Flower Black Cover Design",Rhondan Newsom,Paperback,"Aug 29, 2021",
0,https://www.amazon.com/dp/B09FC6FBQ4,B09FC6FBQ4,"my animal noteBooks: A notebook for young and old alike, when you proudly write your love for your favorite animal",K.meryem Vitro,Paperback,"Aug 29, 2021",
0,https://www.amazon.com/dp/B09FC6DYPL,B09FC6DYPL,"Cornell Notes Notebook: Cornell Notes Notebook Note-Taking System for Students, Teachers, School, Work College Ruled 100 Pages Buffalo Plaid (Cornell Notes Notebooks 100 Pages)",Sue J-Publishing,Paperback,"Aug 29, 2021",
0,https://www.amazon.com/dp/B09FC3P536,B09FC3P536,I Am Campaign Manager A Super Hero Who Wear Mask: 6x9 Career Motivational Notebook 120 Pages For Employees,Arya ARYA,Paperback,"Aug 29, 2021",
0,https://www.amazon.com/dp/B09F1B87CW,B09F1B87CW,Q: Rose Initial Notebook for Women | Rose Journal for Women | Rose Gold Journal for Women | Initial Journals for Women | Initial Journal Notebooks | ... Girls Adults | Initial Notebooks and Journals,Krystle Wright,Paperback,"Aug 29, 2021",
0,https://www.amazon.com/dp/B09F192SVT,B09F192SVT,Marble Composition Notebook: Wide Ruled Paper Notebook Journal | Pretty Cute Blue Ocean Riptide Liquid Marble | Blank Wide Lined Workbook Gift for Girls Boys Kids Teens Students Adults Women,Krystle Wright,Paperback,"Aug 29, 2021",
0,https://www.amazon.com/dp/B09F16LZLV,B09F16LZLV,D: Rose Initial Notebook for Women | Rose Journal for Women | Rose Gold Journal for Women | Initial Journals for Women | Initial Journal Notebooks | ... Girls Adults | Initial Notebooks and Journals,Krystle Wright,Paperback,"Aug 29, 2021",
0,https://www.amazon.com/dp/B09DN35JL8,B09DN35JL8,Growth with Perverse Industrialization in Pakistan,Dr hijazi Syed,Kindle,"Aug 29, 2021",
1,https://www.amazon.com/dp/B09DN1JBKC,B09DN1JBKC,Incident Response Planning: Focused Preparation,Timothy Smit,Kindle,"Aug 29, 2021",
0,https://www.amazon.com/dp/B09DMTZMM1,B09DMTZMM1,Emirati State of Mind,Khalifa Al Matrooshi,Kindle,"Aug 29, 2021",
0,https://www.amazon.com/dp/981156440X,981156440X,"Transforming the Gendered Organisation of Labour and Leisure: Women, Labour, Leisure and Family in Lianhe Village, Central China, 1926–2013",Yuqin Huang,Kindle,"Aug 29, 2021",
0,https://www.amazon.com/dp/9811563683,9811563683,"CSR and Sustainability in the Public Sector (Approaches to Global Sustainability, Markets, and Governance)",David Crowther,Kindle,"Aug 29, 2021",
0,https://www.amazon.com/dp/6204046128,6204046128,Organizational diagnosis of a company: Case of CERIGE-Sarl,Harouna Coulibaly,Paperback,"Aug 29, 2021",
0,https://www.amazon.com/dp/620404592X,620404592X,Digital Economy and Economic Growth in Cameroon,Joseph Herman Tiona Wamba,Paperback,"Aug 29, 2021",
0,https://www.amazon.com/dp/6204039091,6204039091,ACCOMMODATION: STEP OUT OF YOUR COMFORT ZONE,Fabiano Ribeiro Vilas Boas,Paperback,"Aug 29, 2021",
0,https://www.amazon.com/dp/331995122X,331995122X,"The Economics of Talent: Human Capital, Precarity and the Creative Economy (SpringerBriefs in Regional Science)",Roberta Comunian,Kindle,"Aug 29, 2021",
1,https://www.amazon.com/dp/303051305X,303051305X,The Independent Director in Society: Our current crisis of governance and what to do about it,Gerry Brown,Kindle,"Aug 29, 2021",
5,https://www.amazon.com/dp/9789912374,9789912374,Tomorrow’s Leaders,Andrew Umoru,Kindle,"Aug 28, 2021",
0,https://www.amazon.com/dp/B09FC1Q7QT,B09FC1Q7QT,"Daily Routine Planner: Morning, Afternoon, Evening, and Before Bed Routines Checklist for Kids with Cute Snakes Themed Interior | Makes a Great Gift Given Journal for Parents.",MG Publish KPL,Paperback,"Aug 28, 2021",
0,https://www.amazon.com/dp/1774851520,1774851520,"Frugal Living: A Guide On How To Save Money And Live More With A frugal Lifestyle (Improve Quality of Life Through Simple, Frugal Living)",Mark Howard,Paperback,"Aug 28, 2021",
0,https://www.amazon.com/dp/8772193271,8772193271,Economic Performance (Nordic World),Torben M. Andersen,Kindle,"Aug 28, 2021",
1,https://www.amazon.com/dp/8772193263,8772193263,Equality (Nordic World),Carsten Jensen,Kindle,"Jul 28, 2021",
0,https://www.amazon.com/dp/B09G893ZR4,B09G893ZR4,"Be Courageous Lined Notebook: Strength, Courage, Confidence, Motivational, Inspirational, Journal, Gift, Diary, Large (6 x 9 inches), 120 Pages",Lion of Journals,Paperback,"Aug 28, 2021",
0,https://www.amazon.com/dp/B09FCHR6RW,B09FCHR6RW,Cat Lover Notebook: Cat Lover Gifts - cut cat on the lined pages - mini black cat - with colorful cats on cover,Dua Seher,Hardcover,"Aug 28, 2021",
0,https://www.amazon.com/dp/B09FCHPJ29,B09FCHPJ29,"Crypto Trading Log Book: 120 pages, For Traders Of Stocks, Futures, Options And Forex, Perfect Birthday Gift",Othmane Press,Paperback,"Aug 28, 2021",
0,https://www.amazon.com/dp/B09FCHNM2N,B09FCHNM2N,Just A Girl Boss Building Her Empire: Just A Girl Boss Building Her Empire: Journal For Business Women | Girl Boss Mini Notebook With Quotes | 6x9 120 ... Or Gift For Thoughtful Entrepreneur Mom,Simply Unstuck,Paperback,"Aug 28, 2021",
0,https://www.amazon.com/dp/B09FCHNLP7,B09FCHNLP7,My New Job Daily Planner Notebook Organiser,Siyana PH,Paperback,"Aug 28, 2021",
0,https://www.amazon.com/dp/B09FCHNLJB,B09FCHNLJB,"Check and debit card register: Check register book, journal, size 6×9, 120 pages",Darin Lifestyle,Paperback,"Aug 28, 2021",
0,https://www.amazon.com/dp/B09FCHDQ7F,B09FCHDQ7F,Accounting ledger book: Floral ledger book - general ledger accounting book - 8.5''x11'' - 150 pages,Nada Khalid,Paperback,"Aug 28, 2021",
0,https://www.amazon.com/dp/B09FCCLCL9,B09FCCLCL9,"Notary Journal: 100 Page | 2-Entries Per Page | Modern Design: Notary Public Records Book: 8.5"" x 11"" Professional Notary Log Book",Brea Buffaloe,Paperback,"Aug 28, 2021",
0,https://www.amazon.com/dp/B09FCC6235,B09FCC6235,notebook: retro style colorful blank lined journaly notebok,honey cute noty,Paperback,"Aug 28, 2021",
0,https://www.amazon.com/dp/B09FC9YN7T,B09FC9YN7T,"TRY NOT TO BECOME A MAN OF SUCCESS BUT RATHER TRY TO BECOME A MAN OF VALUE: NOTE BOOK 2021 , blank lined notebook , 120 pages size 6""x9"" in",PROGRESS DIARY,Paperback,"Aug 28, 2021",
0,https://www.amazon.com/dp/B09FBWTSDZ,B09FBWTSDZ,"Ledger Book for Bookkeeping: Daily Track and Record Income and Expenses for Small Business, Home Expenses, Bookkeeping or Accounting, Finance Tracker and Planner for Daily/ Weekly/ Monthly",Ann Stewart,Paperback,"Aug 28, 2021",
0,https://www.amazon.com/dp/B09FBWTSD8,B09FBWTSD8,Wedding Planner Organizer & Checklist: A Notebook Includes pages with Checklists and Essentials Tools to Plan Everything Perfectly without LOSING YOUR WITS,Printed Dreams Press,Paperback,"Aug 28, 2021",
0,https://www.amazon.com/dp/B09FBV4QMZ,B09FBV4QMZ,"Wedding Planner [Organizer & Checklist]: A Notebook with Checklists, Worksheets with Necessary Tools to keep your Ideas for Wedding planning Well Managed.",Printed Dreams Press,Paperback,"Aug 28, 2021",
0,https://www.amazon.com/dp/B09FBJPJN5,B09FBJPJN5,2022-2026 Planner: Five Years Planner | Weekly and Monthly Calendar with Minimalist Cover | Plaid | 60 Month Agenda Schedule | 8.5x11 Large Size | Appointment Notebook | Yellow,KOKO Queen,Paperback,"Aug 28, 2021",
2,https://www.amazon.com/dp/B09F1HYV8Q,B09F1HYV8Q,The Power of Credit: Golden Tricks & Tips to Get the Most Out of Your Credit!,Robert Leslie,Paperback,"Aug 28, 2021",
0,https://www.amazon.com/dp/B09F1G42TL,B09F1G42TL,Marble Composition Notebook: Wide Ruled Paper Notebook Journal | Pretty Cute Blue Pink Purple Real Marbled Liquid Marble | Blank Wide Lined Workbook ... Girls Boys Kids Teens Students Adults Women,Krystle Wright,Paperback,"Aug 28, 2021",
0,https://www.amazon.com/dp/B09F1G1KQ1,B09F1G1KQ1,Debt Payoff Planner: Debt Payoff Tracker Floral Debt Payment Tracker Book,Irene Giuliani,Hardcover,"Aug 28, 2021",
0,https://www.amazon.com/dp/B09F1G1JWN,B09F1G1JWN,Marble Composition Notebook: Wide Ruled Paper Notebook Journal | Pretty Cute Black Real Marbled Liquid Marble | Blank Wide Lined Workbook Gift for Girls Boys Kids Teens Students Adults Women,Krystle Wright,Paperback,"Aug 28, 2021",
0,https://www.amazon.com/dp/B09F1FT455,B09F1FT455,I'M Sydney THAT'S MY JOURNAL DON'T TOUCH IT PLEASE Gift A Notebook with a Name | Name Notebook Journal | Notebook for Women Girls School Pink Rainbow ... Wide Lined Journal Diary for Writing Notes,Krystle Wright,Paperback,"Aug 28, 2021",
0,https://www.amazon.com/dp/B09F1FRQS2,B09F1FRQS2,Marble Composition Notebook: Wide Ruled Paper Notebook Journal | Pretty Cute Purple Pink Blue Swirl Liquid Marble | Blank Wide Lined Workbook Gift for Girls Boys Kids Teens Students Adults Women,Krystle Wright,Paperback,"Aug 28, 2021",
0,https://www.amazon.com/dp/B09F18WVKT,B09F18WVKT,Marble Composition Notebook: Wide Ruled Paper Notebook Journal | Pretty Cute Rainbow Cloud Blue Purple Liquid Marble | Blank Wide Lined Workbook Gift for Girls Boys Kids Teens Students Adults Women,Krystle Wright,Paperback,"Aug 28, 2021",
2,https://www.amazon.com/dp/B09F16LVK2,B09F16LVK2,Prepare for College: Junior Year Checklist,Shay Spivey,Kindle,"Aug 28, 2021",
0,https://www.amazon.com/dp/303085468X,303085468X,"Business Process Management: 19th International Conference, BPM 2021, Rome, Italy, September 06–10, 2021, Proceedings (Information Systems and Applications, incl. Internet/Web, and HCI)",Artem Polyvyanyy,Kindle,"Aug 28, 2021",
0,https://www.amazon.com/dp/3030826848,3030826848,"Happiness, Technology and Innovation (SpringerBriefs in Well-Being and Quality of Life Research)",Gaël Brulé,Kindle,"Aug 28, 2021",
0,https://www.amazon.com/dp/3030562069,3030562069,The General Economic Theory: An Integrative Approach,Wei-Bin Zhang,Hardcover,"Aug 28, 2021",
1,https://www.amazon.com/dp/B09FC1Q87H,B09FC1Q87H,My New Job Planner - Work organiser | leaving gift | pretty stationery,Siyana PH,Paperback,"Aug 28, 2021",
0,https://www.amazon.com/dp/B09FC1Q7SP,B09FC1Q7SP,"Check and debit card register: Check register book, journal, size 6×9, 120 pages",Darin Lifestyle,Paperback,"Aug 28, 2021",
0,https://www.amazon.com/dp/B09FC1Q7MW,B09FC1Q7MW,"Be Courageous Lined Notebook: Lion Themed, Courage, Motivational, Inspirational, Journal, Gift, Diary, Large (6 x 9 inches), 120 Pages",Lion of Journals,Paperback,"Aug 28, 2021",
0,https://www.amazon.com/dp/B09FC1Q7LQ,B09FC1Q7LQ,"The Complete Wedding Planner Checklist: Engagement Gift Idea for Future Mrs. To Be, Arrange & Organize the best ever Marriage Ceremony without losing yourself Completely",Printed Dreams Press,Paperback,"Aug 28, 2021",
0,https://www.amazon.com/dp/B09FBYQ1KG,B09FBYQ1KG,2022-2026 Planner: Five Years Planner | Weekly and Monthly Calendar with Minimalist Cover | Triangular Flag | 60 Month Agenda Schedule | 8.5x11 Large Size | Appointment Notebook | Yellow,KOKO Queen,Paperback,"Aug 28, 2021",
0,https://www.amazon.com/dp/B09FBYPY4V,B09FBYPY4V,"Wedding TO DO [Checklist & Oraganizer]: A Bridal Planning Journal Notebook with Worksheets, Expense Chart, Guest Lists & Other for Managing Wedding Ceremony",Printed Dreams Press,Paperback,"Aug 28, 2021",
0,https://www.amazon.com/dp/3030501337,3030501337,Strategic Outlook for Innovative Work Behaviours: Interdisciplinary and Multidimensional Perspectives (Contributions to Management Science),Hasan Dincer,Kindle,"Aug 28, 2021",
1,https://www.amazon.com/dp/3030482685,3030482685,Liquid Legal: Towards a Common Legal Platform (Law for Professionals),Kai Jacob,Kindle,"Aug 28, 2021",
0,https://www.amazon.com/dp/3030438015,3030438015,Organizational Development in Public Administration: The Italian Way,Maurizio Decastri,Kindle,"Aug 28, 2021",
0,https://www.amazon.com/dp/3030419819,3030419819,Supporting Inclusive Growth and Sustainable Development in Africa - Volume I: Sustainability in Infrastructure Development,Elena G. Popkova,Kindle,"Aug 28, 2021",
0,https://www.amazon.com/dp/3030382486,3030382486,Pathways into Creative Working Lives,Stephanie Taylor,Kindle,"Aug 28, 2021",
0,https://www.amazon.com/dp/B09F1FT4VG,B09F1FT4VG,Chief Creative Officer Because Superhero isn't an Official Job Title: Wide Ruled 6 x 9 journal,Daisy Roberta,Paperback,"Aug 27, 2021",
0,https://www.amazon.com/dp/B09DMWBW3J,B09DMWBW3J,Your Next Job: Faster: The Ultimate Insider's Guide to Beating the Competition and Landing Your Dream Job,Undercover Recruiter,Kindle,"Aug 27, 2021",
1,https://www.amazon.com/dp/9789957963,9789957963,Africa is Emerging: Hard Facts About Easy Market Entry,Ndudi Osakwe,Kindle,"Aug 27, 2021",
0,https://www.amazon.com/dp/B09GZPYN8J,B09GZPYN8J,Bills Tracker Book 6x9 100 pages: Bill Unit and month checkbox | Bill Tracker And Planner | Checklist| Easy Track Of Your Bills And Expense on paper Finance plan Book,Cleft Books,Paperback,"Aug 27, 2021",
0,https://www.amazon.com/dp/B09FCFH8X7,B09FCFH8X7,"My Planner 2022: Monthly Budget Planner - 15 Monthly Financial Organizer, Expense Tracker, 8.5"" x 11""",Renew Everyday,Paperback,"Aug 27, 2021",
0,https://www.amazon.com/dp/B09F8TD34Q,B09F8TD34Q,Marketing Planner | Social Media Marketing Notebook | Meeting Notebook | Custom Notebook | Bullet Journal | Basic Journal | Notebook for Work,Acie Lawrence,Paperback,"Aug 27, 2021",
0,https://www.amazon.com/dp/B09F1KP9YV,B09F1KP9YV,Class Reunion Guest Book: Your Guest Book for a Class Memory Reunion,Class Reunion Design,Paperback,"Aug 27, 2021",
2,https://www.amazon.com/dp/B09FC6F1VL,B09FC6F1VL,Cute Car Primary Composition Notebook / Grades K-2 / (8.5X11) / Composition notebook with drawing space: Dotted Midline and Picture Space / Grades K-2 ... Cute Car Series / Handwriting Practice,THAWINUN DITTAPOON,Paperback,"Aug 31, 2021",
0,https://www.amazon.com/dp/B09FCCDC7H,B09FCCDC7H,Cute Car Primary Composition Notebook / Grades K-2 / (8.5X11) / Composition notebook with drawing space: Dotted Midline and Picture Space / Grades K-2 ... Cute Car Series / Handwriting Practice,THAWINUN DITTAPOON,Paperback,"Aug 31, 2021",
0,https://www.amazon.com/dp/B09FC6F1WW,B09FC6F1WW,Heaven Sang When Leon Was Born: A Personalized Children’s Book All About Leon!,Forrest Everett,Paperback,"Aug 31, 2021",
0,https://www.amazon.com/dp/B09F1G2N44,B09F1G2N44,"Halloween Activity Book For Kids Age 6 Years Old: Happy Halloween Relaxation Activity Book for Coloring Pages, Mazes, Sudoku,Dot to Dot, Word Search, ... hangman and More| Halloween Gift For Family",Imaan Yates,Paperback,"Aug 31, 2021",
0,https://www.amazon.com/dp/B09DZVM88C,B09DZVM88C,In a Land Far Away: A Windflower Saga Story for Kids (Second Edition) (The Windflower Saga),Aleksandra Layland,Kindle,"Aug 31, 2021",
0,https://www.amazon.com/dp/B09FS584MK,B09FS584MK,"Composition Notebook and Sketchbook Combo for School | Colored Pencils Notebook-Sketchbook | Half-Page Sketchbook, Half-Page Lined Paper Interior",Get Lost Creative Arts,Paperback,"Aug 31, 2021",
1,https://www.amazon.com/dp/0367470195,0367470195,Warfare in Medieval Europe c.400-c.1453,Bernard S. Bachrach,Kindle,"Aug 31, 2021",
5,https://www.amazon.com/dp/1398601144,1398601144,Video Marketing: Create Engaging Video Campaigns to Drive Brand Growth and Sales,Jon Mowat,Kindle,"Aug 31, 2021",
0,https://www.amazon.com/dp/B09FCKHY9C,B09FCKHY9C,Password Book for Internet Login Information Alphabetical Organizers Log Book with Tabs [People I Didn't Slap]: Funny Gift Idea for Mother Daughter Grandma Entrepreneur,Nickol Giggles,Paperback,"Aug 31, 2021",
0,https://www.amazon.com/dp/1774851539,1774851539,Passive Income: Explore Proven Methods That Help to Bring You a Passive Flow of Money (A Guide to Making Money Online by Facebook Advertising),Heidi Neihoff,Paperback,"Aug 31, 2021",
0,https://www.amazon.com/dp/B09FCHR887,B09FCHR887,"Shh... PASSWORD NOTEBOOK: girly password logbook with alphabetical tabs. 6x9 inches with beautiful interior , nicelooking cover and 4 pages per letter. perfect for gifting .",password keeper,Paperback,"Aug 30, 2021",
0,https://www.amazon.com/dp/B09FCKC2YP,B09FCKC2YP,"WTF IS MY Husband's Password: Internet and Password Keeper. Organizer for Usernames, Logins and Web Addresses.",Olden-Press,Paperback,"Aug 29, 2021",
0,https://www.amazon.com/dp/B09FCCLP9S,B09FCCLP9S,Antique Lace: Hidden Password Book,Donelle Rirainbow,Paperback,"Aug 29, 2021",
0,https://www.amazon.com/dp/B09FCCLCPF,B09FCCLCPF,"""Trust In The Lord"" Password Internet Logbook: Small Internet Password and Username Book With Tabs A-Z | Mother Daughter Gift Ideas",Dawn Nickol,Paperback,"Aug 29, 2021",
1,https://www.amazon.com/dp/1484272889,1484272889,The Protractor Handbook: Understanding and Implementing the Tool Effectively,Shashank Shukla,Kindle,"Aug 29, 2021",
5,https://www.amazon.com/dp/1484269748,1484269748,Practical Enterprise React: Become an Effective React Developer in Your Team,Devlin Basilan Duldulao,Kindle,"Aug 28, 2021",
0,https://www.amazon.com/dp/B09HJ1YTLD,B09HJ1YTLD,"EARN MONEY – NO INVESTMENT: Step by step guide to get income through internet blogging, email marketing, and building D.I.Y. website",Daisy The Angel,Kindle,"Aug 27, 2021",
0,https://www.amazon.com/dp/B09F1J2Q31,B09F1J2Q31,"Stock Trading Notebook: There is space to track:Trading Rules,Trading Goals,Trading Plasn and Strategy,Trading Log",Star publishing,Paperback,"Aug 27, 2021",
0,https://www.amazon.com/dp/B09F1G2N5J,B09F1G2N5J,"CODING CARVED WOOD: journal, lined, 120 pages, 6x9 inches, matte finish cover, notebook, diary gift",ONSTROPHE JOURNALS,Paperback,"Aug 27, 2021",
0,https://www.amazon.com/dp/3030856062,3030856062,"Human-Computer Interaction – INTERACT 2021: 18th IFIP TC 13 International Conference, Bari, Italy, August 30 – September 3, 2021, Proceedings, Part V (Lecture Notes in Computer Science)",Carmelo Ardito,Kindle,"September 3, 2021",
1,https://www.amazon.com/dp/1484273508,1484273508,Natural Language Processing Recipes: Unlocking Text Data with Machine Learning and Deep Learning Using Python,Akshay Kulkarni,Kindle,"Aug 26, 2021",
0,https://www.amazon.com/dp/3030856127,3030856127,"Human-Computer Interaction – INTERACT 2021: 18th IFIP TC 13 International Conference, Bari, Italy, August 30 – September 3, 2021, Proceedings, Part ... Applications, incl. Internet/Web, and HCI)",Carmelo Ardito,Kindle,"September 3, 2021",
0,https://www.amazon.com/dp/3030856224,3030856224,"Human-Computer Interaction – INTERACT 2021: 18th IFIP TC 13 International Conference, Bari, Italy, August 30 – September 3, 2021, Proceedings, Part I ... Applications, incl. Internet/Web, and HCI)",Carmelo Ardito,Kindle,"September 3, 2021",
0,https://www.amazon.com/dp/3030856151,3030856151,"Human-Computer Interaction – INTERACT 2021: 18th IFIP TC 13 International Conference, Bari, Italy, August 30 – September 3, 2021, Proceedings, Part II ... Applications, incl. Internet/Web, and HCI)",Carmelo Ardito,Kindle,"September 3, 2021",
4,https://www.amazon.com/dp/B09F14TC6M,B09F14TC6M,Any Year Social Media Planner,Deirdre Roberts,Paperback,"Aug 26, 2021",
0,https://www.amazon.com/dp/3030856097,3030856097,"Human-Computer Interaction – INTERACT 2021: 18th IFIP TC 13 International Conference, Bari, Italy, August 30 – September 3, 2021, Proceedings, Part IV (Lecture Notes in Computer Science)",Carmelo Ardito,Kindle,"September 3, 2021",
0,https://www.amazon.com/dp/3030318753,3030318753,Intelligent Wavelet Based Techniques for Advanced Multimedia Applications,Rajiv Singh,Kindle,"Aug 26, 2021",
0,https://www.amazon.com/dp/3030159566,3030159566,Character Computing (Human–Computer Interaction Series),Alia El Bolock,Kindle,"Aug 26, 2021",
1,https://www.amazon.com/dp/0367425270,0367425270,Social Media Storms,Pernille Rydén,Hardcover,"Aug 26, 2021",
0,https://www.amazon.com/dp/B09F16LDH1,B09F16LDH1,"Password Logbook: Personal Internet and Password Keeper and Organizer with Alphabetical Tabs, Password Book for Internet Login Details",ABDO KH Publishing,Paperback,"Aug 25, 2021",
0,https://www.amazon.com/dp/B09DMP9M6Z,B09DMP9M6Z,"VISUAL STUDIO, VB.NET, ACCESS, AND RUBY: Creating dynamically driven static HTA and HTML Reports and Tables",Richard Edwards,Kindle,"Aug 25, 2021",
3,https://www.amazon.com/dp/1484271696,1484271696,Pro Java Microservices with Quarkus and Kubernetes: A Hands-on Guide,Nebrass Lamouchi,Kindle,"Aug 25, 2021",
0,https://www.amazon.com/dp/B09DJ8SMJN,B09DJ8SMJN,Learn About Benefits Of Social Media: Tricks On Creating A Social Media Marketing Campaign: Social Media,Sophie Sawada,Paperback,"Aug 24, 2021",
0,https://www.amazon.com/dp/B09DJ7FYKC,B09DJ7FYKC,Social Media Marketing Planning: How To Create A Social Media Marketing Strategy: Social Media Marketing Tools,Lora Micheal,Paperback,"Aug 24, 2021",
0,https://www.amazon.com/dp/179987849X,179987849X,App and Website Accessibility Developments and Compliance Strategies,Yakup Akgül,Hardcover,"Aug 23, 2021",
0,https://www.amazon.com/dp/B09CRY4CLF,B09CRY4CLF,Start Making Money As Amazon Affiliate: Amazon Affiliate Marketing Simplified And Made Step-By-Step: Review And Recommend A Product,Brande Flagge,Paperback,"Aug 22, 2021",
0,https://www.amazon.com/dp/B09CRQP17L,B09CRQP17L,How To Make Money Through Affiliate Marketing: Increase Your Aware Of Affiliate Marketing: Sign Up For Affiliate Programs,Dion Silber,Paperback,"Aug 22, 2021",
0,https://www.amazon.com/dp/B09CRQLCT2,B09CRQLCT2,Tips On Making Money Passively: A Guide To Exploding Your Earnings: Income Models,Roseanna Ahrens,Paperback,"Aug 22, 2021",
0,https://www.amazon.com/dp/B09CRQHYY1,B09CRQHYY1,Traits Of Passive Income Streams: A Guide To Creating A Simple Passive Income That Anybody Can Do: Making Income Online,Autumn Teyler,Paperback,"Aug 22, 2021",
0,https://www.amazon.com/dp/B09CRLXZRR,B09CRLXZRR,Internet Marketing For Your Business: How To Make Money Online Through Internet Marketing: Expand Your Business,Dixie Arington,Paperback,"Aug 22, 2021",
1,https://www.amazon.com/dp/B09CRNQD6M,B09CRNQD6M,Riches In Niches: How To Reap The Big Profits From Small Niche Markets.: Steps To Find Your Perfect Niche Market,Nancie Picquet,Paperback,"Aug 21, 2021",
0,https://www.amazon.com/dp/B09D6DGL6N,B09D6DGL6N,A Guide To Using Instagram: Tips On Advertising And Understanding Mistakes You Need To Avoid: Win Instagram Marketing,Cathy Pfohl,Paperback,"Aug 21, 2021",
0,https://www.amazon.com/dp/B09CRY4B4C,B09CRY4B4C,Learn About Publishing On Amazon: Tips On Writing eBooks And Increasing Passive Income Streams: Extra Income,Joellen Guardino,Paperback,"Aug 21, 2021",
0,https://www.amazon.com/dp/B09CRQNZ4D,B09CRQNZ4D,From Passion To Profit: Ways You Can Start Making Money From Your Blog Today: Become Savvier With Your Blog Design,Andre Goodland,Paperback,"Aug 21, 2021",
0,https://www.amazon.com/dp/B09CRM3QHK,B09CRM3QHK,Get Started With A Part-Time Business: How To Create A Product Listing On Fiverr: Start A Part-Time Business,Sandy Schelling,Paperback,"Aug 21, 2021",
0,https://www.amazon.com/dp/1326594451,1326594451,Web-based programming projects.: Volume 1 - database applications,Graham Hall,Paperback,"Aug 20, 2021",
0,https://www.amazon.com/dp/3030429563,3030429563,Primitive Interaction Design (Human–Computer Interaction Series),Kei Hoshi,Kindle,"Aug 19, 2021",
0,https://www.amazon.com/dp/1803064129,1803064129,AWS: The Most Complete Guide to Amazon Web Services from Beginners to Advanced,Aiden Phillips,Hardcover,"Aug 19, 2021",
0,https://www.amazon.com/dp/180306224X,180306224X,"Python Programming Crash Course: A Crash Course Guide to Learn Programming Python, all you Need to Learn for Introducing you in the Programming World.",Robert Campbell,Hardcover,"Aug 17, 2021",
0,https://www.amazon.com/dp/1803062223,1803062223,Python for Data Analysis: Everything you Need to Know About Data Analysis to Easily Get the Python Intermediate Level. (Programming),Robert Campbell,Hardcover,"Aug 17, 2021",
1,https://www.amazon.com/dp/1803062207,1803062207,Python Programming for Beginners: The Complete Guide for Total Beginner to Learn Python Programming in 1 week.,Robert Campbell,Hardcover,"Aug 17, 2021",
2,https://www.amazon.com/dp/8269259268,8269259268,How to get started with CRO: Workbook & Insights,Alexander Rådahl Ahlsen,Kindle,"Aug 16, 2021",
0,https://www.amazon.com/dp/B09CRLZPF8,B09CRLZPF8,Internet Address And Password Logbook: Password Keeper Password Organizer Logbook,AyyoubZ Publishing,Paperback,"Aug 16, 2021",
0,https://www.amazon.com/dp/B09CRNQ8F4,B09CRNQ8F4,"Sketch Notebook For programmers: draw your flow charts before code, HTML, JS, CSS, C++, Python ,Java, PHP and all programming languages",code flow,Paperback,"Aug 15, 2021",
0,https://www.amazon.com/dp/3662179318,3662179318,"Software Engineering Research and Applications: First International Conference, SERA 2003, San Francisco, CA, USA, June 25-27, 2003, Selected Revised Papers (Lecture Notes in Computer Science)",C V Ramamoorthy,Paperback,"Aug 15, 2021",
0,https://www.amazon.com/dp/3030344460,3030344460,Foundations of Data Visualization,Min Chen,Kindle,"Aug 13, 2021",
0,https://www.amazon.com/dp/3030574067,3030574067,"Human Aspects of Information Security and Assurance: 14th IFIP WG 11.12 International Symposium, HAISA 2020, Mytilene, Lesbos, Greece, July 8–10, ... in Information and Communication Technology)",Nathan Clarke,Kindle,"Aug 13, 2021",
0,https://www.amazon.com/dp/B09CRQ22NJ,B09CRQ22NJ,"UX/UI Wireframes Notebook/Black: UX/UI Design for Mobile, Tablet, and Desktop - Sketchpad - User Interface - Experience App Development - Sketchbook - ... App MockUps - 8.5 x 11 Inches With 140 Pages",Scripto Love Press,Paperback,"Aug 13, 2021",
0,https://www.amazon.com/dp/B09CRNQ4TP,B09CRNQ4TP,"Password Book: Internet Password Journal and Organizer for Website, Usernames, Logins and Passwords (Alphabetical Tabs)",Lona Safe Logbooks,Paperback,"Aug 13, 2021",
3,https://www.amazon.com/dp/1801075409,1801075409,Modernizing Enterprise CMS Using Pimcore: Discover techniques and best practices for creating custom websites with rich digital experiences,Daniele Fontani,Kindle,"Aug 13, 2021",
0,https://www.amazon.com/dp/0648838706,0648838706,Tell Your Story: Build your brand and grow your business,Holly Cardamone,Kindle,"Aug 12, 2021",
0,https://www.amazon.com/dp/B09CHLZVD9,B09CHLZVD9,"Password Logbook: Password Book, Personal Internet Address & Password Logbook, Internet Password Organizer",Carey Rodolfo Farinha,Paperback,"Aug 12, 2021",
0,https://www.amazon.com/dp/B09CGHS2BP,B09CGHS2BP,MARKETING Plans and Algorithms: Powerful quick guide to surviving a new era of commerce,De confianza CEBRA,Paperback,"Aug 12, 2021",
0,https://www.amazon.com/dp/B09CL18DHW,B09CL18DHW,"Password Keeper Logbook for Senior: Designed to keep all your important Website Login and password Keeper and Tracker, Internet Password Logbook, ... Keeper,Email and Notes | 6 x 9 in. 120 pages",Wanda Smitte,Paperback,"Aug 11, 2021",
0,https://www.amazon.com/dp/B09CH92FQG,B09CH92FQG,"TikTok Planner Monthly and Weekly Organizer to go Viral: Easily Plan, Organize, and Schedule Your Tik Tok Content includes 120 Pages, 6x9, Soft Cover, Matte Finish",Stephanie Marrero,Paperback,"Aug 9, 2021",
1,https://www.amazon.com/dp/B09CGCW53K,B09CGCW53K,"Why Try To Remember? Write It!: Blank Lined 5x8 Sleek Lightbulb Journal, Organizer, Ideas, Planner and More",JourneyofRise Books,Paperback,"Aug 9, 2021",
1,https://www.amazon.com/dp/8799982978,8799982978,WordPress in 10 Days - 2022 Edition: Learn How to Build a Professional Theme without Knowing PHP,P. A. Gabriel,Paperback,"Aug 9, 2021",
0,https://www.amazon.com/dp/B09CCFPFNG,B09CCFPFNG,Password Book: Personal Secret Password Organizer Log Book in Musical Notes Design with Alphabet A-Z.,Jocelyn Cooper,Paperback,"Aug 8, 2021",
0,https://www.amazon.com/dp/B09C3JKL6K,B09C3JKL6K,Shit I Can't Remember: A Log Book For Remember Password And Address,JROYPLB Press Publication,Paperback,"Aug 7, 2021",
2,https://www.amazon.com/dp/0367698323,0367698323,Research Software Engineering with Python,Damien Irving,Kindle,"Aug 6, 2021",
1,https://www.amazon.com/dp/B09CGKTP5G,B09CGKTP5G,Coffee Eat Rest Repeat,Net Impressions,Paperback,"Aug 6, 2021",
0,https://www.amazon.com/dp/B09C1FRM48,B09C1FRM48,Internet Address & Password Log Book: Password Keeper Password Organizer Log Book,AyyoubZ Publishing,Paperback,"Aug 6, 2021",
0,https://www.amazon.com/dp/6203863491,6203863491,Lab manual of Machine Learning: Machine Learning Practicals in Python,Dr. Kamlesh Namdev,Paperback,"Aug 5, 2021",
1,https://www.amazon.com/dp/1484269411,1484269411,Foundation Db2 and Python: Access Db2 with Module-Based API Examples Using Python,W. David Ashley,Kindle,"Aug 5, 2021",
0,https://www.amazon.com/dp/B09BYN398H,B09BYN398H,"Amazing Diy Skills, Can Spot A Dickhead Boyfriend & Great Web Designer: Funny Fathers Day Gifts from son, daughter and kids : Softcover Journal Notebook for Daddy (Alternative Fathers Day Cards)",BestySign Publishing,Paperback,"Aug 4, 2021",
0,https://www.amazon.com/dp/B09BYDQBVQ,B09BYDQBVQ,What the HELL was my F*ckin' Password?,Yellow Dragon Press,Paperback,"Aug 4, 2021",
3,https://www.amazon.com/dp/B0DZWF4TF4,B0DZWF4TF4,Design for Safety,Eva Penzeymoog,Kindle,"Aug 3, 2021",
0,https://www.amazon.com/dp/B09BSMMLLW,B09BSMMLLW,The Big Book of Little Triangles: isometric notebook graph paper 8.5 x 11,Safi Publishers,Paperback,"Aug 2, 2021",
0,https://www.amazon.com/dp/B09BY85KNW,B09BY85KNW,WTF Is My Password Journal: Internet Password Logbook Numbered,PURE Editions,Paperback,"Aug 2, 2021",
1,https://www.amazon.com/dp/3031011066,3031011066,The Trouble With Sharing: Interpersonal Challenges in Peer-to-Peer Exchange (Synthesis Lectures on Human-Centered Informatics),Airi Lampinen,Paperback,"Aug 2, 2021",
3,https://www.amazon.com/dp/195578633X,195578633X,Python: Python basics for Beginners,Andy Vickler,Kindle,"Aug 1, 2021",
0,https://www.amazon.com/dp/B09DDV2D71,B09DDV2D71,Job Search Organizer,Adrienne Davis,Paperback,"Aug 19, 2021",
1,https://www.amazon.com/dp/0262543079,0262543079,Just Housing: The Moral Foundations of American Housing Policy (Urban and Industrial Environments),Casey J. Dawkins,Kindle,"Aug 31, 2021",
2,https://www.amazon.com/dp/0367690772,0367690772,Ethical Journalism,Joe Mathewson,Kindle,"Aug 31, 2021",
0,https://www.amazon.com/dp/183910628X,183910628X,Mastering Ethics in Organizations: A Self-Reflective Guide to Developing Ethical Astuteness: Second Edition,Donna Ladkin,Hardcover,"Aug 31, 2021",
0,https://www.amazon.com/dp/1799880664,1799880664,Future Advancements for CSR and the Sustainable Development Goals in a Post-COVID-19 World,Andrea Pérez,Hardcover,"Aug 31, 2021",
0,https://www.amazon.com/dp/3658345683,3658345683,Dissecting Discrimination: Identifying Its Various Faces and Their Sources (Entscheidungs- und Organisationstheorie),Daniel Villiger,Kindle,"Aug 29, 2021",
0,https://www.amazon.com/dp/B09FCHQV7C,B09FCHQV7C,"You Don't Have To Be Crazy To Work Here We Will Train You, Funny Gift for Co-workers, Friends,: | Lined Notebook / Journal Gift, 120 pages, 6x9, Soft Cover, Matte Finish",Akn Publishing,Paperback,"Aug 29, 2021",
3,https://www.amazon.com/dp/1734842296,1734842296,Standing on the Verge and Maggot Brain,Adrian Matejka,Paperback,"Aug 31, 2021",
0,https://www.amazon.com/dp/1951208021,1951208021,Slowed and Throwed: Records of the City through Mutated Lenses,Patricia Restrepo,Paperback,"Aug 31, 2021",
1,https://www.amazon.com/dp/180079021X,180079021X,The Fractured Self,Dreyfus,Kindle,"Aug 31, 2021",
1,https://www.amazon.com/dp/B09FC9Y7F3,B09FC9Y7F3,Composition Notebook for School | Notebook for Doodles | Matte Ideas Notebook | Lined Paper Interior,Get Lost Creative Arts,Paperback,"Aug 31, 2021",
0,https://www.amazon.com/dp/B09FCHR9YP,B09FCHR9YP,Primary Composition Notebook: Dotted Midline and Picture Space | Grades K-2 Composition School Exercise Book | 120 Story Pages (Dinosaur Era),lona dara,Paperback,"Aug 31, 2021",
0,https://www.amazon.com/dp/B09FCHPMDM,B09FCHPMDM,Lyric Workbook Notebook 5X8 Matte Finish: 5 X 8 White Piano by a Blue Wall Cover with Song Structures Blank Lined Pages and Index. Music Journal for Songwriting,O. H. F. Publishing,Paperback,"Aug 31, 2021",
0,https://www.amazon.com/dp/B09FCCMFSC,B09FCCMFSC,"Hexagonal Graph Paper Composition Notebook: Hexagon paper Large , Organic Chemistry & Biochemistry Notebook, ,120 Pages, 8.5x11 inches, (Chem Lab Science Journals) (Hexagonal Graph Paper Notebooks)",Graph Paper Stars,Paperback,"Aug 31, 2021",
0,https://www.amazon.com/dp/B09FCCMFFC,B09FCCMFFC,"MUSIC MANUSCRIPT: 12 STAVES 120 PAGE MUSIC NOTE BOOK WITH SIZE OF 8.5"" x 11""",Planting souls,Paperback,"Aug 31, 2021",
0,https://www.amazon.com/dp/B09FC87MGL,B09FC87MGL,Notebook: Retro Styled Colorful Notebook,eric hafid,Paperback,"Aug 31, 2021",
0,https://www.amazon.com/dp/B09DN166FT,B09DN166FT,The Cheat Factor 11: How to Trap a Cheater: How to Trap a Cheater,Francesca Serafini,Kindle,"Aug 27, 2021",
4,https://www.amazon.com/dp/0578980797,0578980797,Maybe the Whole Ocean: Exploring New Metaphors for Navigating Feelings and Relationships,Brian R. K. B. Lim PhD,Kindle,"Aug 26, 2021",
0,https://www.amazon.com/dp/B09F1FVF3F,B09F1FVF3F,"Together forever notebook for lovely couple| blank lined journal for couples, friends ,lovers, boyfriend, girlfriend ,kids, married to show love and gratitude",ADIL ZABROUG,Paperback,"Aug 26, 2021",
0,https://www.amazon.com/dp/B09F1FJD8S,B09F1FJD8S,"Wedding Guest Book: Modern Notebooks Wedding Guest Book | Elegant Wood Guestbook Keepsake | Wedding Party, Guest Sign In - Name Memory, Signature & ... & Best Wishes: Moments To Remember Pages",Press Arts Occasions,Paperback,"Aug 25, 2021",
0,https://www.amazon.com/dp/B09F1CVY1K,B09F1CVY1K,Thank you for being my Wife: a 6 x 9 in journal gift for Wife,Ray Tiger,Paperback,"Aug 25, 2021",
0,https://www.amazon.com/dp/B09F1BB4BX,B09F1BB4BX,"I think I'm in love with you: 110 pages , journal notebook 6""x9""inc, great gift for National Wife Appreciation Day",wifedat,Paperback,"Aug 25, 2021",
0,https://www.amazon.com/dp/B09F14T85L,B09F14T85L,Thank you for being my Husband: a 6 x 9 in journal gift for Husband,Ray Tiger,Paperback,"Aug 25, 2021",
0,https://www.amazon.com/dp/B09DM8YXNM,B09DM8YXNM,"Wedding Planner Calendars & Notes Guest List: Plan and organize your big day in this journal for brides. Create your own checklists, budgets, notes and timelines in your portable notebook..",Jaci Jayde Journals,Paperback,"Aug 24, 2021",
0,https://www.amazon.com/dp/B09DVWMMRB,B09DVWMMRB,"Our Bucket List- Guided, Inspirational Journal for Ideas & Adventures For Couples and Best Friends.",Alpha Press,Paperback,"Aug 24, 2021",
0,https://www.amazon.com/dp/B09DMR5MQP,B09DMR5MQP,Bridesmaid Notebook: Bride Tribe Notebook Bridal Journal Bridesmaid Book Bridal Shower Wedding Gift Hen Party Present Bridesmaid Gift,Soulful Stationary,Paperback,"Aug 24, 2021",
5,https://www.amazon.com/dp/0578254204,0578254204,WHEN HIS WAYS MEET YOURS: WHEN YOU LOVE YOU HE WILL FOLLOW SUIT,MR.  Damon Modrise Grayson,Kindle,"Aug 24, 2021",
0,https://www.amazon.com/dp/B09FCC17WH,B09FCC17WH,"Wedding Day Planner: Arrange your unforgettable day Journal Notebook {100 pages, 6x9 }",Milena Petrova,Paperback,"Aug 22, 2021",
0,https://www.amazon.com/dp/B09DMW3ZXD,B09DMW3ZXD,Bridal Shower Guest Book: Capture The Memories and This Keepsake book | Guest Sign-in Book | Write in Name Advice & Wishes Comments |,Harlow Welch Creations,Paperback,"Aug 22, 2021",
2,https://www.amazon.com/dp/1737786419,1737786419,The Therefore of Marriage: God's Design & Operational Protocol,Ayo Olaleye,Kindle,"Aug 21, 2021",
0,https://www.amazon.com/dp/B09WYVJLY4,B09WYVJLY4,A FOUNDATIONAL GUIDE TO SUCCESSFUL MARRIAGE,Ezekiel A. Hanior,Kindle,"Aug 21, 2021",
0,https://www.amazon.com/dp/B09F1FY6CR,B09F1FY6CR,Best Mom in the World A Journal: Simple lined journal for women; Gifts for mothers; Gifts for moms,Ashraf Publishing,Paperback,"Aug 21, 2021",
0,https://www.amazon.com/dp/B09DN397R4,B09DN397R4,Love Notebook: Lined(Hearted)Pages / Inspirational Quote Notebook To Write In / 8.5 x 11 inches: romantic notebook,SALİH EMRE YAVUZ,Paperback,"Aug 21, 2021",
0,https://www.amazon.com/dp/B09DN397KJ,B09DN397KJ,"Simplify Honeymoon Planner , Wedding Planner/Travel Planner/ Vacation Planner/Wedding Organizer/Holiday Planner for Bride and Groom: Honeymoon ... to Plan the Perfect travel on a Small Budget",wedding books,Paperback,"Aug 21, 2021",
0,https://www.amazon.com/dp/B09DN35ZZW,B09DN35ZZW,Love Notebook: Lined(Hearted)Pages / Inspirational Quote Notebook To Write In / 8.5 x 11 inches: romantic notebook,SALİH EMRE YAVUZ,Paperback,"Aug 21, 2021",
0,https://www.amazon.com/dp/B09DN35ZZR,B09DN35ZZR,Love Notebook: Lined(Hearted)Pages / Inspirational Quote Notebook To Write In / 8.5 x 11 inches: romantic notebook,SALİH EMRE YAVUZ,Paperback,"Aug 21, 2021",
1,https://www.amazon.com/dp/B09CRNTVRZ,B09CRNTVRZ,"YOUR ROADMAP TO HEALING FROM INFIDELITY: A Proven Guide On How To Recover From The Trauma Of Betrayal By Your Partner To Rebuild Trust In Your Relationship, Save Your Marriage And Move On With Life",Joyce Newmann,Kindle,"Aug 20, 2021",
0,https://www.amazon.com/dp/B09D5YYKNM,B09D5YYKNM,MARITAL MISTAKES ARE FORGIVEN: ASSURED PRAYER POINTS FOR THE RESTORATION OF HOMES AND MARRIAGES,DAVID O. AKINYA,Kindle,"Aug 20, 2021",
0,https://www.amazon.com/dp/B09DF2Q65S,B09DF2Q65S,Our Guests: Small Wedding Guestbook,1st Place Publishing,Paperback,"Aug 19, 2021",
5,https://www.amazon.com/dp/1736683810,1736683810,365 Dates to Renew Your Christian Marriage: Increasing Your Emotional Intimacy One Question at a Time,Dana Nygaard,Paperback,"Aug 18, 2021",
0,https://www.amazon.com/dp/B09FC8938F,B09FC8938F,EPIC WIFE SINCE 2012: Spécial Wedding Anniversary Notebook Gift for Wife,real publishing,Paperback,"Aug 18, 2021",
0,https://www.amazon.com/dp/B09CRW3GYY,B09CRW3GYY,"Let's Do Cool Shit: Bucket List for Couples - 110 Goals (Wedding Gift, Retirement Gift, Valentines Day, Keepsake)",Johnson Publishing,Paperback,"Aug 17, 2021",
0,https://www.amazon.com/dp/B09CRLTYNR,B09CRLTYNR,Bridal Shower Guest Book Lemon: Yellow Green Lemons Design Cover Guest Memory Message Book For Bridal Shower,Aquila Rojek,Paperback,"Aug 17, 2021",
0,https://www.amazon.com/dp/B09CQYLKG6,B09CQYLKG6,"Couples Activity Book: 6"" X 9"" book with fun questions and activities for couples to reconnect and bond after a long day.",Twisted Colibri Publishing,Paperback,"Aug 17, 2021",
0,https://www.amazon.com/dp/1489734090,1489734090,Discover the Magic of Your Essence,Kathleen Peric,Kindle,"Aug 17, 2021",
0,https://www.amazon.com/dp/B09CRNTT6X,B09CRNTT6X,Bridal Shower Guest Book Lemon: Yellow Blue Watercolor Lemons Design Cover Guest Memory Message Book For Bridal Shower,Aquila Rojek,Paperback,"Aug 16, 2021",
0,https://www.amazon.com/dp/B09D5YYLGB,B09D5YYLGB,"Wedding Planning and Budget Diary: Create a Detailed Plan for Your Wedding from Beginning Ideas, to Budget, Guests, Invitations, Checklist Pages, and ... Details Logbook - Pink Marble-Patterned Cover",Eleanor L. Slater,Paperback,"Aug 16, 2021",
0,https://www.amazon.com/dp/B09D5YYK51,B09D5YYK51,Bridal Shower Guest Book Lemon: Yellow Blue Watercolor Lemons Design Cover Guest Memory Message Book For Bridal Shower,Aquila Rojek,Paperback,"Aug 16, 2021",
0,https://www.amazon.com/dp/B09CRNQBCC,B09CRNQBCC,Ultimate Wedding Planner: We are a family-owned business who creates each book with care.,Pink Petal Ponderings,Paperback,"Aug 16, 2021",
0,https://www.amazon.com/dp/B09CRN23CD,B09CRN23CD,Bridal Shower Guest Book Lemon: Yellow Watercolor Lemons Design Cover Guest Memory Message Book For Bridal Shower,Aquila Rojek,Paperback,"Aug 16, 2021",
0,https://www.amazon.com/dp/B09CRN1553,B09CRN1553,Bridal Shower Guest Book Lemon: Yellow Blue Watercolor Lemons Design Cover Guest Memory Message Book For Bridal Shower,Aquila Rojek,Paperback,"Aug 16, 2021",
3,https://www.amazon.com/dp/1627343377,1627343377,Creating Relationship Wellness: An Introduction to the Techniques of Mindfulness for Healthy Relationships,Stephanie Wijkstrom,Kindle,"Aug 15, 2021",
0,https://www.amazon.com/dp/1802711538,1802711538,"Narcissistic Abuse Recovery: Stop Manipulation, Toxic Relationships and Overcome Anxiety. Learn Effective Strategies to Trauma Healing from Hidden Abuse to Finally Ward Off the Narcissist.",Josephine Rendell,Paperback,"Aug 15, 2021",
0,https://www.amazon.com/dp/B09CRLZMRR,B09CRLZMRR,Ultimate Wedding Planner: We are a family-owned business who creates each book with care.,Pink Petal Ponderings,Paperback,"Aug 15, 2021",
1,https://www.amazon.com/dp/1774851261,1774851261,Couple Therapy: No More Fighting! No More Anxiety! Effective Communication in Relationships (Cognitive-behavioral Therapy for Couples and Families),Mary Fries,Paperback,"Aug 14, 2021",
0,https://www.amazon.com/dp/B09CRNTQDR,B09CRNTQDR,"Wedding Planner: Checklists, Worksheets, and Essential Tools to Make Great Plan For The Perfect Wedding",Sanaf Publication,Paperback,"Aug 14, 2021",
0,https://www.amazon.com/dp/B09CRQL41S,B09CRQL41S,"guest book wedding set: To our wonderful guests , Thank You Very Much ! We Loved Seeing You in Attendance At our Wedding. You made it Magical",Perfect nootebooks,Paperback,"Aug 13, 2021",
0,https://www.amazon.com/dp/B09CRLXQKG,B09CRLXQKG,Almost Mrs. Bridal Shower Guest Book: With Prompts For Guest To Provide Words Of Wisdom And Gift Log Bonus,Mel P. Publishing,Paperback,"Aug 13, 2021",
0,https://www.amazon.com/dp/B09CRCHNNB,B09CRCHNNB,"Look At Me Getting All Married And Shit: Wedding Planner For the Boho Bride: Timeline, Checklists, Guest List, Table Seating Wedding Attire And More. Great Gift For The Bride To Be",SoulMate Planner,Paperback,"Aug 13, 2021",
0,https://www.amazon.com/dp/B09CRQL8DG,B09CRQL8DG,"Fathers are men who dared to place the world's hopes: Lovely Personalizd Quote Notebook Father's Day Gift From Daughter or Son, Inspirational Quote ... 110 Pages, 6x9, Soft Cover, Matte Finish",Dad Quotes,Paperback,"Aug 12, 2021",
2,https://www.amazon.com/dp/B09CGMST27,B09CGMST27,"Maid of Honor Planner: Monthly And Weekly Appointment Tracker for Bridesmaid | Wedding Party Planner, 8.5x11 in, 120+ pages",Miranda C. Design,Paperback,"Aug 11, 2021",
0,https://www.amazon.com/dp/B09CGKYM14,B09CGKYM14,WORKING ON YOUR MARRIAGE: Step By Step Instructions To Be A Superior Spouse And Work On Your Marriage,LAWRENCE SMITH,Kindle,"Aug 11, 2021",
0,https://www.amazon.com/dp/B09CKYBLFG,B09CKYBLFG,Guest Book Halloween: A personalized Halloween activity book just for you.,Bear idea Malee,Paperback,"Aug 10, 2021",
0,https://www.amazon.com/dp/B09CKNFYNC,B09CKNFYNC,Golden Crown Pattern Guest Book For Wedding -WELCOME YOUR GUESTS AS KING & QUEEN,Cover Knight,Paperback,"Aug 10, 2021",
4,https://www.amazon.com/dp/1982291389,1982291389,Are you interested in MARRIAGE and FAMILY: Is this book for you?,Suresh Chandra,Kindle,"Aug 10, 2021",
0,https://www.amazon.com/dp/1774851164,1774851164,Couple Therapy: A Complete Guide to Cure and Build a Stronger Relationship (Develop a Deeper Connection With Your Partner and Improve Intimacy),Gertrude Savell,Paperback,"Aug 10, 2021",
0,https://www.amazon.com/dp/B09CH92FFZ,B09CH92FFZ,"Know your Future Wife! Guide to the important, funny & sensual stuff. 8.5x8.5 Color Edition: Handy self-reflection journal to really know your partner ... to live a Happy Life... Know your Your...)",INSPIRE Designs,Paperback,"Aug 9, 2021",
0,https://www.amazon.com/dp/B09CGMTCDP,B09CGMTCDP,Maid of Honor To Do List Notebook: Checklist Planner / Event Planning Journal / Navy Blue Gold Peach - Vintage Art Deco Decorative Art Theme / Wedding ... of Honor from Bride / Cute Card Alternative,Scout Loves Dakota Designs,Paperback,"Aug 9, 2021",
0,https://www.amazon.com/dp/B09CGKTH1Y,B09CGKTH1Y,"Know your Girlfriend! Guide to the important, funny & sensual stuff. 8.5x8.5 Color Edition: Handy self-reflection journal to really know your partner ... to live a Happy Life... Know your Your...)",INSPIRE Designs,Paperback,"Aug 9, 2021",
0,https://www.amazon.com/dp/B09CGFXHQ7,B09CGFXHQ7,Maid of Honor To Do List Notebook: Checklist Planner / Event Planning Journal / Red Double Hearts on Wooden Pattern - Modern Wood Art Theme / Wedding ... of Honor from Bride / Cute Card Alternative,Scout Loves Dakota Designs,Hardcover,"Aug 9, 2021",
2,https://www.amazon.com/dp/0985254262,0985254262,Big Mama Wisdom for Couples: 205 Questions to Ask and Discuss Before Marriage,Cynthia Knight,Kindle,"Aug 9, 2021",
0,https://www.amazon.com/dp/B09CCF1TL6,B09CCF1TL6,"The Big Day Wedding Planner & Organizer: Rustic Designed Wedding Planning Organizer with Seating Charts, Guest Lists, Detailed Worksheets, Checklists and More.",Christopher B Anderson,Paperback,"Aug 8, 2021",
0,https://www.amazon.com/dp/B09CC67N5N,B09CC67N5N,"The Big Day Wedding Planner & Organizer: Rustic Designed Wedding Planning Organizer with Seating Charts, Guest Lists, Detailed Worksheets, Checklists and More.",Christopher B Anderson,Paperback,"Aug 8, 2021",
0,https://www.amazon.com/dp/B09CC48YRW,B09CC48YRW,"Bridal Shower Guest Book: Bridal Shower Guestbook, Beautiful Floral Paperback For guests entering the party Recommendation notes Best Wishes and Gift Recorder, 120 pages, size 8.25""x6""",Jenna B. Friedman,Paperback,"Aug 8, 2021",
0,https://www.amazon.com/dp/B09CBPYPLR,B09CBPYPLR,"The Big Day Wedding Planner & Organizer: Rustic Designed Wedding Planning Organizer with Seating Charts, Guest Lists, Detailed Worksheets, Checklists and More.",Christopher B Anderson,Paperback,"Aug 8, 2021",
5,https://www.amazon.com/dp/1737710129,1737710129,Twelve Collaborative Tasks for Couples: Collaborative Attachment Systems Therapy Workbook 3,Kyle N Weir PhD,Paperback,"Aug 7, 2021",
0,https://www.amazon.com/dp/B09CBPYPC6,B09CBPYPC6,"Premium guest book for wedding engagement & reception - Premium Color With Flowers Design 120 Pages: Date, Name, Address, Mobile & Signature Register for Guests",Tushar Bankar,Paperback,"Aug 5, 2021",
1,https://www.amazon.com/dp/B09BYDQBJP,B09BYDQBJP,Love is us Wedding Guest Book: Featuring Abstract Rainbow Cover Appropriate for an LGBTQ Wedding,TAN R.K.,Paperback,"Aug 4, 2021",
0,https://www.amazon.com/dp/B09CR3Z9RL,B09CR3Z9RL,MAKING MARRIAGE WORK,MR. VICTOR  KUDAKWASHE MUKARATI,Kindle,"Aug 4, 2021",
1,https://www.amazon.com/dp/B09BY84ZDT,B09BY84ZDT,Wicked Witch Journal,Ms.  Norma Rita Laurie,Paperback,"Aug 4, 2021",
2,https://www.amazon.com/dp/1662907974,1662907974,Till Death Do Us Part: The Secret To Making Marriage Work,Patrick Ruffin,Kindle,"Aug 3, 2021",
0,https://www.amazon.com/dp/B09BYDSQCX,B09BYDSQCX,Our Wedding Guest Book: Up to 200 Guest Entries | Emerald Green and Gold Art Deco Theme,Oh Happy Day Press,Paperback,"Aug 3, 2021",
0,https://www.amazon.com/dp/B09BY283Y5,B09BY283Y5,Wedding Planner: The Guest List,MT Publishing,Paperback,"Aug 3, 2021",
0,https://www.amazon.com/dp/B09BY5WDD6,B09BY5WDD6,"we are always together we are one of a kind: Lined Notebook/ Journal Gift, 120 pages, 6*9, Soft Cover, Matte Finish",Friendship Bracelets Quotes,Paperback,"Aug 2, 2021",
0,https://www.amazon.com/dp/B09BYPQRF3,B09BYPQRF3,My Pregnancy Notebook: Avocado Themed Pregnancy Blank Lined Notebook,Ztips Publishing,Paperback,"Aug 2, 2021",
0,https://www.amazon.com/dp/B09BYF9FTY,B09BYF9FTY,"Wedding Planner Workbook for the Bride: Create a Detailed Plan Book Organizer for Your Wedding from Beginning Ideas, to Budget, Guest, Invitations, ... Pages, and Much More - Gold and Black Cover",Eleanor L. Slater,Paperback,"Aug 2, 2021",
0,https://www.amazon.com/dp/9354276369,9354276369,Answers to family conflicts after marriage,Vasdev Loond,Kindle,"Aug 2, 2021",
0,https://www.amazon.com/dp/1032082518,1032082518,"The Impact of World War I on Marriages, Divorces, and Gender Relations in Europe (Routledge Research in Gender and History)",Sandra Brée,Kindle,"Aug 2, 2021",
0,https://www.amazon.com/dp/B09FC7F1KM,B09FC7F1KM,"Notebook Journal Fire Truck 98th Birthday Firefighter 98 Years Old: Meeting, Goals, Work List, Financial,6x9 in , Happy, Goal, Life, Gym, Personal Budget",Clinton Emery,Paperback,"Aug 31, 2021",
3,https://www.amazon.com/dp/B09FNR688H,B09FNR688H,Resiliency for First Responders: Getting the Job Done No Matter What,James Hyde MA,Kindle,"Aug 31, 2021",
0,https://www.amazon.com/dp/1803358548,1803358548,Persuasive Communication Techniques: Learn How to Understand the Other Emotions and Win Other People. Explore the Best Communication Techniques ... Confidently at Work and in Relationship!,Jessica W Cooper,Paperback,"Aug 31, 2021",
0,https://www.amazon.com/dp/B09HFXWTSB,B09HFXWTSB,Sleep Dairy: Sleep Journal Log Sheep | 6'' X 9'' - 120 Pages,Natasha Sunday,Paperback,"Aug 31, 2021",
0,https://www.amazon.com/dp/B09GJS9DRP,B09GJS9DRP,Makeup Charts Book: Makeup Face Charts Practice Book For Makeup Artists With Blank Faces To Practice Your Makeup And Many More!,Anar Koli Studio,Paperback,"Aug 31, 2021",
0,https://www.amazon.com/dp/B09FS74GGM,B09FS74GGM,Gynecologist Gifts: Funny Thank You Appreciation Present for Women,Kim Novak,Paperback,"Aug 31, 2021",
3,https://www.amazon.com/dp/0987741519,0987741519,Woo Woo: The Posthumous Love Story of Miss Emily Carr,V Knox,Kindle,"Aug 31, 2021",
0,https://www.amazon.com/dp/B09F1FVF5S,B09F1FVF5S,"Brazilian Terrier Dog: Brazilian Terrier Breed Information, Characteristics & Heath: Brazilian Terrier Breed Information, Characteristics & Heath",Mr STINSON WILLIAM,Kindle,"Aug 31, 2021",
0,https://www.amazon.com/dp/B09FCFP778,B09FCFP778,Sketchbook: Dog Woof Gang 8'' x 11'' Dog Sketchbook Makes A Wonderful Gift For Loved Ones,Ryan charles,Paperback,"Aug 31, 2021",
2,https://www.amazon.com/dp/B09FC9Y6SB,B09FC9Y6SB,"2022 Planner For Cat Lovers: January 2022 - December 2022 (Daily, Weekly, and Monthly Calendars)",Anita Elliott,Paperback,"Aug 31, 2021",
0,https://www.amazon.com/dp/B09HQ8W7D4,B09HQ8W7D4,Create for the love of it 110 page 1/4 inch dot grid sketchbook journal notebook quarter inch dots,Bootercup Studio,Paperback,"Aug 31, 2021",
0,https://www.amazon.com/dp/B09H922743,B09H922743,NoteBook Moon Cat : The Cat And The Moon Notebook: The Cat And The Moon Notebook Size : 8.5 x 11 Inch 120 pages,Meryem EDITION,Paperback,"Aug 31, 2021",
0,https://www.amazon.com/dp/B09GJJBX78,B09GJJBX78,Chic Black Journal: 2021 Dated Journal 100Pg 6x9,CM Publisher,Paperback,"Aug 31, 2021",
0,https://www.amazon.com/dp/B09FSCFZW3,B09FSCFZW3,Detectorists Log Book,Hobbyist Publishing,Paperback,"Aug 31, 2021",
0,https://www.amazon.com/dp/B09FS74FFG,B09FS74FFG,"Notebook for Architect, Aquarelle effect, Sketch book, Writing, drawing or doodling, 8,5x11 inch, 124 pages: 8,5x11 inch, 124 pages",Ka En Edition,Paperback,"Aug 31, 2021",
1,https://www.amazon.com/dp/B09FS5842H,B09FS5842H,Every Morning Wake Up and Scream Your Dreams Into The Trash Can Where They Belong: Notebook,Wavie Marie,Hardcover,"Aug 31, 2021",
0,https://www.amazon.com/dp/B09FS127C2,B09FS127C2,"Sun: A decorative book for coffee tables, bookshelves and interior design styling | Stack deco books together to create a custom look in any room | Celestial Bodies | Midnight Blue",Urban Decor Studio,Paperback,"Aug 31, 2021",
0,https://www.amazon.com/dp/B09FCKHYD1,B09FCKHYD1,"Happy Frogs Pattern - Graph Paper Composition Notebook: Unique Notebook 8.5 x 11 - graph paper 5x5 - fun modern designs and pattern for school, work or at home",Cool Stuff Publishing,Paperback,"Aug 31, 2021",
0,https://www.amazon.com/dp/B09FCKHYC4,B09FCKHYC4,"Construction Daily Log Book: Record weather, Workforce, Tasks, Schedules, Safety issues and Daily Activities",Coloring Peeps,Paperback,"Aug 31, 2021",
0,https://www.amazon.com/dp/B09FCKHY9F,B09FCKHY9F,I Am : Manifestation Journal: Prompted Version,Jene  Simone Williams,Paperback,"Aug 31, 2021",
0,https://www.amazon.com/dp/B09FCKHY85,B09FCKHY85,Dog Care Log Book,Chamonix van der Westhuizen,Paperback,"Aug 31, 2021",
0,https://www.amazon.com/dp/B09FCKHY82,B09FCKHY82,Marbled Composition Notebook: Blue Marble Wide Ruled Paper Subject Book. Wide Ruled Lined Paper Notebook Journal... Home College Writing (School Essentials),Fun Book Designs,Paperback,"Aug 31, 2021",
5,https://www.amazon.com/dp/B09FCKC56X,B09FCKC56X,Welcome to My Craft Room: Craft Project Journal,Stamp4Joy Creative Designs,Paperback,"Aug 31, 2021",
0,https://www.amazon.com/dp/B09FCKC2G9,B09FCKC2G9,"Animal tree adult coloring book: :The Wonderful design Animal ( House, Tree, Bried, and many more )",shorab summer,Paperback,"Aug 31, 2021",
0,https://www.amazon.com/dp/B09FCHR99Y,B09FCHR99Y,Swedish Vallhund Notebook: Notebook|Journal| Diary/ Lined - Size 6x9 Inches 100 Pages,Mr STINSON WILLIAM,Paperback,"Aug 31, 2021",
0,https://www.amazon.com/dp/B09FCHR6JN,B09FCHR6JN,Kawaii Animals: Coloring Book- Sweet Animals on Mandalas - Coloring Fun for Kids - 60+ Coloring pages,Natalie Hedrich,Paperback,"Aug 31, 2021",
0,https://www.amazon.com/dp/B09FCHQWWV,B09FCHQWWV,NOTEBOOK: 6X9 Mult-color tye dye120 lined pages Notebook,Maxwell Bailey,Paperback,"Aug 31, 2021",
0,https://www.amazon.com/dp/B09FCHQG6W,B09FCHQG6W,"Notebook: Red Line, Grid Paper, Math, Free Form, Diary and more, essentials, and Pink, Cover, Angry Cat in Comic Style 5.5"" x 8.5"" 100 Pages",Bernd M. Schuenke,Paperback,"Aug 31, 2021",
0,https://www.amazon.com/dp/B09FCHQFJV,B09FCHQFJV,"Composition Notebook Sunflower: Large 8.5 x 11 120 page College Ruled Composition Notebook Sunflower for Writing and Note Taking in School, Home or ... at Christmas, Birthdays, Secret Santa.",Shane fra02,Paperback,"Aug 31, 2021",
0,https://www.amazon.com/dp/B09FCHQ9RJ,B09FCHQ9RJ,"Merry Christmas Coloring Book For Adults Age 38 Years Old: Relaxing Winter Landscapes and Festive Holiday Decorations,A Coloring Book Featuring Beautiful Christmas Scenes, coloring book",Farhan Wong,Paperback,"Aug 31, 2021",
0,https://www.amazon.com/dp/B09FCHQ9HH,B09FCHQ9HH,Sketchbook: It Takes A Real Man To Walk A Coton De Tulear Funny Dog 8'' x 11'' Dog Sketchbook Makes A Wonderful Gift For Loved Ones,Ryan charles,Paperback,"Aug 31, 2021",
0,https://www.amazon.com/dp/B09FCHQ9HG,B09FCHQ9HG,Sketchbook: My Patronus Is A Pomeranian Dog Lovers 8'' x 11'' Dog Sketchbook Makes A Wonderful Gift For Loved Ones,Ryan charles,Paperback,"Aug 31, 2021",
0,https://www.amazon.com/dp/B09FCHPMH1,B09FCHPMH1,The Natural Wonders Composition Notebook: a college-ruled lined journal with vintage spider illustration,Ronald Louis,Paperback,"Aug 31, 2021",
0,https://www.amazon.com/dp/B09FCHPMFF,B09FCHPMFF,"Busy Mom Daily Planner: A Monthly undated Budget Planner workbook Organizer Paperback | Daily Agenda Notebook for Women | Budget planner for busy mom ... with to-Do List Organiser | 120 Pages 6"" x 9""",VSpokee Designs,Paperback,"Aug 31, 2021",
0,https://www.amazon.com/dp/B09FCHPM9Q,B09FCHPM9Q,The Natural Wonders Composition Notebook: a college-ruled lined journal with vintage tree lizard illustration,Ronald Louis,Paperback,"Aug 31, 2021",
0,https://www.amazon.com/dp/B09FCHNMH7,B09FCHNMH7,Puppy-Coloring Book: A Coloring Book For Adults For Relaxation and Stress Relieving With Beautiful(Mandala & Zentangle Designs),Tasnim Sakib,Paperback,"Aug 31, 2021",
0,https://www.amazon.com/dp/B09FCHDQGS,B09FCHDQGS,"relax your nerves coloring book for girls: Amazing coloring book for girls who love flowers and letters designed with beautiful flowers ,8.5 x 11 in (21.59 x 27.94 cm)",flashtop edition,Paperback,"Aug 31, 2021",
0,https://www.amazon.com/dp/B09FCFP7VL,B09FCFP7VL,"Celtic Alphabet Designs Coloring Book: Amazing coloring book for adults, | ABC A-Z Uppercase letters for each adul\t Celtic alphabet",mihaela melnik,Paperback,"Aug 31, 2021",
0,https://www.amazon.com/dp/B09FCFP7DB,B09FCFP7DB,"Freyja: Unicorn Notebook Personal Name Wide Lined Rule Paper | Notebook The Notebook For Writing Journal or Diary Women & Girls Gift for Birthday, For Student | 162 Pages Size 8.5x11inch",Joanne Morales,Paperback,"Aug 31, 2021",
2,https://www.amazon.com/dp/B09FCFLT7M,B09FCFLT7M,"Color Style Chow Chow Notebook: Blank Lined Journal for Chow Chow, Dog Lovers, Dog Mom, Dog Dad and Pet Owners | 8.5x11 with College Ruled Pages",Chow Chow Note,Paperback,"Aug 31, 2021",
0,https://www.amazon.com/dp/B09FCFLT77,B09FCFLT77,"I Hear You Im Just Not Listening Notebook: Blank Lined Journal for Chow Chow, Dog Lovers, Dog Mom, Dog Dad and Pet Owners | 8.5x11 with College Ruled Pages",Chow Chow Note,Paperback,"Aug 31, 2021",
0,https://www.amazon.com/dp/B09FCFHBJY,B09FCFHBJY,"Astrology Notebook | Aries | 6x9 180 Pages: Lined, Dotted, Grid",Designed By Raine,Paperback,"Aug 31, 2021",
1,https://www.amazon.com/dp/B09FCFHBGB,B09FCFHBGB,"Paw-sitive Vibes Only Planner, Cat Lover Gift, November 2021 to December 2024 Agenda Schedule Organizer: Monthly Calendar Planner, Gratitude Journal ... Business Planner, 8.5"" x 11"", 120 Pages",YESOLIS LTD,Paperback,"Aug 31, 2021",
0,https://www.amazon.com/dp/B09FCFHBB9,B09FCFHBB9,Composition Notebook: Pretty Feather Composition Notebook Gift For Teacher Student | Cute Wide Ruled Pink Color Workbook for Teen Boys Girls for Home ... Magenta Pattern Journal For Adults Men Women,Brand House Publishing,Paperback,"Aug 31, 2021",
0,https://www.amazon.com/dp/B09FCFH9V2,B09FCFH9V2,Bosnian Dog Shepherd Notebook: Notebook|Journal| Diary/ Lined - Size 6x9 Inches 100 Pages,Mr STINSON WILLIAM,Paperback,"Aug 31, 2021",
0,https://www.amazon.com/dp/B09FCFH9RY,B09FCFH9RY,Giving Gifts - My Christmas Holiday Gift-Giving Tracking Journal: Perfect Gift-Giving Tracking Journal for Givers At Heart - 8.5x11 Inches Size- Spirit of Giving Cover,Spirit Holidays,Paperback,"Aug 31, 2021",
0,https://www.amazon.com/dp/B09FCCMFW8,B09FCCMFW8,"My First Pet Iguana Care Notebook: Customized Kid-Friendly & Easy to Use, Daily Iguana Log Book to Look After All Your Pet's Needs. Great For Recording Feeding, Water, Cleaning & Iguana Activities.",PetCraze Books,Paperback,"Aug 31, 2021",
0,https://www.amazon.com/dp/B09FCCMFST,B09FCCMFST,"Oh, Bear out: Dot Grid Notebook",YEPUN DESIGN,Paperback,"Aug 31, 2021",
0,https://www.amazon.com/dp/B09FCCLPJ5,B09FCCLPJ5,Halloween Dot Marker Activity Book: Easy Guided Big Dots Coloring Book For Kids Aged 3+,Queen Design,Paperback,"Aug 31, 2021",
0,https://www.amazon.com/dp/B09FCCDCD8,B09FCCDCD8,Bird Watching Journal:A Perfect Book for Bird Watchers.,Spiridibooks,Paperback,"Aug 31, 2021",
0,https://www.amazon.com/dp/B09FCCDC64,B09FCCDC64,"Notebook: Cute, pastel clouds - 120 page lined blank notebook",TabooVoodoo Designs,Paperback,"Aug 31, 2021",
0,https://www.amazon.com/dp/B09FCCD9F2,B09FCCD9F2,Notebook: Roses Flower Notebook 8'' x 11'' Beautiful Gifts,Roneshua Baltimore,Paperback,"Aug 31, 2021",
0,https://www.amazon.com/dp/B09FCC18BF,B09FCC18BF,Beagle: Funny Wide Ruled Notebook Gift For Beagle Lovers - Perfect Beagle Dog Gift On Valentine Day/Birthday/Halloween - 6 x 9 Inches - 110 Lined Pages,Yenx D16 Publishing,Paperback,"Aug 31, 2021",
0,https://www.amazon.com/dp/B09FCB46TQ,B09FCB46TQ,Notebook: Flower Tulips Flower Notebook 8'' x 11'' Beautiful Gifts,Roneshua Baltimore,Paperback,"Aug 31, 2021",
0,https://www.amazon.com/dp/B09FC9ZXF6,B09FC9ZXF6,Notebook: Wide-ruled minimalism notebook interior. Ideal for those who love floral print designs and are looking for the cutest notebooks.,Tokyo Rain Press,Paperback,"Aug 31, 2021",
0,https://www.amazon.com/dp/B09FC9ZXDF,B09FC9ZXDF,For Adults 100 Mandalas Colouring Book: Mandala colouring book pages that calm your mind,Simply SimpleOrg,Paperback,"Aug 31, 2021",
0,https://www.amazon.com/dp/B09FC9ZXCY,B09FC9ZXCY,"journal: A very simple notebook for cat and pet lovers a very simple notebook for students Office & School Supplies Blank Notebook, Journal, Motivation Quote journal, Lined Notebook",YASIR ALRAWI,Paperback,"Aug 31, 2021",
0,https://www.amazon.com/dp/B09FC9Y7GF,B09FC9Y7GF,"Notebook: A visually appealing Notebook, for making notes, maintaining journal or doodling.",vedant vaibhav,Paperback,"Aug 31, 2021",
0,https://www.amazon.com/dp/B09FC9Y6QL,B09FC9Y6QL,"Fishing Log Book: fishing log book for you, The perfect gift for a fisherman, The Fishing Log Book keep track fishing activities perfect for a ... - For Record Fishing Trip & Experiences Book.",Moriaum Nisa Publication,Paperback,"Aug 31, 2021",
0,https://www.amazon.com/dp/B09FC9HQ89,B09FC9HQ89,Stained glass coloring book: A coloring book for adults and kids stained glass image design paperback,Annie Marie,Paperback,"Aug 31, 2021",
0,https://www.amazon.com/dp/B09FC9HPSB,B09FC9HPSB,Sketchbook: Middle Finger Funny Dog 8'' x 11'' Dog Sketchbook Makes A Wonderful Gift For Loved Ones,Ryan charles,Paperback,"Aug 31, 2021",
0,https://www.amazon.com/dp/B09FC9DD55,B09FC9DD55,"Best Bichon Frise Dad Ever Notebook: Blank Lined Journal for Bichon Frise, Dog Lovers, Dog Mom, Dog Dad and Pet Owners | 8.5x11 with College Ruled Pages",Bichon Frise Note,Paperback,"Aug 31, 2021",
0,https://www.amazon.com/dp/B09FC91RJM,B09FC91RJM,Dachshund: Funny Wide Ruled Notebook Gift For Dachshund Lovers - Perfect Dachshund Dog Gift On Valentine Day/Birthday/Halloween - 6 x 9 Inches - 110 Lined Pages,Yenx D16 Publishing,Paperback,"Aug 31, 2021",
0,https://www.amazon.com/dp/B09FC91RJ2,B09FC91RJ2,"Chow Chows christmas Tree Notebook: Blank Lined Journal for Chow Chow, Dog Lovers, Dog Mom, Dog Dad and Pet Owners | 8.5x11 with College Ruled Pages",Chow Chow Note,Paperback,"Aug 31, 2021",
0,https://www.amazon.com/dp/B09FC8W153,B09FC8W153,kawaii food coloring book: cute book,Aisha Publisher,Paperback,"Aug 31, 2021",
0,https://www.amazon.com/dp/B09FC87M4V,B09FC87M4V,Elephant Notebook: For Note-Taking and Journaling,J&K Book Creations,Hardcover,"Aug 31, 2021",
0,https://www.amazon.com/dp/B09FC87M3D,B09FC87M3D,"My First Pet Iguana Care Journal: Custom Personalized Fun Kid-Friendly Daily Iguana Log Book to Look After All Your Pet's Needs. Great For Recording Feeding, Water, Cleaning & Iguana Activities.",PetCraze Books,Paperback,"Aug 31, 2021",
0,https://www.amazon.com/dp/B09FC87HN2,B09FC87HN2,"Jewel: Unicorn Notebook Personal Name Wide Lined Rule Paper | Notebook The Notebook For Writing Journal or Diary Women & Girls Gift for Birthday, For Student | 162 Pages Size 8.5x11inch",Joanne Morales,Paperback,"Aug 31, 2021",
0,https://www.amazon.com/dp/B09FC7XC6N,B09FC7XC6N,"Halloween Activity Book For Toddlers Age 3 Years Old: Happy Halloween Relaxation Activity Book for Coloring Pages, Mazes, Sudoku,Dot to Dot, Word ... hangman and More| Halloween Gift For Family",Imaan Yates,Paperback,"Aug 31, 2021",
0,https://www.amazon.com/dp/B09FC7T1S1,B09FC7T1S1,"Who Really Loved Chow Chow Notebook: Blank Lined Journal for Chow Chow, Dog Lovers, Dog Mom, Dog Dad and Pet Owners | 8.5x11 with College Ruled Pages",Chow Chow Note,Paperback,"Aug 31, 2021",
0,https://www.amazon.com/dp/B09FC7J9PJ,B09FC7J9PJ,Pregnancy Coloring Book: A Fabulous Coloring Book For Fans of All Ages With Several Images Of Pregnancy. One Of The Best Ways To Relax And Enjoy Coloring Fun.,Flavio Morelli,Paperback,"Aug 31, 2021",
0,https://www.amazon.com/dp/B09FC7F1WC,B09FC7F1WC,"Island Life Adult Coloring Book: An Amazing Coloring Book for Adult Featuring With Nostalgic Island Scenes, Peaceful Ocean Landscapes, Beautiful Summer Scenes For Stress Relief And Relaxation",Arafat Book Publication,Paperback,"Aug 31, 2021",
0,https://www.amazon.com/dp/B09FC6G4XH,B09FC6G4XH,"My First Pet Iguana Care Notebook: Kid-Friendly Daily Iguana Log Book to Look After All Your Pet's Needs. Great For Recording Feeding, Water, Cleaning ... To Ensure A Safe Habitat For Your Iguana.",PetCraze Books,Paperback,"Aug 31, 2021",
0,https://www.amazon.com/dp/B09FC6F22S,B09FC6F22S,"Sketch Book: Notebook for Drawing, Writing, Painting, Sketching or Doodling,: , 120 Pages, 8.5x11 (Premium Abstract Cover vol.4)",jalal sannaa,Paperback,"Aug 31, 2021",
0,https://www.amazon.com/dp/B09FC6FFBN,B09FC6FFBN,Flower Field Scenery Painting Pattern Inspirational Lined Notebook Journal - Flower Field Scenery Painting Pattern Gift Notebook: Flower Field Scenery ... Notebook For Use With Gel Pens and Ball Pens,Adam,Paperback,"Aug 31, 2021",
1,https://www.amazon.com/dp/B09FC6F1VP,B09FC6F1VP,Horse Composition Notebook: for Girls and Horse Lovers/amazing and interesting facts about horses: Perfect gift for a girl of 10-12 13 14 15 16 17 18/pinky cover and rainbow colors horses,P K Grencel,Paperback,"Aug 31, 2021",
0,https://www.amazon.com/dp/B09FC6F1NL,B09FC6F1NL,Huge Sketchbook for Kids: Christmas Dog | Children Sketch Book for Drawing Practice | Scribblings and Sketches | Best Gifts for Young Boys and Girls Ages 4-12,Sirima Design,Paperback,"Aug 31, 2021",
0,https://www.amazon.com/dp/B09FC6C23T,B09FC6C23T,Notebook: Yellow Flower Flower Notebook 8'' x 11'' Beautiful Gifts,Roneshua Baltimore,Paperback,"Aug 31, 2021",
0,https://www.amazon.com/dp/B09FC5ZS9D,B09FC5ZS9D,Pregnancy Coloring Book: A Fabulous Coloring Book For Fans of All Ages With Several Images Of Pregnancy. One Of The Best Ways To Relax And Enjoy Coloring Fun.,Flavio Morelli,Paperback,"Aug 31, 2021",
1,https://www.amazon.com/dp/B09FC1Q846,B09FC1Q846,"Yorkshire Terrier: Perfect Yorkshire Terrier Dog Journal for Memories And Notes , Yorkshire Terrier Notebook ( 110 Pages, 6x9 )",Yenx D16 Publishing,Paperback,"Aug 31, 2021",
0,https://www.amazon.com/dp/B09FBZ3HQQ,B09FBZ3HQQ,"Adalee: Unicorn Notebook Personal Name Wide Lined Rule Paper | Notebook The Notebook For Writing Journal or Diary Women & Girls Gift for Birthday, For Student | 162 Pages Size 8.5x11inch",Joanne Morales,Paperback,"Aug 31, 2021",
0,https://www.amazon.com/dp/B09FBYPYLQ,B09FBYPYLQ,"Great Dane: Composition Notebook For Great Dane Dogs Lovers , Great Dane Lined Journal ,6x9 Inches , 110 Pages ,Great Dane Diary",Yenx D16 Publishing,Paperback,"Aug 31, 2021",
0,https://www.amazon.com/dp/B09FBTW1MM,B09FBTW1MM,Notebook,Calico Creations,Paperback,"Aug 31, 2021",
0,https://www.amazon.com/dp/B09F8STB5L,B09F8STB5L,"Maleah: Unicorn Notebook Personal Name Wide Lined Rule Paper | Notebook The Notebook For Writing Journal or Diary Women & Girls Gift for Birthday, For Student | 162 Pages Size 8.5x11inch",Phyllis Wright,Paperback,"Aug 31, 2021",
0,https://www.amazon.com/dp/B09F8STB4R,B09F8STB4R,"Katelyn: Unicorn Notebook Personal Name Wide Lined Rule Paper | Notebook The Notebook For Writing Journal or Diary Women & Girls Gift for Birthday, For Student | 162 Pages Size 8.5x11inch",Phyllis Wright,Paperback,"Aug 31, 2021",
0,https://www.amazon.com/dp/B09F8STB4J,B09F8STB4J,"Braelyn: Unicorn Notebook Personal Name Wide Lined Rule Paper | Notebook The Notebook For Writing Journal or Diary Women & Girls Gift for Birthday, For Student | 162 Pages Size 8.5x11inch",Phyllis Wright,Paperback,"Aug 31, 2021",
0,https://www.amazon.com/dp/B09F8STB3R,B09F8STB3R,"Chelsea: Unicorn Notebook Personal Name Wide Lined Rule Paper | Notebook The Notebook For Writing Journal or Diary Women & Girls Gift for Birthday, For Student | 162 Pages Size 8.5x11inch",Phyllis Wright,Paperback,"Aug 31, 2021",
0,https://www.amazon.com/dp/B09F1J2QB1,B09F1J2QB1,"Halloween Activity Book For Adults Age 77 Years Old: Happy Halloween Relaxation Activity Book for Coloring Pages, Mazes, Sudoku,Dot to Dot, Word ... hangman and More| Halloween Gift For Family",Imaan Yates,Paperback,"Aug 31, 2021",
0,https://www.amazon.com/dp/B09F1G3YWL,B09F1G3YWL,"Emani: Unicorn Notebook Personal Name Wide Lined Rule Paper | Notebook The Notebook For Writing Journal or Diary Women & Girls - Gift For Birthday, For Student | 162 Pages Size 8.5x11inch",Cedric Wallace,Paperback,"Aug 31, 2021",
0,https://www.amazon.com/dp/B09F1G3YW8,B09F1G3YW8,"Judith: Unicorn Notebook Personal Name Wide Lined Rule Paper | Notebook The Notebook For Writing Journal or Diary Women & Girls - Gift For Birthday, For Student | 162 Pages Size 8.5x11inch",Cedric Wallace,Paperback,"Aug 31, 2021",
0,https://www.amazon.com/dp/B09F1G3YMZ,B09F1G3YMZ,"Emani: Unicorn Notebook Personal Name Wide Lined Rule Paper | Notebook The Notebook For Writing Journal or Diary Women & Girls Gift for Birthday, For Student | 162 Pages Size 8.5x11inch",Johnathan Pratt,Paperback,"Aug 31, 2021",
0,https://www.amazon.com/dp/B09F1G3YMY,B09F1G3YMY,"Malayah: Unicorn Notebook Personal Name Wide Lined Rule Paper | Notebook The Notebook For Writing Journal or Diary Women & Girls Gift for Birthday, For Student | 162 Pages Size 8.5x11inch",Johnathan Pratt,Paperback,"Aug 31, 2021",
0,https://www.amazon.com/dp/B09F1G3XYZ,B09F1G3XYZ,"Aubriella: Unicorn Notebook Personal Name Wide Lined Rule Paper | Notebook The Notebook For Writing Journal or Diary Women & Girls Gift for Birthday, For Student | 162 Pages Size 8.5x11inch",Percy Ramsey,Paperback,"Aug 31, 2021",
0,https://www.amazon.com/dp/B09F1G1JDP,B09F1G1JDP,Sketchbook: Cat Retro Distressed Style Vintage 2 8in x 11in Cute Cat Sketchbook,Emma Yingst,Paperback,"Aug 31, 2021",
0,https://www.amazon.com/dp/B09F1FY4QT,B09F1FY4QT,"Luz: Unicorn Notebook Personal Name Wide Lined Rule Paper | Notebook The Notebook For Writing Journal or Diary Women & Girls - Gift For Birthday, For Student | 162 Pages Size 8.5x11inch",Cedric Wallace,Paperback,"Aug 31, 2021",
0,https://www.amazon.com/dp/B09F1FY4J2,B09F1FY4J2,"Avalynn: Unicorn Notebook Personal Name Wide Lined Rule Paper | Notebook The Notebook For Writing Journal or Diary Women & Girls Gift for Birthday, For Student | 162 Pages Size 8.5x11inch",Johnathan Pratt,Paperback,"Aug 31, 2021",
0,https://www.amazon.com/dp/B09F1FXRYW,B09F1FXRYW,"Giana: Unicorn Notebook Personal Name Wide Lined Rule Paper | Notebook The Notebook For Writing Journal or Diary Women & Girls Gift for Birthday, For Student | 162 Pages Size 8.5x11inch",Percy Ramsey,Paperback,"Aug 31, 2021",
0,https://www.amazon.com/dp/B09F1FWPMJ,B09F1FWPMJ,"Halo: Unicorn Notebook Personal Name Wide Lined Rule Paper | Notebook The Notebook For Writing Journal or Diary Women & Girls Gift for Birthday, For Student | 162 Pages Size 8.5x11inch",Johnathan Pratt,Paperback,"Aug 31, 2021",
0,https://www.amazon.com/dp/B09F1FWPMD,B09F1FWPMD,"Gwen: Unicorn Notebook Personal Name Wide Lined Rule Paper | Notebook The Notebook For Writing Journal or Diary Women & Girls Gift for Birthday, For Student | 162 Pages Size 8.5x11inch",Johnathan Pratt,Paperback,"Aug 31, 2021",
0,https://www.amazon.com/dp/B09F1FVFF8,B09F1FVFF8,"Paloma: Unicorn Notebook Personal Name Wide Lined Rule Paper | Notebook The Notebook For Writing Journal or Diary Women & Girls Gift for Birthday, For Student | 162 Pages Size 8.5x11inch",Percy Ramsey,Paperback,"Aug 31, 2021",
0,https://www.amazon.com/dp/B09F1FVF5J,B09F1FVF5J,"Finnish Hound Dog: Description of The Breed and Character of The Dog: Finnish Hound Breed Information, Characteristics and Heath",Mr STINSON WILLIAM,Kindle,"Aug 31, 2021",
0,https://www.amazon.com/dp/B09F1FT4P7,B09F1FT4P7,Sketch Book: Sketch Book with Blank Pages / 8.5x11 inches / 120 pages | Notebook for Drawing and Sketchings,Anfisa Dobryak Publishing,Paperback,"Aug 31, 2021",
0,https://www.amazon.com/dp/B09F1FSZY3,B09F1FSZY3,"Jaycee: Unicorn Notebook Personal Name Wide Lined Rule Paper | Notebook The Notebook For Writing Journal or Diary Women & Girls Gift for Birthday, For Student | 162 Pages Size 8.5x11inch",Johnathan Pratt,Paperback,"Aug 31, 2021",
0,https://www.amazon.com/dp/B09F1FSZY2,B09F1FSZY2,"Valery: Unicorn Notebook Personal Name Wide Lined Rule Paper | Notebook The Notebook For Writing Journal or Diary Women & Girls Gift for Birthday, For Student | 162 Pages Size 8.5x11inch",Johnathan Pratt,Paperback,"Aug 31, 2021",
0,https://www.amazon.com/dp/B09F1FSZY1,B09F1FSZY1,"Renee: Unicorn Notebook Personal Name Wide Lined Rule Paper | Notebook The Notebook For Writing Journal or Diary Women & Girls Gift for Birthday, For Student | 162 Pages Size 8.5x11inch",Johnathan Pratt,Paperback,"Aug 31, 2021",
0,https://www.amazon.com/dp/B09F1FRPZG,B09F1FRPZG,"Alexia: Unicorn Notebook Personal Name Wide Lined Rule Paper | Notebook The Notebook For Writing Journal or Diary Women & Girls Gift for Birthday, For Student | 162 Pages Size 8.5x11inch",Phyllis Wright,Paperback,"Aug 31, 2021",
0,https://www.amazon.com/dp/B09F1D2GJL,B09F1D2GJL,"Freyja: Unicorn Notebook Personal Name Wide Lined Rule Paper | Notebook The Notebook For Writing Journal or Diary Women & Girls Gift for Birthday, For Student | 162 Pages Size 8.5x11inch",Percy Ramsey,Paperback,"Aug 31, 2021",
0,https://www.amazon.com/dp/B09F1D2GHW,B09F1D2GHW,"Emerald: Unicorn Notebook Personal Name Wide Lined Rule Paper | Notebook The Notebook For Writing Journal or Diary Women & Girls Gift for Birthday, For Student | 162 Pages Size 8.5x11inch",Percy Ramsey,Paperback,"Aug 31, 2021",
0,https://www.amazon.com/dp/B09F1D2GHS,B09F1D2GHS,"Elina: Unicorn Notebook Personal Name Wide Lined Rule Paper | Notebook The Notebook For Writing Journal or Diary Women & Girls Gift for Birthday, For Student | 162 Pages Size 8.5x11inch",Percy Ramsey,Paperback,"Aug 31, 2021",
0,https://www.amazon.com/dp/B09F1D21YK,B09F1D21YK,Sketchbook: Cat Nightmare Kitty Street 80S Terror Movie Claw On You Spooky Cat 8in x 11in Cute Cat Sketchbook,Emma Yingst,Paperback,"Aug 31, 2021",
0,https://www.amazon.com/dp/B09F1D21LV,B09F1D21LV,"Emerie: Unicorn Notebook Personal Name Wide Lined Rule Paper | Notebook The Notebook For Writing Journal or Diary Women & Girls Gift for Birthday, For Student | 162 Pages Size 8.5x11inch",Phyllis Wright,Paperback,"Aug 31, 2021",
0,https://www.amazon.com/dp/B09F1D21LT,B09F1D21LT,"Abby: Unicorn Notebook Personal Name Wide Lined Rule Paper | Notebook The Notebook For Writing Journal or Diary Women & Girls Gift for Birthday, For Student | 162 Pages Size 8.5x11inch",Phyllis Wright,Paperback,"Aug 31, 2021",
0,https://www.amazon.com/dp/B09F1CZQZQ,B09F1CZQZQ,"Harleigh: Unicorn Notebook Personal Name Wide Lined Rule Paper | Notebook The Notebook For Writing Journal or Diary Women & Girls - Gift For Birthday, For Student | 162 Pages Size 8.5x11inch",Cedric Wallace,Paperback,"Aug 31, 2021",
0,https://www.amazon.com/dp/B09F1CZQZG,B09F1CZQZG,"Waverly: Unicorn Notebook Personal Name Wide Lined Rule Paper | Notebook The Notebook For Writing Journal or Diary Women & Girls - Gift For Birthday, For Student | 162 Pages Size 8.5x11inch",Cedric Wallace,Paperback,"Aug 31, 2021",
0,https://www.amazon.com/dp/B09F1CZQZD,B09F1CZQZD,"Addyson: Unicorn Notebook Personal Name Wide Lined Rule Paper | Notebook The Notebook For Writing Journal or Diary Women & Girls - Gift For Birthday, For Student | 162 Pages Size 8.5x11inch",Cedric Wallace,Paperback,"Aug 31, 2021",
0,https://www.amazon.com/dp/B09F1CZQR8,B09F1CZQR8,"Blessing: Unicorn Notebook Personal Name Wide Lined Rule Paper | Notebook The Notebook For Writing Journal or Diary Women & Girls Gift for Birthday, For Student | 162 Pages Size 8.5x11inch",Johnathan Pratt,Paperback,"Aug 31, 2021",
0,https://www.amazon.com/dp/B09F1CV9GB,B09F1CV9GB,"Halloween Activity Book For Adults Age 97 Years Old: Happy Halloween Relaxation Activity Book for Coloring Pages, Mazes, Sudoku,Dot to Dot, Word ... hangman and More| Halloween Gift For Family",Imaan Yates,Paperback,"Aug 31, 2021",
0,https://www.amazon.com/dp/B09F1CV6HV,B09F1CV6HV,"Ellison: Unicorn Notebook Personal Name Wide Lined Rule Paper | Notebook The Notebook For Writing Journal or Diary Women & Girls - Gift For Birthday, For Student | 162 Pages Size 8.5x11inch",Cedric Wallace,Paperback,"Aug 31, 2021",
0,https://www.amazon.com/dp/B09F1BC2CZ,B09F1BC2CZ,"Margo: Unicorn Notebook Personal Name Wide Lined Rule Paper | Notebook The Notebook For Writing Journal or Diary Women & Girls - Gift For Birthday, For Student | 162 Pages Size 8.5x11inch",Cedric Wallace,Paperback,"Aug 31, 2021",
0,https://www.amazon.com/dp/B09F1B87LN,B09F1B87LN,"Halloween Activity Book For Adults Age 94 Years Old: Happy Halloween Relaxation Activity Book for Coloring Pages, Mazes, Sudoku,Dot to Dot, Word ... hangman and More| Halloween Gift For Family",Imaan Yates,Paperback,"Aug 31, 2021",
0,https://www.amazon.com/dp/B09F1B84J1,B09F1B84J1,"Hunter: Unicorn Notebook Personal Name Wide Lined Rule Paper | Notebook The Notebook For Writing Journal or Diary Women & Girls - Gift For Birthday, For Student | 162 Pages Size 8.5x11inch",Cedric Wallace,Paperback,"Aug 31, 2021",
0,https://www.amazon.com/dp/B09F1B848F,B09F1B848F,"Raquel: Unicorn Notebook Personal Name Wide Lined Rule Paper | Notebook The Notebook For Writing Journal or Diary Women & Girls Gift for Birthday, For Student | 162 Pages Size 8.5x11inch",Johnathan Pratt,Paperback,"Aug 31, 2021",
0,https://www.amazon.com/dp/B09F1B848C,B09F1B848C,"Novah: Unicorn Notebook Personal Name Wide Lined Rule Paper | Notebook The Notebook For Writing Journal or Diary Women & Girls Gift for Birthday, For Student | 162 Pages Size 8.5x11inch",Johnathan Pratt,Paperback,"Aug 31, 2021",
0,https://www.amazon.com/dp/B09F192Q7K,B09F192Q7K,"Womens Military Camouflage Camo Sugar SkullSugar Skull Wide Ruled Composition Notebook: Wide Blank Lined Workbook, Fun Gift for School or Work, Teachers & Students | Special Cover | 6x9 In 120 Pages",Mark Brec,Paperback,"Aug 31, 2021",
0,https://www.amazon.com/dp/B09F18WFXM,B09F18WFXM,"Belen: Unicorn Notebook Personal Name Wide Lined Rule Paper | Notebook The Notebook For Writing Journal or Diary Women & Girls - Gift For Birthday, For Student | 162 Pages Size 8.5x11inch",Cedric Wallace,Paperback,"Aug 31, 2021",
0,https://www.amazon.com/dp/B09F18WFXL,B09F18WFXL,"Sariah: Unicorn Notebook Personal Name Wide Lined Rule Paper | Notebook The Notebook For Writing Journal or Diary Women & Girls - Gift For Birthday, For Student | 162 Pages Size 8.5x11inch",Cedric Wallace,Paperback,"Aug 31, 2021",
0,https://www.amazon.com/dp/B09F16LZ28,B09F16LZ28,Sketchbook: Cat Savior 8in x 11in Cute Cat Sketchbook,Emma Yingst,Paperback,"Aug 31, 2021",
0,https://www.amazon.com/dp/B09F16LJ9F,B09F16LJ9F,"Siena: Unicorn Notebook Personal Name Wide Lined Rule Paper | Notebook The Notebook For Writing Journal or Diary Women & Girls Gift for Birthday, For Student | 162 Pages Size 8.5x11inch",Phyllis Wright,Paperback,"Aug 31, 2021",
0,https://www.amazon.com/dp/B09F16L2Y8,B09F16L2Y8,"Arden: Unicorn Notebook Personal Name Wide Lined Rule Paper | Notebook The Notebook For Writing Journal or Diary Women & Girls Gift for Birthday, For Student | 162 Pages Size 8.5x11inch",Percy Ramsey,Paperback,"Aug 31, 2021",
0,https://www.amazon.com/dp/B09F16L2Y2,B09F16L2Y2,"Salma: Unicorn Notebook Personal Name Wide Lined Rule Paper | Notebook The Notebook For Writing Journal or Diary Women & Girls Gift for Birthday, For Student | 162 Pages Size 8.5x11inch",Percy Ramsey,Paperback,"Aug 31, 2021",
0,https://www.amazon.com/dp/B09F14TCQ8,B09F14TCQ8,"Cassandra: Unicorn Notebook Personal Name Wide Lined Rule Paper | Notebook The Notebook For Writing Journal or Diary Women & Girls Gift for Birthday, For Student | 162 Pages Size 8.5x11inch",Phyllis Wright,Paperback,"Aug 31, 2021",
0,https://www.amazon.com/dp/B09F14TBGY,B09F14TBGY,"College Ruled Notebook: Lined Notebook: Supplies for Girls - Writing Notes, Drawing and Doodles (6x9 inches with 120 pages)",Luis Camacho,Paperback,"Aug 31, 2021",
0,https://www.amazon.com/dp/B09F14T8X2,B09F14T8X2,"Cleo: Unicorn Notebook Personal Name Wide Lined Rule Paper | Notebook The Notebook For Writing Journal or Diary Women & Girls Gift for Birthday, For Student | 162 Pages Size 8.5x11inch",Percy Ramsey,Paperback,"Aug 31, 2021",
0,https://www.amazon.com/dp/B09F14T8WY,B09F14T8WY,"Paityn: Unicorn Notebook Personal Name Wide Lined Rule Paper | Notebook The Notebook For Writing Journal or Diary Women & Girls Gift for Birthday, For Student | 162 Pages Size 8.5x11inch",Percy Ramsey,Paperback,"Aug 31, 2021",
0,https://www.amazon.com/dp/B09F14SSS9,B09F14SSS9,"Heavenly: Unicorn Notebook Personal Name Wide Lined Rule Paper | Notebook The Notebook For Writing Journal or Diary Women & Girls - Gift For Birthday, For Student | 162 Pages Size 8.5x11inch",Cedric Wallace,Paperback,"Aug 31, 2021",
0,https://www.amazon.com/dp/B09F14SSS8,B09F14SSS8,"Yaritza: Unicorn Notebook Personal Name Wide Lined Rule Paper | Notebook The Notebook For Writing Journal or Diary Women & Girls - Gift For Birthday, For Student | 162 Pages Size 8.5x11inch",Cedric Wallace,Paperback,"Aug 31, 2021",
0,https://www.amazon.com/dp/B09F14SSS7,B09F14SSS7,"Sky: Unicorn Notebook Personal Name Wide Lined Rule Paper | Notebook The Notebook For Writing Journal or Diary Women & Girls - Gift For Birthday, For Student | 162 Pages Size 8.5x11inch",Cedric Wallace,Paperback,"Aug 31, 2021",
0,https://www.amazon.com/dp/B09F14SSK1,B09F14SSK1,"Kai: Unicorn Notebook Personal Name Wide Lined Rule Paper | Notebook The Notebook For Writing Journal or Diary Women & Girls Gift for Birthday, For Student | 162 Pages Size 8.5x11inch",Johnathan Pratt,Paperback,"Aug 31, 2021",
0,https://www.amazon.com/dp/B09F14SSJY,B09F14SSJY,"Luella: Unicorn Notebook Personal Name Wide Lined Rule Paper | Notebook The Notebook For Writing Journal or Diary Women & Girls Gift for Birthday, For Student | 162 Pages Size 8.5x11inch",Johnathan Pratt,Paperback,"Aug 31, 2021",
0,https://www.amazon.com/dp/B09F14SSJR,B09F14SSJR,"Denver: Unicorn Notebook Personal Name Wide Lined Rule Paper | Notebook The Notebook For Writing Journal or Diary Women & Girls Gift for Birthday, For Student | 162 Pages Size 8.5x11inch",Johnathan Pratt,Paperback,"Aug 31, 2021",
0,https://www.amazon.com/dp/B09F14SSJQ,B09F14SSJQ,"Rosalyn: Unicorn Notebook Personal Name Wide Lined Rule Paper | Notebook The Notebook For Writing Journal or Diary Women & Girls Gift for Birthday, For Student | 162 Pages Size 8.5x11inch",Johnathan Pratt,Paperback,"Aug 31, 2021",
0,https://www.amazon.com/dp/B09F14SSJN,B09F14SSJN,"Margo: Unicorn Notebook Personal Name Wide Lined Rule Paper | Notebook The Notebook For Writing Journal or Diary Women & Girls Gift for Birthday, For Student | 162 Pages Size 8.5x11inch",Johnathan Pratt,Paperback,"Aug 31, 2021",
0,https://www.amazon.com/dp/B09DZVM8J4,B09DZVM8J4,"Tinley: Unicorn Notebook Personal Name Wide Lined Rule Paper | Notebook The Notebook For Writing Journal or Diary Women & Girls Gift for Birthday, For Student | 162 Pages Size 8.5x11inch",Percy Ramsey,Paperback,"Aug 31, 2021",
0,https://www.amazon.com/dp/B09DZVM86Z,B09DZVM86Z,Peruvian Hairless Dog: Together Learn About Peruvian Hairless Dog: Know All About The Rarest Dog Breed - Peruvian Hairless,Mr STINSON WILLIAM,Kindle,"Aug 31, 2021",
0,https://www.amazon.com/dp/B09FC9DD4Z,B09FC9DD4Z,"A girl And Her Bichon Frise Notebook: Blank Lined Journal for Bichon Frise, Dog Lovers, Dog Mom, Dog Dad and Pet Owners | 8.5x11 with College Ruled Pages",Bichon Frise Note,Paperback,"Aug 30, 2021",
2,https://www.amazon.com/dp/B09F1CGQ5J,B09F1CGQ5J,Start Growing Mushrooms: Grow And Make Mushrooms A Profitable Business: Tips For Growing Mushrooms,Lavada Beatrice,Paperback,"Aug 30, 2021",
0,https://www.amazon.com/dp/B09F1B5BTJ,B09F1B5BTJ,"Goat Milk Soaps: Handmade and Organic Goat Milk Soaps with Natural Spices, Essential Oils and Herbs (Natural Goat Milk Soaps)",Janela Maccsone,Kindle,"Aug 30, 2021",
1,https://www.amazon.com/dp/B09FC6G43G,B09FC6G43G,Cut Out And Collage: Holiday Art Book: Halloween: Craft paper and Ephemera for Scrapbooking and Journaling,Rose Benedict,Paperback,"Aug 30, 2021",
0,https://www.amazon.com/dp/B09FC9Y6LC,B09FC9Y6LC,Vineyard Wine Tasting Journal,Robin E Coe,Paperback,"Aug 30, 2021",
2,https://www.amazon.com/dp/B0F56566GM,B0F56566GM,Confrontation Skills,Rhonda Scharf,Paperback,"Aug 30, 2021",
0,https://www.amazon.com/dp/B09FS9ZKZ6,B09FS9ZKZ6,"MY NOTEBOOK: 100 ruled line notebook A4 size, fun cover, animated cover",Peaceful Pictures,Paperback,"Aug 30, 2021",
0,https://www.amazon.com/dp/B09FS889MG,B09FS889MG,"SKETCH BOOK: for drawing, sketching, doodling... 110 blank pages, 8.5x11 premium abstract cover",FAYCAL ELGLITI,Paperback,"Aug 30, 2021",
0,https://www.amazon.com/dp/B09FNQXBK6,B09FNQXBK6,UNIQUE COMPLEX DESIGNS MANDALA COLORING BOOK ESPECIALLY FOR WOMEN: 49 UNIQUE DESIGNS WITH UPLIFTING QUOTES,Ms Ruth Ann Nielsen,Paperback,"Aug 30, 2021",
0,https://www.amazon.com/dp/B09FCHR8Q3,B09FCHR8Q3,"Video Game Composition Notebook: Wide Ruled For Writing Notebook For Boys And Girls, 7.5 x 9.25 in, 110 Pages , perfect Gift For Adults, Kids, Students (Composition Notebook)",Kamal Composition,Paperback,"Aug 30, 2021",
0,https://www.amazon.com/dp/B09FCHR6NF,B09FCHR6NF,Notebook: Valentine Doing Valentine Things 8in x 11in Valentine Notebook A Perfect Gift For Lover,Anna,Paperback,"Aug 30, 2021",
0,https://www.amazon.com/dp/B09FCHR6N1,B09FCHR6N1,Notebook: Valentine Day Love Is Not Cancelled 2 8in x 11in Valentine Notebook A Perfect Gift For Lover,Anna,Paperback,"Aug 30, 2021",
0,https://www.amazon.com/dp/B09FCHR6HX,B09FCHR6HX,Notebook - Music Player - A beautiful and unique dot grid notebook/bullet journal. Travel Friendly. 200 pages. 90gsm paper.,Kem Cho Designs,Paperback,"Aug 30, 2021",
1,https://www.amazon.com/dp/B09FCHQWMM,B09FCHQWMM,"Weekly: A Blank Weekly Journal, Logbook, Notebook, Planner- Blue Bubbles",Grace Meadow Publishing,Paperback,"Aug 30, 2021",
0,https://www.amazon.com/dp/B09FCHQVVH,B09FCHQVVH,"Cat Monster Notebook: College Ruled 8.5x11 inch120 Pages, Notebook for journal - Notebook for women and Cat Lover Notebook.",Attapol JoJo,Paperback,"Aug 30, 2021",
0,https://www.amazon.com/dp/B09FCHQVQQ,B09FCHQVQQ,"A house is not a home without a hedgehog: Funny Quote Lined Notebook/Journal - 6""x9"" with 120 Pages",4-leaf Publisher,Paperback,"Aug 30, 2021",
0,https://www.amazon.com/dp/B09FCHQVMT,B09FCHQVMT,"Best Buddies Forever: A Journal For Friends , Planner , Diary ,To Write In , Taking Notes , A Friendship Gifts For Christmas , Birthday , Valentine , Graduate, Unique Cover Design.",Emily Winter,Paperback,"Aug 30, 2021",
0,https://www.amazon.com/dp/B09FCHQ9YB,B09FCHQ9YB,Notebook: Valentine Day I Wood Never Leaf You 8in x 11in Valentine Notebook A Perfect Gift For Lover,Anna,Paperback,"Aug 30, 2021",
0,https://www.amazon.com/dp/B09FCHNMF5,B09FCHNMF5,Sketchbook: Dog Trainer Dog Training 8'' x 11'' Dog Sketchbook Makes A Wonderful Gift For Loved Ones,Ryan charles,Paperback,"Aug 30, 2021",
0,https://www.amazon.com/dp/B09FCHNLYD,B09FCHNLYD,"I Love My Bichon Frise Notebook: Blank Lined Journal for Bichon Frise, Dog Lovers, Dog Mom, Dog Dad and Pet Owners | 8.5x11 with College Ruled Pages",Bichon Frise Note,Paperback,"Aug 30, 2021",
3,https://www.amazon.com/dp/B09FCHDRJR,B09FCHDRJR,"German Shepherds Calendar 2022: 16-Month Calendar, Cute Gift Idea For German Shepherd Lovers Men And Women",Frantic Garage Press,Paperback,"Aug 30, 2021",
0,https://www.amazon.com/dp/B09FCHDRB2,B09FCHDRB2,Notebook: Flower 7 Flower Notebook 8'' x 11'' Beautiful Gifts,Roneshua Baltimore,Paperback,"Aug 30, 2021",
0,https://www.amazon.com/dp/B09FCFP7PJ,B09FCFP7PJ,Notebook: Valentine Im Hanging On You Cute Lover 8in x 11in Valentine Notebook A Perfect Gift For Lover,Anna,Paperback,"Aug 30, 2021",
0,https://www.amazon.com/dp/B09FCFNY4D,B09FCFNY4D,Marbled Composition Notebook: Turquoise Marble Wide Ruled Paper Subject Book. Wide Ruled Lined Paper Notebook Journal... Home College Writing (School Essentials),Fun Book Designs,Paperback,"Aug 30, 2021",
0,https://www.amazon.com/dp/B09FCFNY3S,B09FCFNY3S,"Knitting Journal: Planning Notebook for Knitters, Record Book For Project Details & knitting project planner for beginner or expert",Pixel Press Publishing,Paperback,"Aug 30, 2021",
1,https://www.amazon.com/dp/B09FCFNY2N,B09FCFNY2N,"Journal: Cat and Plum Blossom: Japanese Cat Notebook, Blank Lined Journal for Writing, 120 Pages, 5.5 x 8.5, Soft Cover, Matte Finish",Beautiful Journals and Notebooks,Paperback,"Aug 30, 2021",
0,https://www.amazon.com/dp/B09FCFH9RK,B09FCFH9RK,notebook,bleusasku designs,Paperback,"Aug 30, 2021",
1,https://www.amazon.com/dp/B09FCFH8H8,B09FCFH8H8,Journal: Personal Journal : Distressed Colorful Skull notebook/journal to give a gift or to keep for you own personal use,Nicole Pinero,Hardcover,"Aug 30, 2021",
0,https://www.amazon.com/dp/B09FCCLTBK,B09FCCLTBK,Coloring Book Birds and Under the Sea Zentangles: Under the Sea and Birds Zentangles,CrazyHs Chaos,Paperback,"Aug 30, 2021",
0,https://www.amazon.com/dp/B09FCCLQGP,B09FCCLQGP,Notes: Lined notebook journal,SamSam Cafe,Paperback,"Aug 30, 2021",
0,https://www.amazon.com/dp/B09FCCLDQJ,B09FCCLDQJ,Nature Notebook 60 pages with lines,Kate Rakowski,Paperback,"Aug 30, 2021",
0,https://www.amazon.com/dp/B09FCCD9DX,B09FCCD9DX,Slanted Ruled Notebook: Ergonomically designed for right handers,Prettily Printed ZA,Paperback,"Aug 30, 2021",
0,https://www.amazon.com/dp/B09FCCD9BG,B09FCCD9BG,"Keep Calm, I Have a List for That: 6"" x 9"" Funny Journal Notebook, 108 College Ruled Lined Pages",Two Kiwis Press,Paperback,"Aug 30, 2021",
0,https://www.amazon.com/dp/B09FCCD7T5,B09FCCD7T5,Notebook - 3D Charcoal Hexagons - A beautiful and unique lined notebook/journal. Travel Friendly. 200 pages. 90gsm paper.,Kem Cho Designs,Paperback,"Aug 30, 2021",
0,https://www.amazon.com/dp/B09FCCD7T2,B09FCCD7T2,Notebook - Neon Hexagons 3D Effect- A beautiful and unique dot grid notebook/bullet journal. Travel Friendly. 200 pages. 90gsm paper.,Kem Cho Designs,Paperback,"Aug 30, 2021",
0,https://www.amazon.com/dp/B09FCB46XT,B09FCB46XT,"Stoner, Sugar Skulls coloring book: Art and Coloring for Adults",Mariston Hiltone,Paperback,"Aug 30, 2021",
0,https://www.amazon.com/dp/B09FCB46W6,B09FCB46W6,"Kittens and Puppies 2022 Calendar: From January 2022 to December 2022 - Square Mini Calendar 8.5x8.5"" - Small Gorgeous Non-Glossy Paper",Kayle Publishing,Paperback,"Aug 30, 2021",
2,https://www.amazon.com/dp/B09FCB23YB,B09FCB23YB,Black Book: Sketchbook framed pages notebook,ENUF ONE,Paperback,"Aug 30, 2021",
1,https://www.amazon.com/dp/B09FC9YPJQ,B09FC9YPJQ,"Huge Sketchbook for Kids: Children Sketch Book for Drawing Practice | Scribblings and Sketches | Sea Theme | Best Gifts for Girls Ages 4,5,6,7,8,9,10,11,12",Sirima Design,Paperback,"Aug 30, 2021",
0,https://www.amazon.com/dp/B09FC9YPH8,B09FC9YPH8,Notebook: Flower Crysanthium Swirl Flower Notebook 8'' x 11'' Beautiful Gifts,Roneshua Baltimore,Paperback,"Aug 30, 2021",
0,https://www.amazon.com/dp/B09FC9YN2W,B09FC9YN2W,Notebook: Valentine Day Heart With Molecule 8in x 11in Valentine Notebook A Perfect Gift For Lover,Anna,Paperback,"Aug 30, 2021",
0,https://www.amazon.com/dp/B09FC9Y6FV,B09FC9Y6FV,Weekly & Monthly Cleaning Checklist: 52 Weeks to Keep Your House Clean & Organized (6 x9 Inches 54 pages),Allison Segal,Paperback,"Aug 30, 2021",
0,https://www.amazon.com/dp/B09FC9HQ7X,B09FC9HQ7X,Notebook: Valentine I Love You Slow Much Cute Lover Lazy 2 8in x 11in Valentine Notebook A Perfect Gift For Lover,Anna,Paperback,"Aug 30, 2021",
0,https://www.amazon.com/dp/B09FC9DD4Q,B09FC9DD4Q,"I Am Your Bichon Frise Notebook: Blank Lined Journal for Bichon Frise, Dog Lovers, Dog Mom, Dog Dad and Pet Owners | 8.5x11 with College Ruled Pages",Bichon Frise Note,Paperback,"Aug 30, 2021",
0,https://www.amazon.com/dp/B09FC893X7,B09FC893X7,"Notes : All things that need to be written down, 8.5 x 11, 100 pages",FlipBooks 4 Fun,Paperback,"Aug 30, 2021",
0,https://www.amazon.com/dp/B09FC893CP,B09FC893CP,Cute minimal halloween composition notebook journal: one subject composition notebooks 8.5x11|kawaii pastel goth composition notebook,A + A,Paperback,"Aug 30, 2021",
0,https://www.amazon.com/dp/B09FC893BL,B09FC893BL,"Sketch Book: Amazing Sketch Book for Drawing, Writing, Painting, Sketching or Doodling | 8.5 x 11 inch -120 pages| Blank Paper",A. Alessandro Anington,Paperback,"Aug 30, 2021",
0,https://www.amazon.com/dp/B09FC8935J,B09FC8935J,Space Primary Composition Notebook: Draw and Write Journal for Kids with Spaceship and Planets | Back to School Notebook for Grade k-2 | Handwriting and Drawing Practice,Tita J.I,Paperback,"Aug 30, 2021",
1,https://www.amazon.com/dp/B09FC8934S,B09FC8934S,Happy Halloween Spooky Words Coloring Book: Adults Mandalas Halloweentown Book,Elizabeth Croft,Paperback,"Aug 30, 2021",
0,https://www.amazon.com/dp/B09FC87HVK,B09FC87HVK,Notebook: Valentine Day Pizza Is My Valentine 8in x 11in Valentine Notebook A Perfect Gift For Lover,Anna,Paperback,"Aug 30, 2021",
0,https://www.amazon.com/dp/B09FC87HTS,B09FC87HTS,Notebook: Valentine Day 3 8in x 11in Valentine Notebook A Perfect Gift For Lover,Anna,Paperback,"Aug 30, 2021",
0,https://www.amazon.com/dp/B09FC6G46Q,B09FC6G46Q,Notebook: Pirate Ship – Fancy lined notebook – 108 pages – 6x9 – Gift idea for pirate and treasure hunter – Beautiful photo,Double A,Hardcover,"Aug 30, 2021",
0,https://www.amazon.com/dp/B09FC6G427,B09FC6G427,Kitty Daily Adventure Tales Coloring Book: Kitty Lovers Ages 4-6,RFAEL ALD,Paperback,"Aug 30, 2021",
0,https://www.amazon.com/dp/B09FC6FFBJ,B09FC6FFBJ,Flower Pressing Journal: Floral and Bloom Keepsake for Creative Project,Cherish Moment Press,Paperback,"Aug 30, 2021",
0,https://www.amazon.com/dp/B09FC6C2Z5,B09FC6C2Z5,Home Is Where My Hound Is - RV Camping Logbook and Journal: Featuring 2 Sweet Greyhounds,Most Useful Information,Paperback,"Aug 30, 2021",
0,https://www.amazon.com/dp/B09FC6C2XR,B09FC6C2XR,Dekh Magar Piyaar Say - Notebook: Blank 6x9 Composition Notebook with 120 lined pages - Softcover Journal to write Notes - Pakistani Truck Art Colorful Design,Bite of Joy,Paperback,"Aug 30, 2021",
0,https://www.amazon.com/dp/B09FC6C284,B09FC6C284,"bird watching logbook: Beautiful Gifts for Birders, Adults and Kids (6 x 9 Inches 120 Pages)",Pagli Media,Paperback,"Aug 30, 2021",
0,https://www.amazon.com/dp/B09FC6C25D,B09FC6C25D,"Kittens and Puppies 2022 Calendar: From January 2022 to December 2022 - Square Mini Calendar 8.5x8.5"" - Small Gorgeous Non-Glossy Paper",Kayle Publishing,Paperback,"Aug 30, 2021",
0,https://www.amazon.com/dp/B09FC6C23Q,B09FC6C23Q,ISTJ Personality Type A4 Note Book: The Inspector,Andrew Harbourne,Paperback,"Aug 30, 2021",
0,https://www.amazon.com/dp/B09FC6C23H,B09FC6C23H,ISFP Personality Type A5 Note Book: The Artist,Andrew Harbourne,Paperback,"Aug 30, 2021",
0,https://www.amazon.com/dp/B09FC6C232,B09FC6C232,"Pineapple Composition Notebook: Geometric Tropical Exercise Book College Ruled, For Study, Taking Notes, Or Journaling For Home, School Or College.",Sketchbook Designs,Hardcover,"Aug 30, 2021",
0,https://www.amazon.com/dp/B09FC598GG,B09FC598GG,"Im Not A Bichon Frise Notebook: Blank Lined Journal for Bichon Frise, Dog Lovers, Dog Mom, Dog Dad and Pet Owners | 8.5x11 with College Ruled Pages",Bichon Frise Note,Paperback,"Aug 30, 2021",
0,https://www.amazon.com/dp/B09FC3RXXC,B09FC3RXXC,"Composition Notebook, Shabby Chic Pink Roses Notebook for Students, Vintage Design, College Rule Lined Notebook: Flower Lover Journal, Lined Bood for Rose Lovers",Margie Evans,Paperback,"Aug 30, 2021",
0,https://www.amazon.com/dp/B09FBZ3HTJ,B09FBZ3HTJ,Notebook - Origami - A beautiful and unique dot grid notebook/bullet journal. Travel Friendly. 200 pages. 90gsm paper.,Kem Cho Designs,Paperback,"Aug 30, 2021",
0,https://www.amazon.com/dp/B09FBYQ15B,B09FBYQ15B,Sketchbook: Dog Trainer Beer Behaviorist Dog Training 8'' x 11'' Dog Sketchbook Makes A Wonderful Gift For Loved Ones,Ryan charles,Paperback,"Aug 30, 2021",
0,https://www.amazon.com/dp/B09FBWP83D,B09FBWP83D,"Bichon Frise In Pocket Notebook: Blank Lined Journal for Bichon Frise, Dog Lovers, Dog Mom, Dog Dad and Pet Owners | 8.5x11 with College Ruled Pages",Bichon Frise Note,Paperback,"Aug 30, 2021",
0,https://www.amazon.com/dp/B09F8Y7MVJ,B09F8Y7MVJ,"Dog Coloring Book For Adults: Cute Dog Coloring Book, Adult Coloring Book",Md Nayem,Paperback,"Aug 30, 2021",
0,https://www.amazon.com/dp/B09F8STB24,B09F8STB24,"Halloween Activity Book For Youths: Happy Halloween Relaxation Activity Book for Coloring Pages, Mazes, Sudoku,Dot to Dot, Word Search, Matching Game, hangman and More",Hamza Glenn,Paperback,"Aug 30, 2021",
0,https://www.amazon.com/dp/B09F1N37BZ,B09F1N37BZ,"Theodora: Unicorn Notebook Personal Name Wide Lined Rule Paper | Notebook The Notebook For Writing Journal or Diary Women & Girls Gift for Birthday, For Student | 162 Pages Size 8.5x11inch",Percy Ramsey,Paperback,"Aug 30, 2021",
0,https://www.amazon.com/dp/B09F1N37BW,B09F1N37BW,"Simone: Unicorn Notebook Personal Name Wide Lined Rule Paper | Notebook The Notebook For Writing Journal or Diary Women & Girls Gift for Birthday, For Student | 162 Pages Size 8.5x11inch",Percy Ramsey,Paperback,"Aug 30, 2021",
0,https://www.amazon.com/dp/B09F1N37BV,B09F1N37BV,"Frida: Unicorn Notebook Personal Name Wide Lined Rule Paper | Notebook The Notebook For Writing Journal or Diary Women & Girls Gift for Birthday, For Student | 162 Pages Size 8.5x11inch",Percy Ramsey,Paperback,"Aug 30, 2021",
0,https://www.amazon.com/dp/B09F1KP9SS,B09F1KP9SS,"Halloween Activity Book For Adults Age 41 Years Old: Happy Halloween Relaxation Activity Book for Coloring Pages, Mazes, Sudoku,Dot to Dot, Word ... hangman and More| Halloween Gift For Family",Imaan Yates,Paperback,"Aug 30, 2021",
0,https://www.amazon.com/dp/B09F1KNLG7,B09F1KNLG7,"Halloween Activity Book For Adults Age 108 Years Old: Happy Halloween Relaxation Activity Book for Coloring Pages, Mazes, Sudoku,Dot to Dot, Word Search, Matching Game, hangman and More",Hamza Glenn,Paperback,"Aug 30, 2021",
0,https://www.amazon.com/dp/B09F1KNL1C,B09F1KNL1C,"Halloween Activity Book For Adults Age 71 Years Old: Happy Halloween Relaxation Activity Book for Coloring Pages, Mazes, Sudoku,Dot to Dot, Word Search, Matching Game, hangman and More",Hamza Glenn,Paperback,"Aug 30, 2021",
0,https://www.amazon.com/dp/B09F1KMT6M,B09F1KMT6M,"Sugar Skull Neon Wide Ruled Composition Notebook: Wide Blank Lined Workbook, Fun Gift for School or Work, Teachers & Students | Special Cover | 6x9 In 120 Pages",Mark Brec,Paperback,"Aug 30, 2021",
0,https://www.amazon.com/dp/B09F1KM5RQ,B09F1KM5RQ,"Oakleigh: Unicorn Notebook Personal Name Wide Lined Rule Paper | Notebook The Notebook For Writing Journal or Diary Women & Girls Gift for Birthday, For Student | 162 Pages Size 8.5x11inch",Percy Ramsey,Paperback,"Aug 30, 2021",
0,https://www.amazon.com/dp/B09F1KM5QR,B09F1KM5QR,"Princess: Unicorn Notebook Personal Name Wide Lined Rule Paper | Notebook The Notebook For Writing Journal or Diary Women & Girls Gift for Birthday, For Student | 162 Pages Size 8.5x11inch",Percy Ramsey,Paperback,"Aug 30, 2021",
0,https://www.amazon.com/dp/B09F1KM5QP,B09F1KM5QP,"Amaris: Unicorn Notebook Personal Name Wide Lined Rule Paper | Notebook The Notebook For Writing Journal or Diary Women & Girls Gift for Birthday, For Student | 162 Pages Size 8.5x11inch",Percy Ramsey,Paperback,"Aug 30, 2021",
0,https://www.amazon.com/dp/B09F1KM4M8,B09F1KM4M8,Complete Guide To Hydroponic Growing: Guide For Beginners To Start Growing Organic Food: Key Nutrients For Plants Growing In Hydroponic Gardening,Tabatha Vetterkind,Paperback,"Aug 30, 2021",
0,https://www.amazon.com/dp/B09F1J2QNN,B09F1J2QNN,Sketch Book for Drawings: Sketch Book with Blank Pages / 8.5x11 inches / 110 pages | Notebook for Drawing and Sketchings,Anfisa Dobryak Publishing,Paperback,"Aug 30, 2021",
0,https://www.amazon.com/dp/B09F1HYRNP,B09F1HYRNP,"Barbara: Unicorn Notebook Personal Name Wide Lined Rule Paper | Notebook The Notebook For Writing Journal or Diary Women & Girls Gift for Birthday, For Student | 162 Pages Size 8.5x11inch",Bobby Simpson,Paperback,"Aug 30, 2021",
0,https://www.amazon.com/dp/B09F1G42B2,B09F1G42B2,Undated Daily Planner: 8.5x11 One Page Per Day Diary / 365 Logs / 6AM to 7PM Hourly Schedule / Herbal Tea Cup Floral Art Photo on White / To Do List ... / Time Management Gift For Organized People,BND Three Six Five UND Publishing,Hardcover,"Aug 30, 2021",
0,https://www.amazon.com/dp/B09F1G4225,B09F1G4225,"Coloring Book: Bloom Adult Coloring Book beautiful Flower Garden, en espanol floral. For Meditation and Relaxing, Flowers Coloring Book.",Bernd M. Schuenke,Paperback,"Aug 30, 2021",
0,https://www.amazon.com/dp/B09F1G3YW5,B09F1G3YW5,"Marie: Unicorn Notebook Personal Name Wide Lined Rule Paper | Notebook The Notebook For Writing Journal or Diary Women & Girls - Gift For Birthday, For Student | 162 Pages Size 8.5x11inch",Cedric Wallace,Paperback,"Aug 30, 2021",
0,https://www.amazon.com/dp/B09F1G3YLX,B09F1G3YLX,"Ellis: Unicorn Notebook Personal Name Wide Lined Rule Paper | Notebook The Notebook For Writing Journal or Diary Women & Girls Gift for Birthday, For Student | 162 Pages Size 8.5x11inch",Johnathan Pratt,Paperback,"Aug 30, 2021",
0,https://www.amazon.com/dp/B09F1G3XY7,B09F1G3XY7,"Kailey: Unicorn Notebook Personal Name Wide Lined Rule Paper | Notebook The Notebook For Writing Journal or Diary Women & Girls Gift for Birthday, For Student | 162 Pages Size 8.5x11inch",Percy Ramsey,Paperback,"Aug 30, 2021",
0,https://www.amazon.com/dp/B09F1G1JXD,B09F1G1JXD,"Halloween Activity Book For Adults Age 48 Years Old: Happy Halloween Relaxation Activity Book for Coloring Pages, Mazes, Sudoku,Dot to Dot, Word ... hangman and More| Halloween Gift For Family",Imaan Yates,Paperback,"Aug 30, 2021",
0,https://www.amazon.com/dp/B09F1G1JTT,B09F1G1JTT,kawaii Girls Coloring Book: Cute Kawai girls Characters Coloring Page For Kids And Adults,RR Publications,Paperback,"Aug 30, 2021",
0,https://www.amazon.com/dp/B09F1G1JJ9,B09F1G1JJ9,"Mermaid Coloring Book for Kid Ages 4-8: Mermaid Coloring book for kids, Fantasy Scenes for Relaxation",Amber J. Salter,Paperback,"Aug 30, 2021",
0,https://www.amazon.com/dp/B09F1G1H6D,B09F1G1H6D,"Halloween Activity Book For Adults Age 102 Years Old: Happy Halloween Relaxation Activity Book for Coloring Pages, Mazes, Sudoku,Dot to Dot, Word Search, Matching Game, hangman and More",Hamza Glenn,Paperback,"Aug 30, 2021",
0,https://www.amazon.com/dp/B09F1FY642,B09F1FY642,"Halloween Activity Book For Teens Age 13 Years Old: Happy Halloween Relaxation Activity Book for Coloring Pages, Mazes, Sudoku,Dot to Dot, Word Search, Matching Game, hangman and More",Hamza Glenn,Paperback,"Aug 30, 2021",
0,https://www.amazon.com/dp/B09F1FY4ZV,B09F1FY4ZV,"Sugar skull Wide Ruled Composition Notebook: Wide Blank Lined Workbook, Fun Gift for School or Work, Teachers & Students | Special Cover | 6x9 In 120 Pages",Mark Brec,Paperback,"Aug 30, 2021",
0,https://www.amazon.com/dp/B09F1FY4ZQ,B09F1FY4ZQ,"Sunflower Sugar Skull Hippie Wide Ruled Composition Notebook: Wide Blank Lined Workbook, Fun Gift for School or Work, Teachers & Students | Special Cover | 6x9 In 120 Pages",Mark Brec,Paperback,"Aug 30, 2021",
0,https://www.amazon.com/dp/B09F1FY4ZB,B09F1FY4ZB,"Sugar skull heart Wide Ruled Composition Notebook: Wide Blank Lined Workbook, Fun Gift for School or Work, Teachers & Students | Special Cover | 6x9 In 120 Pages",Mark Brec,Paperback,"Aug 30, 2021",
0,https://www.amazon.com/dp/B09F1FY4Z8,B09F1FY4Z8,"Day of the Dead Sugar Skull 2021 Halloween Wide Ruled Composition Notebook: Wide Blank Lined Workbook, Fun Gift for School or Work, Teachers & Students | Special Cover | 6x9 In 120 Pages",Mark Brec,Paperback,"Aug 30, 2021",
0,https://www.amazon.com/dp/B09F1FY4QM,B09F1FY4QM,"Kailey: Unicorn Notebook Personal Name Wide Lined Rule Paper | Notebook The Notebook For Writing Journal or Diary Women & Girls - Gift For Birthday, For Student | 162 Pages Size 8.5x11inch",Cedric Wallace,Paperback,"Aug 30, 2021",
0,https://www.amazon.com/dp/B09F1FY4QK,B09F1FY4QK,"Elyse: Unicorn Notebook Personal Name Wide Lined Rule Paper | Notebook The Notebook For Writing Journal or Diary Women & Girls - Gift For Birthday, For Student | 162 Pages Size 8.5x11inch",Cedric Wallace,Paperback,"Aug 30, 2021",
0,https://www.amazon.com/dp/B09F1FY4HM,B09F1FY4HM,"Emmeline: Unicorn Notebook Personal Name Wide Lined Rule Paper | Notebook The Notebook For Writing Journal or Diary Women & Girls Gift for Birthday, For Student | 162 Pages Size 8.5x11inch",Johnathan Pratt,Paperback,"Aug 30, 2021",
0,https://www.amazon.com/dp/B09F1FY4HL,B09F1FY4HL,"Lennox: Unicorn Notebook Personal Name Wide Lined Rule Paper | Notebook The Notebook For Writing Journal or Diary Women & Girls Gift for Birthday, For Student | 162 Pages Size 8.5x11inch",Johnathan Pratt,Paperback,"Aug 30, 2021",
0,https://www.amazon.com/dp/B09F1FWPV5,B09F1FWPV5,"Ari: Unicorn Notebook Personal Name Wide Lined Rule Paper | Notebook The Notebook For Writing Journal or Diary Women & Girls - Gift For Birthday, For Student | 162 Pages Size 8.5x11inch",Cedric Wallace,Paperback,"Aug 30, 2021",
0,https://www.amazon.com/dp/B09F1FWP12,B09F1FWP12,"Estrella: Unicorn Notebook Personal Name Wide Lined Rule Paper | Notebook The Notebook For Writing Journal or Diary Women & Girls Gift for Birthday, For Student | 162 Pages Size 8.5x11inch",Percy Ramsey,Paperback,"Aug 30, 2021",
0,https://www.amazon.com/dp/B09F1FRQVW,B09F1FRQVW,50 halloween coloring pages: halloween coloring book for adults with 50+ scary and fun halloween coloring pages for stress relief and relaxation (halloween coloring books),MAZZAR Edetion,Paperback,"Aug 30, 2021",
0,https://www.amazon.com/dp/B09F1FRQNK,B09F1FRQNK,"Halloween Activity Book For Adults Age 39 Years Old: Happy Halloween Relaxation Activity Book for Coloring Pages, Mazes, Sudoku,Dot to Dot, Word ... hangman and More| Halloween Gift For Family",Imaan Yates,Paperback,"Aug 30, 2021",
0,https://www.amazon.com/dp/B09F1FRN13,B09F1FRN13,"Alena: Unicorn Notebook Personal Name Wide Lined Rule Paper | Notebook The Notebook For Writing Journal or Diary Women & Girls - Gift For Birthday, For Student | 162 Pages Size 8.5x11inch",Cedric Wallace,Paperback,"Aug 30, 2021",
0,https://www.amazon.com/dp/B09F1FJCND,B09F1FJCND,"Halo: Unicorn Notebook Personal Name Wide Lined Rule Paper | Notebook The Notebook For Writing Journal or Diary Women & Girls Gift for Birthday, For Student | 162 Pages Size 8.5x11inch",Bobby Simpson,Paperback,"Aug 30, 2021",
1,https://www.amazon.com/dp/B09F1F9T56,B09F1F9T56,The Peppers Growing Handbook: Guide To Building Hydroponics Peppers Garden: How To Create A Peppers Hydroponic Garden,Tempie Tavolacci,Paperback,"Aug 30, 2021",
0,https://www.amazon.com/dp/B09F1D2GJR,B09F1D2GJR,"Giovanna: Unicorn Notebook Personal Name Wide Lined Rule Paper | Notebook The Notebook For Writing Journal or Diary Women & Girls Gift for Birthday, For Student | 162 Pages Size 8.5x11inch",Percy Ramsey,Paperback,"Aug 30, 2021",
0,https://www.amazon.com/dp/B09F1D2GJN,B09F1D2GJN,"Marissa: Unicorn Notebook Personal Name Wide Lined Rule Paper | Notebook The Notebook For Writing Journal or Diary Women & Girls Gift for Birthday, For Student | 162 Pages Size 8.5x11inch",Percy Ramsey,Paperback,"Aug 30, 2021",
0,https://www.amazon.com/dp/B09F1D2GJ6,B09F1D2GJ6,"Jaylee: Unicorn Notebook Personal Name Wide Lined Rule Paper | Notebook The Notebook For Writing Journal or Diary Women & Girls Gift for Birthday, For Student | 162 Pages Size 8.5x11inch",Percy Ramsey,Paperback,"Aug 30, 2021",
0,https://www.amazon.com/dp/B09F1D21HP,B09F1D21HP,"Halloween Activity Book For Teens Age 19 Years Old: Happy Halloween Relaxation Activity Book for Coloring Pages, Mazes, Sudoku,Dot to Dot, Word Search, Matching Game, hangman and More",Hamza Glenn,Paperback,"Aug 30, 2021",
0,https://www.amazon.com/dp/B09F1CZRVD,B09F1CZRVD,"Halloween Coloring Book For Adults Age 98 Years Old: 50+ spooky coloring pages filled with monsters, witches, pumpkin, haunted house and more for hours of fun and relaxation | Ultimate halloween gift",Jadine Lowry,Paperback,"Aug 30, 2021",
0,https://www.amazon.com/dp/B09F1CZQQC,B09F1CZQQC,"Angie: Unicorn Notebook Personal Name Wide Lined Rule Paper | Notebook The Notebook For Writing Journal or Diary Women & Girls Gift for Birthday, For Student | 162 Pages Size 8.5x11inch",Johnathan Pratt,Paperback,"Aug 30, 2021",
0,https://www.amazon.com/dp/B09F1CZQ4Z,B09F1CZQ4Z,"Raquel: Unicorn Notebook Personal Name Wide Lined Rule Paper | Notebook The Notebook For Writing Journal or Diary Women & Girls Gift for Birthday, For Student | 162 Pages Size 8.5x11inch",Percy Ramsey,Paperback,"Aug 30, 2021",
0,https://www.amazon.com/dp/B09F1CVYPT,B09F1CVYPT,"Noemi: Unicorn Notebook Personal Name Wide Lined Rule Paper | Notebook The Notebook For Writing Journal or Diary Women & Girls Gift for Birthday, For Student | 162 Pages Size 8.5x11inch",Percy Ramsey,Paperback,"Aug 30, 2021",
0,https://www.amazon.com/dp/B09F1CTFJG,B09F1CTFJG,"Adalee: Unicorn Notebook Personal Name Wide Lined Rule Paper | Notebook The Notebook For Writing Journal or Diary Women & Girls Gift for Birthday, For Student | 162 Pages Size 8.5x11inch",Bobby Simpson,Paperback,"Aug 30, 2021",
0,https://www.amazon.com/dp/B09F1CTCRN,B09F1CTCRN,"Magdalena: Unicorn Notebook Personal Name Wide Lined Rule Paper | Notebook The Notebook For Writing Journal or Diary Women & Girls Gift for Birthday, For Student | 162 Pages Size 8.5x11inch",Bobby Simpson,Paperback,"Aug 30, 2021",
0,https://www.amazon.com/dp/B09F1BC2CS,B09F1BC2CS,"Emerie: Unicorn Notebook Personal Name Wide Lined Rule Paper | Notebook The Notebook For Writing Journal or Diary Women & Girls - Gift For Birthday, For Student | 162 Pages Size 8.5x11inch",Cedric Wallace,Paperback,"Aug 30, 2021",
0,https://www.amazon.com/dp/B09F1BC2CP,B09F1BC2CP,"Lillie: Unicorn Notebook Personal Name Wide Lined Rule Paper | Notebook The Notebook For Writing Journal or Diary Women & Girls - Gift For Birthday, For Student | 162 Pages Size 8.5x11inch",Cedric Wallace,Paperback,"Aug 30, 2021",
0,https://www.amazon.com/dp/B09F1BC23Z,B09F1BC23Z,"Marianna: Unicorn Notebook Personal Name Wide Lined Rule Paper | Notebook The Notebook For Writing Journal or Diary Women & Girls Gift for Birthday, For Student | 162 Pages Size 8.5x11inch",Johnathan Pratt,Paperback,"Aug 30, 2021",
0,https://www.amazon.com/dp/B09F1B87VQ,B09F1B87VQ,Sketch Book: Sketch Book with Blank Pages / 8.5x11 inches / 130 pages | Notebook for Drawing and Sketchings,Anfisa Dobryak Publishing,Paperback,"Aug 30, 2021",
0,https://www.amazon.com/dp/B09F1B85MS,B09F1B85MS,"Halloween Activity Book For Adults Age 107 Years Old: Happy Halloween Relaxation Activity Book for Coloring Pages, Mazes, Sudoku,Dot to Dot, Word Search, Matching Game, hangman and More",Hamza Glenn,Paperback,"Aug 30, 2021",
0,https://www.amazon.com/dp/B09F1B85LT,B09F1B85LT,"Halloween Coloring Book For Adults Age 109 Years Old: 50+ spooky coloring pages filled with monsters, witches, pumpkin, haunted house and more for hours of fun and relaxation | Ultimate halloween gift",Jadine Lowry,Paperback,"Aug 30, 2021",
0,https://www.amazon.com/dp/B09F1B84HV,B09F1B84HV,"Amaia: Unicorn Notebook Personal Name Wide Lined Rule Paper | Notebook The Notebook For Writing Journal or Diary Women & Girls - Gift For Birthday, For Student | 162 Pages Size 8.5x11inch",Cedric Wallace,Paperback,"Aug 30, 2021",
0,https://www.amazon.com/dp/B09F1B5BQ6,B09F1B5BQ6,"Harleigh: Unicorn Notebook Personal Name Wide Lined Rule Paper | Notebook The Notebook For Writing Journal or Diary Women & Girls Gift for Birthday, For Student | 162 Pages Size 8.5x11inch",Bobby Simpson,Paperback,"Aug 30, 2021",
0,https://www.amazon.com/dp/B09F1B5BPY,B09F1B5BPY,"Zendaya: Unicorn Notebook Personal Name Wide Lined Rule Paper | Notebook The Notebook For Writing Journal or Diary Women & Girls Gift for Birthday, For Student | 162 Pages Size 8.5x11inch",Bobby Simpson,Paperback,"Aug 30, 2021",
0,https://www.amazon.com/dp/B09F192SRT,B09F192SRT,"Halloween Activity Book For Adults Age 43 Years Old: Happy Halloween Relaxation Activity Book for Coloring Pages, Mazes, Sudoku,Dot to Dot, Word ... hangman and More| Halloween Gift For Family",Imaan Yates,Paperback,"Aug 30, 2021",
0,https://www.amazon.com/dp/B09F192SL6,B09F192SL6,"Mermaid Coloring Book for Kid Ages 4-8: Mermaid Coloring pages and for kids aged 4 and 8, Kids to learn coloring",Giny J. Jenkin,Paperback,"Aug 30, 2021",
0,https://www.amazon.com/dp/B09F192QQF,B09F192QQF,"Halloween Coloring Book For Adults Age 78 Years Old: 50+ spooky coloring pages filled with monsters, witches, pumpkin, haunted house and more for hours of fun and relaxation | Ultimate halloween gift",Jadine Lowry,Paperback,"Aug 30, 2021",
0,https://www.amazon.com/dp/B09F192NYB,B09F192NYB,"Holland: Unicorn Notebook Personal Name Wide Lined Rule Paper | Notebook The Notebook For Writing Journal or Diary Women & Girls Gift for Birthday, For Student | 162 Pages Size 8.5x11inch",Percy Ramsey,Paperback,"Aug 30, 2021",
0,https://www.amazon.com/dp/B09F18WVF4,B09F18WVF4,"Halloween Activity Book For Adults Age 35 Years Old: Happy Halloween Relaxation Activity Book for Coloring Pages, Mazes, Sudoku,Dot to Dot, Word ... hangman and More| Halloween Gift For Family",Imaan Yates,Paperback,"Aug 30, 2021",
0,https://www.amazon.com/dp/B09F18WGRH,B09F18WGRH,"Halloween Activity Book For Adults Age 91 Years Old: Happy Halloween Relaxation Activity Book for Coloring Pages, Mazes, Sudoku,Dot to Dot, Word Search, Matching Game, hangman and More",Hamza Glenn,Paperback,"Aug 30, 2021",
0,https://www.amazon.com/dp/B09DN32SXM,B09DN32SXM,"Sarai: Unicorn Notebook Personal Name Wide Lined Rule Paper | Notebook The Notebook For Writing Journal or Diary Women & Girls Gift for Birthday, For Student | 162 Pages Size 8.5x11inch",Phyllis Wright,Paperback,"Aug 30, 2021",
0,https://www.amazon.com/dp/B09DN32SPL,B09DN32SPL,"Paisleigh: Unicorn Notebook Personal Name Wide Lined Rule Paper | Notebook The Notebook For Writing Journal or Diary Women & Girls Gift for Birthday, For Student | 162 Pages Size 8.5x11inch",Joanne Morales,Paperback,"Aug 30, 2021",
0,https://www.amazon.com/dp/B09DN16VQL,B09DN16VQL,"Meadow: Unicorn Notebook Personal Name Wide Lined Rule Paper | Notebook The Notebook For Writing Journal or Diary Women & Girls Gift for Birthday, For Student | 162 Pages Size 8.5x11inch",Phyllis Wright,Paperback,"Aug 30, 2021",
0,https://www.amazon.com/dp/B09DMTZM77,B09DMTZM77,"Amaris: Unicorn Notebook Personal Name Wide Lined Rule Paper | Notebook The Notebook For Writing Journal or Diary Women & Girls Gift for Birthday, For Student | 162 Pages Size 8.5x11inch",Joanne Morales,Paperback,"Aug 30, 2021",
0,https://www.amazon.com/dp/B09DMP8C39,B09DMP8C39,"Alicia: Unicorn Notebook Personal Name Wide Lined Rule Paper | Notebook The Notebook For Writing Journal or Diary Women & Girls Gift for Birthday, For Student | 162 Pages Size 8.5x11inch",Phyllis Wright,Paperback,"Aug 30, 2021",
0,https://www.amazon.com/dp/B09DMP81J9,B09DMP81J9,"Colette: Unicorn Notebook Personal Name Wide Lined Rule Paper | Notebook The Notebook For Writing Journal or Diary Women & Girls Gift for Birthday, For Student | 162 Pages Size 8.5x11inch",Phyllis Wright,Paperback,"Aug 30, 2021",
0,https://www.amazon.com/dp/B09DMP817W,B09DMP817W,"Dani: Unicorn Notebook Personal Name Wide Lined Rule Paper | Notebook The Notebook For Writing Journal or Diary Women & Girls Gift for Birthday, For Student | 162 Pages Size 8.5x11inch",Joanne Morales,Paperback,"Aug 30, 2021",
1,https://www.amazon.com/dp/B09F1FY471,B09F1FY471,Bitch Come On: Adult Affirmation Coloring Book,Solae Dehvine,Paperback,"Aug 29, 2021",
1,https://www.amazon.com/dp/B09F1CZRW8,B09F1CZRW8,FANCY MANDOLAS FOR COLORING: STRESS RELIEVING CALMING AND RELAXING COLORING BOOK,Ms Ruth Ann Nielsen,Paperback,"Aug 29, 2021",
5,https://www.amazon.com/dp/B09F1CZRKL,B09F1CZRKL,Designing on the Grid: Alphanumeric Patterns for Mosaic Scrapbooking,Heidi G. Heck,Paperback,"Aug 29, 2021",
0,https://www.amazon.com/dp/B09DN35JJL,B09DN35JJL,"The Complete Guide for Barbet: The essential guide to being a perfect owner and having an obedient, healthy, and happy Barbet",Silas Mitchell,Paperback,"Aug 29, 2021",
0,https://www.amazon.com/dp/B09FCHDQGB,B09FCHDQGB,Calligraphy Lettering Workbook: Calligraphy Guide Paper Practice for Beginners and Lettering Artists: 100 Worksheet Pages,Red Tree Pubishing,Paperback,"Aug 29, 2021",
0,https://www.amazon.com/dp/B09F1J2QF8,B09F1J2QF8,"What Doesn't Kill You Makes You Stronger Except Sharks. Sharks Will Kill You | Shark Lovers Journal Notebook: Lined To Do List Notebook | Journal Gift, 120 pages, 6 x 9 Inches",Shark Lovers NoteBooks,Paperback,"Aug 29, 2021",
0,https://www.amazon.com/dp/B09GZFCD2K,B09GZFCD2K,SKETCHBOOK FOR DOG LOVERS: SKETCHBOOK FOR DOG LOVERS,HANDMADE EDITION,Paperback,"Aug 29, 2021",
0,https://www.amazon.com/dp/B09DZVM8GK,B09DZVM8GK,"Frankie: Unicorn Notebook Personal Name Wide Lined Rule Paper | Notebook The Notebook For Writing Journal or Diary Women & Girls Gift for Birthday, For Student | 162 Pages Size 8.5x11inch",Percy Ramsey,Paperback,"Aug 30, 2021",
0,https://www.amazon.com/dp/B09DZVM8GJ,B09DZVM8GJ,"Linda: Unicorn Notebook Personal Name Wide Lined Rule Paper | Notebook The Notebook For Writing Journal or Diary Women & Girls Gift for Birthday, For Student | 162 Pages Size 8.5x11inch",Percy Ramsey,Paperback,"Aug 30, 2021",
0,https://www.amazon.com/dp/B09DZVM8GH,B09DZVM8GH,"Angie: Unicorn Notebook Personal Name Wide Lined Rule Paper | Notebook The Notebook For Writing Journal or Diary Women & Girls Gift for Birthday, For Student | 162 Pages Size 8.5x11inch",Percy Ramsey,Paperback,"Aug 30, 2021",
0,https://www.amazon.com/dp/B09DVWMMW7,B09DVWMMW7,"Annika: Unicorn Notebook Personal Name Wide Lined Rule Paper | Notebook The Notebook For Writing Journal or Diary Women & Girls Gift for Birthday, For Student | 162 Pages Size 8.5x11inch",Joanne Morales,Paperback,"Aug 30, 2021",
0,https://www.amazon.com/dp/B09DN35JN1,B09DN35JN1,"Elora: Unicorn Notebook Personal Name Wide Lined Rule Paper | Notebook The Notebook For Writing Journal or Diary Women & Girls Gift for Birthday, For Student | 162 Pages Size 8.5x11inch",Joanne Morales,Paperback,"Aug 30, 2021",
0,https://www.amazon.com/dp/B09FSCFZM2,B09FSCFZM2,"COMPOSTION NOTEBOOK-ADORABLE GOLDEN RETRIEVER PUPPIES! WHO DOESN'T LOVE PUPPIES? SYTLISH, COLORFUL 7.5X9.25 100 PAGE COMPOSITION NOTEBOOK.",Laurie K Merrick,Paperback,"Aug 29, 2021",
0,https://www.amazon.com/dp/B09FS2VGMB,B09FS2VGMB,"SKETCHBOOK: sketchbook for Drawing, Writing, Painting, Sketching and Doodling, 110 blank Pages, large size 8.5x11",FAYCAL ELGLITI,Paperback,"Aug 29, 2021",
0,https://www.amazon.com/dp/B09FFLQL19,B09FFLQL19,My Journal: Cute Green Aesthetic Dotted Grid Journal 6x9 inches: Aesthetic Dotted Journal/ Dotted Diary,Paperl Store,Paperback,"Aug 29, 2021",
0,https://www.amazon.com/dp/B09FCKC2TM,B09FCKC2TM,Cute Halloween Scrapbook Paper: 12 Different Cute Double Sided Halloween Scrapbook Paper Designs,Jelly Journals,Paperback,"Aug 29, 2021",
0,https://www.amazon.com/dp/B09FCKC2MX,B09FCKC2MX,Gardener Journal Planner and Logbook: Complete Undated Gardening Organizer and Record Book for All Types of Garden Plants. Keep Track and Monitor Your Crop Performance to Increase Productivity.,Ryan Ramiro Bradshaw,Paperback,"Aug 29, 2021",
0,https://www.amazon.com/dp/B09FCHR6Z8,B09FCHR6Z8,"Video Game Composition Notebook: Wide Ruled Composition Notebook Journal, For kids, teens, and adults, gamer,7.5 x 9.25,110 Pages and gamers with a Game Theme",Mç_Ya,Paperback,"Aug 29, 2021",
0,https://www.amazon.com/dp/B09FCHPJYP,B09FCHPJYP,Easy Coloring Book Adults Inspirational Quotes: Coloring Pages with Positive and Good Emotions Inspirational Quotes.,narim jojo,Paperback,"Aug 29, 2021",
0,https://www.amazon.com/dp/B09FCHPJYM,B09FCHPJYM,Star Notebook: Gold Star Notebook Blank Lined Journal,Fun Star Designs,Paperback,"Aug 29, 2021",
0,https://www.amazon.com/dp/B09FCHPJKK,B09FCHPJKK,ESFP Personality Type A5 Note Book: The Performer,Andrew Harbourne,Paperback,"Aug 29, 2021",
0,https://www.amazon.com/dp/B09FCHPJ9G,B09FCHPJ9G,Notebook: Vintage Flower Spray,The  Ardent Raconteur,Paperback,"Aug 29, 2021",
0,https://www.amazon.com/dp/B09FCHNM6P,B09FCHNM6P,"Sketchbook: 8.5 x 11 Large Blank Pages with White Paper |Notebook for Drawing, Writing, Painting, Sketching or Doodling, 120 Pages |A perfect gift for adults, kids, artists, students!",Rodge H.Lion,Paperback,"Aug 29, 2021",
0,https://www.amazon.com/dp/B09FCHNM3Y,B09FCHNM3Y,Notebook: Wedding Photographer Camera Ninja Job 8in x 11in Happy Wedding Notebook Beautiful Gift,Veronika Rymar,Paperback,"Aug 29, 2021",
0,https://www.amazon.com/dp/B09FCHDR3V,B09FCHDR3V,"Composition Notebook: Beautiful Blue Vintage Flower Illustration. | Study Notes.: College Ruled, 120 Pages, 8.5"" x 11""",Flower Patterns Collection,Paperback,"Aug 29, 2021",
0,https://www.amazon.com/dp/B09FCHDR1N,B09FCHDR1N,"Halloween Composition Notebook: Wide Ruled 7.5 x 9.25 in 100 Pages Use for School, Work, Ideas, Writing, Goth Witchy Scary Design, Vintage Bat Design, Great Gift",dx Halloween,Paperback,"Aug 29, 2021",
0,https://www.amazon.com/dp/B09FCHDQZV,B09FCHDQZV,"77 Halloween Pumpkin Carving Patterns: Funny And Spooky Faces, For All Ages and Skills, For Kids And Adults, Pumpkin Carving Stencils, Easy to Difficult Halloween Crafts, Unique Fun Designs",Tony,Paperback,"Aug 29, 2021",
0,https://www.amazon.com/dp/B09FCHDQY5,B09FCHDQY5,24H Half Hour Schedule: Undated Daily Planner 8x10 inches 144 pages,Sugarx Studio,Paperback,"Aug 29, 2021",
0,https://www.amazon.com/dp/B09FCFWLQW,B09FCFWLQW,"Inspirational Journal - Notebook to Write In: You were given this life because you are strong enough to live it - a beautiful peaceful notebook cover with 120 blank, lined pages.",Neo Bookshop,Paperback,"Aug 29, 2021",
0,https://www.amazon.com/dp/B09FCFWLJX,B09FCFWLJX,Puppy Composition Notebook. Dog Lover Composition notebook: 120-page (6” x 9”) Wide Ruled Composition Notebook Puppy Cover. Dog Composition Notebook. Pet Composition Notebook,Kevin Ortiz,Paperback,"Aug 29, 2021",
0,https://www.amazon.com/dp/B09FCFP7ZH,B09FCFP7ZH,Puppy Composition Notebook. Dog Lover Composition notebook: 120-page (6” x 9”) Wide Ruled Composition Notebook Puppy Cover. Dog Composition Notebook. Pet Composition Notebook,Kevin Ortiz,Paperback,"Aug 29, 2021",
0,https://www.amazon.com/dp/B09FCFLTCL,B09FCFLTCL,Notebook: Womens Bride To Be Womens Engaged Wedding 8in x 11in Happy Wedding Notebook Beautiful Gift,Veronika Rymar,Paperback,"Aug 29, 2021",
0,https://www.amazon.com/dp/B09FCFLTBY,B09FCFLTBY,Notebook: Wedding Love Alwys Wins 8in x 11in Happy Wedding Notebook Beautiful Gift,Veronika Rymar,Paperback,"Aug 29, 2021",
0,https://www.amazon.com/dp/B09FCFLTBM,B09FCFLTBM,Notebook: Wedding I Said Yes Just Wondering How Long Marriage Marriage Proposal Engagement 8in x 11in Happy Wedding Notebook Beautiful Gift,Veronika Rymar,Paperback,"Aug 29, 2021",
0,https://www.amazon.com/dp/B09FCFLTB8,B09FCFLTB8,Notebook: Wedding Consultant Freaking Awesome Job 8in x 11in Happy Wedding Notebook Beautiful Gift,Veronika Rymar,Paperback,"Aug 29, 2021",
0,https://www.amazon.com/dp/B09FCFH85M,B09FCFH85M,"Weekly Planner Undated: 53 Weeks Day Planner and Organizer in a Weekly Journal Form, size 8.5'' x 11'', 110 pages",Matija Rupcic,Paperback,"Aug 29, 2021",
0,https://www.amazon.com/dp/B09FCFH7NL,B09FCFH7NL,"Rainbow Gradient Diary | Journal | Notebook 141 Pages (6"" x 9 ""): Printed 141 unruled pages paperback notebook",Rujula S,Paperback,"Aug 29, 2021",
0,https://www.amazon.com/dp/B09FCCLPKK,B09FCCLPKK,"Deluxe Home Maintenance Log Book: Organize, Schedule, Journal, Planner for Home Maintenance, Repairs and Upgrades | 12 Years of Record Keeping, ... Monthly",htm publishing,Paperback,"Aug 29, 2021",
0,https://www.amazon.com/dp/B09FCCLPCD,B09FCCLPCD,"Notebook/Journal: Green Flower Design with a Beige Background: College Ruled - 110 Pages 7.5"" x 9.25""",Book Designs,Paperback,"Aug 29, 2021",
0,https://www.amazon.com/dp/B09FCCLDDJ,B09FCCLDDJ,"Halloween Activity Book For Kids: Funny Kids Halloween Theme Learning Activity Book for Coloring, Word Search, Dot to Dot, Sudoku, Mazes, Tic Tac Toe and More!",Sally Activity Publication,Paperback,"Aug 29, 2021",
0,https://www.amazon.com/dp/B09FCCDBHX,B09FCCDBHX,Vibe Alone Until You Are Valued: Notebook and memory journal with a black cat cover | Perfect gift for cat lovers: Size (8.5 x 11 inches) 120 lined pages & glossy cover,SRAIA Design,Paperback,"Aug 29, 2021",
2,https://www.amazon.com/dp/B09FCCD94R,B09FCCD94R,Picture Book Sketchbook Planner,Jay Myers,Paperback,"Aug 29, 2021",
0,https://www.amazon.com/dp/B09FCC18QY,B09FCC18QY,Notebook: Sorry I Cant I Have Plans With My Dog 8'' x 11'' Dog Notebook Makes A Wonderful Gift For Loved Ones,Ryan charles,Paperback,"Aug 29, 2021",
0,https://www.amazon.com/dp/B09FC9YP57,B09FC9YP57,"Womens Just A Girl Who Loves Goats & Sunflowers: Goat Farmer Farm Journal with 100 Lined Writing Paper for Women, Girls, and Teen",coolfarm press,Paperback,"Aug 29, 2021",
0,https://www.amazon.com/dp/B09FC9YNT6,B09FC9YNT6,Primary Composition Notebook k-2 with Picture Space: Composition Book Primary Journal Draw Top Lines Bottom | Primary Journal Composition Notebook k-2 ... Primary Composition Notebook K-2 with Space),Bella Moreno,Paperback,"Aug 29, 2021",
0,https://www.amazon.com/dp/B09FC9YNH7,B09FC9YNH7,"Sketchbook Journal: Best blank white pages with paint art multicolor cover for painting, drawing, writing, sketching and doodling, wide papers 8.5 x 11, 120 pages",Lalenz Taylor,Paperback,"Aug 29, 2021",
0,https://www.amazon.com/dp/B09FC9HQWG,B09FC9HQWG,Pastel Styled Colorful Blank Lined Notebook,Noor Shaudah Idris,Paperback,"Aug 29, 2021",
0,https://www.amazon.com/dp/B09FC9HQLJ,B09FC9HQLJ,Dog Love Notes By Dog Love Designs: Hipster French Bulldog Notebook | Gifts to Write In for Dog Lovers,Dog Love,Paperback,"Aug 29, 2021",
0,https://www.amazon.com/dp/B09FC9HQL3,B09FC9HQL3,Kitten Journal 6 x 9 Lined Paper: Blue Cat Notebook Diary,K M R,Paperback,"Aug 29, 2021",
0,https://www.amazon.com/dp/B09FC9DD9P,B09FC9DD9P,Notebook: Wedding Player 2 Has Entered The Game Wedding Video Games 8in x 11in Happy Wedding Notebook Beautiful Gift,Veronika Rymar,Paperback,"Aug 29, 2021",
0,https://www.amazon.com/dp/B09FC91RX2,B09FC91RX2,Notebook: King Of Bones 8'' x 11'' Dog Notebook Makes A Wonderful Gift,Ryan charles,Paperback,"Aug 29, 2021",
0,https://www.amazon.com/dp/B09FC86JRT,B09FC86JRT,"Kawaii Vegetables Cottagecore Aesthetic Notebook: Blush Pink, 6 x 9, 120 Blank Lined Pages Vegetarian Vegan Gift",Rosie Rae Meadow,Paperback,"Aug 29, 2021",
0,https://www.amazon.com/dp/B09FC86JQ6,B09FC86JQ6,Dog Training Writing Journal,Ana Krstic,Paperback,"Aug 29, 2021",
0,https://www.amazon.com/dp/B09FC86JBP,B09FC86JBP,Book Review Journal: Track Your Daily Book Reviews | 110 Pages | Size 6 x 9 Inch | Turquoise Blue Cover,Sayem Store,Paperback,"Aug 29, 2021",
0,https://www.amazon.com/dp/B09FC86J6X,B09FC86J6X,"Chonk Oh Lawd He Comin, Cute Cat Vintage: 5.5"" x 8.5"" Journal for writing Down Habits Diary, Notebook, Ruled/Lined, 192 Pages","Cute Cat Vintage Publishing, Chonk Oh Lawd He Comin",Paperback,"Aug 29, 2021",
0,https://www.amazon.com/dp/B09FC86J6V,B09FC86J6V,"Cats are My Theraphy: 5.5"" x 8.5"" Journal for writing Down Habits Diary, Notebook, Ruled/Lined, 192 Pages",Cat Daddy Publishing,Paperback,"Aug 29, 2021",
0,https://www.amazon.com/dp/B09FC7YLGH,B09FC7YLGH,Notebook: Yes I Really Do Need All These Dogs 8'' x 11'' Dog Notebook Makes A Wonderful Gift For Loved Ones,Ryan charles,Paperback,"Aug 29, 2021",
0,https://www.amazon.com/dp/B09FC7XCC9,B09FC7XCC9,"Blue Gradient Diary | Journal | Notebook 141 Pages (6"" x 9 ""): Printed 141 unruled pages paperback notebook",Rujula S,Paperback,"Aug 29, 2021",
0,https://www.amazon.com/dp/B09FC7XC6K,B09FC7XC6K,"sket book note for drawing doodling or sketching for cats lover: 8,5x11 inch 21,5x27,94 cm 120 pages drawing notebook patterm designe in matte cover",sketch book edition,Paperback,"Aug 29, 2021",
0,https://www.amazon.com/dp/B09FC7F1RJ,B09FC7F1RJ,Notebook: Wedding Loading 8in x 11in Happy Wedding Notebook Beautiful Gift,Veronika Rymar,Paperback,"Aug 29, 2021",
0,https://www.amazon.com/dp/B09FC6DYW1,B09FC6DYW1,love and joy,J and R Publishing,Paperback,"Aug 29, 2021",
0,https://www.amazon.com/dp/B09FC6DYDN,B09FC6DYDN,Bunny Composition Notebook: Wide Ruled Lined Paper Notebook Journal: bunny face for Boys Kids Teens Students for Back to School and Home College Writing Notes,ER EZZ,Paperback,"Aug 29, 2021",
1,https://www.amazon.com/dp/B09FC6DY33,B09FC6DY33,Bible Verse Coloring Book: The Promises of God: Encouraging and Inspirational Scriptures For Adults and Teens: Color and Journal as You Reflect on God's Word,Sharnnell Cutliff,Paperback,"Aug 29, 2021",
0,https://www.amazon.com/dp/B09FC1Q8HR,B09FC1Q8HR,Notebook: Scan Me Qr Code Dog Paw 8'' x 11'' Dog Notebook Makes A Wonderful Gift For Loved Ones,Ryan charles,Paperback,"Aug 29, 2021",
0,https://www.amazon.com/dp/B09FC1Q875,B09FC1Q875,Notebook: Wedding Bride And Groom 8in x 11in Happy Wedding Notebook Beautiful Gift,Veronika Rymar,Paperback,"Aug 29, 2021",
0,https://www.amazon.com/dp/B09FC1Q86Z,B09FC1Q86Z,Notebook: This Is My Honeymoon 8in x 11in Happy Wedding Notebook Beautiful Gift,Veronika Rymar,Paperback,"Aug 29, 2021",
0,https://www.amazon.com/dp/B09FBWTSZL,B09FBWTSZL,Notebook: Ring Security Wedding Party 8in x 11in Happy Wedding Notebook Beautiful Gift,Veronika Rymar,Paperback,"Aug 29, 2021",
0,https://www.amazon.com/dp/B09F1KMT5M,B09F1KMT5M,"Halloween Coloring Book For Adults Age 38 Years Old: 50+ spooky coloring pages filled with monsters, witches, pumpkin, haunted house and more for hours of fun and relaxation | Ultimate halloween gift",Jadine Lowry,Paperback,"Aug 29, 2021",
0,https://www.amazon.com/dp/B09F1FY59V,B09F1FY59V,"Halloween Activity Book For Adults Age 62 Years Old: Happy Halloween Relaxation Activity Book for Coloring Pages, Mazes, Sudoku,Dot to Dot, Word Search, Matching Game, hangman and More",Hamza Glenn,Paperback,"Aug 29, 2021",
0,https://www.amazon.com/dp/B09F1FY54K,B09F1FY54K,"Halloween Coloring Book For Adults Age 48 Years Old: 50+ spooky coloring pages filled with monsters, witches, pumpkin, haunted house and more for hours of fun and relaxation | Ultimate halloween gift",Jadine Lowry,Paperback,"Aug 29, 2021",
0,https://www.amazon.com/dp/B09F1FY4S2,B09F1FY4S2,Happy Halloween Activity Book For Adults: Large Print Halloween Word Search For Adults Spooky Halloween Activity Book Funny Brain Game Puzzle Hard With Solutions Nice Christmas Or Birthday Present,Aubree Cassin,Paperback,"Aug 29, 2021",
0,https://www.amazon.com/dp/B09F1FXS9V,B09F1FXS9V,FARM COLORING BOOK: FARM ANIMAL COLORING BOOK FOR KIDS.,LILI CHAN,Paperback,"Aug 29, 2021",
0,https://www.amazon.com/dp/B09F1FXS9D,B09F1FXS9D,Halloween Coloring Book: Teens & Adult,13th Street,Paperback,"Aug 29, 2021",
0,https://www.amazon.com/dp/B09F1FT4NN,B09F1FT4NN,Sketch Book for Drawings: Sketch Book with Blank Pages / 8.5x11 inches / 140 pages | Notebook for Drawing and Sketchings,Anfisa Dobryak Publishing,Paperback,"Aug 29, 2021",
0,https://www.amazon.com/dp/B09F1FT4FZ,B09F1FT4FZ,"I Really Like Sharks Ok? | Shark Lovers Journal Notebook: Lined To Do List Notebook | Journal Gift, 120 pages, 6 x 9 Inches",Shark Lovers NoteBooks,Paperback,"Aug 29, 2021",
0,https://www.amazon.com/dp/B09F1FRN8Z,B09F1FRN8Z,"Halloween Coloring Book For Adults Age 40 Years Old: 50+ spooky coloring pages filled with monsters, witches, pumpkin, haunted house and more for hours of fun and relaxation | Ultimate halloween gift",Jadine Lowry,Paperback,"Aug 29, 2021",
0,https://www.amazon.com/dp/B09F1D21Y5,B09F1D21Y5,Notebook: Cat Ramen Anime Kawaii Neko 8in x 11in Cute Cat Notebook,Emma Yingst,Paperback,"Aug 29, 2021",
0,https://www.amazon.com/dp/B09F1CZRJ4,B09F1CZRJ4,"Halloween Activity Book For Adults Age 59 Years Old: Happy Halloween Relaxation Activity Book for Coloring Pages, Mazes, Sudoku,Dot to Dot, Word Search, Matching Game, hangman and More",Hamza Glenn,Paperback,"Aug 29, 2021",
0,https://www.amazon.com/dp/B09F1CZR9L,B09F1CZR9L,Mandalas Adult Coloring Book: An Adult coloring book featuring 50 of the world most beautiful flower mandalas for stress relief and relaxation (Mandala Coloring books),Fayjur Rahman,Paperback,"Aug 29, 2021",
0,https://www.amazon.com/dp/B09F1CZR7G,B09F1CZR7G,Pink Sugar Skull Fairy Halloweeen Breast Cancer Awareness Wide Ruled Composition Notebook: Cute Cool Day of The Dead Student Primary Composition ... Writing| Special Cover | 6x9 In 120 Pages,Mark Brec,Paperback,"Aug 29, 2021",
0,https://www.amazon.com/dp/B09F1CVYCJ,B09F1CVYCJ,Dinosaur Coloring Book For Adults: Dinosaur Coloring Book for Adults.35 Dinosaur design,Kaddie Sowle,Paperback,"Aug 29, 2021",
0,https://www.amazon.com/dp/B09F1CV9RT,B09F1CV9RT,Sketch Book: Sketch Book with Blank Pages / 8.5x11 inches / 140 pages | Notebook for Drawing and Sketchings,Anfisa Dobryak Publishing,Paperback,"Aug 29, 2021",
0,https://www.amazon.com/dp/B09F1CV6RM,B09F1CV6RM,Sugar Skull Day Of Dead Sunflower Floral Bone Head Butterfly Wide Ruled Composition Notebook: Cute Cool Day of The Dead Student Primary Composition ... Writing| Special Cover | 6x9 In 120 Pages,Mark Brec,Paperback,"Aug 29, 2021",
0,https://www.amazon.com/dp/B09F1CV6RK,B09F1CV6RK,"Halloween Coloring Book For Adults Age 39 Years Old: 50+ spooky coloring pages filled with monsters, witches, pumpkin, haunted house and more for hours of fun and relaxation | Ultimate halloween gift",Jadine Lowry,Paperback,"Aug 29, 2021",
0,https://www.amazon.com/dp/B09F1CV6RH,B09F1CV6RH,Sugar skull Wide Ruled Composition Notebook: Cute Cool Day of The Dead Student Primary Composition Schoolwork Organized Notes Taking Planner Writing| Special Cover | 6x9 In 120 Pages,Mark Brec,Paperback,"Aug 29, 2021",
0,https://www.amazon.com/dp/B09F1CDPVZ,B09F1CDPVZ,Tips For Growing Mushrooms: Guide To Help Any Beginner Become A Mushroom Farmer: Mushrooms To Grow For Beginners,Don Cessor,Paperback,"Aug 29, 2021",
0,https://www.amazon.com/dp/B09F192QMG,B09F192QMG,"Halloween Coloring Book For Adults Age 67 Years Old: 50+ spooky coloring pages filled with monsters, witches, pumpkin, haunted house and more for hours of fun and relaxation | Ultimate halloween gift",Jadine Lowry,Paperback,"Aug 29, 2021",
0,https://www.amazon.com/dp/B09F192QK9,B09F192QK9,"Halloween Coloring Book For Adults Age 61 Years Old: 50+ spooky coloring pages filled with monsters, witches, pumpkin, haunted house and more for hours of fun and relaxation | Ultimate halloween gift",Jadine Lowry,Paperback,"Aug 29, 2021",
0,https://www.amazon.com/dp/B09F192QDB,B09F192QDB,"Halloween Coloring Book For Adults Age 50 Years Old: 50+ spooky coloring pages filled with monsters, witches, pumpkin, haunted house and more for hours of fun and relaxation | Ultimate halloween gift",Jadine Lowry,Paperback,"Aug 29, 2021",
0,https://www.amazon.com/dp/B09F192NTX,B09F192NTX,"100 Pumpkin Carving Stencils: Halloween Patterns for Pumpkin Crafts | Funny and Scary Templates for DIY Decorating and Painting | Easy Home Decor for ... Faces, Bats, Witches, Haunted House and More",Samantha McCallan,Paperback,"Aug 29, 2021",
0,https://www.amazon.com/dp/B09F18WW35,B09F18WW35,Sketch Book: Sketch Book with Blank Pages / 8.5x11 inches / 120 pages | Notebook for Drawing and Sketchings,Anfisa Dobryak Publishing,Paperback,"Aug 29, 2021",
0,https://www.amazon.com/dp/B09F18WW2T,B09F18WW2T,Sketch Book for Drawings: Sketch Book with Blank Pages / 8.5x11 inches / 150 pages | Notebook for Drawing and Sketchings,Anfisa Dobryak Publishing,Paperback,"Aug 29, 2021",
0,https://www.amazon.com/dp/B09F18WW2S,B09F18WW2S,Sketch Book: Sketch Book with Blank Pages / 8.5x11 inches / 150 pages | Notebook for Drawing and Sketchings,Anfisa Dobryak Publishing,Paperback,"Aug 29, 2021",
0,https://www.amazon.com/dp/B09F18WG64,B09F18WG64,"Halloween Coloring Book For Adults Age 42 Years Old: 50+ spooky coloring pages filled with monsters, witches, pumpkin, haunted house and more for hours of fun and relaxation | Ultimate halloween gift",Jadine Lowry,Paperback,"Aug 29, 2021",
0,https://www.amazon.com/dp/B09F16Q3WF,B09F16Q3WF,"Stress Reducing Mandalas Coloring Book for Adults: Coloring Book for Adult 8.5x11"" of 30 Pages",Elic Literature,Paperback,"Aug 29, 2021",
0,https://www.amazon.com/dp/B09F16LDWK,B09F16LDWK,Paperback: Animal And Flower Garden Mandala 塗り絵 魔法の動物マンダラ: 抗ストレスanti-Stress Art Therapy For Adults。 塗り絵 大人 ストレス解消とリラクゼーションのた. Camandala Camandala,Kei Sanjo (慶 三條),Paperback,"Aug 29, 2021",
0,https://www.amazon.com/dp/B09F14SSZL,B09F14SSZL,"Halloween Activity Book For Adults Age 41 Years Old: Happy Halloween Relaxation Activity Book for Coloring Pages, Mazes, Sudoku,Dot to Dot, Word Search, Matching Game, hangman and More",Hamza Glenn,Paperback,"Aug 29, 2021",
0,https://www.amazon.com/dp/B09F14SSLQ,B09F14SSLQ,Ice Cream Coloring Book Relaxation: Easy Cute Delicious 50 Unique Coloring Pages of Ice Cream for Relaxation Perfect Gift for Kids and Adults,Kelly Joywell,Paperback,"Aug 29, 2021",
3,https://www.amazon.com/dp/B09F14SSJB,B09F14SSJB,Good Vibes Coloring Book For Adults: Positive Quotes to Color In And Boost Your Mood,AJM Publishing,Paperback,"Aug 29, 2021",
0,https://www.amazon.com/dp/B09F14PY5N,B09F14PY5N,Sugar skull yellow flower Wide Ruled Composition Notebook: Cute Cool Day of The Dead Student Primary Composition Schoolwork Organized Notes Taking Planner Writing| Special Cover | 6x9 In 120 Pages,Mark Brec,Paperback,"Aug 29, 2021",
0,https://www.amazon.com/dp/B09F14PY5D,B09F14PY5D,"Halloween Coloring Book For Adults Age 41 Years Old: 50+ spooky coloring pages filled with monsters, witches, pumpkin, haunted house and more for hours of fun and relaxation | Ultimate halloween gift",Jadine Lowry,Paperback,"Aug 29, 2021",
0,https://www.amazon.com/dp/B09DN16V3N,B09DN16V3N,Starting Cannabis Greenhouse Business: Complete Marijuana Greenhouse Guide For Beginners: Cost To Start A Grow Operation,Len Desautel,Paperback,"Aug 29, 2021",
1,https://www.amazon.com/dp/B09DN168YP,B09DN168YP,Zen Fairy Garden Ideas: Guide To Making Easy Miniature Fairy Garden: Small Backyard Zen Garden Ideas,Hollis Houpt,Paperback,"Aug 29, 2021",
0,https://www.amazon.com/dp/B09DMW6QLJ,B09DMW6QLJ,Hydroponics Farming: Guide To Get Successful In The Hydroponics System: Lights Setup Of A Hydroponic,Eugene Tomasino,Paperback,"Aug 29, 2021",
0,https://www.amazon.com/dp/B09DMP819J,B09DMP819J,"Anna's Tales, Lost and Found, and Bear's Song",Gordon W. Breyette,Paperback,"Aug 29, 2021",
0,https://www.amazon.com/dp/B09DMP818Z,B09DMP818Z,"Hydroponic Gardening For Beginners: Overview, Setup & Solutions: How To Design A Perfect Hydroponic System",Hyman Pipe,Paperback,"Aug 29, 2021",
2,https://www.amazon.com/dp/B09DN1FKNX,B09DN1FKNX,"The Complete Guide for Akbash: The essential guide to being a perfect owner and having an obedient, healthy, and happy Akbash",Lucas Allen,Paperback,"Aug 28, 2021",
2,https://www.amazon.com/dp/B09DMXTLMT,B09DMXTLMT,The Little Book Of House Plants: Houseplants Help Keep The Air In Your House Clean: What Houseplants Helping With Asthma Relief,Gayla Teque,Paperback,"Aug 28, 2021",
0,https://www.amazon.com/dp/B09FCFP79X,B09FCFP79X,Action Figures Collectibles Logbook: Inventory notebook journal for action figurines and collectables,B. tenBroek,Paperback,"Aug 28, 2021",
3,https://www.amazon.com/dp/B09FC7F1C8,B09FC7F1C8,Baby Shower Guest Book: A Little Pumpkin Is On The Way: Little Pumpkin Guest Book Gender Neutral Fall Baby Shower Invitations Decorations to Welcome ... Gift Tracker Log Yellow (Premium Cream Paper),Baby Bonita Studio,Paperback,"Aug 28, 2021",
0,https://www.amazon.com/dp/B09F1F6VT7,B09F1F6VT7,"Halloween Activity Book For Teens Age 15 Years Old: Spooky & Scary Halloween Game Book Words search , Mazes, coloring , Crosswords, sudoku ,Dot to Dot , Hangman and more|Gift idea for Halloween",Yaqub Zuniga,Paperback,"Aug 28, 2021",
0,https://www.amazon.com/dp/B09FRVMG9R,B09FRVMG9R,"Video Game Composition Notebook: Wide Ruled Notebook Paper, 7.5 x 9.25, 100 Pages, for Kids , teens, and adults, gamer, Large Writing Journal for Homework - Notes - Doodles ... (Composition Notebooks)",Nicolas Gamer,Paperback,"Aug 28, 2021",
1,https://www.amazon.com/dp/B09FCKC25T,B09FCKC25T,Vintage Blooms: A Colouring Book & Journal: 30 Hand Illustrated Botanical Images,Collette Bourne,Paperback,"Aug 28, 2021",
0,https://www.amazon.com/dp/B09FCHPJ6L,B09FCHPJ6L,Notebook: Fishing Crane in Shallow Water,The  Ardent Raconteur,Paperback,"Aug 28, 2021",
0,https://www.amazon.com/dp/B09FCHNMC6,B09FCHNMC6,Notebook: My Dog Is Smarter Than You Funny Pet Novelty 8'' x 11'' Dog Notebook Makes A Wonderful Gift For Loved Ones,Ryan charles,Paperback,"Aug 28, 2021",
0,https://www.amazon.com/dp/B09FCHNLLP,B09FCHNLLP,"Tie Dye Composition Notebook: Wide Ruled Composition Notebook, 7.5 x 9.25, 100 Pages, Best Gift For kids, teens, and adults Back to school",patrick's compositions,Paperback,"Aug 28, 2021",
0,https://www.amazon.com/dp/B09FCHDQ89,B09FCHDQ89,"I Love My Finn: Dog Vaccination And Shot Record Book, Pet Vaccination Schedule, Dog Daily Care Checklist, Puppies Log Book, Veterinary Immunization Schedule Log Book",Animal Publishing,Paperback,"Aug 28, 2021",
0,https://www.amazon.com/dp/B09FCFNWCC,B09FCFNWCC,Prayer Journal: As For Me and My House,AR Publishing,Paperback,"Aug 28, 2021",
0,https://www.amazon.com/dp/B09FCCLP1T,B09FCCLP1T,"‘Crab’ 6x9 Notebook, 120 Pages, Interior Lined",Melissa Elwood,Paperback,"Aug 28, 2021",
0,https://www.amazon.com/dp/B09FCC18LS,B09FCC18LS,"Llama Diary | Journal | Notebook 141 Pages (6"" x 9 ""): Printed 141 unruled pages paperback notebook",Rujula S,Paperback,"Aug 28, 2021",
0,https://www.amazon.com/dp/B09FCC17XP,B09FCC17XP,"""You're lucky. I am here. I could've stayed home with my Parrot"": Funny Quotes Lined Notebook/Journal - 6""x9"" with 120 Pages",4-leaf Publisher,Paperback,"Aug 28, 2021",
0,https://www.amazon.com/dp/B09FC9YN54,B09FC9YN54,"HEALING BIBLE VERSES COLORING BOOK: Adult Inspirational Bible Quotes for Reflection, Relaxation and Peace. Gift Idea",LBS Publishing,Paperback,"Aug 28, 2021",
0,https://www.amazon.com/dp/B09FC9HQGZ,B09FC9HQGZ,What R They Again?: password & code journal,G L Shaw,Paperback,"Aug 28, 2021",
0,https://www.amazon.com/dp/B09FC9H6QB,B09FC9H6QB,"Tie Dye Composition Notebook: Wide Ruled Composition Notebook, 7.5 x 9.25, 100 Pages, Beautiful Gift For kids, teens, and adults Back to school",patrick's compositions,Paperback,"Aug 28, 2021",
0,https://www.amazon.com/dp/B09FC91R33,B09FC91R33,"Tie Dye Primary Composition Notebook: Wide Ruled Composition Notebook, 7.5 x 9.25, 100 Pages, Best Gift For kids, teens, and adults Back to school",patrick's compositions,Paperback,"Aug 28, 2021",
0,https://www.amazon.com/dp/B09FC7J9DB,B09FC7J9DB,Notebook: My Patronus Is A Pomeranian Dog Lovers 8'' x 11'' Dog Notebook Makes A Wonderful Gift For Loved Ones,Ryan charles,Paperback,"Aug 28, 2021",
0,https://www.amazon.com/dp/B09F1FVFCP,B09F1FVFCP,"Johanna: Unicorn Notebook Personal Name Wide Lined Rule Paper | Notebook The Notebook For Writing Journal or Diary Women & Girls Gift for Birthday, For Student | 162 Pages Size 8.5x11inch",Percy Ramsey,Paperback,"Aug 28, 2021",
0,https://www.amazon.com/dp/B09F1FT4YX,B09F1FT4YX,Monumental Journals: Rio de Janeiro: 120 lined Rio de Janeiro a captivating Journey Through The cover of Rio: Keep that Brazilian Samba inside,Saint-Lazard Graphics,Paperback,"Aug 28, 2021",
0,https://www.amazon.com/dp/B09F1FSZ8F,B09F1FSZ8F,"Greta: Unicorn Notebook Personal Name Wide Lined Rule Paper | Notebook The Notebook For Writing Journal or Diary Women & Girls Gift for Birthday, For Student | 162 Pages Size 8.5x11inch",Percy Ramsey,Paperback,"Aug 28, 2021",
0,https://www.amazon.com/dp/B09F1FSRBX,B09F1FSRBX,"Halloween Activity Book For Adults Age 22 Years Old: Spooky & Scary Halloween Game Book Words search , Mazes, coloring , Crosswords, sudoku ,Dot to Dot , Hangman and more|Gift idea for Halloween",Joao Petersen,Paperback,"Aug 28, 2021",
0,https://www.amazon.com/dp/B09F1FSJ32,B09F1FSJ32,"Mylah: Unicorn Notebook Personal Name Wide Lined Rule Paper | Notebook The Notebook For Writing Journal or Diary Women & Girls Gift for Birthday, For Student | 162 Pages Size 8.5x11inch",Bobby Simpson,Paperback,"Aug 28, 2021",
0,https://www.amazon.com/dp/B09F1FSJ31,B09F1FSJ31,"Emmeline: Unicorn Notebook Personal Name Wide Lined Rule Paper | Notebook The Notebook For Writing Journal or Diary Women & Girls Gift for Birthday, For Student | 162 Pages Size 8.5x11inch",Bobby Simpson,Paperback,"Aug 28, 2021",
0,https://www.amazon.com/dp/B09F1FSJ2T,B09F1FSJ2T,"Alena: Unicorn Notebook Personal Name Wide Lined Rule Paper | Notebook The Notebook For Writing Journal or Diary Women & Girls Gift for Birthday, For Student | 162 Pages Size 8.5x11inch",Bobby Simpson,Paperback,"Aug 28, 2021",
0,https://www.amazon.com/dp/B09F1FRQ8P,B09F1FRQ8P,Notebook: Adorable Little Kitty 8in x 11in Cute Cat Notebook,Emma Yingst,Paperback,"Aug 28, 2021",
0,https://www.amazon.com/dp/B09F1FJCW7,B09F1FJCW7,"Color Me Astrological Signs: Zodiac Coloring Book For Adults, Stress Relieving Patterns With Dates And Descriptions, Art Therapy Makes A Perfect Gift",InGENIUS Publications,Paperback,"Aug 28, 2021",
0,https://www.amazon.com/dp/B09F1FJCPL,B09F1FJCPL,"Jewel: Unicorn Notebook Personal Name Wide Lined Rule Paper | Notebook The Notebook For Writing Journal or Diary Women & Girls Gift for Birthday, For Student | 162 Pages Size 8.5x11inch",Clayton Gill,Paperback,"Aug 28, 2021",
0,https://www.amazon.com/dp/B09F1FJCMX,B09F1FJCMX,"Itzayana: Unicorn Notebook Personal Name Wide Lined Rule Paper | Notebook The Notebook For Writing Journal or Diary Women & Girls Gift for Birthday, For Student | 162 Pages Size 8.5x11inch",Bobby Simpson,Paperback,"Aug 28, 2021",
0,https://www.amazon.com/dp/B09F1F6VR4,B09F1F6VR4,"Guadalupe: Unicorn Notebook Personal Name Wide Lined Rule Paper | Notebook The Notebook For Writing Journal or Diary Women & Girls Gift for Birthday, For Student | 162 Pages Size 8.5x11inch",Bobby Simpson,Paperback,"Aug 28, 2021",
0,https://www.amazon.com/dp/B09F1F6VR2,B09F1F6VR2,"Celia: Unicorn Notebook Personal Name Wide Lined Rule Paper | Notebook The Notebook For Writing Journal or Diary Women & Girls Gift for Birthday, For Student | 162 Pages Size 8.5x11inch",Bobby Simpson,Paperback,"Aug 28, 2021",
0,https://www.amazon.com/dp/B09F1D2GGC,B09F1D2GGC,"Armani: Unicorn Notebook Personal Name Wide Lined Rule Paper | Notebook The Notebook For Writing Journal or Diary Women & Girls Gift for Birthday, For Student | 162 Pages Size 8.5x11inch",Percy Ramsey,Paperback,"Aug 28, 2021",
0,https://www.amazon.com/dp/B09F1D2GG9,B09F1D2GG9,"Amirah: Unicorn Notebook Personal Name Wide Lined Rule Paper | Notebook The Notebook For Writing Journal or Diary Women & Girls Gift for Birthday, For Student | 162 Pages Size 8.5x11inch",Percy Ramsey,Paperback,"Aug 28, 2021",
0,https://www.amazon.com/dp/B09F1CZR5B,B09F1CZR5B,"Sugar skull sun Wide Ruled Composition Notebook: Wide Blank Lined Workbook, Fun Gift for School or Work, Teachers & Students | Special Cover | 6x9 In 120 Pages",Mark Brec,Paperback,"Aug 28, 2021",
0,https://www.amazon.com/dp/B09FC1Q7Q1,B09FC1Q7Q1,Notebook: 40Th Wedding Anniversary 40 Years Of Marriage 8in x 11in Happy Wedding Notebook Beautiful Gift,Veronika Rymar,Paperback,"Aug 28, 2021",
0,https://www.amazon.com/dp/B09FC1Q7L1,B09FC1Q7L1,Notebook: Dogs Domestic Animal Dog Trainer Dog Owner Dog 8'' x 11'' Dog Notebook Makes A Wonderful Gift For Loved Ones,Ryan charles,Paperback,"Aug 28, 2021",
0,https://www.amazon.com/dp/B09FBYQ1P9,B09FBYQ1P9,Notebook: Funny Old Buzzard Bride And Groom Wedding 8in x 11in Happy Wedding Notebook Beautiful Gift,Veronika Rymar,Paperback,"Aug 28, 2021",
0,https://www.amazon.com/dp/B09FBWTSJ9,B09FBWTSJ9,Notebook: Dark Wedding 8in x 11in Happy Wedding Notebook Beautiful Gift,Veronika Rymar,Paperback,"Aug 28, 2021",
0,https://www.amazon.com/dp/B09FBRZ419,B09FBRZ419,Bless Your Heart: Journal,Kristin Hankins,Paperback,"Aug 28, 2021",
0,https://www.amazon.com/dp/B09FBL6P45,B09FBL6P45,"Shark Composition Notebook Wide-Ruled, 7.5 x 9.25: wide ruled composition notebook",Yada T.,Paperback,"Aug 28, 2021",
0,https://www.amazon.com/dp/B09F8Y7MMQ,B09F8Y7MMQ,Notebook: Cat On The Hill 8in x 11in Cute Cat Notebook,Emma Yingst,Paperback,"Aug 28, 2021",
0,https://www.amazon.com/dp/B09F8TD3NW,B09F8TD3NW,Sketch book notebook for drawing doodling or sketching for cats lover: 8.5 x 11 inch (21.59*27.94cm) 120 pages drawing notebook pattern designe in matte cover,sketch book Edition,Paperback,"Aug 28, 2021",
0,https://www.amazon.com/dp/B09F1KMT3L,B09F1KMT3L,"Sugar skull ruby Wide Ruled Composition Notebook: Wide Blank Lined Workbook, Fun Gift for School or Work, Teachers & Students | Special Cover | 6x9 In 120 Pages",Mark Brec,Paperback,"Aug 28, 2021",
0,https://www.amazon.com/dp/B09F1KMT2D,B09F1KMT2D,"Nurse Sugar Skull Wide Ruled Composition Notebook: Wide Blank Lined Workbook, Fun Gift for School or Work, Teachers & Students | Special Cover | 6x9 In 120 Pages",Mark Brec,Paperback,"Aug 28, 2021",
0,https://www.amazon.com/dp/B09F1KM5QF,B09F1KM5QF,"Laney: Unicorn Notebook Personal Name Wide Lined Rule Paper | Notebook The Notebook For Writing Journal or Diary Women & Girls Gift for Birthday, For Student | 162 Pages Size 8.5x11inch",Percy Ramsey,Paperback,"Aug 28, 2021",
0,https://www.amazon.com/dp/B09F1HYRPM,B09F1HYRPM,"Aubriella: Unicorn Notebook Personal Name Wide Lined Rule Paper | Notebook The Notebook For Writing Journal or Diary Women & Girls Gift for Birthday, For Student | 162 Pages Size 8.5x11inch",Clayton Gill,Paperback,"Aug 28, 2021",
0,https://www.amazon.com/dp/B09F1HYRN5,B09F1HYRN5,"Ellianna: Unicorn Notebook Personal Name Wide Lined Rule Paper | Notebook The Notebook For Writing Journal or Diary Women & Girls Gift for Birthday, For Student | 162 Pages Size 8.5x11inch",Bobby Simpson,Paperback,"Aug 28, 2021",
0,https://www.amazon.com/dp/B09F1G427L,B09F1G427L,Notebook: Cat Neko Shogun 8in x 11in Cute Cat Notebook,Emma Yingst,Paperback,"Aug 28, 2021",
0,https://www.amazon.com/dp/B09F1G3YVW,B09F1G3YVW,"Kora: Unicorn Notebook Personal Name Wide Lined Rule Paper | Notebook The Notebook For Writing Journal or Diary Women & Girls - Gift For Birthday, For Student | 162 Pages Size 8.5x11inch",Cedric Wallace,Paperback,"Aug 28, 2021",
0,https://www.amazon.com/dp/B09F1G3XX7,B09F1G3XX7,"Marilyn: Unicorn Notebook Personal Name Wide Lined Rule Paper | Notebook The Notebook For Writing Journal or Diary Women & Girls Gift for Birthday, For Student | 162 Pages Size 8.5x11inch",Percy Ramsey,Paperback,"Aug 28, 2021",
0,https://www.amazon.com/dp/B09F1G3XWD,B09F1G3XWD,"Danna: Unicorn Notebook Personal Name Wide Lined Rule Paper | Notebook The Notebook For Writing Journal or Diary Women & Girls Gift for Birthday, For Student | 162 Pages Size 8.5x11inch",Percy Ramsey,Paperback,"Aug 28, 2021",
0,https://www.amazon.com/dp/B09F1G3XBC,B09F1G3XBC,"Mandala Coloring Book for Adults: A Stress Reducing Coloring Book for Adult 8.5x11"" of 30 Pages",Elic Literature,Paperback,"Aug 28, 2021",
0,https://www.amazon.com/dp/B09F1G1JCM,B09F1G1JCM,Notebook: Cat Anatomy Funny 8in x 11in Cute Cat Notebook,Emma Yingst,Paperback,"Aug 28, 2021",
0,https://www.amazon.com/dp/B09F1FY4V9,B09F1FY4V9,"Sugar Skull Wide Ruled Composition Notebook: Wide Blank Lined Workbook, Fun Gift for School or Work, Teachers & Students | Special Cover | 6x9 In 120 Pages",Mark Brec,Paperback,"Aug 28, 2021",
0,https://www.amazon.com/dp/B09F1FY4TX,B09F1FY4TX,"Sugar Skull light green Wide Ruled Composition Notebook: Wide Blank Lined Workbook, Fun Gift for School or Work, Teachers & Students | Special Cover | 6x9 In 120 Pages",Mark Brec,Paperback,"Aug 28, 2021",
0,https://www.amazon.com/dp/B09F1FY4PY,B09F1FY4PY,"Katalina: Unicorn Notebook Personal Name Wide Lined Rule Paper | Notebook The Notebook For Writing Journal or Diary Women & Girls - Gift For Birthday, For Student | 162 Pages Size 8.5x11inch",Cedric Wallace,Paperback,"Aug 28, 2021",
0,https://www.amazon.com/dp/B09F1FY4PR,B09F1FY4PR,"Charli: Unicorn Notebook Personal Name Wide Lined Rule Paper | Notebook The Notebook For Writing Journal or Diary Women & Girls - Gift For Birthday, For Student | 162 Pages Size 8.5x11inch",Cedric Wallace,Paperback,"Aug 28, 2021",
0,https://www.amazon.com/dp/B09F1FXSZZ,B09F1FXSZZ,"Nurse For Nursing Student Sugar Skull Registered Nurse Wide Ruled Composition Notebook: Wide Blank Lined Workbook, Fun Gift for School or Work, Teachers & Students | Special Cover | 6x9 In 120 Pages",Mark Brec,Paperback,"Aug 28, 2021",
0,https://www.amazon.com/dp/B09F1FWPTX,B09F1FWPTX,"Raven: Unicorn Notebook Personal Name Wide Lined Rule Paper | Notebook The Notebook For Writing Journal or Diary Women & Girls - Gift For Birthday, For Student | 162 Pages Size 8.5x11inch",Cedric Wallace,Paperback,"Aug 28, 2021",
3,https://www.amazon.com/dp/0520289404,0520289404,All I Eat is Medicine: Going Hungry in Mozambique's AIDS Economy (California Series in Public Anthropology) (Volume 52),Ippolytos Kalofonos,Kindle,"Aug 31, 2021",
2,https://www.amazon.com/dp/303080948X,303080948X,Guide to Complex Interventional Endoscopic Procedures,Kelly Esponda,Kindle,"Aug 31, 2021",
2,https://www.amazon.com/dp/0367174804,0367174804,Advancing Grounded Theory with Mixed Methods,Elizabeth G. Creamer,Hardcover,"Aug 31, 2021",
2,https://www.amazon.com/dp/B09FCCMFN4,B09FCCMFN4,Blank Comic Book for Kids with Variety of Templates: Draw Your Own Comic Book – Blank Comic Book Pages Notebook Journal to Create & Make Your Own ... Fun Orange Red Superhero (Large 8.5” x 11”),Comic Heroes Studio,Paperback,"Aug 31, 2021",
0,https://www.amazon.com/dp/B09FC9ZXKW,B09FC9ZXKW,I may have girl bossed a little too close to the sun notebook: Tik tok quote notebook,Neon Lizard,Paperback,"Aug 31, 2021",
4,https://www.amazon.com/dp/B09F1G3XSV,B09F1G3XSV,Lydia Mandel : Abandoned Treasures of Russian Avant-Garde: Discovery of novel drawings 1920-1922,Vitali Milman,Kindle,"Aug 31, 2021",
0,https://www.amazon.com/dp/B09FS5C5V3,B09FS5C5V3,Art is Love: Sketchbook & Drawing,The G Spot,Paperback,"Aug 31, 2021",
0,https://www.amazon.com/dp/B09FS584RN,B09FS584RN,Notebook,bleusasku designs,Paperback,"Aug 31, 2021",
0,https://www.amazon.com/dp/B09FRP88JK,B09FRP88JK,notebook journal for women flowres pansies: This paperback notebook is 15.24 x 22.86 cm (6 x 9 in) and has 120 .flowres pansies.,flowres pansies,Paperback,"Aug 31, 2021",
0,https://www.amazon.com/dp/B09FCKHYSS,B09FCKHYSS,Notebook: Light Purple Leopard Print Composition Notebook - 8.5x11 - College Ruled 100 Pages (College Ruled Notebooks 8.5x11 100pgs),Peace Love Prosperity,Paperback,"Aug 31, 2021",
0,https://www.amazon.com/dp/B09FCKHYJ2,B09FCKHYJ2,"Start of school: Back to school, simple cute composition notebook with white cover, blank lined, perfect as gift for students, boys, girls, home & ... habit tracking, - 6x9 inches – 110 pgs",Note Art Publishing,Paperback,"Aug 31, 2021",
0,https://www.amazon.com/dp/B09FCKHYCB,B09FCKHYCB,"I'm Ready to Back to School: Notebook with writing your name, 120 sheets black lined - 8.5 x 11 Inches",IdealWork Josef,Paperback,"Aug 31, 2021",
0,https://www.amazon.com/dp/B09FCKC5ML,B09FCKC5ML,"2022 Planner: 2022 Planner: Weekly Meal Planner with Grocery List, Weekly and Monthly To Do List, and Time Slots, Paint Splatter, Polkadot",Raya Hope,Paperback,"Aug 31, 2021",
0,https://www.amazon.com/dp/B09FCKC55J,B09FCKC55J,Notebook: Treetop Mountains Composition Journal - 8.5X11 - 120 Pages,Seasonal Print Designs,Paperback,"Aug 31, 2021",
0,https://www.amazon.com/dp/B09FCKC52L,B09FCKC52L,"Cherry Blossom Grid Paper Notebook: Quad Ruled Graph Paper 5x5, 8.5 x 11 inch, 105 Pages",Lemon Tree Publications,Paperback,"Aug 31, 2021",
0,https://www.amazon.com/dp/B09FCHQY1M,B09FCHQY1M,Love & Joy Journal: 200 page 6x9,Oumou H Diallo,Paperback,"Aug 31, 2021",
0,https://www.amazon.com/dp/B09FCHQFD7,B09FCHQFD7,"Computation Notebook 4x4: Technical Drawing Pad For Professionals And Students, Quad Ruled 4 Squares An Inch, 8.5x11 Graph Layout",Smoky Mountain Publishing,Paperback,"Aug 31, 2021",
0,https://www.amazon.com/dp/B09FCHPMB7,B09FCHPMB7,Sketch Book: Vol. 2,Artem Publishing,Paperback,"Aug 31, 2021",
0,https://www.amazon.com/dp/B09FCHPM6V,B09FCHPM6V,"Aesthetic Notebook with Men: Lined Notebook Journal, Notebook, 6 x 9 inches - 100 Pages: College Ruled Paper, perfect bound, Soft Cover",Prescott Daniels,Paperback,"Aug 31, 2021",
0,https://www.amazon.com/dp/B09FCHPM66,B09FCHPM66,Behind The Mountains: A notebook of 120 pages.,Shadman Sakib,Paperback,"Aug 31, 2021",
0,https://www.amazon.com/dp/B09FCHPM4M,B09FCHPM4M,The White Notebook - A notebook for people who love white - White Journal - 6x9 notebook - 100 page journal: Whitewhit Composition Notebook - Fashion Notebook,Pink Sheep Books,Paperback,"Aug 31, 2021",
0,https://www.amazon.com/dp/B09FCHPM1N,B09FCHPM1N,"The Movie Review Journal: Rate the Movie, Note Highlights, Write a Review & more | Perfect gift for Film Fanatics & Movie Critics | compact size",Daily Dose of Logbooks,Paperback,"Aug 31, 2021",
0,https://www.amazon.com/dp/B09FCHDQ2V,B09FCHDQ2V,how to draw cute monsters for kids: An Easy Step-by-Step Guide to draw Cute Monsters for Kids,Simla Sunday,Paperback,"Aug 31, 2021",
0,https://www.amazon.com/dp/B09FCFWP7S,B09FCFWP7S,Notebook: Cute pastel doggy blank lined notebook,outside the box press,Paperback,"Aug 31, 2021",
0,https://www.amazon.com/dp/B09FCCDCHP,B09FCCDCHP,Marble Composition Notebook: Wide Ruled Marble Composition Notebook | Pretty Liquid Marble Cover for Girls and Boys,Creative ProDesign,Paperback,"Aug 31, 2021",
0,https://www.amazon.com/dp/B09FCCDCGS,B09FCCDCGS,Marble Composition Notebook: Wide Ruled Marble Composition Notebook | Pretty Liquid Marble Cover for Girls and Boys,Creative ProDesign,Paperback,"Aug 31, 2021",
0,https://www.amazon.com/dp/B09FCCDC89,B09FCCDC89,"COMPOSITION NOTEBOOK: Composition Book with rainbow bar design | College Ruled Notebook | Lined Journal | 110 Pages | 7.5 X 9.75"" | School Subject Book Notes",TAN R.K.,Paperback,"Aug 31, 2021",
0,https://www.amazon.com/dp/B09FC9ZXR9,B09FC9ZXR9,"Composition Book: Back To School composition noteBook, Journal, School Supplies For kids, notebook journaling, writers and students, Writing Lined ... 120 Pages, 6x9, black and white background",Students Designs,Paperback,"Aug 31, 2021",
0,https://www.amazon.com/dp/B09FC9ZXQT,B09FC9ZXQT,"Composition Book: Back To School composition noteBook, Journal, School Supplies For kids, notebook journaling, writers and students, Writing Lined ... 120 Pages, 6x9, black and white background.",Students Designs,Paperback,"Aug 31, 2021",
0,https://www.amazon.com/dp/B09FC9ZXJ9,B09FC9ZXJ9,"Self Care Planner: Minimalist boho dot grid self care planner Notebooks for mental health, positive vibes and organizing. 7.5""X9.25"" 100 pg.",Athira N S,Paperback,"Aug 31, 2021",
0,https://www.amazon.com/dp/B09FC9ZX6Q,B09FC9ZX6Q,Primary Composition Notebook: Primary Story With Dotted Midline - Learn to Write Primary Journal Grades k-2 ... 8.5 x 11 inch 120 pages,Mcfluffys Journals Publishing,Paperback,"Aug 31, 2021",
0,https://www.amazon.com/dp/B09FC9ZX1T,B09FC9ZX1T,Composition Notebook - Graph Ruled 100 Pages-Large 8.5x11in/21.59x27.94cm large grid graph paper notebook,BARBENCH DESIGN,Paperback,"Aug 31, 2021",
0,https://www.amazon.com/dp/B09FC9Y7FR,B09FC9Y7FR,"Game On!: Gamer 6x9"" Notebook",K Press,Paperback,"Aug 31, 2021",
0,https://www.amazon.com/dp/B09FC87MGH,B09FC87MGH,"BE A NICE HUMAN: Notebook/ Journal / 110 blank pages, 6×9",Motivational Quote Publishing,Paperback,"Aug 31, 2021",
0,https://www.amazon.com/dp/B09FC7XGB4,B09FC7XGB4,Notebook: Bright leaves blanked lined notebook,Rustic Press,Paperback,"Aug 31, 2021",
0,https://www.amazon.com/dp/B09FC6HB7K,B09FC6HB7K,Paperback Notebook: Colorful Art Coffee Wide Ruled Paper Notebook Journal for Women Homeschool Office Teacher Adult 6 x 9 in. 100 Pages.,Thomasine Matthews,Paperback,"Aug 31, 2021",
0,https://www.amazon.com/dp/B09FC6G698,B09FC6G698,Halloween Word Search Book: Cute Halloween Book,Brittney Liggins,Paperback,"Aug 31, 2021",
0,https://www.amazon.com/dp/B09FC6G4KF,B09FC6G4KF,"Storyboard Notebook: 6x9 inch.150 Pages , 6 frames per page Storyboard Notebook/Sketchbook for Directors, Filmmakers, Storyboard Artist, Cinematographer, Animators, Advertising Creative Director, etc.",Patina Studio,Paperback,"Aug 31, 2021",
0,https://www.amazon.com/dp/B09FC6FFRN,B09FC6FFRN,"Composition Notebook: Blank Wide Ruled Paper Large Notebook for School, Home, Office and On the Road - Perfect for Journaling, Note Taking, Homework, ... Occasions - Cat Paws and Fish Bones Design",Green Apple Publishing,Paperback,"Aug 31, 2021",
0,https://www.amazon.com/dp/B09FC6FFL6,B09FC6FFL6,Notebook: The brown and Gold notebook,Serena Graves,Paperback,"Aug 31, 2021",
0,https://www.amazon.com/dp/B09FC6FFJH,B09FC6FFJH,"Composition Notebook: Pretty Mermaid Glitter Scales Wide Ruled Notebook, Composition Notebook Pretty Mermaid Glitter 200 7.5 x 9.25 Wide Ruled Pages",Mermaid Life,Paperback,"Aug 31, 2021",
0,https://www.amazon.com/dp/B09FC6F27X,B09FC6F27X,Notebook: yellow cover - size (8.5 x 11 inches) 100 pages: lined paperback,jone biger,Paperback,"Aug 31, 2021",
0,https://www.amazon.com/dp/B09FC6F23D,B09FC6F23D,Composition Notebook: Wide Ruled Lined Paper Notebook Journal: Workbook for Boys Girls Kids Teens Students for Back to School and Home College Writing Notes.,Jaxon Publisher,Paperback,"Aug 31, 2021",
0,https://www.amazon.com/dp/B09FC6F216,B09FC6F216,"Notebook: Notebook For Your Super Dad 6x9"" Blank Lined with 120 pages",Fern KJ,Paperback,"Aug 31, 2021",
0,https://www.amazon.com/dp/B09FC6F1Z9,B09FC6F1Z9,"Self Care Planner: Minimalist dot grid self care planner Notebooks for mental health, positive vibes and organizing. 7.5""X9.25"" 100 pg.",Athira N S,Paperback,"Aug 31, 2021",
0,https://www.amazon.com/dp/B09FC6F1RZ,B09FC6F1RZ,"Life Without My Drum Would Be Flat College Ruled Notebook ( 6"" x 9"" ): Drummers",Ry Leggy,Paperback,"Aug 31, 2021",
0,https://www.amazon.com/dp/B09FC6F1N2,B09FC6F1N2,Composition Notebook,Shahrazad Algundi,Paperback,"Aug 31, 2021",
0,https://www.amazon.com/dp/B09FC6F1LW,B09FC6F1LW,Composition Notebook - Graph Ruled 100 Pages-Large 8.5x11in/21.59x27.94cm large grid graph paper notebook,BARBENCH DESIGN,Paperback,"Aug 31, 2021",
0,https://www.amazon.com/dp/B09FBTW1HL,B09FBTW1HL,"the secret to getting ahead is getting started: the secret to getting ahead is getting started , notbook journal 8.5 11 100 page",MHAOUD ADIL,Paperback,"Aug 31, 2021",
0,https://www.amazon.com/dp/B09FBTW1GK,B09FBTW1GK,"Self Care Planner: Minimalist dot grid self care planner Notebooks for mental health, positive vibes and organizing. 7.5""X9.25"" 100 pg.",Athira N S,Paperback,"Aug 31, 2021",
0,https://www.amazon.com/dp/B09FBTW1C5,B09FBTW1C5,Guitar Tabs: Blank Guitar Tabs Notebook,Poppy Potter,Paperback,"Aug 31, 2021",
3,https://www.amazon.com/dp/B09FBL6J9K,B09FBL6J9K,"Autumn Magic Grayscale Coloring Book: A High Quality Coloring Book Featuring Autumn Fairies, Witches, and More!",Fred Gray,Paperback,"Aug 31, 2021",
0,https://www.amazon.com/dp/B09F8STB66,B09F8STB66,"Kimber: Unicorn Notebook Personal Name Wide Lined Rule Paper | Notebook The Notebook For Writing Journal or Diary Women & Girls Gift for Birthday, For Student | 162 Pages Size 8.5x11inch",Phyllis Wright,Paperback,"Aug 31, 2021",
0,https://www.amazon.com/dp/B09F1N37YP,B09F1N37YP,"Beautiful Elizabeth: Personalised Motivational Journal Notebook for Girls Named Elizabeth. (Custom Name Journal, Blank Journal, Write in Notebook) ... Pages Black background(Elizabeth Notebook)",Elizabeth's Prints Personalised Publication,Paperback,"Aug 31, 2021",
0,https://www.amazon.com/dp/B09F1G3YNQ,B09F1G3YNQ,"Beautiful Francesca: Personalised Motivational Journal Notebook for Girls Named Francesca. (Custom Name Journal, Blank Journal, Write in Notebook) ... Pages Black background(Francesca Notebook)",Francesca's Prints Personalised Publication,Paperback,"Aug 31, 2021",
0,https://www.amazon.com/dp/B09F1G3YN9,B09F1G3YN9,"Beautiful Heather: Personalised Motivational Journal Notebook for Girls Named Heather. (Custom Name Journal, Blank Journal, Write in Notebook) Large ... 110 Pages Black background(Heather Notebook)",Heather's Prints Personalised Publication,Paperback,"Aug 31, 2021",
0,https://www.amazon.com/dp/B09F1G3YN4,B09F1G3YN4,"Beautiful Ellie: Personalised Motivational Journal Notebook for Girls Named Ellie. (Custom Name Journal, Blank Journal, Write in Notebook) Large Blank ... 110 Pages Black background(Ellie Notebook)",Ellie's Prints Personalised Publication,Paperback,"Aug 31, 2021",
0,https://www.amazon.com/dp/B09F1FY5J2,B09F1FY5J2,"College Ruled Notebook: College Ruled Paper: Workbook for Students, Kids, Teens and Women (6x9 inches with 120 pages)",Luis Camacho,Paperback,"Aug 31, 2021",
0,https://www.amazon.com/dp/B09F1FY5H5,B09F1FY5H5,Grimoire Spell Journal: Record of Rituals and Divinations - Vintage Cover(6x9 in; 120 pages),Luis Camacho,Paperback,"Aug 31, 2021",
0,https://www.amazon.com/dp/B09F1FY4JX,B09F1FY4JX,"Beautiful Faye: Personalised Motivational Journal Notebook for Girls Named Faye. (Custom Name Journal, Blank Journal, Write in Notebook) Large Blank ... 6x9 110 Pages Black background(Faye Notebook)",Faye's Prints Personalised Publication,Paperback,"Aug 31, 2021",
0,https://www.amazon.com/dp/B09F1FXSPQ,B09F1FXSPQ,"Beautiful Katherine: Personalised Motivational Journal Notebook for Girls Named Katherine. (Custom Name Journal, Blank Journal, Write in Notebook) ... Pages Black background(Katherine Notebook)",Katherine's Prints Personalised Publication,Paperback,"Aug 31, 2021",
0,https://www.amazon.com/dp/B09F1FSZZR,B09F1FSZZR,"Beautiful Iwao: Personalised Motivational Journal Notebook for Girls Named Iwao . (Custom Name Journal, Blank Journal, Write in Notebook) Large Blank ... 110 Pages Black background(Iwao Notebook)",Iwao 's Prints Personalised Publication,Paperback,"Aug 31, 2021",
0,https://www.amazon.com/dp/B09F1FSZYB,B09F1FSZYB,"Beautiful Evelyn: Personalised Motivational Journal Notebook for Girls Named Evelyn. (Custom Name Journal, Blank Journal, Write in Notebook) Large ... 110 Pages Black background(Evelyn Notebook)",Evelyn's Prints Personalised Publication,Paperback,"Aug 31, 2021",
0,https://www.amazon.com/dp/B09F1FRQCD,B09F1FRQCD,Undated Daily Planner: 8.5x11 One Page Per Day Diary / 365 Logs / 6AM to 7PM Hourly Schedule / Colorful Abstract Shape Line - Art Pattern / To Do List ... / Time Management Gift For Organized People,BND Three Six Five UND Publishing,Hardcover,"Aug 31, 2021",
0,https://www.amazon.com/dp/B09F1FRP42,B09F1FRP42,Take Your Business To The Next Level: Tips For Small Business To Survive During Uncertain Times: How To Grow Your Business,Ignacia Durick,Paperback,"Aug 31, 2021",
0,https://www.amazon.com/dp/B09F1FRNW3,B09F1FRNW3,"Grimoire Spell Journal: Grimoire Journal, Blank Grimoire Spell Notebook with Vintage Cover (6x9 in; 120 pages)",Luis Camacho,Paperback,"Aug 31, 2021",
0,https://www.amazon.com/dp/B09F1D2GJ8,B09F1D2GJ8,"Berkley: Unicorn Notebook Personal Name Wide Lined Rule Paper | Notebook The Notebook For Writing Journal or Diary Women & Girls Gift for Birthday, For Student | 162 Pages Size 8.5x11inch",Percy Ramsey,Paperback,"Aug 31, 2021",
0,https://www.amazon.com/dp/B09F1CZRQT,B09F1CZRQT,"Positivity Diary and Gratitude Journal: Give Thanks, Practice Positivity & Find Joy (8,5 x 11 in - 150 pages)",Luis Camacho,Paperback,"Aug 31, 2021",
0,https://www.amazon.com/dp/B09F1CZQS7,B09F1CZQS7,"Beautiful Julie: Personalised Motivational Journal Notebook for Girls Named Julie. (Custom Name Journal, Blank Journal, Write in Notebook) Large Blank ... 110 Pages Black background(Julie Notebook)",Julie's Prints Personalised Publication,Paperback,"Aug 31, 2021",
0,https://www.amazon.com/dp/B09F1CZQRJ,B09F1CZQRJ,"Beautiful Clémence: Personalised Motivational Journal Notebook for Girls Named Clémence. (Custom Name Journal, Blank Journal, Write in Notebook) Large ... 110 Pages Black background(Clémence Notebook)",Clémence's Prints Personalised Publication,Paperback,"Aug 31, 2021",
0,https://www.amazon.com/dp/B09F18WV4J,B09F18WV4J,Undated Daily Planner: 8.5x11 One Page Per Day Diary / 365 Logs / 6AM to 7PM Hourly Schedule / Ballerina Dancer Tutu - Black White Art Photo / To Do ... / Time Management Gift For Organized People,BND Three Six Five UND Publishing,Hardcover,"Aug 31, 2021",
0,https://www.amazon.com/dp/B09F18WFR6,B09F18WFR6,"Beautiful Jirou: Personalised Motivational Journal Notebook for Girls Named Jirou . (Custom Name Journal, Blank Journal, Write in Notebook) Large ... 110 Pages Black background(Jirou Notebook)",Jirou 's Prints Personalised Publication,Paperback,"Aug 31, 2021",
0,https://www.amazon.com/dp/B09F18WFQ6,B09F18WFQ6,"Beautiful Daisy: Personalised Motivational Journal Notebook for Girls Named Daisy. (Custom Name Journal, Blank Journal, Write in Notebook) Large Blank ... 110 Pages Black background(Daisy Notebook)",Daisy's Prints Personalised Publication,Paperback,"Aug 31, 2021",
0,https://www.amazon.com/dp/B09F18WFPS,B09F18WFPS,"Beautiful Clarissa: Personalised Motivational Journal Notebook for Girls Named Clarissa. (Custom Name Journal, Blank Journal, Write in Notebook) Large ... 110 Pages Black background(Clarissa Notebook)",Clarissa's Prints Personalised Publication,Paperback,"Aug 31, 2021",
0,https://www.amazon.com/dp/B09F14SSL7,B09F14SSL7,"Beautiful Grace: Personalised Motivational Journal Notebook for Girls Named Grace. (Custom Name Journal, Blank Journal, Write in Notebook) Large Blank ... 110 Pages Black background(Grace Notebook)",Grace's Prints Personalised Publication,Paperback,"Aug 31, 2021",
0,https://www.amazon.com/dp/B09F14SSK5,B09F14SSK5,"Lisa: Unicorn Notebook Personal Name Wide Lined Rule Paper | Notebook The Notebook For Writing Journal or Diary Women & Girls Gift for Birthday, For Student | 162 Pages Size 8.5x11inch",Johnathan Pratt,Paperback,"Aug 31, 2021",
0,https://www.amazon.com/dp/B09F14PYXH,B09F14PYXH,How To Make Your Business Grow: Things You Need To Achieve Success In Digital World: How To Communicate Better With Your Customers,Jennie Llamas,Paperback,"Aug 31, 2021",
0,https://www.amazon.com/dp/B09F14PYX5,B09F14PYX5,Find Your Inner Celebrity: The Ways To Turn Your Knowledge Into A Business: Being Paid For Your Expertise And Knowledge,Alton Hindbaugh,Paperback,"Aug 31, 2021",
0,https://www.amazon.com/dp/B09F14PYNC,B09F14PYNC,Remote Learning Planner: Virtual or Remote Learning Compatible Planner (8.5x11 in; no bleed; 121 pages),Luis Camacho,Paperback,"Aug 31, 2021",
0,https://www.amazon.com/dp/B09FCCLDXR,B09FCCLDXR,"Violin Notebook: A Journal For Documenting Violin Practice, Record Book And Log For Goals, Tasks, Thoughts, And Notes",Koob Lanruoj,Paperback,"Aug 30, 2021",
0,https://www.amazon.com/dp/B09FS74FKY,B09FS74FKY,"SHE BELIEVED SHE COULD SP SHE DID NOTEBOOK, for your dairy note ,for women's, girls: 8.5* x 11*120 LINED PAGES ALCOHOL ART COVER",NAELA ART,Paperback,"Aug 30, 2021",
0,https://www.amazon.com/dp/B09FCHR86J,B09FCHR86J,"composition notebook: Mushrooms composition notebook college wide Ruled notebook 110 page 8.5in x 11in notebook for girls,boys,teens,adults,and kids",James Andel,Paperback,"Aug 30, 2021",
0,https://www.amazon.com/dp/B09FCHQWXG,B09FCHQWXG,Isometric Graph Paper Notebook (120 Pages | 8.5 x 11 Inch | 1/4 Inch Equilateral Triangles),C Chung,Paperback,"Aug 30, 2021",
0,https://www.amazon.com/dp/B09FCHQWBB,B09FCHQWBB,"COMPOSTION NOTEBOOK: Blank-lined composition notebook (7.5x9.25"", 110 pages). Lined paper journal. Round line patterned design for students and graduates.",BENYOUB SOUFI,Paperback,"Aug 30, 2021",
0,https://www.amazon.com/dp/B09FCHQW8N,B09FCHQW8N,"Notebook: Modern, minimalist rosegold marble patterned notebook",Sweet Creature,Paperback,"Aug 30, 2021",
0,https://www.amazon.com/dp/B09FCHQW1Z,B09FCHQW1Z,Travel Drawing Journal: Notebook,Tids and Bits Crafts,Hardcover,"Aug 30, 2021",
0,https://www.amazon.com/dp/B09FCHQVZH,B09FCHQVZH,"Blank Sheet Music For Piano: Great For Kids And Adults, 6 Staves Per Page, Great Music Notebook (120 Pages, 6x9inches): Perfect Gift For Musicians And Songwriters",All About Music,Paperback,"Aug 30, 2021",
0,https://www.amazon.com/dp/B09FCHQVK4,B09FCHQVK4,Notebook: Psychedelic Dance Inspired Blank Lined Notebook,Daniel Stephenson,Paperback,"Aug 30, 2021",
0,https://www.amazon.com/dp/B09FCHQ9HJ,B09FCHQ9HJ,Sketchbook: Dvengersdog Funny Dachshunds 8'' x 11'' Dog Sketchbook Makes A Wonderful Gift For Loved Ones,Ryan charles,Paperback,"Aug 30, 2021",
0,https://www.amazon.com/dp/B09FCHDRSB,B09FCHDRSB,"Gott ist ein Designer, Logo Design Sketch Book: 120 Pages, 8.5"" x 11"" dotted Notebook for Logo Design Sketching: Typography, Artwork Sketchbook and Notebook for Designers",logo design sketchbook,Paperback,"Aug 30, 2021",
0,https://www.amazon.com/dp/B09FCHDRKR,B09FCHDRKR,Monogram initial C Notebook(6x9) .Lined pages journal Notebook for College Students. Diary gift idea.,Black journals,Paperback,"Aug 30, 2021",
0,https://www.amazon.com/dp/B09FCHDRGH,B09FCHDRGH,"notebook: Flower Golden Globe Notebook ,Golden Leaves Composition Notebook for girls, 120 pages (6×9) inshes",allosh Golden,Paperback,"Aug 30, 2021",
0,https://www.amazon.com/dp/B09FCHDRDQ,B09FCHDRDQ,NoteBook: Simple lined paper notebook,Vin Rid,Paperback,"Aug 30, 2021",
0,https://www.amazon.com/dp/B09FCHDRC6,B09FCHDRC6,"Hawai'i 2022 Calendar: From January 2022 to December 2022 - Super Mini Calendar 6x8"" - Pocket Gorgeous Non-Glossy Paper",Happy Day Publishing,Paperback,"Aug 30, 2021",
0,https://www.amazon.com/dp/B09FCHDRBZ,B09FCHDRBZ,"Graph Paper Composition Notebook, Quad Ruled 5 Squares Per Inch: 8.5x11 | Math and Science Composition Notebook for Students | Graph paper notebooks | 120 pages",Boring Products,Paperback,"Aug 30, 2021",
0,https://www.amazon.com/dp/B09FCFNYX7,B09FCFNYX7,Composition Notebook: Blooming Floral Vintage Blank Lined Wide Ruled Paper Notebook |Aesthetic Botanical Illustration Journal Of Natural History And ... |Black Marbled For Kindergarten-120Pages,Elisabeth's Life,Paperback,"Aug 30, 2021",
0,https://www.amazon.com/dp/B09FCFNYVX,B09FCFNYVX,"Sketch Book: Design, Sketch, Draw",James Joseph,Paperback,"Aug 30, 2021",
0,https://www.amazon.com/dp/B09FCFNYVS,B09FCFNYVS,Composition Notebook: Blooming Floral Vintage Blank Lined Wide Ruled Paper Notebook |Aesthetic Botanical Illustration Journal Of Natural History And ... |Black Marbled For Kindergarten-120Pages,Elisabeth's Life,Paperback,"Aug 30, 2021",
0,https://www.amazon.com/dp/B09FCFNYFG,B09FCFNYFG,"Monogram initial letter "" Z "" butterfly Notebook (6x9) .Lined pages journal Notebook for College Students. Diary gift idea.",Black journals,Paperback,"Aug 30, 2021",
0,https://www.amazon.com/dp/B09FCFNY7D,B09FCFNY7D,"Graph Paper Composition Notebook: Grid Paper Notebook With 4x4 Grid, 120 Sheets - Large 8.5 x 11 Inches - Graph Paper Notebooks: Graph Paper ... for Math, Artwork, Science, and Engineering.",GRAPH ARTIST PUBLISHING,Paperback,"Aug 30, 2021",
0,https://www.amazon.com/dp/B09FCFNY16,B09FCFNY16,"Composition Notebook: Cute Notebooks Perfect Gift For Girls Teens Women School Home Writing Notes Journal | "" 7.5 X 9.25 "" - Wide Ruled 110 Pages ... School -Work or Home Workbook",VISION COMPOSITION,Paperback,"Aug 30, 2021",
0,https://www.amazon.com/dp/B09FCFH9MS,B09FCFH9MS,"Designer Graph Paper: 4 Squares Per Inch, Grid Paper Pad",James Joseph,Paperback,"Aug 30, 2021",
0,https://www.amazon.com/dp/B09FCFH8XK,B09FCFH8XK,"Life Without Piano Would Be Flat Music Sheet Journal ( 6"" x 9"" ): Pianists",Ry Leggy,Paperback,"Aug 30, 2021",
0,https://www.amazon.com/dp/B09FCFH8SH,B09FCFH8SH,Monogram initial B Notebook(6x9) .Lined pages journal Notebook for College Students. Diary gift idea.,Black journals,Paperback,"Aug 30, 2021",
0,https://www.amazon.com/dp/B09FCFH8R1,B09FCFH8R1,"You can do it in 2022, do it and don't hesitate, you can succède notebook 120 page 6×9: You can do it in 2022 Notebook 120 page 6×9",Outtaleb,Paperback,"Aug 30, 2021",
0,https://www.amazon.com/dp/B09FCFH8MX,B09FCFH8MX,Address Telephone Book: 8 x 10 Contact Notebook Organizer | A-Z Alphabetical Index | Large Print | Watercolor Delicate Flower Design Turquoise,Emily Grace,Paperback,"Aug 30, 2021",
0,https://www.amazon.com/dp/B09FCFH8F9,B09FCFH8F9,"Drumset manuscript notebook: Drums blank sheet music notebook. Accessories for drum lover, drums Teacher & music Students. (8” x 10”, 120 pages) Ideal for musicians, percussionists and song writers",Drum lover publishing,Paperback,"Aug 30, 2021",
0,https://www.amazon.com/dp/B09FCCLDYL,B09FCCLDYL,"Say yes to new adventures notebook: Cute pink flamingo with bicyle flowers bouquet note book, write your notes (6x9 large) 100 pages",EMYY'S EDITION,Paperback,"Aug 30, 2021",
0,https://www.amazon.com/dp/B09FCCLDXP,B09FCCLDXP,"Composition Notebook: Wide-Ruled, 7.5 x 9.25, 100 Pages, For kids, teens, and adults (Composition Notebooks)",Book Man Co.,Paperback,"Aug 30, 2021",
0,https://www.amazon.com/dp/B09FCCLDWN,B09FCCLDWN,Lindsay's Coloring Book: Pretty Personalised Name Coloring Book Gift For Women and Girls,Freedomlance Press,Paperback,"Aug 30, 2021",
0,https://www.amazon.com/dp/B09FCCLDNC,B09FCCLDNC,Birds Rug Painting Pattern Inspirational Lined Notebook Journal: Birds Rug Painting Pattern Gift Notebook,Adam,Paperback,"Aug 30, 2021",
0,https://www.amazon.com/dp/B09FCCD9QQ,B09FCCD9QQ,"Garden Pumpkin - Journal: Autumn , Halloween , Pumpkins , Notebook , Diary , For School , Work , Kids , Teens , Gift",Kiana's Art,Paperback,"Aug 30, 2021",
0,https://www.amazon.com/dp/B09FCCD9GL,B09FCCD9GL,"Havana 2022 Calendar: From January 2022 to December 2022 - Square Mini Calendar 8.5x8.5"" - Small Gorgeous Non-Glossy Paper",Kayle Publishing,Paperback,"Aug 30, 2021",
0,https://www.amazon.com/dp/B09FCCD97C,B09FCCD97C,Reaper Notebook: Photography & Videography Gift Journal. Camera Enthusiast Writing Book (Notebooks),Focus Fiend,Paperback,"Aug 30, 2021",
0,https://www.amazon.com/dp/B09FCB46ZB,B09FCB46ZB,"Architect Sketchbook: Graph Paper Sketch Journal for Architectural Planning, Design, Construction and Engineering, blueprint notebook, 110 Pages, 6″X9″",Architect Design,Paperback,"Aug 30, 2021",
0,https://www.amazon.com/dp/B09FCB46YC,B09FCB46YC,Musical Sheets,samantha scott,Paperback,"Aug 30, 2021",
0,https://www.amazon.com/dp/B09FCB46XP,B09FCB46XP,"Composition Notebook: Leopard Wide-Ruled, 7.5 x 9.25, 100 Pages, For kids, teens, and adults (Composition Notebooks)",Book Man Co.,Paperback,"Aug 30, 2021",
0,https://www.amazon.com/dp/B09FCB46WK,B09FCB46WK,Address Telephone Book: 8 x 10 Contact Notebook Organizer | A-Z Alphabetical Index | Large Print | Watercolor Delicate Flower Design Yellow,Emily Grace,Paperback,"Aug 30, 2021",
0,https://www.amazon.com/dp/B09FCB23YR,B09FCB23YR,Address Telephone Book: 4x6 Mini Contact Notebook Organizer | A-Z Alphabetical Index | Forest Deer Bear Rabbit Design Orange,Emily Grace,Paperback,"Aug 30, 2021",
0,https://www.amazon.com/dp/B09FC9YPR5,B09FC9YPR5,"Composition Notebook: Multicolor Tie Dye Design/Wide Ruled Paper/100 Pages/ For kids, teens and adults.",Racim Edition,Paperback,"Aug 30, 2021",
0,https://www.amazon.com/dp/B09FC9YPJ5,B09FC9YPJ5,"Havana 2022 Calendar: From January 2022 to December 2022 - Super Mini Calendar 6x8"" - Pocket Gorgeous Non-Glossy Paper",Happy Day Publishing,Paperback,"Aug 30, 2021",
0,https://www.amazon.com/dp/B09FC9YPF6,B09FC9YPF6,Brush Strokes Journal featuring Édouard Manet (Brush Strokes Journal Series),Avalynn Circe,Paperback,"Aug 30, 2021",
0,https://www.amazon.com/dp/B09FC9YPB9,B09FC9YPB9,"Pink Leopard Print Composition Notebook: For Women and Girls | For Work, Business, Office and Home | For Middle School, High School and University | 120 7.5x9.25 Wide Ruled Pages",Lee Fox,Paperback,"Aug 30, 2021",
0,https://www.amazon.com/dp/B09FC9Y6L6,B09FC9Y6L6,"flowers composition notebook: Blooming Groovy Floral composition notebook college wide Ruled notebook 110 page 8.5in x 11in notebook for girls,boys,teens,adults,and kids",James Andel,Paperback,"Aug 30, 2021",
0,https://www.amazon.com/dp/B09FC9HS3J,B09FC9HS3J,"Notebook, Journal, Ruled Paper: BOSSA NOVA NOTEBOOK for latin music fan (6 x 9 paper 98 lined pages): I love music notebook",Familia Positive Projects,Paperback,"Aug 30, 2021",
0,https://www.amazon.com/dp/B09FC893ZW,B09FC893ZW,Composition Notebook: Blooming Floral Design Blank Lined Wide Ruled Paper Notebook |Aesthetic Botanical Illustration Journal Of Natural History And ... |Blue Marbled For Kindergarten-120Pages,Elisabeth's Life,Paperback,"Aug 30, 2021",
0,https://www.amazon.com/dp/B09FC893X2,B09FC893X2,"composition notebook: Wide Ruled Lined Paper Notebook Journal: Gold Glitter Liquid Marble Painting Workbook for Girls Kids Teens Students for Back to ... Writing Notes,120 pages,7.5 x 9.25 inches",mark madison,Paperback,"Aug 30, 2021",
0,https://www.amazon.com/dp/B09FC893ND,B09FC893ND,blank comics book for kids & adult: blank comics book,magic pencil,Paperback,"Aug 30, 2021",
0,https://www.amazon.com/dp/B09FC8939D,B09FC8939D,"Yellow Composition Notebook: Yellow Composition Notebook Wide Ruled, Yellow Composition Notebook For School- 200, 7.5 x 9.25 Wide Ruled Pages",Luka Press,Paperback,"Aug 30, 2021",
0,https://www.amazon.com/dp/B09FC6G49W,B09FC6G49W,"BabyDoll Notebook: ♡ pink/white ♡ 120 page Notebook 6""x9""",BabyDoll Stationary,Paperback,"Aug 30, 2021",
0,https://www.amazon.com/dp/B09FC6G49C,B09FC6G49C,Composition Notebook: Blooming Floral Vintage Blank Lined Wide Ruled Paper Notebook |Aesthetic Botanical Illustration Journal Of Natural History And ... |Blue Marbled For Kindergarten-120Pages,Elisabeth's Life,Paperback,"Aug 30, 2021",
0,https://www.amazon.com/dp/B09FC6F14T,B09FC6F14T,Composition Notebook: Blooming Floral Vintage Blank Lined Wide Ruled Paper Notebook |Aesthetic Botanical Illustration Journal Of Natural History And ... |Black Marbled For Kindergarten-120Pages,Elisabeth's Life,Paperback,"Aug 30, 2021",
1,https://www.amazon.com/dp/B09FC6F134,B09FC6F134,Dreams Never Die: Journal,Sharon Ann Harris,Paperback,"Aug 30, 2021",
0,https://www.amazon.com/dp/B09FC6DYYN,B09FC6DYYN,"Guitar Tab Notebook Blank Tablature: 110 Pages - 8.5""x11"" Book / Guitar Tabs / Journal Gift",Blank Guitar Tab,Paperback,"Aug 30, 2021",
0,https://www.amazon.com/dp/B09FC6C27Y,B09FC6C27Y,"Composition Notebook: Leopard Wide-Ruled, 7.5 x 9.25, 100 Pages, For kids, teens, and adults (Composition Notebooks)",Book Man Co.,Paperback,"Aug 30, 2021",
0,https://www.amazon.com/dp/B09FC6C245,B09FC6C245,"Tokyo 2022 Calendar: From January 2022 to December 2022 - Super Mini Calendar 6x8"" - Pocket Gorgeous Non-Glossy Paper",Happy Day Publishing,Paperback,"Aug 30, 2021",
0,https://www.amazon.com/dp/B09FC6C21K,B09FC6C21K,Bullet Journal: Dotted Journal for Writers and Creatives,Inky Book Gems,Paperback,"Aug 30, 2021",
0,https://www.amazon.com/dp/B09FC1Q825,B09FC1Q825,Notebook: Journal Boys Girls Kids Teens Students Writing Notes,Anna Maria Kalan,Paperback,"Aug 30, 2021",
0,https://www.amazon.com/dp/B09F1FY4J7,B09F1FY4J7,"Beautiful Barbara: Personalised Motivational Journal Notebook for Girls Named Barbara. (Custom Name Journal, Blank Journal, Write in Notebook) Large ... 110 Pages Black background(Barbara Notebook)",Barbara's Prints Personalised Publication,Paperback,"Aug 30, 2021",
0,https://www.amazon.com/dp/B09F1FXSN6,B09F1FXSN6,"Beautiful Amy: Personalised Motivational Journal Notebook for Girls Named Amy. (Custom Name Journal, Blank Journal, Write in Notebook) Large Blank ... 6x9 110 Pages Black background(Amy Notebook)",Amy's Prints Personalised Publication,Paperback,"Aug 30, 2021",
0,https://www.amazon.com/dp/B09F1FVFZZ,B09F1FVFZZ,"Beautiful Ashlyn: Personalised Motivational Journal Notebook for Girls Named Ashlyn. (Custom Name Journal, Blank Journal, Write in Notebook) Large ... 110 Pages Black background(Ashlyn Notebook)",Ashlyn's Prints Personalised Publication,Paperback,"Aug 30, 2021",
0,https://www.amazon.com/dp/B09F1FVFZR,B09F1FVFZR,"Beautiful Casey: Personalised Motivational Journal Notebook for Girls Named Casey. (Custom Name Journal, Blank Journal, Write in Notebook) Large Blank ... 110 Pages Black background(Casey Notebook)",Casey's Prints Personalised Publication,Paperback,"Aug 30, 2021",
0,https://www.amazon.com/dp/B09F1FRPFS,B09F1FRPFS,"Halloween Coloring Book For Teens: 50+ spooky coloring pages filled with monsters, witches, pumpkin, haunted house and more for hours of fun and relaxation | Ultimate halloween gift",Jadine Lowry,Paperback,"Aug 30, 2021",
0,https://www.amazon.com/dp/B09F1CZQQQ,B09F1CZQQQ,"Shania Notes: Personalised Journal Notebook for Girls Named Shania. (Custom Name Journal, Blank Journal, Write in Notebook) Large Blank Lined Journal ... Pages Ocean Blue Background(Shania Notebook)",Shania's Prints Personalised Publication,Paperback,"Aug 30, 2021",
0,https://www.amazon.com/dp/B09F1B8593,B09F1B8593,Teacher Contact List: Daily Record Book for Teaching Multiple Kids and Contact list for Students -29 Pages-8.5x11 in,Luis Camacho,Paperback,"Aug 30, 2021",
0,https://www.amazon.com/dp/B09F14TBMD,B09F14TBMD,"Halloween Coloring Book For Adults Age 100 Years Old: 50+ spooky coloring pages filled with monsters, witches, pumpkin, haunted house and more for hours of fun and relaxation | Ultimate halloween gift",Jadine Lowry,Paperback,"Aug 30, 2021",
0,https://www.amazon.com/dp/B09F14SSJP,B09F14SSJP,"Beautiful Akira: Personalised Motivational Journal Notebook for Girls Named Akira . (Custom Name Journal, Blank Journal, Write in Notebook) Large ... 110 Pages Black background(Akira Notebook)",Akira 's Prints Personalised Publication,Paperback,"Aug 30, 2021",
0,https://www.amazon.com/dp/B09F14SSJM,B09F14SSJM,"Beautiful Alicia: Personalised Motivational Journal Notebook for Girls Named Alicia. (Custom Name Journal, Blank Journal, Write in Notebook) Large ... 110 Pages Black background(Alicia Notebook)",Alicia's Prints Personalised Publication,Paperback,"Aug 30, 2021",
0,https://www.amazon.com/dp/B09F14PY5R,B09F14PY5R,"Day Of The Dead Sugar Skull Pink Heart Sunglasses Wide Ruled Composition Notebook: Wide Blank Lined Workbook, Fun Gift for School or Work, Teachers & Students | Special Cover | 6x9 In 120 Pages",Mark Brec,Paperback,"Aug 30, 2021",
0,https://www.amazon.com/dp/B09F18WGTV,B09F18WGTV,Shark Coloring Book For Kids Ages 4-8: Great Coloring Books For Kids With Shark Images,Army Begley,Paperback,"Aug 30, 2021",
1,https://www.amazon.com/dp/B09FCKC2GV,B09FCKC2GV,Inked - Marbled Art Paper - For White Ink and Gel Pens: Huge 8.5 x 11.5 / 20 different designs / Full Color,J D M,Paperback,"Aug 29, 2021",
0,https://www.amazon.com/dp/B09FCKC2Z8,B09FCKC2Z8,"Stork Heron Crane Ink Drawing: 5.5"" x 8.5"" Journal for writing Down Habits Diary, Notebook, Ruled/Lined, 192 Pages",Stork Heron Crane Publishing,Paperback,"Aug 29, 2021",
0,https://www.amazon.com/dp/B09GZFCD7J,B09GZFCD7J,My Journal,Mary Selby,Paperback,"Aug 29, 2021",
0,https://www.amazon.com/dp/B09GXD7QGS,B09GXD7QGS,School Is Cool Notebook,Wanda Clark,Paperback,"Aug 29, 2021",
0,https://www.amazon.com/dp/B09GCSLGHW,B09GCSLGHW,"Fashion Design Sketchbook With Figure Templates: Figure Templates Sketchbook|120 Large Female Figure Template For Sketching Your Fashion Design Styles ... for Women, Girls, and who like fashion design",Ana Ashley Jr,Paperback,"Aug 29, 2021",
0,https://www.amazon.com/dp/B09FSCKG3X,B09FSCKG3X,"This is my notebook hey please take note pattern : notebook journal (6X9): hey please take note pattern Cover, composition notebook, notebook,100 ... use, writing, journal, notes, letters",THAWINUN DITTAPOON,Hardcover,"Aug 29, 2021",
0,https://www.amazon.com/dp/B09FS89DMM,B09FS89DMM,"Sketchbook: Sketch Book: Notebook for Drawing, Writing, Painting, Sketching or Doodling, 120 Pages, 8.5x11",Niveditha H n,Paperback,"Aug 29, 2021",
0,https://www.amazon.com/dp/B09FP14XJM,B09FP14XJM,Notebook: Claude Monet's The Artist’s Garden in Giverny (1900),Studio KM,Paperback,"Aug 29, 2021",
0,https://www.amazon.com/dp/B09FNW8YNB,B09FNW8YNB,Notebook,Max Saban,Paperback,"Aug 29, 2021",
0,https://www.amazon.com/dp/B09FNJY35Z,B09FNJY35Z,"Manuscript Paper Notebook: Great For Musicians And Songwriters, 10 Staves Per Page (120 Pages, 8.5x11inches): Great Gift Idea For Songwriters And Music Lovers",All About Music,Paperback,"Aug 29, 2021",
0,https://www.amazon.com/dp/B09FCKC2XZ,B09FCKC2XZ,My Book Review: Notebook Lined Journal,Youdy art,Paperback,"Aug 29, 2021",
0,https://www.amazon.com/dp/B09FCKC2X2,B09FCKC2X2,"Graph Paper Notebook: 5 Squares Per Inch | 5x5 Graphing Grid Paper for Math, Science, Accounting, Organic Chemistry Students | Lined Ruled for ... Grid Format Quad Lined Ruled Graph Paper )",Rch cute engineer,Paperback,"Aug 29, 2021",
0,https://www.amazon.com/dp/B09FCKC2WZ,B09FCKC2WZ,"Note Books: Notebook 100 sheets, 6 x 9 inches, fits all note taking",Note Books,Paperback,"Aug 29, 2021",
0,https://www.amazon.com/dp/B09FCKC2S6,B09FCKC2S6,"Composition Notebook: Beach Journal Notebook, Size (6 x 9 inch), and 120 Pages Lined Papers pages, Back to School, Ocean Notebook",adlos for coebie81,Paperback,"Aug 29, 2021",
0,https://www.amazon.com/dp/B09FCKC2PY,B09FCKC2PY,Address Telephone Book: B6 Small Contact Notebook Organizer with A-Z Alphabetical Index | Watercolor Floral Frame Design Pink,Emily Grace,Paperback,"Aug 29, 2021",
0,https://www.amazon.com/dp/B09FCKC2PW,B09FCKC2PW,Address Telephone Book: B6 Small Contact Notebook Organizer with A-Z Alphabetical Index | Watercolor Floral Frame Design Purple,Emily Grace,Paperback,"Aug 29, 2021",
0,https://www.amazon.com/dp/B09FCKC2L7,B09FCKC2L7,"THINK OUTSIDE THE BOX Journal/Diary: Lined Notebook / Journal / Diary Gift, 110 blank pages, 6x9 inches, Matte Finish Cover",THE SOUND,Paperback,"Aug 29, 2021",
0,https://www.amazon.com/dp/B09FCKC2GZ,B09FCKC2GZ,"Composition book 200sheets/400pages 7,5×9,25in: Composition Notebook| wide Ruled Paper Notebook Journal | for back to school and Home College writing ... & Science Lovers.",Ranmi,Paperback,"Aug 29, 2021",
0,https://www.amazon.com/dp/B09FCHR7CZ,B09FCHR7CZ,"This is my notebook art pattern : notebook journal (6X9): Art pattern Cover, composition notebook, notebook,100 pages, 6X9, notebook for school, ... use, writing, journal, notes, letters",THAWINUN DITTAPOON,Paperback,"Aug 29, 2021",
0,https://www.amazon.com/dp/B09FCHPJVR,B09FCHPJVR,"Japanese Girl Ink Drawing: 5.5"" x 8.5"" Journal for writing Down Habits Diary, Notebook, Ruled/Lined, 192 Pages",Japanese Girl Publishing,Paperback,"Aug 29, 2021",
0,https://www.amazon.com/dp/B09FCHPJTR,B09FCHPJTR,Notebook: Black Cover (8.5 x 11 inches) 120 Pages: Lined Paper,hamdaoui,Paperback,"Aug 29, 2021",
0,https://www.amazon.com/dp/B09FCHPJHL,B09FCHPJHL,Notes: Blue & White Paint Splatter Notebook For School Writing Stories Or Personal Writing 6x9 Inches 120 Pages,Ember Quinn,Paperback,"Aug 29, 2021",
0,https://www.amazon.com/dp/B09FCHPJH8,B09FCHPJH8,"Composition Notebook: Workbook for Boys Girls Kids Teens Students for Back to School and Home College Writing Notes, Size (8.5 x 11 inches) 100 Pages: Lined Paper, Beautiful Dog Cover.",Jacqueline Baldwin,Paperback,"Aug 29, 2021",
0,https://www.amazon.com/dp/B09FCHPJD2,B09FCHPJD2,Trick or Treat Halloween Notebook: 100 Page Standard Size College Ruled Lined Journal: Fun Kids Notebook,PrettyIT Ent,Paperback,"Aug 29, 2021",
0,https://www.amazon.com/dp/B09FCHPJCV,B09FCHPJCV,Estimate Book Contractor: Job Estimate Quote Record Book With Client Contact Log & Dot Diagram Sheets For Taking Measurements & Inspection Notes,Fiona US,Paperback,"Aug 29, 2021",
0,https://www.amazon.com/dp/B09FCHDQC2,B09FCHDQC2,Unicorn Primary composition notebook grades K-2: Primary Composition Notebook,Rick Lee,Paperback,"Aug 29, 2021",
0,https://www.amazon.com/dp/B09FCFWLYT,B09FCFWLYT,"This is my notebook art pattern : notebook journal (6X9): Art pattern Cover, composition notebook, notebook,100 pages, 6X9, notebook for school, ... use, writing, journal, notes, letters",THAWINUN DITTAPOON,Paperback,"Aug 29, 2021",
0,https://www.amazon.com/dp/B09FCFH8DN,B09FCFH8DN,"Blue Leopard Print Composition Notebook: For Women and Girls | For Work, Business, Office and Home | For Middle School, High School and University | 120 7.5x9.25 Wide Ruled Pages",Lee Fox,Paperback,"Aug 29, 2021",
0,https://www.amazon.com/dp/B09FCFH84C,B09FCFH84C,Hexagonal Graph Paper Notebook: Hexagonal Graph Paper Notebook: Small Hexagons Light Grey Grid Hex Grid Paper for Design Fantasy Role Playing Mapping,nano edition,Paperback,"Aug 29, 2021",
0,https://www.amazon.com/dp/B09FCFH83S,B09FCFH83S,Game On: Personal Journal: Retro-styled geeky colorful lined notebook/journal/diary,Dan KNV,Paperback,"Aug 29, 2021",
0,https://www.amazon.com/dp/B09FCCLQ3Q,B09FCCLQ3Q,Journal Notebook 200 lined pages College Students success diary,jen Smith,Paperback,"Aug 29, 2021",
0,https://www.amazon.com/dp/B09FCCLPZF,B09FCCLPZF,"Live Laugh Love: Inspirational Quote Notebook - Green Golden Marble Minimalistic Design | Fun Notebook for School, College, Office and Home | Gift for ... Pages Journal Notebook Diary (Marble Series)",Medical Design Studio,Paperback,"Aug 29, 2021",
0,https://www.amazon.com/dp/B09FCCLPY8,B09FCCLPY8,This Betch Can Sketch!: Sketch Book,Double Rainbow,Paperback,"Aug 29, 2021",
0,https://www.amazon.com/dp/B09FCCLPTQ,B09FCCLPTQ,"Note Books: Notebook 100 sheets, 6 x 9 inches, fits all note taking",Note Books,Paperback,"Aug 29, 2021",
0,https://www.amazon.com/dp/B09FCCLPJ7,B09FCCLPJ7,Estimate Book Contractor: Job Estimate Quote Record Book With Client Contact Log & Dot Diagram Sheets For Taking Measurements & Inspection Notes,Adela US,Paperback,"Aug 29, 2021",
0,https://www.amazon.com/dp/B09FCCLPCC,B09FCCLPCC,"Colorful Abstract Illustration: 5.5"" x 8.5"" Journal for writing Down Habits Diary, Notebook, Ruled/Lined, 192 Pages",Colorful Abstract Illustration Publishing,Paperback,"Aug 29, 2021",
0,https://www.amazon.com/dp/B09FCCLDHB,B09FCCLDHB,"Designers Field Journal, 5.0 in x 8.0 in, 240 cream pages - half graph/half lined: Grids & Lines",D J H,Paperback,"Aug 29, 2021",
0,https://www.amazon.com/dp/B09FCCD919,B09FCCD919,"2022 Notebook : design excellent ball marbles ball glass vase decoration In One: 8.5x11 inch with 120 pages: 2022 New Notebook, Beautiful Design Marble Ball Colors",art edition,Paperback,"Aug 29, 2021",
0,https://www.amazon.com/dp/B09FCB46GD,B09FCB46GD,"Isometric Graph Paper For Engineers: 8.5 x 11 | 120 pages | white paper | Isometric graph paper notebook with 3D drawing paper, enginnering paper, architecture paper, equilateral triangle.",A.E. Engine,Paperback,"Aug 29, 2021",
0,https://www.amazon.com/dp/B09FCB463P,B09FCB463P,"Sketchbook Unicorn: Large Unicorn Sketchbook for Drawing, Doodling Or Sketching, 120 Blank Pages",TONNY RAMON,Paperback,"Aug 29, 2021",
0,https://www.amazon.com/dp/B09FCB461L,B09FCB461L,Estimate Book Contractor: Job Estimate Quote Record Book With Client Contact Log & Dot Diagram Sheets For Taking Measurements & Inspection Notes,Adela US,Paperback,"Aug 29, 2021",
0,https://www.amazon.com/dp/B09FCB23PD,B09FCB23PD,"Just A Girl Who loves Pet: A Cute Pet Gifts Fantastic Novelty Notebook/Journal For Girls, Women And Sisters. A Lined Notebook For Gifts",Mesmerizing Press,Paperback,"Aug 29, 2021",
0,https://www.amazon.com/dp/B09FCB235J,B09FCB235J,"notebook: Day Trading Quick Start Guide Notebook: The Simplified Beginner's Guide to Earning a Good Streak valid from 5 to 10 years / 120 ruler pages, ... between the lines inside the paper is 1 cm",AYOUB HAMMI,Paperback,"Aug 29, 2021",
0,https://www.amazon.com/dp/B09FC9YP9X,B09FC9YP9X,"Drumset manuscript notebook: Drums blank sheet music notebook. Accessories for drum lover, drums Teacher & music Students. (8” x 10”, 120 pages) Ideal for musicians, percussionists and song writers",Drum lover publishing,Paperback,"Aug 29, 2021",
0,https://www.amazon.com/dp/B09FC9YP8T,B09FC9YP8T,"national park nature discover the wild life: National Parks Bucket List Journal & Passport Stamp Log: To Record Your National Park Travel, Adventures and Memories",htm publishing,Paperback,"Aug 29, 2021",
0,https://www.amazon.com/dp/B09FC9YP74,B09FC9YP74,Notebook: Tangled Feather - 6x9in notebook - 120 page - lined pages,Dashtangles Press,Paperback,"Aug 29, 2021",
0,https://www.amazon.com/dp/B09FC9DD42,B09FC9DD42,"Music Sheet: Notebook, Music Writing Notebook, Blank Music Sheet, Wide Staff Blank Manuscript Paper, 9 Staves Per Page, Staff Paper",Anna Maria Kalan,Paperback,"Aug 29, 2021",
0,https://www.amazon.com/dp/B09FC9DD3Q,B09FC9DD3Q,"Music Sheet: Notebook, Music Writing Notebook, Blank Music Sheet, Wide Staff Blank Manuscript Paper, 9 Staves Per Page, Staff Paper",Anna Maria Kalan,Paperback,"Aug 29, 2021",
0,https://www.amazon.com/dp/B09FC86JN2,B09FC86JN2,Notebook: Pumpkin Spice And Everything Nice: Autumn Themed Funny Blank Lined Notebook,Harlee Press,Paperback,"Aug 29, 2021",
0,https://www.amazon.com/dp/B09FC7XCYX,B09FC7XCYX,Recipe Book: Amazing Cookbook For Anyone Who Want To Make his/her Own Cookbook,Cookbolt Press,Paperback,"Aug 29, 2021",
0,https://www.amazon.com/dp/B09FC7XCKV,B09FC7XCKV,"Tattoo Sketchbook: For Professional Tattoo Artists & Art Students | 100 Blank White Pages | 8.5” X 11” | Tattoo based Drawing, Notes, Ideas, Outlines, Designs | Tattoo Gifts",Little Birdie Publishing,Paperback,"Aug 29, 2021",
0,https://www.amazon.com/dp/B09FC7XCGM,B09FC7XCGM,"Fitness planner: Wellness Journal: 8.5x11, White Paper, College Rule Line Spacing, 120 Pages Paperback: Updated for 3 Monthes: Health and Fitness ... and Weight Loss - Exercise and Food Journal.",JC P,Paperback,"Aug 29, 2021",
0,https://www.amazon.com/dp/B09FC7F1L8,B09FC7F1L8,"Music Sheet: Notebook, Music Writing Notebook, Blank Music Sheet, Wide Staff Blank Manuscript Paper, 9 Staves Per Page, Staff Paper",Anna Maria Kalan,Paperback,"Aug 29, 2021",
0,https://www.amazon.com/dp/B09FC6C1X5,B09FC6C1X5,"Blue Leopard Print Composition Notebook: For Women and Girls | For Work, Business, Office and Home | For Middle School, High School and University | 120 7.5x9.25 Wide Ruled Pages",Lee Fox,Paperback,"Aug 29, 2021",
0,https://www.amazon.com/dp/B09FC6C1VY,B09FC6C1VY,"Eiffel Tower Notebook with Heart. 120 Lined Pages. College Ruled. Composition Notebook. 8.5 x 11. Gift for Francophiles, France Lovers, Fans of Paris and Travel Lovers.",PA Editions,Paperback,"Aug 29, 2021",
0,https://www.amazon.com/dp/B09FC598FQ,B09FC598FQ,"Music Sheet: Notebook, Music Writing Notebook, Blank Music Sheet, Wide Staff Blank Manuscript Paper, 9 Staves Per Page, Staff Paper",Anna Maria Kalan,Paperback,"Aug 29, 2021",
0,https://www.amazon.com/dp/B09FC598FP,B09FC598FP,"Music Sheet: Notebook, Music Writing Notebook, Blank Music Sheet, Wide Staff Blank Manuscript Paper, 9 Staves Per Page, Staff Paper",Anna Maria Kalan,Paperback,"Aug 29, 2021",
3,https://www.amazon.com/dp/B09FC3RXX6,B09FC3RXX6,"5 String Tab Notebook | Blank Manuscript Staff Music Paper | For 5-String Bass Guitar and other 5 string Instruments Ukulele, Banjo, Etc.) 200 Pages, ... Cover, 5 Line Blank Music Sheet Notebook",Buy Rite Merchandise LLC,Paperback,"Aug 29, 2021",
0,https://www.amazon.com/dp/B09FC3RX1W,B09FC3RX1W,Anime Blank Sketchbook,Christopher Kidd,Paperback,"Aug 29, 2021",
0,https://www.amazon.com/dp/B09FC3PVXQ,B09FC3PVXQ,"Music Sheet: Notebook, Music Writing Notebook, Blank Music Sheet, Wide Staff Blank Manuscript Paper, 9 Staves Per Page, Staff Paper",Anna Maria Kalan,Paperback,"Aug 29, 2021",
0,https://www.amazon.com/dp/B09FC3PVXD,B09FC3PVXD,"Music Sheet: Notebook, Music Writing Notebook, Blank Music Sheet, Wide Staff Blank Manuscript Paper, 9 Staves Per Page, Staff Paper",Anna Maria Kalan,Paperback,"Aug 29, 2021",
0,https://www.amazon.com/dp/B09F1D2G53,B09F1D2G53,"Christmas Coloring Book For Kids: This Coloring Book Perfect Gift Idea For Christmas Lover Kids, Girls, Boys and Friends. Ages 4-8, 8-12. A Unique ... Of Coloring Pages 50 Beautiful Illustrations.",Sadie Blanton,Paperback,"Aug 29, 2021",
5,https://www.amazon.com/dp/B09DMP89VL,B09DMP89VL,Guitalele Songbook for Beginners - 100 Timeless Folk and Children Songs with Tabs and Chords,Peter Upclaire,Kindle,"Aug 28, 2021",
0,https://www.amazon.com/dp/B09FC9HX8M,B09FC9HX8M,Alphabet Space Coloring Book For kids: Fun and Exciting space Alphabet Coloring Book for Kids to have adventures in space | Cute ABC | ABC Space pattern,Alwaked Publisher,Paperback,"Aug 28, 2021",
2,https://www.amazon.com/dp/B09FBNNK15,B09FBNNK15,"Guest Book: Funeral Guest Book In Loving Memory, Memorial Service Guest Book, Sign In Book for Funeral Guests, Registration Book For Funeral, Pink Cross Cover Art",Celebrate Life Publications,Hardcover,"Aug 28, 2021",
2,https://www.amazon.com/dp/B09DMP8B2S,B09DMP8B2S,3 Chord Mandolin Songbook - 50 Timeless Children Songs with Tabs and Chords,Peter Upclaire,Kindle,"Aug 28, 2021",
1,https://www.amazon.com/dp/B09FS74FR4,B09FS74FR4,Parasols: blank lined journal,Gillian Dreesen,Paperback,"Aug 28, 2021",
0,https://www.amazon.com/dp/B09FNP48ZZ,B09FNP48ZZ,Notebook,Max Saban,Paperback,"Aug 28, 2021",
0,https://www.amazon.com/dp/B09FNNQV61,B09FNNQV61,Sketch: drawing/sketching notebook,Katie Ortega,Paperback,"Aug 28, 2021",
0,https://www.amazon.com/dp/B09FN7JNQV,B09FN7JNQV,"Notebook: Minimalistic Notebook, Journal, Diary",Matz Publishing,Paperback,"Aug 28, 2021",
0,https://www.amazon.com/dp/B09FCHR6SM,B09FCHR6SM,Notebook: cute penguin Composition notebook - College Ruled -120 Pages -7.5 x 9.75,Bluesky designs,Paperback,"Aug 28, 2021",
0,https://www.amazon.com/dp/B09FCHR6F3,B09FCHR6F3,"Van Gogh Notebook : College Ruled, 120 page (Creative Edition): Van Gogh",Zakariae Labriki,Paperback,"Aug 28, 2021",
0,https://www.amazon.com/dp/B09FCHR679,B09FCHR679,"Dot Grid Notebook: Journal for Notes, Lists, To Write In Your Thoughts. 6""x9"". 120 Pages. Star Glitter Cover in Black Background.",Pandy Books,Paperback,"Aug 28, 2021",
0,https://www.amazon.com/dp/B09FCHR677,B09FCHR677,"I'm So Ready For School Notebook: Back To School composition noteBook, Journal and note taking, School Supplies For kids, Writing Lined Notebook, ... 120 Pages, 6x9, black and white background.",Students Designs,Paperback,"Aug 28, 2021",
0,https://www.amazon.com/dp/B09FCHQ9YL,B09FCHQ9YL,Guided Reading Plan Book for Teachers: Schedule Planner book For Teacher,Bruce M. Byrnes,Paperback,"Aug 28, 2021",
0,https://www.amazon.com/dp/B09FCHPJ86,B09FCHPJ86,Sketch Book,A Robinson,Paperback,"Aug 28, 2021",
0,https://www.amazon.com/dp/B09FCHPJ6N,B09FCHPJ6N,Drawing Book For Young Children To Learn to Paint: Drawing book with sheets specially designed for young children to learn to draw with enthusiasm,soso boss,Paperback,"Aug 28, 2021",
0,https://www.amazon.com/dp/B09FCHNLP8,B09FCHNLP8,BLACK NOTEBOOK: SIMPLE BLACK NOTEBOOK WITH 100 BLANK LINEN PAGES.,Ms. Simran Ratnani,Paperback,"Aug 28, 2021",
0,https://www.amazon.com/dp/B09FCHNLJ4,B09FCHNLJ4,Address Telephone Book: 8.5x11 Large Contact Notebook Organizer with A-Z Alphabetical Index | Cute Fox Family and Flower Design Purple,Emily Grace,Paperback,"Aug 28, 2021",
0,https://www.amazon.com/dp/B09FC7J9VQ,B09FC7J9VQ,Notebook: Believe Notebook 8x10in: Beautiful Girl,Moon Light,Paperback,"Aug 28, 2021",
0,https://www.amazon.com/dp/B09FC7J9Q5,B09FC7J9Q5,Address Telephone Book: 8.5x11 Large Contact Notebook Organizer with A-Z Alphabetical Index | Cute Fox Family and Flower Design Green,Emily Grace,Paperback,"Aug 28, 2021",
0,https://www.amazon.com/dp/B09FC7J8P1,B09FC7J8P1,Kiddy Seahorse Primary Composition Notebook/Grades K-2/(8.5X11)/Composition notebook with drawing space: Dotted Midline and Picture Space/Grades K-2 ... kiddy seahorse Series/Handwriting Practice,THAWINUN DITTAPOON,Paperback,"Aug 28, 2021",
0,https://www.amazon.com/dp/B09FC7F1W3,B09FC7F1W3,Diary,Miss Bethel Omoyeme Oamen,Paperback,"Aug 28, 2021",
0,https://www.amazon.com/dp/B09FC7F1QY,B09FC7F1QY,Recipes by Grandma: 120 Organized Pages Do it Yourself Cookbook for Grandma’s Recipes,Toby A. M.,Paperback,"Aug 28, 2021",
0,https://www.amazon.com/dp/B09FC7F154,B09FC7F154,"Composition Book-Purple & Green animal print: Wide ruled lined paper - 7.44"" x 9.69"" - 200 Pages – Student notebook with class details page",Bayou Black Wolves,Paperback,"Aug 28, 2021",
0,https://www.amazon.com/dp/B09FC6FBD3,B09FC6FBD3,"Notebook 800 Pages: Big Notebook with Blank Table of Contents | 800 Page Notebook College Ruled for Creators, Writers, Students | Red",Boring Products,Paperback,"Aug 28, 2021",
0,https://www.amazon.com/dp/B09FC6DY1G,B09FC6DY1G,"Kawaii Sketchbook: Cute Cat over Rainbow, Kawaii Themed Sketchbook with 120 Blank Sketch Pages",Sakura Publishing,Paperback,"Aug 28, 2021",
0,https://www.amazon.com/dp/B09FC5ZSKC,B09FC5ZSKC,Our Family Recipes: Blank Recipe Notebook with 120 Organized Pages for Your Family’s Best Kept Recipes,Toby A. M.,Paperback,"Aug 28, 2021",
0,https://www.amazon.com/dp/B09FC5ZS4S,B09FC5ZS4S,"Music Sheet: Notebook, Music Writing Notebook, Blank Music Sheet, Wide Staff Blank Manuscript Paper, 9 Staves Per Page, Staff Paper",Anna Maria Kalan,Paperback,"Aug 28, 2021",
0,https://www.amazon.com/dp/B09FC5VNV6,B09FC5VNV6,Notebook: Groom Wedding Ceremony 8in x 11in Happy Wedding Notebook Beautiful Gift,Veronika Rymar,Paperback,"Aug 28, 2021",
0,https://www.amazon.com/dp/B09FC5VNV5,B09FC5VNV5,Lyric Workbook Notebook 5X8 Glossy Finish: 5 X 8 Scroll and Music Notes Cover with Song Structures Blank Lined Pages and Index. Music Journal for Songwriting,O. H. F. Publishing,Paperback,"Aug 28, 2021",
0,https://www.amazon.com/dp/B09FC5VNS6,B09FC5VNS6,Address Telephone Book: 6x9 Medium Contact Notebook Organizer with A-Z Alphabetical Tabs | Large Print | Delicate Flower Succulent Design Teal,Emily Grace,Paperback,"Aug 28, 2021",
0,https://www.amazon.com/dp/B09FC5VNQS,B09FC5VNQS,"Primary Composition Notebook: Elephant Cover | Includes Drawing Space, Dotted Middle Lines | K-3rd grade | 100 Pages",C.J. Lanza,Paperback,"Aug 28, 2021",
0,https://www.amazon.com/dp/B09FC598FF,B09FC598FF,"Music Sheet: Notebook, Music Writing Notebook, Blank Music Sheet, Wide Staff Blank Manuscript Paper, 9 Staves Per Page, Staff Paper",Anna Maria Kalan,Paperback,"Aug 28, 2021",
0,https://www.amazon.com/dp/B09FC9YNC9,B09FC9YNC9,Graphic designer Because Superhero isn't an Official Job Title: Wide Ruled 6 x 9 journal,Daisy Roberta,Paperback,"Aug 28, 2021",
0,https://www.amazon.com/dp/B09FC9HQ8M,B09FC9HQ8M,Notebook: sweet elephant Composition notebook - College Ruled -120 Pages -7.5 x 9.75,Bluesky designs,Paperback,"Aug 28, 2021",
0,https://www.amazon.com/dp/B09FC9HPMC,B09FC9HPMC,"I'm So Ready For School Notebook: Back To School composition noteBook, Journal, School Supplies For kids, Writing Lined Notebook, journal gift for ... 120 Pages, 6x9, black and white background.",Students Designs,Paperback,"Aug 28, 2021",
0,https://www.amazon.com/dp/B09FC9H6SW,B09FC9H6SW,Kiddy Rabbit Primary Composition Notebook / Grades K-2 / (8.5X11) / Composition notebook with drawing space: Dotted Midline and Picture Space / Grades ... Kiddy rabbit Series / Handwriting Practice,THAWINUN DITTAPOON,Paperback,"Aug 28, 2021",
0,https://www.amazon.com/dp/B09FC9H6SS,B09FC9H6SS,Art Primary Composition Notebook / Grades K-2 / (8.5X11) / Composition notebook with drawing space: Dotted Midline and Picture Space / Grades K-2 ... Colorful Art Series / Handwriting Practice,THAWINUN DITTAPOON,Paperback,"Aug 28, 2021",
0,https://www.amazon.com/dp/B09FC91RCS,B09FC91RCS,"5 Year Monthly Planner 2022-2026: 2022 2026 Large 5 Year Calendar Planner | January 2022 to December 2026 - 60 Months . To Do List, Goals And Note Pages For Women",JosephPlanners Edition,Paperback,"Aug 28, 2021",
0,https://www.amazon.com/dp/B09FC8W179,B09FC8W179,Music Sheet Notebook: Blank Sheet Music Notebook Lyrics Journal Gifts Music Paper Musician Composition Worksheet,Tom M LeBlanc,Paperback,"Aug 28, 2021",
0,https://www.amazon.com/dp/B09FC87HYX,B09FC87HYX,"Sketchpad A5: 6.9 Inch, 100 Sheets Sketch Book for Artist Pro & Amateurs | Marker Art, Colored Pencil, Charcoal for Sketching: children, kids,girls and boys",eelks kml,Paperback,"Aug 28, 2021",
0,https://www.amazon.com/dp/B09FC87HNR,B09FC87HNR,"Notebook: Blue leopard Print, Composition Notebook - College Ruled 120 Pages - Large 8.5 x 11 Paperback",TIMEL EL,Paperback,"Aug 28, 2021",
0,https://www.amazon.com/dp/B09FC86J58,B09FC86J58,Day Planner - Size (8.5 x 11 inches) 120 Pages,V L,Paperback,"Aug 28, 2021",
0,https://www.amazon.com/dp/B09FC7XC2W,B09FC7XC2W,"Cahier de Musique pour Guitare: 7 tablatures et 6 diagrammes d'accords par page. Idéal pour les étudiants, amateurs et professionnels. (110 pages, Grand format a4).",Louis Laurent,Paperback,"Aug 28, 2021",
1,https://www.amazon.com/dp/B09FC59827,B09FC59827,Canine Sketch Book For Adults And Kids: Draw Your Own Doggy Sketches!: A pet dog art pad for dog lovers of all sizes and ages!,Mark Gregory,Paperback,"Aug 28, 2021",
0,https://www.amazon.com/dp/B09FC3PVNJ,B09FC3PVNJ,"Primary Journal Creative Story Notebook: for Kids, Kindergarten, Grades K-2 With Handwriting Methods and Draw Box",Pawokiddo Publishing,Paperback,"Aug 28, 2021",
0,https://www.amazon.com/dp/B09FC3PVLZ,B09FC3PVLZ,Floral Calendar: Month by month calendar,Miss Jane,Paperback,"Aug 28, 2021",
0,https://www.amazon.com/dp/B09FC3PVK7,B09FC3PVK7,"NOTEBOOK: A 6x9"" 120 page, blank, lined gothic styled notebook",mad scar,Paperback,"Aug 28, 2021",
0,https://www.amazon.com/dp/B09FC3PVH4,B09FC3PVH4,Estimate Book Contractor: Job Estimate Quote Record Book With Client Contact Log & Dot Diagram Sheets For Taking Measurements & Inspection Notes,MiMi US,Paperback,"Aug 28, 2021",
0,https://www.amazon.com/dp/B09FC3PVG2,B09FC3PVG2,Notebook: Funny Dog 8'' x 11'' Dog Notebook Makes A Wonderful Gift For Loved Ones,Ryan charles,Paperback,"Aug 28, 2021",
0,https://www.amazon.com/dp/B09FC3P515,B09FC3P515,Artist Project Planner,Robin E Coe,Paperback,"Aug 28, 2021",
0,https://www.amazon.com/dp/B09FC3P4KD,B09FC3P4KD,Kiddy Crab Primary Composition Notebook / Grades K-2 / (8.5X11) / Composition notebook with drawing space: Dotted Midline and Picture Space / Grades ... kiddy crab Series / Handwriting Practice,THAWINUN DITTAPOON,Paperback,"Aug 28, 2021",
0,https://www.amazon.com/dp/B09FC3GN27,B09FC3GN27,"Guitar Tab Manuscript book: A minimal luxury matte cover guitar tab (6 lined) with chord note space, size 8.5 x 11""",Drum Head,Paperback,"Aug 28, 2021",
0,https://www.amazon.com/dp/B09FC3GMTC,B09FC3GMTC,Art Primary Composition Notebook / Grades K-2 / (8.5X11) / Composition notebook with drawing space: Dotted Midline and Picture Space / Grades K-2 ... Colorful Art Series / Handwriting Practice,THAWINUN DITTAPOON,Paperback,"Aug 28, 2021",
0,https://www.amazon.com/dp/B09FC1Q824,B09FC1Q824,"Music Sheet: Notebook, Music Writing Notebook, Blank Music Sheet, Wide Staff Blank Manuscript Paper, 9 Staves Per Page, Staff Paper",Anna Maria Kalan,Paperback,"Aug 28, 2021",
0,https://www.amazon.com/dp/B09FC1Q7RQ,B09FC1Q7RQ,Isometric Notebook: Isometric Graph Paper Notebook,IsN Designer,Paperback,"Aug 28, 2021",
0,https://www.amazon.com/dp/B09FC1Q7NN,B09FC1Q7NN,"2022-2026 Monthly Planner: 5- Year Planner 2022-2026 | - Agenda Schedule Organizer | 60-Month Calendar, (Size: 8.5x11) |Gift idea for coworker Colleague.",JosephPlanners Edition,Paperback,"Aug 28, 2021",
0,https://www.amazon.com/dp/B09FBYQ1MX,B09FBYQ1MX,Standard Manuscript Paper: 200 Pages | Funky Cover | Blank Sheet Music Paper | Music Composition Notebook | 12 Staff | 8.5 X 11,Tecari Tunes,Paperback,"Aug 28, 2021",
0,https://www.amazon.com/dp/B09FBYQ1LY,B09FBYQ1LY,"Monthly planner: 24 Months Calendar Organizer and Appointments book | 4 pages = 1 month | For perfect time management |Luxury gold cover | Gifts for women , man , coworkers",Rania Publishing,Paperback,"Aug 28, 2021",
0,https://www.amazon.com/dp/B09FBYQ1KV,B09FBYQ1KV,Notebook: zodiac sign notebook,boho journals,Paperback,"Aug 28, 2021",
0,https://www.amazon.com/dp/B09FBYPY7B,B09FBYPY7B,"TONED TAN SKETCHBOOK: 8.5x11 Inches, 80 Pages, 90 gsm",Ed Toned,Paperback,"Aug 28, 2021",
0,https://www.amazon.com/dp/B09FBYPY5X,B09FBYPY5X,Address Telephone Book: 6x9 Medium Contact Notebook Organizer with A-Z Alphabetical Tabs | Large Print | Delicate Flower Succulent Design Pink,Emily Grace,Paperback,"Aug 28, 2021",
0,https://www.amazon.com/dp/B09FBYPY4Z,B09FBYPY4Z,Estimate Book Contractor: Job Estimate Quote Record Book With Client Contact Log & Dot Diagram Sheets For Taking Measurements & Inspection Notes,Adela US,Paperback,"Aug 28, 2021",
0,https://www.amazon.com/dp/B09FBWTSCS,B09FBWTSCS,"Composition Book-Purple & Blue Smoke: Wide ruled lined paper - 7.44"" x 9.69"" - 200 Pages – Student notebook with class details page",Bayou Black Wolves,Paperback,"Aug 28, 2021",
0,https://www.amazon.com/dp/B09FBWP7SW,B09FBWP7SW,Art Primary Composition Notebook / Grades K-2 / (8.5X11) / Composition notebook with drawing space: Dotted Midline and Picture Space / Grades K-2 ... Colorful Art Series / Handwriting Practice,THAWINUN DITTAPOON,Paperback,"Aug 28, 2021",
0,https://www.amazon.com/dp/B09FBNNK26,B09FBNNK26,Purple Abstract Sketchpad: Cute and Stylish Blank Sketchpad,CC LOVE BOOKS,Paperback,"Aug 28, 2021",
0,https://www.amazon.com/dp/B09FBJPJLD,B09FBJPJLD,"Notebook 800 Pages: Big Notebook with Blank Table of Contents | 800 Page Notebook College Ruled for Creators, Writers, Students | Blue",Boring Products,Paperback,"Aug 28, 2021",
0,https://www.amazon.com/dp/B09F1N37Y3,B09F1N37Y3,"Josephine Notes: Personalised Journal Notebook for Girls Named Josephine. (Custom Name Journal, Blank Journal, Write in Notebook) Large Blank Lined ... Ocean Blue Background(Josephine Notebook)",Josephine's Prints Personalised Publication,Paperback,"Aug 28, 2021",
0,https://www.amazon.com/dp/B09F1G3YM7,B09F1G3YM7,"Naomi Notes: Personalised Journal Notebook for Girls Named Naomi. (Custom Name Journal, Blank Journal, Write in Notebook) Large Blank Lined Journal of ... Pages Ocean Blue Background(Naomi Notebook)",Naomi's Prints Personalised Publication,Paperback,"Aug 28, 2021",
0,https://www.amazon.com/dp/B09F1G2NRR,B09F1G2NRR,Notebook: free like a bird - blue- Lined Notebook Journal (College Ruled Paper): 120 Pages - 8.5 x 11 inches,jekko had,Paperback,"Aug 28, 2021",
0,https://www.amazon.com/dp/B09F1FY4HT,B09F1FY4HT,"Margot Notes: Personalised Journal Notebook for Girls Named Margot. (Custom Name Journal, Blank Journal, Write in Notebook) Large Blank Lined Journal ... Pages Ocean Blue Background(Margot Notebook)",Margot's Prints Personalised Publication,Paperback,"Aug 28, 2021",
0,https://www.amazon.com/dp/B09F1FY4HP,B09F1FY4HP,"Mya Notes: Personalised Journal Notebook for Girls Named Mya. (Custom Name Journal, Blank Journal, Write in Notebook) Large Blank Lined Journal of ... 110 Pages Ocean Blue Background(Mya Notebook)",Mya's Prints Personalised Publication,Paperback,"Aug 28, 2021",
0,https://www.amazon.com/dp/B09F1FWPM6,B09F1FWPM6,"Marissa Notes: Personalised Journal Notebook for Girls Named Marissa. (Custom Name Journal, Blank Journal, Write in Notebook) Large Blank Lined ... Pages Ocean Blue Background(Marissa Notebook)",Marissa's Prints Personalised Publication,Paperback,"Aug 28, 2021",
0,https://www.amazon.com/dp/B09F1FWPM5,B09F1FWPM5,"Maja Notes: Personalised Journal Notebook for Girls Named Maja. (Custom Name Journal, Blank Journal, Write in Notebook) Large Blank Lined Journal of ... Pages Ocean Blue Background(Maja Notebook)",Maja's Prints Personalised Publication,Paperback,"Aug 28, 2021",
0,https://www.amazon.com/dp/B09F1FWPM4,B09F1FWPM4,"Mikayla Notes: Personalised Journal Notebook for Girls Named Mikayla. (Custom Name Journal, Blank Journal, Write in Notebook) Large Blank Lined ... Pages Ocean Blue Background(Mikayla Notebook)",Mikayla's Prints Personalised Publication,Paperback,"Aug 28, 2021",
0,https://www.amazon.com/dp/B09F1FWPM3,B09F1FWPM3,"Melanie Notes: Personalised Journal Notebook for Girls Named Melanie. (Custom Name Journal, Blank Journal, Write in Notebook) Large Blank Lined ... Pages Ocean Blue Background(Melanie Notebook)",Melanie's Prints Personalised Publication,Paperback,"Aug 28, 2021",
0,https://www.amazon.com/dp/B09F1FWPM2,B09F1FWPM2,"Lea Notes: Personalised Journal Notebook for Girls Named Lea. (Custom Name Journal, Blank Journal, Write in Notebook) Large Blank Lined Journal of ... 110 Pages Ocean Blue Background(Lea Notebook)",Lea's Prints Personalised Publication,Paperback,"Aug 28, 2021",
0,https://www.amazon.com/dp/B09F1FVFZS,B09F1FVFZS,"Nevaeh Notes: Personalised Journal Notebook for Girls Named Nevaeh. (Custom Name Journal, Blank Journal, Write in Notebook) Large Blank Lined Journal ... Pages Ocean Blue Background(Nevaeh Notebook)",Nevaeh's Prints Personalised Publication,Paperback,"Aug 28, 2021",
0,https://www.amazon.com/dp/B09F1FVFZN,B09F1FVFZN,"Nicole Notes: Personalised Journal Notebook for Girls Named Nicole. (Custom Name Journal, Blank Journal, Write in Notebook) Large Blank Lined Journal ... Pages Ocean Blue Background(Nicole Notebook)",Nicole's Prints Personalised Publication,Paperback,"Aug 28, 2021",
0,https://www.amazon.com/dp/B09F1FVFZK,B09F1FVFZK,"Kaede Notes: Personalised Journal Notebook for Girls Named Kaede . (Custom Name Journal, Blank Journal, Write in Notebook) Large Blank Lined Journal ... Pages Ocean Blue Background(Kaede Notebook)",Kaede 's Prints Personalised Publication,Paperback,"Aug 28, 2021",
0,https://www.amazon.com/dp/B09F1FT4SF,B09F1FT4SF,Notes Sketches Mandala Notebook – Notizen Skizzen Mandala Notizbuch: Note book / Sketch book / Blank book with mandala design as cover and dotted ... Design als Cover und gepunktetem Papier,L.-Nathalie Thielke,Hardcover,"Aug 28, 2021",
0,https://www.amazon.com/dp/B09F1FSZXX,B09F1FSZXX,"Rachel Notes: Personalised Journal Notebook for Girls Named Rachel. (Custom Name Journal, Blank Journal, Write in Notebook) Large Blank Lined Journal ... Pages Ocean Blue Background(Rachel Notebook)",Rachel's Prints Personalised Publication,Paperback,"Aug 28, 2021",
0,https://www.amazon.com/dp/B09F1FSZXK,B09F1FSZXK,"Julie Notes: Personalised Journal Notebook for Girls Named Julie. (Custom Name Journal, Blank Journal, Write in Notebook) Large Blank Lined Journal of ... Pages Ocean Blue Background(Julie Notebook)",Julie's Prints Personalised Publication,Paperback,"Aug 28, 2021",
0,https://www.amazon.com/dp/B09F1FSZXJ,B09F1FSZXJ,"Josefina Notes: Personalised Journal Notebook for Girls Named Josefina. (Custom Name Journal, Blank Journal, Write in Notebook) Large Blank Lined ... Ocean Blue Background(Josefina Notebook)",Josefina's Prints Personalised Publication,Paperback,"Aug 28, 2021",
0,https://www.amazon.com/dp/B09F1FSZ86,B09F1FSZ86,"Sloan: Unicorn Notebook Personal Name Wide Lined Rule Paper | Notebook The Notebook For Writing Journal or Diary Women & Girls Gift for Birthday, For Student | 162 Pages Size 8.5x11inch",Percy Ramsey,Paperback,"Aug 28, 2021",
0,https://www.amazon.com/dp/B09F1D2GG8,B09F1D2GG8,"Kimber: Unicorn Notebook Personal Name Wide Lined Rule Paper | Notebook The Notebook For Writing Journal or Diary Women & Girls Gift for Birthday, For Student | 162 Pages Size 8.5x11inch",Percy Ramsey,Paperback,"Aug 28, 2021",
0,https://www.amazon.com/dp/B09F1CZQQS,B09F1CZQQS,"Katy Notes: Personalised Journal Notebook for Girls Named Katy. (Custom Name Journal, Blank Journal, Write in Notebook) Large Blank Lined Journal of ... Pages Ocean Blue Background(Katy Notebook)",Katy's Prints Personalised Publication,Paperback,"Aug 28, 2021",
0,https://www.amazon.com/dp/B09F1CZBHP,B09F1CZBHP,MERMAID COLORING BOOK: CUTE MERMAID COLORING BOOK FOR KIDS,LILI CHAN,Paperback,"Aug 28, 2021",
0,https://www.amazon.com/dp/B09F1CV6P5,B09F1CV6P5,"Sugar skull rectangle Wide Ruled Composition Notebook: Wide Blank Lined Workbook, Fun Gift for School or Work, Teachers & Students | Special Cover | 6x9 In 120 Pages",Mark Brec,Paperback,"Aug 28, 2021",
0,https://www.amazon.com/dp/B09F1CV69P,B09F1CV69P,"Mélanie Notes: Personalised Journal Notebook for Girls Named Mélanie. (Custom Name Journal, Blank Journal, Write in Notebook) Large Blank Lined ... Pages Ocean Blue Background(Mélanie Notebook)",Mélanie's Prints Personalised Publication,Paperback,"Aug 28, 2021",
0,https://www.amazon.com/dp/B09F16L438,B09F16L438,"Sugar Skull Day of the Dead Floral Skull Wide Ruled Composition Notebook: Wide Blank Lined Workbook, Fun Gift for School or Work, Teachers & Students | Special Cover | 6x9 In 120 Pages",Mark Brec,Paperback,"Aug 28, 2021",
0,https://www.amazon.com/dp/B09F14SSXD,B09F14SSXD,Sugar Skull Day of Dead Wide Ruled Composition Notebook: Cute Cool Day of The Dead Student Primary Composition Schoolwork Organized Notes Taking Planner Writing| Special Cover | 6x9 In 120 Pages,Mark Brec,Paperback,"Aug 28, 2021",
0,https://www.amazon.com/dp/B09F14SSJH,B09F14SSJH,"Libby Notes: Personalised Journal Notebook for Girls Named Libby. (Custom Name Journal, Blank Journal, Write in Notebook) Large Blank Lined Journal of ... Pages Ocean Blue Background(Libby Notebook)",Libby's Prints Personalised Publication,Paperback,"Aug 28, 2021",
0,https://www.amazon.com/dp/B09F14PY4P,B09F14PY4P,Day Of The Dead Sugar Skull Pink Heart Sunglasses Wide Ruled Composition Notebook: Cute Cool Day of The Dead Student Primary Composition Schoolwork ... Writing| Special Cover | 6x9 In 120 Pages,Mark Brec,Paperback,"Aug 28, 2021",
2,https://www.amazon.com/dp/B09DN1DY1Z,B09DN1DY1Z,3 Chord Guitar Songbook - 50 Timeless Children Songs with Tabs and Chords,Peter Upclaire,Kindle,"Aug 28, 2021",
0,https://www.amazon.com/dp/B09DMTR4BS,B09DMTR4BS,"Halloween Coloring Book For Toddlers Age 2 Years Old: Spooky, Fun, Tricks and Treats Relaxing Coloring Pages for you Relaxation | Halloween Gifts",Nettie Vega,Paperback,"Aug 28, 2021",
0,https://www.amazon.com/dp/B09DMR9BLR,B09DMR9BLR,"Halloween Coloring Book For Adults: Spooky, Fun, Tricks and Treats Relaxing Coloring Pages for you Relaxation | Halloween Gifts",Nettie Vega,Paperback,"Aug 28, 2021",
0,https://www.amazon.com/dp/B09DMR9BLF,B09DMR9BLF,"Halloween Coloring Book For Girls: Spooky, Fun, Tricks and Treats Relaxing Coloring Pages for you Relaxation | Halloween Gifts",Nettie Vega,Paperback,"Aug 28, 2021",
1,https://www.amazon.com/dp/B09F1G2NPP,B09F1G2NPP,"G: Letter ''G'' notebook for women, girls, men and kids, black cover decorated with gold lettering. 6 x 9",monogram Initial  G,Paperback,"Aug 27, 2021",
3,https://www.amazon.com/dp/B09F1FRN2B,B09F1FRN2B,"Backwards Coloring Book Earth Tone Colors: Inverse Coloring Book - Hand Painted Earth Tone Color Pictures Provided, You Draw the Lines",Stories to Craft,Paperback,"Aug 27, 2021",
2,https://www.amazon.com/dp/B09FS89D6Z,B09FS89D6Z,Journal: With Cats,Christmas V.,Paperback,"Aug 27, 2021",
0,https://www.amazon.com/dp/B09DMR9BMQ,B09DMR9BMQ,"Halloween Coloring Book For Kids Age 3-5: Spooky, Fun, Tricks and Treats Relaxing Coloring Pages for you Relaxation | Halloween Gifts",Nettie Vega,Paperback,"Aug 28, 2021",
0,https://www.amazon.com/dp/B09DMR5MHZ,B09DMR5MHZ,Space Coloring Book for Kids: Outer Space Coloring Book With Planets Astronauts Space Ships and More Coloring Book For Kids,Blue Pretty Press,Paperback,"Aug 28, 2021",
0,https://www.amazon.com/dp/B09FS2YKN1,B09FS2YKN1,Manifest Your Dreams: lined journal Softcover Journals to Write in for Women Journal for Men Perfect Gift For Women Girls Men and Kids Writing Journal Notebook,INDOCRAFT DESIGNS,Paperback,"Aug 27, 2021",
0,https://www.amazon.com/dp/B09FNXXG7X,B09FNXXG7X,"Draw Your Own Comic Book for Kids: Draw Your Own Comics for Kids, Blank Comic Book Draw Your Own Comics | 120 Pages | Glossy Cover",Wild Willow,Paperback,"Aug 27, 2021",
0,https://www.amazon.com/dp/B09FCHPJFJ,B09FCHPJFJ,Notebook - Size (8.5 x 11 inches) 120 Pages,V L,Paperback,"Aug 27, 2021",
0,https://www.amazon.com/dp/B09FCFNYYL,B09FCFNYYL,Back to School Coloring Book,Triantafyllos Lazaridis,Paperback,"Aug 27, 2021",
0,https://www.amazon.com/dp/B09FCFHDD9,B09FCFHDD9,"To Do Checklist Notebook: Simple To-Do Lists with Top Priorities, 120 Pages, 6""×9"" : To Do Check Lists for Daily and Weekly Planning, Undated Chaos Coordinator Note Book Organizer",Valentino Michael,Paperback,"Aug 27, 2021",
0,https://www.amazon.com/dp/B09FCCR7SX,B09FCCR7SX,"Colorful rose notebook wit pink background.: 8x10, Wide Ruled, 1 Subject Notebook (80 pgs.)",Ieshia Graham,Paperback,"Aug 27, 2021",
0,https://www.amazon.com/dp/B09FC1Q7L7,B09FC1Q7L7,Art Notebook – Limestone Yellow / Peach Yellow – 8.5 x 11 – 150 pages – Wide Ruled (Stone Series School Notebooks),BooksUwant2Buy,Paperback,"Aug 27, 2021",
0,https://www.amazon.com/dp/B09F8Y7MYM,B09F8Y7MYM,boys journal,k j dưard,Paperback,"Aug 27, 2021",
0,https://www.amazon.com/dp/B09F8TD3B8,B09F8TD3B8,"Witch Please: Sassy Halloween Journal. 6""x9"", 120 Page. Gag, Funny, Sassy Gift for Halloween",BWN Journals,Hardcover,"Aug 27, 2021",
0,https://www.amazon.com/dp/B09F8TD37N,B09F8TD37N,"The Eternal War Between Bulls And Beats Notebook: Crypto Trader Journal, Notebook for Crypto Miners and Investors Who Hold Cryptocurrency, 8.5x11 inches.",Yasmine Albatnigi,Paperback,"Aug 27, 2021",
0,https://www.amazon.com/dp/B09F8STBC2,B09F8STBC2,Palm Tree Dot Graph Notebook,Optimistic Songbird,Paperback,"Aug 27, 2021",
0,https://www.amazon.com/dp/B09F1N37XZ,B09F1N37XZ,"Lyanna: Unicorn Notebook Personal Name Wide Lined Rule Paper | Notebook The Notebook For Writing Journal or Diary Women & Girls Gift for Birthday, For Student | 162 Pages Size 8.5x11inch",Johnathan Pratt,Paperback,"Aug 27, 2021",
0,https://www.amazon.com/dp/B09F1KP9SQ,B09F1KP9SQ,The Giant Sketchbook: Sketchbook with 500 Blank Large Pages for Artists and People That Enjoy Drawing,Mandy Solomon,Paperback,"Aug 27, 2021",
0,https://www.amazon.com/dp/B09F1J2QJ3,B09F1J2QJ3,Diamond Painting Log Book: Blank peach journal to track information for your DP activity,Hobby Lover Press,Paperback,"Aug 27, 2021",
0,https://www.amazon.com/dp/B09F1J2QFL,B09F1J2QFL,"Sketchbook: Blank White Pages For Drawing, Painting, Writing And Sketching. 2nd Edition.",Bookjar Publishing,Paperback,"Aug 27, 2021",
0,https://www.amazon.com/dp/B09F1G42ZZ,B09F1G42ZZ,Scuba Diver Log Book: Diver My Diving Log Book for Scuba Diving 110 Pages To Log Your Dives For Amateurs to Professionals,Anthony US,Paperback,"Aug 27, 2021",
0,https://www.amazon.com/dp/B09F1G42ZW,B09F1G42ZW,Scuba Diver Log Book: Diver My Diving Log Book for Scuba Diving 110 Pages To Log Your Dives For Amateurs to Professionals,Anthony US,Paperback,"Aug 27, 2021",
0,https://www.amazon.com/dp/B09F1G42WR,B09F1G42WR,Sketch Notebook,R and M United,Paperback,"Aug 27, 2021",
0,https://www.amazon.com/dp/B09F1G42RF,B09F1G42RF,Poetry Journal: Poetry Journal For Women With Prompts,Nimity Publishing,Hardcover,"Aug 27, 2021",
0,https://www.amazon.com/dp/B09F1G3YSY,B09F1G3YSY,"Allie: Unicorn Notebook Personal Name Wide Lined Rule Paper | Notebook The Notebook For Writing Journal or Diary Women & Girls - Gift For Birthday, For Student | 162 Pages Size 8.5x11inch",Cedric Wallace,Paperback,"Aug 27, 2021",
0,https://www.amazon.com/dp/B09F1G2NP8,B09F1G2NP8,Blank Sheet Music Notebook: White Marble Blank Sheet Music / Notebook for Musicians / Staff Paper / Composition Books,Rina Nihaori,Paperback,"Aug 27, 2021",
0,https://www.amazon.com/dp/B09F1G2NH3,B09F1G2NH3,Unicorn Sketchbook: Unicorn Sketchbook Christmas Gift For Girls & Kids,Small Lily,Paperback,"Aug 27, 2021",
0,https://www.amazon.com/dp/B09F1G2N85,B09F1G2N85,"Leos never share their secrets: Leo: Zodiac Notebook/Journal 120-Pages, 6x9 inch Lined Leo Zodiac Design Journal (Leo Zodiac Gifts)",Halar Art Edition,Paperback,"Aug 27, 2021",
0,https://www.amazon.com/dp/B09F1G1KKD,B09F1G1KKD,biohazard Guitar tab notebook,Max Fireton,Paperback,"Aug 27, 2021",
0,https://www.amazon.com/dp/B09F1G1KGG,B09F1G1KGG,"2022 Monthly Planner: Calendar Planner 2022-2023 Monthly Planner, Two Year Planner Calendar Schedule Organizer | January 2022 to December 2023 - 24 Months | Colorful Rainbow cover",Elisabeth Anna,Paperback,"Aug 27, 2021",
0,https://www.amazon.com/dp/B09F1G1KDR,B09F1G1KDR,Notebook: College Ruled Notebook | Q: Personalized Monogram Initial Art Journal Gift | White 120 pages (60 sheets) | 6 x 9 inches | Soft Cover,Amelioration Press,Paperback,"Aug 27, 2021",
0,https://www.amazon.com/dp/B09F1FY4SS,B09F1FY4SS,Sugar skull tongue Wide Ruled Composition Notebook: Cute Cool Day of The Dead Student Primary Composition Schoolwork Organized Notes Taking Planner Writing| Special Cover | 6x9 In 120 Pages,Mark Brec,Paperback,"Aug 27, 2021",
0,https://www.amazon.com/dp/B09F1FT4Y1,B09F1FT4Y1,One line a day: Notebook,Manar Rh,Paperback,"Aug 27, 2021",
0,https://www.amazon.com/dp/B09F1FT43R,B09F1FT43R,Ideabook: Graph Paper Grid Workbook,Peter Douglass,Paperback,"Aug 27, 2021",
1,https://www.amazon.com/dp/B09F1FRRKL,B09F1FRRKL,Watch! Dancing! Animals!: An Easy Funny Rhyming Story with Capricious Illustrations and also Musical Notes | In the Jungle | In the Wood | In the Pasture,Belle Boss,Kindle,"Aug 27, 2021",
0,https://www.amazon.com/dp/B09F1FRQWV,B09F1FRQWV,The underwater world Notebook: The Sponge and yarn,Yarapron Chanchamni,Paperback,"Aug 27, 2021",
0,https://www.amazon.com/dp/B09F1FRQMN,B09F1FRQMN,pink girl journal,k j durward,Paperback,"Aug 27, 2021",
0,https://www.amazon.com/dp/B09F1FRQFN,B09F1FRQFN,"Tinley: Unicorn Notebook Personal Name Wide Lined Rule Paper | Notebook The Notebook For Writing Journal or Diary Women & Girls Gift for Birthday, For Student | 162 Pages Size 8.5x11inch",Jean Mullins,Paperback,"Aug 27, 2021",
0,https://www.amazon.com/dp/B09F1FRN3T,B09F1FRN3T,Sugar Skull Rainbow Wide Ruled Composition Notebook: Cute Cool Day of The Dead Student Primary Composition Schoolwork Organized Notes Taking Planner Writing| Special Cover | 6x9 In 120 Pages,Mark Brec,Paperback,"Aug 27, 2021",
0,https://www.amazon.com/dp/B09F1D21XG,B09F1D21XG,"Chibi Girls Coloring Book: Anime Coloring For Kids, Best Gift For Christmas",RR Publications,Paperback,"Aug 27, 2021",
0,https://www.amazon.com/dp/B09F1D21SB,B09F1D21SB,"2022 Planner: Keep track of your daily schedule and stuff associated with dates in 2022. Use in school, home or work, 8.5x11 full size.",Max A Million,Paperback,"Aug 27, 2021",
0,https://www.amazon.com/dp/B09F1CZRQL,B09F1CZRQL,Travel Bucket List: Travel Bucket List: Guided Prompt Journal For Keeping Track of Your Adventures (6x9 in; 120 pages),Luis Camacho,Paperback,"Aug 27, 2021",
0,https://www.amazon.com/dp/B09F1CZHVT,B09F1CZHVT,"Graph Paper Composition Notebook, Quad Ruled , 120 pages: Grid Paper for Science, Math & Engineering Students or Teachers Composition Notebook, ... Book, Soft Cover (Graph paper notebooks)",Compos ition,Paperback,"Aug 27, 2021",
0,https://www.amazon.com/dp/B09F1CW3HG,B09F1CW3HG,Kiddy rabbit Primary Composition Notebook / Grades K-2 / (8.5X11) / Composition notebook with drawing space: Dotted Midline and Picture Space / Grades ... Kiddy rabbit Series / Handwriting Practice,THAWINUN DITTAPOON,Paperback,"Aug 27, 2021",
2,https://www.amazon.com/dp/B09F1CW2YB,B09F1CW2YB,Kawaii Malbuch: Der Trend Aus Japan Ausmalbilder Für Kinder und Erwachsene Mehr als 30 Süße und Lustige Kawaii Doodle Malvorlagen Mit Einzigartige Entwürfe,James Fetty,Paperback,"Aug 27, 2021",
1,https://www.amazon.com/dp/B09F1CV9ZX,B09F1CV9ZX,"Hello Fall Blank Notebook, 6 X 9, 50 pages",HFGlory Publishing,Paperback,"Aug 27, 2021",
0,https://www.amazon.com/dp/B09F1CV9XW,B09F1CV9XW,"NOTEBOOK: Leopard Print Composition Notebook, Cheetah Journal, College Ruled 120 Pages Lined Paper - Large 8.5 x 11, New Design. (Leopard Print Notebooks)",AH BOOKS,Paperback,"Aug 27, 2021",
0,https://www.amazon.com/dp/B09F1CV9TB,B09F1CV9TB,"Funeral Guest Book: In Loving Memory, Memorial Guest Book, Rogistry Book for Funeral, Condolence Book, Share a Memory, Celebration of Life, Remembrance Guest Book.",Pnk & Purple Life Press,Paperback,"Aug 27, 2021",
0,https://www.amazon.com/dp/B09F166FCC,B09F166FCC,"Adley: Unicorn Notebook Personal Name Wide Lined Rule Paper | Notebook The Notebook For Writing Journal or Diary Women & Girls Gift for Birthday, For Student | 162 Pages Size 8.5x11inch",Bobby Simpson,Paperback,"Aug 27, 2021",
0,https://www.amazon.com/dp/B09F14SWWX,B09F14SWWX,Art Primary Composition Notebook / Grades K-2 / (8.5X11) / Composition notebook with drawing space: Dotted Midline and Picture Space / Grades K-2 ... Colorful Art Series / Handwriting Practice,THAWINUN DITTAPOON,Paperback,"Aug 27, 2021",
0,https://www.amazon.com/dp/B09F14PY22,B09F14PY22,"Day Of The Dead Sugar Skull Pink Heart Sunglasses Wide Ruled Composition Notebook: Wide Blank Lined Workbook, Fun Gift for School or Work, Teachers & Students | Special Cover | 6x9 In 120 Pages",Mark Brec,Paperback,"Aug 27, 2021",
0,https://www.amazon.com/dp/B09F14PY1N,B09F14PY1N,"Sugar Skull Day of Dead Wide Ruled Composition Notebook: Wide Blank Lined Workbook, Fun Gift for School or Work, Teachers & Students | Special Cover | 6x9 In 120 Pages",Mark Brec,Paperback,"Aug 27, 2021",
0,https://www.amazon.com/dp/B09DN35JNG,B09DN35JNG,Construction Vehicles Coloring Book for Kids: Tractors Big Trucks Cranes Diggers Dumpers and Bulldozers for Kids Ages 4-8 Toddlers,Lucas White,Paperback,"Aug 27, 2021",
0,https://www.amazon.com/dp/B09DN32PY7,B09DN32PY7,The World Of Cannabis Retail: Start A Marijuana Transportation And Dеlіvеrу Buѕіnеѕѕ: Make The Рауmеntѕ,Una Meacham,Paperback,"Aug 27, 2021",
0,https://www.amazon.com/dp/B09DN1FJZM,B09DN1FJZM,Stacking Bubbles: A Study in Bubble Dynamics,Joe Paul Vanhaverbeke,Kindle,"Aug 27, 2021",
0,https://www.amazon.com/dp/B09DN1FJLQ,B09DN1FJLQ,"Amelie Notes: Personalised Journal Notebook for Girls Named Amelie. (Custom Name Journal, Blank Journal, Write in Notebook) Large Blank Lined Journal ... Pages Ocean Blue Background(Amelie Notebook)",Amelie's Prints Personalised Publication,Paperback,"Aug 27, 2021",
0,https://www.amazon.com/dp/B09DN1FJLM,B09DN1FJLM,"She is Clothed with Strength and Dignity Sian: Personalised Motivational Journal Notebook for Girls Named Sian. (Custom Name Journal, Blank Journal, ... 110 Pages Floral Background(Sian Notebook)",Sian's Prints Personalised Publication,Paperback,"Aug 27, 2021",
0,https://www.amazon.com/dp/B09DN191LX,B09DN191LX,"She is Clothed with Strength and Dignity Natalia: Personalised Motivational Journal Notebook for Girls Named Natalia. (Custom Name Journal, Blank ... 110 Pages Floral Background(Natalia Noteboo",Natalia's Prints Personalised Publication,Paperback,"Aug 27, 2021",
0,https://www.amazon.com/dp/B09DN16VHG,B09DN16VHG,flower coloring book for kids 2-4 years: this book is a gift for kids : pages 26 pages and size 8.5*11 inshes,teens notebooks,Paperback,"Aug 27, 2021",
0,https://www.amazon.com/dp/B09DMXZLBH,B09DMXZLBH,"Armida Notes: Personalised Journal Notebook for Girls Named Armida. (Custom Name Journal, Blank Journal, Write in Notebook) Large Blank Lined Journal ... Pages Ocean Blue Background(Armida Notebook)",Armida's Prints Personalised Publication,Paperback,"Aug 27, 2021",
0,https://www.amazon.com/dp/B09DMXZLBG,B09DMXZLBG,"Ariana Notes: Personalised Journal Notebook for Girls Named Ariana. (Custom Name Journal, Blank Journal, Write in Notebook) Large Blank Lined Journal ... Pages Ocean Blue Background(Ariana Notebook)",Ariana's Prints Personalised Publication,Paperback,"Aug 27, 2021",
0,https://www.amazon.com/dp/B09DMXZLB7,B09DMXZLB7,"She is Clothed with Strength and Dignity Savannah: Personalised Motivational Journal Notebook for Girls Named Savannah. (Custom Name Journal, Blank ... 6x9 110 Pages Floral Background(Savannah Note",Savannah's Prints Personalised Publication,Paperback,"Aug 27, 2021",
0,https://www.amazon.com/dp/B09DMW42JQ,B09DMW42JQ,"Halloween Coloring Book For Adults Age 33 Years Old: Spooky, Fun, Tricks and Treats Relaxing Coloring Pages for you Relaxation | Halloween Gifts",Nettie Vega,Paperback,"Aug 27, 2021",
0,https://www.amazon.com/dp/B09DMW3ZW5,B09DMW3ZW5,"Allegra Notes: Personalised Journal Notebook for Girls Named Allegra. (Custom Name Journal, Blank Journal, Write in Notebook) Large Blank Lined ... Pages Ocean Blue Background(Allegra Notebook)",Allegra's Prints Personalised Publication,Paperback,"Aug 27, 2021",
0,https://www.amazon.com/dp/B09F18WW74,B09F18WW74,"Guitar Music Sheets: Guitar Tablature Notebook, Blank Paper, Sheets for Music Chord Notation | 8,5"" x 11"" | 120 Pages",Johnna Trujillo,Paperback,"Aug 27, 2021",
0,https://www.amazon.com/dp/B09F18WVZ2,B09F18WVZ2,Blank Sheet Music Notebook: Blank Sheet Music Notebook: Music Manuscript Paper / White Marble Blank Sheet Music / Notebook for Musicians / Staff Paper /100 pages,nano edition,Paperback,"Aug 27, 2021",
0,https://www.amazon.com/dp/B09F18WVSN,B09F18WVSN,"Unruled Notebook: Unlined Notebook Sketchbook for Work, Business, School, Blank Journal Notebooks",Rina Nihaori,Paperback,"Aug 27, 2021",
0,https://www.amazon.com/dp/B09F18WGNV,B09F18WGNV,"Composition Notebook: Composition Notebook For Collage Ruled, Perfect For School (8,5 x 11 inch; 120 pages)",Luis Camacho,Paperback,"Aug 27, 2021",
0,https://www.amazon.com/dp/B09F16Q8KV,B09F16Q8KV,"Grapes Composition Notebook : 100 Pages, For kids, teens, and adults - nice Notebook",Ahmed Yusuf,Paperback,"Aug 27, 2021",
0,https://www.amazon.com/dp/B09F16LZZP,B09F16LZZP,"music notebook: Blank Sheet Piano Music for kids,Blank Sheet Piano Music Manuscript Paper 100 pages of large staff",Zakaria tzeko El,Paperback,"Aug 27, 2021",
0,https://www.amazon.com/dp/B09F16LZXZ,B09F16LZXZ,Elegant Composition notebook: diamond - College Ruled Lined. Stylish and elegant notebook. Perfect for students and teachers.: Elegant notebook for ... and writing. Cool girls and women notebook,Matthew Dawson,Paperback,"Aug 27, 2021",
0,https://www.amazon.com/dp/B09F16LZWP,B09F16LZWP,"A hourse coloring book for kids: Lovingly Designed Horse Illustrations To Color For Girls And Boys From 8_12Year,Pony Activity Gift Book For Boys and Girls",Younes Amricha,Paperback,"Aug 27, 2021",
0,https://www.amazon.com/dp/B09F16LZRG,B09F16LZRG,Children's Alphabet Coloring Book With Animals,AND Production,Paperback,"Aug 27, 2021",
0,https://www.amazon.com/dp/B09F16LZBG,B09F16LZBG,"Draw Your Own Comic Book for Kids: Kids Blank Comic Book to Draw, My Comic Book Create Your Own Comic Book | 120 Pages | Glossy Cover",Wild Willow,Paperback,"Aug 27, 2021",
0,https://www.amazon.com/dp/B09F16LJR7,B09F16LJR7,"Ramona: Unicorn Notebook Personal Name Wide Lined Rule Paper | Notebook The Notebook For Writing Journal or Diary Women & Girls Gift for Birthday, For Student | 162 Pages Size 8.5x11inch",Jean Mullins,Paperback,"Aug 27, 2021",
0,https://www.amazon.com/dp/B09F16L7BF,B09F16L7BF,Show the World Your Song,Bridget Pounds,Paperback,"Aug 27, 2021",
0,https://www.amazon.com/dp/B09F16L42F,B09F16L42F,"But Did You Die Mom life Sugar Skull with Bandana Sunflower Wide Ruled Composition Notebook: Wide Blank Lined Workbook, Fun Gift for School or Work, ... & Students | Special Cover | 6x9 In 120 Pages",Mark Brec,Paperback,"Aug 27, 2021",
0,https://www.amazon.com/dp/B09F14TF9K,B09F14TF9K,"journal: mushroom themed 9x6 inch, dotted, blank journal",Fraeulein Jessi,Paperback,"Aug 27, 2021",
0,https://www.amazon.com/dp/B09F14TF3T,B09F14TF3T,"Composition Notebook: Blank Kawaii Pumpkins and Ghosts Wide Ruled Paper Large Notebook for School, Home, Office and On the Road - Perfect for ... Ideas Jotting - Great Gift for All Occasions",Green Apple Publishing,Paperback,"Aug 27, 2021",
0,https://www.amazon.com/dp/B09F1KMV81,B09F1KMV81,Art Primary Composition Notebook / Grades K-2 / (8.5X11) / Composition notebook with drawing space: Dotted Midline and Picture Space / Grades K-2 ... Colorful Art Series / Handwriting Practice,THAWINUN DITTAPOON,Paperback,"Aug 26, 2021",
0,https://www.amazon.com/dp/B09F1KMTQV,B09F1KMTQV,"Study planner: Daily Study Logbook (150 pages - 8,5 x 11 inches)",Luis Camacho,Paperback,"Aug 26, 2021",
0,https://www.amazon.com/dp/B09F1KM5K3,B09F1KM5K3,"Architect notebook: Isometric Architect Journal drawing and writing - Perfect for Architects, designers and students",Anna Gross,Paperback,"Aug 26, 2021",
0,https://www.amazon.com/dp/B09F1KM5G9,B09F1KM5G9,"Blank Comic Book For Kids and Adults: Variety of Templates - A Large 8.5"" x 11"" Notebook and Sketchbook",Natasha Sunday,Paperback,"Aug 26, 2021",
0,https://www.amazon.com/dp/B09F1KM55G,B09F1KM55G,Sketchbook: Santa Dinosaur Christmas Merry Christmas and Reindeer Sketchbook Black Cover,Martin Dostalik,Paperback,"Aug 26, 2021",
0,https://www.amazon.com/dp/B09F1KM55F,B09F1KM55F,"Sketchbook: Notebook for Drawing, Doodling or Writing with Abstract Art Cover, Great Gift for Kids or Anyone Who Loves Art, 8.5x11 inches, 110 sketchbook pages",Andrea Olanisa,Paperback,"Aug 26, 2021",
0,https://www.amazon.com/dp/B09F1G3XSN,B09F1G3XSN,"Architect notebook: Architect wandk Journal drawing and writing - Perfect for Architects, designers and students",Anna Gross,Paperback,"Aug 26, 2021",
0,https://www.amazon.com/dp/B09F1G3XL1,B09F1G3XL1,Notebook: zodiac sign notebook,boho journals,Paperback,"Aug 26, 2021",
1,https://www.amazon.com/dp/B09F1G3X8G,B09F1G3X8G,Original Artwork Abstract Design Notebook with Lined Interior: Beautiful Notebook with lined interior pages from original abstract painting,Katherine  Springer Wetherington,Paperback,"Aug 26, 2021",
0,https://www.amazon.com/dp/B09F1G1J2H,B09F1G1J2H,"Notebook: Simple Blank Lined Composition Notebook , Orange Classic Notebook Style, Size (8.5 x 11 inches) , 120 pages, White papers.",88VARIOUS BOOKENDS,Paperback,"Aug 26, 2021",
0,https://www.amazon.com/dp/B09F1G1HRL,B09F1G1HRL,Annual Planner Composition Notebook: 2022 Annual Planner Journal,Tawhidul Amin,Paperback,"Aug 26, 2021",
0,https://www.amazon.com/dp/B09F1FY6C6,B09F1FY6C6,"LOOK AT YOU TURNING 59 AND SHIT: BLACK LINED NOTEBOOK, JOURNAL GIFT, 120 PAGES, 6x9 INCHES",ALAN PUBLISHING,Paperback,"Aug 26, 2021",
0,https://www.amazon.com/dp/B09F1FY5GR,B09F1FY5GR,"Happy Life Planner: Notebook Paper for Daily, Weekly Planner , 8.5"" x 11"", 108 pages",Luis Camacho,Paperback,"Aug 26, 2021",
0,https://www.amazon.com/dp/B09F1FY3LY,B09F1FY3LY,"Mavis: Unicorn Notebook Personal Name Wide Lined Rule Paper | Notebook The Notebook For Writing Journal or Diary Women & Girls Gift for Birthday, For Student | 162 Pages Size 8.5x11inch",Allison Gardner,Paperback,"Aug 26, 2021",
0,https://www.amazon.com/dp/B09F1FVHW7,B09F1FVHW7,"Weekly Planner for my ADHDness: Weekly planner, organizer, for 2022-2023, for women or teens",Missing In Art,Paperback,"Aug 26, 2021",
0,https://www.amazon.com/dp/B09F1FVHS6,B09F1FVHS6,Blank Music Sheets,Leonard Morales,Paperback,"Aug 26, 2021",
0,https://www.amazon.com/dp/B09DMK95DQ,B09DMK95DQ,Cover the Earth,Matthew Pope,Paperback,"Aug 27, 2021",
0,https://www.amazon.com/dp/B09DM8YXD8,B09DM8YXD8,Kawaii Warriors - Heroes Villains and Creatures Coloring Book: Chibi Style Mythical Legends Gods & Warriors - Cute Spooky Horror Coloring Pages,Ryan Storey,Paperback,"Aug 27, 2021",
0,https://www.amazon.com/dp/B09DM8YVYV,B09DM8YVYV,"Music Sheet: Notebook, Music Writing Notebook, Blank Music Sheet, Wide Staff Blank Manuscript Paper, 9 Staves Per Page, Staff Paper",Anna Maria Kalan,Paperback,"Aug 27, 2021",
0,https://www.amazon.com/dp/B09DM8YVTR,B09DM8YVTR,"Aria Notes: Personalised Journal Notebook for Girls Named Aria. (Custom Name Journal, Blank Journal, Write in Notebook) Large Blank Lined Journal of ... Pages Ocean Blue Background(Aria Notebook)",Aria's Prints Personalised Publication,Paperback,"Aug 27, 2021",
0,https://www.amazon.com/dp/3030565602,3030565602,"Design Thinking: Creativity, Collaboration and Culture",Ju Hyun Lee,Kindle,"Aug 27, 2021",
0,https://www.amazon.com/dp/303051515X,303051515X,The Arts and the Teaching of History: Historical F(r)ictions,Penney Clark,Kindle,"Aug 27, 2021",
0,https://www.amazon.com/dp/3030302490,3030302490,Palestinian Theatre in the West Bank: Our Human Faces,Gabriel Varghese,Kindle,"Aug 26, 2021",
0,https://www.amazon.com/dp/B09F1N372B,B09F1N372B,Dance With Death Sketchbook: Sketch a scene from Heidelberg’s Dance of Death. 21 illustration scenes to draw and sketch.,Miss Lori Elena Harimann,Paperback,"Aug 26, 2021",
0,https://www.amazon.com/dp/B09GTNPHKZ,B09GTNPHKZ,Sketchbook: This Is My Christmas Funny Sketchbook 8''x11'' Black Cover,Martin Dostalik,Paperback,"Aug 26, 2021",
0,https://www.amazon.com/dp/B09GTJWQ5M,B09GTJWQ5M,Sketchbook: This Is My Christmas and Reindeer Sketchbook Black Cover,Martin Dostalik,Paperback,"Aug 26, 2021",
0,https://www.amazon.com/dp/B09GTG5NNF,B09GTG5NNF,Sketchbook: This Is My Christmas Funny Sketchbook,Martin Dostalik,Paperback,"Aug 26, 2021",
0,https://www.amazon.com/dp/B09GRNH14R,B09GRNH14R,DAILY JOURNAL,BRUCE BEAVERS,Paperback,"Aug 26, 2021",
0,https://www.amazon.com/dp/B09FS9ZKF8,B09FS9ZKF8,"SO IT BEGINS JOURNAL: lined journal, Softcover Journals to Write in for Women Journal for Men Perfect Gift For Women Girls Men and Kids Writing Journal Notebook",INDOCRAFT DESIGNS,Paperback,"Aug 26, 2021",
0,https://www.amazon.com/dp/B09FNW8YVD,B09FNW8YVD,"Making Magical Waves In Kindergarten Mermaid Notebook: kindergarten notebook with drawing area, Cute Kindergarten For Girls, Sister, Daughter",James KSVNF,Paperback,"Aug 26, 2021",
0,https://www.amazon.com/dp/B09FCHPJ48,B09FCHPJ48,"Awesome since 2007 Notebook: Birthday Cat Notebook, Awesome Birthday Gifts Cat Notebook For Boys Girls Daughter Son Friends Born Bday Present, Lined Journal Notebook",Kamwood Edition,Paperback,"Aug 26, 2021",
0,https://www.amazon.com/dp/B09FC9YN7S,B09FC9YN7S,"Awesome since 2011 Notebook: Birthday Cat Notebook, Awesome Birthday Gifts Cat Notebook For Boys Girls Daughter Son Friends Born Bday Present, Lined Journal Notebook",Kamwood Edition,Paperback,"Aug 26, 2021",
0,https://www.amazon.com/dp/B09FC7XC15,B09FC7XC15,"Awesome since 2008 Notebook: Birthday Cat Notebook, Awesome Birthday Gifts Cat Notebook For Boys Girls Daughter Son Friends Born Bday Present, Lined Journal Notebook",Kamwood Edition,Paperback,"Aug 26, 2021",
0,https://www.amazon.com/dp/B09F1N3769,B09F1N3769,"Juliet: Unicorn Notebook Personal Name Wide Lined Rule Paper | Notebook The Notebook For Writing Journal or Diary Women & Girls - Gift For Birthday, For Student | 162 Pages Size 8.5x11inch",Cedric Wallace,Paperback,"Aug 26, 2021",
0,https://www.amazon.com/dp/B09F1N374Z,B09F1N374Z,"Architect notebook: Architect Planning Journal drawing and writing - Perfect for Architects, designers and students",Anna Gross,Paperback,"Aug 26, 2021",
0,https://www.amazon.com/dp/B09F1N372P,B09F1N372P,Secret notebook: Secret notebook,PBA BOBO,Paperback,"Aug 26, 2021",
0,https://www.amazon.com/dp/B09F1KP8FH,B09F1KP8FH,Kiddy cat Primary Composition Notebook / Grades K-2 / (8.5X11) / Composition notebook with drawing space: Dotted Midline and Picture Space / Grades ... Kiddy cat Series / Handwriting Practice,THAWINUN DITTAPOON,Paperback,"Aug 26, 2021",
0,https://www.amazon.com/dp/B09F1KNLTX,B09F1KNLTX,The Lyrics In My Head Lyric Workbook Notebook 8X10 Matte Finish: 8 X 10 Ukuleles Leaning On A Wall Cover with Song Structures Blank Lined Pages and Index. Music Journal for Songwriting,O. H. F. Publishing,Paperback,"Aug 26, 2021",
0,https://www.amazon.com/dp/B09F1KNLTS,B09F1KNLTS,Vinyl Record Collector Logbook: Keep tracking your favorite collections and log reviews,Black Disk Publications,Paperback,"Aug 26, 2021",
0,https://www.amazon.com/dp/B09F1FVHXP,B09F1FVHXP,Composition Notebook | Beautiful Christmas Tree With Triangles Background: Composition Notebook with Beautiful Christmas Tree With Triangles ... | Blank Wide Ruled Paper Notebook 7.5*9.25,Mon Crayon,Paperback,"Aug 26, 2021",
0,https://www.amazon.com/dp/B09F1FVHQZ,B09F1FVHQZ,Blank Sheet Music Notebook: Blank Sheet Music Notebook: Music Manuscript Paper / White Marble Blank Sheet Music / Notebook for Musicians / Staff Paper /100 pages,nano edition,Paperback,"Aug 26, 2021",
0,https://www.amazon.com/dp/B09F1FVHNC,B09F1FVHNC,"Creative Annual Planner 2021-2022: Yearly Planner,12 Month Planner Creative Paperback",Tawhidul Amin,Paperback,"Aug 26, 2021",
0,https://www.amazon.com/dp/B09F1FVHLG,B09F1FVHLG,Kiddy fox Primary Composition Notebook / Grades K-2 / (8.5X11) / Composition notebook with drawing space: Dotted Midline and Picture Space / Grades ... Kiddy fox Series / Handwriting Practice,THAWINUN DITTAPOON,Paperback,"Aug 26, 2021",
0,https://www.amazon.com/dp/B09F1FVF85,B09F1FVF85,"Architect notebook: Architect with mobile in the park Journal drawing and writing - Perfect for Architects, designers and students",Anna Gross,Paperback,"Aug 26, 2021",
0,https://www.amazon.com/dp/B09F1FVF6W,B09F1FVF6W,"Blank Comic Book: Draw your own comics 150 pages, for kids and adults with variety of templates",Fun Adventures Publishing,Paperback,"Aug 26, 2021",
0,https://www.amazon.com/dp/B09F1FVF6M,B09F1FVF6M,"Composition Notebook: Cute Unicorn Face Pink Wide Ruled Primary Copy Book, SOFT Cover Girls Kids Elementary School Supplies Student Teacher Daily Creative Writing Journal, 110 Pages",Yamato Press,Paperback,"Aug 26, 2021",
0,https://www.amazon.com/dp/B09F1FVF6G,B09F1FVF6G,"Architect notebook: Female Architect Journal drawing and writing - Perfect for Architects, designers and students",Anna Gross,Paperback,"Aug 26, 2021",
0,https://www.amazon.com/dp/B09F1FSZ4H,B09F1FSZ4H,Notebook: Cute Sunflower Composition Book| Kawaii Yellow Composition Book| Large 200 Pages (100 sheets) 7.5 x 9.25 College Ruled Notebook Journal,Anay Sumi,Paperback,"Aug 26, 2021",
0,https://www.amazon.com/dp/B09F1FSZ2M,B09F1FSZ2M,"Aliya: Unicorn Notebook Personal Name Wide Lined Rule Paper | Notebook The Notebook For Writing Journal or Diary Women & Girls Gift for Birthday, For Student | 162 Pages Size 8.5x11inch",Allison Gardner,Paperback,"Aug 26, 2021",
0,https://www.amazon.com/dp/B09F1FRPLS,B09F1FRPLS,"sketch notebook for kids drawing doodling or sketching cats lovers: 8.5"" x 11"" 21,59 x 27,94 120 page drawing notbook patten designe in matte cover",sketch book eddition,Paperback,"Aug 26, 2021",
0,https://www.amazon.com/dp/B09F1FRPDD,B09F1FRPDD,Booklover fox,Pencildog Design,Paperback,"Aug 26, 2021",
0,https://www.amazon.com/dp/B09F1FRPCM,B09F1FRPCM,"All You Need is Love and a Dog Named leo: halloween dog notebook Journal To Write In 6 x 9, 120 pages | Cute Lucy Dog Name Notebook Journal | A ... ... girls who Love Dogs & Halloween Paperback",john morgen,Paperback,"Aug 26, 2021",
0,https://www.amazon.com/dp/B09F1FRN28,B09F1FRN28,Sugar Skull Day of the Dead Gold Calavera Wide Ruled Composition Notebook: Cute Cool Day of The Dead Student Primary Composition Schoolwork Organized ... Writing| Special Cover | 6x9 In 120 Pages,Mark Brec,Paperback,"Aug 26, 2021",
0,https://www.amazon.com/dp/B09F1F6VRX,B09F1F6VRX,"Faye: Unicorn Notebook Personal Name Wide Lined Rule Paper | Notebook The Notebook For Writing Journal or Diary Women & Girls Gift for Birthday, For Student | 162 Pages Size 8.5x11inch",Clayton Gill,Paperback,"Aug 26, 2021",
0,https://www.amazon.com/dp/B09F1D2GMN,B09F1D2GMN,"Architect notebook: Architect engineers teamwandk Journal drawing and writing - Perfect for Architects, designers and students",Anna Gross,Paperback,"Aug 26, 2021",
2,https://www.amazon.com/dp/B09F1D21SG,B09F1D21SG,Black Dot Graph Notebook: Dotted Journal,B Daniels,Paperback,"Aug 26, 2021",
0,https://www.amazon.com/dp/B09F1D21LD,B09F1D21LD,Palm Tree Sketchbook,Optimistic Songbird,Paperback,"Aug 26, 2021",
0,https://www.amazon.com/dp/B09F1D21G2,B09F1D21G2,Notebook: Warm Tones Floral Blank Lined Notebook,vera lucci,Paperback,"Aug 26, 2021",
0,https://www.amazon.com/dp/B09F1D2151,B09F1D2151,"Vinyl Music Collector Logbook: A vinyl lover’s record inventory log, Track & review your favorite music collection",Black Disk Publications,Paperback,"Aug 26, 2021",
0,https://www.amazon.com/dp/B09F1CZRQS,B09F1CZRQS,Couples Relationship Journal: Couples Relationship notebook Journal (8.5x11 in and 110 pages),Luis Camacho,Paperback,"Aug 26, 2021",
0,https://www.amazon.com/dp/B09F1CZRQM,B09F1CZRQM,"Happy Life Planner: Daily/Weekly Happy Activity Notebook, 8,5 x 11 inch, 108 pages.",Luis Camacho,Paperback,"Aug 26, 2021",
0,https://www.amazon.com/dp/B09F1CZFL1,B09F1CZFL1,Art Primary Composition Notebook / Grades K-2 / (8.5X11) / Composition notebook with drawing space: Dotted Midline and Picture Space / Grades K-2 ... Colorful Art Series / Handwriting Practice,THAWINUN DITTAPOON,Paperback,"Aug 26, 2021",
0,https://www.amazon.com/dp/B09F1CZBZT,B09F1CZBZT,Composition Notebook - Graph Ruled 100 Pages-Large 8.5x11in/21.59x27.94cm large grid graph paper notebook,BARBENCH DESIGN,Paperback,"Aug 26, 2021",
0,https://www.amazon.com/dp/B09F1CVYKY,B09F1CVYKY,"Architect notebook: Architect man with blueprints professional Journal drawing and writing - Perfect for Architects, designers and students",Anna Gross,Paperback,"Aug 26, 2021",
0,https://www.amazon.com/dp/B09F1CVY4Z,B09F1CVY4Z,"Sketchbook: Notebook for Drawing, Writing, Painting, Sketching or Doodling | 120 Pages | Bordered Blank Pages | Large 8.5” x 11”",Shell Publishing,Paperback,"Aug 26, 2021",
0,https://www.amazon.com/dp/B09F1CV6J8,B09F1CV6J8,Pink Sugar Skull Fairy Halloweeen Breast Cancer Awareness Wide Ruled Composition Notebook: Cute Cool Day of The Dead Student Primary Composition ... Writing| Special Cover | 6x9 In 120 Pages,Mark Brec,Paperback,"Aug 26, 2021",
0,https://www.amazon.com/dp/B09F1CV6GN,B09F1CV6GN,Mexican Sugar Skull Throw Wide Ruled Composition Notebook: Cute Cool Day of The Dead Student Primary Composition Schoolwork Organized Notes Taking Planner Writing| Special Cover | 6x9 In 120 Pages,Mark Brec,Paperback,"Aug 26, 2021",
0,https://www.amazon.com/dp/B09F1CV67K,B09F1CV67K,Recipe Book | 50 Pages | Matte Cover,Jeff Soctt,Paperback,"Aug 26, 2021",
0,https://www.amazon.com/dp/B09F1BB4ZP,B09F1BB4ZP,"Beautiful Edwardian Lady with Roses: Vintage Floral Decorative Notebook with Lined Pages (120 Pages, 6x9 Inches)",Hetty Graham,Paperback,"Aug 26, 2021",
0,https://www.amazon.com/dp/B09F1BB4YS,B09F1BB4YS,Sketchbook: Rudolph The Red Nosed Reindeer Lets Get Blitzened Merry Christmas Everybody Merry Christmas and Reindeer Sketchbook Black Cover,Martin Dostalik,Paperback,"Aug 26, 2021",
0,https://www.amazon.com/dp/B09F1B85XK,B09F1B85XK,Notebook: Cool Art Notebook Blank Lined Journal,World of Imagination,Paperback,"Aug 26, 2021",
0,https://www.amazon.com/dp/B09F1B85TC,B09F1B85TC,"Primary composition notebook with drawing space. Early story journal for kids beginners grade level 2 and 3. Handwriting practice paper. Draw and ... no spiral, 100 writing pages. Cute dinosaurs.",Cute Reality,Paperback,"Aug 26, 2021",
0,https://www.amazon.com/dp/B09F1B858Z,B09F1B858Z,"Pregnancy Journal: The Pregnancy Journal: A Day-to-Day Guide to a Healthy and Happy Pregnancy -8.5x11 inches, 100 pages",Luis Camacho,Paperback,"Aug 26, 2021",
0,https://www.amazon.com/dp/B09F1B858Y,B09F1B858Y,Mom's Planner: Mom's Daily Logbook (8.5x11 in; 156 pages),Luis Camacho,Paperback,"Aug 26, 2021",
0,https://www.amazon.com/dp/B09F192S2T,B09F192S2T,"2022 Planner: Keep track of your daily schedule and stuff associated with dates in 2022. Use in school, home or work, 8.5x11 full size.",Max A Million,Paperback,"Aug 26, 2021",
0,https://www.amazon.com/dp/B09F192NG7,B09F192NG7,"Grandparents Day Holiday Celebration Journal. Beautiful Journal Gift to give. 6 x 9 inches, 120 pages. Lined Journal.: Journal for writing, ... yourself, get organized and start journaling.",Book Cubby,Paperback,"Aug 26, 2021",
0,https://www.amazon.com/dp/B09F192NF8,B09F192NF8,Blank Music Sheet Notebook,M Rz,Paperback,"Aug 26, 2021",
0,https://www.amazon.com/dp/B09F192NDF,B09F192NDF,GRIDS,pK Artist,Paperback,"Aug 26, 2021",
1,https://www.amazon.com/dp/B09F192ND1,B09F192ND1,Beautiful Artist Created Abstract Notebook 120 lined pages: Gorgeous lined notebook for all your beautiful thoughts!,Katherine  Springer Wetherington,Paperback,"Aug 26, 2021",
0,https://www.amazon.com/dp/B09F18WT2G,B09F18WT2G,Art Primary Composition Notebook / Grades K-2 / (8.5X11) / Composition notebook with drawing space: Dotted Midline and Picture Space / Grades K-2 ... Colorful Art Series / Handwriting Practice,THAWINUN DITTAPOON,Paperback,"Aug 26, 2021",
0,https://www.amazon.com/dp/B09F18WGNZ,B09F18WGNZ,"Study planner: Study Logbook is perfect for Study (150 pages - 8,5 x 11 inches)",Luis Camacho,Paperback,"Aug 26, 2021",
0,https://www.amazon.com/dp/B09F18WGNW,B09F18WGNW,Study planner: Daily Study Tracker 8.5x11 inches -120 pages,Luis Camacho,Paperback,"Aug 26, 2021",
0,https://www.amazon.com/dp/B09F16Q3WW,B09F16Q3WW,"HALLOWEEN Sketchbook: Halloween Pumpkin Journal For Kids: Notebook for Drawing, Painting, Writing, Sketching or Doodling, 120 Pages, 8.5 x 11",Mary Ane,Paperback,"Aug 26, 2021",
0,https://www.amazon.com/dp/B09F16Q3PD,B09F16Q3PD,Sketchbook: Santa Claus Waiting For Santa Merry Christmas and Reindeer Sketchbook Black Cover,Martin Dostalik,Paperback,"Aug 26, 2021",
0,https://www.amazon.com/dp/B09F16Q3NP,B09F16Q3NP,Sweater Weather: SKETCHPAD/ JOURNAL/ NOTEBOOK/ DIARY black background ( 6x9 120 pages Blank Pages): Sketchpad/ Notebook / Journal / Diary,Brandy Michelle,Paperback,"Aug 26, 2021",
0,https://www.amazon.com/dp/B09F16LY74,B09F16LY74,"notebook: Retro journal Pyrrhus’s Pachyderms elephant Notepad/book with strong cover be strong for men's & women's & kids 6x9"" and 120 Lined papers, beautiful and not harmful to the eye",retro Elephant,Paperback,"Aug 26, 2021",
0,https://www.amazon.com/dp/B09F16LY37,B09F16LY37,Art Primary Composition Notebook / Grades K-2 / (8.5X11) / Composition notebook with drawing space: Dotted Midline and Picture Space / Grades K-2 ... Colorful Art Series / Handwriting Practice,THAWINUN DITTAPOON,Paperback,"Aug 26, 2021",
0,https://www.amazon.com/dp/B09F16LJB6,B09F16LJB6,2022 - 2026 Five Year Planner: 60 Months Yearly Planner Monthly Calendar with Holidays Sunflower Floral,Savannah James,Paperback,"Aug 26, 2021",
0,https://www.amazon.com/dp/B09F16L4Q2,B09F16L4Q2,Couples Relationship Journal: Making Your Relationship Work for couples journal (8.5x11 in and 110 pages),Luis Camacho,Paperback,"Aug 26, 2021",
0,https://www.amazon.com/dp/B09F16L2P7,B09F16L2P7,Think it. Want it. Get it.: Daily To Do List Journal,Yoshy Studios,Paperback,"Aug 26, 2021",
0,https://www.amazon.com/dp/B09F16L2NQ,B09F16L2NQ,Time To Draw! Sketch Book/Drawing Pad,Sabah Iqbal,Paperback,"Aug 26, 2021",
0,https://www.amazon.com/dp/B09F16L2N6,B09F16L2N6,"Architect notebook: Woman Architect Journal drawing and writing - Perfect for Architects, designers and students",Anna Gross,Paperback,"Aug 26, 2021",
0,https://www.amazon.com/dp/B09F16L29C,B09F16L29C,Journal Notebook: notebook Wide Ruled Paper Notebook Journal | Nifty Wide Blank Lined Workbook for Teens Kids Students Girls for Home School College for...,Alex Elmans,Paperback,"Aug 26, 2021",
0,https://www.amazon.com/dp/B09F166VF5,B09F166VF5,"Romina: Unicorn Notebook Personal Name Wide Lined Rule Paper | Notebook The Notebook For Writing Journal or Diary Women & Girls Gift for Birthday, For Student | 162 Pages Size 8.5x11inch",Clayton Gill,Paperback,"Aug 26, 2021",
0,https://www.amazon.com/dp/B09F166FBY,B09F166FBY,"Kimber: Unicorn Notebook Personal Name Wide Lined Rule Paper | Notebook The Notebook For Writing Journal or Diary Women & Girls Gift for Birthday, For Student | 162 Pages Size 8.5x11inch",Bobby Simpson,Paperback,"Aug 26, 2021",
1,https://www.amazon.com/dp/B09F14TCG3,B09F14TCG3,"Sketchpad: 6.9 Inch, 100 Sheets Sketch Book for Artist Pro & Amateurs | Marker Art, Colored Pencil, Charcoal for Sketching: children, kids,girls and boys",eelks kml,Paperback,"Aug 26, 2021",
0,https://www.amazon.com/dp/B09F14TCCC,B09F14TCCC,NOTEBOOK: Lined Notebook Journal (College Ruled Paper) - 120 Pages - 8.5 x 11 inches,ana's publishing,Paperback,"Aug 26, 2021",
0,https://www.amazon.com/dp/B09F14TBGX,B09F14TBGX,"Pregnancy Journal: Pregnancy Journal for Mom and Baby -8.5x11 inches, 100 pages",Luis Camacho,Paperback,"Aug 26, 2021",
0,https://www.amazon.com/dp/B09F14T8MR,B09F14T8MR,"Architect notebook: Robot Architect Journal drawing and writing - Perfect for Architects, designers and students",Anna Gross,Paperback,"Aug 26, 2021",
1,https://www.amazon.com/dp/B09F14T8KM,B09F14T8KM,"You Have Been Assigned This Mountain To Show Others It Can Be Moved: Big Motivational and Inspirational Quotes College Ruled Notebook for Teachers, Students, Employees, Teens and Family Members",CA J,Paperback,"Aug 26, 2021",
0,https://www.amazon.com/dp/B09F14T88Y,B09F14T88Y,"Remantic Composition Notebook: A 120 pages wide-ruled, size 7,5x9,25 in, for evrybody (kids, teens, and adults).",Jebli Free  Design,Paperback,"Aug 26, 2021",
0,https://www.amazon.com/dp/B09DZVM8B9,B09DZVM8B9,"Hayden: Unicorn Notebook Personal Name Wide Lined Rule Paper | Notebook The Notebook For Writing Journal or Diary Women & Girls - Gift For Birthday, For Student | 162 Pages Size 8.5x11inch",Cedric Wallace,Paperback,"Aug 26, 2021",
0,https://www.amazon.com/dp/B09DZVM89C,B09DZVM89C,Sketchbook: Winter Christmas Squad Merry Christmas and Reindeer Sketchbook Black Cover,Martin Dostalik,Paperback,"Aug 26, 2021",
0,https://www.amazon.com/dp/B09DN32PQ3,B09DN32PQ3,Establish A Source Of Passive Income: Generate Multiple Sources Of Income Streams: Improve Your Cash Flow,Kamala Kampa,Paperback,"Aug 26, 2021",
1,https://www.amazon.com/dp/B09DN1JB1H,B09DN1JB1H,Interior Design - Coloring Book - Bird's Eye View: living space - 24 detailed drawings - for kids and adults - top view interior collection (Designer),Sum of Miracles Publishing,Paperback,"Aug 26, 2021",
0,https://www.amazon.com/dp/B09DN191LZ,B09DN191LZ,"She is Clothed with Strength and Dignity Hiro: Personalised Motivational Journal Notebook for Girls Named Hiro . (Custom Name Journal, Blank Journal, ... 110 Pages Floral Background(Hiro Notebook)",Hiro 's Prints Personalised Publication,Paperback,"Aug 26, 2021",
0,https://www.amazon.com/dp/B09DN191LW,B09DN191LW,"She is Clothed with Strength and Dignity Matilda: Personalised Motivational Journal Notebook for Girls Named Matilda. (Custom Name Journal, Blank ... 110 Pages Floral Background(Matilda Noteboo",Matilda's Prints Personalised Publication,Paperback,"Aug 26, 2021",
0,https://www.amazon.com/dp/B09DN191LS,B09DN191LS,"She is Clothed with Strength and Dignity Melanie: Personalised Motivational Journal Notebook for Girls Named Melanie. (Custom Name Journal, Blank ... 110 Pages Floral Background(Melanie Noteboo",Melanie's Prints Personalised Publication,Paperback,"Aug 26, 2021",
4,https://www.amazon.com/dp/B09DN191B8,B09DN191B8,Candycane Alley,Stevie ZeSuicide,Kindle,"Aug 26, 2021",
0,https://www.amazon.com/dp/B09DMXZDD5,B09DMXZDD5,"Tinley: Unicorn Notebook Personal Name Wide Lined Rule Paper | Notebook The Notebook For Writing Journal or Diary Women & Girls Gift for Birthday, For Student | 162 Pages Size 8.5x11inch",Christina Meyer,Paperback,"Aug 26, 2021",
0,https://www.amazon.com/dp/B09DMXRFXB,B09DMXRFXB,"She is Clothed with Strength and Dignity India: Personalised Motivational Journal Notebook for Girls Named India. (Custom Name Journal, Blank Journal, ... 110 Pages Floral Background(India Notebook)",India's Prints Personalised Publication,Paperback,"Aug 26, 2021",
0,https://www.amazon.com/dp/B09DMXRF9F,B09DMXRF9F,Strategy To Create Passive Income: Discovering Approaches And Opportunities To Bring In Money: How To Buide Passive Income,Teresa Hoffelt,Paperback,"Aug 26, 2021",
0,https://www.amazon.com/dp/B09DMWBWJF,B09DMWBWJF,"Kawaii Dinosaur Coloring Book: For Kids Ages 4-8 Awesome and Fun Kawaii With Animals, Dinosaurs, Baby Art Illustration, Flowers, Foods and Girls! (Super Cute Kawaii Coloring Book)",eelks kml,Paperback,"Aug 26, 2021",
0,https://www.amazon.com/dp/B09DMW57CS,B09DMW57CS,Environment-Friendly Stocks: How Investments Can Make Money And Help The Environment: Environmentally Friendly Business,Santos Meadow,Paperback,"Aug 26, 2021",
0,https://www.amazon.com/dp/B09DMW3ZW6,B09DMW3ZW6,"She is Clothed with Strength and Dignity Molly: Personalised Motivational Journal Notebook for Girls Named Molly. (Custom Name Journal, Blank Journal, ... 110 Pages Floral Background(Molly Notebook)",Molly's Prints Personalised Publication,Paperback,"Aug 26, 2021",
0,https://www.amazon.com/dp/B09DMW3ZVV,B09DMW3ZVV,"She is Clothed with Strength and Dignity Jocelyn: Personalised Motivational Journal Notebook for Girls Named Jocelyn. (Custom Name Journal, Blank ... 110 Pages Floral Background(Jocelyn Noteboo",Jocelyn's Prints Personalised Publication,Paperback,"Aug 26, 2021",
0,https://www.amazon.com/dp/B09DMW3ZVT,B09DMW3ZVT,"She is Clothed with Strength and Dignity Izanagi: Personalised Motivational Journal Notebook for Girls Named Izanagi . (Custom Name Journal, Blank ... 6x9 110 Pages Floral Background(Izanagi Note",Izanagi 's Prints Personalised Publication,Paperback,"Aug 26, 2021",
0,https://www.amazon.com/dp/B09DMW3ZVQ,B09DMW3ZVQ,"She is Clothed with Strength and Dignity Lea: Personalised Motivational Journal Notebook for Girls Named Lea. (Custom Name Journal, Blank Journal, ... 6x9 110 Pages Floral Background(Lea Notebook)",Lea's Prints Personalised Publication,Paperback,"Aug 26, 2021",
0,https://www.amazon.com/dp/B09DMW3ZVP,B09DMW3ZVP,"She is Clothed with Strength and Dignity Margot: Personalised Motivational Journal Notebook for Girls Named Margot. (Custom Name Journal, Blank ... 110 Pages Floral Background(Margot Notebook)",Margot's Prints Personalised Publication,Paperback,"Aug 26, 2021",
0,https://www.amazon.com/dp/B09DMW3ZVK,B09DMW3ZVK,"She is Clothed with Strength and Dignity Julia: Personalised Motivational Journal Notebook for Girls Named Julia. (Custom Name Journal, Blank Journal, ... 110 Pages Floral Background(Julia Notebook)",Julia's Prints Personalised Publication,Paperback,"Aug 26, 2021",
0,https://www.amazon.com/dp/B09DMTVJH2,B09DMTVJH2,"Fashion Coloring Book For Kids: 50+Best Illustration Colouring Pages,Stylish And Relaxing Coloring Book,Fashion Coloring Book For Girls,Fashion ... Coloring Book For Girls Ages 8-12",Diponkar Book House,Paperback,"Aug 26, 2021",
0,https://www.amazon.com/dp/B09DMTR1Q2,B09DMTR1Q2,"Beautiful Spring Flowers Coloring Book For Kids: Easy Large Print Coloring Pages, Amazing Coloring Book For Kid With Beautiful Spring Flowers",William Anky,Paperback,"Aug 26, 2021",
0,https://www.amazon.com/dp/B09DMRH2PY,B09DMRH2PY,"Elisabeth: Unicorn Notebook Personal Name Wide Lined Rule Paper | Notebook The Notebook For Writing Journal or Diary Women & Girls Gift for Birthday, For Student | 162 Pages Size 8.5x11inch",Alberta Morgan,Paperback,"Aug 26, 2021",
0,https://www.amazon.com/dp/B09DMR9BK2,B09DMR9BK2,"Rosalee: Unicorn Notebook Personal Name Wide Lined Rule Paper | Notebook The Notebook For Writing Journal or Diary Women & Girls Gift for Birthday, For Student | 162 Pages Size 8.5x11inch",Christina Meyer,Paperback,"Aug 26, 2021",
0,https://www.amazon.com/dp/B09DMP89Y8,B09DMP89Y8,"Halloween Coloring Book For Adults Age 29 Years Old: Spooky, Fun, Tricks and Treats Relaxing Coloring Pages for you Relaxation | Halloween Gifts",Nettie Vega,Paperback,"Aug 26, 2021",
0,https://www.amazon.com/dp/B09DMP89B6,B09DMP89B6,736 Things To Draw: Drawing Prompts and Ideas That Will Challenge Your Creativity. Gifts For Artist | Art Journals & Drawing Books | Activity Book For Adults & Kids,Jason R. Moore,Paperback,"Aug 26, 2021",
0,https://www.amazon.com/dp/B09DMK958M,B09DMK958M,"She is Clothed with Strength and Dignity Libby: Personalised Motivational Journal Notebook for Girls Named Libby. (Custom Name Journal, Blank Journal, ... 110 Pages Floral Background(Libby Notebook)",Libby's Prints Personalised Publication,Paperback,"Aug 26, 2021",
0,https://www.amazon.com/dp/B09DM8YVTN,B09DM8YVTN,"She is Clothed with Strength and Dignity Margaret: Personalised Motivational Journal Notebook for Girls Named Margaret. (Custom Name Journal, Blank ... 6x9 110 Pages Floral Background(Margaret Note",Margaret's Prints Personalised Publication,Paperback,"Aug 26, 2021",
0,https://www.amazon.com/dp/9811501939,9811501939,Stardom in Contemporary Hindi Cinema: Celebrity and Fame in Globalized Times,Aysha Iqbal Viswamohan,Kindle,"Aug 26, 2021",
0,https://www.amazon.com/dp/3030318834,3030318834,Representation in Steven Universe,John R. Ziegler,Kindle,"Aug 26, 2021",
0,https://www.amazon.com/dp/3030251632,3030251632,Adaptation Considered as a Collaborative Art: Process and Practice (Adaptation in Theatre and Performance),Bernadette Cronin,Kindle,"Aug 26, 2021",
0,https://www.amazon.com/dp/303023830X,303023830X,The Palgrave Handbook of the History of Women on Stage,Jan Sewell,Kindle,"Aug 26, 2021",
5,https://www.amazon.com/dp/1911239848,1911239848,Channel 4: A History: from Big Brother to The Great British Bake Off,Maggie Brown,Kindle,"Aug 26, 2021",
1,https://www.amazon.com/dp/B09F1BB4XZ,B09F1BB4XZ,Notebook | We Delight in the Beauty of the Butterfly | Maya Angelou | Black Butterfly Design | 8.5 x 11 | Lined,Sweet Rose Designz,Paperback,"Aug 25, 2021",
0,https://www.amazon.com/dp/B09DMP85NY,B09DMP85NY,unless the LORD BUILDS: debt free building,Phil Walsh,Paperback,"Aug 25, 2021",
3,https://www.amazon.com/dp/B09DN1FJ67,B09DN1FJ67,Cezanne Coloring Book: Cezanne Complete Art Coloring Book #1 - Color The Greatest Compositions In History,Art-Lines,Paperback,"Aug 25, 2021",
0,https://www.amazon.com/dp/B09F1CTFV3,B09F1CTFV3,Orange Composition Notebook: Cute aesthetic composition notebook for the Orange color lovers. 7.5X9.25” Wide ruled paperback with 110 pages.,Aesthetic Color Co,Paperback,"Aug 25, 2021",
2,https://www.amazon.com/dp/B09DN397SZ,B09DN397SZ,The Carolina Union Proudly Presents…: Memories of the Tech Crew of Memorial Hall,Scott Madry Ph.D.,Kindle,"Aug 25, 2021",
0,https://www.amazon.com/dp/B09F192N8K,B09F192N8K,Doodles! Sketch Book 120 Disc Black Edition: Sketch Pad,Keith Ratner,Hardcover,"Aug 25, 2021",
0,https://www.amazon.com/dp/B09F16Q3K6,B09F16Q3K6,Doodles! Sketch Book 120 Portal Black Edition: Sketch Book,Keith Ratner,Hardcover,"Aug 25, 2021",
0,https://www.amazon.com/dp/B09NRK1KND,B09NRK1KND,"Unicorn Coloring Book and Gratitute Journal for Girls: An Inspiring Coloring Book and Gratitute Journal to help Girls to put into words all the things ... unicorns, caticorns, rainbows, and much more.",Think Designs,Paperback,"Aug 25, 2021",
0,https://www.amazon.com/dp/B09FCKHYMY,B09FCKHYMY,Delicate: Blue cute and femenine lined notebook,Marte Press,Paperback,"Aug 25, 2021",
0,https://www.amazon.com/dp/B09FCKC822,B09FCKC822,Composition Notebook College Ruled: Russian Nesting Dolls Coloring Cover for School Work Writing Gift for Students,Eden Creative Press,Paperback,"Aug 25, 2021",
0,https://www.amazon.com/dp/B09FC9YPWD,B09FC9YPWD,Be Stronger Than Your Strongest Excuse: Inspirational Notebook - Notebook - College Ruled - 8.5 x 11 inches - 120 Pages,Tye Sand,Paperback,"Aug 25, 2021",
0,https://www.amazon.com/dp/B09F1KNHJ8,B09F1KNHJ8,The Smart to-Do List with a Heart Accent: Smart To-do list with a Heart Accent (Checklists for Daily Life),Luis Camacho,Paperback,"Aug 25, 2021",
0,https://www.amazon.com/dp/B09F1KM4ZF,B09F1KM4ZF,Dance Choreography Journal,Angie Payton,Paperback,"Aug 25, 2021",
0,https://www.amazon.com/dp/B09F1KM4W1,B09F1KM4W1,The Pink Notebook - Pink Journal - 6x9 notebook - 100 page journal - Fashion Notebook: A notebook for people who love pink - Pink Composition Notebook,Pink Sheep Books,Paperback,"Aug 25, 2021",
0,https://www.amazon.com/dp/B09F1KM4TV,B09F1KM4TV,"NOTEBOOK: Amazing Floral Ruled Line Pages(Composition Book, Journal)",Omg! Art/Press Studios,Paperback,"Aug 25, 2021",
1,https://www.amazon.com/dp/B09F1HYV89,B09F1HYV89,Music Manuscript: Ballet Designer Blank Sheet Music Book 1 Notebook Journal - 12 Staves on 120 Pages - Perfect Gift for Musicians and Songwriters,PC Publishing,Paperback,"Aug 25, 2021",
0,https://www.amazon.com/dp/B09F1HYRS9,B09F1HYRS9,Orange Notebook: Cute Orange Notebook (Journal) with lined pages,Sun Cactus,Paperback,"Aug 25, 2021",
0,https://www.amazon.com/dp/B09F1HYRJG,B09F1HYRJG,Sketchbook: New Year Brand New Year 8''x11'' Happy New Year and Merry Christmas Sketchbook,Jade Terry,Paperback,"Aug 25, 2021",
0,https://www.amazon.com/dp/B09F1HYRD7,B09F1HYRD7,Sketchbook: Reindeer Christmas 5 Merry Christmas and Reindeer Sketchbook Black Cover,Martin Dostalik,Paperback,"Aug 25, 2021",
0,https://www.amazon.com/dp/B09F1G3X66,B09F1G3X66,"Notebook for Men: Blank 120-Page Lined Journal for Husband, Dad, Brother, Son | College Ruled | Gift",Jene Simone Williams,Paperback,"Aug 25, 2021",
0,https://www.amazon.com/dp/B09F1G3X19,B09F1G3X19,Just A Girl Who Loves Cats: Large Sketchbook with 110 Blank Pages for Drawing or Painting,TONNY RAMON,Paperback,"Aug 25, 2021",
0,https://www.amazon.com/dp/B09F1FSRD9,B09F1FSRD9,Gratitude Journal,Diamondview Customs,Paperback,"Aug 25, 2021",
0,https://www.amazon.com/dp/B09F1FSRCS,B09F1FSRCS,"Notebook: Yellow Watermelon Popsicle Pattern | 100 Lined pages, 6"" x 9"" inches. College Ruled Fun Animal Flower Print, Adorable Journal Assorted Colorful Cover Perfect for Writing.",Over the Luna Designs,Paperback,"Aug 25, 2021",
0,https://www.amazon.com/dp/B09F1FPZZL,B09F1FPZZL,Notebook: Leopard Print - 100 Pages - 8.5 x 11,Annie Alice Books,Paperback,"Aug 25, 2021",
0,https://www.amazon.com/dp/B09F1FPZWX,B09F1FPZWX,"Notebook: Gothic Gargoyle Notebook - College Rule Notebooks (8.5X11, 100 pages, soft gloss cover) College notebooks college ruled / Notebook / Composition Notebook: College Rule Notebook",Marie M Christina,Paperback,"Aug 25, 2021",
0,https://www.amazon.com/dp/B09F1FPZWP,B09F1FPZWP,"KDP Interior the Peaches to-do List: Interior the Peaches To-Do Lists, Checklists (6'' x 9'')",Luis Camacho,Paperback,"Aug 25, 2021",
0,https://www.amazon.com/dp/B09F1FPZVD,B09F1FPZVD,Composition Notebook: College Ruled- Bright RED Cover Design- 8x10 inches - 120 Pages,SIMM Bookstore,Paperback,"Aug 25, 2021",
0,https://www.amazon.com/dp/B09F1FL9PJ,B09F1FL9PJ,Sketchbook: Red Merry Woofmas Christmas Dog Merry Christmas and Reindeer Sketchbook Black Cover,Martin Dostalik,Paperback,"Aug 25, 2021",
0,https://www.amazon.com/dp/B09F1FJD5G,B09F1FJD5G,"Notebook Aesthetic: Lined Notebook Journal, Notebook, 6 x 9 inches - 100 Pages: College Ruled Paper, perfect bound, Soft Cover",Prescott Daniels,Paperback,"Aug 25, 2021",
0,https://www.amazon.com/dp/B09F1FJCFL,B09F1FJCFL,Sunflower Reading Printable Journal: Reading journal (Sunflower cover) for your printable Journal: Plan your Day and reach your Goals.,Luis Camacho,Paperback,"Aug 25, 2021",
0,https://www.amazon.com/dp/B09F1F6VJQ,B09F1F6VJQ,Sketchbook: Merry Christmas And Happy New Year 5 8''x11'' Happy New Year and Merry Christmas Sketchbook,Jade Terry,Paperback,"Aug 25, 2021",
0,https://www.amazon.com/dp/B09F1CZBQV,B09F1CZBQV,Movie Reveiw Journal: A notebook for movie critics,Abdellah OUAHSNA,Paperback,"Aug 25, 2021",
0,https://www.amazon.com/dp/B09F1CZBQT,B09F1CZBQT,"Journal 'Inspiration': 8 x 10 Blank Lined Notebook Flaming Vortex in Orange, Black and Yellow",Moonscapes Creative Press,Paperback,"Aug 25, 2021",
0,https://www.amazon.com/dp/B09F1CZBJZ,B09F1CZBJZ,Notebook the Black woods,bm bmbe,Paperback,"Aug 25, 2021",
0,https://www.amazon.com/dp/B09F1CZB8C,B09F1CZB8C,"Composition Notebook: Wide Ruled Paper Notebook Journal | coffee in blue turkish pot on yellow Cover - Notebook Journal for Adults, Students, ... College, Classroom, Business, Office & Home.",Neo Bookshop,Paperback,"Aug 25, 2021",
0,https://www.amazon.com/dp/B09F1CTFK3,B09F1CTFK3,"Sarai: Unicorn Notebook Personal Name Wide Lined Rule Paper | Notebook The Notebook For Writing Journal or Diary Women & Girls Gift for Birthday, For Student | 162 Pages Size 8.5x11inch",Clayton Gill,Paperback,"Aug 25, 2021",
0,https://www.amazon.com/dp/B09F1CTFFH,B09F1CTFFH,"My Art Sketchbook: Spray Paint Design Sketchbook with 100+ Pages of 8.5""x11"" Blank Paper for Drawing, Doodling or Learning to Draw: Sketchbook for Young Adults",CT Star Sketchbooks,Paperback,"Aug 25, 2021",
0,https://www.amazon.com/dp/B09F1CTFB6,B09F1CTFB6,Sketchbook: Happy New Years Eve 2 8''x11'' Happy New Year and Merry Christmas Sketchbook,Jade Terry,Paperback,"Aug 25, 2021",
0,https://www.amazon.com/dp/B09F1CTCXZ,B09F1CTCXZ,Be A Wildflower Notebook Lined Journal for Girls Floral Design,Wynteria's Publication,Paperback,"Aug 25, 2021",
0,https://www.amazon.com/dp/B09F1CTCP6,B09F1CTCP6,Sketchbook: Reindeer My Pancreas Got Run Over By A Reindeer Merry Christmas and Reindeer Sketchbook Black Cover,Martin Dostalik,Paperback,"Aug 25, 2021",
0,https://www.amazon.com/dp/B09F1CTCP5,B09F1CTCP5,Sketchbook: New Year Same Hot Mess 8''x11'' Happy New Year and Merry Christmas Sketchbook,Jade Terry,Paperback,"Aug 25, 2021",
0,https://www.amazon.com/dp/B09F1CT9YG,B09F1CT9YG,Sketchbook: Happy New Year Nurse Crew Fireworks 8''x11'' Happy New Year and Merry Christmas Sketchbook,Jade Terry,Paperback,"Aug 25, 2021",
0,https://www.amazon.com/dp/B09F1CGQWP,B09F1CGQWP,Composition Notebook: Notebook Cover: A DSLR photo of soap bubbles on a purple background | Wide Ruled Paper Notebook Journal | Workbook for Teens Kids Students Girls for Home School College.,Neo Bookshop,Paperback,"Aug 25, 2021",
0,https://www.amazon.com/dp/B09F1CGQ7Y,B09F1CGQ7Y,Sketchbook: Happy New Years Eve 8''x11'' Happy New Year and Merry Christmas Sketchbook,Jade Terry,Paperback,"Aug 25, 2021",
0,https://www.amazon.com/dp/B09F1CDPZF,B09F1CDPZF,KDP Interior the Peaches to-do List: To-do list KDP Interior the Peaches (Checklists for Daily Life),Luis Camacho,Paperback,"Aug 25, 2021",
0,https://www.amazon.com/dp/B09F1CDPYT,B09F1CDPYT,Civil Field Notebook: for Civil Engineers,Vish Vimarshana,Paperback,"Aug 25, 2021",
0,https://www.amazon.com/dp/B09F1B755X,B09F1B755X,Composition Notebook: Wide Ruled Paper Notebook Journal | Abstract purple background with light spots and numbers (8.5 x 11 inches) 120 Pages: Lined ... & Home.,Neo Bookshop,Paperback,"Aug 25, 2021",
0,https://www.amazon.com/dp/B09F1B5BFV,B09F1B5BFV,Sketchbook: Reindeer Christmas 3 Merry Christmas and Reindeer Sketchbook Black Cover,Martin Dostalik,Paperback,"Aug 25, 2021",
0,https://www.amazon.com/dp/B09F1B5BF1,B09F1B5BF1,Sketchbook: Reindeer And Santa Claus Merry Christmas Funny Merry Christmas and Reindeer Sketchbook Black Cover,Martin Dostalik,Paperback,"Aug 25, 2021",
0,https://www.amazon.com/dp/B09F192N8M,B09F192N8M,"Music Notebook: Music Writing Notebook For Kids | Blank Sheet Music Notebook | Wide Staff Blank Manuscript Paper | 6 Staves Per Page | Staff Paper Notebook | 8,5"" x 11"" | 50",Evan Po,Paperback,"Aug 25, 2021",
0,https://www.amazon.com/dp/B09F192N7L,B09F192N7L,Wedding Notebook,AL Notebooks,Paperback,"Aug 25, 2021",
2,https://www.amazon.com/dp/B09F192N5X,B09F192N5X,"Actor's Journal: Rehearsal Notebook, Diary, Audition Log for Actors and Actresses, 100 Pages, 6x9, Blank Lined Pages, Gift for Actors",T.C. Fontaine,Paperback,"Aug 25, 2021",
0,https://www.amazon.com/dp/B09F18C16Z,B09F18C16Z,Sketchbook: Reindeer Training Squad Funny Family Christmas Merry Christmas and Reindeer Sketchbook Black Cover,Martin Dostalik,Paperback,"Aug 25, 2021",
0,https://www.amazon.com/dp/B09F18C142,B09F18C142,"Unicorn notebook ,composition notebook for girls ,for school: 7.5 x 9.25 inch 19.05x23.5 cm 110 pages notebook",Composition notebook Unicorn edition,Paperback,"Aug 25, 2021",
0,https://www.amazon.com/dp/B09F16Q3MY,B09F16Q3MY,Notebook 'Wander in Love': 6 x 9 Blank Lined Pages Colorful Rainbow Swirling Vortex,Moonscapes Creative Press,Paperback,"Aug 25, 2021",
0,https://www.amazon.com/dp/B09F16Q3BH,B09F16Q3BH,"Notebook, lined notebook, lined notebook with cacti illustrations, 6x9 inch (ca. A5), lined notebook with cactus",Clara's Creations,Paperback,"Aug 25, 2021",
0,https://www.amazon.com/dp/B09F16LTRS,B09F16LTRS,"Simple Sketchbook: 100 White Pages For Sketching, Drawing, Design & More | 8.5 x 11",Valerie Joe,Paperback,"Aug 25, 2021",
0,https://www.amazon.com/dp/B09F16LDP5,B09F16LDP5,For Black Girls Who Write: Creative Stories & Poetry,Jacqueline Harris,Hardcover,"Aug 25, 2021",
0,https://www.amazon.com/dp/B09F16LD54,B09F16LD54,"Music Notebook for Beginners: Wide Staff Manuscript Paper for music lessons ,",abderrahim bennaoui,Paperback,"Aug 25, 2021",
0,https://www.amazon.com/dp/B09F16L26H,B09F16L26H,TRex Dinosaur composition notebook: Kids Rex Birthday Dinosaur 2022 composition notebook for kids,HTM PUB,Paperback,"Aug 25, 2021",
0,https://www.amazon.com/dp/B09F166VPZ,B09F166VPZ,Composition Notebook: Wide Ruled Paper Notebook Journal marble composition book wide ruled sheet black,RNB Publications,Paperback,"Aug 25, 2021",
0,https://www.amazon.com/dp/B09F166V99,B09F166V99,Sketchbook: New Year Party Cheers To The New Year 8''x11'' Happy New Year and Merry Christmas Sketchbook,Jade Terry,Paperback,"Aug 25, 2021",
0,https://www.amazon.com/dp/B09F166FYF,B09F166FYF,"Notebook; red plaid, tartan pattern cover; 8.5"" x 11""; white lined paper; 100 pages",Suyanee NP Chatchawal,Paperback,"Aug 25, 2021",
0,https://www.amazon.com/dp/B09F166F5J,B09F166F5J,Lined Notebook,Virtual Press,Paperback,"Aug 25, 2021",
0,https://www.amazon.com/dp/B09F14T83G,B09F14T83G,"notebooks for sweet girls: notebooks sketch books Journal and Notebook for Girls - Composition Size (6""x9 inch"") avec pages lignées et vierges, ... le griffonnage, le croquis et les notes",SOUKAINA CHARIFI-ALAOUI,Paperback,"Aug 25, 2021",
0,https://www.amazon.com/dp/B09F125PH1,B09F125PH1,Notebook: Notebook for writing | Lined papers 120 pages | 6 x 9 inches,Ammi Chupan,Paperback,"Aug 25, 2021",
0,https://www.amazon.com/dp/B09DN1FK53,B09DN1FK53,Adult Coloring Book: Relaxing and stress relieving past time,Richard Hallock  Jr,Paperback,"Aug 25, 2021",
0,https://www.amazon.com/dp/B09DN1FJLB,B09DN1FJLB,"She is Clothed with Strength and Dignity Emelia: Personalised Motivational Journal Notebook for Girls Named Emelia. (Custom Name Journal, Blank ... 110 Pages Floral Background(Emelia Notebook)",Emelia's Prints Personalised Publication,Paperback,"Aug 25, 2021",
0,https://www.amazon.com/dp/B09DN191LG,B09DN191LG,"She is Clothed with Strength and Dignity Brooke: Personalised Motivational Journal Notebook for Girls Named Brooke. (Custom Name Journal, Blank ... 110 Pages Floral Background(Brooke Notebook)",Brooke's Prints Personalised Publication,Paperback,"Aug 25, 2021",
0,https://www.amazon.com/dp/B09DN166SR,B09DN166SR,"Elisabeth: Unicorn Notebook Personal Name Wide Lined Rule Paper | Notebook The Notebook For Writing Journal or Diary Women & Girls Gift for Birthday, For Student | 162 Pages Size 8.5x11inch",Monique Bates,Paperback,"Aug 25, 2021",
0,https://www.amazon.com/dp/B09DMXZL9X,B09DMXZL9X,"She is Clothed with Strength and Dignity Eloise: Personalised Motivational Journal Notebook for Girls Named Eloise. (Custom Name Journal, Blank ... 110 Pages Floral Background(Eloise Notebook)",Eloise's Prints Personalised Publication,Paperback,"Aug 25, 2021",
0,https://www.amazon.com/dp/B09DMXZDR3,B09DMXZDR3,"Composition Notebook: Notebook For Kids, Teens, Gamers And Adults.",nojom .M. Niha,Paperback,"Aug 25, 2021",
0,https://www.amazon.com/dp/B09DMXTP3W,B09DMXTP3W,Dinosaur Primary Composition Notebook / Grades K-2 / (8.5X11) / Composition notebook with drawing space: Dotted Midline and Picture Space / Grades K-2 ... Dinosaur Series / Handwriting Practice,THAWINUN DITTAPOON,Paperback,"Aug 25, 2021",
0,https://www.amazon.com/dp/B09DMXTLDK,B09DMXTLDK,"Mermaid Coloring Book for kids 3-10: Coloring Book with Beautiful Mermaids, Detailed Designs for Relaxation",David Gussto,Paperback,"Aug 25, 2021",
0,https://www.amazon.com/dp/B09DMXRFX7,B09DMXRFX7,"She is Clothed with Strength and Dignity Celina: Personalised Motivational Journal Notebook for Girls Named Celina. (Custom Name Journal, Blank ... 110 Pages Floral Background(Celina Notebook)",Celina's Prints Personalised Publication,Paperback,"Aug 25, 2021",
0,https://www.amazon.com/dp/B09DMW6NG3,B09DMW6NG3,Tattoo Inspiration Coloring Book: Stress Relief Relaxing Activity For Adults,Canada Quattro,Paperback,"Aug 25, 2021",
0,https://www.amazon.com/dp/B09DMW3ZVL,B09DMW3ZVL,"She is Clothed with Strength and Dignity Cassidy: Personalised Motivational Journal Notebook for Girls Named Cassidy. (Custom Name Journal, Blank ... 110 Pages Floral Background(Cassidy Noteboo",Cassidy's Prints Personalised Publication,Paperback,"Aug 25, 2021",
0,https://www.amazon.com/dp/B09DMW3ZVH,B09DMW3ZVH,"She is Clothed with Strength and Dignity Antonium: Personalised Motivational Journal Notebook for Girls Named Antonium. (Custom Name Journal, Blank ... 6x9 110 Pages Floral Background(Antonium Note",Antonium's Prints Personalised Publication,Paperback,"Aug 25, 2021",
0,https://www.amazon.com/dp/B09DMTR4FX,B09DMTR4FX,Songwriting Journal: Head In The Clouds,DAVON Chris,Paperback,"Aug 25, 2021",
0,https://www.amazon.com/dp/B09DMTR1D8,B09DMTR1D8,Contry Summer Color by Number,Claodio Verner,Paperback,"Aug 25, 2021",
0,https://www.amazon.com/dp/B09DMTQZYT,B09DMTQZYT,"She is Clothed with Strength and Dignity Briana: Personalised Motivational Journal Notebook for Girls Named Briana. (Custom Name Journal, Blank ... 110 Pages Floral Background(Briana Notebook)",Briana's Prints Personalised Publication,Paperback,"Aug 25, 2021",
0,https://www.amazon.com/dp/B09DMTQZM3,B09DMTQZM3,"Animals Farting Coloring Book: Animals farting Coloring Book, Best Christmas Gift For Kids",RR Publications,Paperback,"Aug 25, 2021",
0,https://www.amazon.com/dp/B09DMTNJWG,B09DMTNJWG,Dinosaur Primary Composition Notebook / Grades K-2 / (8.5X11) / Composition notebook with drawing space: Dotted Midline and Picture Space / Grades K-2 ... Dinosaur Series / Handwriting Practice,THAWINUN DITTAPOON,Paperback,"Aug 25, 2021",
0,https://www.amazon.com/dp/B09DMTJM3Y,B09DMTJM3Y,Six Powerful Life Change And Transformation Steps: How To Change Your Life From A Headless Chicken: Create A Business Venture,Thanh Sobczynski,Paperback,"Aug 25, 2021",
0,https://www.amazon.com/dp/B09DMR9BK4,B09DMR9BK4,"Mylah: Unicorn Notebook Personal Name Wide Lined Rule Paper | Notebook The Notebook For Writing Journal or Diary Women & Girls Gift for Birthday, For Student | 162 Pages Size 8.5x11inch",Christina Meyer,Paperback,"Aug 25, 2021",
0,https://www.amazon.com/dp/B09DMR97ZK,B09DMR97ZK,"kawaii coloring book for kids: cute and wonderful coloring book for kids with easy and funny coloring pages , ice cream cake food, 30 pages for coloring",kaw Ayoub,Paperback,"Aug 25, 2021",
0,https://www.amazon.com/dp/B09DMR5JDC,B09DMR5JDC,"She is Clothed with Strength and Dignity Hideaki: Personalised Motivational Journal Notebook for Girls Named Hideaki . (Custom Name Journal, Blank ... 6x9 110 Pages Floral Background(Hideaki Note",Hideaki 's Prints Personalised Publication,Paperback,"Aug 25, 2021",
0,https://www.amazon.com/dp/B09DMK95GM,B09DMK95GM,The National Parks: Coloring Book for Adults Full of Landscapes of US National Parks,Igor Dawid Wawrzak,Paperback,"Aug 25, 2021",
0,https://www.amazon.com/dp/B09DMK958C,B09DMK958C,"She is Clothed with Strength and Dignity Elise: Personalised Motivational Journal Notebook for Girls Named Elise. (Custom Name Journal, Blank Journal, ... 110 Pages Floral Background(Elise Notebook)",Elise's Prints Personalised Publication,Paperback,"Aug 25, 2021",
0,https://www.amazon.com/dp/B09DMK9589,B09DMK9589,"She is Clothed with Strength and Dignity Faith: Personalised Motivational Journal Notebook for Girls Named Faith. (Custom Name Journal, Blank Journal, ... 110 Pages Floral Background(Faith Notebook)",Faith's Prints Personalised Publication,Paperback,"Aug 25, 2021",
0,https://www.amazon.com/dp/B09DM8YVT9,B09DM8YVT9,"She is Clothed with Strength and Dignity Charlie: Personalised Motivational Journal Notebook for Girls Named Charlie. (Custom Name Journal, Blank ... 110 Pages Floral Background(Charlie Noteboo",Charlie's Prints Personalised Publication,Paperback,"Aug 25, 2021",
0,https://www.amazon.com/dp/B09DM5YGQL,B09DM5YGQL,Discovering Cryptocurrency: Learn About Blockchain Technology And How To Invest In Cryptocurrencies: Tricks On Cryptocurrencies,Rupert Wohlfarth,Paperback,"Aug 25, 2021",
0,https://www.amazon.com/dp/B09DM5YGH5,B09DM5YGH5,"Mylah: Unicorn Notebook Personal Name Wide Lined Rule Paper | Notebook The Notebook For Writing Journal or Diary Women & Girls Gift for Birthday, For Student | 162 Pages Size 8.5x11inch",Iris Guzman,Paperback,"Aug 25, 2021",
0,https://www.amazon.com/dp/6204031570,6204031570,The dramaturgy of document theatre in America: in the 20th and 21st centuries,Elina Daraklitsa,Paperback,"Aug 25, 2021",
0,https://www.amazon.com/dp/6203183180,6203183180,The Toolkit of New Music: Instrumentation of New Music in Chamber Music in the Second Half of the Twentieth Century,Alexander Radvilovich,Paperback,"Aug 25, 2021",
0,https://www.amazon.com/dp/3038602337,3038602337,Pricegore & Yinka Ilori―Dulwich Pavilion,Dingle Price,Paperback,"Aug 25, 2021",
2,https://www.amazon.com/dp/B09FS5DN4C,B09FS5DN4C,"Lisence to Kiln: Kiln operator notebook, log over 200 firings, keep track of programs, cones, holds and notes",Justine's Journals,Paperback,"Aug 24, 2021",
5,https://www.amazon.com/dp/3956795261,3956795261,Logic of the Collection,Boris Groys,Paperback,"Aug 24, 2021",
3,https://www.amazon.com/dp/B09NLBVR3D,B09NLBVR3D,1000 Finn Wolfhard Facts,Mera Wolfe,Kindle,"Aug 24, 2021",
0,https://www.amazon.com/dp/B09FC6C2NM,B09FC6C2NM,Notebook: cactus combination: Notebook - 8.5 x 11 - 110 Pages,Graphic Pulse,Paperback,"Aug 24, 2021",
3,https://www.amazon.com/dp/B09DMP7ZWR,B09DMP7ZWR,"Pomsky Journal and Sketchbook: Cute Pomsky Gifts for Pomsky Moms - Writing and Drawing Pomsky Notebook with Lined and Blank Pages, Perfect for Journal, Doodling, Sketching and Notes",OctopusLulululu,Paperback,"Aug 24, 2021",
0,https://www.amazon.com/dp/B09FC9HQHH,B09FC9HQHH,Music Practice Journal,Everly Dawn,Paperback,"Aug 24, 2021",
0,https://www.amazon.com/dp/395679558X,395679558X,Emilija Skarnulyte: Sirenomelia,Andrew Berardini,Paperback,"Aug 24, 2021",
0,https://www.amazon.com/dp/B09DMTLT6K,B09DMTLT6K,Halloween Coloring Book for Kids: Halloween Coloring Book For Kids Ages 5 And Up With Fun and Cute Spooky Scary Pumpkins,Scorpion Halloweenbook,Paperback,"Aug 24, 2021",
0,https://www.amazon.com/dp/B09FCHR6D3,B09FCHR6D3,"A 100-page notepad. Paperback edition. Ideal for both study and work. It can also be used for writing recipes, a personal diary or as a gift.",Thomasine Matthews,Paperback,"Aug 24, 2021",
0,https://www.amazon.com/dp/B09FCHQYMP,B09FCHQYMP,NOTEBOOK: Life Begins After Coffee Journal | Diary | To-Do List | Shopping List,Ally May,Paperback,"Aug 24, 2021",
0,https://www.amazon.com/dp/B09FCHQVXK,B09FCHQVXK,draw.,The Craftea Room,Paperback,"Aug 24, 2021",
0,https://www.amazon.com/dp/B09FCHQVN1,B09FCHQVN1,Lyric Notebook: The place to keep your inspired song lyrics,Justin Beck,Paperback,"Aug 24, 2021",
0,https://www.amazon.com/dp/B09FCHDW8Q,B09FCHDW8Q,"The Melody, Life is Melody, Manuscript Paper: Music Journal (Diary, Notebook) or Standard Manuscript Paper or Song Writer's, size 8.5” x 11”, light Yellow",SM Life,Paperback,"Aug 24, 2021",
0,https://www.amazon.com/dp/B09FCHDRLM,B09FCHDRLM,Sometimes later Becomes Never DO IT NOW: Inspirational Notebook - Notebook - College Ruled - 8.5 x 11 - 120 Pages,Tye Sand,Paperback,"Aug 24, 2021",
0,https://www.amazon.com/dp/B09FCFH9HX,B09FCFH9HX,"Welcome Back to school sketchbook: SketchBook For Kids school drawing ,notebook with 110 pages of 8.5 x11 inches Blank Paper, Doodling and Learning to Draw",deum edition,Paperback,"Aug 24, 2021",
0,https://www.amazon.com/dp/B09FC8938J,B09FC8938J,"If You Want To Soar In Life, You Must Learn To F.L.Y (First Love Yourself): Inspirational Notebook - Notebook - College Ruled - 8.5 x 11 - 120 Pages",Tye Sand,Paperback,"Aug 24, 2021",
0,https://www.amazon.com/dp/B09F1B7543,B09F1B7543,"Flower Notebook, Gifts You Are My Dream: 8.5"" x 11"" (letter size) and has 120 pages pattern designe in Matte cover",TK Tayeb BT,Paperback,"Aug 24, 2021",
0,https://www.amazon.com/dp/B09DVWMMXN,B09DVWMMXN,Sketchbook: Happy New Year Celebration New Years Eve 8''x11'' Happy New Year and Merry Christmas Sketchbook,Jade Terry,Paperback,"Aug 24, 2021",
0,https://www.amazon.com/dp/B09DVWMMN8,B09DVWMMN8,"Estelle: Unicorn Notebook Personal Name Wide Lined Rule Paper | Notebook The Notebook For Writing Journal or Diary Women & Girls Gift for Birthday, For Student | 162 Pages Size 8.5x11inch",Alberta Morgan,Paperback,"Aug 24, 2021",
0,https://www.amazon.com/dp/B09DVWMMF7,B09DVWMMF7,shopaholic notebook,Tim Rich,Paperback,"Aug 24, 2021",
0,https://www.amazon.com/dp/B09DVWMMBJ,B09DVWMMBJ,Sketchbook: Christmas This Is My Christmas Gamer Video Game Reindeer Sketchbook Christmas 2021,Moire Verner,Paperback,"Aug 24, 2021",
1,https://www.amazon.com/dp/B09DN3665J,B09DN3665J,Daily Planner,ENVY Designs,Paperback,"Aug 24, 2021",
0,https://www.amazon.com/dp/B09DN35JZC,B09DN35JZC,"Anais: Unicorn Notebook Personal Name Wide Lined Rule Paper | Notebook The Notebook For Writing Journal or Diary Women & Girls Gift for Birthday, For Student | 162 Pages Size 8.5x11inch",Christina Meyer,Paperback,"Aug 24, 2021",
0,https://www.amazon.com/dp/B09DN35JTF,B09DN35JTF,Wide-Staff Music Notebook,DeAnna Wetherell,Paperback,"Aug 24, 2021",
0,https://www.amazon.com/dp/B09DN35J9Q,B09DN35J9Q,"Emma: Unicorn Notebook Personal Name Wide Lined Rule Paper | Notebook The Notebook For Writing Journal or Diary Women & Girls - Gift For Birthday, For Student | 162 Pages Size 8.5x11inch",Cedric Wallace,Paperback,"Aug 24, 2021",
0,https://www.amazon.com/dp/B09DN35J6M,B09DN35J6M,Sketchbook: Funny I Just Really Like Moose Ok Reindeer Sketchbook Christmas 2021,Moire Verner,Paperback,"Aug 24, 2021",
0,https://www.amazon.com/dp/B09DN35J42,B09DN35J42,Sketchbook: Happy New Year 26 8''x11'' Happy New Year and Merry Christmas Sketchbook,Jade Terry,Paperback,"Aug 24, 2021",
0,https://www.amazon.com/dp/B09DN32TQK,B09DN32TQK,NOTEBOOK: Black Cover - Size (6 x 9 inches) 120 Pages: Lined Paper - College Ruled,be you,Paperback,"Aug 24, 2021",
0,https://www.amazon.com/dp/B09DN32TP1,B09DN32TP1,Staff Paper: 6 Staves Per Page,Olive Price,Paperback,"Aug 24, 2021",
0,https://www.amazon.com/dp/B09DN32TJF,B09DN32TJF,"Composition Notebook: Painted Wolf Composition Notebook - Size 7.5"" x 9.25"", 120 pages, Wide Ruled Student Exercise book (Wolves)",Creative Living,Paperback,"Aug 24, 2021",
0,https://www.amazon.com/dp/B09DN32TCB,B09DN32TCB,Dot Paper Notebook: Blue Edition,Brett A. Tipton,Paperback,"Aug 24, 2021",
0,https://www.amazon.com/dp/B09DN32SYC,B09DN32SYC,Sketchbook: Happy New Year Fuckers 8''x11'' Happy New Year and Merry Christmas Sketchbook,Jade Terry,Paperback,"Aug 24, 2021",
0,https://www.amazon.com/dp/B09DN32SHW,B09DN32SHW,"Storyboard Notebook 8.5""x11"": For Filmmakers, Creative Writers, Animators & Artists",From Beyond Publishing,Paperback,"Aug 24, 2021",
0,https://www.amazon.com/dp/B09DN32SDY,B09DN32SDY,Sketchbook: Happy New Year 56 8''x11'' Happy New Year and Merry Christmas Sketchbook,Jade Terry,Paperback,"Aug 24, 2021",
0,https://www.amazon.com/dp/B09DN32S98,B09DN32S98,"Sketchbook: Cherry Blossom Design - Large 8.5"" x 11"" - Blank White Pages - I Love My Sketchbook - Made With Love",Azuriel Light,Paperback,"Aug 24, 2021",
0,https://www.amazon.com/dp/B09DN32S6R,B09DN32S6R,Sketchbook: Dabbing Reindeer Christmasdesign Open Your Mind Trust Your Soul Reindeer Sketchbook Christmas 2021,Moire Verner,Paperback,"Aug 24, 2021",
0,https://www.amazon.com/dp/B09DN32S6P,B09DN32S6P,Sketchbook: Cute Reindeer Xmas Festive Merry Christmas Reindeer Sketchbook Christmas 2021,Moire Verner,Paperback,"Aug 24, 2021",
0,https://www.amazon.com/dp/B09DN191LD,B09DN191LD,"She is Clothed with Strength and Dignity Amber: Personalised Motivational Journal Notebook for Girls Named Amber. (Custom Name Journal, Blank Journal, ... 110 Pages Floral Background(Amber Notebook)",Amber's Prints Personalised Publication,Paperback,"Aug 24, 2021",
0,https://www.amazon.com/dp/B09DN191L9,B09DN191L9,"She is Clothed with Strength and Dignity Akihiro: Personalised Motivational Journal Notebook for Girls Named Akihiro . (Custom Name Journal, Blank ... 6x9 110 Pages Floral Background(Akihiro Note",Akihiro 's Prints Personalised Publication,Paperback,"Aug 24, 2021",
0,https://www.amazon.com/dp/B09DN18Y54,B09DN18Y54,"Alessia: Unicorn Notebook Personal Name Wide Lined Rule Paper | Notebook The Notebook For Writing Journal or Diary Women & Girls Gift for Birthday, For Student | 162 Pages Size 8.5x11inch",Johnathan Pratt,Paperback,"Aug 24, 2021",
0,https://www.amazon.com/dp/B09DN16V42,B09DN16V42,Sketchbook: Merry Christmas Madafakas Crazy Fun Merry Christmas and Reindeer Sketchbook Black Cover,Martin Dostalik,Paperback,"Aug 24, 2021",
0,https://www.amazon.com/dp/B09DMXZDLC,B09DMXZDLC,"LOOK AT YOU TURNING 33: black lined notebook , journal gift, 120 pages, 6x9 inches",ALAN PUBLISHING,Paperback,"Aug 24, 2021",
0,https://www.amazon.com/dp/B09DMXZD2C,B09DMXZD2C,"2022 Monthly Planner: Monthly, Weekly & Daily Schedule Organizer | Planning Agenda Calendar 12 Months January to December 2022 With Holidays, Flower Cover",Mildred Garcia,Paperback,"Aug 24, 2021",
0,https://www.amazon.com/dp/B09DMXMMKS,B09DMXMMKS,Pictures Of Cats And Kittens: Exploring How Lovely Cat Is: Real Pictures Of Kittens,Lyndon Heinzelman,Paperback,"Aug 24, 2021",
0,https://www.amazon.com/dp/B09DMWBWFR,B09DMWBWFR,"Aliya: Unicorn Notebook Personal Name Wide Lined Rule Paper | Notebook The Notebook For Writing Journal or Diary Women & Girls Gift for Birthday, For Student | 162 Pages Size 8.5x11inch",Monique Bates,Paperback,"Aug 24, 2021",
0,https://www.amazon.com/dp/B09DMW42TL,B09DMW42TL,"Donkey Notebook: Animal Journal 8.5 x 120 Pages, Lined Ruled Paper, Matte Finish Cover - Gift For Climbing, Students and Kids",Jeremy Portmann,Paperback,"Aug 24, 2021",
0,https://www.amazon.com/dp/B09DMW42SX,B09DMW42SX,Sketchbook: Funny Merry Fucking Christmas Comic Reindeer Sketchbook Christmas 2021,Moire Verner,Paperback,"Aug 24, 2021",
0,https://www.amazon.com/dp/B09DMW3ZVJ,B09DMW3ZVJ,"She is Clothed with Strength and Dignity Alejandra: Personalised Motivational Journal Notebook for Girls Named Alejandra. (Custom Name Journal, Blank ... 6x9 110 Pages Floral Background(Alejandra N",Alejandra's Prints Personalised Publication,Paperback,"Aug 24, 2021",
0,https://www.amazon.com/dp/B09DMTZN5T,B09DMTZN5T,Gear Graph Notebook: 8.5x11 graphpaper for intellectuals everywhere,Dougz HotMess,Paperback,"Aug 24, 2021",
0,https://www.amazon.com/dp/B09DMTZMDC,B09DMTZMDC,Sketchbook: Happy New Year Everybody 2 8''x11'' Happy New Year and Merry Christmas Sketchbook,Jade Terry,Paperback,"Aug 24, 2021",
0,https://www.amazon.com/dp/B09DMTR41R,B09DMTR41R,Blank Storyboard Notebook For Directors: Notebook Sketchbook 150 Pages,nizo kasqador,Paperback,"Aug 24, 2021",
0,https://www.amazon.com/dp/B09DMTNH8M,B09DMTNH8M,Sketchbook: Dachshund Xmas Lights Reindeer Antlers Woofmas Reindeer Sketchbook Christmas 2021,Moire Verner,Paperback,"Aug 24, 2021",
1,https://www.amazon.com/dp/B09DMTNCKX,B09DMTNCKX,More Kawaii Yummies! Vol. 2: Food Coloring Book for kids + adults,Radd Stewart,Paperback,"Aug 24, 2021",
0,https://www.amazon.com/dp/B09DMTLTXW,B09DMTLTXW,Kawaii Dinosaur Coloring Book: Kawaii Coloring Book,Julia Wilson,Paperback,"Aug 24, 2021",
0,https://www.amazon.com/dp/B09DMRH2JP,B09DMRH2JP,"Donkey Notebook: Animal Journal 8.5 x 120 Pages, Lined Ruled Paper, Matte Finish Cover - Gift For Climbing, Students and Kids",Jeremy Portmann,Paperback,"Aug 24, 2021",
0,https://www.amazon.com/dp/B09DMRH2GZ,B09DMRH2GZ,"Halloween : Notebook & Log book Black Cover: Composition Notebook: Multiple Notes | Black Cover | Modern Design | (102 pages) Paperback | Size 8"" X 10""",Nicholas Fuller,Paperback,"Aug 24, 2021",
0,https://www.amazon.com/dp/B09DMRH2CJ,B09DMRH2CJ,Blank Book for Notes 5x8 50 pages of cream paper Journal,Plumdream Designs,Paperback,"Aug 24, 2021",
0,https://www.amazon.com/dp/B09DMR9BMX,B09DMR9BMX,"The World Needs More Architect Like You: Funny Architect Notebook Journals, Architect Journal Gift For Work Men and Women, For Graduating Or Graduated ... 120 Pages, 6x9, Soft Cover, Matte Finish",Prestige Press Quotes,Paperback,"Aug 24, 2021",
0,https://www.amazon.com/dp/B09DMR9BGT,B09DMR9BGT,"Sketchbook: Notebook for Drawing, Writing, Painting, Sketching or Doodling, 110 Pages, 8.5x11",Trax Publishing,Paperback,"Aug 24, 2021",
0,https://www.amazon.com/dp/B09DMR9B3T,B09DMR9B3T,Notes Lotus Cover Notebook: An inspirational dot-grid paper notebook with a lotus as cover.,L.-Nathalie Thielke,Hardcover,"Aug 24, 2021",
0,https://www.amazon.com/dp/B09DMR97CG,B09DMR97CG,"She is Clothed with Strength and Dignity Alessandra: Personalised Motivational Journal Notebook for Girls Named Alessandra. (Custom Name Journal, ... 6x9 110 Pages Floral Background(Alessandr",Alessandra's Prints Personalised Publication,Paperback,"Aug 24, 2021",
0,https://www.amazon.com/dp/B09DMR97CC,B09DMR97CC,"She is Clothed with Strength and Dignity Aimee: Personalised Motivational Journal Notebook for Girls Named Aimee. (Custom Name Journal, Blank Journal, ... 110 Pages Floral Background(Aimee Notebook)",Aimee's Prints Personalised Publication,Paperback,"Aug 24, 2021",
0,https://www.amazon.com/dp/B09DMR7CXX,B09DMR7CXX,Sketchbook: Donner Santas Reindeers Christmas Reindeer Sketchbook Christmas 2021,Moire Verner,Paperback,"Aug 24, 2021",
0,https://www.amazon.com/dp/B09DMR7CW9,B09DMR7CW9,Halloween journal: Halloween inspired 6x9 blank lined notebook journal,William Church,Paperback,"Aug 24, 2021",
0,https://www.amazon.com/dp/B09DMR5MQC,B09DMR5MQC,Blank Music Sheet Notebook | Grand Staff Edition | 5 Staves on each page for music writing: The grand staff edition includes 5 staves complete with ... can start writing music notes immediately.,Creative Motto Press,Paperback,"Aug 24, 2021",
0,https://www.amazon.com/dp/B09DMR5MLR,B09DMR5MLR,"LOOK AT YOU TURNING 36: BLACK LINED NOTEBOOK ,JOURNAL GIFT, 120 PAGES, 6x9 inches",ALAN PUBLISHING,Paperback,"Aug 24, 2021",
0,https://www.amazon.com/dp/B09DMR5M9G,B09DMR5M9G,Pinterest Pins Planner – KDP Notebook: Pins Design Sketchbook and Planner (in Pinterest),Luis Camacho,Paperback,"Aug 24, 2021",
0,https://www.amazon.com/dp/B09DMR5M93,B09DMR5M93,The mind is like a garden and thoughts are like seeds: Lined Notebook,youdy art,Paperback,"Aug 24, 2021",
0,https://www.amazon.com/dp/B09DMP8CRC,B09DMP8CRC,Katsuyama Neighborhood Notebook: Mount Fuji Painting by Japanese Artist Hiroaki Shōtei | Japanese Landscape Painting | Vintage Asian Art Cover,Longship Books,Paperback,"Aug 24, 2021",
0,https://www.amazon.com/dp/B09DMP8CJC,B09DMP8CJC,Pinterest Pins Planner – KDP Notebook: Pinterest Pins Sketchbook and Planner (Notebook for drawing ideas 6x9 inches),Luis Camacho,Paperback,"Aug 24, 2021",
0,https://www.amazon.com/dp/B09DMP8CDL,B09DMP8CDL,"Calligraphy Writing Paper: 110 Practice Pages. A Calligraphy, Handwriting, and Lettering Artist Workbook for Beginners.",Ancora Blue,Paperback,"Aug 24, 2021",
0,https://www.amazon.com/dp/B09DMP819L,B09DMP819L,"Music Sheet ""Life is better with music"": Notebook For Young Musicians, Composers or Songwriters",The Belfen Publisher,Paperback,"Aug 24, 2021",
0,https://www.amazon.com/dp/B09DMP7ZQT,B09DMP7ZQT,Sketchbook: Merry Christmas And Happy New Year Merry Christmas and Reindeer Sketchbook Black Cover,Martin Dostalik,Paperback,"Aug 24, 2021",
0,https://www.amazon.com/dp/B09DMP7YYG,B09DMP7YYG,"Denver: Unicorn Notebook Personal Name Wide Lined Rule Paper | Notebook The Notebook For Writing Journal or Diary Women & Girls Gift for Birthday, For Student | 162 Pages Size 8.5x11inch",Monique Bates,Paperback,"Aug 24, 2021",
0,https://www.amazon.com/dp/B09DMK9582,B09DMK9582,"She is Clothed with Strength and Dignity Abbie: Personalised Motivational Journal Notebook for Girls Named Abbie. (Custom Name Journal, Blank Journal, ... 110 Pages Floral Background(Abbie Notebook)",Abbie's Prints Personalised Publication,Paperback,"Aug 24, 2021",
0,https://www.amazon.com/dp/B09DM8YXP7,B09DM8YXP7,Sketchbook: Happy New Year 36 8''x11'' Happy New Year and Merry Christmas Sketchbook,Jade Terry,Paperback,"Aug 24, 2021",
0,https://www.amazon.com/dp/B09DJFZGQP,B09DJFZGQP,Images Of God's Creation: Beautiful Images Of Nature With Scriptures And Thought-Provoking Quotes: Beautiful Scenery W/Relating Verse,Lyndia Vititoe,Paperback,"Aug 24, 2021",
0,https://www.amazon.com/dp/B09DJCQ8PZ,B09DJCQ8PZ,"Elaine: Unicorn Notebook Personal Name Wide Lined Rule Paper | Notebook The Notebook For Writing Journal or Diary Women & Girls Gift for Birthday, For Student | 162 Pages Size 8.5x11inch",Allison Gardner,Paperback,"Aug 24, 2021",
0,https://www.amazon.com/dp/B09DJ5FMH3,B09DJ5FMH3,Cricut Basics For Beginners: Tips And Tricks To Craft Out Your Projects With Guidance To Use: Projects And Ideas For A Cricut Maker,Melia Felderman,Paperback,"Aug 24, 2021",
0,https://www.amazon.com/dp/B09DFGMYXH,B09DFGMYXH,"Veronica: Unicorn Notebook Personal Name Wide Lined Rule Paper | Notebook The Notebook For Writing Journal or Diary Women & Girls Gift for Birthday, For Student | 162 Pages Size 8.5x11inch",Clayton Gill,Paperback,"Aug 24, 2021",
0,https://www.amazon.com/dp/9042946385,9042946385,Petrifying Gazes: Danae and the Uncanny Space (Studies in Iconology),Barbara Baert,Paperback,"Aug 24, 2021",
2,https://www.amazon.com/dp/8417975675,8417975675,Battered Latin America,David Consuegra,Paperback,"Aug 24, 2021",
1,https://www.amazon.com/dp/3775746897,3775746897,"Niko Luoma: For Each Minute, Sixty-Five Seconds",Niko Luoma,Paperback,"Aug 24, 2021",
0,https://www.amazon.com/dp/3775746366,3775746366,Sondra Perry: A Terrible Thing,Sondra Perry,Paperback,"Aug 24, 2021",
0,https://www.amazon.com/dp/3330318759,3330318759,Introduction to Tourism: Types of Touring,Khushnuda Samigova,Paperback,"Aug 24, 2021",
5,https://www.amazon.com/dp/1905816618,1905816618,"Ancient and High Crosses of Cornwall: Cornwall's Earliest, Tallest and Finest Medieval Stone Crosses",Preston-Jones,Kindle,"Aug 24, 2021",
2,https://www.amazon.com/dp/B09FC7XGXQ,B09FC7XGXQ,Motivational Swear Word Colouring Book for Adults: 34 Funny Color Pages for Stress Relief and Relaxation for Women and Men|Swearing Colouring Book ... teens| For wife| For Husband|For Girlfriend,Ana Publishing,Paperback,"Aug 23, 2021",
5,https://www.amazon.com/dp/B09DFSHD8B,B09DFSHD8B,40 Popular Jewish Melodies for Violin or Flute with Guitar Accompaniment,Mark Phillips,Kindle,"Aug 23, 2021",
3,https://www.amazon.com/dp/B09DMLW9D5,B09DMLW9D5,Animal String Art Patterns: Make Your Own String Art with Easy to Follow Low Poly Animal Patterns,Michael B. Medina,Paperback,"Aug 23, 2021",
5,https://www.amazon.com/dp/1639442502,1639442502,Sketching Savannah,Ivan Chow,Paperback,"Aug 23, 2021",
0,https://www.amazon.com/dp/B09DF6S9Z6,B09DF6S9Z6,Tips And Tricks To Improve Your Cat Photography: How To Get Cute Photos Of Your Cat: Cat Photography Techniques,Dallas Schildgen,Paperback,"Aug 23, 2021",
0,https://www.amazon.com/dp/3110742268,3110742268,"The Art of the Anthropological Diorama: Franz Boas, Arthur C. Parker, and Constructing Authenticity",Noemie Etienne,Kindle,"Sep 15, 2021",
0,https://www.amazon.com/dp/1803837543,1803837543,The Art Coloring Book: Unique & Beautiful art Coloring Pages,Jessica Wishmonger,Paperback,"Aug 23, 2021",
0,https://www.amazon.com/dp/B09DF27J3R,B09DF27J3R,Understanding Your Cricut: Which Cutting Machine Is Suitable For You & How To Utilize It: Cricut Design Space Tips And Techniques,Victorina Philbin,Paperback,"Aug 23, 2021",
1,https://www.amazon.com/dp/1636763774,1636763774,The Music Hustle: How to Book the Gig,Andy Penk,Kindle,"Aug 23, 2021",
0,https://www.amazon.com/dp/B09GZPLHTQ,B09GZPLHTQ,Positive Affirmation Doodles: Doodle colouring book with Positive affirmation and Inspiration.,Sane Mind,Paperback,"Aug 23, 2021",
0,https://www.amazon.com/dp/B09GCJQRXW,B09GCJQRXW,I Don't Give A F*ck - Swear Words Coloring Book: Color Pages for Stress Relief and Relaxation,Matthew Horning,Paperback,"Aug 23, 2021",
0,https://www.amazon.com/dp/B09FCFP79D,B09FCFP79D,"cats coloring book for 8 year old boys: "" 8.5 x 11 inches 21.59 x 27.94 cm"" cute cats coloring book and perfect gift for kids",Read ab dition,Paperback,"Aug 23, 2021",
0,https://www.amazon.com/dp/B09FCFH76C,B09FCFH76C,Doodles! Sketch Pad 100 Cluttered Space Edition,Keith Ratner,Hardcover,"Aug 23, 2021",
0,https://www.amazon.com/dp/B09FCCLPTW,B09FCCLPTW,Today i will Shine. Elegant lined notebook : Writing Notebook Journal | 6”x9” 110 Pages | glossy Cover,Lord  Of Peace,Paperback,"Aug 23, 2021",
0,https://www.amazon.com/dp/B09FCB23PM,B09FCB23PM,Notebook: Rain,King Vlad,Paperback,"Aug 23, 2021",
0,https://www.amazon.com/dp/B09FC87HLB,B09FC87HLB,"A 100-page notepad. Paperback edition. Ideal for both study and work. It can also be used for writing recipes, a personal diary or as a gift.",Thomasine Matthews,Paperback,"Aug 23, 2021",
0,https://www.amazon.com/dp/B09FC7YKPL,B09FC7YKPL,"This is my notebook Don’t Touch it please: Beautiful Notebook, Journal, Diary | 6x9 in 110 pages, Blank lined notebook",Art Life,Paperback,"Aug 23, 2021",
0,https://www.amazon.com/dp/B09FC1Q7RJ,B09FC1Q7RJ,"Where there’s a will, there’s a way: Beautiful Notebook, Journal, Diary | 6x9 in 110 pages, Blank lined notebook",Art Life,Paperback,"Aug 23, 2021",
0,https://www.amazon.com/dp/B09F1FSZ25,B09F1FSZ25,"Halloween Activity Book Trick or Treat: Spooky Cute Coloring Puzzle Activity Book for Kids 6+ | 58 Activity Pages: Coloring, Dots to Dots, Mazes, Sudoku, Word Search, Match, Drawing & More | 8.5 x 11",Lucie Luson,Paperback,"Aug 23, 2021",
0,https://www.amazon.com/dp/B09F1B5BFR,B09F1B5BFR,"Composition Book: Pastel Tie Dye Notebook, Wide Ruled, 120 pages, Kids, Adults, Students , Teachers, School Supplies, Writing Journal, Sketch Book Paperback 2021",morgen john,Paperback,"Aug 23, 2021",
0,https://www.amazon.com/dp/B09DN39BVT,B09DN39BVT,"Composition Notebook: Bats Wide Ruled Journal For Haloween |Kids &Teens ,Boys ,Girls| 120 Pages",Emma Dax,Paperback,"Aug 23, 2021",
0,https://www.amazon.com/dp/B09DN39BFD,B09DN39BFD,Ukulele Tablature – provides ukulele tablature in an attractive cover: Blue Graphics Edition,Brett A. Tipton,Paperback,"Aug 23, 2021",
0,https://www.amazon.com/dp/B09DN39B9F,B09DN39B9F,"Graph Paper Notebook: Notebook With Grid Paper, Quad Ruled, Graph Paper Notebook for Math and Science Students.",Book River Publication,Paperback,"Aug 23, 2021",
0,https://www.amazon.com/dp/B09DN39B8N,B09DN39B8N,Sketchbook: Christmas Reindeer Dabbing Christmas Reindeer Sketchbook Christmas 2021,Moire Verner,Paperback,"Aug 23, 2021",
0,https://www.amazon.com/dp/B09DN39B5X,B09DN39B5X,Sketchbook: 121 6x9 notebook for the novice or expert artist to draw and doodle in.,Designs By EtoileCameo,Paperback,"Aug 23, 2021",
0,https://www.amazon.com/dp/B09DN397HF,B09DN397HF,"Gia: Unicorn Notebook Personal Name Wide Lined Rule Paper | Notebook The Notebook For Writing Journal or Diary Women & Girls Gift for Birthday, For Student | 162 Pages Size 8.5x11inch",Johnathan Pratt,Paperback,"Aug 23, 2021",
0,https://www.amazon.com/dp/B09DN1FKZQ,B09DN1FKZQ,"Trick or Treat Sketchbook: Large blank notebook for Sketching, Drawing, Painting, Doodling, Writing, Making Mind Maps 120 Pages 8.5''x11''Blank paper",Colorama Creations,Paperback,"Aug 23, 2021",
0,https://www.amazon.com/dp/B09DN1FKXZ,B09DN1FKXZ,"Isometric Notebook: Graph Paper Composition Book for Artists, Engineers, Architects and Students",Mamae Kamil,Paperback,"Aug 23, 2021",
0,https://www.amazon.com/dp/B09DN1FKWC,B09DN1FKWC,Notebook: You're Just My Type: Halloween Themed Funny Blank Lined Notebook,Harlee Press,Paperback,"Aug 23, 2021",
0,https://www.amazon.com/dp/B09DN1FKSL,B09DN1FKSL,Sketchbook for girls: Sketchbook for girls: Large and high quality 200 pages blank Drawing pad for girls of all ages .,nano edition,Paperback,"Aug 23, 2021",
0,https://www.amazon.com/dp/B09DN1FKBR,B09DN1FKBR,"Bowling Notebook: Cute Bowling Journal, Bowling Blank Lined Notebook Journal 120 pages Gifts for Man ,Women, Student and Kids",Henny Nilsson,Paperback,"Aug 23, 2021",
0,https://www.amazon.com/dp/B09DN1FK19,B09DN1FK19,Composition book,Mrs. Tracy Moore,Paperback,"Aug 23, 2021",
0,https://www.amazon.com/dp/B09DN1FJY2,B09DN1FJY2,Sketchbook: Christmas Reindeer Elegant Christmas Deer With Roses Reindeer Sketchbook Christmas 2021,Moire Verner,Paperback,"Aug 23, 2021",
0,https://www.amazon.com/dp/B09DN1DXTS,B09DN1DXTS,"unicorn, mermaid and princess sketching book for girls: Drawing and Activity Book for Kids to Learn to Draw",M'estr Art,Paperback,"Aug 23, 2021",
0,https://www.amazon.com/dp/B09DN1DXKQ,B09DN1DXKQ,College Notebook | Palm Leaf Design | Wide Ruled | 100 Pages 7.5 x 9.25 in: Great Gift for Students !,Single Lines Books,Paperback,"Aug 23, 2021",
0,https://www.amazon.com/dp/B09DN1DXK9,B09DN1DXK9,Sketchbook: Christmas Reindeer Funny Pig Gorgeous Reindeer Celebrate Christmas Cute Animal Reindeer Sketchbook Christmas 2021,Moire Verner,Paperback,"Aug 23, 2021",
0,https://www.amazon.com/dp/B09DN1DXHK,B09DN1DXHK,"Bowling Notebook: Cute Bowling Journal, Bowling Blank Lined Notebook Journal 120 pages Gifts for Man ,Women, Student and Kids",Henny Nilsson,Paperback,"Aug 23, 2021",
0,https://www.amazon.com/dp/B09DN1DX14,B09DN1DX14,Notebook: Unicorn Sleigh Not Reindeer Unicorn Pulling Santas Sleigh Merry Christmas and Reindeer Notebook Black Cover,Martin Dostalik,Paperback,"Aug 23, 2021",
0,https://www.amazon.com/dp/B09DN191XC,B09DN191XC,Sketchbook: Christmas Reindeer 7 Reindeer Sketchbook Christmas 2021,Moire Verner,Paperback,"Aug 23, 2021",
0,https://www.amazon.com/dp/B09DN16T4X,B09DN16T4X,"Bowling Notebook: Cute Bowling Journal, Bowling Blank Lined Notebook Journal 120 pages Gifts for Man ,Women, Student and Kids",Henny Nilsson,Paperback,"Aug 23, 2021",
0,https://www.amazon.com/dp/B09DN166FF,B09DN166FF,"Powered by Vegetable and Fruit 2022 Dated Planner for Vegan: Colorful 2022 Monthly and Weekly Planner with Dated Quote about Vegan Vegan Powered by ... and Vegetarian, Perfect for Organize You Life",Wivien Published,Paperback,"Aug 23, 2021",
0,https://www.amazon.com/dp/B09DN1667Q,B09DN1667Q,Boxing Notebook: Boxing Daily Journal - Ruled White Paper Blank Lined Workbook for Writing Notes - Large Note Book 8.5 x11inches 120 Pages,Gernot Haas,Paperback,"Aug 23, 2021",
0,https://www.amazon.com/dp/B09DN1667L,B09DN1667L,Boxing Notebook: Boxing Daily Journal - Ruled White Paper Blank Lined Workbook for Writing Notes - Large Note Book 8.5 x11inches 120 Pages,Gernot Haas,Paperback,"Aug 23, 2021",
0,https://www.amazon.com/dp/B09DN1667K,B09DN1667K,Boxing Notebook: Boxing Daily Journal - Ruled White Paper Blank Lined Workbook for Writing Notes - Large Note Book 8.5 x11inches 120 Pages,Gernot Haas,Paperback,"Aug 23, 2021",
0,https://www.amazon.com/dp/B09DN1664Y,B09DN1664Y,Awesome High Definition Blue Red Yellow Fractal Design Composite Notebook School Work Note Pad 100 Pages 8.5X11 Lined Pages,Lisa Alexander,Paperback,"Aug 23, 2021",
0,https://www.amazon.com/dp/B09DMXZLLN,B09DMXZLLN,"Floral NoteBook, ""Open to start the jurney"" Floral Cover, journals - Size (8.5 x 11 inches) 120 Pages: orange creative Cover,My Life NoteBook,Floral NoteBook, Floral Cover",AMA ARTS,Paperback,"Aug 23, 2021",
0,https://www.amazon.com/dp/B09DMXTLW8,B09DMXTLW8,Kindergarten Embracing differences: Notebook to Write in 6*9,anassino art,Paperback,"Aug 23, 2021",
0,https://www.amazon.com/dp/B09DMXTLTW,B09DMXTLTW,Composition Notebook: Old Compass On Vintage Map Of The World Cover - Wide Ruled Lined Paper Notebook Journal: Size (8.5 x 11 inches) 120 Pages: Lined ... to School and Home College Writing Notes.,Neo Bookshop,Paperback,"Aug 23, 2021",
0,https://www.amazon.com/dp/B09DMXTLT9,B09DMXTLT9,"Bowling Notebook: Cute Bowling Journal, Bowling Blank Lined Notebook Journal 120 pages Gifts for Man ,Women, Student and Kids",Henny Nilsson,Paperback,"Aug 23, 2021",
0,https://www.amazon.com/dp/B09DMXTLC4,B09DMXTLC4,"SKETCHBOOK: A 6x9"" bordered page, 120 page Halloween themed sketchbook",mad scar,Paperback,"Aug 23, 2021",
0,https://www.amazon.com/dp/B09DMXKFWP,B09DMXKFWP,Coloring Book for Kids ...Patterns,Charlie A.,Paperback,"Aug 23, 2021",
0,https://www.amazon.com/dp/B09DMWBWPM,B09DMWBWPM,"Isometric Graph Paper for Engineers: Graph Paper Notebook for Drawing, Sketching, Doodling Large Print",Mamae Kamil,Paperback,"Aug 23, 2021",
0,https://www.amazon.com/dp/B09DMWBWN9,B09DMWBWN9,Halloween Pumpkin Spider Web Notebook 6x9 inches blank lined,Ztips Publishing,Paperback,"Aug 23, 2021",
0,https://www.amazon.com/dp/B09DMWBWHG,B09DMWBWHG,College Notebook | Palm Leaf Design | Wide Ruled | 100 Pages 7.5 x 9.25 in: Great Gift for Students !,Single  Lines Books,Paperback,"Aug 23, 2021",
0,https://www.amazon.com/dp/B09DMWBW9F,B09DMWBW9F,Music and Songwriting Notebook,13th Street Publishing,Paperback,"Aug 23, 2021",
0,https://www.amazon.com/dp/B09DMWBW61,B09DMWBW61,"Bowling Notebook: Cute Bowling Journal, Bowling Blank Lined Notebook Journal 120 pages Gifts for Man ,Women, Student and Kids",Henny Nilsson,Paperback,"Aug 23, 2021",
0,https://www.amazon.com/dp/B09DMW9FQL,B09DMW9FQL,Mazes For Kids: 8.5x11 inch 21.5*27.94 cm 80 pages Print Different Mazes,MAZE PUZZLES Edition,Paperback,"Aug 23, 2021",
0,https://www.amazon.com/dp/B09DMW6NSB,B09DMW6NSB,"Composition Notebook: Wide Ruled Lined Paper Notebook Journal: Nautical map of the world, North AmericaMap USA- US StatePhysical Geography Chesapeake Bay (8.5 x 11 inches) 120 Pages: Lined Paper.",Neo Bookshop,Paperback,"Aug 23, 2021",
0,https://www.amazon.com/dp/B09DMW6NQT,B09DMW6NQT,"Bowling Notebook: Cute Bowling Journal, Bowling Blank Lined Notebook Journal 120 pages Gifts for Man ,Women, Student and Kids",Henny Nilsson,Paperback,"Aug 23, 2021",
0,https://www.amazon.com/dp/B09DMW6NNG,B09DMW6NNG,"Bowling Notebook: Cute Bowling Journal, Bowling Blank Lined Notebook Journal 120 pages Gifts for Man ,Women, Student and Kids",Henny Nilsson,Paperback,"Aug 23, 2021",
0,https://www.amazon.com/dp/B09DMW6NBV,B09DMW6NBV,"Tinley: Unicorn Notebook Personal Name Wide Lined Rule Paper | Notebook The Notebook For Writing Journal or Diary Women & Girls Gift for Birthday, For Student | 162 Pages Size 8.5x11inch",Cedric Wallace,Paperback,"Aug 23, 2021",
0,https://www.amazon.com/dp/B09DMW6N9T,B09DMW6N9T,Notebook: Unicorn Reindeer Christmas Merry Christmas and Reindeer Notebook Black Cover,Martin Dostalik,Paperback,"Aug 23, 2021",
0,https://www.amazon.com/dp/B09DMW6N82,B09DMW6N82,Boxing Notebook: Boxing Daily Journal - Ruled White Paper Blank Lined Workbook for Writing Notes - Large Note Book 8.5 x11inches 120 Pages,Gernot Haas,Paperback,"Aug 23, 2021",
0,https://www.amazon.com/dp/B09DMW6KBL,B09DMW6KBL,"Husky Coloring Book for Kids: Husky Coloring Book, Best Christmas Gift For Kids",RR Publications,Paperback,"Aug 23, 2021",
0,https://www.amazon.com/dp/B09DMW59XQ,B09DMW59XQ,"Life is waiting for me: Cute simple elegant Notebook for girls, women. 100 pages 6*9: 100 pages 6*9 cute journal for birthday gift idea for friends and family.",S&S cover,Paperback,"Aug 23, 2021",
0,https://www.amazon.com/dp/B09DMW59RW,B09DMW59RW,Sketchbook: Christmas Reindeer Funny Gamer Reindeer Reindeer Sketchbook Christmas 2021,Moire Verner,Paperback,"Aug 23, 2021",
0,https://www.amazon.com/dp/B09DMW591R,B09DMW591R,Notebook: Creep It Real: Halloween Themed Funny Blank Lined Notebook,Harlee Press,Paperback,"Aug 23, 2021",
0,https://www.amazon.com/dp/B09DMW42KJ,B09DMW42KJ,"Abstract Composition Notebook - Scandinavian-Inspired Line Pattern: Unique Notebook 8.5 x 11 - wide ruled - fun modern designs and pattern for school, work or at home",Cool Stuff Publishing,Paperback,"Aug 23, 2021",
0,https://www.amazon.com/dp/B09DMW42J2,B09DMW42J2,Sketch book,TST Telecom LLC,Paperback,"Aug 23, 2021",
0,https://www.amazon.com/dp/B09DMW42D7,B09DMW42D7,Wide-Staff Music Notebook,DeAnna Wetherell,Paperback,"Aug 23, 2021",
0,https://www.amazon.com/dp/B09DMW4287,B09DMW4287,Notebook: Witch Better Have My Candy: Halloween Themed Funny Blank Lined Notebook,Harlee Press,Paperback,"Aug 23, 2021",
0,https://www.amazon.com/dp/B09DMW41RQ,B09DMW41RQ,"Bowling Notebook: Cute Bowling Journal, Bowling Blank Lined Notebook Journal 120 pages Gifts for Man ,Women, Student and Kids",Henny Nilsson,Paperback,"Aug 23, 2021",
0,https://www.amazon.com/dp/B09DMVXR6V,B09DMVXR6V,human anatomy coloring book: Anatomy Coloring book for Kids and adults | Human Body Parts,SHOPCITYS Company,Paperback,"Aug 23, 2021",
0,https://www.amazon.com/dp/B09DMTR1WQ,B09DMTR1WQ,"Sketchbook HS "" Leopard Toxic Edition "": For street art. Best blank white pages 8.25"" x 8.25"" (100 pages), design from Russian streetwear brand, for painting, drawing, sketching, writing.",Hustle Study,Paperback,"Aug 23, 2021",
0,https://www.amazon.com/dp/B09DMTR1LK,B09DMTR1LK,"Notebook: Cute Kawaii Notebook, 6 x 9 inch, graph ruled (4 x 4 ), 120 pages",Mrs Booklove,Paperback,"Aug 23, 2021",
0,https://www.amazon.com/dp/B09DMTR1B4,B09DMTR1B4,Sketchbook: Christmas Reindeer Amoosed By Adventure Reindeer Sketchbook Christmas 2021,Moire Verner,Paperback,"Aug 23, 2021",
0,https://www.amazon.com/dp/B09DMTR193,B09DMTR193,Notebook: What Happens In 2021 Stays In 2021 Retro Happy New Year 2022 Happy New Year and Merry Christmas Notebook,Jade Terry,Paperback,"Aug 23, 2021",
5,https://www.amazon.com/dp/B09DMTQZKY,B09DMTQZKY,The NATION BUILDERS,Tony Phillips,Paperback,"Aug 23, 2021",
0,https://www.amazon.com/dp/B09DMTLW5V,B09DMTLW5V,Robot Primary Composition Notebook / Grades K-2 / (8.5X11) / Composition notebook with drawing space: Dotted Midline and Picture Space / Grades K-2 ... Colorful Robot Series / Handwriting Practice,THAWINUN DITTAPOON,Paperback,"Aug 23, 2021",
0,https://www.amazon.com/dp/B09DMRH29V,B09DMRH29V,Guitar Tablature Notebook: Guitar Music Tabs For Girls,hams Music Tabs,Paperback,"Aug 23, 2021",
1,https://www.amazon.com/dp/B09DMRH27C,B09DMRH27C,"Graph Paper Composition Notebook 1 inch squares: Graph Paper Composition Notebook 1 inch squares, Quad Ruled, 120 Pages (8.5 x 11)",CHERRY,Paperback,"Aug 23, 2021",
0,https://www.amazon.com/dp/B09DMRH22X,B09DMRH22X,"Composition Notebook: Beautiful Vintage Butterfly Illustration | College Ruled | 120 Pages | 8.5"" x 11""..",upminds Drawing,Paperback,"Aug 23, 2021",
0,https://www.amazon.com/dp/B09DMRFGY3,B09DMRFGY3,Sketchbook: Christmas Math Teacher Christmas Celebrate Order Of Operations Quiz Reindeer Sketchbook Christmas 2021,Moire Verner,Paperback,"Aug 23, 2021",
0,https://www.amazon.com/dp/B09DMR97SY,B09DMR97SY,Boxing Notebook: Boxing Daily Journal - Ruled White Paper Blank Lined Workbook for Writing Notes - Large Note Book 8.5 x11inches 120 Pages,Gernot Haas,Paperback,"Aug 23, 2021",
0,https://www.amazon.com/dp/B09DMR7CT5,B09DMR7CT5,"Composition Book: Pastel Tie Dye Notebook, Wide Ruled, 120 pages, Kids, Adults, Students , Teachers, School Supplies, Writing Journal, Sketch Book Paperback 2021",morgrn john,Paperback,"Aug 23, 2021",
0,https://www.amazon.com/dp/B09DMR7CKZ,B09DMR7CKZ,Wide-Staff Music Notebook,DeAnna Wetherell,Paperback,"Aug 23, 2021",
0,https://www.amazon.com/dp/B09DMR7CHY,B09DMR7CHY,Sketchbook: Christmas Reindeer I Am The Beer Lover Reindeer Funny Beer Lover Reindeer Sketchbook Christmas 2021,Moire Verner,Paperback,"Aug 23, 2021",
0,https://www.amazon.com/dp/B09DMR7CDD,B09DMR7CDD,sketchbook for anime lover: 8.5x11 inch (21.59x27.94cm) 120 pages mate cover notebook drawing design anime lover anime for girl,sketchbook edition,Paperback,"Aug 23, 2021",
0,https://www.amazon.com/dp/B09DMR7C3L,B09DMR7C3L,"Sketchbook HS "" Leopard Toxic Edition "": For street art. Best blank white pages 8.25"" x 8.25"" (100 pages), design from Russian streetwear brand, for painting, drawing, sketching, writing.",Hustle Study,Paperback,"Aug 23, 2021",
0,https://www.amazon.com/dp/B09DMR7C32,B09DMR7C32,"Drawing Book - Blank Notebook for Writing, Drawing, Painting, Sketching or Doodling",Bee Kiah,Paperback,"Aug 23, 2021",
0,https://www.amazon.com/dp/B09DMR7C2H,B09DMR7C2H,"Shark Composition Notebook: For kids, teens, and adults,Shark Composition Notebook",Lura Puplishing,Paperback,"Aug 23, 2021",
0,https://www.amazon.com/dp/B09DMR5JT9,B09DMR5JT9,Sketchbook: Large 8.5' x 11' - 100 Blank White Pages,Azuriel Light,Paperback,"Aug 23, 2021",
0,https://www.amazon.com/dp/B09DMR5JQG,B09DMR5JQG,Notebook: This Is My Christmas Funny Christmas 5 Merry Christmas and Reindeer Notebook Black Cover,Martin Dostalik,Paperback,"Aug 23, 2021",
0,https://www.amazon.com/dp/B09DMR5JPX,B09DMR5JPX,Sketchbook: Christmas Reindeer Dare To Be Different Reindeer Reindeer Sketchbook Christmas 2021,Moire Verner,Paperback,"Aug 23, 2021",
0,https://www.amazon.com/dp/B09DMR5JPJ,B09DMR5JPJ,"Graph Paper Notebook: Grid Paper Composition Notebook, 4x4 Quad Ruled Graph Paper for Math and Science Students",Book River Publication,Paperback,"Aug 23, 2021",
0,https://www.amazon.com/dp/B09DMR5JMS,B09DMR5JMS,"Rules Of Happiness: Give More , Live Simply , Blank Lined Note Book / Journal ( 6*9 ) 99 pages - Gift Idea",Happiness For You,Paperback,"Aug 23, 2021",
0,https://www.amazon.com/dp/B09DMP89WN,B09DMP89WN,"DO SOMETHING INSTEAD OF KILLING TIME . BECAUSE TIME IS KILLLING YOU: Journal | 120 pages | watercolored galaxy texture | ( 8.5"" x 11"" ) | White lined ... teens and adults | journal with quotes inside",Ayoub Elatt,Paperback,"Aug 23, 2021",
4,https://www.amazon.com/dp/0367618141,0367618141,The Photo Student Handbook,Garin Horner,Kindle,"Aug 31, 2021",
0,https://www.amazon.com/dp/3030864715,3030864715,"Database and Expert Systems Applications: 32nd International Conference, DEXA 2021, Virtual Event, September 27–30, 2021, Proceedings, Part I ... Applications, incl. Internet/Web, and HCI)",Christine Strauss,Kindle,"Aug 31, 2021",
2,https://www.amazon.com/dp/B09FCHPJ2R,B09FCHPJ2R,Samurai Sudoku: 200 Hard to Very Hard Sudoku Puzzles | One puzzle per page (Sudoku Samurai Puzzles),Alena Gurin,Paperback,"Aug 31, 2021",
4,https://www.amazon.com/dp/1646041933,1646041933,"How Pi Can Save Your Life: Using Math to Survive Plane Crashes, Zombie Attacks, Alien Encounters, and Other Improbable, Real-World Situations",Chris Waring,Kindle,"Aug 31, 2021",
4,https://www.amazon.com/dp/1839107022,1839107022,Advanced Introduction to Maritime Law (Elgar Advanced Introductions series),Paul Todd,Hardcover,"Aug 31, 2021",
0,https://www.amazon.com/dp/1474455905,1474455905,"European Integration: Historical Trajectories, Geopolitical Contexts (Annual of European and Global Studies)",Johann P. Arnason,Kindle,"Aug 31, 2021",
1,https://www.amazon.com/dp/1601569289,1601569289,Practical Criminal Procedure: A Constitutional Manual (NITA),Brent E. Newton,Kindle,"Aug 31, 2021",
5,https://www.amazon.com/dp/0620924365,0620924365,White Fear: Overcoming the Impossible to Get Ahead,Don MacRobert,Kindle,"Aug 31, 2021",
3,https://www.amazon.com/dp/1032050985,1032050985,Courtroom Testimony for Fingerprint Examiners,Hillary Moses Daluz,Kindle,"Aug 31, 2021",
1,https://www.amazon.com/dp/1474482880,1474482880,Avizandum Legislation on the Scots Law of Obligations (Avizandum Statutes),Laura J Macgregor,Kindle,"Aug 31, 2021",
1,https://www.amazon.com/dp/1789666724,1789666724,Cross-Border Logistics Operations: Effective Trade Facilitation and Border Management,Andrew Grainger,Kindle,"Aug 31, 2021",
0,https://www.amazon.com/dp/1760643378,1760643378,"The A, B & C of Democracy: Or Cats in the Sack",Luca Belgiorno-Nettis,Paperback,"Aug 31, 2021",
0,https://www.amazon.com/dp/3030498239,3030498239,Mining Taxation: Reconciling the Interests of Government and Industry (Modern Approaches in Solid Earth Sciences),Eric Lilford,Hardcover,"Aug 31, 2021",
0,https://www.amazon.com/dp/6204058371,6204058371,Impact of forestry policy on DRC's development,Valter Mbasu,Paperback,"Aug 31, 2021",
0,https://www.amazon.com/dp/6204055968,6204055968,Fiscal Citizenship and Economic Development in Côte d'Ivoire,Mayeul Alex Lagaud,Paperback,"Aug 31, 2021",
0,https://www.amazon.com/dp/6204055909,6204055909,Moral Code About Sports In The World: Typologies,David Francisco Camargo Hernández,Paperback,"Aug 31, 2021",
0,https://www.amazon.com/dp/6204055348,6204055348,SURVIVOR'S PENSION FOR SAME-SEX COUPLES: LEGISLATIVE CHANGES THAT PROTECT YOUR RIGHTS,Sergio René Cabrera Guerra,Paperback,"Aug 31, 2021",
0,https://www.amazon.com/dp/6204054465,6204054465,"MCQs, QROCs, Clinical Cases: Forensic medicine, Medical law",Sami Bardaa,Paperback,"Aug 31, 2021",
0,https://www.amazon.com/dp/6204053744,6204053744,Control of Constitutionality of Legislative Decrees: Limits and Possibilities for Approval of Government Accounts,André Mendes da Fonseca Ferraz,Paperback,"Aug 31, 2021",
0,https://www.amazon.com/dp/6204047930,6204047930,Mining Governance in the Ituri Province of the DRC: From the persistence of fraud and smuggling to the challenge of formalizing the mining sector,Marcelin Kondonga,Paperback,"Aug 31, 2021",
0,https://www.amazon.com/dp/6204016504,6204016504,The legality of the appointment of a Provincial Governor in the DRC :: Case of Central Kongo,Army Makaya Tuama,Paperback,"Aug 31, 2021",
0,https://www.amazon.com/dp/6203992445,6203992445,An Economic Analysis of the Procedure for the Admission of a Claim § 148 (1) AktG: The example of executive board remuneration determined in breach of duty,Conrad Gräwe,Paperback,"Aug 31, 2021",
0,https://www.amazon.com/dp/613985069X,613985069X,MYTHS & FACTS AND FAQ’s ON COVID-19,Sudhanshu Aggarwal,Paperback,"Aug 31, 2021",
0,https://www.amazon.com/dp/3030528502,3030528502,Market Access of Traditional Chinese Medicinal Product in the EU under WTO Legal Framework (Economic and Financial Law & Policy – Shifting Insights & Values),Saisai Wang,Kindle,"Aug 31, 2021",
0,https://www.amazon.com/dp/3030502570,3030502570,"Advance Metadata Fair: The Retention and Disclosure of 4G, 5G and Social Media Location Information, for Law Enforcement and National Security, and ... (Law, Governance and Technology Series)",Stanley Shanapinda,Kindle,"Aug 31, 2021",
0,https://www.amazon.com/dp/1977246400,1977246400,Aristotle's Ghost: How Good Free Men Built Good Free America,Christopher Vasillopulos,Paperback,"Aug 31, 2021",
2,https://www.amazon.com/dp/1914608100,1914608100,A Practical Guide to the Landlord and Tenant Act 1954: Commercial Tenancies – 2nd Edition,David Sawtell,Paperback,"Aug 31, 2021",
2,https://www.amazon.com/dp/1913715353,1913715353,A Practical Guide to Extradition Law Post-Brexit,Myles Grandison,Paperback,"Aug 31, 2021",
0,https://www.amazon.com/dp/1474498531,1474498531,Avizandum Statutes on Scots Commercial and Consumer Law: 2021-2022,Alisdair MacPherson,Kindle,"Aug 31, 2021",
0,https://www.amazon.com/dp/1474487564,1474487564,"Imagined States: Law and Literature in Nigeria 1900-1966 (Edinburgh Critical Studies in Law, Literature and the Humanities)",Katherine Isobel Baxter,Kindle,"Aug 31, 2021",
4,https://www.amazon.com/dp/1474462448,1474462448,Delict: A Comprehensive Guide to the Law in Scotland,Francis McManus,Hardcover,"Aug 31, 2021",
0,https://www.amazon.com/dp/1474443206,1474443206,Refugee Imaginaries: Research Across the Humanities,Emma Cox,Kindle,"Aug 31, 2021",
0,https://www.amazon.com/dp/0367427117,0367427117,"Girls, Performance, and Activism",Dana Edell,Kindle,"Aug 31, 2021",
0,https://www.amazon.com/dp/3030538192,3030538192,Evil as a Crime Against Humanity: Confronting Mass Atrocities in a Plural World (International Political Theory),Christof Royer,Kindle,"Aug 30, 2021",
0,https://www.amazon.com/dp/0367479257,0367479257,Female Capital Punishment (Routledge Studies in Crime and Society),Lawrence B. Goodheart,Hardcover,"Aug 30, 2021",
2,https://www.amazon.com/dp/3030202518,3030202518,Conceptualizing Environmental Citizenship for 21st Century Education (Environmental Discourses in Science Education),Andreas Ch. Hadjichambis,Kindle,"Aug 30, 2021",
1,https://www.amazon.com/dp/B09FCHQVK7,B09FCHQVK7,Save The Bees Journal: Ruled Notebook Lined Pages,Bits & Pieces Shop Co,Hardcover,"Aug 30, 2021",
0,https://www.amazon.com/dp/B09FC9HSCL,B09FC9HSCL,Notary Acts of Service Log: Notary Log Book,The G Spot,Paperback,"Aug 30, 2021",
0,https://www.amazon.com/dp/6204052675,6204052675,Essential Aspects of Effective Criminal Justice Reform,David Espinosa Acuña,Paperback,"Aug 30, 2021",
0,https://www.amazon.com/dp/6204051830,6204051830,Legal approaches to the regulatory framework of cryptocurrencies,Luis José Rangel Gutiérrez,Paperback,"Aug 30, 2021",
0,https://www.amazon.com/dp/6204047159,6204047159,Taxation of the digital economy: Issues and Challenges,Mehdi Talbi,Paperback,"Aug 30, 2021",
0,https://www.amazon.com/dp/6204039342,6204039342,MORAL CODE TO ERADICATE EXTREME POVERTY IN THE WORLD: Charity and solidarity tax for high wage earners,David Francisco Camargo Hernández,Paperback,"Aug 30, 2021",
0,https://www.amazon.com/dp/6203922056,6203922056,Ethic and Responsibility in Collection System of Local Taxes and Fees,Dorina Sandu,Paperback,"Aug 30, 2021",
0,https://www.amazon.com/dp/3848783088,3848783088,"By European Scholars of the Elpis Network (International Legal Studies, 5)",Claas Friedrich Germelmann,Kindle,"Aug 30, 2021",
2,https://www.amazon.com/dp/3030540561,3030540561,Countering Cyber Threats to Financial Institutions: A Private and Public Partnership Approach to Critical Infrastructure Protection,Pierre-Luc Pomerleau,Kindle,"Aug 30, 2021",
0,https://www.amazon.com/dp/1943271399,1943271399,The Pashtun Protection Movement (PTM) in Pakistan,Qamar Jafri,Kindle,"Aug 30, 2021",
0,https://www.amazon.com/dp/1799879283,1799879283,Regulatory Aspects of Artificial Intelligence on Blockchain,Pardis Moslemzadeh Tehrani,Hardcover,"Aug 30, 2021",
0,https://www.amazon.com/dp/168538787X,168538787X,Managing Court Cases with Mental Strength,Siva Prasad Bose,Paperback,"Aug 30, 2021",
0,https://www.amazon.com/dp/1529218926,1529218926,"Pandemic Legalities: Legal Responses to COVID-19 – Justice and Social Responsibility (Law, Society, Policy)",Dave Cowan,Kindle,"Aug 30, 2021",
0,https://www.amazon.com/dp/1032022515,1032022515,Forensic Forestry,Robert P. Latham,Kindle,"Aug 30, 2021",
1,https://www.amazon.com/dp/019032645X,019032645X,Australian Intellectual Property,Kathy Bowrey,Paperback,"Aug 30, 2021",
0,https://www.amazon.com/dp/B09FCHDQXW,B09FCHDQXW,"Law Degree in Process: 6x9 lawyer planner, undated weekly planner with notes, organizer, weekly goals notebook, gift for law students, law school graduates,lawyers and future lawyers",Relaxvana,Paperback,"Aug 29, 2021",
2,https://www.amazon.com/dp/B09FC3RXDZ,B09FC3RXDZ,Perpetual Agenda: Ally (Perpetual Agendas),Gomez Deluxe Designs,Paperback,"Aug 29, 2021",
0,https://www.amazon.com/dp/6204046217,6204046217,DIREITOS E LIBERDADES FUNDAMENTAIS: Mecanismos constitucionais para a promoção e protecção na RDC,Philippe Omba Shongo,Paperback,"Aug 29, 2021",
0,https://www.amazon.com/dp/6204046209,6204046209,DIRITTI E LIBERTÀ FONDAMENTALI: Meccanismi costituzionali di promozione e protezione nella RDC,Philippe Omba Shongo,Paperback,"Aug 29, 2021",
0,https://www.amazon.com/dp/6204046187,6204046187,FUNDAMENTAL RIGHTS AND FREEDOMS: Constitutional mechanisms for promotion and protection in the DRC,Philippe Omba Shongo,Paperback,"Aug 29, 2021",
0,https://www.amazon.com/dp/6204046179,6204046179,GRUNDRECHTE UND -FREIHEITEN: Verfassungsmäßige Mechanismen zur Förderung und zum Schutz in der DRK,Philippe Omba Shongo,Paperback,"Aug 29, 2021",
0,https://www.amazon.com/dp/6204046063,6204046063,Impact of the institutional environment: on the controllers of accounting figures in the Cameroonian context,Pulchérie Léonie Tatang Atabonfack,Paperback,"Aug 29, 2021",
0,https://www.amazon.com/dp/6204045865,6204045865,Protection of the employee against dismissal: for personal reasons in Gabonese labour law,Kevin MOZOGO,Paperback,"Aug 29, 2021",
1,https://www.amazon.com/dp/B09F1G3XVQ,B09F1G3XVQ,Media Law: Materials and Cases,Jon Pfeiffer,Paperback,"Aug 28, 2021",
0,https://www.amazon.com/dp/0578977796,0578977796,Soldier Still Standing!,Charles Kool Richards,Paperback,"Aug 28, 2021",
0,https://www.amazon.com/dp/B09FC6FBST,B09FC6FBST,Just Breath Notebook,Sparkle Designs,Paperback,"Aug 28, 2021",
0,https://www.amazon.com/dp/981163548X,981163548X,Pregnancy Outcomes of Unmarried Women in Japan (1995–2015): From Abortion to Birth (Population Studies of Japan),Yukiko Senda,Kindle,"Aug 28, 2021",
1,https://www.amazon.com/dp/9813251417,9813251417,"The Phantom World of Digul: Policing as Politics in Colonial Indonesia, 1926–1941 (Kyoto-cseas Series on Asian Studies, 23)",Takashi Shiraishi,Paperback,"Aug 27, 2021",
3,https://www.amazon.com/dp/B09DN1J8KK,B09DN1J8KK,"First Step Act- Pre-Release Earned Time Credit Programs & Activities: Bureau of Prisons Efforts to Undermine Incentive Programming, 2019-2022",Federal Sentencing Alliance,Paperback,"Aug 27, 2021",
1,https://www.amazon.com/dp/1951498828,1951498828,"Animals and the Law in Antiquity (Brown Judaic Studies, 368)",Saul M. Olyan,Kindle,"Aug 27, 2021",
0,https://www.amazon.com/dp/B09FBJPJL3,B09FBJPJL3,"Official Notary Log Book To Record Notarial Acts for Notary Agents: Notary Journal To Track And Document All Signings, Marble Design, Stylish And Modern",Sage Polaris,Paperback,"Aug 27, 2021",
1,https://www.amazon.com/dp/B09DN363PY,B09DN363PY,ABOVE THE LAW: Common Law of the Kings,Lakshan Bandara,Kindle,"Aug 27, 2021",
0,https://www.amazon.com/dp/9966566333,9966566333,Beyond Politics: A Conversation With Kiraitu Murungi,Njeri Rugene,Kindle,"Aug 27, 2021",
0,https://www.amazon.com/dp/6204044745,6204044745,Multi-affiliation and collective bargaining: criteria for the interpretation and application of coexisting collective bargaining agreements,Sebastián Arcila Pérez,Paperback,"Aug 27, 2021",
0,https://www.amazon.com/dp/6204043609,6204043609,THE ROLE OF THE LAWYER IN REAL ESTATE TRANSACTIONS: A REFLECTION ON THE BROKERAGE CONTRACT,Walter Figueiredo de Almeida,Paperback,"Aug 27, 2021",
0,https://www.amazon.com/dp/3030467562,3030467562,International Affairs and Canadian Migration Policy (Canada and International Affairs),Yiagadeesen Samy,Kindle,"Aug 27, 2021",
0,https://www.amazon.com/dp/1853411582,1853411582,Employment Law in Agriculture and Estate Management,Peter Morris,Paperback,"Aug 27, 2021",
0,https://www.amazon.com/dp/303031751X,303031751X,"Maritime Law in Motion (WMU Studies in Maritime Affairs, 8)",Proshanto K. Mukherjee,Kindle,"Aug 26, 2021",
5,https://www.amazon.com/dp/153102114X,153102114X,Questions & Answers: Criminal Procedure―Police Investigation (Questions & Answers Series),Wayne Logan,Kindle,"Aug 26, 2021",
1,https://www.amazon.com/dp/0755607082,0755607082,Mosul under ISIS: Eyewitness Accounts of Life in the Caliphate,Mathilde Becker Aarseth,Kindle,"Aug 26, 2021",
0,https://www.amazon.com/dp/1509954740,1509954740,"Rethinking Judicial Jurisdiction in Private International Law: Party Autonomy, Categorical Equality and Sovereignty (Studies in Private International Law)",Milana Karayanidi,Kindle,"Aug 26, 2021",
1,https://www.amazon.com/dp/1509955038,1509955038,"Virtue, Emotion and Imagination in Law and Legal Reasoning",Amalia Amaya,Kindle,"Aug 26, 2021",
2,https://www.amazon.com/dp/3030321282,3030321282,A Bias Radar for Responsible Policy-Making: Foresight-Based Scientific Advice (St Antony's Series),Lieve Van Woensel,Kindle,"Aug 26, 2021",
1,https://www.amazon.com/dp/1509955046,1509955046,Artefacts of Legal Inquiry: The Value of Imagination in Adjudication,Maksymilian Del Mar,Kindle,"Aug 26, 2021",
2,https://www.amazon.com/dp/9811506558,9811506558,Criminalising Coercive Control: Family Violence and the Criminal Law,Marilyn McMahon,Kindle,"Aug 26, 2021",
3,https://www.amazon.com/dp/1509943544,1509943544,Deakin and Morris’ Labour Law,Zoe Adams,Kindle,"Aug 26, 2021",
0,https://www.amazon.com/dp/1800312342,1800312342,The Art of Personal Injury Report Writing,Mark Burgin,Paperback,"Aug 26, 2021",
0,https://www.amazon.com/dp/B09FC9Y7GJ,B09FC9Y7GJ,Legal Notebook: Black And White Legal Lined Notebook/Pad 100 Pages 8.5X11 Dimension,Crown Print Books,Paperback,"Aug 26, 2021",
0,https://www.amazon.com/dp/B09F1J4LS8,B09F1J4LS8,GLOBAL EVENTS TRACKER: STATISTICS,Dexter Sivanathan,Paperback,"Aug 26, 2021",
1,https://www.amazon.com/dp/9811504873,9811504873,"Trade Agreements and Public Health: A Primer for Health Policy Makers, Researchers and Advocates (Palgrave Studies in Public Health Policy Research)",Deborah Gleeson,Kindle,"Aug 26, 2021",
1,https://www.amazon.com/dp/9811390290,9811390290,A Confucian Analysis on the Evolution of Chinese Patent Law System,Nan Zhang,Kindle,"Aug 26, 2021",
0,https://www.amazon.com/dp/9811389004,9811389004,State Capacity Building in Contemporary China (Emerging-Economy State and International Policy Studies),Hiroko Naito,Kindle,"Aug 26, 2021",
0,https://www.amazon.com/dp/9462653577,9462653577,Human Dignity and Human Security in Times of Terrorism,Christophe Paulussen,Kindle,"Aug 26, 2021",
0,https://www.amazon.com/dp/9462653496,9462653496,Nuclear Non-Proliferation in International Law - Volume V: Legal Challenges for Nuclear Security and Deterrence,Jonathan L. Black-Branch,Kindle,"Aug 26, 2021",
0,https://www.amazon.com/dp/620404074X,620404074X,"On the Right to Housing, between French Law and DR Congolese Law",Francis Kitsa Visso,Paperback,"Aug 26, 2021",
0,https://www.amazon.com/dp/6204039555,6204039555,Legal Analysis Of The La Cocha Constitutional Court Ruling: A Limitation To Indigenous Justice?,Judith De La Torre,Paperback,"Aug 26, 2021",
0,https://www.amazon.com/dp/6204039008,6204039008,COPYRIGHT IN THE DEMOCRATIC REPUBLIC OF CONGO:: The fate of economic rights after the death of the author of the work of the mind,Roger EALE MPAKAMA,Paperback,"Aug 26, 2021",
0,https://www.amazon.com/dp/6138959647,6138959647,Latest Governing Laws of Wages in India: A comparative analyzes with various International Regimes,Aditya Awasthi,Paperback,"Aug 26, 2021",
0,https://www.amazon.com/dp/6138953894,6138953894,Covid-19 Crisis and Environmental Law -Opportunities for Improvement: Environmental Health Impact Assessment (EHIA) Process & Strategic Crisis and Environmental Assessment (SCEA) Process,Vijayan Gurumurthy Iyer,Paperback,"Aug 26, 2021",
0,https://www.amazon.com/dp/342818324X,342818324X,"People on the Move - Migrants, Refugees, and Citizenship Rights: Contributions to a Conference at Tallinn University 7-8 February 2019 (Rechtstheorie, 51) (English and German Edition)",Massimo LA Torre,Paperback,8 February 2019,
0,https://www.amazon.com/dp/3030482243,3030482243,"On the Wrong Side of The Law: Complaints Against Metropolitan Police, 1829-1964 (Palgrave's Critical Policing Studies)",Graham Smith,Kindle,"Aug 26, 2021",
0,https://www.amazon.com/dp/3030326772,3030326772,Ombudsman as a Global Institution: Transnational Governance and Accountability (Public Sector Organizations),Tero Erkkilä,Kindle,"Aug 26, 2021",
0,https://www.amazon.com/dp/3030325148,3030325148,New Voices and New Perspectives in International Economic Law (European Yearbook of International Economic Law),John D. Haskell,Kindle,"Aug 26, 2021",
0,https://www.amazon.com/dp/303032480X,303032480X,Marketization in Local Government: Diffusion and Evolution in Scandinavia and England,Andrej Christian Lindholst,Kindle,"Aug 26, 2021",
0,https://www.amazon.com/dp/3030322866,3030322866,The Institutionalisation of Evaluation in Europe,Reinhard Stockmann,Kindle,"Aug 26, 2021",
0,https://www.amazon.com/dp/303031829X,303031829X,"The Story of International Relations, Part Three: Cold-Blooded Idealists (Palgrave Studies in International Relations)",Jo-Anne Pemberton,Kindle,"Aug 26, 2021",
0,https://www.amazon.com/dp/3030309363,3030309363,International Empirical Studies on Religion and Socioeconomic Human Rights (Religion and Human Rights),Hans-Georg Ziebertz,Kindle,"Aug 26, 2021",
0,https://www.amazon.com/dp/3030301044,3030301044,"The Art of Human Rights: Commingling Art, Human Rights and the Law in Africa (Arts, Research, Innovation and Society)",Romola Adeola,Kindle,"Aug 26, 2021",
0,https://www.amazon.com/dp/3030290913,3030290913,Beyond Market Assumptions: Oil Price as a Global Institution,Andrei V. Belyi,Kindle,"Aug 26, 2021",
0,https://www.amazon.com/dp/3030280551,3030280551,Nomad-State Relationships in International Relations: Before and After Borders,Jamie Levin,Kindle,"Aug 26, 2021",
0,https://www.amazon.com/dp/3030265404,3030265404,Performance Appraisal in Modern Employment Relations: An Interdisciplinary Approach,Tindara Addabbo,Kindle,"Aug 26, 2021",
0,https://www.amazon.com/dp/303024332X,303024332X,"Essentials of Autopsy Practice: Reviews, Updates and Advances",Guy N. Rutty,Kindle,"Aug 26, 2021",
0,https://www.amazon.com/dp/3030237796,3030237796,"The UN Security Council and International Criminal Tribunals: Procedure Matters (Studies in Global Justice, 20)",Christodoulos Kaoutzanis,Kindle,"Aug 26, 2021",
1,https://www.amazon.com/dp/3030224872,3030224872,European Yearbook of International Economic Law 2019,Marc Bungenberg,Kindle,"Aug 26, 2021",
0,https://www.amazon.com/dp/3030223841,3030223841,"Inferences by Parallel Reasoning in Islamic Jurisprudence: Al-Shīrāzī’s Insights into the Dialectical Constitution of Meaning and Knowledge (Logic, Argumentation & Reasoning)",Shahid Rahman,Kindle,"Aug 26, 2021",
0,https://www.amazon.com/dp/3030218260,3030218260,"The Story of International Relations, Part Two: Cold-Blooded Idealists (Palgrave Studies in International Relations)",Jo-Anne Pemberton,Kindle,"Aug 26, 2021",
3,https://www.amazon.com/dp/1913889173,1913889173,Last Will and Testament Kit (2022 England & Wales Edition),EstateBee,Kindle,"Aug 26, 2021",
0,https://www.amazon.com/dp/1800793499,1800793499,Interrogating Irish Policies,Kingston,Kindle,"Aug 26, 2021",
2,https://www.amazon.com/dp/1509955054,1509955054,"Law Reform in Early Modern England: Crown, Parliament and the Press",Barbara J Shapiro,Kindle,"Aug 26, 2021",
0,https://www.amazon.com/dp/150995502X,150995502X,"Patent Games in the Global South: Pharmaceutical Patent Law-Making in Brazil, India and Nigeria (Studies in International Trade and Investment Law)",Amaka Vanni,Kindle,"Aug 26, 2021",
0,https://www.amazon.com/dp/1509954767,1509954767,"Values in the Supreme Court: Decisions, Division and Diversity (Hart Studies on Judging and the Courts)",Rachel Cahill-O'Callaghan,Kindle,"Aug 26, 2021",
0,https://www.amazon.com/dp/1509954759,1509954759,The Readmission of Asylum Seekers under International Law (Studies in International Law),Mariagiulia Giuffré,Kindle,"Aug 26, 2021",
0,https://www.amazon.com/dp/1509954732,1509954732,Protecting Human Rights and Building Peace in Post-Violence Societies (Human Rights Law in Perspective),Nasia Hadjigeorgiou,Kindle,"Aug 26, 2021",
1,https://www.amazon.com/dp/1509954724,1509954724,Freedom of Religion: An Ambiguous Right in the Contemporary European Legal Order (Swedish Studies in European Law),Hedvig Bernitz,Hardcover,"Aug 26, 2021",
0,https://www.amazon.com/dp/1509954716,1509954716,The Juridification of Individual Sanctions and the Politics of EU Law (Modern Studies in European Law),Eva Nanopoulos,Kindle,"Aug 26, 2021",
0,https://www.amazon.com/dp/1509954708,1509954708,The Amicus Curiae in International Criminal Justice (Studies in International and Comparative Criminal Law),Sarah Williams,Kindle,"Aug 26, 2021",
0,https://www.amazon.com/dp/1509954694,1509954694,"Sixty Years of European Integration and Global Power Shifts: Perceptions, Interactions and Lessons (Modern Studies in European Law)",Julien Chaisse,Kindle,"Aug 26, 2021",
2,https://www.amazon.com/dp/1509954686,1509954686,Competition Law’s Innovation Factor: The Relevant Market in Dynamic Contexts in the EU and the US (Hart Studies in Competition Law),Viktoria H S E Robertson,Kindle,"Aug 26, 2021",
1,https://www.amazon.com/dp/1509954678,1509954678,Business and Human Rights: The Obligations of the European Home States,Dalia Palombo,Kindle,"Aug 26, 2021",
2,https://www.amazon.com/dp/1509939571,1509939571,"Legal History for Australia, A",Sarah McKibbin,Kindle,"Oct 7, 2021",
0,https://www.amazon.com/dp/1350254584,1350254584,"Life Courses of Young Convicts Transported to Van Diemen's Land (History of Crime, Deviance and Punishment)",Emma D. Watkins,Kindle,"Aug 26, 2021",
0,https://www.amazon.com/dp/108797674X,108797674X,Ruth Bader Ginsburg 15 Min Biography Book: Read All About RBG from Birth to Death in 15 Minutes!,James Allan,Paperback,"Aug 26, 2021",
3,https://www.amazon.com/dp/036702781X,036702781X,Handbook of Children in the Legal System,Ginger C. Calloway,Kindle,"Aug 26, 2021",
5,https://www.amazon.com/dp/1601567693,1601567693,Pretrial Advocacy (NITA),Reuben A. Guttman,Kindle,"Aug 25, 2021",
2,https://www.amazon.com/dp/1032065621,1032065621,Survival Driving: Staying Alive on the World’s Most Dangerous Roads,Robert H. Deatherage  Jr.,Kindle,"Aug 25, 2021",
2,https://www.amazon.com/dp/1531007856,1531007856,Comparative Law: Global Legal Traditions,Michael Bazyler,Kindle,"Aug 25, 2021",
4,https://www.amazon.com/dp/153102257X,153102257X,Missouri Legal Research (Legal Research Series),Wanda Temm,Kindle,"Aug 25, 2021",
0,https://www.amazon.com/dp/B09F1FY33N,B09F1FY33N,"It Was Worth It! The Office Organizer: Daily Monthly Work Day Organizer, Schedule Organizer, Appointment Notebook: Productivity Tracker for Organizing ... To Do Lists Journal Planner Notebook 8.5 x 11",Andrew Novak,Paperback,"Aug 25, 2021",
0,https://www.amazon.com/dp/B09F1F6VJ7,B09F1F6VJ7,"Password Book: Password Log Book and Internet Password Organizer with Tabs, Personal Password Username Book Keeper",Milon Press Publications,Paperback,"Aug 25, 2021",
0,https://www.amazon.com/dp/B09DMWBW41,B09DMWBW41,The Big Space Word Search Collection: The Ultimate Fun Word Search For Adults and Kids,Lloyd P. Baker,Paperback,"Aug 25, 2021",
0,https://www.amazon.com/dp/B09DMTNK15,B09DMTNK15,Criminal Law: Case Briefs & Notes: Notebook Designed to Help Law School Students: Purple Mountains Cover,Penny Lee,Paperback,"Aug 25, 2021",
0,https://www.amazon.com/dp/6204035959,6204035959,Small producers in search of a new rural horizon: Small producers of Colonia Loma San Pablo-General M. Belgrano-Formosa,Héctor Andrés Cappello,Paperback,"Aug 25, 2021",
0,https://www.amazon.com/dp/6204035428,6204035428,"Digital Justice and Cobersecurity: Cybersecurity in Digital Justice, Recommendations for the Colombian Case",Maribel Patricia Rodríguez Márquez,Paperback,"Aug 25, 2021",
0,https://www.amazon.com/dp/6204014811,6204014811,INTERNATIONAL LAW IN THE ERADICATION OF SLAVE LABOR IN BRAZIL: The influence of the ILO in the Brazilian legal system regarding slave labor,Vitória Piucco,Paperback,"Aug 25, 2021",
0,https://www.amazon.com/dp/6203189138,6203189138,Simplified system of taxation for small businesses: Advantages and peculiarities of use in the Krasnodar region,Inga Medvedeva,Paperback,"Aug 25, 2021",
0,https://www.amazon.com/dp/6139442532,6139442532,"Renewable Energy in Nigeria: Understanding the law, regulation, trends, and opportunities",Michael Dugeri,Paperback,"Aug 25, 2021",
0,https://www.amazon.com/dp/3428183592,3428183592,Indirect Perpetration and Organisationsherrschaftslehre: An Analysis of Article 25-3 of the Rome Statute in Light of the German Differentiated and ... / Studies In International And European Cri),Giulia Lanza,Paperback,"Aug 25, 2021",
0,https://www.amazon.com/dp/3346441113,3346441113,"Reasons of Legalization of Cannabis in Canada. Incitements, Implementation and Results",Lia Wölke,Paperback,"Aug 25, 2021",
0,https://www.amazon.com/dp/3030492222,3030492222,"Contention and Regime Change in Asia: Contrasting Dynamics in Indonesia, South Korea, and Thailand (Challenges to Democracy in the 21st Century)",Linda Maduz,Kindle,"Aug 25, 2021",
5,https://www.amazon.com/dp/9887519081,9887519081,Mandarin Chinese for Law: An Overview of Legal Mandarin from Mandarin Chinese Contracts to Legal Terms to Key Phrases,Inman Learning,Kindle,"Aug 24, 2021",
0,https://www.amazon.com/dp/3038054062,3038054062,"Current Challenges of European Integration: 12th Network Europe Conference, 9 - 10 November 2020",Andreas Kellerhals,Kindle,10 November 2020,
0,https://www.amazon.com/dp/B09F1D21DP,B09F1D21DP,Kindergarten Writing Paper With Dotted Lines: For ABC Kids,Alanna Campbell,Paperback,"Aug 24, 2021",
0,https://www.amazon.com/dp/B09DN1DYQZ,B09DN1DYQZ,"Primary Composition Notebook: Black Marble, Primary Story Journal, Dotted Midline and Picture Space",beta publish,Paperback,"Aug 24, 2021",
0,https://www.amazon.com/dp/B09DJCLRN9,B09DJCLRN9,Grief & Loss: How To Cope With Your Grief And Strategies To Support Recovery | The Ways To Ease The Burden When Dealing With End-Of-Life Decisions.,Emma Meeks,Kindle,"Aug 24, 2021",
2,https://www.amazon.com/dp/6204200984,6204200984,Business Law,JD (Jerry) De Freitas,Paperback,"Aug 24, 2021",
0,https://www.amazon.com/dp/6204200917,6204200917,Comparison of Children's Court Law with Child Criminal Justice System,B. SH Herman,Paperback,"Aug 24, 2021",
0,https://www.amazon.com/dp/6204200429,6204200429,TRADE AND WRITE A BUSINESS PLAN DURING THE PANDEMIC - VOLUME I: FRUGAL INNOVATION,Cheikh M. Bachir Mbodj,Kindle,"Aug 24, 2021",
1,https://www.amazon.com/dp/6204034103,6204034103,Infringement of tax exemptions for persons with disabilities: Analysis of the violation of tax refunds to persons with disabilities in Ecuador,Ana Vélez,Paperback,"Aug 24, 2021",
0,https://www.amazon.com/dp/6204034049,6204034049,"Congolese labour law: Occupational injury, occupational diseases and work-related illnesses",Onesime Kangomba,Paperback,"Aug 24, 2021",
0,https://www.amazon.com/dp/6204033921,6204033921,Problems of the legal regime of objects of civil rights on the Internet,Umrillo Melikov,Paperback,"Aug 24, 2021",
0,https://www.amazon.com/dp/6204032062,6204032062,Legal guidelines for the realization of acceptance: of inheritance with benefit of inventory in the notarial voluntary way,Ana María Veizaga Siles,Paperback,"Aug 24, 2021",
0,https://www.amazon.com/dp/6204029932,6204029932,HABITAT AND LEGAL TECHNOLOGY: COLLECTION OF SCIENTIFIC ARTICLES,Alexandr Tolmachev,Paperback,"Aug 24, 2021",
0,https://www.amazon.com/dp/6204029584,6204029584,Legal Treatment of Obstetric Violence: Critical analysis of Chilean and comparative legislation,Camila Lira Urzúa,Paperback,"Aug 24, 2021",
0,https://www.amazon.com/dp/6203870706,6203870706,Law & Ethical Conducts on Energy Resources Operations in Nigeria: Spotlight on Petroleum Development Operations,Edward T. Bristol-Alagbariya,Paperback,"Aug 24, 2021",
0,https://www.amazon.com/dp/6202011823,6202011823,Love for the Climate in Sino-Pakistan Environmental Romance: What Lessons could be Learnt and Demand Corrective Measures,Mehran Idris Khan,Paperback,"Aug 24, 2021",
0,https://www.amazon.com/dp/1648026524,1648026524,Principled Governance When Everything Matters,David S. Fushtey,Kindle,"Sep 1, 2021",
5,https://www.amazon.com/dp/1641058056,1641058056,Compendium of Professional Responsibility Rules and Standards,American Bar Association Center for Professional Responsibility,Paperback,"Aug 23, 2021",
0,https://www.amazon.com/dp/B09DN191VQ,B09DN191VQ,Bill Organizer: monthly bill paying organizer | Bill Paying Organizer Book & Personal Account book | bill payment tracker simple monthly bill payment checklist | Size 8x10 Inch.,Michael  Bills Publishing,Paperback,"Aug 23, 2021",
0,https://www.amazon.com/dp/6204199420,6204199420,Sustainable Arbitration Engineering Education and Research (SAEER): Sustainable Seed-Cotton Science and Technological Development,Vijayan Gurumurthy Iyer,Paperback,"Aug 23, 2021",
0,https://www.amazon.com/dp/6202028335,6202028335,An Examination of Article 39 of the United Nations Charter,Uche Young S. Ndumele,Paperback,"Aug 23, 2021",
0,https://www.amazon.com/dp/1912687941,1912687941,Contempt of Court and the New Rules,Abid Mahmood,Paperback,"Aug 23, 2021",
1,https://www.amazon.com/dp/1802203257,1802203257,International Investment Law (Principles of International Law series),Arnaud de Nanteuil,Hardcover,"Aug 23, 2021",
0,https://www.amazon.com/dp/1638447039,1638447039,Protection for First Responders: and Front Line Workers,Omar O Newell,Kindle,"Aug 23, 2021",
1,https://www.amazon.com/dp/041408943X,041408943X,O'Hare & Browne: Civil Litigation,John O'Hare,Paperback,"Aug 23, 2021",
0,https://www.amazon.com/dp/1737168723,1737168723,My Dad is a Lawyer,Vanessa Gerard Esq.,Paperback,"Aug 22, 2021",
0,https://www.amazon.com/dp/B09DMR5GYD,B09DMR5GYD,PRACTICAL APPROACH TO EFFECTIVE CROSS-EXAMINATION,EKEMINI UDIM,Paperback,"Aug 22, 2021",
0,https://www.amazon.com/dp/303046525X,303046525X,Human Rights and the Environment under African Union Law,Michael Addaney,Kindle,"Aug 22, 2021",
0,https://www.amazon.com/dp/3030464229,3030464229,"New Forms of Self-Narration: Young Women, Life Writing and Human Rights (Palgrave Studies in Life Writing)",Ana Belén Martínez García,Kindle,"Aug 22, 2021",
0,https://www.amazon.com/dp/B09DMRGXF1,B09DMRGXF1,Notary Journal: Notarial Acts Records Events Log I Pink and Gold Theme I Large Entries I 2 Per Page,H Smith,Paperback,"Aug 21, 2021",
0,https://www.amazon.com/dp/B09DMR95C7,B09DMR95C7,Bill Payment Tracker: Bill Payment Organizer Monthly Planner Notebook | Expense and Bill Tracker. bill payer organizer planner with beautiful special ... bill organizer for track your bill payments.,Jhon William,Paperback,"Aug 21, 2021",
0,https://www.amazon.com/dp/B09DMP7VL1,B09DMP7VL1,"ADHD Planner For Teens: Daily Weekly and Monthly Planner for Organizing Your Life and Life Organizer and Focus Your Goals, Daily Tracker To Help With ... And Record Symptoms, ADHD | 6"" x 9"" 120 pages",Diana Cantrell,Paperback,"Aug 21, 2021",
0,https://www.amazon.com/dp/6204026291,6204026291,USUCAPION AS A MEANS OF DEFENCE AGAINST A CLAIM PROCESS: Analysis of the counterclaim of usucaption in the face of a claim process,Franklin Chávez Torres,Paperback,"Aug 21, 2021",
1,https://www.amazon.com/dp/3030256766,3030256766,Governing Arctic Seas: Regional Lessons from the Bering Strait and Barents Sea: Volume 1 (Informed Decisionmaking for Sustainability),Oran R. Young,Kindle,"Aug 21, 2021",
1,https://www.amazon.com/dp/1913776085,1913776085,Civil Justice After COVID: A Change for the Better?: An Examination of the Civil Justice System in England and Wales pre and post COVID-19 and the impact on the administration of justice.,Anthony Reeves,Kindle,"Aug 21, 2021",
0,https://www.amazon.com/dp/0624091902,0624091902,Zwelethu: Our Land: Jaki Seroke A Memoir,Jaki Seroke,Kindle,"Aug 21, 2021",
4,https://www.amazon.com/dp/0812224825,0812224825,Critical Disaster Studies (Critical Studies in Risk and Disaster),Jacob A.C. Remes,Kindle,"Aug 20, 2021",
0,https://www.amazon.com/dp/9403535814,9403535814,Corporate Acquisitions and Mergers in Hong Kong,Virginia Tam,Kindle,"Aug 20, 2021",
0,https://www.amazon.com/dp/B09DJ91LB6,B09DJ91LB6,"password notebook with alphabetical tabs:password book with tabs for cats lovers,Password keeper for all Internet Login details,Password journal for ... And Password Logbook,Password Keeper Logbook",school tools book publishing,Paperback,"Aug 20, 2021",
0,https://www.amazon.com/dp/B09DJ7J28Q,B09DJ7J28Q,London Notebook - Middle Temple: Middle Temple Hall/ City of London/ Secret London Collection/ Blank lined journal (6 x 9 inches) - 110 pages,Miss Redcliffe,Paperback,"Aug 20, 2021",
0,https://www.amazon.com/dp/9811563721,9811563721,"Governance and Sustainability: International Perspectives (Approaches to Global Sustainability, Markets, and Governance)",David Crowther,Kindle,"Aug 20, 2021",
0,https://www.amazon.com/dp/9403538945,9403538945,Labour and Employment Compliance in China,King & Wood Mallesons,Kindle,"Aug 20, 2021",
0,https://www.amazon.com/dp/9403536829,9403536829,Environmental Law in Hong Kong,Anton Cooray,Paperback,"Aug 20, 2021",
0,https://www.amazon.com/dp/9403536152,9403536152,Labour and Employment Compliance in Mexico,Oscar De La Vega Gómez,Paperback,"Aug 20, 2021",
0,https://www.amazon.com/dp/9403534451,9403534451,Energy Law in Colombia,Daniel Rincón Rubiano,Kindle,"Aug 20, 2021",
0,https://www.amazon.com/dp/9403527730,9403527730,Labour and Employment Compliance in South Africa,Susan Stelzner,Paperback,"Aug 20, 2021",
0,https://www.amazon.com/dp/6204023101,6204023101,Bail in the DRC justice system: Case law of the Peace Court/Kisangani Makiso,Fiston WANDJA  Salumu,Paperback,"Aug 20, 2021",
0,https://www.amazon.com/dp/6204021346,6204021346,THE FUNDAMENTAL RIGHTS IN THE FACE OF THE ISSUE OF ANENCEPHALIC FETUSES: proportionality and human dignity as fundamental principles for the implementation of the woman's right to choose,Juliana Gonçalves de Oliveira,Paperback,"Aug 20, 2021",
0,https://www.amazon.com/dp/3515129839,3515129839,State's Responsibility for International Crimes: Reflections upon the Rosenburg Exhibition (English and German Edition),Magdalena Bainczyk,Paperback,"Aug 20, 2021",
0,https://www.amazon.com/dp/3030402029,3030402029,What Makes Effective Whistleblowing: Global Comparative Studies from the Public and Private Sector,Carmen R. Apaza,Kindle,"Aug 20, 2021",
0,https://www.amazon.com/dp/1776150570,1776150570,Escape from Lubumbashi: A Refugee's Journey on Foot to Reunite Her Family,Estelle Neethling,Kindle,"Aug 20, 2021",
0,https://www.amazon.com/dp/1316633608,1316633608,"Byzantine Legal Culture and the Roman Legal Tradition, 867–1056",Zachary Chitwood,Kindle,"Aug 19, 2021",
2,https://www.amazon.com/dp/1108999905,1108999905,Reforming Antitrust,Alan J. Devlin,Kindle,"Aug 19, 2021",
1,https://www.amazon.com/dp/B09DDV29L1,B09DDV29L1,Notary Public Logbook: Green and Gold Abstract Fluid Notary Signing Agent Logbook | Great Notary Journal/ Log Book To Record Notarial Acts,Lawrence Ward,Paperback,"Aug 19, 2021",
0,https://www.amazon.com/dp/B09CV3NGSZ,B09CV3NGSZ,Gold Calligraphy Practice Paper Workbook: Hand Lettering Calligraphy Writing And Practice Paper Workbook For Men And Women,Flag Sky Crafty,Paperback,"Aug 19, 2021",
0,https://www.amazon.com/dp/B09CQYLKCB,B09CQYLKCB,"Guide For Blogging: Tips To Monetize Your Blog, Create Viral Content, And Learn The Basics Of SEO: Seo Marketing Strategy",Rosaria Kurka,Paperback,"Aug 19, 2021",
0,https://www.amazon.com/dp/9004378278,9004378278,Annotated Legal Documents on Islam in Europe: Spain,Juan Ferreiro,Paperback,"Aug 19, 2021",
0,https://www.amazon.com/dp/6204022474,6204022474,The Status of the Audited Taxpayer in Cameroon,Phil Chris Jr Mbabi Essolo,Paperback,"Aug 19, 2021",
2,https://www.amazon.com/dp/1108401759,1108401759,Climate Rationality: From Bias to Balance,Jason S. Johnston,Kindle,"Aug 19, 2021",
0,https://www.amazon.com/dp/0192843680,0192843680,Justifying Contract in Europe: Political Philosophies of European Contract Law (Collected Courses of the Academy of European Law),Martijn W Hesselink,Kindle,"Aug 18, 2021",
0,https://www.amazon.com/dp/B09CRQLD93,B09CRQLD93,"Notebook: Lawyer Heart - 6x9 Journal/ ruled notebook with funny and inspiring quotes, gift for law students, law school graduates,lawyers and future lawyers, lawyer gifts for men and women",Relaxvana,Paperback,"Aug 18, 2021",
0,https://www.amazon.com/dp/B09CRNQ27D,B09CRNQ27D,"Blood Pressure Log Book: Record & Monitor Blood Pressure at Home- Clear and Simple Diary for Daily Blood Pressure Readings - 105 Pages (6"" x 9"" Inches)",Sine  Blood Pressure book,Paperback,"Aug 18, 2021",
0,https://www.amazon.com/dp/9462653534,9462653534,Athletes’ Human Rights and the Fight Against Doping: A Study of the European Legal Framework (ASSER International Sports Law Series),Bart van der Sloot,Kindle,"Aug 18, 2021",
0,https://www.amazon.com/dp/6204200364,6204200364,Enforcement of Hudud Punishments in the Age of Occultation,Majid Akbari Noudehi,Paperback,"Aug 18, 2021",
0,https://www.amazon.com/dp/6204018876,6204018876,Flag State responsibility in International Law,Icéré Auguste Fagnon,Paperback,"Aug 18, 2021",
0,https://www.amazon.com/dp/1793520593,1793520593,Forensic Science: An Anthology,Breanne Jones,Hardcover,"Aug 18, 2021",
4,https://www.amazon.com/dp/0774838094,0774838094,"No Legal Way Out: ""R v Ryan,"" Domestic Abuse, and the Defence of Duress (Landmark Cases in Canadian Law)",Nadia Verrelli,Kindle,"Aug 18, 2021",
2,https://www.amazon.com/dp/0262542587,0262542587,American Independent Inventors in an Era of Corporate R&D (Lemelson Center Studies in Invention and Innovation series),Eric S. Hintz,Kindle,"Aug 17, 2021",
4,https://www.amazon.com/dp/0520344642,0520344642,Trapped in a Maze: How Social Control Institutions Drive Family Poverty and Inequality,Leslie Paik,Kindle,"Aug 17, 2021",
5,https://www.amazon.com/dp/1588384659,1588384659,"Moment in Memphis, A: A Reluctant Southern White Boy Becomes a Civil Rights Lawyer and Goes North",Oliver Fowlkes,Kindle,"Aug 17, 2021",
2,https://www.amazon.com/dp/1642594660,1642594660,Violent Order: Essays on the Nature of Police,David Correia,Kindle,"Aug 17, 2021",
2,https://www.amazon.com/dp/935494485X,935494485X,Directives From The Guardian,Shoghi Effendi,Kindle,"Aug 17, 2021",
1,https://www.amazon.com/dp/9354943330,9354943330,An Essay On Professional Ethics,George Sharswood,Kindle,"Aug 17, 2021",
0,https://www.amazon.com/dp/B09CRTRCTS,B09CRTRCTS,"Mental Health planner: Mood Tracker for your anergy, sad,happy, annoyed, ansious, coufused and more ('8.5 x 11')",planen enna,Paperback,"Aug 17, 2021",
0,https://www.amazon.com/dp/B09CRQNZB7,B09CRQNZB7,"Only the strongest women become lawyers: 6x9 Journal/ ruled notebook with funny and inspiring quotes, gift for law students, law school ... lawyers, lawyer gifts for men and women",Relaxvana,Paperback,"Aug 17, 2021",
0,https://www.amazon.com/dp/B09CRNTWRY,B09CRNTWRY,"My degree in law makes me highly highly qualified to judge everyone: 6x9 Journal/ ruled notebook with funny and inspiring quotes, gift for law ... lawyers, lawyer gifts for men and women",Relaxvana,Paperback,"Aug 17, 2021",
0,https://www.amazon.com/dp/B09CRNQDJ3,B09CRNQDJ3,"Mental Health planner: Mood Tracker for your anergy, sad,happy, annoyed, ansious, coufused and more ('8.5 x 11')",planen enna,Paperback,"Aug 17, 2021",
0,https://www.amazon.com/dp/B09CRLZRK3,B09CRLZRK3,"Mental Health planner: Mood Tracker for your anergy, sad,happy, annoyed, ansious, coufused and more ('8.5 x 11')",planen enna,Paperback,"Aug 17, 2021",
0,https://www.amazon.com/dp/B09CRLZR4L,B09CRLZR4L,"Mental Health planner: Mood Tracker for your anergy, sad,happy, annoyed, ansious, coufused and more ('8.5 x 11')",planen enna,Paperback,"Aug 17, 2021",
0,https://www.amazon.com/dp/6204200011,6204200011,Analysis of the Legal Framework for Optimization of Renewable Energy: Options in Nigeria,Chimezie Ogugbara,Paperback,"Aug 17, 2021",
0,https://www.amazon.com/dp/6204199838,6204199838,"Society uprising: compendium on the role of Law, Business, Technology and Human Capital Development",John Kennedy Igbozurike,Paperback,"Aug 17, 2021",
0,https://www.amazon.com/dp/3346426289,3346426289,The Efficacy of Dispute Resolution Provisions in Uganda's Production Sharing Agreements and Developing Uganda's Upstream Oil and Gas Sector,Caleb Alaka,Paperback,"Aug 17, 2021",
3,https://www.amazon.com/dp/1914277287,1914277287,Rowan and Mayne: A Biography of the First Police Commissioners,Tony Moore,Hardcover,"Aug 17, 2021",
5,https://www.amazon.com/dp/1600425399,1600425399,Section 1031 Exchanges For Real Estate Investors and Professionals,Bradley Borden,Paperback,"Aug 16, 2021",
2,https://www.amazon.com/dp/164708864X,164708864X,"Leading Cases in Constitutional Law, A Compact Casebook for a Short Course, 2021 (American Casebook Series)",Jesse Choper,Paperback,"Aug 16, 2021",
0,https://www.amazon.com/dp/B09CRN24NG,B09CRN24NG,"Composition Notebook: Mermaid College Ruled Composition Notebook | College Ruled Paper Notebook Journal | Blank Wide Lined Workbook For for Girls Kids Teens Students, Steampunk",rokya sirin,Paperback,"Aug 16, 2021",
0,https://www.amazon.com/dp/620401563X,620401563X,MARITAL ECONOMIC DEPENDENCE: THE DEPENDENCE OF THE SPOUSE AND PARTNER ON THE DEATH PENSION BENEFIT,Guilherme Dalbosco Loss,Paperback,"Aug 16, 2021",
0,https://www.amazon.com/dp/620401434X,620401434X,International Business Law and Practice,Martin KUENGIENDA,Paperback,"Aug 16, 2021",
0,https://www.amazon.com/dp/6204014161,6204014161,Access to identity at the heart of equality and citizenship issues,Yobare Yentiare,Paperback,"Aug 16, 2021",
1,https://www.amazon.com/dp/1916425070,1916425070,Stage of Recovery,Georgia Sagri,Kindle,"Aug 15, 2021",
0,https://www.amazon.com/dp/1501754823,1501754823,"Law, Economics, and Conflict (Cornell Global Perspectives)",Kaushik Basu,Kindle,"Jul 15, 2021",
0,https://www.amazon.com/dp/B09DMY5NGS,B09DMY5NGS,Opening Doors: Roe v Wade,Linda Robertson Bourgeois PH D,Paperback,"Aug 15, 2021",
0,https://www.amazon.com/dp/B09CRN5SK3,B09CRN5SK3,THE VULNERABILITIES OF UNMANNED AIRCRAFT SYSTEM COMMON DATA LINKS TO ELECTRONIC ATTACK,Luc Boudreaux,Paperback,"Aug 15, 2021",
0,https://www.amazon.com/dp/B09CQYLK9J,B09CQYLK9J,Notary journal: Notarial acts records events Log / Official Notary Log Book,notary publishing,Paperback,"Aug 15, 2021",
0,https://www.amazon.com/dp/B09CGKTMBY,B09CGKTMBY,ST 2-50.4 (FM 34-8) COMBAT COMMANDERS HANDBOOK ON INTELLIGENCE,Luc Boudreaux,Kindle,"Aug 15, 2021",
0,https://www.amazon.com/dp/B09CRW97T7,B09CRW97T7,"Blood Pressure Log Book: Record & Monitor Blood Pressure at Home- Clear and Simple Diary for Daily Blood Pressure Readings - 105 Pages (6"" x 9"" Inches)",Sine  Blood Pressure book,Paperback,"Aug 14, 2021",
0,https://www.amazon.com/dp/B09CRTXJH9,B09CRTXJH9,"Blood Pressure Log Book: Record & Monitor Blood Pressure at Home- Clear and Simple Diary for Daily Blood Pressure Readings - 105 Pages (6"" x 9"" Inches)",Sine  Blood Pressure book,Paperback,"Aug 14, 2021",
0,https://www.amazon.com/dp/B09CRN123T,B09CRN123T,"Brief Book: Law School Notebook | Case Review Brief Book | College Ruled Notebook for Law School Students & Future Lawyer Gift for Men and Women | Large, 8,5 x 11 inches, 123 pages",Nikranafki,Paperback,"Aug 14, 2021",
0,https://www.amazon.com/dp/B09CKJR3CC,B09CKJR3CC,The Naturalization Code: Quick Civics Lessons for the Naturalization Test | 100 USCIS Detailed Answer,Mazadou Edition,Kindle,"Aug 14, 2021",
1,https://www.amazon.com/dp/B09CGHS2GJ,B09CGHS2GJ,"Information, Internet, and Emerging Technologies Law: Consolidated Cases & Statutes",Thomas J. Shaw Esq.,Paperback,"Aug 14, 2021",
0,https://www.amazon.com/dp/3030775356,3030775356,On the Measurement of Social Phenomena: A Methodological Approach (SpringerBriefs in Political Science),Marco Delmastro,Kindle,"Aug 14, 2021",
0,https://www.amazon.com/dp/3030542394,3030542394,Arbitration and Human Rights: Approaches to Excluding the Annulment of Arbitral Awards and Their Compatibility with the ECHR,Toms Krūmiņš,Kindle,"Aug 14, 2021",
0,https://www.amazon.com/dp/3030219402,3030219402,Space Capacity Building in the XXI Century (Studies in Space Policy),Stefano Ferretti,Kindle,"Aug 14, 2021",
0,https://www.amazon.com/dp/1478011432,1478011432,Policing Protest: The Post-Democratic State and the Figure of Black Insurrection (Global and Insurgent Legalities),Paul A. Passavant,Kindle,"Aug 13, 2021",
0,https://www.amazon.com/dp/1978809514,1978809514,"Memories before the State: Postwar Peru and the Place of Memory, Tolerance, and Social Inclusion (Genocide, Political Violence, Human Rights)",Joseph P. Feldman,Kindle,"Aug 13, 2021",
1,https://www.amazon.com/dp/147668491X,147668491X,Thirteen Charges Against Benedict Arnold: The Accusations of Colonel John Brown Prior to the Act of Treason,Ennis Duling,Kindle,"Aug 13, 2021",
0,https://www.amazon.com/dp/1978809646,1978809646,Movie Minorities: Transnational Rights Advocacy and South Korean Cinema,Hye Seung Chung,Kindle,"Aug 13, 2021",
0,https://www.amazon.com/dp/0367751321,0367751321,Contesting Carceral Logic (Routledge Studies in Penal Abolition and Transformative Justice),Michael J Coyle,Kindle,"Aug 13, 2021",
0,https://www.amazon.com/dp/B09CRQ9B5X,B09CRQ9B5X,Composition Notebook: Wide Ruled Paper Notebook Journal |Pink cover full of hearts| Blank Wide Lined Workbook for Girls Boys Kids Teens Students and for Back to School and Home College Writing Notes,Hamza Lichioui,Paperback,"Aug 13, 2021",
0,https://www.amazon.com/dp/B09CGBM7SG,B09CGBM7SG,Northern Mariana Islands Rules of Evidence Handbook with Common Objections & Evidentiary Foundations,John Barkai,Paperback,"Aug 13, 2021",
0,https://www.amazon.com/dp/6203194999,6203194999,GOODS AND SERVICES TAX LAW: A COMPARATIVE STUDY AT GLOBAL LEVEL,CA Vivek Mehta,Paperback,"Aug 13, 2021",
4,https://www.amazon.com/dp/1543820344,1543820344,"National Security Law, Seventh Edition and Counterterrorism Law, Fourth Edition: 2021-2022 Supplement",Stephen Dycus,Paperback,"Aug 13, 2021",
0,https://www.amazon.com/dp/0655449620,0655449620,KYC Second Edition,Gerardus Blokdyk,Paperback,"Aug 13, 2021",
0,https://www.amazon.com/dp/0128221887,0128221887,Environmental Sustainability and Economy,Pardeep Singh,Kindle,"Jul 30, 2021",
1,https://www.amazon.com/dp/1032050276,1032050276,Drone Law and Policy,Anthony A. Tarr,Kindle,"Aug 12, 2021",
3,https://www.amazon.com/dp/1108792715,1108792715,Legal Sabotage (Cambridge Studies in Constitutional Law),Douglas G. Morris,Kindle,"Aug 12, 2021",
5,https://www.amazon.com/dp/1108948634,1108948634,Ruling by Cheating (Cambridge Studies in Constitutional Law),András Sajó,Kindle,"Aug 12, 2021",
1,https://www.amazon.com/dp/1108794882,1108794882,The Intricacies of Dicta and Dissent,Neil Duxbury,Kindle,"Aug 12, 2021",
1,https://www.amazon.com/dp/1108738524,1108738524,The Crime of Aggression under the Rome Statute of the International Criminal Court (Cambridge Studies in International and Comparative Law),Carrie McDougall,Kindle,"Aug 12, 2021",
0,https://www.amazon.com/dp/B09CKWNLYR,B09CKWNLYR,Make Ideas Happen Notary Journal: Make Ideas Happen Notary Journal | A Notary Log Book To Log Records By A Public Notary,Ceylon Designs,Paperback,"Aug 12, 2021",
0,https://www.amazon.com/dp/6204198211,6204198211,Seven Models of the Criminal Process:: Which Interests Compete in the Criminal Process?,Robert Maniragaba,Paperback,"Aug 12, 2021",
0,https://www.amazon.com/dp/0414097904,0414097904,Greens Solicitors Professional Handbook,W.Green,Paperback,"Aug 11, 2021",
0,https://www.amazon.com/dp/0190855487,0190855487,Sampling Politics: Music and the Geocultural,M.I. Franklin,Kindle,"Aug 11, 2021",
0,https://www.amazon.com/dp/1647083494,1647083494,The Impeachments of Donald Trump: An Introduction to Constitutional Interpretation (Coursebook),Victoria Nourse,Paperback,"Aug 10, 2021",
0,https://www.amazon.com/dp/023120079X,023120079X,"Mass Pardons in America: Rebellion, Presidential Amnesty, and Reconciliation",Graham Dodds,Kindle,"Aug 10, 2021",
0,https://www.amazon.com/dp/B09CKCQRNY,B09CKCQRNY,Accounting Ledger book | workbook for accounting: Record ledger book for tracking finances and bookkeeping with personal or small business,manny ros,Paperback,"Aug 10, 2021",
0,https://www.amazon.com/dp/B09CGFPK3D,B09CGFPK3D,"Daily Hourly Planner: Having this Printable Daily Planner With IMPORTANT Time Schedule Organizer, Hourly Planner For School, College, Appointments Notebook Journal Start | Soft-Cover get shit done",Safana Publishing Store,Paperback,"Aug 10, 2021",
2,https://www.amazon.com/dp/B09CCH7KH5,B09CCH7KH5,How To Stay Out of Jail: Advice for BIPOC and The Poor,Dr.  Donald H. Matthews PhD.,Kindle,"Aug 10, 2021",
0,https://www.amazon.com/dp/6204003143,6204003143,Human rights and reality,Martin Gahima,Paperback,"Aug 10, 2021",
0,https://www.amazon.com/dp/6204002627,6204002627,Financing of small and medium-sized enterprises,Oussama MTIOUI MECHKOURI,Paperback,"Aug 10, 2021",
3,https://www.amazon.com/dp/B09F1G1HNJ,B09F1G1HNJ,Little Towns,Cindy Brookshire,Kindle,"Aug 31, 2021",
1,https://www.amazon.com/dp/9657023238,9657023238,Pondering The Past. The Tragic Story of Lithuanian Jewry,Meir Pinsk,Kindle,"Aug 18, 2021",
1,https://www.amazon.com/dp/1913179796,1913179796,Essential Negotiation Skills for Recruiters: Twelve Golden Rules to Transform Your Negotiating Success and Your Income,David McClements,Kindle,"Aug 20, 2021",
1,https://www.amazon.com/dp/1647822769,1647822769,HBR's 10 Must Reads for Executives 8-Volume Collection,Harvard Business Review,Kindle,"Aug 17, 2021",
0,https://www.amazon.com/dp/1737031299,1737031299,You Don't Know What You Don't Know: Building a Million-Dollar Home Staging Business and Selling It for Top Dollar,Steve Denny,Paperback,"Aug 17, 2021",
0,https://www.amazon.com/dp/0648536149,0648536149,Flee the Dragon: Negotiating when all else fails (The Dao of Negotiation: The Path between Eastern strategies and Western minds),Leonie McKeon,Kindle,"Aug 10, 2021",
1,https://www.amazon.com/dp/0645125210,0645125210,The Man Who Defuses Bombs,Ashley Saltzman,Paperback,"Aug 1, 2021",
1,https://www.amazon.com/dp/1954744331,1954744331,The Music Player (Chrissy Mouse's Daddy Died),Mary Degen Heffelfinger,Paperback,"Aug 27, 2021",
1,https://www.amazon.com/dp/B09F1G2NNM,B09F1G2NNM,"Daily gratitude journal kids edition: More than 100 Days of Gratitude Journal Writing for Girls and Boys to practice thankfulness, appreciation, and mindfulness",Homie Daddi Publishing,Paperback,"Aug 27, 2021",
0,https://www.amazon.com/dp/1954744250,1954744250,Playing Catch (Chrissy Mouse's Daddy Died),Mary Degen Heffelfinger,Paperback,"Aug 27, 2021",
1,https://www.amazon.com/dp/1737735806,1737735806,"THE CHILDREN & THE BALL: Translation in Spanish, Chinese, Arabic, Latin French",Mrs. LaTrell Duncan-Fitchett,Kindle,"Aug 27, 2021",
0,https://www.amazon.com/dp/B09F1CZBSY,B09F1CZBSY,"Hello God? It’s Me, Alexa! - Personalized Journal For Kids and Tweens – a place to express emotions, thoughts and spirituality: 120 templated 6X9 pages to write down feelings, gratitude and prayers",Joy Bomb,Paperback,"Aug 26, 2021",
0,https://www.amazon.com/dp/B09F16LDTP,B09F16LDTP,"Hello God? It’s Me, Kylie! - Personalized Journal For Kids and Tweens – a place to express emotions, thoughts and spirituality: 120 templated 6X9 pages to write down feelings, gratitude and prayers",Joy Bomb,Paperback,"Aug 26, 2021",
0,https://www.amazon.com/dp/1484272579,1484272579,Certified Ethical Hacker (CEH) Preparation Guide: Lesson-Based Review of Ethical Hacking and Penetration Testing,Ahmed Sheikh,Kindle,"Aug 28, 2021",
0,https://www.amazon.com/dp/195603224X,195603224X,Autodesk Civil 3D 2022: Autodesk Certified Professional Exam Topics Review (Imperial Units): Autodesk Authorized Publisher,Ascent - Center for Technical Knowledge,Paperback,"Aug 25, 2021",Related to: Autodesk Civil 3D 2022
0,https://www.amazon.com/dp/163057371X,163057371X,Microsoft Word Introduction and Certification Study Guide: Microsoft 365 Apps and Office 2019,Daniel John Stine,Paperback,"Aug 18, 2021",
0,https://www.amazon.com/dp/B09CKP1FM9,B09CKP1FM9,"composition notebook: Coffee Lovers Theme Composition Notebook for Students, Teachers | Coffee Gifts for Coffee Lovers | coffee composition notebook | (6"" x 9"") (130 Pages)",99 Global Store,Paperback,"Aug 11, 2021",
0,https://www.amazon.com/dp/1956032193,1956032193,AutoCAD 2022: Autodesk Certified Professional Exam Topics Review: Autodesk Authorized Publisher,Ascent - Center for Technical Knowledge,Paperback,"Aug 5, 2021",Related to: AutoCAD 2022
4,https://www.amazon.com/dp/0367567962,0367567962,"Cognitive Hack: The New Battleground in Cybersecurity ... the Human Mind (Security, Audit and Leadership Series)",James Bone,Kindle,"Aug 2, 2021",
0,https://www.amazon.com/dp/3030297128,3030297128,Paradigm Shift in Management Philosophy: Future Challenges in Global Organizations,Bharat S. Thakkar,Kindle,"Aug 26, 2021",
0,https://www.amazon.com/dp/1787542025,1787542025,Harnessing the Power of Failure: Using Storytelling and Systems Engineering to Enhance Organizational Learning,John Steven Newman,Kindle,"Aug 26, 2021",
0,https://www.amazon.com/dp/3030307174,3030307174,Tourism Development in Post-Soviet Nations: From Communism to Capitalism,Susan L. Slocum,Kindle,"Aug 26, 2021",
0,https://www.amazon.com/dp/3030140067,3030140067,"Increasing Learning & Development's Impact through Accreditation: How to drive-up training quality, employee satisfaction, and ROI",William J. Rothwell,Kindle,"Aug 26, 2021",
1,https://www.amazon.com/dp/B09FCB4BDJ,B09FCB4BDJ,Make Those New Year's Resolutions Last: Monthly Planner To Track Your Most Ambitious Goals,Trini Mercer,Paperback,"Aug 26, 2021",
0,https://www.amazon.com/dp/9813293993,9813293993,"Accelerators of India's Growth—Industry, Trade and Employment: Festschrift in Honor of Bishwanath Goldar (India Studies in Business and Economics)",Suresh Chand Aggarwal,Kindle,"Aug 26, 2021",
1,https://www.amazon.com/dp/3030288277,3030288277,Making Sense of Joan Robinson on China (Palgrave Studies in the History of Economic Thought),Pervez Tahir,Kindle,"Aug 26, 2021",
0,https://www.amazon.com/dp/3030266869,3030266869,"Transitions and Boundaries in the Coordination and Reform of Health Services: Building Knowledge, Strategy and Leadership (Organizational Behaviour in Healthcare)",Peter Nugus,Kindle,"Aug 26, 2021",
0,https://www.amazon.com/dp/3030220532,3030220532,The Creation of the East Timorese Economy: Volume 2: Birth of a Nation (Palgrave Studies in Economic History),Mats Lundahl,Kindle,"Aug 26, 2021",
3,https://www.amazon.com/dp/1032005165,1032005165,Management Consulting Projects,Ronald Cook,Kindle,"Aug 23, 2021",
0,https://www.amazon.com/dp/B09DMXRFJ6,B09DMXRFJ6,Social Media and Content Creator Planner Post Organizer: Social Media Influencer Planner,Harper Publishing,Paperback,"Aug 22, 2021",
0,https://www.amazon.com/dp/B09DMTLSFP,B09DMTLSFP,Composition NoteBook: Green With Flower Cover composition notebook for writers and students. Floral Cover with Inspirational Quotes on Each Page,OutOfBox Designs,Paperback,"Aug 21, 2021",
0,https://www.amazon.com/dp/B09DJ91LCR,B09DJ91LCR,She Believed She Could So She Did : 2022-2026 five Years Monthly Planner: 60 Month Five Year Planner Monthly Calendar Organizer and Agenda for ... help you achieve your monthly & yearly goals,Alvaro William Stevenson,Hardcover,"Aug 21, 2021",
0,https://www.amazon.com/dp/3030548937,3030548937,"Imperialism and Capitalism, Volume II: Normative Perspectives",Dipak Basu,Kindle,"Aug 19, 2021",
0,https://www.amazon.com/dp/B09DDZDPSR,B09DDZDPSR,Appointment Book,Felix Panainte,Paperback,"Aug 19, 2021",
1,https://www.amazon.com/dp/3030492540,3030492540,Management and War: How Organisations Navigate Conflict and Build Peace,Joanne Murphy,Kindle,"Aug 18, 2021",
0,https://www.amazon.com/dp/B09CRN27JM,B09CRN27JM,"Budget Planner 2022: 12 Months Undated Monthly & Daily Expense Tracker, Bill Organizer & Finance Planner for Tracking Income, Spending, Debts, & Savings | Household Budgeting Journal for 2022",Lilac Label Press,Paperback,"Aug 18, 2021",
0,https://www.amazon.com/dp/9811570604,9811570604,Approaching Business Models from an Economic Perspective II,Wei Wei,Kindle,"Aug 18, 2021",
0,https://www.amazon.com/dp/3658347279,3658347279,"National Development Banks in South America: Governance, Financial Performance and Development Impact (Wirtschaft und Politik)",Raphael Zimmermann Robiatti,Kindle,"Aug 18, 2021",
0,https://www.amazon.com/dp/B09DMTQZ93,B09DMTQZ93,"2022-2023 Monthly Planner: Black And White Doodle Dogs Cover 2 Year Monthly Planner with Inspirational Quotes on Each Page, Calendar Schedule Organizer January to December 2023 With Federal Holidays.",HappiestTimes Press,Paperback,"Aug 17, 2021",
0,https://www.amazon.com/dp/B09DMRJF8P,B09DMRJF8P,"2022-2023 Monthly Planner: Turquoise & Teal Blue Marbled Cover 2 Year Monthly Planner with Inspirational Quotes on Each Page, Calendar Schedule ... to December 2023 With Federal Holidays.",HappiestTimes Press,Paperback,"Aug 17, 2021",
0,https://www.amazon.com/dp/B09CRY3YH2,B09CRY3YH2,"First-line supervisor of non-retail sales workers Notebook: Professional Journal, Office Writing Notebook, Daily Notes & Action Items Notebook, 140 pages, 8.5” x 11”",Travel Publishing,Paperback,"Aug 17, 2021",
0,https://www.amazon.com/dp/334637873X,334637873X,Enhancing Awareness of Digital Tools for Aspiring Entrepreneurs in South Africa: A Case Study of the Nelson Mandela Bay Start-Up Ecosystem,Mareike Hinrichs,Paperback,"Aug 17, 2021",
0,https://www.amazon.com/dp/B09CRQNVLT,B09CRQNVLT,Q3 Notebook: Lined - 120 pages ( 6 x 9 inches),Anthony Feather,Paperback,"Aug 15, 2021",
0,https://www.amazon.com/dp/B09CRKKLDW,B09CRKKLDW,Day Planner - Womens Made to Worship So Will I Praise Faith Christian,MARK PALMER,Paperback,"Aug 15, 2021",
0,https://www.amazon.com/dp/B09CRK992W,B09CRK992W,Day Planner - Womens May Contain Vodka,MARK PALMER,Paperback,"Aug 15, 2021",
1,https://www.amazon.com/dp/981155658X,981155658X,"Sustainable Human Resource Management: Transforming Organizations, Societies and Environment",Sita Vanka,Kindle,"Aug 15, 2021",
0,https://www.amazon.com/dp/B09CRW377Z,B09CRW377Z,"Side Hustle Project Planner: Side hustle, passive income, tracker, journal, log book, notebook for ideas, inspiration, goals. Create Action Plans to ... journal for entrepreneurs and home businesses",Boka's Creative Journaling,Paperback,"Aug 14, 2021",
0,https://www.amazon.com/dp/B09CFVJGYS,B09CFVJGYS,TARGETED MARKETING IN BUSINESS PLAN,MIA GILBERT,Kindle,"Aug 14, 2021",
0,https://www.amazon.com/dp/B09CKP1J11,B09CKP1J11,NOTEBOOK: simple 6 x 9 Grey and Yellow NOTEBOOK with 100 blank lined pages for multiple uses,Spring Bouquet Design,Paperback,"Aug 10, 2021",
0,https://www.amazon.com/dp/B09CC74NSF,B09CC74NSF,Day Planner - Born To Be A Stay At Home Cat Mom Forced To Work Nurse Rn,MAJOR REED,Paperback,"Aug 8, 2021",
0,https://www.amazon.com/dp/B09C18ZSJH,B09C18ZSJH,Day Planner - Grow Positive Thoughts Mental Health Matters,JOHN KING,Paperback,"Aug 6, 2021",
0,https://www.amazon.com/dp/B09BZZWXB2,B09BZZWXB2,"Day Planner: Today Goal, Keep The Tiny Humans Alive",LASHAUNDA MITCHELL,Paperback,"Aug 6, 2021",
0,https://www.amazon.com/dp/3030408485,3030408485,Change Leadership in Emerging Markets: The Ten Enablers Model (Future of Business and Finance),Caren Brenda Scheepers,Kindle,"Aug 5, 2021",
0,https://www.amazon.com/dp/B09C3D54Q1,B09C3D54Q1,Day Planner | Just Married 40 Years Ago Funny 40th Wedding Anniversary,ERNIE GARCIA,Paperback,"Aug 5, 2021",
0,https://www.amazon.com/dp/B09BZPPS6N,B09BZPPS6N,Day Planner | Just A Girl Who Loves Dragonflies Entomologist Gift,ERNIE GARCIA,Paperback,"Aug 5, 2021",
0,https://www.amazon.com/dp/B09BZK94HX,B09BZK94HX,Day Planner | Kids Space Rocket Plane Stars 5 Years Old Born 2015 Classic Boys,ERNIE GARCIA,Paperback,"Aug 5, 2021",
0,https://www.amazon.com/dp/B09BZFVM47,B09BZFVM47,Day Planner - Fathers Day Dad Spelled Out With Tools BBQ Pit Spatula,CRYSTAL CHRISTIANSEN,Paperback,"Aug 5, 2021",
0,https://www.amazon.com/dp/B09BYN42BZ,B09BYN42BZ,Day Planner | Positive Message Be You Believe In Yourself Quote Sayings,JOSIE BARTHLOW,Paperback,"Aug 5, 2021",
0,https://www.amazon.com/dp/B09BYDSXT5,B09BYDSXT5,Day Planner: Live a Great Story Inspirational Positive,JEREMEY WELLING,Paperback,"Aug 5, 2021",
0,https://www.amazon.com/dp/B09BY853VK,B09BY853VK,Day Planner - Cool Smile Quote Share Happiness and Celebrates Diversity,JANET LAMPART,Paperback,"Aug 5, 2021",
0,https://www.amazon.com/dp/B09BY853M2,B09BY853M2,"My Journal I am That B*itch: 6x9 in, 200 Pages, Squared Line, Basic Minimal Notetaking",Vintage Planner Gift,Paperback,"Aug 5, 2021",
0,https://www.amazon.com/dp/3030488594,3030488594,Moral Blindness in Business: A Social Theory of Evil in Organizations and Institutions,Jacob Dahl Rendtorff,Kindle,"Aug 5, 2021",
2,https://www.amazon.com/dp/1637420846,1637420846,Successfully Achieving Strategy Through Effective Portfolio Management (Issn),Frank R. Parth,Kindle,"Aug 5, 2021",
0,https://www.amazon.com/dp/B09BYN39DQ,B09BYN39DQ,"Diary 2022: Little Yellow Diary 8 x 5 Inches Carry Bag Size Annual Week To View Diary With Additional Monthly Planner, 2023 Annual Planner, Birthday Reminder List And Travel Planner.",Gatto Nero Publishing,Hardcover,"Aug 4, 2021",
0,https://www.amazon.com/dp/B09BY84ZS4,B09BY84ZS4,Evil Plans and Stuff | Journal | Note book | Paperback | Lined | 120 Page | 5 x 8 | Gift | Funny,Number 3,Paperback,"Aug 4, 2021",
0,https://www.amazon.com/dp/9264599541,9264599541,Perspectives on Global Development 2021: From Protest to Progress?,Organisation for Economic Co-operation and Development,Paperback,"Aug 4, 2021",
0,https://www.amazon.com/dp/1032055669,1032055669,Putting Universities in their Place: An Evidence-based Approach to Understanding the Contribution of Higher Education to Local and Regional Development (Regional Studies Policy Impact Books),Louise Kempton,Kindle,"Aug 4, 2021",
0,https://www.amazon.com/dp/B09BYPQRVW,B09BYPQRVW,Day Planner - Womens Never Stand Between A Girl And Her German Shepherd Mom,MARK PALMER,Paperback,"Aug 3, 2021",
0,https://www.amazon.com/dp/B09BYDSQHD,B09BYDSQHD,Day Planner - Womens Positive Vibes Only Fertility IVF IUI Infertility Mom,JUNIOR JEAN,Paperback,"Aug 3, 2021",
0,https://www.amazon.com/dp/1032082089,1032082089,Microbial Electrochemical Technologies,Sonia M. Tiquia-Arashiro,Kindle,"Aug 2, 2021",
3,https://www.amazon.com/dp/3110665115,3110665115,Innovation and Collaboration in the Digital Era: The Role of Emotional Intelligence for Innovation Leadership and Collaborative Innovation (De Gruyter Business & Economics),Jara Pascual,Kindle,"Aug 2, 2021",
5,https://www.amazon.com/dp/9391266002,9391266002,9 Mistakes Every Torch Distributor Must Avoid: Shocking.... Distributors are Losing up to 37% Profit & They don't Even Know that.,Sachin Gupta,Kindle,"Aug 2, 2021",
0,https://www.amazon.com/dp/9264911340,9264911340,Revenue Statistics in Asia and the Pacific 2021: Emerging Challenges for the Asia-Pacific Region in the COVID-19 Era,Organisation for Economic Co-operation and Development,Paperback,"Aug 2, 2021",
0,https://www.amazon.com/dp/9264880038,9264880038,Global State of National Urban Policy 2021: Achieving Sustainable Development Goals and Delivering Climate Action,Organisation for Economic Co-operation and Development,Paperback,"Aug 2, 2021",
0,https://www.amazon.com/dp/8323348456,8323348456,"The Future of Management: Volume One: Entrepreneurship, Change, and Flexibility",Bogdan Nogalski,Paperback,"Aug 2, 2021",
0,https://www.amazon.com/dp/1799877175,1799877175,Using Strategy Analytics to Measure Corporate Performance and Business Value Creation,Sandeep Kautish,Hardcover,"Aug 2, 2021",
0,https://www.amazon.com/dp/B09DMR951K,B09DMR951K,Order Log Book: Simple Minimalist Order Tracker,Blue Grid Publishing,Paperback,"Aug 21, 2021",
0,https://www.amazon.com/dp/B09DFD9CSG,B09DFD9CSG,"Forklift Daily Inspection Checklist Log Book: Inspection Record Log Book and Safety Checks for Forklift Drivers ( 200Pages - 6""x9"" )",AllYuss Testers,Paperback,"Aug 19, 2021",
3,https://www.amazon.com/dp/1032035315,1032035315,Theories of Workplace Learning in Changing Times (Routledge Psychology in Education),Filip Dochy,Hardcover,"Aug 26, 2021",
0,https://www.amazon.com/dp/173744870X,173744870X,Redefining Leadership: A Practitioner's Guide,Philip Cole,Paperback,"Aug 9, 2021",
0,https://www.amazon.com/dp/1637420463,1637420463,Rain Maker Pro: A Manager’s Guide for Training Salespeople (Issn),Clifton Warren,Kindle,"Aug 4, 2021",
0,https://www.amazon.com/dp/334644404X,334644404X,Amazon's Marketing Strategies. Execution Of Its Marketing Programmes Online,Newman Enyioko,Paperback,"Aug 31, 2021",
0,https://www.amazon.com/dp/3346415635,3346415635,The Sharing Economy. Airbnb and Uber as Business Models,Felix Lesch,Paperback,"Aug 31, 2021",
0,https://www.amazon.com/dp/1737859106,1737859106,Making Your Phone Ring with Internet Marketing for Cemeteries,Welton Hong,Kindle,"Aug 29, 2021",
0,https://www.amazon.com/dp/B09DMP7ZJZ,B09DMP7ZJZ,Social Media Planner: Content Marketing Notebook,Moonblade Designs,Paperback,"Aug 23, 2021",
4,https://www.amazon.com/dp/B09CGKTM9B,B09CGKTM9B,Social Media Marketing Methods to Grow Your Business: Learn to use social media for marketing income,Marco Brown,Paperback,"Aug 10, 2021",
0,https://www.amazon.com/dp/B09CTT1Q8T,B09CTT1Q8T,KDP Keyword Research Log Book: A research tool for low content publishers,Blue  Palm Publications,Paperback,"Aug 18, 2021",
0,https://www.amazon.com/dp/B09CC7K3MR,B09CC7K3MR,"F.I.R.E. Financial Independence Retire Early:Track your monthly Debt and budget to achieve your goals: Monthly Bill Organizer, Expense Tracker",Sarah Marie,Paperback,"Aug 7, 2021",
1,https://www.amazon.com/dp/026254248X,026254248X,Good Ethics and Bad Choices: The Relevance of Behavioral Economics for Medical Ethics (Basic Bioethics),Jennifer S. Blumenthal-Barby,Kindle,"Aug 3, 2021",
0,https://www.amazon.com/dp/B09HZ3QKK3,B09HZ3QKK3,Marketing Experience Management: The theory and practice of the Customer Experience,James Seligman,Kindle,"Aug 31, 2021",
0,https://www.amazon.com/dp/B09CLMV692,B09CLMV692,Unlocking the Secrets of Entrepreneurship and Wealth Creation Using African Indigenous Wisdom: -,Emmanuel Danstan  Chinunda,Kindle,"Aug 12, 2021",
3,https://www.amazon.com/dp/B09CGDS6CF,B09CGDS6CF,Digital Customer Experience Engineering: Strategies for Creating Effective Digital Experiences,Lars Wiedenhoefer,Kindle,"Aug 11, 2021",
2,https://www.amazon.com/dp/B092FM8YK4,B092FM8YK4,Fast Fulfillment: The Machine That Changed Retailing (ISSN),Sanchoy Das,Kindle,"Aug 9, 2021",
0,https://www.amazon.com/dp/B094MMSV3G,B094MMSV3G,Multiply Your Business Value Through Brand & AI (ISSN),Rajan Narayan,Kindle,"Aug 5, 2021",
4,https://www.amazon.com/dp/B09F5MR6FG,B09F5MR6FG,Understanding Anger During Bereavement,Bob Baugher,Kindle,"Aug 31, 2021",
2,https://www.amazon.com/dp/B09F6PVQTR,B09F6PVQTR,"APHRODISIAC FOR INCREASE IN LIBIDO: The Effective Guide On Aphrodisiacs To Increase Your Testosterone Level, Sex Drive & Improves Sexual Performance",THEO WILLIAMS MD,Kindle,"Aug 31, 2021",
1,https://www.amazon.com/dp/B09F5N3B89,B09F5N3B89,No Carb Recipes That Will Take Your Diet Through a Lift!!: Do You Want to Kick Away Carbs from Your Diet? This Recipe Book is The Right Tool for You!,Keanu Wood,Kindle,"Aug 31, 2021",
0,https://www.amazon.com/dp/B09F5Q1HJ2,B09F5Q1HJ2,Quick Pot Cookbook for Busy People: Prepare Easy and Quick Recipes for the Whole Family,Valeria Ray,Kindle,"Aug 31, 2021",
3,https://www.amazon.com/dp/B09F6X52GV,B09F6X52GV,Japanese Cookbook: Traditional Food From Japan In 80 Recipes,Yoko Rice,Kindle,"Aug 31, 2021",
1,https://www.amazon.com/dp/B09FSRZXP2,B09FSRZXP2,Skyhook: My Vietnam Experience,R. Carel Byrd,Kindle,"Aug 30, 2021",
2,https://www.amazon.com/dp/B09DQ83272,B09DQ83272,Postwar Journeys: American and Vietnamese Transnational Peace Efforts since 1975,Hang Thi Thu Le-Tormala,Kindle,"Aug 27, 2021",
0,https://www.amazon.com/dp/B09D9SYKS5,B09D9SYKS5,"Vietnam Voices: Stories of Tennesseans Who Served in Vietnam, 1965-1975 (volume 3)",Jim Stovall,Kindle,"Aug 20, 2021",
2,https://www.amazon.com/dp/B09H2BMG7N,B09H2BMG7N,"Lyndon Johnson, Vietnam, and the Presidency: The Speech of March 31, 1968 (Kenneth E. Montague Presidential Rhetoric Series)",David Zarefsky,Kindle,"March 31, 1968",
2,https://www.amazon.com/dp/B09F6XY9KB,B09F6XY9KB,GUIDE ON HYDRAULIC SYSTEM: The Effective Guide On Hydraulic Engineering System And Hydrology,THEO WILLIAMS MD,Kindle,"Aug 31, 2021",
4,https://www.amazon.com/dp/B08LDY3JBB,B08LDY3JBB,"How Pi Can Save Your Life: Using Math to Survive Plane Crashes, Zombie Attacks, Alien Encounters, and Other Improbable Real-World Situations",Chris Waring,Kindle,"Aug 31, 2021",
0,https://www.amazon.com/dp/B09FKMXCJF,B09FKMXCJF,"Pearls and Pebbles; or, Notes of an Old Naturalist: Enriched edition. Reverence for Nature in 19th Century Canada",Catharine Parr Traill,Kindle,"Aug 31, 2021",
1,https://www.amazon.com/dp/B09FZ87FTN,B09FZ87FTN,Demographic Methods across the Tree of Life,Roberto Salguero-Gomez,Kindle,"Aug 31, 2021",
0,https://www.amazon.com/dp/B08S749DHN,B08S749DHN,Ivan the Terrible in Russian Historical Memory since 1991,Charles J. Halperin,Kindle,"Oct 12, 2021",
2,https://www.amazon.com/dp/B09F5JJFFM,B09F5JJFFM,Queering Asylum in Europe: Legal and Social Experiences of Seeking International Protection on grounds of Sexual Orientation and Gender Identity (IMISCOE Research Series),Carmelo Danisi,Kindle,"Aug 31, 2021",
3,https://www.amazon.com/dp/B09DXRM35L,B09DXRM35L,"Insurance Evolved: INSURANCE 2025 (The Insurance Ambassador - musings, thoughts, predictions & stories from 30 years in insurance.)",Jeff Arnold,Kindle,"Aug 29, 2021",
0,https://www.amazon.com/dp/B09DL9P7QC,B09DL9P7QC,Stock Investment For Smart Millennials: How To Make Smart Investments And Buy Only The Necessary For You: Investing Guide For Millennials,Cristobal Macvicar,Kindle,"Aug 24, 2021",
0,https://www.amazon.com/dp/B09DL8DSG2,B09DL8DSG2,Millennials As Entrepreneurs: Attaining The Comfortable Lifestyle And The Financial Stability Money: Guide To Succeed In Your Financial Life,Chasidy Holtmeier,Kindle,"Aug 24, 2021",
0,https://www.amazon.com/dp/B09DL7RDQ1,B09DL7RDQ1,Learning The Language Of Money: Guide To Help Succeed Financially And Achieving Your Life Goals: Multiple Investing Techniques Advocated By The Billionaire Investors,Luciano Thiemann,Kindle,"Aug 24, 2021",
0,https://www.amazon.com/dp/B09DL5NKG9,B09DL5NKG9,Financial Freedom: Act And Start Managing Your Money To Get Moving Towards Financial Success: Guide To Key Aspects Of Money Management,Monty Troiano,Kindle,"Aug 24, 2021",
0,https://www.amazon.com/dp/B09DK147VJ,B09DK147VJ,Savings And Stocks: Guide To Success In Stock Investing For The Everyday Millennial: The Millennial Guide To Success In Stock Investing,Numbers Eld,Kindle,"Aug 24, 2021",
1,https://www.amazon.com/dp/B09DJYDBSJ,B09DJYDBSJ,Stock Market For Beginners: Advice And Guidelines That Teach You Smart Shopping And Smart Saving: Millennial Investing Book,Kelly Ponds,Kindle,"Aug 24, 2021",
0,https://www.amazon.com/dp/B09D8NRJR4,B09D8NRJR4,Business Owner Insurance,RM SARAVANAN,Kindle,"Aug 19, 2021",
0,https://www.amazon.com/dp/B09DK5HY9G,B09DK5HY9G,"Insurance Planning Models: Price Competition And Regulation Of Financial Stability (Advances In Statistics, Probability And Actuarial Science Book 2)",Vsevolod Malinovskii,Kindle,"Aug 13, 2021",
0,https://www.amazon.com/dp/B09BP7GPD7,B09BP7GPD7,"Tech Enabled, Tech Forward or Tech Shackled: Which are You ?",Jeff Arnold,Kindle,"Aug 1, 2021",
0,https://www.amazon.com/dp/B09F6LB63M,B09F6LB63M,"Respond, Recover & Re-Imagine: Leading IN, ON and OUT of Crises",Charlotte Gobillot,Kindle,"Aug 31, 2021",
4,https://www.amazon.com/dp/B09F9Y4NJM,B09F9Y4NJM,"Spices, Scents and Silk: Catalysts of World Trade",James F. Hancock,Kindle,"Aug 31, 2021",
0,https://www.amazon.com/dp/B09FSS8WNN,B09FSS8WNN,Managing Kingdom Business_2: Elements of Project Management,Olajumoke Olumide,Kindle,"Aug 31, 2021",
0,https://www.amazon.com/dp/B09FK9K3LH,B09FK9K3LH,Hervey Willetts: Enriched edition.,Percy Keese Fitzhugh,Kindle,"Aug 31, 2021",
3,https://www.amazon.com/dp/B09FKPP1L8,B09FKPP1L8,Fairy Tales from the Swedish of Baron G. Djurklou: Enchanting tales of Swedish folklore and whimsical adventures,"Baron Djurklou, Nils Gabriel",Kindle,"Aug 31, 2021",
2,https://www.amazon.com/dp/B09FKRCXTC,B09FKRCXTC,Ruth Fielding Treasure Hunting: Enriched edition. Unveiling Mysteries: A Ruth Fielding Adventure,W. Bert Foster,Kindle,"Aug 31, 2021",
2,https://www.amazon.com/dp/B09F687FN1,B09F687FN1,Shapes: Early Maths Book for Children from 3 to 8 (Toshiko Learns),Camelia Lazar,Kindle,"Aug 31, 2021",
1,https://www.amazon.com/dp/B09F6WFN21,B09F6WFN21,"Clothes: First Words, ESL Book for Beginners (Toshiko Learns)",Camelia Lazar,Kindle,"Aug 31, 2021",
4,https://www.amazon.com/dp/B09F6WHLRY,B09F6WHLRY,Choose The Right Motorcycle for 'YOU': A Guide for New and Returning Riders,Mo Maduro,Kindle,"Aug 31, 2021",
0,https://www.amazon.com/dp/B09F6Y3CT5,B09F6Y3CT5,Underground Utilities for Construction Practitioners and Homeowners,Ahmed Al-Bayati,Kindle,"Aug 31, 2021",
0,https://www.amazon.com/dp/B0CKDXMVMB,B0CKDXMVMB,Wordpress Benefits and Harms: Wordpress Benefits and Harms,Mayfair Digital Agency,Kindle,"Aug 31, 2021",
1,https://www.amazon.com/dp/B09F6PKF8X,B09F6PKF8X,The WordPress Professional: A Roadmap for the Successful WordPress Freelancer,Sol Barrera Watters,Kindle,"Aug 31, 2021",
0,https://www.amazon.com/dp/B09F5WF4D7,B09F5WF4D7,"Transactions on Large-Scale Data- and Knowledge-Centered Systems XLIX: Special Issue on Data Management – Principles, Technologies and Applications (Lecture Notes in Computer Science Book 12920)",Abdelkader Hameurlain,Kindle,"Aug 31, 2021",
2,https://www.amazon.com/dp/B09JGKVGY4,B09JGKVGY4,Pandas Brain Teasers: Exercise Your Mind,Miki Tebeka,Kindle,"Sep 16, 2021",
0,https://www.amazon.com/dp/B09J6G8B9B,B09J6G8B9B,Online Entrepreneur: A great idea will not necessarily generate a great outcome,Lydia Laga,Kindle,"Aug 30, 2021",
0,https://www.amazon.com/dp/B09F3RQZ4T,B09F3RQZ4T,MASTER SEO - THE BASICS: How to 10X Your Reach With Organic Traffic,Ruben Santiago,Kindle,"Aug 30, 2021",
0,https://www.amazon.com/dp/B09F3QFSVS,B09F3QFSVS,"How To Publish Your Website For $25 Or Less!!: Get Your Domain, Start Your Website Cheap!",Nancy Greene,Kindle,"Aug 30, 2021",
0,https://www.amazon.com/dp/B09F2PJ9VW,B09F2PJ9VW,7 Mistakes To Avoid If You Want A Successful Online Business,Zeppamor LLC,Kindle,"Aug 30, 2021",
0,https://www.amazon.com/dp/B09F2GZSSM,B09F2GZSSM,How to Make Data Work Harder for You: A Playbook for Google Analytics,Amir Marvian,Kindle,"Aug 30, 2021",
0,https://www.amazon.com/dp/B09HY5ZLZ9,B09HY5ZLZ9,Resume Tips: For Securing The Ideal Career,Enya Williams,Kindle,"Aug 29, 2021",
0,https://www.amazon.com/dp/B09DHL23Y9,B09DHL23Y9,The Job Search Bible: Early Careers Edition,Matthew Sedgwick,Kindle,"Aug 23, 2021",
0,https://www.amazon.com/dp/B09DF9GGHW,B09DF9GGHW,Your Next Job: Faster: The Ultimate Insider's Guide to Beating the Competition and Landing Your Dream Job,Undercover Recruiter,Kindle,"Aug 22, 2021",
0,https://www.amazon.com/dp/B09DC5S7LK,B09DC5S7LK,Congratulations! Welcome Onboard: Revealing The Secrets of Fleeting Through The Interviews,PULKIT HASIJA,Kindle,"Aug 22, 2021",
0,https://www.amazon.com/dp/B09CYFT2GZ,B09CYFT2GZ,Executing a Successful Career Change,Patrick Franzen,Kindle,"Aug 17, 2021",
0,https://www.amazon.com/dp/B09CYBKC33,B09CYBKC33,The Hiring Process: Learn How to Secure New Employment,Patrick Franzen,Kindle,"Aug 17, 2021",
0,https://www.amazon.com/dp/B09CSJYKKX,B09CSJYKKX,Career Success 360: Built From The Ground Up,Patrick Franzen,Kindle,"Aug 15, 2021",
0,https://www.amazon.com/dp/B09CSJ6L6M,B09CSJ6L6M,Executive Career Success: Built From The Ground Up,Patrick Franzen,Kindle,"Aug 15, 2021",
1,https://www.amazon.com/dp/B09BJQ3V4G,B09BJQ3V4G,Now What? Managing a Sudden Career Transition,Annella Metoyer,Kindle,"Aug 6, 2021",
0,https://www.amazon.com/dp/B09F7M1BSW,B09F7M1BSW,Live in Momentum Journal: 90 Days to a Prosperous and Exciting New Venture,Ann McDonald,Kindle,"Aug 31, 2021",
0,https://www.amazon.com/dp/B09F6YW8N1,B09F6YW8N1,The Secret to Marketing to Women,shishir sharma,Kindle,"Aug 31, 2021",
0,https://www.amazon.com/dp/B09F62GJNB,B09F62GJNB,"SIMPLE GUIDES TO RICHES: The more taught, gifted, experienced, and associated you are, the more important chances you will get in simplifying path to greatness and wealth",Mark J.  Donaldson,Kindle,"Aug 31, 2021",
2,https://www.amazon.com/dp/B0933NC21J,B0933NC21J,Ethical Journalism: Adopting the Ethics of Care,Joe Mathewson,Kindle,"Aug 30, 2021",
2,https://www.amazon.com/dp/B09F54Z9FP,B09F54Z9FP,"21 MUST DO'S For Women in Business to Close Sales: Mindset, Strategies, and Practical Tips to Empower you to Live your Life by Design",Rosalind Henderson,Kindle,"Aug 30, 2021",
1,https://www.amazon.com/dp/B09F3VM9KV,B09F3VM9KV,The Ten Essential KPI's for the Contact Centre,Chris Gage,Kindle,"Aug 30, 2021",
0,https://www.amazon.com/dp/B09F3VK24F,B09F3VK24F,Truly Human Employee: A Story of How A Caring Employee Influences A Difficult Boss To Build a Caring Business,Oladimeji Olutimehin,Kindle,"Aug 30, 2021",
0,https://www.amazon.com/dp/B09F3TG1FW,B09F3TG1FW,CORPORATE CULTURE: HOW SHAPING THE RIGHT CULTURE CREATES A WINNING BUSINESS,EMILY A.  GEORGIADES,Kindle,"Aug 30, 2021",
0,https://www.amazon.com/dp/B09FKQN3F1,B09FKQN3F1,Whistling as an Art: Enriched edition. Exploring the Art of Whistling: A Cultural Journey through Vocal Technique and Creative Expression,Agnes Woodward,Kindle,"Aug 31, 2021",
0,https://www.amazon.com/dp/B09F6YX515,B09F6YX515,Deck the Halls I 1 Piano 4 Hands I Popular Christmas Carol Duet: Easy Piano Keyboard Sheet Music for Beginners Kids Adults I Popular Christmas Song I Video Tutorial I Guitar Chords I Lyrics,Alicja Urbanowicz,Kindle,"Aug 31, 2021",
2,https://www.amazon.com/dp/B094QKP993,B094QKP993,Music as Philosophy: Adorno and Beethoven's Late Style (Musical Meaning and Interpretation),Michael Spitzer,Kindle,"Aug 31, 2021",
0,https://www.amazon.com/dp/B0C4PTHNH8,B0C4PTHNH8,Awakening of Islamic Pop Music,Jonas Otterbeck,Kindle,"Aug 31, 2021",
0,https://www.amazon.com/dp/B09FKHHD73,B09FKHHD73,Shakespearean Music in the Plays and Early Operas: Exploring Musical Motifs in Shakespearean Drama,Frederick Bridge,Kindle,"Aug 31, 2021",
2,https://www.amazon.com/dp/B09RN76NBY,B09RN76NBY,Introductory Guideline for Using Twilio Programmable Messaging and Programmable Voice Services,Dr. Hidaia Mahmood Alassouli,Kindle,"Aug 31, 2021",
1,https://www.amazon.com/dp/B09FKR9NX6,B09FKR9NX6,Forty Years of Song: Enriched edition. A Legacy of Operatic Excellence: Celebrating Emma Albani's Musical Mastery,Emma Albani,Kindle,"Aug 31, 2021",
0,https://www.amazon.com/dp/B09F73JRWY,B09F73JRWY,All Is Silent,William Suit,Kindle,"Aug 31, 2021",
0,https://www.amazon.com/dp/B09F6WJK2Q,B09F6WJK2Q,Playing In The Flats: Serenade,Michael Adamczyk,Kindle,"Aug 31, 2021",
0,https://www.amazon.com/dp/B09F6RDMBD,B09F6RDMBD,Mini-method for brass: Treble clef version: Book 3,Jon Gorrie,Kindle,"Aug 31, 2021",
0,https://www.amazon.com/dp/B0933PX24L,B0933PX24L,Global Jazz: A Research and Information Guide (Routledge Music Bibliographies),Clarence Bernard Henry,Kindle,"Aug 30, 2021",
0,https://www.amazon.com/dp/B0FP1GLCNJ,B0FP1GLCNJ,"Música Latina, Book 2 Sheet Music",Wynn-Anne Rossi,Kindle,"Aug 28, 2025",
0,https://www.amazon.com/dp/B0FP1FMVTS,B0FP1FMVTS,"Música Latina para dos, Book 1 Sheet Music",Wynn-Anne Rossi,Kindle,"Aug 28, 2025",
0,https://www.amazon.com/dp/B0FP197KCG,B0FP197KCG,"Música Latina, Book 1 Sheet Music",Wynn-Anne Rossi,Kindle,"Aug 28, 2025",
0,https://www.amazon.com/dp/B0FP13NK7B,B0FP13NK7B,"Música Latina para dos, Book 2 Sheet Music",Wynn-Anne Rossi,Kindle,"Aug 28, 2025",
0,https://www.amazon.com/dp/B0B62235LL,B0B62235LL,"Living Song: Singing, Spirituality, and Wellbeing",Karin Hendricks,Kindle,"Aug 30, 2021",
0,https://www.amazon.com/dp/B09F3RQZDT,B09F3RQZDT,PIANO ROLL SCORE Mozart Piano Sonata No.16 K.545 3rd mov. Rondo,Ryoichi Ishii,Kindle,"Aug 30, 2021",
1,https://www.amazon.com/dp/B09F2FB2DF,B09F2FB2DF,T.U.G. The Underachiever's Guide Guitar,Knappdawg 2GV,Kindle,"Aug 30, 2021",
0,https://www.amazon.com/dp/B099C4QY52,B099C4QY52,Songs for Collective worship,P.A. Pennant,Kindle,"Aug 30, 2021",
5,https://www.amazon.com/dp/B09F182SGH,B09F182SGH,Guitalele Songbook for Beginners - 100 Timeless Folk and Children Songs with Tabs and Chords,Peter Upclaire,Kindle,"Aug 29, 2021",
1,https://www.amazon.com/dp/B09DYFDB9M,B09DYFDB9M,What Child Is This I Greensleeves I 4 Hands Christmas Carol Easy Piano Duet Sheet Music for Beginners and Intermediate Pianists Kids Adults: How to Play Piano Keyboard I Popular Christmas Song,Alicja Urbanowicz,Kindle,"Aug 29, 2021",
4,https://www.amazon.com/dp/B09F1LC3NM,B09F1LC3NM,3 Chord Ukulele Songbook - 50 Timeless Children Songs with Tabs and Chords,Peter Upclaire,Kindle,"Aug 29, 2021",
0,https://www.amazon.com/dp/B0FP1D1NV1,B0FP1D1NV1,"Jazzin' Americana for Two, Book 3 Sheet Music",Wynn-Anne Rossi,Kindle,"Aug 28, 2025",
0,https://www.amazon.com/dp/B0FP1B7771,B0FP1B7771,"Jazzin' Americana for Two, Book 1 Sheet Music",Wynn-Anne Rossi,Kindle,"Aug 28, 2025",
0,https://www.amazon.com/dp/B0FP19RNB2,B0FP19RNB2,"Jazzin' Americana for Two, Book 2 Sheet Music",Wynn-Anne Rossi,Kindle,"Aug 28, 2025",
0,https://www.amazon.com/dp/B0FP13NK6R,B0FP13NK6R,"Jazzin' Americana for Two, Book 4 Sheet Music",Wynn-Anne Rossi,Kindle,"Aug 28, 2025",
0,https://www.amazon.com/dp/B0F1XG1BHD,B0F1XG1BHD,Hancock Rock Sheet Music,Wynn-Anne Rossi,Kindle,"Jul 17, 2025",
0,https://www.amazon.com/dp/B0F1X9RXTG,B0F1X9RXTG,Hymn to Friendship Sheet Music,Wynn-Anne Rossi,Kindle,"Jul 17, 2025",
0,https://www.amazon.com/dp/B0F1X5PZLC,B0F1X5PZLC,Fountains of Jazz Sheet Music,Wynn-Anne Rossi,Kindle,"Jul 17, 2025",
0,https://www.amazon.com/dp/B0F1X41K4T,B0F1X41K4T,Heartbreaker Sheet Music,Wynn-Anne Rossi,Kindle,"Jul 17, 2025",
0,https://www.amazon.com/dp/B0F1WZPMQG,B0F1WZPMQG,Waltz for Sarah Sheet Music,Wynn-Anne Rossi,Kindle,"Jul 17, 2025",
0,https://www.amazon.com/dp/B0F1WZB2F7,B0F1WZB2F7,Fusion Reaction Sheet Music,Wynn-Anne Rossi,Kindle,"Jul 17, 2025",
0,https://www.amazon.com/dp/B0F1WW16M8,B0F1WW16M8,Southpaw Spirit Sheet Music,Wynn-Anne Rossi,Kindle,"Jul 17, 2025",
0,https://www.amazon.com/dp/B0F1WDQ4YF,B0F1WDQ4YF,Hot Jazz at the Green Mill Sheet Music,Wynn-Anne Rossi,Kindle,"Jul 17, 2025",
0,https://www.amazon.com/dp/B0F1WB8Q9B,B0F1WB8Q9B,Wailin' in the Doghouse Sheet Music,Wynn-Anne Rossi,Kindle,"Jul 17, 2025",
0,https://www.amazon.com/dp/B0F1VV7GVV,B0F1VV7GVV,Buddy Boobop Sheet Music,Wynn-Anne Rossi,Kindle,"Jul 17, 2025",
0,https://www.amazon.com/dp/B0F1VBXKJZ,B0F1VBXKJZ,Pioneer Rag Sheet Music,Wynn-Anne Rossi,Kindle,"Jul 17, 2025",
0,https://www.amazon.com/dp/B0F1V7K5WP,B0F1V7K5WP,Welcome to the Savoy Sheet Music,Wynn-Anne Rossi,Kindle,"Jul 17, 2025",
0,https://www.amazon.com/dp/B0F1V5JPDZ,B0F1V5JPDZ,Royal Blue for Mary Lou Sheet Music,Wynn-Anne Rossi,Kindle,"Jul 17, 2025",
0,https://www.amazon.com/dp/B0F1V3LBNY,B0F1V3LBNY,Trailblazer Sheet Music,Wynn-Anne Rossi,Kindle,"Jul 17, 2025",
0,https://www.amazon.com/dp/B0F1V364S6,B0F1V364S6,Waltzing Impressions Sheet Music,Wynn-Anne Rossi,Kindle,"Jul 17, 2025",
0,https://www.amazon.com/dp/B0F1V1458N,B0F1V1458N,Mobster Birthday in Stride Sheet Music,Wynn-Anne Rossi,Kindle,"Jul 17, 2025",
0,https://www.amazon.com/dp/B0F1TYKRXY,B0F1TYKRXY,Crazy Chops Sheet Music,Wynn-Anne Rossi,Kindle,"Jul 17, 2025",
0,https://www.amazon.com/dp/B0F1TY9PG2,B0F1TY9PG2,La Belle Seine Sheet Music,Wynn-Anne Rossi,Kindle,"Jul 17, 2025",
0,https://www.amazon.com/dp/B0F1TXGZBS,B0F1TXGZBS,Riptide Sheet Music,Wynn-Anne Rossi,Kindle,"Jul 17, 2025",
0,https://www.amazon.com/dp/B0F1TXBDWZ,B0F1TXBDWZ,Struttin' Down Frenchmen Street Sheet Music,Wynn-Anne Rossi,Kindle,"Jul 17, 2025",
2,https://www.amazon.com/dp/B09F1XYNGC,B09F1XYNGC,How to Write Good Songs and Promote Them,Gini Graham Scott,Kindle,"Aug 29, 2021",
1,https://www.amazon.com/dp/B09F1JBVLZ,B09F1JBVLZ,Things I wish I knew when I started learning violin As ADULT BEGINNER,Rhett Valda,Kindle,"Aug 29, 2021",
0,https://www.amazon.com/dp/B09F11VPHD,B09F11VPHD,Mini-method for brass: Treble clef version: Book 2,Jon Gorrie,Kindle,"Aug 29, 2021",
0,https://www.amazon.com/dp/B09DY1MMZ1,B09DY1MMZ1,I LOVE MUSIC,Cynthia Augustin,Kindle,"Aug 29, 2021",
2,https://www.amazon.com/dp/B09DX94FDW,B09DX94FDW,Shaun Ryder’s Book of Mumbo Jumbo,Richard  Houghton,Kindle,"Aug 28, 2021",
1,https://www.amazon.com/dp/B094DYDZPP,B094DYDZPP,"On the Cantatas of J.S. Bach: Advent, Christmas, New Year (The Bach Cantatas Book 4)",Hendrik Slegtenhorst,Kindle,"Aug 28, 2021",
0,https://www.amazon.com/dp/B09DXJ5N3S,B09DXJ5N3S,PIANO ROLL SCORE Mozart Piano Sonata No.16 K.545 2nd mov. Andante,Ryoichi Ishii,Kindle,"Aug 28, 2021",
2,https://www.amazon.com/dp/B09DXGGDZ6,B09DXGGDZ6,Tales of Opera : Waterloo County/Region 1885-2020,Paul Langan,Kindle,"Aug 28, 2021",
4,https://www.amazon.com/dp/B09DXBVGR8,B09DXBVGR8,Candycane Alley,Stevie  ZeSuicide,Kindle,"Aug 28, 2021",
2,https://www.amazon.com/dp/B09DWG5R2L,B09DWG5R2L,3 Chord Mandolin Songbook - 50 Timeless Children Songs with Tabs and Chords,Peter Upclaire,Kindle,"Aug 27, 2021",
2,https://www.amazon.com/dp/B0F1X8GGHC,B0F1X8GGHC,Call Me The Breeze Sheet Music,John Cale,Kindle,"Jul 17, 2025",
4,https://www.amazon.com/dp/B09DWFTV97,B09DWFTV97,Ukulele Songbook for Beginners - 45 Oldies and Goldies American Songs with Tabs and Chords,Peter Upclaire,Kindle,"Aug 27, 2021",
0,https://www.amazon.com/dp/B0F1TZ72CD,B0F1TZ72CD,Move Sheet Music,Carlos Santana,Kindle,"Jul 17, 2025",
0,https://www.amazon.com/dp/B09F574Q18,B09F574Q18,"Old Testament Survey: What God Gave ""For our Learning""",Bill and Roberta Taylor,Kindle,"Aug 31, 2021",
2,https://www.amazon.com/dp/B09F6TW59C,B09F6TW59C,Taking Marriage Out Of The Dark And The Grip Of Him: What Most Wives and Husbands Don't Know Preserving The Seed,Eddie L. Bynum Jr.,Kindle,"Aug 31, 2021",
0,https://www.amazon.com/dp/B09F6M4FMS,B09F6M4FMS,Entering in a relationship,John  Manamela,Kindle,"Aug 31, 2021",
3,https://www.amazon.com/dp/B09F2K8VRQ,B09F2K8VRQ,A Heavenly Home: Godliness at Home First of All,Zac Poonen,Kindle,"Aug 30, 2021",
1,https://www.amazon.com/dp/B09FKN68SZ,B09FKN68SZ,The Gayworthys: A Story of Threads and Thrums,Mrs. A. D. T. Whitney,Kindle,"Aug 30, 2021",
0,https://www.amazon.com/dp/B09F5JXS8N,B09F5JXS8N,THE INTENTONAL COUPLE,LOVELYN AMAZU-OBI,Kindle,"Aug 30, 2021",
0,https://www.amazon.com/dp/B09F2XSX39,B09F2XSX39,Why does the side piece go harder than the main woman in his relationship?,TJ Clemons,Kindle,"Aug 30, 2021",
3,https://www.amazon.com/dp/B09F1M75LL,B09F1M75LL,What to Get My Wife for Christmas?: A Guidebook for Giving Your Wife Amazing Christmas Gifts,George Frankl-Kirby,Kindle,"Aug 30, 2021",
0,https://www.amazon.com/dp/B09DZ5NP9L,B09DZ5NP9L,Love Of A Lifetime,Olusola Oloidi,Kindle,"Aug 29, 2021",
0,https://www.amazon.com/dp/B09DXSZ96Q,B09DXSZ96Q,How To Strengthen The Root of your Marriage,Bright Osaiyuwu,Kindle,"Aug 29, 2021",
0,https://www.amazon.com/dp/B09F1SDLHR,B09F1SDLHR,CRY FOR DIVORCE,Kingsley  Peter,Kindle,"Aug 29, 2021",
1,https://www.amazon.com/dp/B09F1LP89H,B09F1LP89H,Love Is Not Enough: Secrets to Lasting Relationships,UYI EGBE,Kindle,"Aug 29, 2021",
0,https://www.amazon.com/dp/B09DZ1NZKH,B09DZ1NZKH,THE RED D : My journey through Divorce,Joyce  Nzulwa,Kindle,"Aug 29, 2021",
3,https://www.amazon.com/dp/B09DY1JF6F,B09DY1JF6F,Restoration Guide: A Guide to Encourage You to Persevere Through Obedience to God for Marriage and Relationship Healing and Restoration,Faith Krause,Kindle,"Aug 29, 2021",
0,https://www.amazon.com/dp/B09DXFWYJL,B09DXFWYJL,Japonette: With Original Illustrations,Robert William  Chambers,Kindle,"Aug 28, 2021",
0,https://www.amazon.com/dp/B09DX9HVK9,B09DX9HVK9,Falling Back On Friendship,Casey McCarter,Kindle,"Aug 28, 2021",
1,https://www.amazon.com/dp/B09DTT7VWF,B09DTT7VWF,How To Be A Good Wife Without Trying So Hard: Your Man's Ideal Woman,Nicole Golani,Kindle,"Aug 27, 2021",
4,https://www.amazon.com/dp/B09DTBZW6F,B09DTBZW6F,Irresistible: Revitalize and Empower Your Marriage,Jim Hohnberger,Kindle,"Aug 26, 2021",
1,https://www.amazon.com/dp/B09DTB8SW5,B09DTB8SW5,Wedding Wisdom: The Simplicity of Marriage,Bill and Roberta Taylor,Kindle,"Aug 26, 2021",
0,https://www.amazon.com/dp/B09DTD9MHF,B09DTD9MHF,How To Husband: Everything A Man Needs To Know,Pearl Baclay,Kindle,"Aug 26, 2021",
0,https://www.amazon.com/dp/B09DT5NTBW,B09DT5NTBW,Becoming One: Establishing A Firm Foundation,J. J. Owensby,Kindle,"Aug 26, 2021",
1,https://www.amazon.com/dp/B09DT16FG3,B09DT16FG3,"Love & Courtship : For many couples, love isn't what they thought it would be",Bob Garon,Kindle,"Aug 26, 2021",
5,https://www.amazon.com/dp/B09DQXJPKK,B09DQXJPKK,WHEN HIS WAYS MEET YOURS: When You Love You He Will Follow Suit,Damon Grayson,Kindle,"Aug 25, 2021",
0,https://www.amazon.com/dp/B09DMM89GQ,B09DMM89GQ,The Hidden Secrets of Dating Online: Master Online Dating With These Secrets,Mike Chase,Kindle,"Aug 24, 2021",
5,https://www.amazon.com/dp/B09DL9C6FL,B09DL9C6FL,The Marriage List: Applying The Fruit of the Spirit to your marriage,John Saylor,Kindle,"Aug 24, 2021",
2,https://www.amazon.com/dp/B09DG891YG,B09DG891YG,The Therefore of Marriage: God's Design & Operational Protocol,Ayo Olaleye,Kindle,"Aug 23, 2021",
0,https://www.amazon.com/dp/B09DJ7JP5T,B09DJ7JP5T,The Woman After God's Heart,Peace Paul Ifeanyi,Kindle,"Aug 23, 2021",
0,https://www.amazon.com/dp/B09DHLPYS5,B09DHLPYS5,Strange Strenuous Suffocation,Shahan Pervez,Kindle,"Aug 23, 2021",
0,https://www.amazon.com/dp/B09DHH8VM7,B09DHH8VM7,"The Talk: Dating, Marriage, Sex and Children",The Deacon,Kindle,"Aug 23, 2021",
2,https://www.amazon.com/dp/B09DH97ZH9,B09DH97ZH9,Marriage Matters: Secrets to Lasting Love,Margaret Roane,Kindle,"Aug 23, 2021",
0,https://www.amazon.com/dp/B09DGSCBK8,B09DGSCBK8,Practical Steps to Building Intimacy in Marriage: Life Experience Perspective,Duke Imandu,Kindle,"Aug 23, 2021",
4,https://www.amazon.com/dp/B09DGQD3B6,B09DGQD3B6,I Shouldn't Have To Ask!: Things We Shouldn't Have To Ask For In Relationships,Jasmine Moffett,Kindle,"Aug 23, 2021",
3,https://www.amazon.com/dp/B09DCGD556,B09DCGD556,A PERFECT LOVE,John Burton,Kindle,"Aug 22, 2021",
0,https://www.amazon.com/dp/B09DFJLLTZ,B09DFJLLTZ,"PRINCIPLES ON HOW TO MAKE MARRIAGE WORK: The subtitles of this book How to make your marriage successful, and happiness hereafter.",Sandra .B. Burrows,Kindle,"Aug 22, 2021",
5,https://www.amazon.com/dp/B09DFFM2PQ,B09DFFM2PQ,At Marital Crossroads - A Man's Guide.,Paul Thomas Max Fauvet Peter Ayeni Chris Izuka,Kindle,"Aug 22, 2021",
0,https://www.amazon.com/dp/B09DFCFXD1,B09DFCFXD1,Love Wishes For Couples: Empowered Intentions For In Love And Ready For Love,Kei Blaine,Kindle,"Aug 22, 2021",
1,https://www.amazon.com/dp/B09DFBTTJN,B09DFBTTJN,"Lady Father: A Humorous, Heart-Felt, and Eye-Opening Narrative of a Marriage Commissioner's Experiences",Edna I.  McCall,Kindle,"Aug 22, 2021",
0,https://www.amazon.com/dp/B09DF7Y69M,B09DF7Y69M,The Complete Guide to Having a Destination Wedding on a Budget,Ryan O'Donoghue,Kindle,"Aug 22, 2021",
0,https://www.amazon.com/dp/B09DCQC4K2,B09DCQC4K2,Leap of Faith: A Unique Tale Redefining Singlehood,ADANNA  CHIKEZIE,Kindle,"Aug 22, 2021",
2,https://www.amazon.com/dp/B09DCF7MLC,B09DCF7MLC,Big Mama Wisdom For Couples: 205 Questions to Ask and Discuss Before Marriage,Cynthia Knight,Kindle,"Aug 22, 2021",
3,https://www.amazon.com/dp/B09DBS94QJ,B09DBS94QJ,Hidden: Season 1: Winter,Quinn Holden,Kindle,"Aug 21, 2021",
1,https://www.amazon.com/dp/B09HY5NVLM,B09HY5NVLM,'I Lost My Virginity to Chopin's Nocturne in B-Flat Minor',Sebastian Gardner,Kindle,"Aug 21, 2021",
0,https://www.amazon.com/dp/B09DBBY946,B09DBBY946,"Why are men taught how to treat women correctly, But women aren't taught how to treat men correctly?",TJ Clemons,Kindle,"Aug 21, 2021",
0,https://www.amazon.com/dp/B09D9Y89HM,B09D9Y89HM,A FOUNDATIONAL GUIDE TO SUCCESSFUL MARRIAGE,Ezekiel A. Hanior,Kindle,"Aug 20, 2021",
0,https://www.amazon.com/dp/B09D9V5DZW,B09D9V5DZW,"Right Convictions, Right Marriage: The Secrets of How Your Convictions Can Lead You to Happy Marriage",ANDREW T.K  WILSON,Kindle,"Aug 20, 2021",
0,https://www.amazon.com/dp/B09D9B9T7C,B09D9B9T7C,A solid stand,Leticia  Appiah,Kindle,"Aug 20, 2021",
1,https://www.amazon.com/dp/B09D8QWMV1,B09D8QWMV1,"YOUR ROADMAP TO HEALING FROM INFIDELITY: A Proven Guide On How To Recover From The Trauma Of Betrayal By Your Partner To Rebuild Trust In Your Relationship, Save Your Marriage And Move On With Life",Joyce Newmann,Kindle,"Aug 19, 2021",
0,https://www.amazon.com/dp/B09D8PJRK8,B09D8PJRK8,Ninnaiye Rathiyendru: Nandhanin Rathiyeval,Laxmi Devi,Kindle,"Aug 19, 2021",
1,https://www.amazon.com/dp/B09D748HKX,B09D748HKX,How to Use Happiness,Kyungchae(Hanna) Lee,Kindle,"Aug 19, 2021",
0,https://www.amazon.com/dp/B09D6LHDWJ,B09D6LHDWJ,MARITAL MISTAKES ARE FORGIVEN: ASSURED PRAYER POINTS FOR THE RESTORATION OF HOMES AND MARRIAGES,DAVID O. AKINYA,Kindle,"Aug 19, 2021",
0,https://www.amazon.com/dp/B09D6J89V9,B09D6J89V9,Straight to the altar: How to make your relationship work out towards marriage,Annie Dorothy,Kindle,"Aug 19, 2021",
3,https://www.amazon.com/dp/B09D3YNZR6,B09D3YNZR6,For Love and Money: Tactical Tools to Embrace Money in Your Marriage,Colleen Thedieck,Kindle,"Aug 19, 2021",
4,https://www.amazon.com/dp/B09D44FKTS,B09D44FKTS,Journey of Marriage : Participant Guide,Philip  Mamalakis,Kindle,"Aug 18, 2021",
1,https://www.amazon.com/dp/B09D5D2R5H,B09D5D2R5H,Sex Bucket List for Couples: Make Your Sex Life Great Again. Relationship Workbook for Sexual Pleasures on Your Own Terms + Naughty Coupons,Ann Duncan,Kindle,"Aug 18, 2021",
0,https://www.amazon.com/dp/B09D43R8K8,B09D43R8K8,Be A Wife Not A Knife: Fight Him With Prayer,Shenine Wiggs,Kindle,"Aug 18, 2021",
5,https://www.amazon.com/dp/B09D43PFQF,B09D43PFQF,"Anxiety in relationship: A complete guide to overcoming couple conflicts, fear of abandonment, and insecurity. Simple self-healing to improve your couple life",Elizabeth Taylor,Kindle,"Aug 18, 2021",
0,https://www.amazon.com/dp/B09D35WGQW,B09D35WGQW,6 Steps To Your Marital Bliss: You may heal the flaws in your marriage and revive the sense of new love with 6 Steps To Your Marital Bliss,Kevin Williams,Kindle,"Aug 18, 2021",
0,https://www.amazon.com/dp/B09DT3LVJZ,B09DT3LVJZ,In The Heart of Rebels,Imtiaz Ahmed,Kindle,"Aug 17, 2021",
0,https://www.amazon.com/dp/B09DKXMN17,B09DKXMN17,Discover the Magic of Your Essence,Kathleen Peric,Kindle,"Aug 17, 2021",
2,https://www.amazon.com/dp/B09DKXDS5H,B09DKXDS5H,"Had We Known Convoluted Involvement in Marriage, We Wouldn’t Have Obligated: The Medicine After Death of Virtues and Obnoxious Truth of Foreign African ... Homelands to Procure Wives or Husbands",Dr. Chris Inyang,Kindle,"Aug 17, 2021",
3,https://www.amazon.com/dp/B09CZKKWW8,B09CZKKWW8,Released,Jessica Daniels,Kindle,"Aug 17, 2021",
0,https://www.amazon.com/dp/B09CZCZ4D1,B09CZCZ4D1,"5 PRINCIPLE FOR A HEALTHY MARRIAGE LIFE: Marriage comprises of good and terrible times, but responsibilities become straight forward, when the principles of a healthy marriage life that is at work",Mark J.  Donaldson,Kindle,"Aug 17, 2021",
0,https://www.amazon.com/dp/B09CZ2W8B5,B09CZ2W8B5,CROWNED MOTHER,Olukemi Olodude,Kindle,"Aug 17, 2021",
0,https://www.amazon.com/dp/B09CWN21LM,B09CWN21LM,Be With Him: Waiting Doesn't Mean No,Lekia L. McDowell,Kindle,"Aug 16, 2021",
0,https://www.amazon.com/dp/B09CV9K6FD,B09CV9K6FD,A Maid of Honor Duty Book,CASSANDRA MARCEL PUBLISHING,Kindle,"Aug 16, 2021",
0,https://www.amazon.com/dp/B09CV8JRSR,B09CV8JRSR,Roadmap to a Successful Marriage,Peter Inyang,Kindle,"Aug 16, 2021",
4,https://www.amazon.com/dp/B09CV6NMX9,B09CV6NMX9,"50 Questions To Ask Before & After You Say ""I DO""",Uché  Kay-Giourtzis,Kindle,"Aug 16, 2021",
1,https://www.amazon.com/dp/B09CRR9LZP,B09CRR9LZP,"TEXT MESSAGES HE CAN NEVER RESIST: A Dark Texting Secret for Getting the Man of Your Dreams, Make Him Commit and Crave You Like Chocolate!",Jenna Bruce,Kindle,"Aug 15, 2021",
0,https://www.amazon.com/dp/B09CPCKN56,B09CPCKN56,Improving Relationship Communication,Book Vibrations,Kindle,"Aug 15, 2021",
0,https://www.amazon.com/dp/B09CP2C3FC,B09CP2C3FC,Mysteries of Marriage Unveiled,Folorunso Alakija,Kindle,"Aug 14, 2021",
3,https://www.amazon.com/dp/B09CN9H612,B09CN9H612,No More Anxiety In Relationships: Overcoming Anxiety Within Your Relationship Today (Improve Yourself Everyday Book 9),Jennifer N.  Smith,Kindle,"Aug 14, 2021",
0,https://www.amazon.com/dp/B09CNSV1XX,B09CNSV1XX,KNOW YOUR LIFE PARTNER: SIGNS THAT SHOWS THA YOU HAVE DISCOVERED YOUR LIFE PARTNER,LAWRENCE  SMITH,Kindle,"Aug 14, 2021",
0,https://www.amazon.com/dp/B09CNS9152,B09CNS9152,Answers To Marital Hiccups,Folorunso Alakija,Kindle,"Aug 14, 2021",
0,https://www.amazon.com/dp/B09CMGD3JW,B09CMGD3JW,Why does it seem like so many men and women are in competition and playing games with each other?,TJ Clemons,Kindle,"Aug 13, 2021",
0,https://www.amazon.com/dp/B09CLMJVJ7,B09CLMJVJ7,Falling Out at Forty : Women struggling between Self-growth and Relationship,Sherwet Alashram,Kindle,"Aug 13, 2021",
3,https://www.amazon.com/dp/B09CLKBG61,B09CLKBG61,Passport Wife,Terri D,Kindle,"Aug 12, 2021",
3,https://www.amazon.com/dp/B09CLT6H4B,B09CLT6H4B,150 REASONS WHY MARRIED WOMEN CHEAT ON THEIR HUSBANDS,Mary Bright,Kindle,"Aug 12, 2021",
0,https://www.amazon.com/dp/B09CLQQN31,B09CLQQN31,UNRAVELING THE MYSTERIES OF MARRIAGE & RELATIONSHIP: Key Strategies to Happy and Fulfilled Marriage and Relationship,CHRISTOPHER N. EZEANYA,Kindle,"Aug 12, 2021",
0,https://www.amazon.com/dp/B09CLNB3PC,B09CLNB3PC,"Couples Therapy: The Survival Guide to Help You Overcome Anxiety, Jealousy & Insecurity in Relationship. Learn in 27 Steps How to Improve Intimacy & Communication to Live a Happy Couple's Life",SIBLEY  CONNER,Kindle,"Aug 12, 2021",
0,https://www.amazon.com/dp/B09CGX6PMY,B09CGX6PMY,Do Men Want to be Providers?: What Constitutes Providing and Who is Supposed to be Doing it? (Financial Freedom Series Book 41),Joshua King,Kindle,"Aug 11, 2021",
0,https://www.amazon.com/dp/B09CJDPXJW,B09CJDPXJW,29 LESSONS ON CHRISTIAN WEDDING,Miracle   Chiagozie Nwokoye,Kindle,"Aug 11, 2021",
1,https://www.amazon.com/dp/B09CGFBRMY,B09CGFBRMY,A Doll's House a play: Original Classics and Annotated,Henrik Ibsen,Kindle,"Aug 11, 2021",
0,https://www.amazon.com/dp/B09CG7BLHX,B09CG7BLHX,HOW TO LIVE A FULFILLING MARRIAGE,Gladys Obiorah,Kindle,"Aug 11, 2021",
5,https://www.amazon.com/dp/B09CF4B3NK,B09CF4B3NK,Husband 101: The missing manual to fix your miserable marriage,Paul Elmore,Kindle,"Aug 10, 2021",
4,https://www.amazon.com/dp/B09CYPZD4D,B09CYPZD4D,Are You Interested in Marriage and Family: Is This Book for You?,Suresh Chandra,Kindle,"Aug 10, 2021",
0,https://www.amazon.com/dp/B09CFVL2HF,B09CFVL2HF,RELATIONSHIP/LOVE: Am I My Man's Woman? :Women's Famous Relationship Question Answered.,CHRISTIANA HEARTS,Kindle,"Aug 10, 2021",
0,https://www.amazon.com/dp/B09F8THC8N,B09F8THC8N,HOW TO BE LOSER: your guide to expand your comfort zone,Zaid Bader,Kindle,"Aug 31, 2021",
0,https://www.amazon.com/dp/B09F71YQRC,B09F71YQRC,Before You Lose That Job: Real Life Lessons for Employees,Ifeanyi Onyemere,Kindle,"Aug 31, 2021",
1,https://www.amazon.com/dp/B09F71CGN5,B09F71CGN5,Action Plan for Manifestation: to get what you want in your life,YVONNE  CARPENTER,Kindle,"Aug 31, 2021",
0,https://www.amazon.com/dp/B09F6LQCPS,B09F6LQCPS,"LIFE BEST DESIGN FOR YOU: Have a master plan, do things that makes you satisfied and fulfilled, you will always achieve it if you redesign and reposition your life for the challenge ahead",Elizabeth W. Huston,Kindle,"Aug 31, 2021",
0,https://www.amazon.com/dp/B09F68HPKS,B09F68HPKS,Handle the rejection-Take a joy in failure,Ethy Christy,Kindle,"Aug 31, 2021",
2,https://www.amazon.com/dp/B09F5ZLGPQ,B09F5ZLGPQ,"Love Always, Christine",Christine  Marshall,Kindle,"Aug 31, 2021",
4,https://www.amazon.com/dp/B09FTLLLB6,B09FTLLLB6,Autistic Thinking in the Life of the Church,Stewart Rapley,Kindle,"Aug 31, 2021",
1,https://www.amazon.com/dp/B09F719VQ6,B09F719VQ6,Over 40? How I Lost 60 Pounds in 4 Months,Ms.  Positive,Kindle,"Aug 31, 2021",
1,https://www.amazon.com/dp/B09F6NQC8T,B09F6NQC8T,In Pursuit of the Christ-Shaped Life: Philippians on Christian Formation,Micah D. Carpenter,Kindle,"Aug 31, 2021",
5,https://www.amazon.com/dp/B09F92KDCN,B09F92KDCN,Finches For Dummies,Nikki Moustaki,Kindle,"Aug 31, 2021",
0,https://www.amazon.com/dp/B09F62X5QT,B09F62X5QT,The Complete Guide to Home Organization: The Life – Changing Magic of Home Organization: Tips And Shortcuts You Need to Effectively Organize Your Home,DAUGHTRY ANN,Kindle,"Aug 31, 2021",
0,https://www.amazon.com/dp/B09F5ZSBRN,B09F5ZSBRN,Sealyham Terrier Dog: A Rare Welsh Breed of Small to Medium-Sized Terrier: Everything You Need To Know About Sealyham Terrier Dog,DAUGHTRY ANN,Kindle,"Aug 31, 2021",
0,https://www.amazon.com/dp/B09F6MGBTK,B09F6MGBTK,"Tart Cards of England: Vol. 4: Text, Dominatrix, Lesbian, Transsexual and Students (Tart (Hooker) Cards of the world)",Brian Salter,Kindle,"Aug 31, 2021",
1,https://www.amazon.com/dp/B09F5LB5GF,B09F5LB5GF,Advanced Hemodynamic Monitoring: Basics and New Horizons,Mikhail Y. Kirov,Kindle,"Aug 31, 2021",
3,https://www.amazon.com/dp/B098W44TN2,B098W44TN2,All I Eat Is Medicine: Going Hungry in Mozambique's AIDS Economy (California Series in Public Anthropology Book 52),Ippolytos Kalofonos,Kindle,"Aug 31, 2021",
1,https://www.amazon.com/dp/B09F73NLLM,B09F73NLLM,100+ Example of Resume Templates: Compilation of Many Creative and Beautiful Resume Design (Design Templates Book 1),Samer  AlCult,Kindle,"Aug 31, 2021",
1,https://www.amazon.com/dp/B09F69Z66J,B09F69Z66J,The Stripper's Bible,Chaz Gower,Kindle,"Aug 31, 2021",
5,https://www.amazon.com/dp/B09F6LBNCN,B09F6LBNCN,BURLESQUE A Final Tribute: Legends Recipes & Minsky’s Files,Jane  Briggeman,Kindle,"Aug 31, 2021",
2,https://www.amazon.com/dp/B0C14YCKPT,B0C14YCKPT,ReFocus: The Films of Albert Brooks,Christian B Long,Kindle,"Aug 31, 2021",
3,https://www.amazon.com/dp/B08PD4WRDR,B08PD4WRDR,Picturing the Floating World: Ukiyo-e in Context,Professor Julie Nelson Davis,Kindle,"Aug 31, 2021",
3,https://www.amazon.com/dp/B09GH166C4,B09GH166C4,How Blood Works (Wick First Book),Ellene Glenn Moore,Kindle,"Aug 31, 2021",
1,https://www.amazon.com/dp/B09FKQGG3Z,B09FKQGG3Z,Women: Enriched edition. Navigating Gender Dynamics and Societal Shifts in Early 20th Century America,Booth Tarkington,Kindle,"Aug 31, 2021",
5,https://www.amazon.com/dp/B09MSM2D1L,B09MSM2D1L,White Fear,Don MacRobert,Kindle,"Aug 31, 2021",
3,https://www.amazon.com/dp/B09FSS4P6C,B09FSS4P6C,Between Two Worlds: A Life Story of a Soviet Transplant,Nadya Surikova-Klein,Kindle,"Aug 31, 2021",
3,https://www.amazon.com/dp/B099SGN8D5,B099SGN8D5,Own Your Tech Career: Soft skills for technologists,Don Jones,Kindle,"Aug 31, 2021",
2,https://www.amazon.com/dp/B09F6LHYR5,B09F6LHYR5,Power Distribution Networks with On-Chip Decoupling Capacitors,Mikhail  Popovich,Kindle,"Aug 31, 2021",
0,https://www.amazon.com/dp/B09F5VJHNH,B09F5VJHNH,"Minding the Future: Artificial Intelligence, Philosophical Visions and Science Fiction (Science and Fiction)",Barry Dainton,Kindle,"Aug 31, 2021",
4,https://www.amazon.com/dp/B09F2Y8VRS,B09F2Y8VRS,The Dhasu Alien Space Warrior Box Set: A Sci-Fi Alien Romance Series (Reptilian Box Sets Book 3),Charmaine Ross,Kindle,"Aug 31, 2021",
0,https://www.amazon.com/dp/B0C151X99X,B0C151X99X,Earthbound: The Aesthetics of Sovereignty in the Anthropocene,Daniel Matthews,Kindle,"Aug 31, 2021",
1,https://www.amazon.com/dp/B09CQCD9GF,B09CQCD9GF,The Right of Sovereignty: Jean Bodin on the Sovereign State and the Law of Nations (The History and Theory of International Law),Daniel Lee,Kindle,"Aug 31, 2021",
2,https://www.amazon.com/dp/B098179MH1,B098179MH1,Judging Inequality: State Supreme Courts and the Inequality Crisis,James L. Gibson,Kindle,"Aug 31, 2021",
1,https://www.amazon.com/dp/B08PCQ67G8,B08PCQ67G8,Just Housing: The Moral Foundations of American Housing Policy (Urban and Industrial Environments),Casey J. Dawkins,Kindle,"Aug 31, 2021",
1,https://www.amazon.com/dp/B09HHC7TSF,B09HHC7TSF,Contemporary Issues In Mediation - Volume 6,Joel Lee,Kindle,"Aug 31, 2021",
3,https://www.amazon.com/dp/B09GG9RMRW,B09GG9RMRW,Criminology and Law,Ed Johnston,Kindle,"Aug 31, 2021",
0,https://www.amazon.com/dp/B09FKPN4MN,B09FKPN4MN,Are Legislatures Parliament? A Study and Review: Enriched edition. Exploring the Evolution of Legislative Systems and Governmental Functions,Fennings Taylor,Kindle,"Aug 31, 2021",
0,https://www.amazon.com/dp/B09F8QQX7R,B09F8QQX7R,Marriage Divorce Solution: Discover How To Save Your Marriage And Survive Divorce Issues,James Kingstone,Kindle,"Aug 31, 2021",
0,https://www.amazon.com/dp/B09F8MVLBS,B09F8MVLBS,The Mythical Pandora of Africa,John Edwin Jr,Kindle,"Aug 31, 2021",
0,https://www.amazon.com/dp/B09F6ZTKNK,B09F6ZTKNK,Plight of Afghan Refugees,Abdur Raziq,Kindle,"Aug 31, 2021",
0,https://www.amazon.com/dp/B09F5LNBPS,B09F5LNBPS,"Political Economy of Resource, Human Security and Environmental Conflicts in Africa",Kelechi Johnmary Ani,Kindle,"Aug 31, 2021",
0,https://www.amazon.com/dp/B09CF2LSQ8,B09CF2LSQ8,North Dakota Legislative Summary,Jamal Omar,Kindle,"Aug 31, 2021",
0,https://www.amazon.com/dp/B09F51SKW1,B09F51SKW1,Loyalty Over Royalties: My Time in the Music Industry as an Entertainment Lawyer,Paul  Gardner,Kindle,"Aug 30, 2021",
3,https://www.amazon.com/dp/B09JCLSWB4,B09JCLSWB4,Courtroom Testimony for Fingerprint Examiners,Hillary Moses Daluz,Kindle,"Aug 30, 2021",
2,https://www.amazon.com/dp/B09F3QKJ1W,B09F3QKJ1W,Army Techniques Publication ATP 3-39.10 Police Operations August 2021,United States Government US Army,Kindle,"Aug 30, 2021",
0,https://www.amazon.com/dp/B0933NBHBL,B0933NBHBL,"Fulfilling the Sustainable Development Goals: On a Quest for a Sustainable World (Law, Ethics and Governance)",Narinder Kakar,Kindle,"Aug 30, 2021",
0,https://www.amazon.com/dp/B08XQTBYRJ,B08XQTBYRJ,"Literature and Intellectual Disability in Early Modern England: Folly, Law and Medicine, 1500-1640 (Routledge Studies in Renaissance Literature and Culture)",Alice Equestri,Kindle,"Aug 30, 2021",
0,https://www.amazon.com/dp/B09SLT6JVQ,B09SLT6JVQ,The efficiency and the effectiveness of legal aid schemes in the areas of civil and administrative law: Guidelines and explanatory memorandum,Council of Europe,Kindle,"Aug 30, 2021",
0,https://www.amazon.com/dp/B09NB1PMSV,B09NB1PMSV,The Pashtun Protection Movement (PTM) in Pakistan,Qamar Jafri,Kindle,"Aug 30, 2021",
0,https://www.amazon.com/dp/B09F3NT1PZ,B09F3NT1PZ,"THE ROLES OF POLITICAL PARTIES IN NATIONAL DEVELOPMENT: ANALOGICAL PERSPECTIVES ON THE TRIPARTITE: THE DEMOCRATIC, REPUBLICAN, AND THE ANC (SOUTH AFRICA)",ACHEOAH OFEH AUGUSTINE,Kindle,"Aug 30, 2021",
0,https://www.amazon.com/dp/B09F3J5RTS,B09F3J5RTS,One World Council for Environmental Protection : Act globally and participate locally - Our planet can still be saved! - Theses under the burden of proof,Christoph Rohland,Kindle,"Aug 30, 2021",
0,https://www.amazon.com/dp/B09F34PDGQ,B09F34PDGQ,Development of the Constitutions in China and the Visegrad States: A Comparative Perspective,Lu Da,Kindle,"Aug 30, 2021",
0,https://www.amazon.com/dp/B09F2PX49H,B09F2PX49H,Construction Dispute Research Expanded (Springer Tracts in Civil Engineering),Sai On Cheung,Kindle,"Aug 30, 2021",
0,https://www.amazon.com/dp/B09F2HLS95,B09F2HLS95,Life Cycle Inventory Analysis: Methods and Data (LCA Compendium – The Complete World of Life Cycle Assessment),Andreas Ciroth,Kindle,"Aug 30, 2021",
0,https://www.amazon.com/dp/B09F2H8Z2W,B09F2H8Z2W,Regulating Deep Sea Mining: A Myriad of Legal Frameworks (SpringerBriefs in Law),Klaas Willaert,Kindle,"Aug 30, 2021",
0,https://www.amazon.com/dp/B09DKVKNSW,B09DKVKNSW,Hoppy Agreement: For Beer Procurement,Varun Khetawat,Kindle,"Aug 30, 2021",
0,https://www.amazon.com/dp/B096TV4P88,B096TV4P88,Contracting For Wealth: Going From A Passive Party To A Powerful Party In Contracting.,Ellakisha O'Kelley,Kindle,"Aug 30, 2021",
0,https://www.amazon.com/dp/B0933PJFY7,B0933PJFY7,"Girls, Performance, and Activism: Demanding to be Heard",Dana Edell,Kindle,"Aug 30, 2021",
1,https://www.amazon.com/dp/B09323CB3S,B09323CB3S,"Law, Relationality and the Ethical Life: Agamben and Levinas (Law and Politics)",Tom Frost,Kindle,"Aug 30, 2021",
0,https://www.amazon.com/dp/B09F2BJRXS,B09F2BJRXS,"Data Rights, Data Security, & InfoWars (Codes, Ciphers, & Codebreaking Book 3)",Greg  Goebel,Kindle,"Aug 29, 2021",
0,https://www.amazon.com/dp/B09DZ1KZ15,B09DZ1KZ15,"Army Communicator PB 11-13-1 Volume 38, No. 1 2013 Implementation of University Model",Luc Boudreaux,Kindle,"Aug 29, 2021",
0,https://www.amazon.com/dp/B09DY93ZMM,B09DY93ZMM,Tax Compliance 2021: Your Complete Guide for Business in Bangladesh,Jasim Uddin Rasel,Kindle,"Aug 29, 2021",
0,https://www.amazon.com/dp/B09DXCJQ9M,B09DXCJQ9M,The Mothers of Improvisation,Paul Sekulich,Kindle,"Aug 29, 2021",
0,https://www.amazon.com/dp/B0933NV7XM,B0933NV7XM,Forensic Forestry: A Guidebook for Foresters on the Witness Stand,Robert P. Latham,Kindle,"Aug 29, 2021",
1,https://www.amazon.com/dp/B09DX77DYH,B09DX77DYH,State of Arizona v. Jones (Nobody Did Anything Wrong But Me),Gary Stuart,Kindle,"Aug 28, 2021",
0,https://www.amazon.com/dp/B09DXBXN87,B09DXBXN87,"Army Communicator PB 11-14-3 Volume 39, No. 3 2014 Signal Corps Forever",Luc Boudreaux,Kindle,"Aug 28, 2021",
0,https://www.amazon.com/dp/B09DX7WJGG,B09DX7WJGG,GCC VAT Compliance (Basic) - Oman Version,ZAHID FAROOQ,Kindle,"Aug 28, 2021",
0,https://www.amazon.com/dp/B09DWSR2MW,B09DWSR2MW,The Writings of Antonio Vol. V : The US Judicial Branch of Government; Supreme Court Justices and Their Decisions,Antonio Sweeney,Kindle,"Aug 28, 2021",
0,https://www.amazon.com/dp/B09QMK6ZQR,B09QMK6ZQR,The Revenue Administration Gap Analysis Program: An Analytical Framework for Personal Income Tax Gap Estimation (Technical Notes and Manuals),International Monetary Fund. Fiscal Affairs Dept.,Kindle,"Aug 27, 2021",
4,https://www.amazon.com/dp/B09DTCWR3Z,B09DTCWR3Z,Collection Robbery: Stop Bleeding Money,Uel's Services  Publications,Kindle,"Aug 27, 2021",
0,https://www.amazon.com/dp/B0BW6YZSNT,B0BW6YZSNT,Handbook of Social Justice Interventions in Education (Springer International Handbooks of Education),Carol A. Mullen,Kindle,"Aug 27, 2021",
0,https://www.amazon.com/dp/B09MC6NS5L,B09MC6NS5L,Law and the Visible,Austin Sarat,Kindle,"Aug 27, 2021",
0,https://www.amazon.com/dp/B09K4C6MVR,B09K4C6MVR,Local Autonomy as a Human Right: The Quest for Local Self-Rule,Joshua B. Forrest,Kindle,"Aug 27, 2021",
0,https://www.amazon.com/dp/B09F7Z4BL3,B09F7Z4BL3,ZWELETHU: Our Land: Jaki Seroke A Memoir,Jaki Seroke,Kindle,"Sep 10, 2021",
0,https://www.amazon.com/dp/B09DWH4S7T,B09DWH4S7T,Best 5 Minute Crypto & Wealth Info Organizer: Fast Access To Key Words & Other Vital Private Wallet Info,Jacqueline Cooper,Kindle,"Aug 27, 2021",
0,https://www.amazon.com/dp/B09DW93LK2,B09DW93LK2,"Army Communicator PB 11-15-2 Volume 40, No. 2 2015 Getting Garcia to the Message",Luc Boudreaux,Kindle,"Aug 27, 2021",
0,https://www.amazon.com/dp/B09DW7TWF9,B09DW7TWF9,"Army Communicator Volume 2, Issue 3 February 2020",Luc Boudreaux,Kindle,3 February 2020,
0,https://www.amazon.com/dp/B09DW71PQC,B09DW71PQC,"Army Communicator PB 11-16-1 Volume 41, No. 1 2016 Signaleers at Work",Luc Boudreaux,Kindle,"Aug 27, 2021",
0,https://www.amazon.com/dp/B09DW2TBV9,B09DW2TBV9,Manitoba Law Journal Volume 44 Issue 2: A Review of the Current Legal Landscape,Various Authors,Kindle,"Aug 27, 2021",
0,https://www.amazon.com/dp/B09DW11JX5,B09DW11JX5,Tax Deduction 2021: Everything You Should Know About TDS and VDS in Bangladesh,Jasim Uddin Rasel,Kindle,"Aug 27, 2021",
0,https://www.amazon.com/dp/B09DV48LV2,B09DV48LV2,Pregnancy Outcomes of Unmarried Women in Japan (1995–2015): From Abortion to Birth (SpringerBriefs in Population Studies),Yukiko Senda,Kindle,"Aug 27, 2021",
0,https://www.amazon.com/dp/B09DV3WJJN,B09DV3WJJN,Captivity in War during the Twentieth Century: The Forgotten Diplomatic Role of Transnational Actors,Marcel Berni,Kindle,"Aug 27, 2021",
0,https://www.amazon.com/dp/B09CKDMJ9T,B09CKDMJ9T,America in Decline: How the Loss of Civic Virtue and Standards of Excellence Is Causing the End of Pax Americana,Justin P. DePlato,Kindle,"Aug 27, 2021",
0,https://www.amazon.com/dp/B0934RDFNR,B0934RDFNR,"High Courts in Global Perspective: Evidence, Methodologies, and Findings (Constitutionalism and Democracy)",Nuno Garoupa,Kindle,"Aug 27, 2021",
0,https://www.amazon.com/dp/B0933PS4G8,B0933PS4G8,Dōwa Policy and Japanese Politics (Nissan Institute/Routledge Japanese Studies),Ian Neary,Kindle,"Aug 26, 2021",
0,https://www.amazon.com/dp/B09DTKRSRJ,B09DTKRSRJ,Workplace Rights: What Your Boss Doesn't Want You To Know,Eric Kingsley,Kindle,"Aug 26, 2021",
0,https://www.amazon.com/dp/B0933MFQF6,B0933MFQF6,"Misogyny as Hate Crime (Victims, Culture and Society)",Irene Zempi,Kindle,"Aug 26, 2021",
0,https://www.amazon.com/dp/B09BTMRLKH,B09BTMRLKH,Knowing What the Law Is: Legal Theory in a New Key,Alexander Somek,Kindle,"Aug 26, 2021",
0,https://www.amazon.com/dp/B09CDV9SSW,B09CDV9SSW,"Casenote Legal Briefs for Criminal Law Keyed to Kaplan, Weisberg, and Binder (Casenote Legal Briefs Series)",Casenote Legal Briefs,Kindle,"Aug 26, 2021",
0,https://www.amazon.com/dp/B09DQ9713J,B09DQ9713J,The Oxford Handbook of Comparative Health Law (Oxford Handbooks),David Orentlicher,Kindle,"Aug 26, 2021",
0,https://www.amazon.com/dp/B09DKMDGVD,B09DKMDGVD,Rule of Law vs Majoritarian Democracy,Giuliano Amato,Kindle,"Aug 26, 2021",
0,https://www.amazon.com/dp/B09CH8DH6M,B09CH8DH6M,"Intelligence as Democratic Statecraft: Accountability and Governance of Civil-Intelligence Relations Across the Five Eyes Security Community - the ... Kingdom, Canada, Australia, and New Zealand",Christian Leuprecht,Kindle,"Aug 26, 2021",
0,https://www.amazon.com/dp/B09BVK74Z8,B09BVK74Z8,"Human Rights Responsibilities in the Digital Age: States, Companies and Individuals",Jonathan Andrew,Kindle,"Aug 26, 2021",
0,https://www.amazon.com/dp/B09BVJLTZ2,B09BVJLTZ2,"Studies in the History of Tax Law, Volume 10",Professor Peter Harris,Kindle,"Aug 26, 2021",
0,https://www.amazon.com/dp/B09B3Y4XQQ,B09B3Y4XQQ,"Strengthening Human Rights Protections in Geneva, Israel, the West Bank and Beyond",Joseph E. David,Kindle,"Aug 26, 2021",
0,https://www.amazon.com/dp/B09B3WTNL2,B09B3WTNL2,The Archival Politics of International Courts (Cambridge Studies in Law and Society),Henry Alexander Redwood,Kindle,"Aug 26, 2021",
0,https://www.amazon.com/dp/B0DKVVRGD7,B0DKVVRGD7,The Interplay of Global Standards and EU Pharmaceutical Regulation: The International Council for Harmonisation,Sabrina Röttger-Wirtz,Kindle,"Aug 26, 2021",
0,https://www.amazon.com/dp/B0DKVMJF1Z,B0DKVMJF1Z,Private Actors as Participants in International Law: A Critical Analysis of Membership under the Law of the Sea,Armando Rocha,Kindle,"Aug 26, 2021",
0,https://www.amazon.com/dp/B09FT41GCW,B09FT41GCW,Corporate Opportunities: A Law and Economics Analysis (Contemporary Studies in Corporate Law),Marco Claudio Corradi,Kindle,"Aug 26, 2021",
0,https://www.amazon.com/dp/B09FPNSX1L,B09FPNSX1L,Land Law and the Extractive Industries: Challenges and Opportunities in Africa,Dr Victoria R Nalule,Kindle,"Aug 26, 2021",
0,https://www.amazon.com/dp/B09DTP33GP,B09DTP33GP,Systemic Theory in International Relations,Leonard Cupell,Kindle,"Aug 26, 2021",
0,https://www.amazon.com/dp/B09DTJTTB3,B09DTJTTB3,Raising Capital for Small Businesses,KOLA OWOLABI,Kindle,"Aug 26, 2021",
0,https://www.amazon.com/dp/B09DTFHR2K,B09DTFHR2K,Unmanned Aerial Vehicles: A Survey on Civil Applications and Key Research Challenges,Luc Boudreaux,Kindle,"Aug 26, 2021",
0,https://www.amazon.com/dp/B09DTFF8C1,B09DTFF8C1,The Nature Of Future Intelligence Organizations,Luc Boudreaux,Kindle,"Aug 26, 2021",
0,https://www.amazon.com/dp/B09DT7W1R1,B09DT7W1R1,"Army Communicator Volume 2, Issue 1 November 2019 Line of Sight Radio",Luc Boudreaux,Kindle,1 November 2019,
0,https://www.amazon.com/dp/B09DT7PD5G,B09DT7PD5G,"Army Communicator Volume 28, No. 2 Summer 2003 Reflecting Tomorrows Needs in Todays Training",Luc Boudreaux,Kindle,"Aug 26, 2021",
0,https://www.amazon.com/dp/B09DT56XQJ,B09DT56XQJ,"Army Communicator Volume 28, No. 1 Spring 2003 The White House Communications Agency Transforming Presidential Communications",Luc Boudreaux,Kindle,"Aug 26, 2021",
0,https://www.amazon.com/dp/B09DRY7CB9,B09DRY7CB9,Academic Freedom Under Pressure?: A Comparative Perspective,Margrit Seckelmann,Kindle,"Aug 26, 2021",
0,https://www.amazon.com/dp/B09DRY3Y9F,B09DRY3Y9F,Capitalism and the Dark Forces of Time and Ignorance: Economic and Political Expectations,David Harrison,Kindle,"Aug 26, 2021",
0,https://www.amazon.com/dp/B09DKM5K2Z,B09DKM5K2Z,Direct Jurisdiction: Asian Perspectives,Professor Anselmo Reyes,Kindle,"Aug 26, 2021",
0,https://www.amazon.com/dp/B09BVJYKPK,B09BVJYKPK,"Rethinking, Repackaging, and Rescuing World Trade Law in the Post-Pandemic Era",Dr Amrita Bahri,Kindle,"Aug 26, 2021",
1,https://www.amazon.com/dp/B09BNTYM1X,B09BNTYM1X,Copyright in the Digital Single Market: Article-by-Article Commentary to the Provisions of Directive 2019/790,Eleonora Rosati,Kindle,"Aug 26, 2021",
0,https://www.amazon.com/dp/B09B3X4GKC,B09B3X4GKC,Decoding Chinese Bilateral Investment Treaties,Shen Wei,Kindle,"Aug 26, 2021",
1,https://www.amazon.com/dp/B09B3W59N5,B09B3W59N5,State Responsibility and Rebels: The History and Legacy of Protecting Investment Against Revolution (Cambridge Studies in International and Comparative Law Book 161),Kathryn Greenman,Kindle,"Aug 26, 2021",
0,https://www.amazon.com/dp/B097ZJL6GZ,B097ZJL6GZ,"Asia-Pacific Trusts Law, Volume 1: Theory and Practice in Context (Hart Studies in Private Law)",Ying Khai Liew,Kindle,"Aug 26, 2021",
0,https://www.amazon.com/dp/B097HNL9KL,B097HNL9KL,The Brexit Challenge for Ireland and the United Kingdom: Constitutions Under Pressure,Oran Doyle,Kindle,"Aug 26, 2021",
0,https://www.amazon.com/dp/B0933KTMSF,B0933KTMSF,Statebuilding Missions and Media Development: A Context-Sensitive Approach (Routledge Studies in Intervention and Statebuilding),Kerstin Tomiak,Kindle,"Aug 26, 2021",
0,https://www.amazon.com/dp/B08ZJLBGJG,B08ZJLBGJG,Less-Lethal Weapons under International Law: A Three-Dimensional Perspective,Elisabeth Hoffberger-Pippan,Kindle,"Aug 26, 2021",
0,https://www.amazon.com/dp/B08X1L945G,B08X1L945G,The Asian Turn in Foreign Investment,Mahdev Mohan,Kindle,"Aug 26, 2021",
0,https://www.amazon.com/dp/B0D2BVMDD1,B0D2BVMDD1,Constitutional Review in the Middle East and North Africa (Nahoststudien - Middle Eastern Studies Book 4),Anja Schoeller-Schletter,Kindle,"Aug 25, 2021",
0,https://www.amazon.com/dp/B08XQVQ75Y,B08XQVQ75Y,Ancient Indigenous Human Remains and the Law (Routledge Research in International Law),Fiona Batt,Kindle,"Aug 25, 2021",
0,https://www.amazon.com/dp/B09DL7Y5YN,B09DL7Y5YN,The Ultimate Field: How to Claim the Magnetic Field That Creates Your Life,Rajni Kelly,Kindle,"Aug 25, 2021",
1,https://www.amazon.com/dp/B09DQ8G6NM,B09DQ8G6NM,South Carolina Constitution,South Carolina Legislature,Kindle,"Aug 25, 2021",
5,https://www.amazon.com/dp/B09DQ856SM,B09DQ856SM,Ancient Wisdom for a Modern Divorce,Susan Goldstein,Kindle,"Aug 25, 2021",
2,https://www.amazon.com/dp/B09DQ3KCXK,B09DQ3KCXK,FOR THE GOOD OF THE NATION: Essays and Perspectives,Sanusi Sanusi,Kindle,"Aug 25, 2021",
0,https://www.amazon.com/dp/B09966XKH4,B09966XKH4,"Exploitation, Ethics and Law: Violating the Ethos of the Doctor-Patient Relationship (Biomedical Law and Ethics Library)",Suzanne Ost,Kindle,"Aug 25, 2021",
0,https://www.amazon.com/dp/B0931QSQKT,B0931QSQKT,"The Routledge Companion to Corporate Social Responsibility (Routledge Companions in Business, Management and Marketing)",Thomas Maak,Kindle,"Aug 25, 2021",
0,https://www.amazon.com/dp/B09FKVFBMK,B09FKVFBMK,Company Law,Andrew Pierce,Kindle,"Aug 25, 2021",
0,https://www.amazon.com/dp/B09DR9J5F1,B09DR9J5F1,"Army Communicator Volume 2, Issue 4 March 2020 ESB-E",Luc Boudreaux,Kindle,4 March 2020,
0,https://www.amazon.com/dp/B09DQ8XCPP,B09DQ8XCPP,"Army Communicator Volume 2, Issue 2 January 2020",Luc Boudreaux,Kindle,2 January 2020,
0,https://www.amazon.com/dp/B09DQ54GVW,B09DQ54GVW,Durango (Colorado) City Council meetings index since 1881,City of Durango Colorado,Kindle,"Aug 25, 2021",
0,https://www.amazon.com/dp/B09DPLNM3P,B09DPLNM3P,Ontology of Legal Contracts – Focus on Finance (Digital Transformation: Need to Know Book 1),William S. Veatch,Kindle,"Aug 25, 2021",
0,https://www.amazon.com/dp/B09DK75F7L,B09DK75F7L,"Rule of Law: Cases, Strategies, and Interpretations",Barbara Faedda,Kindle,"Aug 25, 2021",
2,https://www.amazon.com/dp/B0933PL917,B0933PL917,Survival Driving: Staying Alive on the World’s Most Dangerous Roads,Robert H. Deatherage  Jr.,Kindle,"Aug 24, 2021",
0,https://www.amazon.com/dp/B0CY67ZLPP,B0CY67ZLPP,Unlawful Content Online: Towards a New Regulatory Framework for Online Platforms (Luxemburger Juristische Studien - Luxembourg Legal Studies Book 21),Carsten Ullrich,Kindle,"Aug 24, 2021",
0,https://www.amazon.com/dp/B09FT1X5TC,B09FT1X5TC,"Current Challenges of European Integration: 12th Network Europe Conference, 9 – 10 November 2020 (EIZ Publishing Book 211)",Andreas Kellerhals,Kindle,10 November 2020,
4,https://www.amazon.com/dp/B09DLDYX1L,B09DLDYX1L,Prison Chaplains on the Beat in US and UK Prisons,George  Walters-Sleyon PhD,Kindle,"Aug 24, 2021",
1,https://www.amazon.com/dp/B09DL6TPMD,B09DL6TPMD,The Ultimate Guide to Succeeding in Law School,Kimberly R. Silas,Kindle,"Aug 24, 2021",
1,https://www.amazon.com/dp/B09DKFJ1DQ,B09DKFJ1DQ,"Cyber Security, Artificial Intelligence, Data Protection & the Law",Robert Walters,Kindle,"Aug 24, 2021",
1,https://www.amazon.com/dp/B09B692DZQ,B09B692DZQ,Defending Eastern Europe: The defense policies of new NATO and EU member states,Jacek Lubecki,Kindle,"Aug 24, 2021",
0,https://www.amazon.com/dp/B098BRZCKV,B098BRZCKV,Eyes to the Sky: Privacy and Commerce in the Age of the Drone,Matthew Feeney,Kindle,"Aug 24, 2021",
0,https://www.amazon.com/dp/B09DM93FMW,B09DM93FMW,HUDCO Place Scam Led Andrews Ganj Project Account to Negative (HUDCO Scam Series Book 7),Alborz  Azar,Kindle,"Aug 24, 2021",
1,https://www.amazon.com/dp/B08ZJPDXC8,B08ZJPDXC8,HBR's 10 Must Reads for Executives 8-Volume Collection,Harvard Business Review,Kindle,"Aug 17, 2021",
0,https://www.amazon.com/dp/B09CV66GCV,B09CV66GCV,The Art Of Communication: Being Vocal Is The Key To Success,Ethan Noah,Kindle,"Aug 16, 2021",
0,https://www.amazon.com/dp/B09F6ZJZNQ,B09F6ZJZNQ,The Pile of Rubbish,Sandra Cañizares Ormeño,Kindle,"Aug 31, 2021",
0,https://www.amazon.com/dp/B09F3VCQQX,B09F3VCQQX,AWS Certified Solutions Architect - Associate : 300+ Exam Practice Questions with detail explanations and reference links - Second Edition,IP Specialist,Kindle,"Aug 30, 2021",
0,https://www.amazon.com/dp/B09F4YV4JN,B09F4YV4JN,AWS Certified Solutions Architect - Associate : Exam Cram Notes - Third Edition,IP Specialist,Kindle,"Aug 30, 2021",
1,https://www.amazon.com/dp/B09F3TH7VW,B09F3TH7VW,CyberArk (CAU305) Exam Practice Tests & Exam Review: Exam Prep Questions for CyberArk (CAU305) Latest Version with Reference,Yadav Mehta,Kindle,"Aug 30, 2021",
3,https://www.amazon.com/dp/B09DWN8MDH,B09DWN8MDH,ISTQB Certified Tester Foundation Level v4.0 Practice Questions,Gabriel Awoyemi,Kindle,"Aug 28, 2021",
0,https://www.amazon.com/dp/B09DV2NP57,B09DV2NP57,Certified Ethical Hacker (CEH) Preparation Guide: Lesson-Based Review of Ethical Hacking and Penetration Testing,Ahmed Sheikh,Kindle,"Aug 27, 2021",
4,https://www.amazon.com/dp/B09DGM9TCK,B09DGM9TCK,PCEP 30-01 Practice Exam: PCEP – Certified Entry-Level Python Programmer Certification (Python Institute Certifications),Jeremias Lacanienta,Kindle,"Aug 23, 2021",
1,https://www.amazon.com/dp/B09DGSQF4Z,B09DGSQF4Z,Cisco CCNP Support Exam Certification Guide,Amir S.  Ranjbar,Kindle,"Aug 23, 2021",
0,https://www.amazon.com/dp/B09DGRGBPR,B09DGRGBPR,CCNP Practical Studies Routing Exam 642-801 BSCI,Henry  Benjamin,Kindle,"Aug 23, 2021",
0,https://www.amazon.com/dp/B09DBF7YVS,B09DBF7YVS,"Perl Tests: For College Final Examination, Job Interview Examination, Engineer Certification Examination",Ray Yao,Kindle,"Aug 21, 2021",
0,https://www.amazon.com/dp/B09D9XQK51,B09D9XQK51,"Shell Scripting Tests: For College Final Examination, Job Interview Examination, Engineer Certification Examination",Ray  Yao,Kindle,"Aug 20, 2021",
0,https://www.amazon.com/dp/B09CZ8CS9Y,B09CZ8CS9Y,640-801 Cisco CCNA Cisco Certified Network Associate,Wendell  Odom,Kindle,"Aug 17, 2021",
1,https://www.amazon.com/dp/B09CX8RBS6,B09CX8RBS6,Exam MB-920: Microsoft Certified: Dynamics 365 Fundamentals (ERP) 48 Test Prep Questions,Ger Arevalo,Kindle,"Aug 16, 2021",
0,https://www.amazon.com/dp/B09CV9755R,B09CV9755R,CompTIA Cloud+ (Practice Exams),Robert Karamagi,Kindle,"Aug 16, 2021",
1,https://www.amazon.com/dp/B09CQ7HWSH,B09CQ7HWSH,Exam MB-910: Microsoft Certified Dynamics 365 Fundamentals (CRM) 40 Test Prep Questions,Ger Arevalo,Kindle,"Aug 15, 2021",
0,https://www.amazon.com/dp/B09CNWHFNR,B09CNWHFNR,SolarWinds Certified Professional Exam Practice Questions & Dumps: Exam Practice Tests For SolarWinds SCP-500 Latest Version,Vortex Books,Kindle,"Aug 14, 2021",
3,https://www.amazon.com/dp/B09CDZWH9B,B09CDZWH9B,SnowPro Core Exam Practice Questions & Dumps: Exam Practice Tests For SnowPro Core Latest Version,Vortex Books,Kindle,"Aug 10, 2021",
0,https://www.amazon.com/dp/B09C6QKKS9,B09C6QKKS9,Exam SC-300: Microsoft Identity and Access Administrator 33 Test Prep Questions,Ger Arevalo,Kindle,"Aug 8, 2021",
0,https://www.amazon.com/dp/B09C5KZ1FS,B09C5KZ1FS,AZ-400: Designing and Implementing Microsoft DevOps Solutions - Quick Reference Sheet,IP Specialist,Kindle,"Aug 8, 2021",
0,https://www.amazon.com/dp/B09F5S4G27,B09F5S4G27,"Strategic Management, Decision Theory, and Decision Science: Contributions to Policy Issues",Bikas Kumar Sinha,Kindle,"Aug 31, 2021",
1,https://www.amazon.com/dp/B09F6XGNCX,B09F6XGNCX,How To Close a Deal: The Sales Blueprint (Hustlin Handbook Book 3),Rodrigo Belone,Kindle,"Aug 31, 2021",
1,https://www.amazon.com/dp/B09F3KVFC1,B09F3KVFC1,Five Steps to Capacity Planning,Chris Gage,Kindle,"Aug 30, 2021",
0,https://www.amazon.com/dp/B09F2R81CZ,B09F2R81CZ,Fundraising In The Startup World: New Approaches For Entrepreneurs,Maximum Fredrick,Kindle,"Aug 30, 2021",
0,https://www.amazon.com/dp/B0D2RXW42S,B0D2RXW42S,European Demography and Economic Growth (Routledge Revivals),W. R. Lee,Kindle,"Aug 29, 2021",
0,https://www.amazon.com/dp/B09DWC6X4M,B09DWC6X4M,10 Key Points Risk Management in Churches of the 21st Century,Suzy  Astacio,Kindle,"Aug 27, 2021",
0,https://www.amazon.com/dp/B09DV2H64S,B09DV2H64S,Work-Life Matters: Crafting a New Balance at Work and at Home,David Pendleton,Kindle,"Aug 27, 2021",
0,https://www.amazon.com/dp/B0933PDLCS,B0933PDLCS,Strategic Management During a Pandemic (Routledge Research in Strategic Management),Vikas Kumar,Kindle,"Aug 26, 2021",
0,https://www.amazon.com/dp/B09CNBCDWC,B09CNBCDWC,Breaking the barriers to business,Business Focus,Kindle,"Aug 25, 2021",
0,https://www.amazon.com/dp/B09DP575DS,B09DP575DS,The Multiple Income Plan: What Billionaires Don’t Want You To Know About Creating Wealth,Adekola Einstein,Kindle,"Aug 24, 2021",
3,https://www.amazon.com/dp/B0933KP6RW,B0933KP6RW,Management Consulting Projects: A Step-by-Step Experiential Guide,Ronald Cook,Kindle,"Aug 23, 2021",
0,https://www.amazon.com/dp/B09DFLY3HV,B09DFLY3HV,15 steps to business profit: Simple zero-cost growth strategies,Kevin Hargraves,Kindle,"Aug 23, 2021",
0,https://www.amazon.com/dp/B08Y8PYKZ7,B08Y8PYKZ7,"Empowerment, Transparency, Technological Readiness and their Influence on Financial Performance, from a Latin American Perspective: A Sector Study",Martha Ríos Manríquez,Kindle,"Aug 23, 2021",
4,https://www.amazon.com/dp/B08N6P3V7Q,B08N6P3V7Q,DreamMakers: Innovating for the Greater Good,Michele Hunt,Kindle,"Aug 19, 2021",
0,https://www.amazon.com/dp/B09D7H617J,B09D7H617J,"Capital, Systems, and Objects: The Foundation and Future of Organizations from a South Asian Perspective (Management for Professionals)",Richard Thomas Watson,Kindle,"Aug 19, 2021",
0,https://www.amazon.com/dp/B09D51H3JK,B09D51H3JK,Strategic Planning Made Simple: New Life Planning Guide,Delanyo Adadevoh PhD,Kindle,"Aug 18, 2021",
0,https://www.amazon.com/dp/B09D42P4RY,B09D42P4RY,The Quick Guide to Strategic Planning in Healthcare,Ben  Newell,Kindle,"Aug 18, 2021",
0,https://www.amazon.com/dp/B0D1GS1QJQ,B0D1GS1QJQ,Optimum Size of Government Intervention: Emerging Economies and Their Challenges,Ramesh Chandra Das,Kindle,"Aug 17, 2021",
1,https://www.amazon.com/dp/B09CV2LPZ3,B09CV2LPZ3,B: Prosperity Consciousness,Mike Frase,Kindle,"Aug 16, 2021",
0,https://www.amazon.com/dp/B09CRZM1TR,B09CRZM1TR,Work Easy: Proven Strategies to Rise Quickly to the Peak of Your Career and Build Thought Leadership,Deborah David,Kindle,"Aug 15, 2021",
0,https://www.amazon.com/dp/B0933NJLR4,B0933NJLR4,British Regional Development Since World War I (Routledge Revivals),Christopher M. Law,Kindle,"Aug 14, 2021",
0,https://www.amazon.com/dp/B09F6J3GPZ,B09F6J3GPZ,My Top 40 Excel Tips/Tricks to Make Me More Efficient,Teri Brewer,Kindle,"Aug 31, 2021",
1,https://www.amazon.com/dp/B09DJMKFC6,B09DJMKFC6,"Team Spirit!: Milestones in Business, the Professions, and Public Service",Lyn Shepard,Kindle,"Aug 31, 2021",
3,https://www.amazon.com/dp/B0932DD5Z5,B0932DD5Z5,Theories of Workplace Learning in Changing Times (Routledge Psychology in Education),Filip Dochy,Hardcover,"Aug 25, 2021",
0,https://www.amazon.com/dp/B09DGTRZJ3,B09DGTRZJ3,Act Like An Owner Workbook,Dr. Daren Martin,Kindle,"Aug 23, 2021",
0,https://www.amazon.com/dp/B09CYLYSKB,B09CYLYSKB,Writing Learning Outcomes: A Practical Guide and Workbook,Leslie Allan,Kindle,"Aug 17, 2021",
0,https://www.amazon.com/dp/B09CV94DDW,B09CV94DDW,Success in the New Era of the Workplace: A Five-Lands Journey,Ayalla Reuven-Lelong,Kindle,"Aug 16, 2021",
0,https://www.amazon.com/dp/B09CN77WVB,B09CN77WVB,Earn High!!! from E-book Publishing,Mercy Ezindu-Odoemelam,Kindle,"Aug 13, 2021",
2,https://www.amazon.com/dp/B099PCBWW9,B099PCBWW9,Ebook: Creating Adaptable Teams: From the Psychology of Coaching to the Practice of Leaders,David Webster,Kindle,"Aug 9, 2021",
0,https://www.amazon.com/dp/B092G1RQ28,B092G1RQ28,Rain Maker Pro: A Manager’s Guide for Training Salespeople (ISSN),Clifton Warren,Kindle,"Aug 4, 2021",
0,https://www.amazon.com/dp/B09F3HPXC9,B09F3HPXC9,"Business Books: Turn Existing Content into an Ebook Lead Magnet, Create Warm Leads, and Skyrocket Your Business",Holly E.  Worton,Kindle,"Aug 31, 2021",
0,https://www.amazon.com/dp/B09C8Q21JL,B09C8Q21JL,The Surprising Secret to Creating Fans And Buyers: Content Marketing Stupified,Winston Ye,Kindle,"Aug 31, 2021",
1,https://www.amazon.com/dp/B09F3K8779,B09F3K8779,The Power Of Connecting: How To Activate Profitable Relationships By Serving Your Network,Nicky Billou,Kindle,"Aug 30, 2021",
2,https://www.amazon.com/dp/B0CM9QKZQZ,B0CM9QKZQZ,The Oxford Handbook of Supply Chain Management (Oxford Handbooks),Thomas Y. Choi,Kindle,"Aug 30, 2021",
0,https://www.amazon.com/dp/B09F3N764S,B09F3N764S,Fast Learn how to Audit your GoogleAds account,Andrei  Visan,Kindle,"Aug 30, 2021",
0,https://www.amazon.com/dp/B09F2ZMFGP,B09F2ZMFGP,Discover How To Monetize Your Instagram Account And Turn It Into A Sales Machine!,Gideon Innocent,Kindle,"Aug 30, 2021",
0,https://www.amazon.com/dp/B09F2LPQ7G,B09F2LPQ7G,SEO Secrets for the Local Business: A Comprehensive Local SEO Checklist to Increase Your Local Search Traffic & Sales: Reach More of Your Ideal Local Clients,Ruben Santiago,Kindle,"Aug 30, 2021",
0,https://www.amazon.com/dp/B09DZX671T,B09DZX671T,Proven Zero Dollar Advertising Strategies : That flat out work to grow your B2B business in 15 minutes a day or less,Jim Punzenberger,Kindle,"Aug 29, 2021",
0,https://www.amazon.com/dp/B09DY6VYLR,B09DY6VYLR,The Newbies Guide To Traffic Generation: Traffic generator,Gideon Innocent,Kindle,"Aug 29, 2021",
0,https://www.amazon.com/dp/B09DXLHK47,B09DXLHK47,Making Your Phone Ring with Internet Marketing for Cemeteries,Welton Hong,Kindle,"Aug 28, 2021",
1,https://www.amazon.com/dp/B09DX8PQVC,B09DX8PQVC,Radio Copywriting: How To Write Effective Radio Advertising,RK Musgrave,Kindle,"Aug 28, 2021",
0,https://www.amazon.com/dp/B09DTM94BK,B09DTM94BK,"One Month SEO Bootcamp: 30 Strategies to Rank Higher, Faster, and Longer",Bret Talley,Kindle,"Aug 26, 2021",
0,https://www.amazon.com/dp/B09DTB2P12,B09DTB2P12,The Affiliate marketing: Digital marketing,Aman Kumar,Kindle,"Aug 26, 2021",
1,https://www.amazon.com/dp/B09DRT7QFJ,B09DRT7QFJ,SELL LIKE CRAZY ON FACEBOOK : 3 Rugged Fast And Furious Ways To Keep Collecting Cash From Facebook Users 24/7 Non-Stop Even If You don't no how to Sell Anything Online!,ISHAK AYUBA,Kindle,"Aug 25, 2021",
0,https://www.amazon.com/dp/B09DP1W6DN,B09DP1W6DN,Secrets To Prosper: Financial prosperity begins within you,Rosana  Peñalver,Kindle,"Aug 24, 2021",
0,https://www.amazon.com/dp/B09DL3M8TK,B09DL3M8TK,The Grey Zones of Affiliate marketing: Make money and explode your income by avoiding these pitfalls.,Kyle J.Green,Kindle,"Aug 24, 2021",
0,https://www.amazon.com/dp/B09DDG65G4,B09DDG65G4,HOOD Social Media Marketer,Monica  Valtlor,Kindle,"Aug 22, 2021",
0,https://www.amazon.com/dp/B09DDD6TRC,B09DDD6TRC,Email Marketing Success,Gururaj Sakleshpur Udayashankar,Kindle,"Aug 22, 2021",
0,https://www.amazon.com/dp/B09DBYSRSD,B09DBYSRSD,Social Media Marketing: How to Create a Social Media Marketing Plan for Optimal Success,Elisha Belden,Kindle,"Aug 21, 2021",
0,https://www.amazon.com/dp/B09DBJ3KTN,B09DBJ3KTN,"Selling With WhatsApp: How to grow, Nurture and Sell to your Audience on WhatsApp",Rokeeb Adegoke,Kindle,"Aug 21, 2021",
0,https://www.amazon.com/dp/B09D9P4366,B09D9P4366,MARKETISING (forward to the past): How marketing and advertising are changing thanks to new technologies.,Geo Ceccarelli,Kindle,"Aug 20, 2021",
0,https://www.amazon.com/dp/B09DB1SNT8,B09DB1SNT8,"5 Email Strategy Lessons: Effective Emailing Marketing for Increased Brand Awareness, Lead Generation and Making Sales",Jo  Williams,Kindle,"Aug 20, 2021",
1,https://www.amazon.com/dp/B09D73LSCC,B09D73LSCC,Graced for the Win : Five Tips for Ads and Marketing,Jessica McNeil,Kindle,"Aug 19, 2021",
1,https://www.amazon.com/dp/B09CSNW85L,B09CSNW85L,"LUNCH YOUR BUSINESS ONLINE: THE MOST EFFECTIVE METHOD TO LUNCH YOUR BUSINESS ONLINE, SELL ANYTHING YOU WANT AND REACH YOUR TARGET CUSTOMER WITH CONVENIENCE",Journey Smart,Kindle,"Aug 15, 2021",
0,https://www.amazon.com/dp/B09CRBQCYQ,B09CRBQCYQ,The Chapati Tortilla Market,Lilian  kalekye,Kindle,"Aug 15, 2021",
0,https://www.amazon.com/dp/B09CQC27Z6,B09CQC27Z6,FINANCE WITH TWO HANDS : MONEY IS ALWAYS IN HURRY,ASHISH  PEDNEKAR,Kindle,"Aug 15, 2021",
0,https://www.amazon.com/dp/B09CDB8ZKN,B09CDB8ZKN,Share market tips: Share market tips (let's go to ayurveda Book 1),Sunil Maurya,Kindle,"Aug 15, 2021",
0,https://www.amazon.com/dp/B09CNVXFKD,B09CNVXFKD,The Ultimate Guide to Living Your Best Freelance Life,Shanea Patterson,Kindle,"Aug 14, 2021",
2,https://www.amazon.com/dp/B09CNB1SVV,B09CNB1SVV,WhatsApp Marketing Mastery: Unlock Your Selling Potential,Emmanuel Umoh,Kindle,"Aug 14, 2021",
1,https://www.amazon.com/dp/B09CMVD8X6,B09CMVD8X6,Instagram Success with Reels and Better Selfies: How to Create Content that Grows Your IG Account,Maggie Mage,Kindle,"Aug 13, 2021",
0,https://www.amazon.com/dp/B09CLMBKMC,B09CLMBKMC,NETWORK MARKETING SUPERSTAR: HOW TO GET STARTED AND SUCCEED IN NETWORK MARKETING,ABASS MULKU,Kindle,"Aug 12, 2021",
0,https://www.amazon.com/dp/B09CHB96R3,B09CHB96R3,Once upon a Digital Time,Lucky Gupta,Kindle,"Aug 11, 2021",
0,https://www.amazon.com/dp/B09CFVW8Z6,B09CFVW8Z6,Elements of a Great Website: How to Design Your Site to Get More Customers,Michael Daehn,Kindle,"Aug 11, 2021",
0,https://www.amazon.com/dp/B09CF4LWG6,B09CF4LWG6,The Nonconformist's Copywriting Bible: Yet Probably the Only One that Might Save You (SYL+JAS BUREAU BRAND COMMUNICATION SERIES Book 8),Jason CJ,Kindle,"Aug 10, 2021",
0,https://www.amazon.com/dp/B09CDXXPNN,B09CDXXPNN,Content Marketing Formula,Gururaj Sakleshpur Udayashankar,Kindle,"Aug 10, 2021",
0,https://www.amazon.com/dp/B09C6RF71S,B09C6RF71S,How to Convert LinkedIn Leads Into Sales & Profit Generator: LinkedIn Blueprint: Step by Step Guide How To Make Money Online And Build Your Business,Jo Williams,Kindle,"Aug 8, 2021",
0,https://www.amazon.com/dp/B09C4X4C9Y,B09C4X4C9Y,The Power of Social Media - Social Media Marketing with Case Studies : A beginners guide for business and personal use,Tom  Ellis,Kindle,"Aug 7, 2021",
1,https://www.amazon.com/dp/B09C427FRK,B09C427FRK,"GROW Your Hair Salon's Clientele ... for Savvy Hair Salons! (""Make it BIG! Savvy Hair Salon Book 3)",Linda L. Chappo,Kindle,"Aug 6, 2021",
1,https://www.amazon.com/dp/B09C2WF4SY,B09C2WF4SY,"Drive UP Profits: Make it BIG with Your Marketing Roadmap: Strategies for Savvy Hair Salons! (""Make it BIG! Savvy Hair Salon Book 6)",Linda L.  Chappo,Kindle,"Aug 6, 2021",
0,https://www.amazon.com/dp/B09C2QJTQN,B09C2QJTQN,How to Craft emails that Sell: Discover the GOLD inside YOUR Business. Why email marketing is NOT Dead.,John C Ashworth,Kindle,"Aug 5, 2021",
0,https://www.amazon.com/dp/B09BZWC85Y,B09BZWC85Y,E-BOOK CREATION AND PUBLISHING: Step By Step to Create and Publishing Your Books,JOSEPH SAMSON,Kindle,"Aug 4, 2021",
2,https://www.amazon.com/dp/B09BZC5L2N,B09BZC5L2N,HOW TO CREATE A WEBSITE LANDING PAGE IN 60 MINUTES OR LESS,Michael Phelps,Kindle,"Aug 4, 2021",
0,https://www.amazon.com/dp/B09BTYKDR4,B09BTYKDR4,How to Plan your Content to Generate Leads and Boost Sales: Create a strategic content marketing plan in 5 easy steps!,Colleen Hanahan,Kindle,"Aug 3, 2021",
3,https://www.amazon.com/dp/B09FPY4CB3,B09FPY4CB3,Level-Up: Your Strategy to Sustainable Marketing-Driven Growth,Raine Gaisford,Kindle,"Aug 2, 2021",
1,https://www.amazon.com/dp/B09BP6C2SV,B09BP6C2SV,The Creative Exiles,Wilson,Kindle,"Aug 1, 2021",
0,https://www.amazon.com/dp/B09BNVV93T,B09BNVV93T,INFLUENCER MARKETING: What is the New Direction for Influencer Marketing?,ERIC TRAN,Kindle,"Aug 1, 2021",
0,https://www.amazon.com/dp/B09BNQM6T3,B09BNQM6T3,"Social Marketing School Guide: Learn How To Use The Power of Social Media To Gain More Customers, Revenue and Profits!",Nid academy,Kindle,"Aug 1, 2021",
0,https://www.amazon.com/dp/B09DR87QV8,B09DR87QV8,Ideal Customer Avatar: How to creat and use it,BusinessLike -Online,Kindle,"Aug 25, 2021",
0,https://www.amazon.com/dp/B09DKFWTNZ,B09DKFWTNZ,"Marketing Management: Past, Present and Future (Springer Texts in Business and Economics)",Michael R. Czinkota,Kindle,"Aug 24, 2021",
0,https://www.amazon.com/dp/B09CP19PPG,B09CP19PPG,"The Psychology & Pathology of BigTech: Technology is now the dominant parasite and the psychological pathology that has reduced you & your business to ""dope on a rope""",Tom Pickering,Kindle,"Aug 13, 2021",
1,https://www.amazon.com/dp/B09C4TDPTR,B09C4TDPTR,"What is Affiliate Marketing?: Build an Audience, Refer Them Great Products (Diverse Entrepreneurs Book 36)",Joshua King,Kindle,"Aug 7, 2021",
1,https://www.amazon.com/dp/B08MQ58RLQ,B08MQ58RLQ,Good Ethics and Bad Choices: The Relevance of Behavioral Economics for Medical Ethics (Basic Bioethics),Jennifer S. Blumenthal-Barby,Kindle,"Aug 3, 2021",
