Total Reviews,Product Url,ASIN,Title,Author,Format,Publication Date,Publisher
0,https://www.amazon.com/dp/B098GTZZ4K,B098GTZZ4K,"Client Tracking Book: Customer Log Book for Small Business, Large Size 8.5x11inches Client tracker Book ,Client Data Organizer For Salon, Hair ... Business Owner, Customer Journal With Details",Amanda Swift,Paperback,"Jun 29, 2021",
0,https://www.amazon.com/dp/B0989VKS6X,B0989VKS6X,"Guest Book: Welcome book for your guest to sign and share memories during the stay at your beautiful cottage, cabin or lakeside property",Ray Allen,Paperback,"Jun 26, 2021",
0,https://www.amazon.com/dp/B09892L2PK,B09892L2PK,Salon Appointment Book: A Small Beauty Undated Appointment Planner 8 Columns 15 Minute Increments Weekly and Monthly include calendar for Hair ... 52 Weeks from Monday to Sunday 8AM - 8PM,Steven Dora Miron,Paperback,"Jun 25, 2021",
0,https://www.amazon.com/dp/B0972WH83L,B0972WH83L,"Connected Social Media Relationship Follow up Planner - Take Relationship Online to Offline, Expand Network for More Sales Opportunities in Life & ... Pages (Professional Minimalistic Notebook)",Professional Minimalistic,Paperback,"Jun 13, 2021",
0,https://www.amazon.com/dp/B0971MC9JR,B0971MC9JR,"Complaints Log Book: Customer Complaint Log Book | Complaint and Follow Up Log Book | Perfect for Businesses, Sites, Commercial and Industrial Premises | Track Customer Complaints | 100 pages",miraipa Books,Paperback,"Jun 12, 2021",
0,https://www.amazon.com/dp/B096ZBLPC8,B096ZBLPC8,"Barber Appointment book : Barbershop Appointment Book , Book For Hair Stylist , to keep track of client Lists , and Daily Schedules: 100 pages 8.5*11 inches",Elegant Print,Paperback,"Jun 12, 2021",
0,https://www.amazon.com/dp/B096TWBC7D,B096TWBC7D,My Networking Buddy: A Networking Journal,J Durant,Paperback,"Jun 5, 2021",
4,https://www.amazon.com/dp/B098GYT7LV,B098GYT7LV,Our First Year Together: Create a Beautiful Keepsake of Your Journey with this Anniversary Journal | large 8.5 x 11 - 100 Cream Pages simple dot grid notebook planner in Plain Black and Gold Print,S. J. Seferi,Paperback,"Jun 30, 2021",
0,https://www.amazon.com/dp/B098GJDHFQ,B098GJDHFQ,Zeta Phi Beta Sorority Sweet Lips Blank Lined Journal: ZPB Paraphernalia Gift for Women | Blue and White Diary Notebook for School or Office | New ... Greek Bid Day Accessories | 6x9 | 110 pages,Big Star Press,Paperback,"Jun 30, 2021",
0,https://www.amazon.com/dp/B098GJDHDQ,B098GJDHDQ,"What would you do if you knew you could not fail? Notebook Journal, Sketch Book NotePad Diary Memo Planner, 6”x9” & 100 pages",Trillium Center,Paperback,"Jun 30, 2021",
0,https://www.amazon.com/dp/B098GT2V4N,B098GT2V4N,Prayer Journal for Men: Between me & You Lord: Christian Men's daily devotional notebook - Easy to use layout with 8 prompt headings - Quick & simple ... & prayer requests for yourself and others,Harmony Samson-Selby,Paperback,"Jun 30, 2021",
0,https://www.amazon.com/dp/B09BJKNGFX,B09BJKNGFX,NoteBook: Size (6x 9 inches) 120 Pages: Lined Paper,David Morata,Paperback,"Jun 30, 2021",
0,https://www.amazon.com/dp/B099BYPWZR,B099BYPWZR,Do All Things With Love: Beautiful Marble Print Blank Lined Journal,Khalidah Messiah,Paperback,"Jun 30, 2021",
0,https://www.amazon.com/dp/B0991LPVRV,B0991LPVRV,Cloudy Dreams Diary,RèvHeur One,Paperback,"Jun 30, 2021",
0,https://www.amazon.com/dp/B0991CL5N3,B0991CL5N3,"Birthday Coloring Book For Cat Lover Legendary Since 1978 Limited Edition: Fun, Easy, Relaxing, Stress Relieving Adults Coloring Book Of Kittens Cats, ... Book For Adult Relaxation 43rd Birthday Gift",Chico Publishing Group,Paperback,"Jun 30, 2021",
0,https://www.amazon.com/dp/B09918FJJN,B09918FJJN,An Attitude Of Gratitude Manifestation Journal: Daily/Weekly Affirmation notebook For Your Soul,Red Wheel Books,Paperback,"Jun 30, 2021",
0,https://www.amazon.com/dp/B098QMC62S,B098QMC62S,Mind Over Matter: Lined Notebook: Notebook/ Journal/ Diary,Felicia Wynter,Paperback,"Jun 30, 2021",
0,https://www.amazon.com/dp/B098L1MXKG,B098L1MXKG,Limited Edition 2000: (6 x 9) 21st Birthday Lined 120 Page Journal Funny Cute 21 Years Old 2000 Birthday Gifts Notebook For Men Women Girls Born in 2000,CherryBlossom Publishing,Paperback,"Jun 30, 2021",
1,https://www.amazon.com/dp/B098L1MPN9,B098L1MPN9,Peace Within Affirmation Coloring Book,Alena Redwine,Paperback,"Jun 30, 2021",
0,https://www.amazon.com/dp/B098JVZQY5,B098JVZQY5,Gold splash paint on black background notebook: 6 x 9 journal 120 pages writing notepad for notetaking black lined ruled gold splash paint cover notebook.,fun  pattern notebooks notebooks,Paperback,"Jun 30, 2021",
0,https://www.amazon.com/dp/B098JVZQLQ,B098JVZQLQ,"Dream Journal: Yellow Dream Journal with Black Stars Cover Design, 6x9 inches dream notebook, 94 writing pages",Emerald Eva,Paperback,"Jun 30, 2021",
0,https://www.amazon.com/dp/B098JVZQCS,B098JVZQCS,Gardener's Notebook: A great gift for people who love to garden,Anna Anders,Paperback,"Jun 30, 2021",
0,https://www.amazon.com/dp/B098JVZ9DS,B098JVZ9DS,"Birthday Coloring Book For Adults Cat Lover Legendary Since 1977 Limited Edition: Fun, Easy, Relaxing, Stress Relieving Coloring Book Of Kittens, ... Book For Adult Relaxation 44th Birthday",Chico Publishing Group,Paperback,"Jun 30, 2021",
0,https://www.amazon.com/dp/B098JL3XGD,B098JL3XGD,Balance: Blank Lined Journal Notebook Flamingo Design,Heart Haven,Paperback,"Jun 30, 2021",
0,https://www.amazon.com/dp/B098GT2V9V,B098GT2V9V,It's LIT: A Fire Print Blank Lined Journal,Khalidah Messiah,Paperback,"Jun 30, 2021",
0,https://www.amazon.com/dp/B098GT2V1J,B098GT2V1J,"Simple Weekly Planner: Weekly Vibrant Calendar, Organizer, Scheduler, Productivity Tracker, Priority Task, Weekly Goal, To-Do List - Marbled Purple Cover by Waltraud Hartung",Waltraud Hartung,Paperback,"Jun 30, 2021",
0,https://www.amazon.com/dp/B098GT2SYB,B098GT2SYB,"Client Record Book: Client Record Book Pink Leopard Cover, Client Tracking Log Book, Client Data Organizer For Salon, Customer Journal With Details | 120 Pages, Size 8.5"" x 11"" by Kristina Schulz",Kristina Schulz,Paperback,"Jun 30, 2021",
0,https://www.amazon.com/dp/B098GT2FPT,B098GT2FPT,Women Prayer Journal,K&G Lee,Paperback,"Jun 30, 2021",
0,https://www.amazon.com/dp/B098GT2FPC,B098GT2FPC,"Goal Setting Planner: Rainbow Watercolor Cover Goal Setting Planner, Daily Goal Setting Planner Gratitude Journal Notebook Diary Log Book Organizer | 120 pages, Size 6"" x 9"" by Klaus Berg",Klaus Berg,Paperback,"Jun 30, 2021",
1,https://www.amazon.com/dp/B098GT2F9V,B098GT2F9V,Keep Calm: Lined Notebook Blue Green Serene,The Busy Shopper,Paperback,"Jun 30, 2021",
0,https://www.amazon.com/dp/B098GT2F14,B098GT2F14,"Goal Setting Planner: Goal Setting Planner Space Cover, Daily Goal Setting Planner Gratitude Journal Notebook Diary Log Book Organizer, 120 pages, Size 6"" x 9"" by Wanda Schilling",Wanda Schilling,Paperback,"Jun 30, 2021",
0,https://www.amazon.com/dp/B098GT2CJM,B098GT2CJM,Monogram Wedding Guest Book: Letter B | Black and Gold | 200 Guest Entries,Oh Happy Day Press,Paperback,"Jun 30, 2021",
1,https://www.amazon.com/dp/B098GT2C8T,B098GT2C8T,My Sermon Notes Journal (Pink Floral),Everyday Christian Girl,Paperback,"Jun 30, 2021",
0,https://www.amazon.com/dp/B098GSZ2DB,B098GSZ2DB,"Simple Monthly Planners: Pretty Simple Planners Monthly and Year | To Do List, Goals, and Agenda for School, Home and Work | Premium Cute Fox Cover by Vanessa Steiner",Vanessa Steiner,Paperback,"Jun 30, 2021",
0,https://www.amazon.com/dp/B098GSRSZ9,B098GSRSZ9,Stop and Smell the Roses: Goal Oriented Planner,Cute Daily Journals,Paperback,"Jun 30, 2021",
0,https://www.amazon.com/dp/B098GSRSTL,B098GSRSTL,"Client Record Book: Pink Leopard Cover Client Record Book | Personal Client Record Book Customer Information Tracker, 120 Pages, Size 8.5"" x 11"" by Rudi Walther",Rudi Walther,Paperback,"Jun 30, 2021",
0,https://www.amazon.com/dp/B098GSP8PZ,B098GSP8PZ,Knitter's Project Book: A Creative Project Logbook For Beginner And Advanced Knitters. The Perfect Book To Track & Record All Your WIP's & FO's!,Dutch Diva Press,Paperback,"Jun 30, 2021",
0,https://www.amazon.com/dp/B098GSP8P1,B098GSP8P1,You Got This Inspirational Quote Notebook: Triangle Design 10,Fire Cactus Books,Paperback,"Jun 30, 2021",
0,https://www.amazon.com/dp/B098GSP8FR,B098GSP8FR,"52 Week Reseller Planner: Daily Tracking for Listings, Sales, and Goals-Oversized 8.5""x11""",Ryan Shoemaker,Paperback,"Jun 30, 2021",
0,https://www.amazon.com/dp/B098GSP8CX,B098GSP8CX,"Client Record Book: Client Record Book Citrus Cover, Large Size 8.5x11"" 120 Pages Client Profile & ServiceLog Book, by Robin Herrmann",Robin Herrmann,Paperback,"Jun 30, 2021",
0,https://www.amazon.com/dp/B098GQSRNN,B098GQSRNN,Limited Edition 1996: (6 x 9) 25th Birthday Lined 120 Page Journal Funny Cute 25 Years Old 1996 Birthday Gifts Notebook For Men Women Girls Mom Aunt Born in 1996,CherryBlossom Publishing,Paperback,"Jun 30, 2021",
0,https://www.amazon.com/dp/B098GQSR6Z,B098GQSR6Z,Gratitude Journal,Nika Lee,Paperback,"Jun 30, 2021",
1,https://www.amazon.com/dp/B098GQSR3T,B098GQSR3T,Literally just a ruled notebook: Minimalist ruled notebook; journal; diary,Anna B,Paperback,"Jun 30, 2021",
0,https://www.amazon.com/dp/B098GL42CD,B098GL42CD,Dreams Diary,Rèhveur One,Paperback,"Jun 30, 2021",
1,https://www.amazon.com/dp/B098GJDHR3,B098GJDHR3,To My Best Friend On Her Wedding Day: Notebook/Journal for Bride | Congratulations Bestie | Bridal Gift for Her | large 8.5 x 11 - 100 Cream Pages simple dot grid planner,S. J. Seferi,Paperback,"Jun 30, 2021",
0,https://www.amazon.com/dp/B098GJDHKV,B098GJDHKV,Round Mandala Coloring Book: 125+ Patterns for Calming Adult Coloring,Be Bold 4 Good Press,Paperback,"Jun 30, 2021",
0,https://www.amazon.com/dp/B098GJDHB9,B098GJDHB9,You Got This Inspirational Quote Notebook: Triangle Design 5,Fire Cactus Books,Paperback,"Jun 30, 2021",
0,https://www.amazon.com/dp/B098GJDHB4,B098GJDHB4,Dream Journal,Brand Iwalani,Paperback,"Jun 30, 2021",
4,https://www.amazon.com/dp/B098GJDH7X,B098GJDH7X,"Notebook: Coffee, Content & Creativity: Composition Notebook - College Ruled 100 Pages - Large 8.5 x 11 (Black Curator Collection)",Ebonie L Gipson,Paperback,"Jun 30, 2021",
0,https://www.amazon.com/dp/B098GJDH7G,B098GJDH7G,"Simple Monthly Planners: Pretty Simple Planners Monthly and Year | To Do List, Goals, and Agenda for School, Home and Work | Premium Triangles Cover by Konstanze Fleischmann",Konstanze Fleischmann,Paperback,"Jun 30, 2021",
0,https://www.amazon.com/dp/B098GJDH6S,B098GJDH6S,Daily Thoughts...: Thought and Memory Journal and Notebook.,Ms Jane M Hancox,Paperback,"Jun 30, 2021",
0,https://www.amazon.com/dp/B098G94WQP,B098G94WQP,"Focus Inward: A journal for self-reflection, assessment, and growth",Dr. Marc Seligman,Paperback,"Jun 30, 2021",
0,https://www.amazon.com/dp/110562773X,110562773X,lovely little things: a small poetry collection,Ryn Martin,Paperback,"Jun 30, 2021",
0,https://www.amazon.com/dp/B098CRB7SX,B098CRB7SX,Cooking With Power XL Smokeless Grill: Collection Of Mouthwatering Indoor Grill Recipes You Can Try: Smokeless Grill Dessert Recipes,Patrina Pozzo,Paperback,"Jun 30, 2021",
0,https://www.amazon.com/dp/B098GQSR85,B098GQSR85,"Team Broccoli: Funny Broccoli Notebook With Lined Pages, A Simple And Practical Gift Idea For Broccoli Lovers",Elite Publishing,Paperback,"Jun 30, 2021",
2,https://www.amazon.com/dp/B098DQC531,B098DQC531,"Power XL Smokeless Grill Meals Prep: Detailed Instruction & Simple, Delicious Recipes For Beginners: How Do You Grill Indoors",Janyce Kaylo,Paperback,"Jun 30, 2021",
0,https://www.amazon.com/dp/B098JVZQNL,B098JVZQNL,"My 6th Birthday Guest Book: Unicorn Rose Gold Glitter, Happy 6th Birthday Party Celebration Keepsake Guestbook, Full-color interior",Vintage Party Guest Book,Paperback,"Jun 30, 2021",
0,https://www.amazon.com/dp/B098H61VQ1,B098H61VQ1,"Planner: Weekly meal planner, meals, planning, easy",Dakota Jones,Paperback,"Jun 30, 2021",
0,https://www.amazon.com/dp/B098GT2SQZ,B098GT2SQZ,Recipe Cookbook,K&G Lee,Paperback,"Jun 30, 2021",
0,https://www.amazon.com/dp/B098GSP8VR,B098GSP8VR,My Food Journal: 6 Month Edition,PS Memphis,Paperback,"Jun 30, 2021",
0,https://www.amazon.com/dp/B098GJDH5Y,B098GJDH5Y,BBQ Recipe Book,Annie Brown,Paperback,"Jun 30, 2021",
0,https://www.amazon.com/dp/B098G94WPH,B098G94WPH,Bon Appétit,Mwaka Nalwimba,Paperback,"Jun 30, 2021",
0,https://www.amazon.com/dp/B098G94W2L,B098G94W2L,"Blood Sugar Log Book and Food Journal | BS LOG: Daily Diabetic Glucose Tracker Journal With Food, Mood & Water Log for 52 Weeks",Lora Cannon,Paperback,"Jun 30, 2021",
0,https://www.amazon.com/dp/B098G8XBSL,B098G8XBSL,Recipe Cookbook,K&G Lee,Paperback,"Jun 30, 2021",
0,https://www.amazon.com/dp/B098DQCZWM,B098DQCZWM,"Pasta Cookbook: Collection Of Pasta Main Dishes, Salads, And Side Dishes: Italian Seafood Pasta Recipes",Teodora Verser,Paperback,"Jun 30, 2021",
0,https://www.amazon.com/dp/B098DMPCFX,B098DMPCFX,Cooking Ramen Noodles: Tasty Ramen Recipes That You Can Easily Eat Again And Again: Ramen Noodle Recipes For Beginners,Parker Kopiak,Paperback,"Jun 30, 2021",
0,https://www.amazon.com/dp/B098CX6XST,B098CX6XST,Ramen Noodles For Your Family: Quick & Simple Ramen Noodle Recipes Everyone Will Enjoy: What To Add To Ramen To Make It Better,Dorie Ciliberto,Paperback,"Jun 30, 2021",
2,https://www.amazon.com/dp/B098CVDC2Y,B098CVDC2Y,Guide To Prepare Your Ramen: 25 Super Easy Ramen Noodle Recipes: How To Make Simple Ramen Better,Christiane Simoens,Paperback,"Jun 30, 2021",
1,https://www.amazon.com/dp/B09919C34W,B09919C34W,2 Year Weekly Meal Planner | Food Journal Notebook | Food Diary | Meal Planning Notebook | 104 Week Food Planner | Dieting Meal Planner,Antoinette Darius,Paperback,"Jun 29, 2021",
2,https://www.amazon.com/dp/192258312X,192258312X,Governance of the Divinely-Sanctioned Social Order under Conditions of Religious Solidarity Volume 1: First Principles,Sayyid Ali Khamenei,Paperback,"Jun 30, 2021",
3,https://www.amazon.com/dp/B096HSLL3C,B096HSLL3C,Australians In Vietnam War: Australians Tours Of Duty In South Vietnam: Why Not The Local People In High Regard By The Aussies,Wm Hedgecock,Paperback,"Jun 3, 2021",
0,https://www.amazon.com/dp/164825022X,164825022X,Augustus Hopkins Strong and the Struggle to Reconcile Christian Theology with Modern Thought,John Aloisi,Paperback,"Jun 30, 2021",
0,https://www.amazon.com/dp/B098GYTB17,B098GYTB17,"Happy Canada day: Lined Notebook / Journal Gift, 120 Pages, 6x9, Soft Cover, Matte Finish",Otoe Dan,Paperback,"Jun 30, 2021",
0,https://www.amazon.com/dp/B098GSRS3Q,B098GSRS3Q,4th Of July 2021 Journal: A Unique Design Journal Notebook Gift To Celebrate The 4th Of July For This Year 2021; For The America Independence Day; Blank Lined Diary For Loved Ones;,Ssoubssoub Publishing,Paperback,"Jun 30, 2021",
1,https://www.amazon.com/dp/B098CR95Q1,B098CR95Q1,Tartaria - Lemuria: (not in colour),David Ewing Jr,Paperback,"Jun 30, 2021",
0,https://www.amazon.com/dp/620350047X,620350047X,Domestic geopolitical thought: Content and historical forms,Alexei Elatskov,Paperback,"Jun 30, 2021",
0,https://www.amazon.com/dp/198859264X,198859264X,Kate Edger: The Life of a Pioneering Feminist,Diana Morrow,Paperback,"Jun 30, 2021",
1,https://www.amazon.com/dp/B098GX27YR,B098GX27YR,DISASTERS: Food & Supplies. Checklist for Survival,Jeffrey Rhynard,Paperback,"Jun 30, 2021",
0,https://www.amazon.com/dp/B098GT2VHL,B098GT2VHL,"Baby Shower Guest Book: Castles Baby Shower Guest Book, A Simple Mamie And Babies Guestbook | 150 Pages, Size 8.25"" x 6"" By Nikolai Gebhardt",Nikolai Gebhardt,Paperback,"Jun 30, 2021",
0,https://www.amazon.com/dp/B098GSRS4S,B098GSRS4S,"Baby Shower Guest Book: Fruit Faces Baby Shower Guest Book, A Simple Mamie And Babies Guestbook | 150 Pages, Size 8.25"" x 6"" By Joseph Kunz",Joseph Kunz,Paperback,"Jun 30, 2021",
0,https://www.amazon.com/dp/B098JVZQ8Q,B098JVZQ8Q,"Notebook: Camouflage Blue Composition Notebook College Ruled, Writer's Notebook for Schools, 120 Pages - Large 7.5"" x 9.25"" Design by Dirk Runge",Dirk Runge,Paperback,"Jun 30, 2021",
0,https://www.amazon.com/dp/B098JVZQ8F,B098JVZQ8F,"Notebook: Composition Notebook College Ruled, Marbled Grey Cover Back to School Composition Book | 120 Pages - Large 7.5"" x 9.25"" By Winfried Eberhardt",Winfried Eberhardt,Paperback,"Jun 30, 2021",
0,https://www.amazon.com/dp/B098GX2DZ6,B098GX2DZ6,Powered by Ramen and Corgis Funny Corgi Dog Lover Anime : Debt Tracker,Elizabeth Pinkard,Paperback,"Jun 30, 2021",
0,https://www.amazon.com/dp/B098GT2VP8,B098GT2VP8,"Cattle Log Book: Livestock Record Keeping Book. Cattle Record Keeping: Farm, Beef Calving Log, Calves Journal, Cattle Milk Production, Cattle Medical",Bidooli Designs,Paperback,"Jun 30, 2021",
0,https://www.amazon.com/dp/B098GT2S5Y,B098GT2S5Y,Account Information Notebook | Christian Grandmother Quote Double Blessed Grandma of Twins,Roberta Thomley,Paperback,"Jun 30, 2021",
0,https://www.amazon.com/dp/B098GT2FLX,B098GT2FLX,"Address Book: Camouflage Cover Address Book, Record Birthday, Phone Number, Address, Email and Notes, 120 Pages, Size 8.5"" x 11"" Design by Magdalena Seiler",Magdalena Seiler,Paperback,"Jun 30, 2021",
0,https://www.amazon.com/dp/B098GT2F8M,B098GT2F8M,"Accounting Ledger Book: Accounting Ledger for Bookkeeping Size 8.5"" x 11"" | Triangles Cover Design By Konstanze Fleischmann",Konstanze Fleischmann,Paperback,"Jun 30, 2021",
0,https://www.amazon.com/dp/B098GT2CLY,B098GT2CLY,You Are Stronger Than You Think: Never Give Up (Inspirational Journals to Write In) 8.5 x 11 with Affirmation quote,Scout Johnston,Paperback,"Jun 30, 2021",
0,https://www.amazon.com/dp/B098GT2CH1,B098GT2CH1,"Simple Weekly Planner: Weekly Vibrant Calendar, Organizer, Scheduler, Productivity Tracker, Priority Task, Weekly Goal, To-Do List, Size 8"" x 10"" | Cute Fox Cover by Vanessa Steiner",Vanessa Steiner,Paperback,"Jun 30, 2021",
0,https://www.amazon.com/dp/B098GSRSWT,B098GSRSWT,"Trading Journal Log: Stock Market Notebook, Stock Market Investment Tracker, Day Trading Log Book",Paper Sky Press,Paperback,"Jun 30, 2021",
0,https://www.amazon.com/dp/B098GSRSG6,B098GSRSG6,Cursive Practice Paper: Notebook with Dotted sheets for students to practice cursive,Joyful Life Journals,Paperback,"Jun 30, 2021",
0,https://www.amazon.com/dp/B098GSP8QF,B098GSP8QF,"Chaos Coordinator Because Freaking Miracle Worker Is Not a Job Title.: Funny Gift For Coworker, Great Gag Gift Idea With Funny Saying On Cover | 120 ... Journal For Writing And Note Taking",medox Edition,Paperback,"Jun 30, 2021",
0,https://www.amazon.com/dp/B098GSP8NS,B098GSP8NS,COMPOSITION NOTEBOOK: Bightly coloured waves for Office Workers and Students.,Heather Ann Straw,Paperback,"Jun 30, 2021",
0,https://www.amazon.com/dp/B098GN76HD,B098GN76HD,Pitbull Silhouette Sunset Retro Pitties Dog Lover Owner: Debt Tracker,Elizabeth Pinkard,Paperback,"Jun 30, 2021",
0,https://www.amazon.com/dp/B098GL421R,B098GL421R,Proud Auntie Of A Class Of 202 Graduate Senior 202 : Debt Tracker,Elizabeth Pinkard,Paperback,"Jun 30, 2021",
0,https://www.amazon.com/dp/B098GL3YLQ,B098GL3YLQ,Account Information Notebook | Every Man Truly Lives William Wallace Quote Scotland,Roberta Thomley,Paperback,"Jun 30, 2021",
0,https://www.amazon.com/dp/B098GJDHJ1,B098GJDHJ1,"Turn Baby Turn: Wind Turbine Notebook For Windtech, Wind Turbine Technician, Wind Engineer, Reneawable Enegry Supporter",SteMi Publishing,Paperback,"Jun 30, 2021",
0,https://www.amazon.com/dp/B098GJDHG2,B098GJDHG2,"Best Waitress Ever: Bartending Notebook For Waiter, Waitress, Mixologist, and Barkeeper",SteMi Publishing,Paperback,"Jun 30, 2021",
0,https://www.amazon.com/dp/B098GJDH9Z,B098GJDH9Z,B: B notebook journal & Notes for Girls and man,zas ennaji,Paperback,"Jun 30, 2021",
0,https://www.amazon.com/dp/B098GJDH9F,B098GJDH9F,"Trading Log Book: day trading log & investing journal, For Stock Market Traders and Investors (Stocks, Options, Futures, Forex Logbook And Trade Strategies Journal), 8.5"" x 11"" Desk Size , 150 Pages",Juva Publishing,Paperback,"Jun 30, 2021",
0,https://www.amazon.com/dp/B098GJDH98,B098GJDH98,Business Goals,Annie Brown,Paperback,"Jun 30, 2021",
0,https://www.amazon.com/dp/B098GJDH3J,B098GJDH3J,"Check Register Book: Check Register Book Triangle Cover 120 Pages, Size 8.5"" x 11"" To Check Bank Transaction and Debit Card Register by Milan Jordan",Milan Jordan,Paperback,"Jun 30, 2021",
0,https://www.amazon.com/dp/B098GJDFMS,B098GJDFMS,Antidepressant Pitbull Funny Pitties Dog Lover Owner Saving Tracker,Grace Walton,Paperback,"Jun 30, 2021",
0,https://www.amazon.com/dp/B098G94WQ1,B098G94WQ1,"Inventory Log Book: Premium Pineapples Cover Inventory Log Book, Inventory Log Book For Business | Simple Inventory Tracker, 120 Pages, Size 8.5"" x 11"" by Florian Reich",Florian Reich,Paperback,"Jun 30, 2021",
0,https://www.amazon.com/dp/B098G94WG4,B098G94WG4,"Accounting Ledger Book: Accounting Ledger for Bookkeeping Size 8.5"" x 11"" | Kawaii Kitty Cat Cover Design By Margrit Behrendt",Margrit Behrendt,Paperback,"Jun 30, 2021",
0,https://www.amazon.com/dp/B098G94W3J,B098G94W3J,"Daily Planner for Anthony | 6x9 inches | 120 pages: Daily Planner Paperback without date for planning, organize plan with specific name",HOWARD E. Bruner,Paperback,"Jun 30, 2021",
0,https://www.amazon.com/dp/B098CVDC38,B098CVDC38,"Who will Astrid be? (Who will baby be? (girl, dark hair) A-Q)",Ela Krepska,Paperback,"Jun 30, 2021",
0,https://www.amazon.com/dp/B098CSN22Z,B098CSN22Z,"Who will Esther be? (Who will baby be? (girl, dark hair) A-Q)",Ela Krepska,Paperback,"Jun 30, 2021",
0,https://www.amazon.com/dp/620392783X,620392783X,Sustainable Development: Common Future,Mahmood Yekeh Yazdandoost,Paperback,"Jun 30, 2021",
0,https://www.amazon.com/dp/110549991X,110549991X,Success and Beyond Bible Verse Weekly Planner,James Washington,Paperback,"Jun 30, 2021",
0,https://www.amazon.com/dp/103209687X,103209687X,The Spartan W@rker (Routledge Focus on Business and Management),Konstantinos Perrotis,Paperback,"Jun 30, 2021",
1,https://www.amazon.com/dp/B098L45V9L,B098L45V9L,Sudoku for Kids Ages 8-10: Over 200 Puzzles | Very Easy to Medium,Valerie Peaseblossom Press,Paperback,"Jun 30, 2021",
0,https://www.amazon.com/dp/B0FV8QBCGT,B0FV8QBCGT,Children colouring book.: Suitable for adults and children .,Agg Silver,Paperback,"Jun 30, 2021",
0,https://www.amazon.com/dp/B09DMR5JFC,B09DMR5JFC,Journal: safari journal 6x9 120 pgs.,Jenna Rodarti,Paperback,"Jun 30, 2021",
0,https://www.amazon.com/dp/B099FWK8YF,B099FWK8YF,Dotted Paper Notebook|: 109 pages | Size 8.5 x 11 IN | 21.59 x 27.94 cm | Double-sided | dotted paper with margins,DigitalPrint Publishing,Paperback,"Jun 30, 2021",
0,https://www.amazon.com/dp/B0991J4T78,B0991J4T78,"Math Graphing Notebook: Math Squared Notebook, Large Print, 120 Quad Ruled 4x4 Pages, Simple Graph Paper Journal",Roro Books,Paperback,"Jun 30, 2021",
0,https://www.amazon.com/dp/B0991CL7T5,B0991CL7T5,"I'M READY FOR AN ADVENTURE: Notebook for travelers size 6 x 9 in, 120 Lined Pages",Note Book,Paperback,"Jun 30, 2021",
0,https://www.amazon.com/dp/B098JVZQW6,B098JVZQW6,Little Blue Dive Log: Blue Cover - Size: 6 x 9 Inches - 120 Pages - Scuba Diver Log Sheets - Paperback,Little Black Books,Paperback,"Jun 30, 2021",
0,https://www.amazon.com/dp/B098JVZQTS,B098JVZQTS,Family Memories: Tell Your Family's Story,Carl Wright,Paperback,"Jun 30, 2021",
0,https://www.amazon.com/dp/B098JVZQS4,B098JVZQS4,"Primary Story Journal Composition Book: Citrus Fruits Cover | Handwriting Practice notebook for kids boys and girls, Blank Dotted Lined Notebooks, By Bodo Sander, Size 8.5"" x 11"", 120 Pages",Bodo Sander,Paperback,"Jun 30, 2021",
0,https://www.amazon.com/dp/B098JVZQQB,B098JVZQQB,Sketch Book,Kelly Manu,Paperback,"Jun 30, 2021",
0,https://www.amazon.com/dp/B098JVZQPD,B098JVZQPD,"Graph Paper Composition Notebook: Fruit Faces Graph Paper Composition, Grid Paper Notebook, Quad Ruled, 100 Sheets, Size 8.5"" x 11"" by Joseph Kunz",Joseph Kunz,Paperback,"Jun 30, 2021",
0,https://www.amazon.com/dp/B098JVZQJT,B098JVZQJT,COMPOSITION NOTEBOOK: UNICORN COLORS - WIDE-RULED 7.5 X 9.25 100 SHEETS / 200 PAGES,Sheila Adams,Paperback,"Jun 30, 2021",
0,https://www.amazon.com/dp/B098JVZQGC,B098JVZQGC,Body Measurements Tracker - I Make 46th Years Old Look Good 46 Birthday,Emmy Kasuboski,Paperback,"Jun 30, 2021",
0,https://www.amazon.com/dp/B098JVZQ8X,B098JVZQ8X,Composition Notebook: Wide Ruled Lined Paper Notebook Journal: “Dessert” Workbook for Girls Kids Teens Students for Back to School and Home College Writing Notes,Yvonna McCray,Paperback,"Jun 30, 2021",
0,https://www.amazon.com/dp/B098JL3XFK,B098JL3XFK,"Cynthia Mandala Journal, Cute Mandala Notebook With Female Names: Personalized Cynthia Mandala Journal For Girls 6''x9'' White Lined Paper 120 Pages",GR84RT Mandala Publishing,Paperback,"Jun 30, 2021",
0,https://www.amazon.com/dp/B098JL3X63,B098JL3X63,"Draw and Write Journal: Mandala Primary Story Journal, draw and write journal for kids k-2 early primary story journal | (8.5"" x 11"") (Journals for Kids) | By Beate Berndt",Beate Berndt,Paperback,"Jun 30, 2021",
0,https://www.amazon.com/dp/B098GYTB1Q,B098GYTB1Q,Summer Camp Journal: Cute Aesthetic Summer Carnival Camp kids Small book Journal Recording Thoughts Note Gift for Sketching or Doodling For Camper Kindergarten Writing and Drawing Paper,BMontor Droprod,Paperback,"Jun 30, 2021",
0,https://www.amazon.com/dp/B098GV12VG,B098GV12VG,Fu*k List - Boys will be boys - the list that only real men will be able to complete,Andrei Gradinaru,Paperback,"Jun 30, 2021",
0,https://www.amazon.com/dp/B098GTZZYV,B098GTZZYV,"Notebook: Large (8.5"" x 11"") Lined Pink Butterfly 150 Pages Notebook",Emily S L,Paperback,"Jun 30, 2021",
0,https://www.amazon.com/dp/B098GTZZY8,B098GTZZY8,"Graph Paper Composition Notebook: Teddy Bears Cover | Grid Paper Notebook, Quad Ruled, 100 Sheets, Size 8.5"" x 11"" by Gilbert Frey",Gilbert Frey,Paperback,"Jun 30, 2021",
0,https://www.amazon.com/dp/B098GTZZTT,B098GTZZTT,"Black Paper Journal: Premium Bee Cover Black Paper Journal, Solid Black Journal With Black Pages | Reverse Color Notebook | Black Out Paper, 120 Pages, Size 6"" x 9"" by Hinrich Ahrens",Hinrich Ahrens,Paperback,"Jun 30, 2021",
0,https://www.amazon.com/dp/B098GT2VX1,B098GT2VX1,"Music Notebook: Rose Music Notebook, Music Writing Notebook | Blank Sheet Music Notebook, 120 Pages, Size 6"" x 9"" by Tim Gross",Tim Gross,Paperback,"Jun 30, 2021",
0,https://www.amazon.com/dp/B098GT2VTK,B098GT2VTK,"Primary Story Journal Composition Book: Camouflage Grey Cover | Handwriting Practice notebook for kids boys and girls, Blank Dotted Lined Notebooks, By Ruth Richter, Size 8.5"" x 11"", 120 Pages",Ruth Richter,Paperback,"Jun 30, 2021",
0,https://www.amazon.com/dp/B098GT2VPW,B098GT2VPW,Summer Activity Journal For Kids: A Prompted Journal to Teach Children Self-Reflection and Self-Evaluation for Growth and Learning,Mind Poke Books,Paperback,"Jun 30, 2021",
0,https://www.amazon.com/dp/B098GT2VP1,B098GT2VP1,"Sketchbook: Dandelions Sketchbook, Blank White Pages for Painting, Drawing, Writing, Sketching and Doodling, 120 pages, Size 6"" x 9"" by Martin Funke",Martin Funke,Paperback,"Jun 30, 2021",
0,https://www.amazon.com/dp/B098GT2VMC,B098GT2VMC,"Swirled Marble Composition Notebook: For Students, Writers & Teachers | Wide Ruled Paper Subject Book",Le Classique Paperbacks,Paperback,"Jun 30, 2021",
0,https://www.amazon.com/dp/B098GT2VDN,B098GT2VDN,"Princesses Birthday The Real princesses are born in December 1973: Birthday notebook for girl, women’s and kids. Thanksgiving, anniversary Diary for the boy who born in December 1973",Pint gdjfg,Paperback,"Jun 30, 2021",
0,https://www.amazon.com/dp/B098GT2VD6,B098GT2VD6,Halloween Party Ideas Notebook: Halloween Table Decorations,Joy Kensignton,Paperback,"Jun 30, 2021",
0,https://www.amazon.com/dp/B098GT2V58,B098GT2V58,"basic plus Notebook for School and College, Blue lined Notebook Paper White background 120 pages 8.5 × 11 inches (9522): basic plus Notebook for School and College",Tushar Bankar,Paperback,"Jun 30, 2021",
0,https://www.amazon.com/dp/B098GT2SX5,B098GT2SX5,Daily Fitness Sheet - I Miss Precedented Times Funny Quote for Men for Women,Emmy Kasuboski,Paperback,"Jun 30, 2021",
0,https://www.amazon.com/dp/B098GT2SW3,B098GT2SW3,"Draw and Write Journal: Pink Leopard Primary Story Journal, draw and write journal for kids k-2 early primary story journal | (8.5"" x 11"") (Journals for Kids) By Kristina Schulz",Kristina Schulz,Paperback,"Jun 30, 2021",
0,https://www.amazon.com/dp/B098GT2SRY,B098GT2SRY,"Black Paper Journal: Black Paper Journal Marbled Grey Cover, 6x9 Black Paper Journal With Lined Black Pages | Reverse Color Notebook | Black Out Paper ... Lined | 120 Pages | by Winfried Eberhardt",Winfried Eberhardt,Paperback,"Jun 30, 2021",
0,https://www.amazon.com/dp/B098GT2SJ8,B098GT2SJ8,"Music Notebook: Music Writing Notebook | Blank Sheet Music Notebook, 120 Pages, Size 6"" x 9"" | Marble Blue by Natalia Horn",Natalia Horn,Paperback,"Jun 30, 2021",
0,https://www.amazon.com/dp/B098GT2FP5,B098GT2FP5,"Draw and Write Journal: Camouflage Cover, Grades K-2, Primary Composition Half Page Lined Paper with Drawing Space (8.5"" x 11"" Notebook), Desgin By Magdalena Seiler",Magdalena Seiler,Paperback,"Jun 30, 2021",
0,https://www.amazon.com/dp/B098GT2F8G,B098GT2F8G,"Just a Girl Welder Building her Empire: Lined Journal Notepad 120 Pages, Size 8.5 ""x 11"" for Girls and Womens, Grab one for Yourself and your Favorite Coworker!| Diary for Writing",Sfex Tagna,Paperback,"Jun 30, 2021",
0,https://www.amazon.com/dp/B098GT2F84,B098GT2F84,"Music Notebook: Music Writing Notebook | Blank Sheet Music Notebook | Butterflys Cover Design | 120 Pages, Size 6"" x 9"" by Leonhard Hohmann",Leonhard Hohmann,Paperback,"Jun 30, 2021",
0,https://www.amazon.com/dp/B098GT2CLP,B098GT2CLP,Pitbull Owner Dog Lover Trainer Breeder Resting Pit Face: Daily Dream Journal,Elizabeth Pinkard,Paperback,"Jun 30, 2021",
0,https://www.amazon.com/dp/B098GT2CKZ,B098GT2CKZ,"Primary Story Journal Composition Book: Sloth Cover | Handwriting Practice notebook for kids boys and girls, Blank Dotted Lined Notebooks, By Dagmar Naumann, Size 8.5"" x 11"", 120 Pages",Dagmar Naumann,Paperback,"Jun 30, 2021",
0,https://www.amazon.com/dp/B098GT2CJ4,B098GT2CJ4,"Password Log Book: Pocket Size Purple Flower Cover Black Frame 6"" x 9"" | internet password organizer | Alphabetical password book | protect usernames and password",M. Press Publication,Paperback,"Jun 30, 2021",
0,https://www.amazon.com/dp/B098GT2CDN,B098GT2CDN,Poodle Wear Face Mask Right Funny Dog Lover For Men Women : Body Progress Tracker,Elizabeth Pinkard,Paperback,"Jun 30, 2021",
0,https://www.amazon.com/dp/B098GT2CC4,B098GT2CC4,"Lake House Guest Book: Visitor Guest Book, Guest Comment Book, Vacation Home Guest Sign In Book (120 Pages)",Suzy Koji Cabin Vacation,Paperback,"Jun 30, 2021",
0,https://www.amazon.com/dp/B098GT2CB8,B098GT2CB8,"My Gymnast Composition Notebook: Great for Toddlers, Preschoolers, Kindergarteners, and First Graders",R Short,Paperback,"Jun 30, 2021",
0,https://www.amazon.com/dp/B098GT2C9G,B098GT2C9G,"Ideas Notebook: Premium Teddy Bears Cover Ideas Notebook, Ideas Journal/Mini Ideas Notebook/Pocket Idea Log Book 120 Pages - Size 6"" x 9"" by Gilbert Frey",Gilbert Frey,Paperback,"Jun 30, 2021",
0,https://www.amazon.com/dp/B098GT2C8S,B098GT2C8S,AOC Alexandria Ocasio Cortez Retro Vintage Final Planning Book,Grace Walton,Paperback,"Jun 30, 2021",
0,https://www.amazon.com/dp/B098GT2C8R,B098GT2C8R,Pocket Mini Toy Poodle Cute Animal Pet Dog Lover Owner: Body Progress Tracker,Elizabeth Pinkard,Paperback,"Jun 30, 2021",
0,https://www.amazon.com/dp/B098GT2C8H,B098GT2C8H,"Welcome Guest Book: Rustic Log Guest Book, Rustic Log Cabin Decor, Visitor Sign Book, Vacation Rental Guest Book (120 Pages)",Suzy Koji Cabin Vacation,Paperback,"Jun 30, 2021",
0,https://www.amazon.com/dp/B098GT2C7S,B098GT2C7S,"Primary Composition Notebook: Bee Cover Primary Story Journal, Dotted Midline and Picture Space | Grades K-2 Composition School Exercise Book | 120 Story Pages, Size 8.5"" x 11"" by Hinrich Ahrens",Hinrich Ahrens,Paperback,"Jun 30, 2021",
0,https://www.amazon.com/dp/B098GT2C5L,B098GT2C5L,Summer Camp Journal: Camping journal & rv travel logbook | Road Trip Planner | Record Your Camping Memories |Camping Notebook 8.5x11 121 Pages,Elheja Camping Planners,Paperback,"Jun 30, 2021",
0,https://www.amazon.com/dp/B098GSRSXJ,B098GSRSXJ,Orange and Yellow 6X9 Butterfly Notebook: Wide rule 50 sheets,SMB Books,Paperback,"Jun 30, 2021",
0,https://www.amazon.com/dp/B098GSRSS8,B098GSRSS8,"Just a Girl Multimedia Designer Building her Empire: Lined Journal Notepad 120 Pages, Size 8.5 ""x 11"" for Girls and Womens, Grab one for Yourself and your Favorite Coworker!| Diary for Writing",Sfex Tagna,Paperback,"Jun 30, 2021",
0,https://www.amazon.com/dp/B098GSRSRN,B098GSRSRN,"Ukulele Tab Sheets: Triangles Ukulele Tab Sheets, Ukulele Chord Diagrams / Blank Ukulele Tablature Notebook, 120 Pages, Size 6""x9"" by Konstanze Fleischmann",Konstanze Fleischmann,Paperback,"Jun 30, 2021",
0,https://www.amazon.com/dp/B098GSRSJZ,B098GSRSJZ,Monthly Planner: Monarch Butterfly Monthly Planner 6x9,Caitlyn Tar,Paperback,"Jun 30, 2021",
0,https://www.amazon.com/dp/B098GSRSD4,B098GSRSD4,Notebook 120 pages: Skull & Roses Theme (Old School Publishing 120 pages Notebook Serie),Old School Publishing,Paperback,"Jun 30, 2021",
0,https://www.amazon.com/dp/B098GSRS9C,B098GSRS9C,"Light Green & White Daily To-Do List Notebook: Undated Daily Line Planner, Organiser for Goals and Checklists for Daily Life, General Goalkeeping for ... Cute Notebooks (Everyday Journals) 6 x 9’",Cutest Planners,Paperback,"Jun 30, 2021",
0,https://www.amazon.com/dp/B098GSP8LK,B098GSP8LK,"Sketchbook For Kids: Triangles Sketchbook,Blank White Pages for Painting, Drawing, Writing, Sketching and Doodling, 122 pages, Size 8.5"" x 11"" by Konstanze Fleischmann",Konstanze Fleischmann,Paperback,"Jun 30, 2021",
0,https://www.amazon.com/dp/B098GSP8KR,B098GSP8KR,"Awesome Since 1998: Lined Notebook , journal , for people are born in 1998 for writing in ,100 pages 6x9 inches",birthday gift,Paperback,"Jun 30, 2021",
0,https://www.amazon.com/dp/B098GSP8JT,B098GSP8JT,"Workout Log Book: Triangles Workout Log Book, Gym, Fitness and Training Diary - Set Goals, Track Workouts and Record Progress, 121 Pages, Size 6"" x 9"" by Konstanze Fleischmann",Konstanze Fleischmann,Paperback,"Jun 30, 2021",
0,https://www.amazon.com/dp/B098GSP8BJ,B098GSP8BJ,"Princesses Birthday The Real princesses are born in December 1999: Birthday notebook for girl, women’s and kids. Thanksgiving, anniversary Diary for the boy who born in December 1999",Pint gdjfg,Paperback,"Jun 30, 2021",
0,https://www.amazon.com/dp/B098GSP894,B098GSP894,Stuff I can't Remember,Andrew Hyams,Paperback,"Jun 30, 2021",
0,https://www.amazon.com/dp/B098GSP88V,B098GSP88V,"Crow Graph Paper: Crow Graph Paper Notebook To Write Notes, 4x4 Quad Rule - 8.5"" x 11"" Inches - 100 Pages",Crow Graph Paper Publishing,Paperback,"Jun 30, 2021",
0,https://www.amazon.com/dp/B098GL448K,B098GL448K,Learning to Trace: Preschool Workbooks for Kids Ages 3-5,Johan Watts,Paperback,"Jun 30, 2021",
3,https://www.amazon.com/dp/B098GL445Z,B098GL445Z,My First Writing Workbook,Makena Jones,Paperback,"Jun 30, 2021",
0,https://www.amazon.com/dp/B098GL41CG,B098GL41CG,Summer Notebook: Tropical Print Summer notebook - Summer Vacation and Travel Journal -120 Pages Size 6 x 9 inches (Summer Journal for kids),jack role productions,Paperback,"Jun 30, 2021",
1,https://www.amazon.com/dp/B098GJDJ2X,B098GJDJ2X,Tell Me Your Story | 100 Keepsake Questions: Memories To Share with a Loved One | Prompted Question Journal To Preserve Thoughts and Memories Forever,Sadie Hudson,Paperback,"Jun 30, 2021",
1,https://www.amazon.com/dp/B098GJDHNZ,B098GJDHNZ,"Reach For The Stars |LARGE| Manifestation Journal: With |BONUS| Gratitude workbook: Red, Blue Stars Notebook for Manifesting your Dreams & Desires (College Ruled)",Key Tree Star,Paperback,"Jun 30, 2021",
0,https://www.amazon.com/dp/B098GJDHNV,B098GJDHNV,"Abstract Sketch Book : Notebook for Drawing, Writing , Sketching , Doodling,120 Pages, 8.5 x 11",Dominique Notebooks,Paperback,"Jun 30, 2021",
0,https://www.amazon.com/dp/B098GJDHMJ,B098GJDHMJ,"Primary Story Journal Composition Book: Primary Story Journal Flowers Cover, Dotted Midline and Picture Space | Grades K-2 Composition School Exercise Book | 120 Pages, Size 8.5"" x 11"" By Monika Arndt",Monika Arndt,Paperback,"Jun 30, 2021",
0,https://www.amazon.com/dp/B098GJDHH1,B098GJDHH1,THEY/THEM Pronouns Composition Book: Gender Affirming Notebook with Colors from Non Binary Pride Flag -Perfect Gift for LGBT+,SMD Publishing,Paperback,"Jun 30, 2021",
0,https://www.amazon.com/dp/B098GJDHFG,B098GJDHFG,"Primary Composition Notebook: Vintage Floral Cover Primary Story Journal, Dotted Midline and Picture Space | Grades K-2 Composition School Exercise ... Story Pages, Size 8.5"" x 11"" by Nikolai Vogel",Nikolai Vogel,Paperback,"Jun 30, 2021",
0,https://www.amazon.com/dp/B098GJDHDL,B098GJDHDL,"Extraordinary Since July 2008: Birthday notebook, birthday gifts for boys, girls, 13th birthday gifts, Keepsake gifts present, Present Ideas For Friend, ""6x9"" inches, 120 pages.",lusdiller Publishing,Paperback,"Jun 30, 2021",
0,https://www.amazon.com/dp/B098GJDH8D,B098GJDH8D,"Composition Notebook: Boho Stripes College Wide Ruled Paper Notebook Journal For Girls, Students, Writers, Planners, Homeschoolers",The Little Bookshop,Paperback,"Jun 30, 2021",
0,https://www.amazon.com/dp/B098GJDH81,B098GJDH81,"Graph Paper Composition Notebook: Butterflys Cover | Grid Paper Notebook, Quad Ruled, 100 Sheets, Size 8.5"" x 11"" by Leonhard Hohmann",Leonhard Hohmann,Paperback,"Jun 30, 2021",
0,https://www.amazon.com/dp/B098GJDH6M,B098GJDH6M,"Extraordinary Since July 1970: Birthday notebook, birthday gifts for men, women, 51th birthday gifts, Keepsake gifts present, Present Ideas For Dad Mom, Friend, wife, ""6x9"" inches, 120 pages.",lusdiller Publishing,Paperback,"Jun 30, 2021",
0,https://www.amazon.com/dp/B098GJDH5F,B098GJDH5F,"Black Bear Graph Paper: Black Bear Graph Paper Notebook 4x4 Quad Rule, Student Exercise Book Math Science Grid 100 pagesBlack Bear Graph Paper ... Exercise Book Math Science Grid 100 pages",Black Bear Graph Paper Publishing,Paperback,"Jun 30, 2021",
0,https://www.amazon.com/dp/B098GJDH39,B098GJDH39,"Just a Girl Childcare Building her Empire: Lined Journal Notepad 120 Pages, Size 8.5 ""x 11"" for Girls and Womens, Grab one for Yourself and your Favorite Coworker!| Diary for Writing",Sfex Tagna,Paperback,"Jun 30, 2021",
0,https://www.amazon.com/dp/B098GJDBR8,B098GJDBR8,Creative Comic Book Story Starters - Fantasy Edition - For Kids - Large 8.5 X 11 - 84 Pages - Creative Ideas - Comic Blanks,Sylvie Branch,Paperback,"Jun 30, 2021",
0,https://www.amazon.com/dp/B098G94WT6,B098G94WT6,"Just A Girl Who Loves Soursop: Cute Notebook for Fruit Lover Girl. Blank Lined Ruled Diary for Girls, Kids and Women.",AB-JAG Publishing,Paperback,"Jun 30, 2021",
0,https://www.amazon.com/dp/B098G94WPC,B098G94WPC,"Just A Girl Who Loves Plum: Cute Notebook for Fruit Lover Girl. Blank Lined Ruled Diary for Girls, Kids and Women.",AB-JAG Publishing,Paperback,"Jun 30, 2021",
0,https://www.amazon.com/dp/B098G94WP7,B098G94WP7,"Cornell Notes Notebook: Premium Dog Cover Cornell Notes Notebook, Cornell Note Paper Notebook, 120 pages, 6"" x 9"" by Margarita Zeller",Margarita Zeller,Paperback,"Jun 30, 2021",
0,https://www.amazon.com/dp/B098G94WHV,B098G94WHV,Cornell Notebook: Notebook 8.5” x 11” Panda Cover Note Taking Papers For Lecture And Meeting 120 Pages,JWM Easy Design,Paperback,"Jun 30, 2021",
0,https://www.amazon.com/dp/B098G94RW6,B098G94RW6,100 Relaxing Mandalas To Color: 8.5x11 Inch 100 Coloring Pages,America First Products LLC.,Paperback,"Jun 30, 2021",
1,https://www.amazon.com/dp/B098G94RVM,B098G94RVM,Halloween Activity Book,Kelly Worley,Paperback,"Jun 30, 2021",
3,https://www.amazon.com/dp/B098GSRPL4,B098GSRPL4,Kitten Weight Log Book: Foster Kitten Care,Titanforged,Paperback,"Jun 29, 2021",
0,https://www.amazon.com/dp/B0991GDPPQ,B0991GDPPQ,"You Can Visit The Same Trail Twice But You'll Never Take The Same Hike: Journal Gift For Men And Women, Gift For Hikers , Hiking lovers 120 Pages (6 x 9) Inches Lined Notebook",Hiking Prod,Paperback,"Jun 29, 2021",
0,https://www.amazon.com/dp/B0991CGP6W,B0991CGP6W,"IN THE SUMMER TIME BUCKET LIST JOURNAL: High Quality White Interior Stock (110 pages, 9 x 0.24 x 9 inches)",wizardy for publishing,Paperback,"Jun 29, 2021",
0,https://www.amazon.com/dp/B098L1MPXS,B098L1MPXS,"Happy late Birthday surprise! With best wishes and a bucket full of love: Birthday gift for friend, Birthday journal notebook,.. Best birthday gift, line journal notebook for birthday gift",EMORY CRAIG,Paperback,"Jun 29, 2021",
0,https://www.amazon.com/dp/B098L1MPWM,B098L1MPWM,"Look At You Turning 15 Twice And Shit: 30 Years Old Journal, Funny 30 Birthday Gag Gift, Women, Dad, Mom, Girlfriend, Notebook Gifts for Men,...(6 X 9 Inch Ruled Paper 120 Pages)",Jhon Publishing,Paperback,"Jun 29, 2021",
0,https://www.amazon.com/dp/B098L1MPRT,B098L1MPRT,"Workout Log Book: 121 Pages, Size 6"" x 9"" | Gym, Fitness and Training Diary | With Oil Painting Design by Simon Scholz",Simon Scholz,Paperback,"Jun 29, 2021",
0,https://www.amazon.com/dp/B098K2JV61,B098K2JV61,"Birthday Coloring Book For Adults Cat Lover Legendary Since 1949 Limited Edition: Easy, Relaxing, Stress Relieving Coloring Book Of Kittens, Cats, ... Book For Adult Relaxation 72nd Birthday",Chico Publishing Group,Paperback,"Jun 29, 2021",
0,https://www.amazon.com/dp/B098JVZQNC,B098JVZQNC,"Journal: The Inner ""Machinations"" of My Mind",Alexis  A Dagenais,Paperback,"Jun 29, 2021",
0,https://www.amazon.com/dp/B098JVZQHK,B098JVZQHK,"Princesses Birthday The Real princesses are born in December 1955: Birthday notebook for girl, women’s and kids. Thanksgiving, anniversary Diary for the boy who born in December 1955",Pint gdjfg,Paperback,"Jun 29, 2021",
0,https://www.amazon.com/dp/B098JVZQ6D,B098JVZQ6D,"Primary Composition Notebook: Primary Composition Notebook Grades K-2, Story Journal with Dotted Midline and Picture Space - Flamingos Cover by Rita Hagen | 120 Story Pages, Size 8.5"" x 11""",Rita Hagen,Paperback,"Jun 29, 2021",
0,https://www.amazon.com/dp/B098JVZQ24,B098JVZQ24,"Forklift Evolution: Warehousing Notebook For Forklift Operators, Forklift Truck Drivers, Stockmen and Warehouse Worker",SteMi Publishing,Paperback,"Jun 29, 2021",
0,https://www.amazon.com/dp/B098JVZP9C,B098JVZP9C,birthday reminder,Lenny Boy Designs,Paperback,"Jun 29, 2021",
0,https://www.amazon.com/dp/B098JVZ9BN,B098JVZ9BN,"SEAHORSE Coloring Book For Kids: Funny SEAHORSE Coloring Book, SEAHORSE gift idea for children. Great Gift for Boys, Girls & Toddlers. Children Who Love SEAHORSE Coloring book",Kosmiko Publishing,Paperback,"Jun 29, 2021",
1,https://www.amazon.com/dp/B098JL3SWX,B098JL3SWX,"Address Book: Cute Panda Cover Address Book Large Print, Record Birthday, Phone Number, Address, Email & Extra Notes | Size 8.5"" x 11"" By Veit Weis",Veit Weis,Paperback,"Jun 29, 2021",
0,https://www.amazon.com/dp/B098JL3SSP,B098JL3SSP,"Black Paper Journal: Black Paper Journal Pineapples Cover, 6x9 Black Paper Journal With Lined Black Pages | Reverse Color Notebook | Black Out Paper | Lightly Lined | 120 Pages | by Florian Reich",Florian Reich,Paperback,"Jun 29, 2021",
0,https://www.amazon.com/dp/B098JL3SSB,B098JL3SSB,Notebook: Simple White Lined Notebook,Unow Lawn,Paperback,"Jun 29, 2021",
0,https://www.amazon.com/dp/B098JL3SN6,B098JL3SN6,"Address Book: Camouflage Cover Address Book Large Print, Record Birthday, Phone Number, Address, Email & Extra Notes | Size 8.5"" x 11"" By Magdalena Seiler",Magdalena Seiler,Paperback,"Jun 29, 2021",
0,https://www.amazon.com/dp/B098JL3SKW,B098JL3SKW,"Sketchbook For Kids: Premium Floral Cover | Size 8.5"" x 11"" |Blank White Pages for Painting, Drawing, Writing, Sketching and Doodling by Marianne Bartsch",Marianne Bartsch,Paperback,"Jun 29, 2021",
0,https://www.amazon.com/dp/B098JL3SJT,B098JL3SJT,Crayon Notebook: Pastel Colours,Moon Dust Books,Paperback,"Jun 29, 2021",
0,https://www.amazon.com/dp/B098H61SYZ,B098H61SYZ,"Handwriting Practice Paper:: ABC Kids, Notebook with Lined Sheets for Key stage-3, 120 pages, 6x9""",Granpa Papou,Paperback,"Jun 29, 2021",
0,https://www.amazon.com/dp/B098H61SNC,B098H61SNC,Western Journal If I Can't Wear My Boots I Ain't Going: A 6x9 Notebook for country cowgirl with a lined 120 pages,Tariq Chergui,Paperback,"Jun 29, 2021",
0,https://www.amazon.com/dp/B098H61SL6,B098H61SL6,"Black Paper Journal: Floral Cover Black Paper Journal, College Ruled | 6x9 Black Paper Notebook (Black Notebooks) | 120 Pages Design by Marianne Bartsch",Marianne Bartsch,Paperback,"Jun 29, 2021",
0,https://www.amazon.com/dp/B098H61SFL,B098H61SFL,"Tic Tac Toe: Floral Tic Tac Toe, Games Fun Activities for Kids / Paper & Pencil Workbook for Games, Smart gifts for Family, 100 Pages, Size 6"" x 9"" by Marianne Bartsch",Marianne Bartsch,Paperback,"Jun 29, 2021",
0,https://www.amazon.com/dp/B098H61S6X,B098H61S6X,Notebook: Leopard Print Composition Notebook 110 pages (8.5 x 11 Large),Med Mknd,Paperback,"Jun 29, 2021",
0,https://www.amazon.com/dp/B098GYT5HZ,B098GYT5HZ,"Black Paper Journal: Rose Cover Black Paper Journal, Solid Black Journal With Black Pages | Reverse Color Notebook | Black Out Paper, 120 Pages, Size 6"" x 9"" by Tim Gross",Tim Gross,Paperback,"Jun 29, 2021",
0,https://www.amazon.com/dp/B098GX295P,B098GX295P,"Cornell Notes Notebook: Premium Floral Cover Cornell Notes Notebook, Cornell Note Paper Notebook, 120 pages, 6"" x 9"" by Marianne Bartsch",Marianne Bartsch,Paperback,"Jun 29, 2021",
0,https://www.amazon.com/dp/B098GX293W,B098GX293W,"Draw and Write Journal: Teddy Bears Primary Story Journal, draw and write journal for kids k-2 early primary story journal | (8.5"" x 11"") (Journals for Kids) | By Gilbert Frey",Gilbert Frey,Paperback,"Jun 29, 2021",
0,https://www.amazon.com/dp/B098GX28V3,B098GX28V3,Body Progress Tracker - I may not be a Superhero But I am Michelle So close enough,Emmy Kasuboski,Paperback,"Jun 29, 2021",
0,https://www.amazon.com/dp/B098GX28MX,B098GX28MX,Debt Tracker - Alice Follow The White Rabbit Quote,RONALD AIKENS,Paperback,"Jun 29, 2021",
0,https://www.amazon.com/dp/B098GX28MG,B098GX28MG,Recipe Journal Notebook | Corn Pop Was A Bad Dude Funny Joe Biden Quote,Roberta Thomley,Paperback,"Jun 29, 2021",
0,https://www.amazon.com/dp/B098GX28LW,B098GX28LW,"Flamingo notebook: Cute Funny Journal, Original Notebook for High School/College",Omp tareq publishing,Paperback,"Jun 29, 2021",
0,https://www.amazon.com/dp/B098GX28GV,B098GX28GV,"Primary Composition Notebook: Primary Composition Notebook Grades K-2, Story Journal with Dotted Midline and Picture Space - Marbled Blue Cover by Gerhild Sander | 120 Story Pages, Size 8.5"" x 11""",Gerhild Sander,Paperback,"Jun 29, 2021",
0,https://www.amazon.com/dp/B098GX28G6,B098GX28G6,Daily To-do List Track Your Daily Activity: 120 Pages To-Do List Notebook for tracking your daily task and activities | Daily To-Do Checklist |,James Pearson,Paperback,"Jun 29, 2021",
0,https://www.amazon.com/dp/B098GX28DR,B098GX28DR,Composition Notebook: Grades K-2 | Wide Ruled | Galaxy Rainbow (School Notebooks For Kids),Mela  School Press,Paperback,"Jun 29, 2021",
0,https://www.amazon.com/dp/B098GX289K,B098GX289K,"Guitar Tab Notebook: Guitar Tabs Notebook Hearts Cover, Amazing Learn Guitar Tabs Notebook For Adults of All Ages | 120 Pages - Size 6"" x 9"" by Grit Hartmann",Grit Hartmann,Paperback,"Jun 29, 2021",
0,https://www.amazon.com/dp/B098GX2888,B098GX2888,"Ukulele Tab Sheets: Pomegranate Ukulele Tab Sheets, Ukulele Chord Diagrams / Blank Ukulele Tablature Notebook, 120 Pages, Size 6""x9"" by Rudi Walther",Rudi Walther,Paperback,"Jun 29, 2021",
0,https://www.amazon.com/dp/B098GX287L,B098GX287L,"Sketchbook: Egg Sketchbook, Blank White Pages for Painting, Drawing, Writing, Sketching and Doodling, 120 pages, Size 6"" x 9"" by Ludmila Breuer",Ludmila Breuer,Paperback,"Jun 29, 2021",
1,https://www.amazon.com/dp/B098GTZZTV,B098GTZZTV,Cool Blue Llama - Primary Composition Notebook | Story Write and Draw Journal | Dotted Midline with Picture Space | Grades K-2 | (Kids Llama Back To ... Llama Composition Notebook for Boys and Girls,Cara Lou Press,Paperback,"Jun 29, 2021",
0,https://www.amazon.com/dp/B098GTZZPF,B098GTZZPF,"Sketchbook 2021: Blank Pages for: Drawing, Doodling, Coloring, Writing, Watercoloring, and more...",Twila Smith,Paperback,"Jun 29, 2021",
0,https://www.amazon.com/dp/B098GTZZMP,B098GTZZMP,"Primary Story Journal Composition Book: Flamingos Cover Primary Composition Notebook Grade Level K-2 Draw and Write, Dotted Midline Creative Picture Notebook, Size 8.5"" x 11"", 120 Pages By Rita Hagen",Rita Hagen,Paperback,"Jun 29, 2021",
1,https://www.amazon.com/dp/B098GTZZL9,B098GTZZL9,Made In 1941 80 Years Of Being Awesome: 80th Birthday Guest Book,Juna Harper,Paperback,"Jun 29, 2021",
0,https://www.amazon.com/dp/B098GTZZ8N,B098GTZZ8N,"Music Notebook: Five Star Music Notebook, Music Writing Notebook | Blank Sheet Music Notebook, 120 Pages, Size 6"" x 9"" by Bodo Sander",Bodo Sander,Paperback,"Jun 29, 2021",
0,https://www.amazon.com/dp/B098GTZZ5R,B098GTZZ5R,"Drawing Doodling Or Sketching Nature Lover Sketch Book Notebook: Sketch book notebook for writing, drawing, doodling nature lover of 8.5 inches X 11 ... pages for easy indexing in matte cover.",Deepreal Q.,Paperback,"Jun 29, 2021",
0,https://www.amazon.com/dp/B098GTZZ5D,B098GTZZ5D,"Seahorse Graph Paper: Seahorse Graph Paper Notebook To Write Notes, 4x4 Quad Rule - 8.5"" x 11"" Inches - 100 Pages",Seahorse Graph Paper Publishing,Paperback,"Jun 29, 2021",
0,https://www.amazon.com/dp/B098GTZZ52,B098GTZZ52,The Glam Journal: Elegant Roses Themed Journal Blank Lined Pages Notebook,Wily Hands,Paperback,"Jun 29, 2021",
0,https://www.amazon.com/dp/B098GTZYYM,B098GTZYYM,Ukulele Tab Sheets: Ukulele Chord Diagrams / Blank Ukulele Tablature Notebook With Citrus Cover by Robin Herrmann,Robin Herrmann,Paperback,"Jun 29, 2021",
0,https://www.amazon.com/dp/B098GTZYJN,B098GTZYJN,70 Year Old Retro Vintage 1951 Limited Edition 70th Birthday Body Progress Tracker,Grace Walton,Paperback,"Jun 29, 2021",
0,https://www.amazon.com/dp/B098GTZYB6,B098GTZYB6,Pocket Game Composition Notebook: Beautiful Wide Blank Lined Workbook for Kids Girls Boys Students Teens Home School and College,Zeno Digital,Paperback,"Jun 29, 2021",
0,https://www.amazon.com/dp/B098GT2SZD,B098GT2SZD,"Princesses Birthday The Real princesses are born in December 1956: Birthday notebook for girl, women’s and kids. Thanksgiving, anniversary Diary for the boy who born in December 1956",Pint gdjfg,Paperback,"Jun 29, 2021",
1,https://www.amazon.com/dp/B098GT2SWB,B098GT2SWB,"Girls Drawing Notebook: Sketchbook and Notebook with Rainbows, Popsicles, and Unicorns: Inside full of more designs, 8.5x11 inches, 120 Pages",Alyssa Wolfe,Paperback,"Jun 29, 2021",
0,https://www.amazon.com/dp/B098GT2SJ3,B098GT2SJ3,Notebook: Coloful Journal (8.5x11),Floral Journals,Paperback,"Jun 29, 2021",
0,https://www.amazon.com/dp/B098GT2SGH,B098GT2SGH,"Workout Log Book: Rose Workout Log Book, Gym, Fitness and Training Diary - Set Goals, Track Workouts and Record Progress, 121 Pages, Size 6"" x 9"" by Tim Gross",Tim Gross,Paperback,"Jun 29, 2021",
0,https://www.amazon.com/dp/B098GT2SB7,B098GT2SB7,Draw and Write Journal: handwriting practice paper | unicorn composition notebook for kids 4-8 | beautiful design colorful rainbow sun,Zelsa Sashi,Paperback,"Jun 29, 2021",
0,https://www.amazon.com/dp/B098GT2S7Q,B098GT2S7Q,"Notebook: Composition Notebook, Notebook With a Beautiful Cover, - Size (6 x 9 inch) 110 pages: lined paper",SILENT,Paperback,"Jun 29, 2021",
0,https://www.amazon.com/dp/B098GT2RP2,B098GT2RP2,"Sketchbook: Blank White Pages for Painting, Drawing, Writing, Sketching and Doodling, 120 pages, Size 6"" x 9"" | Cute Panda Cover by Veit Weis",Veit Weis,Paperback,"Jun 29, 2021",
0,https://www.amazon.com/dp/B098GT2RML,B098GT2RML,"Music Notebook: Music Writing Notebook | Blank Sheet Music Notebook | Turtles Cover Design | 120 Pages, Size 6"" x 9"" by Konstanze Schilling",Konstanze Schilling,Paperback,"Jun 29, 2021",
0,https://www.amazon.com/dp/B098GT2RMC,B098GT2RMC,BABY SHOWER GUEST BOOK.: It's a Girl! Welcome Baby.,Heather Ann Straw,Paperback,"Jun 29, 2021",
1,https://www.amazon.com/dp/B098GT2NX2,B098GT2NX2,"Toddler Kawaii Coloring Book Ages 3-6: Cute and Easy Kawaii Coloring Book with 50+ Kawaii Drawing for Toddlers - Ice Cream, Donut, Strawberry, Cake, Chocolate, Pineapple And Many More Pages",Kawaii Styles Coloring,Paperback,"Jun 29, 2021",
0,https://www.amazon.com/dp/B098GT2NKP,B098GT2NKP,"Dinosaurs Word Search and Mazes by Most Impossible: Progressing Levels: Start off as a beginner, finish as a pro!",Most Impossible,Paperback,"Jun 29, 2021",
0,https://www.amazon.com/dp/B098GT2BYL,B098GT2BYL,"Primary Composition Notebook: Primary Composition Notebook Grades K-2, Story Journal with Dotted Midline and Picture Space - Camouflage Yellow Cover by Carmen Rapp | 120 Story Pages, Size 8.5"" x 11""",Carmen Rapp,Paperback,"Jun 29, 2021",
0,https://www.amazon.com/dp/B098GT2BMK,B098GT2BMK,"Just A Girl Who Loves Kiwifruit: Cute Notebook for Kiwifruit Lover Girl. Blank Lined Ruled Diary for Girls, Kids and Women.",AB-JAG Publishing,Paperback,"Jun 29, 2021",
0,https://www.amazon.com/dp/B098GT2BL6,B098GT2BL6,"Just A Girl Who Loves Avocado: Cute Notebook for Avocado Lover Girl. Blank Lined Ruled Diary for Girls, Kids and Women.",AB-JAG Publishing,Paperback,"Jun 29, 2021",
0,https://www.amazon.com/dp/B098GT2BJ2,B098GT2BJ2,"Primary Story Journal Composition Book: Strawberry Cover Primary Story Journal Composition Book, Grade Level K-2 Draw and Write, Dotted Midline ... Size 8.5"" x 11"", 120 Pages By Corinna Berndt",Corinna Berndt,Paperback,"Jun 29, 2021",
0,https://www.amazon.com/dp/B098GT2BFC,B098GT2BFC,"Sketchbook For Kids: School Bus Sketchbook,Blank White Pages for Painting, Drawing, Writing, Sketching and Doodling, 122 pages, Size 8.5"" x 11"" by Annegret Maurer",Annegret Maurer,Paperback,"Jun 29, 2021",
0,https://www.amazon.com/dp/B098GT2BDX,B098GT2BDX,"Sketchbook: Crabs Sketchbook, Blank White Pages for Painting, Drawing, Writing, Sketching and Doodling, 120 pages, Size 6"" x 9"" by Marina Hohmann",Marina Hohmann,Paperback,"Jun 29, 2021",
0,https://www.amazon.com/dp/B098GT2BBV,B098GT2BBV,Daily Tasks Tracker | Tin Premium Designer Cover - Large (8.5 x 11in) 120 page Get Shit Done: Affordable Professional Notebook for Daily To Dos Mood Tracker Hydration Chart,Alexander Blanchard,Paperback,"Jun 29, 2021",
0,https://www.amazon.com/dp/B098GT2B2Z,B098GT2B2Z,"infinite imagination with tipospos: Blank Comic Book for kids and adults,8?5 x 11 inches ,120 pages",tipospos tipospossin,Paperback,"Jun 29, 2021",
0,https://www.amazon.com/dp/B098GSP4RC,B098GSP4RC,"Music Notebook: Music Writing Notebook | Blank Sheet Music Notebook, 120 Pages, Size 6"" x 9"" | Teddy Bears by Gilbert Frey",Gilbert Frey,Paperback,"Jun 29, 2021",
0,https://www.amazon.com/dp/B098GSP3JM,B098GSP3JM,Debt Tracker - I Cant I Have Plans In The Garage Car Mechanic Design Print,Emmy Kasuboski,Paperback,"Jun 29, 2021",
0,https://www.amazon.com/dp/B098GQSL8T,B098GQSL8T,Saving Tracker - I Don't Always Play Video Games Funny Gamer Boys Teen,Emmy Kasuboski,Paperback,"Jun 29, 2021",
0,https://www.amazon.com/dp/B098GL3YXS,B098GL3YXS,Llama Journal: Llama Themed Journal Blank Lined Pages Notebook,Wily Hands,Paperback,"Jun 29, 2021",
0,https://www.amazon.com/dp/B098GL3YXQ,B098GL3YXQ,"Father Husband Forklift Legend: Warehousing Notebook For Forklift Operators, Forklift Truck Drivers, Stockmen and Warehouse Worker",SteMi Publishing,Paperback,"Jun 29, 2021",
0,https://www.amazon.com/dp/B098GL3YV9,B098GL3YV9,"I Might Look Like I Am Listening To You But In My Mind I Am Hiking: Journal Gift For Men And Women, Gift For Hikers , Hiking lovers 120 Pages (6 x 9) Inches Lined Notebook",Hiking Prod,Paperback,"Jun 29, 2021",
1,https://www.amazon.com/dp/B098GL3YSX,B098GL3YSX,Sketchbook,RainEye Studio,Paperback,"Jun 29, 2021",
0,https://www.amazon.com/dp/B098GL3YKW,B098GL3YKW,"Rooster Graph Paper: Rooster Graph Paper Notebook To Write Notes, 4x4 Quad Rule - 8.5"" x 11"" Inches - 100 Pages",Rooster Graph Paper Publishing,Paperback,"Jun 29, 2021",
0,https://www.amazon.com/dp/B098GL3YJM,B098GL3YJM,"Workout Log Book: 121 Pages, Size 6"" x 9"" | Gym, Fitness and Training Diary | With Space Design by Wanda Schilling",Wanda Schilling,Paperback,"Jun 29, 2021",
0,https://www.amazon.com/dp/B098GL3YHV,B098GL3YHV,"I am 6 and magical: Unicorn Journal I am 6 & Magical!: A Happy Birthday 6 Years Old Unicorn Journal Notebook for Kids, Birthday Unicorn Journal for Girls / 6 Year Old Birthday Gift for Girls!",FADIL BOULAOUAN,Paperback,"Jun 29, 2021",
0,https://www.amazon.com/dp/B098GL3YBB,B098GL3YBB,Daily Tasks Tracker | Water Premium Designer Cover - Large (8.5 x 11in) 120 page Get Shit Done: Affordable Professional Notebook for Daily To Dos Mood Tracker Hydration Chart,Alexander Blanchard,Paperback,"Jun 29, 2021",
0,https://www.amazon.com/dp/B098GL3Y9S,B098GL3Y9S,"Lynx Graph Paper: Lynx Graph Paper Notebook To Write Notes, 4x4 Quad Rule - 8.5"" x 11"" Inches - 100 Pages",Lynx Graph Paper Publishing,Paperback,"Jun 29, 2021",
0,https://www.amazon.com/dp/B098GL3Y91,B098GL3Y91,"Guitar Tab Notebook: Guitar Tabs Notebook Crabs Cover, Amazing Learn Guitar Tabs Notebook For Adults of All Ages | 120 Pages - Size 6"" x 9"" by Marina Hohmann",Marina Hohmann,Paperback,"Jun 29, 2021",
0,https://www.amazon.com/dp/B098GL3Y1F,B098GL3Y1F,"Primary Story Journal Composition Book: Primary Story Journal Fruit Faces Cover, Dotted Midline and Picture Space | Grades K-2 Composition School ... | 120 Pages, Size 8.5"" x 11"" By Joseph Kunz",Joseph Kunz,Paperback,"Jun 29, 2021",
0,https://www.amazon.com/dp/B098GJDBW2,B098GJDBW2,"Marble Sketchbook: Liquid Marble Sketchbook | A Simple Orange 8.5 x 11, 120 Pages Marble Sketch Book for Men Women Boys Girls Kids Teens Couples Students Artists (Marble Lover Gifts)",Shahzaib Khan,Paperback,"Jun 29, 2021",
0,https://www.amazon.com/dp/B098GJDBSJ,B098GJDBSJ,"Tic Tac Toe: Games Fun Activities for Kids With Butterflys Cover Design | 100 Pages, Size 6"" x 9"" by Leonhard Hohmann",Leonhard Hohmann,Paperback,"Jun 29, 2021",
0,https://www.amazon.com/dp/B098GJDBPB,B098GJDBPB,"Ideas Notebook: Premium Lavender Floral Cover Ideas Notebook, Ideas Journal/Mini Ideas Notebook/Pocket Idea Log Book 120 Pages - Size 6"" x 9"" by Tilo Nagel",Tilo Nagel,Paperback,"Jun 29, 2021",
0,https://www.amazon.com/dp/B098GJDBNC,B098GJDBNC,"Sketchbook For Kids: Premium Starfish Cover | Size 8.5"" x 11"" |Blank White Pages for Painting, Drawing, Writing, Sketching and Doodling by Veit Weis",Veit Weis,Paperback,"Jun 29, 2021",
0,https://www.amazon.com/dp/B098GJDBMJ,B098GJDBMJ,"Music Notebook: Triangle Music Notebook, Music Writing Notebook | Blank Sheet Music Notebook, 120 Pages, Size 6"" x 9"" by Milan Jordan",Milan Jordan,Paperback,"Jun 29, 2021",
0,https://www.amazon.com/dp/B098GJDBF5,B098GJDBF5,"Guitar Tab Notebook: Guitar Tab Notebook Sunflowers Cover, Blank Guitar Tab Manuscript Paper, 120 Pages - Size 6"" x 9"" by Eckehard Blank",Eckehard Blank,Paperback,"Jun 29, 2021",
0,https://www.amazon.com/dp/B098GJDBDL,B098GJDBDL,"Cornell Notes Notebook: Marbled Blue Cover Cornell Notes Notebook, Cornell Note Paper Notebook, Cornell Paper, Organizing Notes System, Note Taking - 120 pages, 6"" x 9"" by Gerhild Sander",Gerhild Sander,Paperback,"Jun 29, 2021",
0,https://www.amazon.com/dp/B098GJDB6R,B098GJDB6R,"Black Paper Journal: Birds Cover Black Paper Journal, College Ruled | 6x9 Black Paper Notebook (Black Notebooks) | 120 Pages Design by Nicolas Paul",Nicolas Paul,Paperback,"Jun 29, 2021",
0,https://www.amazon.com/dp/B098G94RXC,B098G94RXC,"Ideas Notebook: Triangle Cover Ideas Notebook, Ideas Journal/Mini Ideas Notebook/Pocket Idea Log Book 120 Pages - Size 6"" x 9"" by Milan Jordan",Milan Jordan,Paperback,"Jun 29, 2021",
0,https://www.amazon.com/dp/B098G94RV2,B098G94RV2,"TO THE COOLEST BRORTHER THE DAY IS BRIGHTER AND MOREFUN WHEN YOU'RE AROUND HAPPY 40TH BIRTHDAY: Birthday gift for friend, Birthday journal notebook,.. ... gift, line journal notebook for birthday gift",ROWAN CARRENO,Paperback,"Jun 29, 2021",
0,https://www.amazon.com/dp/B098G94RP7,B098G94RP7,"Music Notebook: Music Writing Notebook | Blank Sheet Music Notebook | Pomegranates Cover Design | 120 Pages, Size 6"" x 9"" by Pauline Wunderlich",Pauline Wunderlich,Paperback,"Jun 29, 2021",
0,https://www.amazon.com/dp/B098G8X9SK,B098G8X9SK,Saving Tracker - I pay my bills my bills are paid funny,Emmy Kasuboski,Paperback,"Jun 29, 2021",
0,https://www.amazon.com/dp/B098FW4CH7,B098FW4CH7,"Fairy and Princesses Coloring Book For Kids: Fairy and Princesses Adorable Designs Book, 50 Adorable Fairy and princesses Designs For Boys And Girls, ... Fairy and princesses, Book For Kids Ages 4-8",M.C. Alexander,Paperback,"Jun 29, 2021",
0,https://www.amazon.com/dp/B0988WWCPY,B0988WWCPY,Warming Up by Bits & Pieces: Milla and Mallory's Magical Adventure,Victoria Vinton,Paperback,"Jun 29, 2021",
2,https://www.amazon.com/dp/B098318FG8,B098318FG8,Stories from my Childhood: A Panamanian kid tells the story of his early life in the 1960's,Ed A. Sasso Carvallo,Paperback,"Jun 28, 2021",
0,https://www.amazon.com/dp/B09868L73V,B09868L73V,"Who will Felix be? (Who will baby be? (boy, dark hair) A-Q)",Ela Krepska,Paperback,"Jun 28, 2021",
2,https://www.amazon.com/dp/B098DMWZ2G,B098DMWZ2G,"I Spy With My Little Eye OCEAN ANIMALS Book For Kids Ages 2-5: A Fun Activity Learning, Picture and Guessing Game For Kids | Toddlers & Preschoolers ... Shark and Sea Animals | (I Spy Series)",Rainbow Lark,Paperback,"Jun 28, 2021",
0,https://www.amazon.com/dp/B0991LHYRP,B0991LHYRP,Notebook: Motivational Inspirational Notebook - 100 Pages - Grey Marble - Notes Diary Book,Yuri EL,Paperback,"Jun 28, 2021",
0,https://www.amazon.com/dp/B0991FG4L3,B0991FG4L3,"My Comic Book: Blank Comic Book with large dimensions 8.5"" x 11"" and many templates 1 – 8 windows per page, without speech bubbles, including practice ... pages. Kids, Teens, Adults. Unicorn",M+S Kids Press,Paperback,"Jun 28, 2021",
0,https://www.amazon.com/dp/B0991C78K4,B0991C78K4,"DRAW! Sketch, Drawing, and Art Book",Daniel Maness,Paperback,"Jun 28, 2021",
0,https://www.amazon.com/dp/B099199HHQ,B099199HHQ,Notebook: ANIMAL PRINT COLLECTION: Black and Silver Animal Print Composition Notebook - College Ruled - 120 Pages - 8.5 x 11,Joyful Journey Press,Paperback,"Jun 28, 2021",
0,https://www.amazon.com/dp/B09914FX43,B09914FX43,"happy birthday: this birthday card enables you to express how happy you are to him on his birthday , whether it is your family ,friends or work friends or eneyone",John white,Paperback,"Jun 28, 2021",
0,https://www.amazon.com/dp/B098K87MVK,B098K87MVK,"Primary Story Journal Composition Book: Tyrannosaurus Dinosaurs Cover | Handwriting Practice notebook for kids boys and girls, Blank Dotted Lined ... Eberhardt, Size 8.5"" x 11"", 120 Pages",Winfried Eberhardt,Paperback,"Jun 28, 2021",
0,https://www.amazon.com/dp/B098K2JV5C,B098K2JV5C,Saving Tracker: Black Queen Afro Melanin Art,Lisa Yarbrough,Paperback,"Jun 28, 2021",
0,https://www.amazon.com/dp/B098K2JV4T,B098K2JV4T,"Squid Graph Paper: Cute Squid Graph Paper Composition, Grid Paper Notebook, Quad Ruled, 4x4 Quad Rule - 8.5"" x 11"" Inches",Squid Graph Paper Publishing,Paperback,"Jun 28, 2021",
0,https://www.amazon.com/dp/B098JVZ9D5,B098JVZ9D5,Dad and Son Farming Project: Wonderful Gardener Lover Blank Logbook.,Pomsontry Publications,Paperback,"Jun 28, 2021",
0,https://www.amazon.com/dp/B098JL3PZN,B098JL3PZN,Prayer Journal Notebook: Stained glass church - Christian register for your prayers and reflections on your religion and spirituality | 120 pages,Marie CN Edition,Paperback,"Jun 28, 2021",
0,https://www.amazon.com/dp/B098JL3PYR,B098JL3PYR,Pastel Stripes and Rainbow Kindergarten writing paper with lines for kids: 120 Blank handwriting practice paper with dotted lines for Kindergarten and Preschool Girl,TheClark &Co.,Paperback,"Jun 28, 2021",
0,https://www.amazon.com/dp/B098JL3PS5,B098JL3PS5,"Hedgehog Graph Paper: Hedgehog Graph Paper Notebook To Write Notes, 4x4 Quad Rule - 8.5"" x 11"" Inches - 100 Pages",Hedgehog Graph Paper Publishing,Paperback,"Jun 28, 2021",
0,https://www.amazon.com/dp/B098JL3PNZ,B098JL3PNZ,"I Am 9 And Magical, Dolphin Notebook: Cute Notebook For Kids Who Loves Dolphins",GR84RT Magical Publishing,Paperback,"Jun 28, 2021",
0,https://www.amazon.com/dp/B098JL3PM4,B098JL3PM4,Daily Dream Journal - Talk Less Smile More Hamilton Funny Quote,Joseph Fain,Paperback,"Jun 28, 2021",
0,https://www.amazon.com/dp/B098JL3PKY,B098JL3PKY,"I Am 6 And Magical, Dolphin Notebook For Kids And Teenage Girls: Dolphin Themed Ruled Notebook / Journal For Kids",GR84RT Magical Publishing,Paperback,"Jun 28, 2021",
0,https://www.amazon.com/dp/B098JL3PJ5,B098JL3PJ5,"I Am 11 And Magical, Cute Dolphins For Kids: Dolphin Journal, Dolphin Gifts For Kids And Teenage Girls",GR84RT Magical Publishing,Paperback,"Jun 28, 2021",
0,https://www.amazon.com/dp/B098JHTGDK,B098JHTGDK,"Wasp Graph Paper: Wasp Graph Paper Notebook To Write Notes, 4x4 Quad Rule - 8.5"" x 11"" Inches - 100 Pages",Wasp Graph Paper Publishing,Paperback,"Jun 28, 2021",
0,https://www.amazon.com/dp/B098JH1BWD,B098JH1BWD,HEY DUDE 1: Notebook for boys,Alnahdah Street,Paperback,"Jun 28, 2021",
0,https://www.amazon.com/dp/B098JH1BS9,B098JH1BS9,"Birthday Reminder Notebook: Birthday Reminder Book Marbled Green Cover, Month by Month Record of Birthdays, Anniversaries and Other Special Days | 60 Pages, Size 6"" x 9"" by Silvia Hein",Silvia Hein,Paperback,"Jun 28, 2021",
0,https://www.amazon.com/dp/B098JH1BQH,B098JH1BQH,Daily Fitness Sheet - Stepping Into My 54 Birthday Like A Queen Funny,Joseph Fain,Paperback,"Jun 28, 2021",
0,https://www.amazon.com/dp/B098JH1BP2,B098JH1BP2,"Notebook: Blank Lined Composition Notebook For College Students| Journal 8,5 x11 , 120 Page Blank Lined Paperback journal/notebook For Women and Girls| With Pink flowers Cover",Mill Press,Paperback,"Jun 28, 2021",
0,https://www.amazon.com/dp/B098JH1BM2,B098JH1BM2,"Notebook Balance 100 pages 6""x9""",Simona C Igna,Paperback,"Jun 28, 2021",
0,https://www.amazon.com/dp/B098JH1BF7,B098JH1BF7,"Jiu Jitsu Journal: Jiu Jitsu Training Notebook & Dairy, Jiu-Jitsu Training Notebook, 120 Pages, Size 8"" x 10"" Inch",Red Factory,Paperback,"Jun 28, 2021",
0,https://www.amazon.com/dp/B098JH1B6G,B098JH1B6G,"Draw and Write Journal: Umbrellas Cover Primary Composition Half Page Lined Paper with Drawing Space (8.5"" x 11"" Notebook), Grades K-2, By Sigrun Frey",Sigrun Frey,Paperback,"Jun 28, 2021",
0,https://www.amazon.com/dp/B098H61S1P,B098H61S1P,Coloring Book Animals Birds and Butterfly 78 Images for Toddlers Kids Ages 3-8: Size (8.5 x 11 inches) pages A4,Golden Pen,Paperback,"Jun 28, 2021",
0,https://www.amazon.com/dp/B098GYT2YS,B098GYT2YS,Graph paper composition notebook 8.5 x 11 120 pages: Graph paper composite notebook.Big graph paper notebook.,Andrii Kondrat,Paperback,"Jun 28, 2021",
0,https://www.amazon.com/dp/B098GYT2Y5,B098GYT2Y5,"Address Book: Strawberry Cover Address Book for Keeping Track of Addresses, Email, Mobile, Work & Home Phone Numbers, Birthdays, Note, 120 Pages, Size 8.5"" x 11"" By Corinna Berndt",Corinna Berndt,Paperback,"Jun 28, 2021",
0,https://www.amazon.com/dp/B098GYT2T8,B098GYT2T8,"Cornell Notes Notebook: Roses Cover, College Ruled Medium Lined Journal, Cornell Note Paper Workbook for School, University, Note Taking, Size 6 x 9"" by Gilbert Frey",Gilbert Frey,Paperback,"Jun 28, 2021",
0,https://www.amazon.com/dp/B098GYT2SM,B098GYT2SM,Daily Fitness Sheet - Heart Transplant Recipient Operating Surgery Survivor,Emmy Kasuboski,Paperback,"Jun 28, 2021",
0,https://www.amazon.com/dp/B098GX2841,B098GX2841,Cute Journal for Journaling: Cute Blue and White Striped Journal,Samuel Shin,Paperback,"Jun 28, 2021",
0,https://www.amazon.com/dp/B098GX2823,B098GX2823,Notebook;Independence Day happy GIFTS. 4th of July Day day in the United States of America .Happy Independence 4th Of July Day: Happy Independence ... gifts . 6 x 9 in (15.24 x 22.86 cm).120 pages,joseph art,Paperback,"Jun 28, 2021",
0,https://www.amazon.com/dp/B098GWGXK6,B098GWGXK6,The 3 Minute Gratitude Journal for Kids: A Journal to Teach Children to Practice Gratitude and Mindfulness 7-10 years,muhammed seyyid ahmet kaddur,Paperback,"Jun 28, 2021",
0,https://www.amazon.com/dp/B098GWGXGM,B098GWGXGM,"Black Paper Journal: Black Paper Journal Tyrannosaurus Dinosaurs Cover, 6x9 Black Paper Journal With Lined Black Pages | Reverse Color Notebook | ... Lined | 120 Pages | by Winfried Eberhardt",Winfried Eberhardt,Paperback,"Jun 28, 2021",
0,https://www.amazon.com/dp/B098GWGX9Y,B098GWGX9Y,"Birthday Reminder Notebook: Pomegranate Cover Birthday Reminder Notebook, Month by month diary for recording birthdays and anniversaries, 60 Pages, Size 6"" x 9"" by Rudi Walther",Rudi Walther,Paperback,"Jun 28, 2021",
0,https://www.amazon.com/dp/B098GWGX87,B098GWGX87,"Guitar Tab Notebook: Samurai Warrior Skull Cover Guitar Tab Notebook, Music Paper Notebook, Blank Guitar Tablature Music Note, 120 Pages - Size 6"" x 9"" by Martin Funke",Martin Funke,Paperback,"Jun 28, 2021",
0,https://www.amazon.com/dp/B098GWGX67,B098GWGX67,Tennis Score Book: Tennis Sport,Shoppy MyThing,Paperback,"Jun 28, 2021",
0,https://www.amazon.com/dp/B098GWGX5K,B098GWGX5K,"Sketchbook: Blank White Pages for Painting, Drawing, Writing, Sketching and Doodling, 120 pages, Size 6"" x 9"" | Brown Marble Cover by Georg Sauer",Georg Sauer,Paperback,"Jun 28, 2021",
0,https://www.amazon.com/dp/B098GWGX58,B098GWGX58,"Sketchbook For Kids: Premium Dinosaurs Cover | Size 8.5"" x 11"" |Blank White Pages for Painting, Drawing, Writing, Sketching and Doodling by Philipp JanBen",Philipp JanBen,Paperback,"Jun 28, 2021",
0,https://www.amazon.com/dp/B098GWGX4S,B098GWGX4S,Summer Planning Notebook,Rhonda Sims,Paperback,"Jun 28, 2021",
0,https://www.amazon.com/dp/B098GVX12B,B098GVX12B,"Quad Ruled Notebook: Grid Paper Composition Notebook, Cute Cat Couple (8.5 x11)",Littlefeet 1919,Paperback,"Jun 28, 2021",
0,https://www.amazon.com/dp/B098GVJ78B,B098GVJ78B,Animal Print Notebook (Animal Print Notebook Set),Ashley Elaine,Paperback,"Jun 28, 2021",
0,https://www.amazon.com/dp/B098GTZY2D,B098GTZY2D,Hannah Hippo Summer Activity Book: Fun All Summer Long,Terrell Vincent,Paperback,"Jun 28, 2021",
0,https://www.amazon.com/dp/B098GT2VHS,B098GT2VHS,"Meerkat Graph Paper: Meerkat Graph Paper Notebook To Write Notes, 4x4 Quad Rule - 8.5"" x 11"" Inches - 100 Pages",Meerkat Graph Paper Publishing,Paperback,"Jun 28, 2021",
0,https://www.amazon.com/dp/B098GT2PGQ,B098GT2PGQ,STICKER BOOK: Dinosaur sticker collection album for your Kids / Childers/Boys/Girls to collect their favorite ones in one place .,Teena  Sharmeen Publishing,Paperback,"Jun 28, 2021",
0,https://www.amazon.com/dp/B098GT2P38,B098GT2P38,Notebook,Imani P,Paperback,"Jun 28, 2021",
0,https://www.amazon.com/dp/B098GT2NJJ,B098GT2NJJ,"SUMMER BUCKET LIST FOR KIDS: High Quality White Interior Stock (110 pages, 9 x 0.24 x 9 inches)",xwizardy for publishing,Paperback,"Jun 28, 2021",
0,https://www.amazon.com/dp/B098GT2NHP,B098GT2NHP,"Kangaroo Graph Paper: Kangaroo Graph Paper Notebook 4x4 Quad Rule, Student Exercise Book Math Science Grid 100 pages",Kangaroo Graph Paper Publishing,Paperback,"Jun 28, 2021",
0,https://www.amazon.com/dp/B098GT2NGC,B098GT2NGC,"SUMMER BUCKET LIST FOR GIRLS: High Quality White Interior Stock (110 pages, 9 x 0.24 x 9 inches)",xwizardy for publishing,Paperback,"Jun 28, 2021",
0,https://www.amazon.com/dp/B098GT2NDH,B098GT2NDH,"JUST A LINED NOTEBOOK: COLLEGE Ruled Lined Paper Book / Journal by 6"" x 9"" with 150 Pages. A MULTI - PURPOSE NOTEBOOK. Ideal for Students in College, ... Book in Business, Writing Notes and Plans.",Simply Office Books,Paperback,"Jun 28, 2021",
0,https://www.amazon.com/dp/B098GT2NB8,B098GT2NB8,"Ukulele Tab Sheets: Premium Suchomimus Dinosaurs Cover | Ukulele Chord Diagrams / Blank Ukulele Tablature Notebook | 120 Pages | Size 6""x9"" by Dagmar Naumann",Dagmar Naumann,Paperback,"Jun 28, 2021",
0,https://www.amazon.com/dp/B098GT26Z4,B098GT26Z4,"Black Paper Journal: Black Paper Journal Strawberry Cover, 6x9 Black Paper Journal With Lined Black Pages | Reverse Color Notebook | Black Out Paper | Lightly Lined | 120 Pages | by Corinna Berndt",Corinna Berndt,Paperback,"Jun 28, 2021",
0,https://www.amazon.com/dp/B098GT26RR,B098GT26RR,"Cornell Notes Notebook: Premium Floral Cover Cornell Notes Notebook, Cornell Note Paper Notebook, 120 pages, 6"" x 9"" by Marianne Bartsch",Marianne Bartsch,Paperback,"Jun 28, 2021",
0,https://www.amazon.com/dp/B098GSRSGV,B098GSRSGV,"Meerkat Graph Paper: Meerkat Graph Paper Notebook 4x4 Quad Rule, Student Exercise Book Math Science Grid 100 pages",Meerkat Graph Paper Publishing,Paperback,"Jun 28, 2021",
0,https://www.amazon.com/dp/B098GSRKYH,B098GSRKYH,"Draw and Write Journal: Skull And Flowers Primary Story Journal, draw and write journal for kids k-2 early primary story journal | (8.5"" x 11"") (Journals for Kids) By Dirk Runge",Dirk Runge,Paperback,"Jun 28, 2021",
0,https://www.amazon.com/dp/B098GSDFZ5,B098GSDFZ5,"Tic Tac Toe: Marbled Green Tic Tac Toe, Games Fun Activities for Kids / Paper & Pencil Workbook for Games, Smart gifts for Family, 100 Pages, Size 6"" x 9"" by Silvia Hein",Silvia Hein,Paperback,"Jun 28, 2021",
0,https://www.amazon.com/dp/B098GQSJZY,B098GQSJZY,"I'm Just A 17 Year Old Girl Who Loves Guinea Pigs Notebook For Women Girls Kids Gift: Guinea Pigs Notebook: Birthday Gift 17 Year Old Girl who loves ... - 100 Page Paperback Notebook- (6""x9"")",Guinea Pigs Publication,Paperback,"Jun 28, 2021",
0,https://www.amazon.com/dp/B098GQSJWV,B098GQSJWV,"Just a girl who loves Honey: Blank lined college ruled notebook journal | Best for Homework, daily journaling, to-do list etc. | For School, Collage, ... | Best gift ideas for Kids, Girls and Women",NHR-book Shop,Paperback,"Jun 28, 2021",
0,https://www.amazon.com/dp/B098GQSJWC,B098GQSJWC,"Just a girl who loves Nuts: Blank lined college ruled notebook journal | Best for Homework, daily journaling, to-do list etc. | For School, Collage, ... | Best gift ideas for Kids, Girls and Women",NHR-book Shop,Paperback,"Jun 28, 2021",
0,https://www.amazon.com/dp/B098GQSJR2,B098GQSJR2,"Note and Draw !: penguin, lined and blank notebook 6x9, creative journal",Not'n Daw,Paperback,"Jun 28, 2021",
0,https://www.amazon.com/dp/B098GQSJM2,B098GQSJM2,My personal planner,Youcef Meglali,Paperback,"Jun 28, 2021",
0,https://www.amazon.com/dp/B098GQ6JN1,B098GQ6JN1,"Cornell Notes Notebook: Flamingos Cover, Cornell Note Paper Notebook, Cornell Paper, Organizing Notes System, Note Taking - 120 pages, 6"" x 9"" by Joanna Noack",Joanna Noack,Paperback,"Jun 28, 2021",
0,https://www.amazon.com/dp/B098GQ6JJ5,B098GQ6JJ5,Spelling Practice Composition Notebook: Grades K-2 | Teal Leopard (School Exercise Books For Kids),Mela School Press,Paperback,"Jun 28, 2021",
0,https://www.amazon.com/dp/B098GNGN7R,B098GNGN7R,"Gardening Log Book: The Useful Gardening Planner Notebook To Keep Record Of Plant Information, In This Gardening Logbook Has A Beautiful Soft Cover With Matte Finish.",TikBa Publishing,Paperback,"Jun 28, 2021",
0,https://www.amazon.com/dp/B098GMDCX3,B098GMDCX3,"Primary Story Journal Composition Book: Premium Kiwi Primary Composition Notebook Grade Level K-2 Draw and Write, Design By Carmen Rapp, Size 8.5"" x 11"", 120 Pages",Carmen Rapp,Paperback,"Jun 28, 2021",
0,https://www.amazon.com/dp/B098GMDCVB,B098GMDCVB,"Primary Story Journal Composition Book: Premium Pomegranate Primary Composition Notebook Grade Level K-2 Draw and Write, Design By Rudi Walther, Size 8.5"" x 11"", 120 Pages",Rudi Walther,Paperback,"Jun 28, 2021",
0,https://www.amazon.com/dp/B098GMDCR2,B098GMDCR2,"Gardening Log Book: Garden Organizer Notebook, A Recorder For Planting Data With A Beautiful Cover, Gardening Logbook.",TikBa Publishing,Paperback,"Jun 28, 2021",
0,https://www.amazon.com/dp/B098GMDCQX,B098GMDCQX,"Graph Paper Composition Notebook: Wolf Graph Paper Composition, Grid Paper Notebook, Quad Ruled, 100 Sheets, Size 8.5"" x 11"" by Helmuth Dittrich",Helmuth Dittrich,Paperback,"Jun 28, 2021",
0,https://www.amazon.com/dp/B098GMDCQN,B098GMDCQN,"Ideas Notebook: Premium Cute Fox Cover Ideas Notebook, Ideas Journal/Mini Ideas Notebook/Pocket Idea Log Book 120 Pages - Size 6"" x 9"" by Burkhard Funk",Burkhard Funk,Paperback,"Jun 28, 2021",
0,https://www.amazon.com/dp/B098GMDCQC,B098GMDCQC,"Sketchbook For Kids: Premium Halloween Dog Cover | Size 8.5"" x 11"" |Blank White Pages for Painting, Drawing, Writing, Sketching and Doodling by Corinna Berndt",Corinna Berndt,Paperback,"Jun 28, 2021",
0,https://www.amazon.com/dp/B098GMDCPN,B098GMDCPN,"Sketchbook: Blank White Pages for Painting, Drawing, Writing, Sketching and Doodling, 120 pages, Size 6"" x 9"" | Halloween Dog Cover by Corinna Berndt",Corinna Berndt,Paperback,"Jun 28, 2021",
0,https://www.amazon.com/dp/B098GJD8ZS,B098GJD8ZS,Recipe Journal Notebook - I became a caregiver Quote,Emmy Kasuboski,Paperback,"Jun 28, 2021",
0,https://www.amazon.com/dp/B098GJD8XW,B098GJD8XW,"I Am 13 And Magical, Dolphin Notebook For Kids And Teenage Girls: Dolphin Themed Ruled Notebook / Journal For Kids",GR84RT Magical Publishing,Paperback,"Jun 28, 2021",
0,https://www.amazon.com/dp/B098GJD8WP,B098GJD8WP,"I am 4 and magical: Unicorn Journal I'm 4 Years Old and Magical!: Happy Birthday Unicorn Diary 4 Years for Kids, Unicorn Journal Birthday for Girls / 3 Years Birthday Gift for Girls!",FADIL BOULAOUAN,Paperback,"Jun 28, 2021",
0,https://www.amazon.com/dp/B098GJD8QX,B098GJD8QX,"Cornell Notes Notebook: Pomegranate Cover Cornell Notes Notebook, Cornell Note Paper Notebook, Cornell Paper, Organizing Notes System, Note Taking - 120 pages, 6"" x 9"" by Rudi Walther",Rudi Walther,Paperback,"Jun 28, 2021",
0,https://www.amazon.com/dp/B098GJD8QW,B098GJD8QW,"Birthday Reminder Notebook: Birthday Reminder Notebook Triangle Cover by Milan Jordan, Birthday / Anniversaries Tracking Log Book Month By Month Diary | 60 Pages, Size 6"" x 9""",Milan Jordan,Paperback,"Jun 28, 2021",
0,https://www.amazon.com/dp/B098GJD8Q6,B098GJD8Q6,"Isometric Notebook: Isometric Graph Paper Notebook; 150 Pages Sized 8.5"" x 11"" Inches",John Publications,Paperback,"Jun 28, 2021",
0,https://www.amazon.com/dp/B098GJD8PZ,B098GJD8PZ,"Cornell Notes Notebook: Premium Dinosaurs Set Cover Cornell Notes Notebook, Cornell Note Paper Notebook, 120 pages, 6"" x 9"" by Harald Binder",Harald Binder,Paperback,"Jun 28, 2021",
0,https://www.amazon.com/dp/B098GJD8NS,B098GJD8NS,Dog Notebook: Journal Notebook with Dog Theme 9x11 100 lined pages,Dimitris Stappas,Paperback,"Jun 28, 2021",
0,https://www.amazon.com/dp/B098GJD8NF,B098GJD8NF,"Journal: Notebook Journal, 6x9 Inches, 100 Pages, Lined, Navy with Blush Floral Design",Tammy's Crafting Boutique,Paperback,"Jun 28, 2021",
0,https://www.amazon.com/dp/B098GJD8ND,B098GJD8ND,"Wasp Graph Paper: Cute Wasp Graph Paper Composition, Grid Paper Notebook, Quad Ruled, 4x4 Quad Rule - 8.5"" x 11"" Inches",Wasp Graph Paper Publishing,Paperback,"Jun 28, 2021",
0,https://www.amazon.com/dp/B098GJD8L8,B098GJD8L8,"Sketchbook: Blank White Pages for Painting, Drawing, Writing, Sketching and Doodling, 120 pages, Size 6"" x 9"" | Birds Cover by Nicolas Paul",Nicolas Paul,Paperback,"Jun 28, 2021",
0,https://www.amazon.com/dp/B098GJD8JN,B098GJD8JN,Various Cheeses Composition Notebook: Wide Ruled Paper Notebook Journal,Zeno Digital,Paperback,"Jun 28, 2021",
0,https://www.amazon.com/dp/B098GJD8J6,B098GJD8J6,"Congratulations on another year on Earth.: Birthday gift for friend, Birthday journal notebook,.. Best birthday gift, line journal notebook for birthday gift",NASHIDA CARRENO,Paperback,"Jun 28, 2021",
0,https://www.amazon.com/dp/B098GJD8HS,B098GJD8HS,"Ukulele Tab Sheets: Monster Truck Ukulele Tab Sheets, Ukulele Chord Diagrams / Blank Ukulele Tablature Notebook, 120 Pages, Size 6""x9"" by Leo Weiss",Leo Weiss,Paperback,"Jun 28, 2021",
0,https://www.amazon.com/dp/B098GJD8GX,B098GJD8GX,"Primary Composition Notebook: Dog Cover Primary Story Journal, Dotted Midline and Picture Space | Grades K-2 Composition School Exercise Book | 120 Story Pages, Size 8.5"" x 11"" by Herbert Heinrich",Herbert Heinrich,Paperback,"Jun 28, 2021",
0,https://www.amazon.com/dp/B098GJD8DK,B098GJD8DK,"SUMMER BUCKET LIST FOR COUPLES: High Quality White Interior Stock (110 pages, 9 x 0.24 x 9 inches)",xwizardy for publishing,Paperback,"Jun 28, 2021",
0,https://www.amazon.com/dp/B098GJD8C9,B098GJD8C9,"Primary Composition Notebook: Oil Painting Cover Primary Story Journal, Dotted Midline and Picture Space | Grades K-2 Composition School Exercise Book ... Story Pages, Size 8.5"" x 11"" by Simon Scholz",Simon Scholz,Paperback,"Jun 28, 2021",
0,https://www.amazon.com/dp/B098GJD8C1,B098GJD8C1,Getting Things Done Planner - Alcohol Glue That Holding This 2021 Shitshow Together,RONALD AIKENS,Paperback,"Jun 28, 2021",
0,https://www.amazon.com/dp/B098G94R8X,B098G94R8X,Notebook: Unique Anime Manga in Black and White. Composition Notebook - College Ruled 100 Pages - Large 8.5 x 11,R G C,Paperback,"Jun 28, 2021",
0,https://www.amazon.com/dp/B098G94R73,B098G94R73,"Primary Story Journal Composition Book: Primary Story Journal Castles Cover, Dotted Midline and Picture Space | Grades K-2 Composition School Exercise ... Pages, Size 8.5"" x 11"" By Nikolai Gebhardt",Nikolai Gebhardt,Paperback,"Jun 28, 2021",
0,https://www.amazon.com/dp/B098G94R59,B098G94R59,"Composition Notebook: Notebook, 7.5x9.25 Inches, 100 Pages, Wide Ruled, Bookbag and Notes Design",Tammy's Crafting Boutique,Paperback,"Jun 28, 2021",
0,https://www.amazon.com/dp/B098G7LBR3,B098G7LBR3,My Summer Adventure Journal,Halie & Nani,Paperback,"Jun 28, 2021",
0,https://www.amazon.com/dp/B098FX47N5,B098FX47N5,"Workout Log Book: Gym, Fitness and Training Diary - Set Goals, Track Workouts and Record Progress, 121 Pages, Size 6"" x 9"" Camouflage Blue Cover Design by Milan Jordan",Milan Jordan,Paperback,"Jun 28, 2021",
0,https://www.amazon.com/dp/B098FX47MS,B098FX47MS,"The Panyard Is Home: Musician's Logbook // 6""x9"" book to record song practice for repertoire, purple",Akilah Sykes,Paperback,"Jun 28, 2021",
0,https://www.amazon.com/dp/B098FX47LC,B098FX47LC,Ukulele Tab Sheets: Ukulele Chord Diagrams / Blank Ukulele Tablature Notebook With Rose Cover by Carolin Haupt,Carolin Haupt,Paperback,"Jun 28, 2021",
0,https://www.amazon.com/dp/B098FX47KF,B098FX47KF,"Music Notebook: Wolf Music Notebook, Music Writing Notebook | Blank Sheet Music Notebook, 120 Pages, Size 6"" x 9"" by Helmuth Dittrich",Helmuth Dittrich,Paperback,"Jun 28, 2021",
0,https://www.amazon.com/dp/B098CX6XZ3,B098CX6XZ3,Happy Summer Coloring Book for Kids Ages 4-8: Summer Vacation Beach Theme Coloring Book for Preschool & Kids Happy Summer Vacation Time Relaxing Coloring Pages,Alp Design Publishing,Paperback,"Jun 28, 2021",
1,https://www.amazon.com/dp/B0989X2MM6,B0989X2MM6,What a Character Coloring Book for Kids: Hours of coloring fun for kids age 2-6!,Juju Vallier,Paperback,"Jun 28, 2021",
0,https://www.amazon.com/dp/B0989VKSJQ,B0989VKSJQ,Deer Coloring Book For Kids: Christmas Hunting Forest Animals Coloring Books For Toddlers and Kids Ages 4-8G boy coloring books for kids,Gladys Gaunt publishing,Paperback,"Jun 28, 2021",
0,https://www.amazon.com/dp/B0989VKSHT,B0989VKSHT,Soccer coloring book: Soccer coloring book for adults & kids,Prity Book House,Paperback,"Jun 28, 2021",
0,https://www.amazon.com/dp/B09892L2NJ,B09892L2NJ,"Music Notebook: Music Writing Notebook | Blank Sheet Music Notebook, 120 Pages, Size 6"" x 9"" | Suchomimus Dinosaurs by Dagmar Naumann",Dagmar Naumann,Paperback,"Jun 28, 2021",
0,https://www.amazon.com/dp/B0988L4JR3,B0988L4JR3,"Who will Evie be? (Who will baby be? (girl, blond hair) A-Q)",Ela Krepska,Paperback,"Jun 28, 2021",
0,https://www.amazon.com/dp/B0987JLW7L,B0987JLW7L,Good Cents,Sharon Shuster,Paperback,"Jun 28, 2021",
0,https://www.amazon.com/dp/B09868L74P,B09868L74P,"Who will Harrison be? (Who will baby be? (boy, blond hair) A-Q)",Ela Krepska,Paperback,"Jun 28, 2021",
0,https://www.amazon.com/dp/B09892Q8Y7,B09892Q8Y7,"Coloring Book Magic Trick: Fun Coloring Book Magic Trick for Kids Toddlers, 25 Coloring Pages",Sarah Larson,Paperback,"Jun 27, 2021",
0,https://www.amazon.com/dp/B098GMDC9L,B098GMDC9L,"MILITARY DAILY PLANNER: THIS PLANNER IS DESIGNED FOR THE MILITARY OFFICERS, TO KEEP TRACK OF THEIR DAILY ACTIVITIES AND ACTION PLAN.",RAPID RESCUE PRESS,Paperback,"Jun 27, 2021",
1,https://www.amazon.com/dp/B0GK1PL3VW,B0GK1PL3VW,Drake and His Magical Drawings,Robert B Irish,Paperback,"Jun 27, 2021",
0,https://www.amazon.com/dp/B09918FJLB,B09918FJLB,"Graph Paper Composition Notebook: Graph Paper Composition Notebook: Grid Paper Notebook, Quad Ruled, 120 Sheets (Large, 8.5 x 11) (Graph Paper Notebooks).",Noble Akhirome,Paperback,"Jun 27, 2021",
0,https://www.amazon.com/dp/B098RS71QM,B098RS71QM,Gratitude Notebook: Modern 100 pages lined notebook - paperback (Quote-front Notebooks),R J Chohan,Paperback,"Jun 27, 2021",
0,https://www.amazon.com/dp/B098JH1B4J,B098JH1B4J,"Genkouyoushi Notebook Kanji Practice Paper: Japanese Kanji Writing Practice Book-100 Pages of 8.5"" x 11"" Blank Genkouyoushi Writing Practice Sheets-Magnolia Cover",Dana Spagnolo,Paperback,"Jun 27, 2021",
0,https://www.amazon.com/dp/B098JH1B1C,B098JH1B1C,"I Am 10 And Magical Notebook For Girls, Cute Easter Rabbit With Flowers: Easter Notebook Journal For Girls, Bunny Girly Journal",GR84RT Magical Publishing,Paperback,"Jun 27, 2021",
0,https://www.amazon.com/dp/B098H667TJ,B098H667TJ,Primary Story Journal Composition Book: Practice Drawing and Writing for Kids Kindergarten to Second Grade,Melanie Hernandez,Paperback,"Jun 27, 2021",
0,https://www.amazon.com/dp/B098H667SL,B098H667SL,Rowan's Journal: Personalized Book Cover (Personalized Journal Covers),Imya Press,Paperback,"Jun 27, 2021",
0,https://www.amazon.com/dp/B098H667R7,B098H667R7,"LONG RANGE SHOOTING: shooting journal log book,shooting retirement gift",ANGEL HUNTER,Paperback,"Jun 27, 2021",
0,https://www.amazon.com/dp/B098H667N5,B098H667N5,"You are so Loved: Llamas notebook journal for Girls: Cute llamas Journal Gift for Women Girls Kids: Writing 100 Blank Lined Pages - (6""x9"") inches.",Tanay Das,Paperback,"Jun 27, 2021",
0,https://www.amazon.com/dp/B098H667H1,B098H667H1,"Ukulele Tab Sheets: Premium Raspberry Cover | Ukulele Chord Diagrams / Blank Ukulele Tablature Notebook | 120 Pages | Size 6""x9"" by Sonja Heine",Sonja Heine,Paperback,"Jun 27, 2021",
0,https://www.amazon.com/dp/B098H667GW,B098H667GW,"Graph Paper Composition Notebook: Grid Paper Notebook, Quad Ruled, 100 Sheets, Size 8.5"" x 11"" | Raspberry Cover Design by Sonja Heine",Sonja Heine,Paperback,"Jun 27, 2021",
0,https://www.amazon.com/dp/B098GWHMZH,B098GWHMZH,KIds Handwriting Book,Juan F Villalobos,Paperback,"Jun 27, 2021",
0,https://www.amazon.com/dp/B098GWGXB1,B098GWGXB1,Notebook: Lined Notebook Journal - 120 Pages - (5 x 8 inches),Alex Vries,Paperback,"Jun 27, 2021",
0,https://www.amazon.com/dp/B098GWGX2L,B098GWGX2L,Notebook | Snow Slopes Trails Mountain Premium Designer Cover - Large (8.5 x 11in) 120 page Blank-Pages: Affordable Professional Notebook Sketchbook for Art Doodles and Journaling,Alexander Blanchard,Paperback,"Jun 27, 2021",
0,https://www.amazon.com/dp/B098GWGX1K,B098GWGX1K,レディースノート: Notebook For Japanese Ladies,Press Haven,Paperback,"Jun 27, 2021",
0,https://www.amazon.com/dp/B098GWGX12,B098GWGX12,"SKETCHBOOK: A Sketchbook for Girls with a Unicorn design, 8.5"" x 11"", 120 pages",Skye Boyce,Paperback,"Jun 27, 2021",
0,https://www.amazon.com/dp/B098GSDFYX,B098GSDFYX,"Graph Paper Composition Notebook: Marbled Green Graph Paper Composition, Grid Paper Notebook, Quad Ruled, 100 Sheets, Size 8.5"" x 11"" by Silvia Hein",Silvia Hein,Paperback,"Jun 27, 2021",
0,https://www.amazon.com/dp/B098GSDFWH,B098GSDFWH,"Primary Story Journal Composition Book: Practice Drawing and Writing for Kids in grades K-2, Dotted Midline Creativity Notebook",Melanie Hernandez,Paperback,"Jun 27, 2021",
0,https://www.amazon.com/dp/B098GSDFT9,B098GSDFT9,Music Sheets | 150 Pages of Music Writing Sheets | Write Music | Book of Music Sheets: 150 Sheets of Music Writing Staff Lines | 12 Staffs per page | 8”X10” Book,Quirky Cutie,Paperback,"Jun 27, 2021",
0,https://www.amazon.com/dp/B098GSDFN5,B098GSDFN5,"Birthday Reminder Notebook: Birthday Reminder Book Marbled Pink Cover, Month by Month Record of Birthdays, Anniversaries and Other Special Days | 60 Pages, Size 6"" x 9"" by Leonhard Hohmann",Leonhard Hohmann,Paperback,"Jun 27, 2021",
0,https://www.amazon.com/dp/B098GSDFKJ,B098GSDFKJ,Succulent Notepad,Freya Notepads,Paperback,"Jun 27, 2021",
0,https://www.amazon.com/dp/B098GSDFK6,B098GSDFK6,"Sketchbook: Marbled Pink Sketchbook, Blank White Pages for Painting, Drawing, Writing, Sketching and Doodling, 120 pages, Size 6"" x 9"" by Leonhard Hohmann",Leonhard Hohmann,Paperback,"Jun 27, 2021",
0,https://www.amazon.com/dp/B098GSDFJ4,B098GSDFJ4,"Cute Easter Rabbits With Carrot, I Am 12 And Magical Notebook For Kids: Easter Notebook Journal For Girls & Kids Who Love Writing & Bunnies",GR84RT Magical Publishing,Paperback,"Jun 27, 2021",
0,https://www.amazon.com/dp/B098GSDFHM,B098GSDFHM,"love is the flower you’ve got to let grow, Berkley !: love is the flower you’ve got to let grow, Berkley !",AR Awesome zone,Paperback,"Jun 27, 2021",
0,https://www.amazon.com/dp/B098GSDFGC,B098GSDFGC,"Happy Birthday! Let’s make today a great one.: Birthday gift for friend, Birthday journal notebook,.. Best birthday gift, line journal notebook for birthday gift",LAWRENCE CARRENO,Paperback,"Jun 27, 2021",
0,https://www.amazon.com/dp/B098GSDFG4,B098GSDFG4,"Just a girl who loves Pineapple: Blank lined college ruled notebook journal | Best for Homework, daily journaling, to-do list etc. | For School, ... | Best gift ideas for Kids, Girls and Women",NHR-book Shop,Paperback,"Jun 27, 2021",
0,https://www.amazon.com/dp/B098GQ6J6R,B098GQ6J6R,"Notebook: Notebook in different colors, beautiful and attractive cute blank lined journal, (""6 x 9"" inches) 120 Pages: Lined Paper",Abde's Diarie,Paperback,"Jun 27, 2021",
0,https://www.amazon.com/dp/B098GQ6J45,B098GQ6J45,Journal: A Floral Blank Lined Diary,Simple Styles,Paperback,"Jun 27, 2021",
1,https://www.amazon.com/dp/B098GNGMPP,B098GNGMPP,My Diary Kids,Sachin Rao,Paperback,"Jun 27, 2021",
0,https://www.amazon.com/dp/B098GMKNZX,B098GMKNZX,"I Am 3 And Magical Notebook For Girls, Cute Easter Rabbit With Flowers: Easter Notebook Journal For Girls, Bunny Girly Journal",GR84RT Magical Publishing,Paperback,"Jun 27, 2021",
0,https://www.amazon.com/dp/B098GMKNX8,B098GMKNX8,"Ukulele Tab Sheets: Cute Dinosaurs Ukulele Tab Sheets, Ukulele Chord Diagrams / Blank Ukulele Tablature Notebook, 120 Pages, Size 6""x9"" by Nikolai Gebhardt",Nikolai Gebhardt,Paperback,"Jun 27, 2021",
0,https://www.amazon.com/dp/B098GMKNSZ,B098GMKNSZ,"Blank Comic Book for Kids, teens and adults: Draw Your Own Awesome Comics With variety of templates",L M Paper,Paperback,"Jun 27, 2021",
0,https://www.amazon.com/dp/B098GMKNNG,B098GMKNNG,"Music Notebook: Music Writing Notebook | Blank Sheet Music Notebook, 120 Pages, Size 6"" x 9"" | Cat by Werner Schmitt",Werner Schmitt,Paperback,"Jun 27, 2021",
0,https://www.amazon.com/dp/B098GMKNMJ,B098GMKNMJ,"Notebook: Butterfly notebook, journal, composition book, meeting notes, 6 x 9 college ruled, 100 pages",Loyda Gutierrez,Paperback,"Jun 27, 2021",
0,https://www.amazon.com/dp/B098GMDCL7,B098GMDCL7,just notebook: music disc,MODERN NOMAD,Paperback,"Jun 27, 2021",
0,https://www.amazon.com/dp/B098GMDCJY,B098GMDCJY,"Let's Graph It!: Graph Paper Notebook, Large 8.5x11 Inches, 100 Pages, 4x4 Quad Ruled, Black Theme with White Equations Design",Tammy's Crafting Boutique,Paperback,"Jun 27, 2021",
0,https://www.amazon.com/dp/B098GMDCH1,B098GMDCH1,"Draw and Write Journal: Grades K-2, Marbled Blue Cover Primary Composition Half Page Lined Paper with Drawing Space (8.5"" x 11"" Notebook) Design By Gerhild Sander",Gerhild Sander,Paperback,"Jun 27, 2021",
0,https://www.amazon.com/dp/B098GMDCFL,B098GMDCFL,Gael's Journal: Personalized Book Cover (Personalized Journal Covers),Imya Press,Paperback,"Jun 27, 2021",
0,https://www.amazon.com/dp/B098GMDCCX,B098GMDCCX,Black & Yellow Boss Lady Daily Planner: 7 Week Day Daily Planner | 1 Week Day = 1 Page | Amazing Gift For Boss Appreciation Day for Women Managers and ... Business Owners | Size 8.5x11 | 100 Pages,April J Udell,Paperback,"Jun 27, 2021",
0,https://www.amazon.com/dp/B098GMDCBK,B098GMDCBK,Welcome Baby! Tiger Sign In Book for Baby Shower: Baby Shower sign in guest book with space for each attendee to share their best baby shower advice and wishes.,Hank and Honey Press,Paperback,"Jun 27, 2021",
0,https://www.amazon.com/dp/B098GMDC61,B098GMDC61,Workout Log Book: Fitness exercise journal for strength training and cardio. Weightlifting tracker for muscle gain or weight loss. Gift for men and women. Black and gold cover.,Elena Cessamolly,Paperback,"Jun 27, 2021",
0,https://www.amazon.com/dp/B098GMDC5V,B098GMDC5V,"love is the flower you’ve got to let grow, Christine !: Christine Personalized with Name Lined Notebook, Best Gift For Mom, Sister, Grand Mom, Daughter, Mam & Any Thanksgiving.",AR Awesome zone,Paperback,"Jun 27, 2021",
0,https://www.amazon.com/dp/B098GMDC4K,B098GMDC4K,"Music Notebook: Music Writing Notebook | Blank Sheet Music Notebook | Marbled Pink Cover Design | 120 Pages, Size 6"" x 9"" by Leonhard Hohmann",Leonhard Hohmann,Paperback,"Jun 27, 2021",
0,https://www.amazon.com/dp/B098GMDC41,B098GMDC41,My First Journal: Kid's lined and dated first journal/diary,Harper O'Neil,Paperback,"Jun 27, 2021",
0,https://www.amazon.com/dp/B098GMDC3J,B098GMDC3J,School Year Survivor: End Of School Year Gifts For Students | The Longest School Year Ever | Great Idea With Funny Saying On Cover.,Paulina publishing,Paperback,"Jun 27, 2021",
0,https://www.amazon.com/dp/B098GMDC28,B098GMDC28,"Journal: 6"" X ""9: Mini Journal notebook, College Ruled Journal, simple notebook for girls and boys, useful for office and for making plans, gift for everyone.",lightfuture notebooks,Paperback,"Jun 27, 2021",
0,https://www.amazon.com/dp/B098GMDC26,B098GMDC26,Let the good times roll ! .Notebook: Simple notebook . Quad-Ruled . Large (8.5 x 11 inches) . 110 pages,Mayita Publishing,Paperback,"Jun 27, 2021",
0,https://www.amazon.com/dp/B098FX47JF,B098FX47JF,Beginner's Handwriting Workbook!: Learn to trace the Alphabet Letters,Holland Ealy,Paperback,"Jun 27, 2021",
0,https://www.amazon.com/dp/B098FX47BX,B098FX47BX,"Daily Intentions Journal: Daily Practices, Writing Prompts, and Reflections for Living in the Present Moment",LZ Press  House Publishing,Paperback,"Jun 27, 2021",
0,https://www.amazon.com/dp/B098FX4718,B098FX4718,Notebook | Waves Premium Designer Cover - Small (6 x 9in) 100 page Blank-Pages: Professional sketchbook for artists and creatives,Alexander Blanchard,Paperback,"Jun 27, 2021",
0,https://www.amazon.com/dp/B098FSD8Z1,B098FSD8Z1,Blank Comic Book: Blank Comic Templates To Create Your Own Comics Notebook For Kids And Adult,Salf Dill,Paperback,"Jun 27, 2021",
0,https://www.amazon.com/dp/B098FSD8XR,B098FSD8XR,"Ukulele Tab Sheets: Premium Kawaii Kitty Cat Cover | Ukulele Chord Diagrams / Blank Ukulele Tablature Notebook | 120 Pages | Size 6""x9"" by Kristina Schulz",Kristina Schulz,Paperback,"Jun 27, 2021",
0,https://www.amazon.com/dp/B098FSD8TQ,B098FSD8TQ,"Sales Order Tracker For Small Business for women: Home Based Organizer, Small Business log Daily Sales LogBook, Customer Order Tracking Journal Floral Cover Large 8.5"" x 11""",jonny depp,Paperback,"Jun 27, 2021",
0,https://www.amazon.com/dp/B098DZPRVV,B098DZPRVV,"Sketchbook: Blank White Pages for Painting, Drawing, Writing, Sketching and Doodling, 120 pages, Size 6"" x 9"" | Black Cats Cover by Wanda Schilling",Wanda Schilling,Paperback,"Jun 27, 2021",
0,https://www.amazon.com/dp/B098DZPRSR,B098DZPRSR,My First Music Notebook (Pink): Over 600 wide staves | 5 pages for kids' notes and reminders,Ann Mochi,Paperback,"Jun 27, 2021",
0,https://www.amazon.com/dp/B098DZPRRY,B098DZPRRY,"Birthday Reminder Notebook: Unicorns Cover Birthday Reminder Notebook, Month by month diary for recording birthdays and anniversaries, 60 Pages, Size 6"" x 9"" by Veit Weis",Veit Weis,Paperback,"Jun 27, 2021",
0,https://www.amazon.com/dp/B098DZPRR4,B098DZPRR4,"Music Notebook: Music Writing Notebook | Blank Sheet Music Notebook, 120 Pages, Size 6"" x 9"" | Pirate by Konstanze Fleischmann",Konstanze Fleischmann,Paperback,"Jun 27, 2021",
0,https://www.amazon.com/dp/B098DZPRPQ,B098DZPRPQ,"Coffee tasting journal: 6 X 9 Notebook with Writing Prompts, Gift for Coffee Lovers",Iulia's Books,Paperback,"Jun 27, 2021",
0,https://www.amazon.com/dp/B098DZPRN6,B098DZPRN6,"Draw and Write Journal: Camouflage Purple Primary Story Journal, draw and write journal for kids k-2 early primary story journal | (8.5"" x 11"") (Journals for Kids) By Waltraud Hartung",Waltraud Hartung,Paperback,"Jun 27, 2021",
0,https://www.amazon.com/dp/B098DZPRLG,B098DZPRLG,"Black Paper Journal: Trucks Cover Black Paper Journal, Solid Black Journal With Black Pages | Reverse Color Notebook | Black Out Paper, 120 Pages, Size 6"" x 9"" by Karen Stein",Karen Stein,Paperback,"Jun 27, 2021",
0,https://www.amazon.com/dp/B098DZPRJ5,B098DZPRJ5,"Draw and Write Journal: Pomegranates Cover, Grades K-2, Primary Composition Half Page Lined Paper with Drawing Space (8.5"" x 11"" Notebook), Desgin By Pauline Wunderlich",Pauline Wunderlich,Paperback,"Jun 27, 2021",
0,https://www.amazon.com/dp/B098DYS51P,B098DYS51P,Nathan's Journal: Personalized Book Cover (Personalized Journal Covers),Imya Press,Paperback,"Jun 27, 2021",
0,https://www.amazon.com/dp/B098DYS516,B098DYS516,Primary Composition Notebook: Story Journal: Grades K-2 & 3| Draw and Write| Dotted Midline| Hand Writing Practice| Creative Writing Skills,Yanzyn Co.,Paperback,"Jun 27, 2021",
0,https://www.amazon.com/dp/B098DYJY4B,B098DYJY4B,Gamers Logbook: video games logbook | Record and track all your video games achievements Paperback,Talentwork Designs,Paperback,"Jun 27, 2021",
0,https://www.amazon.com/dp/B098DYJY47,B098DYJY47,"Guitar Tab Notebook: Guitar Tab Notebook Chicken Cover, Blank Guitar Tab Manuscript Paper, 120 Pages - Size 6"" x 9"" by Gabriele Lechner",Gabriele Lechner,Paperback,"Jun 27, 2021",
0,https://www.amazon.com/dp/B098DSV5ZJ,B098DSV5ZJ,"My First Wedding Planner With Guest List: Today You Can Startting Plan Your Magical Time On Your Perfect Wedding, Dont Be Affraid And Plan Your ... Wedding (TREASURES OF TRUE LOVE FOR EVERYONE)",Carlos Nadaje,Paperback,"Jun 27, 2021",
0,https://www.amazon.com/dp/B098CZ1N1R,B098CZ1N1R,Notebook | Cream Wave Designer Cover - Small (6 x 9in) 100 page Blank-Pages: Professional Designer Notebook for Sketches Art and Journaling,Alexander Blanchard,Paperback,"Jun 27, 2021",
0,https://www.amazon.com/dp/B098CZ1N1P,B098CZ1N1P,Papa: Chicken Lovers Notebook Journal,Creative Paperback Journals,Paperback,"Jun 27, 2021",
0,https://www.amazon.com/dp/B098CXHPZY,B098CXHPZY,Food Journal (Calorie Counter): Fitness Activity Journal (365 Days),Lela Aswad,Paperback,"Jun 27, 2021",
0,https://www.amazon.com/dp/B098CXHPVS,B098CXHPVS,Composition Notebook Writing and Drawing: A Notebook with Space for Boys to Write and Draw - 6' x 9' Inches - 120 pages,Seadot Press,Paperback,"Jun 27, 2021",
0,https://www.amazon.com/dp/B098CXHPTD,B098CXHPTD,"Don't worry, you've got this: Ruled Inspirational Journal Notebook To Write In With Motivational Quotes For Girls And Women",KDP RESAMA,Paperback,"Jun 27, 2021",
0,https://www.amazon.com/dp/B098CVDC2P,B098CVDC2P,"Graph Paper Composition Notebook: Grid Paper Notebook, Quad Ruled, 100 Sheets, Size 8.5"" x 11"" | Music Of Nature Cover Design by Marianne Bartsch",Marianne Bartsch,Paperback,"Jun 27, 2021",
0,https://www.amazon.com/dp/B098CSN225,B098CSN225,"Ideas Notebook: Premium Music Of Nature Cover Ideas Notebook, Ideas Journal/Mini Ideas Notebook/Pocket Idea Log Book 120 Pages - Size 6"" x 9"" by Marianne Bartsch",Marianne Bartsch,Paperback,"Jun 27, 2021",
0,https://www.amazon.com/dp/B0989X2MK2,B0989X2MK2,Happy Birthday With Cute Animals: Cute Birthday Gift For Little Sister Brother Girl Boy | Animals Colouring Book For Kids,Sparrow Coloring Books,Paperback,"Jun 27, 2021",
0,https://www.amazon.com/dp/B0989VKS8R,B0989VKS8R,Ladybug Coloring Book For Kids: Ladybug And Insect Lover including All Bug Coloring Activity Book For Preschoolers Or Kindergarten Kids And Toddlers Ages 4-8,Apon Tinangelalls,Paperback,"Jun 27, 2021",
0,https://www.amazon.com/dp/B0989QSK3D,B0989QSK3D,My Writing and Coloring book,Zoe Turner,Paperback,"Jun 27, 2021",
2,https://www.amazon.com/dp/B0989M127F,B0989M127F,"How to Draw Cute Animals by Copying: Activity book to draw animals using grid copy method, with tracing and coloring options (Volume 1) (Drawing Using Grid Method)",Tracing Books,Paperback,"Jun 27, 2021",
0,https://www.amazon.com/dp/B0989G2V8N,B0989G2V8N,MANDALA COLORING BOOK,LOLOL COOL DESIGNS,Paperback,"Jun 27, 2021",
0,https://www.amazon.com/dp/B09892Q7PR,B09892Q7PR,Mermaid Coloring Book:: For Kids Ages 4-8,EBRbooks,Paperback,"Jun 27, 2021",
0,https://www.amazon.com/dp/B0988RG1BW,B0988RG1BW,Supercar Coloring Book: A Collection of Ultimate Exotic Luxury Cars Designs To Color For Kids Boys Girls,Madeline Projects,Paperback,"Jun 27, 2021",
0,https://www.amazon.com/dp/B0987KT45H,B0987KT45H,Coloring Book: children,Lester Randleman,Paperback,"Jun 27, 2021",
0,https://www.amazon.com/dp/B0986FZ9ZG,B0986FZ9ZG,Frog Coloring Book for Kids: Discover various types of Frog coloring pages Easy Fun Amusement coloring book for Frog Lover Toddlers Children with drawing book,SarahPla Press,Paperback,"Jun 27, 2021",
0,https://www.amazon.com/dp/B0986FXHQN,B0986FXHQN,"Unicorn, Princess and Farm Animals Coloring Book: For Kids Ages 2-4, 4-8, Preschool and Kindergarten (UK Edition) (The Second Schule Coloring Books)",The Second Schule,Paperback,"Jun 27, 2021",
0,https://www.amazon.com/dp/B0986BCBDP,B0986BCBDP,The Day We Wrote a Story: Read the story and then create your own!,Mr Mingo,Paperback,"Jun 27, 2021",
0,https://www.amazon.com/dp/B0986649P4,B0986649P4,"Cars Coloring book For Kids Ages 2-4: Kids Cars Coloring Book Ages 2-4 (6X9 Inch, 120 Pages)",Note Book Store,Paperback,"Jun 27, 2021",
0,https://www.amazon.com/dp/B0989VKSMB,B0989VKSMB,Red and White Polka Dot Notebook: Lined Blank Paper,Pennock,Paperback,"Jun 26, 2021",
0,https://www.amazon.com/dp/B0986FZ9YN,B0986FZ9YN,Word Search for Smart Kids Ages 4-8,n Riusso Huaman,Paperback,"Jun 26, 2021",
0,https://www.amazon.com/dp/B099C4J2Q1,B099C4J2Q1,Guitar Manuscript: Guitar Tablature Music Notebook with Finger Chords Diagrams (Guitar Manuscript Paper),Edwards Family Publishing,Paperback,"Jun 26, 2021",
0,https://www.amazon.com/dp/B099BBVVBY,B099BBVVBY,"Just a girl who loves Coconut: Blank lined college ruled notebook journal | Best for Homework, daily journaling, to-do list etc. | For School, ... | Best gift ideas for Kids, Girls and Women",NHR-book Shop,Paperback,"Jun 26, 2021",
0,https://www.amazon.com/dp/B098RX32JX,B098RX32JX,"Smile, it's free therapy: Quotes Inspirational Lined Journal Note Book 120 pages 6x9 inches.",Douglas Horton,Paperback,"Jun 26, 2021",
0,https://www.amazon.com/dp/B098RTQG19,B098RTQG19,Unicorn Coloring Book For Kids: (Coloring Books for Kids),Unicorn Coloring Book,Paperback,"Jun 26, 2021",
1,https://www.amazon.com/dp/B098GT2CLR,B098GT2CLR,My ABCs: Alphabet Coloring Book,GK Sanders,Paperback,"Jun 26, 2021",
0,https://www.amazon.com/dp/B098GQ6JG6,B098GQ6JG6,"Kawaii Sweet Treats Coloring Book: Cute Coloring Book For Kids and Adults with Cute Desserts, Cupcake, Donut, Candy, Ice Cream, Cookies, Chocolate, ... Coloring Pages for Toddler Girls & Boys)",Cute Sweets Publishing,Paperback,"Jun 26, 2021",
0,https://www.amazon.com/dp/B098DZQH9X,B098DZQH9X,"Graph Paper Composition Notebook: Grid Paper Notebook, Quad Ruled With Sea Animals Cover Design | 100 Sheets, Size 8.5"" x 11"" by Simon Scholz",Simon Scholz,Paperback,"Jun 26, 2021",
0,https://www.amazon.com/dp/B098DVRT1D,B098DVRT1D,"H: Letter H Initial Monogram Notebook / Pretty Blue & White Monogrammed Blank Lined Note Book / Journal Or Diary / 120 Pages, 6x9 Soft Cover",Monogram Notes Quotes,Paperback,"Jun 26, 2021",
0,https://www.amazon.com/dp/B098DVMWZQ,B098DVMWZQ,"Music Notebook: Music Writing Notebook | Blank Sheet Music Notebook | Cat Cover Design | 120 Pages, Size 6"" x 9"" by Werner Schmitt",Werner Schmitt,Paperback,"Jun 26, 2021",
0,https://www.amazon.com/dp/B098DMMYZ8,B098DMMYZ8,"Ruled Composition Book: A full cover color gree ruled notebook for note taking, back to school, or journaling. (Santi Creations Composition Books)",Santi Creations,Paperback,"Jun 26, 2021",
0,https://www.amazon.com/dp/B098DMMYYL,B098DMMYYL,Wedding notes: Floral Wedding Notebook,Wedding Essentials,Paperback,"Jun 26, 2021",
0,https://www.amazon.com/dp/B098DMMYRN,B098DMMYRN,"Just a girl who loves Cranberry: Blank lined college ruled notebook journal | Best for Homework, daily journaling, to-do list etc. | For School, ... | Best gift ideas for Kids, Girls and Women",NHR-book Shop,Paperback,"Jun 26, 2021",
0,https://www.amazon.com/dp/B098DMMYQZ,B098DMMYQZ,Sketchbook,RainEye Studio,Paperback,"Jun 26, 2021",
0,https://www.amazon.com/dp/B098DMMYJ8,B098DMMYJ8,Happy Birthday 9 Year Old Girl: Funny Birthday Girl Journal Diary Gift 120 Blank Pages 6x9 Inches Special Gift Idea,HiyokayArt Publishing,Paperback,"Jun 26, 2021",
0,https://www.amazon.com/dp/B098DHRNY2,B098DHRNY2,"Sketchbook: Blank White Pages for Painting, Drawing, Writing, Sketching and Doodling, 120 pages, Size 6"" x 9"" | Samurai Warrior Skull Cover by Martin Funke",Martin Funke,Paperback,"Jun 26, 2021",
0,https://www.amazon.com/dp/B098DHRNTB,B098DHRNTB,"You are young only once in life, but immaturity is forever. Happy birthday: Birthday gift for unisex, Birthday journal notebook,.. Best birthday gift, line journal notebook for birthday gift",SPIKE MARTIN,Paperback,"Jun 26, 2021",
0,https://www.amazon.com/dp/B098DHRNSF,B098DHRNSF,"Vulture Graph Paper: Math Graph Paper Notebook for Men, Women, Girls, School, Teachers, Homeschool, Homework, 4x4 Quad Rule - 8.5"" x 11"" Inches",Vulture Graph Paper Publishing,Paperback,"Jun 26, 2021",
0,https://www.amazon.com/dp/B098DHRNRF,B098DHRNRF,"Workout Log Book: Camouflage Yellow Workout Log Book, Gym, Fitness and Training Diary - Set Goals, Track Workouts and Record Progress, 121 Pages, Size 6"" x 9"" by Lore Heil",Lore Heil,Paperback,"Jun 26, 2021",
0,https://www.amazon.com/dp/B098DHRNQW,B098DHRNQW,"Just a girl who loves Granadilla: Blank lined college ruled notebook journal | Best for Homework, daily journaling, to-do list etc. | For School, ... | Best gift ideas for Kids, Girls and Women",NHR-book Shop,Paperback,"Jun 26, 2021",
0,https://www.amazon.com/dp/B098DHRNPG,B098DHRNPG,"Sketchbook For Kids: Black Cover Sketchbook,Blank White Pages for Painting, Drawing, Writing, Sketching and Doodling, 122 pages, Size 8.5"" x 11"" by Babette Haupt",Babette Haupt,Paperback,"Jun 26, 2021",
0,https://www.amazon.com/dp/B098DHRNJ2,B098DHRNJ2,"Bicycle Log Journal: Camouflage Orange Cover Bicycle Log Journal, Training Notebook For Cyclists & Cycling Enthusiasts, 120 Pages, Size 6"" x 9"" by Heribert Jordan",Heribert Jordan,Paperback,"Jun 26, 2021",
0,https://www.amazon.com/dp/B098DHRN9R,B098DHRN9R,Kindergarten Writing Paper With Lines: Lined Kids Primary Composition Notebook for Handwriting Learning and Practice,Kindergarten Pencil Press,Paperback,"Jun 26, 2021",
0,https://www.amazon.com/dp/B098DHRN95,B098DHRN95,"Draw and Write Journal: Leaf Cover, Grades K-2, Primary Composition Half Page Lined Paper with Drawing Space (8.5"" x 11"" Notebook), Desgin By Nicolas Paul",Nicolas Paul,Paperback,"Jun 26, 2021",
0,https://www.amazon.com/dp/B098CYYG53,B098CYYG53,Recipes & Shit,Omar Fd,Paperback,"Jun 26, 2021",
0,https://www.amazon.com/dp/B098CXHPNC,B098CXHPNC,Ukulele Tab Sheets: Ukulele Chord Diagrams / Blank Ukulele Tablature Notebook With Castles Cover by Natalia Horn,Natalia Horn,Paperback,"Jun 26, 2021",
0,https://www.amazon.com/dp/B098CXHPL5,B098CXHPL5,My Skully Sketchbook,RainEye Studio,Paperback,"Jun 26, 2021",
0,https://www.amazon.com/dp/B098CX6XTZ,B098CX6XTZ,"Birthday Reminder Notebook: Premium Music Cover Birthday Reminder Notebook, Month by month diary for recording birthdays and anniversaries, 60 Pages, Size 6"" x 9"" by Denis Falk",Denis Falk,Paperback,"Jun 26, 2021",
0,https://www.amazon.com/dp/B098CX6XSX,B098CX6XSX,Geometric Colorblock Notebook,Swan G,Paperback,"Jun 26, 2021",
0,https://www.amazon.com/dp/B098CX6XPZ,B098CX6XPZ,"I RESCUE FISH FROM WATER BEER FROM: fishing journal logbook,gifts for fishing lovers",WARD FARMER,Paperback,"Jun 26, 2021",
0,https://www.amazon.com/dp/B098CX6XMB,B098CX6XMB,"The Real princesses are born in November 1984: Birthday notebook for girl, women’s and kids. Thanksgiving, anniversary Diary for the boy who born in November 1984",Pint dsfhgsthj,Paperback,"Jun 26, 2021",
0,https://www.amazon.com/dp/B098CX6XG9,B098CX6XG9,Cycling Journal: Cycling Log Book: Cycling notebook for over 100 journeys | Cycling journal for cyclists to record and track all cycling journeys informations,Rose Null,Paperback,"Jun 26, 2021",
0,https://www.amazon.com/dp/B098CX6XFL,B098CX6XFL,Notebook: Dotted pages notebook | Dotted paper notebook | Notebook | Journal | Jotter | 5.5x8.5 | 120 pages | Stationary essential! | Koi Fish,KIK Designs,Paperback,"Jun 26, 2021",
0,https://www.amazon.com/dp/B098CX6XCX,B098CX6XCX,Notebook: Wide lined paper notebook | Wide ruled paper notebook | Wide lined pages notebook | Wide ruled pages notebook | Notebook | Journal | Jotter | 5.5x8.5 | Stationary essential! | Koi Fish,KIK Designs,Paperback,"Jun 26, 2021",
0,https://www.amazon.com/dp/B098CX6XC7,B098CX6XC7,"Ukulele Tab Sheets: Viruses And Bacteria Ukulele Tab Sheets, Ukulele Chord Diagrams / Blank Ukulele Tablature Notebook, 120 Pages, Size 6""x9"" by Magdalena Seiler",Magdalena Seiler,Paperback,"Jun 26, 2021",
0,https://www.amazon.com/dp/B098CX6X9M,B098CX6X9M,Notebook: Lined paper with margins notebook | Ruled paper with margins notebook | Lined pages with margins notebook | Ruled pages with margins ... essential! |Border Collie Dog Animal,KIK Designs,Paperback,"Jun 26, 2021",
0,https://www.amazon.com/dp/B098CX6X81,B098CX6X81,"Sketchbook: Blank White Pages for Painting, Drawing, Writing, Sketching and Doodling, 120 pages, Size 6"" x 9"" | Dilong Dinosaurs Cover by Simone Bach",Simone Bach,Paperback,"Jun 26, 2021",
0,https://www.amazon.com/dp/B098CX6X7L,B098CX6X7L,Notebook: Dotted pages notebook | Dotted paper notebook | Notebook | Journal | Jotter | 5.5x8.5 | Stationary essential!,KIK Designs,Paperback,"Jun 26, 2021",
0,https://www.amazon.com/dp/B098CX6X6Q,B098CX6X6Q,Thank You for The Amazing Job You Do Every Day!: Employee Appreciation Gifts / A Great Motivational & Appreciation Gift for Team Members / Awesome Lined Notebook / 7×10 inch / 110 Pages,Motivy Publishing,Paperback,"Jun 26, 2021",
0,https://www.amazon.com/dp/B098CX6X5V,B098CX6X5V,"Ideas Notebook: Rose Cover Ideas Notebook, Ideas Journal/Mini Ideas Notebook/Pocket Idea Log Book 120 Pages - Size 6"" x 9"" by Carolin Haupt",Carolin Haupt,Paperback,"Jun 26, 2021",
0,https://www.amazon.com/dp/B098CX6X3B,B098CX6X3B,Blank Recipe Book: Blank notebook to write recipes/120 page recipes writing notebook blank 8x11inch/Recipe book to write in your own recipes ... Large size recipe writing notebook blank,Rasul Garayev,Paperback,"Jun 26, 2021",
0,https://www.amazon.com/dp/B098CX6X2D,B098CX6X2D,"Workout Log Book: 121 Pages, Size 6"" x 9"" | Gym, Fitness and Training Diary | With Pomegranate Design by Rudi Walther",Rudi Walther,Paperback,"Jun 26, 2021",
0,https://www.amazon.com/dp/B098CP5SM2,B098CP5SM2,"Music Notebook: Unicorn Music Notebook, Music Writing Notebook | Blank Sheet Music Notebook, 120 Pages, Size 6"" x 9"" by Ronny Beck",Ronny Beck,Paperback,"Jun 26, 2021",
0,https://www.amazon.com/dp/B098CNYYKL,B098CNYYKL,Notebook: Vintage-Rainbow Journal Notebook: Small - 5 x 8 100 Pages,Andrew Antosik,Paperback,"Jun 26, 2021",
0,https://www.amazon.com/dp/B098B3V6L3,B098B3V6L3,"Guitar Tab Notebook: Premium Mandalas Cover Guitar Tab Notebook, Music Paper Notebook, Blank Guitar Tablature Music Note, 120 Pages - Size 6"" x 9"" by Ruth Richter",Ruth Richter,Paperback,"Jun 26, 2021",
0,https://www.amazon.com/dp/B098B2P8CG,B098B2P8CG,"Guitar Tab Notebook: Guitar Tab Notebook Unicorn Cover, Blank Guitar Tab Manuscript Paper, 120 Pages - Size 6"" x 9"" by Ronny Beck",Ronny Beck,Paperback,"Jun 26, 2021",
0,https://www.amazon.com/dp/B0989X2MSH,B0989X2MSH,"Birthday Reminder Notebook: Cat Cover Birthday Reminder Notebook, Month by month diary for recording birthdays and anniversaries, 60 Pages, Size 6"" x 9"" by Werner Schmitt",Werner Schmitt,Paperback,"Jun 26, 2021",
0,https://www.amazon.com/dp/B0989X2MQV,B0989X2MQV,"Birthday Reminder Notebook: Birthday Date Reminder Book Bees And Flowers Cover, Monthly Record Date Notebook for Birthdays and Anniversaries, Design by Grit Zimmer, 60 Pages, Size 6"" x 9""",Grit Zimmer,Paperback,"Jun 26, 2021",
0,https://www.amazon.com/dp/B0989X2MPH,B0989X2MPH,"Primary Composition Notebook: Premium Trucks Cover Primary Story Journal, Dotted Midline and Picture Space | Grades K-2,120 Story Pages, Size 8.5"" x 11"" by Karen Stein",Karen Stein,Paperback,"Jun 26, 2021",
0,https://www.amazon.com/dp/B0989X2MP3,B0989X2MP3,"Summer Camp Journal Memories 2021: Camping Journal Notebook | Summer Vacation | Vacation Memory Book For Teens, Boys or Girls | Campers gift | Size 6''x 9'' - 120 Pages .",THOURAYA JLASSI,Paperback,"Jun 26, 2021",
0,https://www.amazon.com/dp/B0989X2MNJ,B0989X2MNJ,"Birthday Reminder Notebook: Premium Trucks Cover Birthday Reminder Notebook, Month by month diary for recording birthdays and anniversaries, 60 Pages, Size 6"" x 9"" by Karen Stein",Karen Stein,Paperback,"Jun 26, 2021",
0,https://www.amazon.com/dp/B0989X2MNG,B0989X2MNG,"Summer Camp Journal Memories 2021: Camping Journal Notebook | Summer Vacation | Vacation Memory Book For Teens, Boys or Girls | Campers gift | Size 6''x 9'' - 120 Pages .",THOURAYA JLASSI,Paperback,"Jun 26, 2021",
0,https://www.amazon.com/dp/B0989X2MJQ,B0989X2MJQ,"Bicycle Log Journal: Dragon Fruit Cover Cycling Journal and Training Notebook, Log Rides and Routes and Trails | 120 Pages, Size 6"" x 9"" | by Regine Moritz",Regine Moritz,Paperback,"Jun 26, 2021",
0,https://www.amazon.com/dp/B0989X2MJH,B0989X2MJH,"Sketchbook: Blank White Pages for Painting, Drawing, Writing, Sketching and Doodling, 120 pages, Size 6"" x 9"" | Flowers Cover by Bodo Sander",Bodo Sander,Paperback,"Jun 26, 2021",
0,https://www.amazon.com/dp/B0989X2MH5,B0989X2MH5,"Bicycle Log Journal: Baby Sleeping Cover Bicycle Log Journal, Training Notebook For Cyclists & Cycling Enthusiasts, 120 Pages, Size 6"" x 9"" by Ludmila Breuer",Ludmila Breuer,Paperback,"Jun 26, 2021",
0,https://www.amazon.com/dp/B0989X2MDW,B0989X2MDW,My Daily Planner: Weekly Planner - Customizable - 100 pages,Boss Fitness,Paperback,"Jun 26, 2021",
0,https://www.amazon.com/dp/B0989X2MDS,B0989X2MDS,"Music Notebook: Viruses And Bacteria Music Notebook, Music Writing Notebook | Blank Sheet Music Notebook, 120 Pages, Size 6"" x 9"" by Magdalena Seiler",Magdalena Seiler,Paperback,"Jun 26, 2021",
0,https://www.amazon.com/dp/B0989X2M9W,B0989X2M9W,"Sketchbook: Blank White Pages for Painting, Drawing, Writing, Sketching and Doodling, 120 pages, Size 6"" x 9"" | Music Cover by Denis Falk",Denis Falk,Paperback,"Jun 26, 2021",
0,https://www.amazon.com/dp/B0989X2M9T,B0989X2M9T,"Wide ruled notebook, 120 pages lined in a rainbow flower cover",Shawnna Rae,Paperback,"Jun 26, 2021",
0,https://www.amazon.com/dp/B0989X2M82,B0989X2M82,"Bicycle Log Journal: Cycling Logbook Daisies Cover, Bike Riding, Bicycle Lovers, Log Book to keep track of daily Biking Training | 120 Pages, Size 6"" x 9"" | by Rita Hagen",Rita Hagen,Paperback,"Jun 26, 2021",
0,https://www.amazon.com/dp/B0989X2M5Z,B0989X2M5Z,"Graph Paper Composition Notebook: Monster Truck Graph Paper Composition, Grid Paper Notebook, Quad Ruled, 100 Sheets, Size 8.5"" x 11"" by Leo Weiss",Leo Weiss,Paperback,"Jun 26, 2021",
0,https://www.amazon.com/dp/B0989X2M5S,B0989X2M5S,"Primary Story Journal Composition Book: Daisies Cover | Handwriting Practice notebook for kids boys and girls, Blank Dotted Lined Notebooks, By Rita Hagen, Size 8.5"" x 11"", 120 Pages",Rita Hagen,Paperback,"Jun 26, 2021",
0,https://www.amazon.com/dp/B0989VKSBL,B0989VKSBL,Welcome Baby! Zebra Sign In Book for Baby Shower: Baby Shower sign in guest book with space for each attendee to share their best baby shower advice and wishes.,Hank and Honey Press,Paperback,"Jun 26, 2021",
0,https://www.amazon.com/dp/B0989VKS9Q,B0989VKS9Q,My Halloween Journal Notebook: 8.5x11 Inch 120 Pages,America First Products LLC.,Paperback,"Jun 26, 2021",
0,https://www.amazon.com/dp/B0989VKS5S,B0989VKS5S,"Graph Paper Composition Notebook: Grid Paper Notebook, Quad Ruled With Mandalas Cover Design | 100 Sheets, Size 8.5"" x 11"" by Ruth Richter",Ruth Richter,Paperback,"Jun 26, 2021",
0,https://www.amazon.com/dp/B0989VKS4C,B0989VKS4C,"THE ACCOUNTANT Q&A: Notebook Planner Women’s Mama Bear LGBT Q Cute Rainbow Mothers Day Gay Pride Mom Gift: Financial ,8-5X11 inch Notebook Planner ,To ... ,Pocket - Over 110 Pages Pride journal office",VANG R. SMITH,Paperback,"Jun 26, 2021",
0,https://www.amazon.com/dp/B0989VKS2V,B0989VKS2V,"Graph Paper Composition Notebook: Grid Paper Notebook, Quad Ruled With Music Cover Design | 100 Sheets, Size 8.5"" x 11"" by Denis Falk",Denis Falk,Paperback,"Jun 26, 2021",
0,https://www.amazon.com/dp/B0989VKRZV,B0989VKRZV,"Bicycle Log Journal: Castles Cover Bicycle Log Journal, Training Notebook For Cyclists & Cycling Enthusiasts, 120 Pages, Size 6"" x 9"" by Natalia Horn",Natalia Horn,Paperback,"Jun 26, 2021",
0,https://www.amazon.com/dp/B0989VKRNS,B0989VKRNS,"Snake Graph Paper: Snake Graph Paper Notebook To Write Notes, 4x4 Quad Rule - 8.5"" x 11"" Inches - 100 Pages",Snake Graph Paper Publishing,Paperback,"Jun 26, 2021",
0,https://www.amazon.com/dp/B0989VKRHB,B0989VKRHB,"Giraffe Graph Paper: Giraffe Graph Paper Notebook 4x4 Quad Rule, Student Exercise Book Math Science Grid 100 pages",Giraffe Graph Paper Publishing,Paperback,"Jun 26, 2021",
0,https://www.amazon.com/dp/B0989VKRFY,B0989VKRFY,"Shark Graph Paper: Cute Shark Graph Paper Composition, Grid Paper Notebook, Quad Ruled, 4x4 Quad Rule - 8.5"" x 11"" Inches",Shark Graph Paper Publishing,Paperback,"Jun 26, 2021",
0,https://www.amazon.com/dp/B09892Q8XF,B09892Q8XF,"Birthday Reminder Notebook: Birthday Date Reminder Book Baby Sleeping Cover, Monthly Record Date Notebook for Birthdays and Anniversaries, Design by Ludmila Breuer, 60 Pages, Size 6"" x 9""",Ludmila Breuer,Paperback,"Jun 26, 2021",
0,https://www.amazon.com/dp/B09892Q8VZ,B09892Q8VZ,"Magical Dream Purple Wall Journal for Journaling for school; work; home; vacation; family; friends; 110 blank lined pages; 6"" x 9""; great gift; kid; youth; adult",Kelsey Rogers,Paperback,"Jun 26, 2021",
0,https://www.amazon.com/dp/B09892Q8SR,B09892Q8SR,"Graph Paper Composition Notebook: Grid Paper Notebook, Quad Ruled With Space Cover Design | 100 Sheets, Size 8.5"" x 11"" by Armin Appel",Armin Appel,Paperback,"Jun 26, 2021",
0,https://www.amazon.com/dp/B09892Q8RH,B09892Q8RH,"Ideas Notebook: Ideas Notebook Space Cover, Ideas Journal/Mini Ideas Notebook/Pocket Idea Log Book 120 Pages - Size 6"" x 9"" by Armin Appel",Armin Appel,Paperback,"Jun 26, 2021",
0,https://www.amazon.com/dp/B09892Q8LS,B09892Q8LS,"To success for smart kids: Kindergarten writing, lesson or exercise book - 8.5 ""x11"" size, 120 pages, for ages 2-6, kindergarten through elementary ... preparation, alphabet writing, and more...",Angle Publishing,Paperback,"Jun 26, 2021",
0,https://www.amazon.com/dp/B09892L2N1,B09892L2N1,"Sloth Graph Paper: Sloth Graph Paper Notebook 4x4 Quad Rule, Student Exercise Book Math Science Grid 100 pages",Sloth Graph Paper Publishing,Paperback,"Jun 26, 2021",
0,https://www.amazon.com/dp/B09892L24J,B09892L24J,"Primary Composition Notebook: Premium Marbled Golden Cover Primary Story Journal, Dotted Midline and Picture Space | Grades K-2,120 Story Pages, Size 8.5"" x 11"" by Lilly Hohmann",Lilly Hohmann,Paperback,"Jun 26, 2021",
0,https://www.amazon.com/dp/B0988WWCST,B0988WWCST,"Primary Composition Notebook: Primary Composition Notebook Monster Truck Primary Story Journal, Dotted Midline and Picture Space | Grades K-2 | 120 Story Pages, Size 8.5"" x 11"" by Leo Weiss",Leo Weiss,Paperback,"Jun 26, 2021",
0,https://www.amazon.com/dp/B0988WWCR3,B0988WWCR3,"Guitar Tab Notebook: Premium Turtles Cover Guitar Tab Notebook, Music Paper Notebook, Blank Guitar Tablature Music Note, 120 Pages - Size 6"" x 9"" by Konstanze Schilling",Konstanze Schilling,Paperback,"Jun 26, 2021",
0,https://www.amazon.com/dp/B0988WWCQM,B0988WWCQM,"Primary Story Journal Composition Book: Raspberry Cover Primary Composition Notebook Grade Level K-2 Draw and Write, Dotted Midline Creative Picture Notebook, Size 8.5"" x 11"", 120 Pages By Sonja Heine",Sonja Heine,Paperback,"Jun 26, 2021",
0,https://www.amazon.com/dp/B0988WWCQ6,B0988WWCQ6,Unicorn Family Handwriting Notebook: Dotted Line For Practice 120 Pages 8.5x11,OhMyDarlene Publishing,Paperback,"Jun 26, 2021",
0,https://www.amazon.com/dp/B0988RG9K3,B0988RG9K3,"Savannah Cat Graph Paper: Savannah Cat Graph Paper Notebook 4x4 Quad Rule, Student Exercise Book Math Science Grid 100 pages",Savannah Cat Graph Paper Publishing,Paperback,"Jun 26, 2021",
0,https://www.amazon.com/dp/B0988RG1L8,B0988RG1L8,"Pet Vaccination record book: Pet Health & Vaccine Track Journal Notebook, Immunization Record book and Vaccination Reminder.",Bethany Vinson,Paperback,"Jun 26, 2021",
0,https://www.amazon.com/dp/B0988RG1HY,B0988RG1HY,"Address Book: Marbled Blue Cover Address Book, Record Birthday, Phone Number, Address, Email and Notes, 120 Pages, Size 8.5"" x 11"" Design by Gerhild Sander",Gerhild Sander,Paperback,"Jun 26, 2021",
1,https://www.amazon.com/dp/B0988RG19V,B0988RG19V,"Notebook: Sunflowers, College-Ruled",Reata Ridge Publishing,Paperback,"Jun 26, 2021",
0,https://www.amazon.com/dp/B0988RG16L,B0988RG16L,"Black Paper Journal: Premium Cube Cover Black Paper Journal, Solid Black Journal With Black Pages | Reverse Color Notebook | Black Out Paper, 120 Pages, Size 6"" x 9"" by Nina Reinhardt",Nina Reinhardt,Paperback,"Jun 26, 2021",
0,https://www.amazon.com/dp/B0987R6PYD,B0987R6PYD,"Sudoku Mastery Book: 300 Large Print Easy to Hard Puzzles for Teens, Adults, Seniors",PuzzlerSpace Co.,Paperback,"Jun 26, 2021",
0,https://www.amazon.com/dp/B0986FZ9PB,B0986FZ9PB,Deer Coloring Book For Kids: Cute Deer hunting animals coloring book for boys girls and kids of ages 4-8,Gladys Gaunt publishing,Paperback,"Jun 26, 2021",
0,https://www.amazon.com/dp/B0986FWKBV,B0986FWKBV,Beach Days Coloring Book,Ms. Janice M. Rolle,Paperback,"Jun 26, 2021",
0,https://www.amazon.com/dp/B0986FWK3P,B0986FWK3P,Deer Coloring Book For Kids: Cute Deer hunting animals coloring book for Lovely Boys And Girls and kids of ages 4-8,Gladys Gaunt publishing,Paperback,"Jun 26, 2021",
0,https://www.amazon.com/dp/B0986C6QTS,B0986C6QTS,Elephant Coloring Book for Adult: Well-crafted Beautiful Elephant Designs with Mandala for Stress Relief and Relaxation,Free Man,Paperback,"Jun 26, 2021",
0,https://www.amazon.com/dp/B0986B85ZW,B0986B85ZW,Mandala Coloring Book For Big Sister: This Coloring Book Featuring the Most Beautiful Mandalas for Stress Relief and Relaxation. Adults/Big Sister ... Mandalas(Coloring Books for Big Sister),FPB Coloring Book House,Paperback,"Jun 26, 2021",
1,https://www.amazon.com/dp/B09868J5CL,B09868J5CL,Unicorn Colouring Book,McDay Designs,Paperback,"Jun 26, 2021",
0,https://www.amazon.com/dp/B09868J53Q,B09868J53Q,"Birds Coloring Book For Kids: Beautiful Birds Designs, Bird Coloring, Great Coloring Book for Kids",Compact Art,Paperback,"Jun 26, 2021",
0,https://www.amazon.com/dp/B0986578GM,B0986578GM,Cars Coloring book For Kids ages 4-8: 120 Colorable Kids Cars Coloring Book,Note Book Store,Paperback,"Jun 26, 2021",
0,https://www.amazon.com/dp/B098318FBC,B098318FBC,Sea animals coloring book for kids,DonFrancisco .Inc,Paperback,"Jun 26, 2021",
0,https://www.amazon.com/dp/B097XFQ3Q9,B097XFQ3Q9,"Birthday Reminder Notebook: Tyrannosaurus Cover Birthday Reminder Notebook, Month by month diary for recording birthdays and anniversaries, 60 Pages, Size 6"" x 9"" by Margrit Behrendt",Margrit Behrendt,Paperback,"Jun 26, 2021",
0,https://www.amazon.com/dp/B097XFQ3Q7,B097XFQ3Q7,"Bicycle Log Journal: Tyrannosaurus Cover Cycling Journal and Training Notebook, Log Rides and Routes and Trails | 120 Pages, Size 6"" x 9"" | by Margrit Behrendt",Margrit Behrendt,Paperback,"Jun 26, 2021",
0,https://www.amazon.com/dp/B097XFQ3Q6,B097XFQ3Q6,"Draw and Write Journal: Tyrannosaurus Cover Primary Composition Half Page Lined Paper with Drawing Space (8.5"" x 11"" Notebook), Grades K-2, By Margrit Behrendt",Margrit Behrendt,Paperback,"Jun 26, 2021",
5,https://www.amazon.com/dp/B0986649XL,B0986649XL,"This is Frederick Banting, Charles Best and the Discovery of Insulin!",A. E. W.,Paperback,"Jun 25, 2021",
0,https://www.amazon.com/dp/B098B7CKHH,B098B7CKHH,"Address Book: Unicorn Cover Address Book Large Print, Record Birthday, Phone Number, Address, Email & Extra Notes | Size 8.5"" x 11"" By Ronny Beck",Ronny Beck,Paperback,"Jun 25, 2021",
0,https://www.amazon.com/dp/B097X4RC33,B097X4RC33,THE PRINCESS AND THE CAT: THE MAGIC CAT CHRONICLES BOOK 1: Don't miss the beginning of a set of magical adventures! A princess finds a friend in a ... of evil. Educational supplements to follow.,K.M. Byrne,Paperback,"Jun 25, 2021",
0,https://www.amazon.com/dp/B0988RCX99,B0988RCX99,Spelling Practice Composition Notebook: Grades K-2 | Pink Sprinkles (School Exercise Books For Kids),Mela School Press,Paperback,"Jun 25, 2021",
1,https://www.amazon.com/dp/B09892L2NP,B09892L2NP,"Just roll with it and take notes: Cute Sushi Notebook, Teens, Students, Girls",Willowbrush Stationery,Paperback,"Jun 25, 2021",
0,https://www.amazon.com/dp/B098GSRSL7,B098GSRSL7,"I'm Just A 16 Year Old Girl Who Loves Elephants Notebook For Women Girls Kids Gift: Elephants Notebook: Birthday Gift 16 Year Old Girl who loves ... - 100 Page Paperback Notebook- (6""x9"")",Elephants Publication,Paperback,"Jun 25, 2021",
0,https://www.amazon.com/dp/B098GSP89R,B098GSP89R,"Summer Notebook: Lined Notebook - 120 pages - 8.5"" x 11"" in",ELHADI MED,Paperback,"Jun 25, 2021",
0,https://www.amazon.com/dp/B098B9JYRH,B098B9JYRH,"Vacation Time Notebook: Journal For Adults Kids Teen, Nice Gift",Gonas Publishing,Paperback,"Jun 25, 2021",
0,https://www.amazon.com/dp/B098B7CLZS,B098B7CLZS,"Graph Paper Composition Notebook: Unicorn Cover | Grid Paper Notebook, Quad Ruled, 100 Sheets, Size 8.5"" x 11"" by Ronny Beck",Ronny Beck,Paperback,"Jun 25, 2021",
0,https://www.amazon.com/dp/B098B7CLYY,B098B7CLYY,There Is NO Substitute For You: Male Teacher Appreciation Gifts | Blank Lined Journal Notebook | Thank You Gift For Male Teacher | Retirement Present For Teacher,Ami R. Garza,Paperback,"Jun 25, 2021",
0,https://www.amazon.com/dp/B098B7CLXJ,B098B7CLXJ,"Bicycle Log Journal: Flowers Cover Bicycle Log Journal, Training Notebook For Cyclists & Cycling Enthusiasts, 120 Pages, Size 6"" x 9"" by Bodo Sander",Bodo Sander,Paperback,"Jun 25, 2021",
0,https://www.amazon.com/dp/B098B7CLWQ,B098B7CLWQ,Family Camping Checklist Journal: Record Your Adventures,Mahhad Abdelouahad,Paperback,"Jun 25, 2021",
0,https://www.amazon.com/dp/B098B7CLRR,B098B7CLRR,teacher planner: Teacher Agenda For Class Organization and Planning,Teacher Planner Lesson Plan Book,Paperback,"Jun 25, 2021",
0,https://www.amazon.com/dp/B098B7CKTH,B098B7CKTH,"Notebook: Zombie Rised Notebook/Journal 200 pages 6""x9"" sized",Serenity Passion Ink,Paperback,"Jun 25, 2021",
0,https://www.amazon.com/dp/B098B7CKQC,B098B7CKQC,"The Real princesses are born in November 1951: Birthday notebook for girl, women’s and kids. Thanksgiving, anniversary Diary for the boy who born in November 1951",Pint wertgty,Paperback,"Jun 25, 2021",
0,https://www.amazon.com/dp/B098B7CKJF,B098B7CKJF,DAILY FITNESS SHEET,S KERR,Paperback,"Jun 25, 2021",
0,https://www.amazon.com/dp/B098B7CKH7,B098B7CKH7,"Grey & White Floral Patterned Lined Paper Notebook, Empty Planner / Organiser Notepad, Stylish School / Work writing pad / book For Women & Teens",Cutest Planners,Paperback,"Jun 25, 2021",
0,https://www.amazon.com/dp/B098B7CKD6,B098B7CKD6,CATERPILLAR NOTEBOOK: Back to school caterpillar notebook | school journals and workbooks (Back to school notebooks for kids!),Fun Designs,Paperback,"Jun 25, 2021",
0,https://www.amazon.com/dp/B098B7CK9V,B098B7CK9V,"Purple Patterned Lined Paper Notebook, Empty Planner / Organiser Notepad, Stylish School / Work writing pad / book For Women & Teens",Cutest Planners,Paperback,"Jun 25, 2021",
0,https://www.amazon.com/dp/B098B3QDTC,B098B3QDTC,"Japanese notebook, 日本のノート - 120 pages lined notebook: 6 x 9 in / 15.24 x 22.86 cm 120 pages lined notebook",Elmirbook Japanbook,Paperback,"Jun 25, 2021",
0,https://www.amazon.com/dp/B0989X2M27,B0989X2M27,"Graph Paper Composition Notebook: Wolf Graph Paper Composition, Grid Paper Notebook, Quad Ruled, 100 Sheets, Size 8.5"" x 11"" by Helmuth Dittrich",Helmuth Dittrich,Paperback,"Jun 25, 2021",
0,https://www.amazon.com/dp/B0989WXXZ2,B0989WXXZ2,"Guitar Tab Notebook: Premium Dinosaur Roar Cover Guitar Tab Notebook, Music Paper Notebook, Blank Guitar Tablature Music Note, 120 Pages - Size 6"" x 9"" by Lilly Hohmann",Lilly Hohmann,Paperback,"Jun 25, 2021",
0,https://www.amazon.com/dp/B0989WXXY6,B0989WXXY6,THE LAUGHING PIG SKETCH BOOK,S KERR,Paperback,"Jun 25, 2021",
0,https://www.amazon.com/dp/B0989WXXWP,B0989WXXWP,"Sketchbook For Kids: Blank White Pages for Painting, Drawing, Writing, Sketching and Doodling, Size 8.5"" x 11"" | Skull With Cross Cover by Simone Bach",Simone Bach,Paperback,"Jun 25, 2021",
0,https://www.amazon.com/dp/B0989WXX98,B0989WXX98,"Workout Log Book: Gym, Fitness and Training Diary - Set Goals, Track Workouts and Record Progress, 121 Pages, Size 6"" x 9"" Apple Cover Design by Grit Hartmann",Grit Hartmann,Paperback,"Jun 25, 2021",
0,https://www.amazon.com/dp/B0989WXX89,B0989WXX89,"Address Book: Flamingos Cover Address Book for Keeping Track of Addresses, Email, Mobile, Work & Home Phone Numbers, Birthdays, Note, 120 Pages, Size 8.5"" x 11"" By Joanna Noack",Joanna Noack,Paperback,"Jun 25, 2021",
0,https://www.amazon.com/dp/B0989WXX3H,B0989WXX3H,"My Notebook | Cute Pineapple | Textured Pink | Lined | 6"" x 9"" | 120 pages: Simple Composition Notebook For Everyday Use",Akashic Om,Paperback,"Jun 25, 2021",
0,https://www.amazon.com/dp/B0989WXX2Z,B0989WXX2Z,"Black Paper Journal: Wolf Cover Black Paper Journal, College Ruled | 6x9 Black Paper Notebook (Black Notebooks) | 120 Pages Design by Helmuth Dittrich",Helmuth Dittrich,Paperback,"Jun 25, 2021",
2,https://www.amazon.com/dp/B0989VKRYW,B0989VKRYW,Unicorn Primary Composition Notebook Story Paper Journal: Unicorn Dashed Midline And Picture Space School Exercise Book | 100 pages,Ajeia Richards,Paperback,"Jun 25, 2021",
0,https://www.amazon.com/dp/B0989VKRXL,B0989VKRXL,Liam's Journal: Personalized Book Cover (Personalized Journal Covers),Imya Press,Paperback,"Jun 25, 2021",
0,https://www.amazon.com/dp/B0989VKRT9,B0989VKRT9,"YEAR / MONTHLY / WEEKLY / DAILY Planner with Inspirational Quotes: Undated Two-page Week Organizer Journal / Agenda with Uplifting, Empowering, ... Turquoise pages (Floral Planners & Journals)",BohoArt .Co,Paperback,"Jun 25, 2021",
0,https://www.amazon.com/dp/B0989VKRQY,B0989VKRQY,"Workout Log Book: 121 Pages, Size 6"" x 9"" | Gym, Fitness and Training Diary | With Skull With Floral Design by Irma Franke",Irma Franke,Paperback,"Jun 25, 2021",
0,https://www.amazon.com/dp/B0989VKRQ6,B0989VKRQ6,"Sketchbook: Blank White Pages for Painting, Drawing, Writing, Sketching and Doodling, 120 pages, Size 6"" x 9"" | Halloween Candy Cover by Georg Sauer",Georg Sauer,Paperback,"Jun 25, 2021",
0,https://www.amazon.com/dp/B0989VKRPC,B0989VKRPC,"Black Paper Journal: Black Pages Notebook Dinosaurs Set, Black Paper Lined Journal - Dinosaurs Set Cover - Small (6x9) - 120 Pages - For Writing with Metallic Gel Pens | by Harald Binder",Harald Binder,Paperback,"Jun 25, 2021",
0,https://www.amazon.com/dp/B0989VKRMD,B0989VKRMD,"Composition Notebook: Unicorn design, 9x6, 120 pages / 60 sheets, wide ruled lined paper: Unicorn and Rainbow Collection",Paper Wonder,Paperback,"Jun 25, 2021",
0,https://www.amazon.com/dp/B0989VKRKW,B0989VKRKW,"Sketchbook For Kids: Blank White Pages for Painting, Drawing, Writing, Sketching and Doodling, Size 8.5"" x 11"" | Corgis Cover by Margarita Zeller",Margarita Zeller,Paperback,"Jun 25, 2021",
0,https://www.amazon.com/dp/B0989VKRGF,B0989VKRGF,"Sketchbook: Zebra Skin Print Sketchbook, Blank White Pages for Painting, Drawing, Writing, Sketching and Doodling, 120 pages, Size 6"" x 9"" by Silvia Hein",Silvia Hein,Paperback,"Jun 25, 2021",
0,https://www.amazon.com/dp/B0989VKRFG,B0989VKRFG,WELCOME TO THE TEAM: JOURNAL 6X9 110 PAGE NO BLEED,ziko zakaria,Paperback,"Jun 25, 2021",
0,https://www.amazon.com/dp/B0989VKRDL,B0989VKRDL,"Workout Log Book: 121 Pages, Size 6"" x 9"" | Gym, Fitness and Training Diary | With Black Dark Print Design by Gilbert Frey",Gilbert Frey,Paperback,"Jun 25, 2021",
0,https://www.amazon.com/dp/B0989VKRD2,B0989VKRD2,"Primary Story Journal Composition Book: Suchomimus Dinosaurs Cover Primary Story Journal Composition Book, Grade Level K-2 Draw and Write, Dotted ... Size 8.5"" x 11"", 120 Pages By Dagmar Naumann",Dagmar Naumann,Paperback,"Jun 25, 2021",
0,https://www.amazon.com/dp/B0989VKRCF,B0989VKRCF,Cancer Journal: Zodiac Notebook | Astrology Journal | Zodiac Book | 200 Lined Pages | Glossy Cover,Beauty Babe Books,Paperback,"Jun 25, 2021",
0,https://www.amazon.com/dp/B0989VKRCD,B0989VKRCD,"Draw and Write Journal: Dinosaurs Primary Story Journal, draw and write journal for kids k-2 early primary story journal | (8.5"" x 11"") (Journals for Kids) | By Philipp JanBen",Philipp JanBen,Paperback,"Jun 25, 2021",
0,https://www.amazon.com/dp/B0989M52ZT,B0989M52ZT,"Pug Graph Paper: Pug Graph Paper Notebook To Write Notes, 4x4 Quad Rule - 8.5"" x 11"" Inches - 100 Pages",Pug Graph Paper Publishing,Paperback,"Jun 25, 2021",
0,https://www.amazon.com/dp/B0989M52YN,B0989M52YN,"86 Amazing Years Together: Funny 86th couple wedding anniversary gift for both, her and him, lined Notebook, 100 pages, 6 in x 9 in (15.2 x 22.9 cm)",FTWeddingGifts Publishing,Paperback,"Jun 25, 2021",
0,https://www.amazon.com/dp/B0989M52Y8,B0989M52Y8,only the strongest women become doctors: Inspirational Journal or Notebook for Teacher Gift: Great for Teacher Appreciation/Thank You/Retirement/Year End Gift,simo art,Paperback,"Jun 25, 2021",
0,https://www.amazon.com/dp/B0989M52X5,B0989M52X5,Unicorn Write And Draw Journal For Kids: Magical Unicorn Dancing Draw And Write Journal For Kindergarten Kids,Aexento Publishing,Paperback,"Jun 25, 2021",
0,https://www.amazon.com/dp/B0989M52WH,B0989M52WH,"I Am 13 And Magical Notebook Bunny, Cool Rabbit Notebook For Bunny Lovers: Cute Easter Bunnies Eggs Notebook For Kids",GR84RT Magical Publishing,Paperback,"Jun 25, 2021",
0,https://www.amazon.com/dp/B0989M52W6,B0989M52W6,"Black Paper Journal: Premium Brachiosaurus Dinosaurs Cover Black Paper Journal, Solid Black Journal With Black Pages | Reverse Color Notebook | Black ... 120 Pages, Size 6"" x 9"" by Florian Reich",Florian Reich,Paperback,"Jun 25, 2021",
1,https://www.amazon.com/dp/B0989M12QD,B0989M12QD,Sketchbook,RainEye Studio,Paperback,"Jun 25, 2021",
0,https://www.amazon.com/dp/B0989M12NY,B0989M12NY,Since 1980 | Epic Since | for gift of your family member: coloring & beuatifull & modern notebook,said kira publishing kidd,Paperback,"Jun 25, 2021",
0,https://www.amazon.com/dp/B0989M129L,B0989M129L,"Address Book: Sea Animals Cover Address Book, Record Birthday, Phone Number, Address, Email and Notes, 120 Pages, Size 8.5"" x 11"" Design by Simon Scholz",Simon Scholz,Paperback,"Jun 25, 2021",
0,https://www.amazon.com/dp/B0989G2V1K,B0989G2V1K,Merry Christmas: Winter Vacation Planner,Angela Webb,Paperback,"Jun 25, 2021",
0,https://www.amazon.com/dp/B09892Q8F5,B09892Q8F5,"Workout Log Book: Unicorns Workout Log Book, Gym, Fitness and Training Diary - Set Goals, Track Workouts and Record Progress, 121 Pages, Size 6"" x 9"" by Veit Weis",Veit Weis,Paperback,"Jun 25, 2021",
0,https://www.amazon.com/dp/B09892Q8BR,B09892Q8BR,"College Ruled Notebook: Black Large 8,5"" x 11"" Journal With 120 Pages For Taking Notes - Also Usable For School Writing And As a College Lined Planner Or Diary For Students, Teachers and Writers",Smuk Notesbøg,Paperback,"Jun 25, 2021",
0,https://www.amazon.com/dp/B09892Q89T,B09892Q89T,Composition Notebook Science: Science,Matthew Pettingale,Paperback,"Jun 25, 2021",
0,https://www.amazon.com/dp/B09892Q87L,B09892Q87L,Gratitude Journal: Unicorn Daily Gratitude Journal for girls,Moonblade Designs,Paperback,"Jun 25, 2021",
0,https://www.amazon.com/dp/B09892Q864,B09892Q864,Ooh La La Llama: 120 Page Lined 6 x 9 Notebook,K L Brodie,Paperback,"Jun 25, 2021",
0,https://www.amazon.com/dp/B09892Q84Z,B09892Q84Z,"Primary Story Journal Composition Book: Butterflys Cover | Handwriting Practice notebook for kids boys and girls, Blank Dotted Lined Notebooks, By Vanessa Steiner, Size 8.5"" x 11"", 120 Pages",Vanessa Steiner,Paperback,"Jun 25, 2021",
0,https://www.amazon.com/dp/B09892Q84W,B09892Q84W,all we have is now: motivational notepd with 6.69 x 9.61 in ( 16.99 x 24.4 cm ) and 120 pages,motivation king,Paperback,"Jun 25, 2021",
0,https://www.amazon.com/dp/B09892Q84S,B09892Q84S,"Rabbit Graph Paper: Rabbit Graph Paper Notebook To Write Notes, 4x4 Quad Rule - 8.5"" x 11"" Inches - 100 Pages",Rabbit Graph Paper Publishing,Paperback,"Jun 25, 2021",
0,https://www.amazon.com/dp/B09892Q81Z,B09892Q81Z,Unicorn Write And Draw Journal For Kids: Fantasy Unicorn Draw And Write Primary Story Journal For Boys And Girls,Md Habib Publishing,Paperback,"Jun 25, 2021",
0,https://www.amazon.com/dp/B09892L2Z4,B09892L2Z4,"Music Notebook: Music Writing Notebook | Blank Sheet Music Notebook, 120 Pages, Size 6"" x 9"" | Happy Halloween by Tim Gross",Tim Gross,Paperback,"Jun 25, 2021",
0,https://www.amazon.com/dp/B09892L2SS,B09892L2SS,"Graph Paper Composition Notebook: Avocado Graph Paper Composition, Grid Paper Notebook, Quad Ruled, 100 Sheets, Size 8.5"" x 11"" by Eckehard Blank",Eckehard Blank,Paperback,"Jun 25, 2021",
0,https://www.amazon.com/dp/B09892L2RV,B09892L2RV,"Black Paper Journal: Premium Dog Cover Black Paper Journal, Solid Black Journal With Black Pages | Reverse Color Notebook | Black Out Paper, 120 Pages, Size 6"" x 9"" by Herbert Heinrich",Herbert Heinrich,Paperback,"Jun 25, 2021",
0,https://www.amazon.com/dp/B09892L2P6,B09892L2P6,"Pink Cross Pattern Lined Paper Notebook, Empty Planner / Organiser Notepad, Stylish School / Work writing pad / book For Women & Teens",Cutest Planners,Paperback,"Jun 25, 2021",
0,https://www.amazon.com/dp/B09892L2LZ,B09892L2LZ,Ooh La La Llama: 120 Page Lined 6 x 9 Notebook,K L Brodie,Paperback,"Jun 25, 2021",
0,https://www.amazon.com/dp/B09892L2KG,B09892L2KG,"Pug Graph Paper: Math Graph Paper Notebook for Men, Women, Girls, School, Teachers, Homeschool, Homework, 4x4 Quad Rule - 8.5"" x 11"" Inches",Pug Graph Paper Publishing,Paperback,"Jun 25, 2021",
0,https://www.amazon.com/dp/B09892L2JY,B09892L2JY,"A: Letter A Initial Monogram Notebook / Pretty Blue & White Monogrammed Blank Lined Note Book / Journal Or Diary / 120 Pages, 6x9 Soft Cover",Monogram Notes Quotes,Paperback,"Jun 25, 2021",
0,https://www.amazon.com/dp/B09892L2J5,B09892L2J5,"Retired But Always A Nurse At Heart Lined Notebook: Retirement Gift For Nurse Notebook Journals, Nurse Appreciation Perfect Leaving Gift, Mom Retirement Dad Retirement Lined Journals Gift",The loaf of bread,Paperback,"Jun 25, 2021",
0,https://www.amazon.com/dp/B09892L2FH,B09892L2FH,My 2021 Summer Journal: Lined Notebook & Journal for your summer,Gonas Publishing,Paperback,"Jun 25, 2021",
1,https://www.amazon.com/dp/B09892L2F4,B09892L2F4,"Baby Animals Handwriting Practice and Tracing: Pre-K through Kindergarten, Practice writing letters and numbers 1-10 & Coloring Practice",Ginger Lemonade Publishing,Paperback,"Jun 25, 2021",
0,https://www.amazon.com/dp/B09892L2BP,B09892L2BP,"I Am 9 And Magical Notebook Bunny, Cool Rabbit Notebook For Bunny Lovers: Cute Easter Bunnies Eggs Notebook For Kids",GR84RT Magical Publishing,Paperback,"Jun 25, 2021",
0,https://www.amazon.com/dp/B09892L26H,B09892L26H,"Cute Easter Bunny Notebook For Kids, I Am 8 And Magical Notebook: Easter Eggs Bunnies Notebook For Kids",GR84RT Magical Publishing,Paperback,"Jun 25, 2021",
0,https://www.amazon.com/dp/B0988XW9R8,B0988XW9R8,"Ideas Notebook: Dinosaurs Cover Ideas Notebook, Ideas Journal/Mini Ideas Notebook/Pocket Idea Log Book 120 Pages - Size 6"" x 9"" by Philipp JanBen",Philipp JanBen,Paperback,"Jun 25, 2021",
0,https://www.amazon.com/dp/B0988XW9LJ,B0988XW9LJ,"Primary Story Journal Composition Book: Monster Truck Cover Primary Composition Notebook Grade Level K-2 Draw and Write, Dotted Midline Creative ... Size 8.5"" x 11"", 120 Pages By Leo Weiss",Leo Weiss,Paperback,"Jun 25, 2021",
0,https://www.amazon.com/dp/B0988XK6MK,B0988XK6MK,"Cornell Notes Notebook: Seahorses Cover Cornell Notes Notebook, Cornell Note Paper Notebook, Cornell Paper, Organizing Notes System, Note Taking - 120 pages, 6"" x 9"" by Nikolai Vogel",Nikolai Vogel,Paperback,"Jun 25, 2021",
0,https://www.amazon.com/dp/B0988XK6C3,B0988XK6C3,"Tic Tac Toe: Games Fun Activities for Kids / Paper & Pencil Workbook for Games, Smart gifts for Family | Music Cover by Denis Falk",Denis Falk,Paperback,"Jun 25, 2021",
0,https://www.amazon.com/dp/B0988WWCJ2,B0988WWCJ2,"Address Book: Cute Fox Cover Address Book for Keeping Track of Addresses, Email, Mobile, Work & Home Phone Numbers, Birthdays, Note, 120 Pages, Size 8.5"" x 11"" By Burkhard Funk",Burkhard Funk,Paperback,"Jun 25, 2021",
0,https://www.amazon.com/dp/B0988WWCFM,B0988WWCFM,"Ideas Notebook: Premium Avocado Cover Ideas Notebook, Ideas Journal/Mini Ideas Notebook/Pocket Idea Log Book 120 Pages - Size 6"" x 9"" by Eckehard Blank",Eckehard Blank,Paperback,"Jun 25, 2021",
0,https://www.amazon.com/dp/B0988WWCDN,B0988WWCDN,Respect Your Neighbours: Fox Lovers 6 x 9 Notebook With 120 Alternate Lined and Blank Pages,K L Brodie,Paperback,"Jun 25, 2021",
0,https://www.amazon.com/dp/B0988WWCC3,B0988WWCC3,Ukulele Tab Sheets: Ukulele Chord Diagrams / Blank Ukulele Tablature Notebook With Corgis Cover by Margarita Zeller,Margarita Zeller,Paperback,"Jun 25, 2021",
0,https://www.amazon.com/dp/B0988WWC8B,B0988WWC8B,"Happy birthday Another you older, another year wiser.: Birthday gift for unisex, Birthday journal notebook,.. Best birthday gift, line journal notebook for birthday gift",CHERYL MARTIN,Paperback,"Jun 25, 2021",
0,https://www.amazon.com/dp/B0988WWC7H,B0988WWC7H,Retriever (Labrador) notebook composition wide ruled: Labrador retriever 3 notebook Blue - Strong dog for a strong owner with a Labrador Retrieve image on each 120 pages of notebook,William David Whitmore,Paperback,"Jun 25, 2021",
0,https://www.amazon.com/dp/B0988WWC7B,B0988WWC7B,Independence Day Journal: Happy 4th of July Special Lined Journal for Independence Day. Independent Day Gift for Celebrations Adorable Notebook. (Independence Day Gifts),Independence Day Gifts,Paperback,"Jun 25, 2021",
0,https://www.amazon.com/dp/B0988WWC6Y,B0988WWC6Y,"I Didn't Ignore You, I Merely Used My Initiative: 120 Page Alternate Lined And Blank 6 x 9 Notebook",K L Brodie,Paperback,"Jun 25, 2021",
0,https://www.amazon.com/dp/B0988RG9M9,B0988RG9M9,"Primary Story Journal Composition Book: Primary Story Journal Dimorphodon Dangerous Cover, Dotted Midline and Picture Space | Grades K-2 Composition ... Pages, Size 8.5"" x 11"" By Waltraud Hartung",Waltraud Hartung,Paperback,"Jun 25, 2021",
0,https://www.amazon.com/dp/B0988RG9GY,B0988RG9GY,PASSWORD KEEPER: password,Maxine Pate,Paperback,"Jun 25, 2021",
0,https://www.amazon.com/dp/B0988RG9FK,B0988RG9FK,"Kindergarten Writing Paper With Lines For ABC Kids: Primary Composition Notebook Handwriting Practice Paper - Cow, Sheep, Chicken and More Farm Animals",Skellee Publishing,Paperback,"Jun 25, 2021",
0,https://www.amazon.com/dp/B0988RG9CH,B0988RG9CH,Just A Girl Who Loves Dragons Notebook: Cute Notebook for Dragons Lover - Perfect Gift For Girls (6 x 9 Inches - 110 Pages),Dragon Lover Publishing,Paperback,"Jun 25, 2021",
0,https://www.amazon.com/dp/B0988RG96X,B0988RG96X,"Guitar Tab Notebook: Guitar Tab Notebook Space Childish Cover, Blank Guitar Tab Manuscript Paper, 120 Pages - Size 6"" x 9"" by Milan Jordan",Milan Jordan,Paperback,"Jun 25, 2021",
0,https://www.amazon.com/dp/B0988RG8ZM,B0988RG8ZM,THE LAUGHING PIG SKETCH BOOK,S KERR,Paperback,"Jun 25, 2021",
0,https://www.amazon.com/dp/B0988RG8ZH,B0988RG8ZH,"I'm Just A 15 Year Old Girl Who Loves Pandas Notebook For Women Girls Kids Gift: Pandas Notebook: Birthday Gift 15 Year Old Girl who loves Pandas ... - 100 Page Paperback Notebook- (6""x9"")",Pandas Publication,Paperback,"Jun 25, 2021",
0,https://www.amazon.com/dp/B0988RG17H,B0988RG17H,nashi notebook (nashi notebooks),Donald Heath,Paperback,"Jun 25, 2021",
0,https://www.amazon.com/dp/B0988RCXHY,B0988RCXHY,"Primary Story Journal Composition Book: Cat Cover | Handwriting Practice notebook for kids boys and girls, Blank Dotted Lined Notebooks, By Werner Schmitt, Size 8.5"" x 11"", 120 Pages",Werner Schmitt,Paperback,"Jun 25, 2021",
0,https://www.amazon.com/dp/B0988RCXGT,B0988RCXGT,"Birthday Reminder Notebook: Premium Music Of Nature Cover Birthday Reminder Notebook, Month by month diary for recording birthdays and anniversaries, 60 Pages, Size 6"" x 9"" by Marianne Bartsch",Marianne Bartsch,Paperback,"Jun 25, 2021",
0,https://www.amazon.com/dp/B0988RCX9M,B0988RCX9M,"Just Married 66 Years Ago: Funny 66th couple wedding anniversary gift for both, her and him, lined Notebook, 100 pages, 6 in x 9 in (15.2 x 22.9 cm)",FTWeddingGifts Publishing,Paperback,"Jun 25, 2021",
0,https://www.amazon.com/dp/B0988RCX93,B0988RCX93,Merry Christmas NoteBook,Angela Webb,Paperback,"Jun 25, 2021",
0,https://www.amazon.com/dp/B0988RCX6G,B0988RCX6G,"Jellyfish Graph Paper: Math Graph Paper Notebook for Men, Women, Girls, School, Teachers, Homeschool, Homework, 4x4 Quad Rule - 8.5"" x 11"" Inches",Jellyfish Graph Paper Publishing,Paperback,"Jun 25, 2021",
0,https://www.amazon.com/dp/B0988RCX62,B0988RCX62,"Music Notebook: Music Writing Notebook | Blank Sheet Music Notebook | Dinosaurs Cover Design | 120 Pages, Size 6"" x 9"" by Philipp JanBen",Philipp JanBen,Paperback,"Jun 25, 2021",
0,https://www.amazon.com/dp/B0988RCX3H,B0988RCX3H,"Draw and Write Journal: Halloween Candy Cover, Grades K-2, Primary Composition Half Page Lined Paper with Drawing Space (8.5"" x 11"" Notebook), Desgin By Georg Sauer",Georg Sauer,Paperback,"Jun 25, 2021",
0,https://www.amazon.com/dp/B0988RCX1R,B0988RCX1R,"Birthday Reminder Notebook: Wolf Cover Birthday Reminder Notebook, Month by month diary for recording birthdays and anniversaries, 60 Pages, Size 6"" x 9"" by Helmuth Dittrich",Helmuth Dittrich,Paperback,"Jun 25, 2021",
0,https://www.amazon.com/dp/B0988RCX1D,B0988RCX1D,"Pastel Goth Notebook: Pastel Goth Aesthetic, Emo Notebook School Writing Journal for Students Teens",Serena Ernser,Paperback,"Jun 25, 2021",
0,https://www.amazon.com/dp/B0988RCX1B,B0988RCX1B,"Sketchbook For Kids: Rabbit Sketchbook,Blank White Pages for Painting, Drawing, Writing, Sketching and Doodling, 122 pages, Size 8.5"" x 11"" by Corinna Berndt",Corinna Berndt,Paperback,"Jun 25, 2021",
0,https://www.amazon.com/dp/B0988RCX15,B0988RCX15,"Bicycle Log Journal: Premium Black Cats Cover Bicycle Log Journal, Training Notebook For Cyclists & Cycling Enthusiasts, 120 Pages, Size 6"" x 9"" | by Wanda Schilling",Wanda Schilling,Paperback,"Jun 25, 2021",
0,https://www.amazon.com/dp/B0988RCX13,B0988RCX13,"Primary Story Journal Composition Book: Black Cats Cover Primary Story Journal Composition Book, Grade Level K-2 Draw and Write, Dotted Midline ... Size 8.5"" x 11"", 120 Pages By Wanda Schilling",Wanda Schilling,Paperback,"Jun 25, 2021",
0,https://www.amazon.com/dp/B0988QKKKW,B0988QKKKW,awesom since july 1983: awesom since july 1983 6x9 in 120page,mikasa akraman,Paperback,"Jun 25, 2021",
0,https://www.amazon.com/dp/B0988PPXNL,B0988PPXNL,"I'm Just A 12 Year Old Girl Who Loves Pandas Notebook For Women Girls Kids Gift: Pandas Notebook: Birthday Gift 12 Year Old Girl who loves Pandas ... - 100 Page Paperback Notebook- (6""x9"")",Pandas Publication,Paperback,"Jun 25, 2021",
0,https://www.amazon.com/dp/B0988PPXHR,B0988PPXHR,"Just Married 88 Years Ago: Funny 88th couple wedding anniversary gift for both, her and him, lined Notebook, 100 pages, 6 in x 9 in (15.2 x 22.9 cm)",FTWeddingGifts Publishing,Paperback,"Jun 25, 2021",
0,https://www.amazon.com/dp/B0988PPXDW,B0988PPXDW,"Birthday Reminder Notebook: Premium Apple Cover Birthday Reminder Notebook, Month by month diary for recording birthdays and anniversaries, 60 Pages, Size 6"" x 9"" by Grit Hartmann",Grit Hartmann,Paperback,"Jun 25, 2021",
0,https://www.amazon.com/dp/B0988PPX69,B0988PPX69,"Birthday Reminder Notebook: Birthday Reminder Book Unicorns Cover, Month by Month Record of Birthdays, Anniversaries and Other Special Days | 60 Pages, Size 6"" x 9"" by Veit Weis",Veit Weis,Paperback,"Jun 25, 2021",
0,https://www.amazon.com/dp/B0988PPX4K,B0988PPX4K,"Tic Tac Toe: Games Fun Activities for Kids / Paper & Pencil Workbook for Games, Smart gifts for Family | Flamingos Cover by Joanna Noack",Joanna Noack,Paperback,"Jun 25, 2021",
0,https://www.amazon.com/dp/B0988JFG4W,B0988JFG4W,Teacher's Planner: Blue and Gold,B's Kneez,Paperback,"Jun 25, 2021",
0,https://www.amazon.com/dp/B0988JFG4P,B0988JFG4P,"Classroom Random Acts of Kindness Tracker: Logbook for Kind actions, Spread kindness and happiness, Kindergarten log",Missi May,Paperback,"Jun 25, 2021",
0,https://www.amazon.com/dp/B0986FZ9MP,B0986FZ9MP,"Sketchbook For Kids: Kiwi Sketchbook,Blank White Pages for Painting, Drawing, Writing, Sketching and Doodling, 122 pages, Size 8.5"" x 11"" by Carmen Rapp",Carmen Rapp,Paperback,"Jun 25, 2021",
0,https://www.amazon.com/dp/B0986BCB84,B0986BCB84,My word search puzzle for kids age 6 - 8: My First Kids Word Search Puzzle Book ages 6-8.,Mizo word search Abraham,Paperback,"Jun 25, 2021",
0,https://www.amazon.com/dp/B098318F3K,B098318F3K,"Dinosaur Coloring Book for Kids: Great gift for Boys & Girls, Ages 4-8",devin mahle,Paperback,"Jun 25, 2021",
0,https://www.amazon.com/dp/B0982S7CS1,B0982S7CS1,"Tic Tac Toe: Games Fun Activities for Kids / Paper & Pencil Workbook for Games, Smart gifts for Family | Cats Cover by Nicolas Paul",Nicolas Paul,Paperback,"Jun 25, 2021",
2,https://www.amazon.com/dp/B0982M5SDJ,B0982M5SDJ,"Learn By Tracing ABC's, 123's & Coloring Activities",Bridget Harness,Paperback,"Jun 25, 2021",
0,https://www.amazon.com/dp/B0982JF3CN,B0982JF3CN,Coloring Book: Just Have Fun,coloring book,Paperback,"Jun 25, 2021",
0,https://www.amazon.com/dp/B0981PL9L6,B0981PL9L6,What's My Name? MARIELLA,Tiina Walsh,Paperback,"Jun 25, 2021",
1,https://www.amazon.com/dp/B097X7B7HW,B097X7B7HW,"Thoughts, Dreams and Stories by Year 7",JESS Dubai,Paperback,"Jun 25, 2021",
0,https://www.amazon.com/dp/B0987KT479,B0987KT479,The One-Minute Gratitude Journal For Women: start with gratitude - Bullet Journaling - stay awesome,Maria Publishing,Paperback,"Jun 24, 2021",
0,https://www.amazon.com/dp/B097X5VNPR,B097X5VNPR,Deer Coloring Book For Kids: Hunting Coloring Books for boys & girls - Outdoor Hunting Coloring Books For Toddlers and Kids Ages 4-8,Gladys Gaunt publishing,Paperback,"Jun 24, 2021",
0,https://www.amazon.com/dp/B0986D5P7W,B0986D5P7W,"Ice Hockey Playbook: Ice Hockey coach playbook, Blank Ice Hockey Rink Diagrams, Notebook for Drawing Up Plays, Drills, Tactic, Strategy and Scouting, ... kids, 6 x 9 inches inches (Sports Playbook)",The Unfussy Green Publishing,Paperback,"Jun 24, 2021",
3,https://www.amazon.com/dp/B097XD6LMZ,B097XD6LMZ,Body Parts: Activity Book And Coloring Pages For Kids l Educational Book For Kids To Learn Easily About Human Body And Practise Coloring,Katea Dolie Rayer,Paperback,"Jun 24, 2021",
1,https://www.amazon.com/dp/B0982JF38F,B0982JF38F,Believe in Unicorns Coloring Book: 50+ Beautiful Mythical Unicorn Coloring Pages.,Teaching Toys,Paperback,"Jun 24, 2021",
0,https://www.amazon.com/dp/B09CC7K3KP,B09CC7K3KP,"Out on a limb notebook/journal 8.5 x 11"" COLLEGE RULED 100 sheets: Get your inspiratiion from the heavens! standard size sheetz glossy cover",Cindy Lee,Paperback,"Jun 24, 2021",
0,https://www.amazon.com/dp/B099BYQ3BF,B099BYQ3BF,"Animals & Boat Sketch Book 110 Pages . 8.5"" X 11"": Perfect for Drawing, Painting, Crayon Coloring, Writing, Sketching and Doodling | Great Composition Notebook Gift for Girls and Boys",SKBKCNN PUB,Paperback,"Jun 24, 2021",
0,https://www.amazon.com/dp/B09919S4FR,B09919S4FR,I CAN WRITE & I CAN COUNT. WORKSHEET FOR AGES 3 -8,DEBORAH GENES,Paperback,"Jun 24, 2021",
0,https://www.amazon.com/dp/B098RYTV43,B098RYTV43,Capricorn Journal: : Zodiac Notebook | Astrology Journal | Zodiac Book | 200 Lined Pages | Glossy Cover,Beauty Babe Books,Paperback,"Jun 24, 2021",
0,https://www.amazon.com/dp/B098GJDBS8,B098GJDBS8,"White & Grey Floral Lined Paper Notebook, Empty Planner / Organiser Notepad, Stylish School / Work writing pad / book For Women & Teens",Cutest Planners,Paperback,"Jun 24, 2021",
0,https://www.amazon.com/dp/B098GJD8GN,B098GJD8GN,"Inside every older person is a younger person wondering what the hell happened: Birthday gift for unisex, Birthday journal notebook,.. Best birthday gift, line journal notebook for birthday gift",PIERS HOWE,Paperback,"Jun 24, 2021",
0,https://www.amazon.com/dp/B0988XW9LR,B0988XW9LR,Notebook:: Gold Monogram Initial Letter A with Marble and Floral Design Journal (6 in x 9 in),Jream Girl Journals,Paperback,"Jun 24, 2021",
0,https://www.amazon.com/dp/B0988QKKHF,B0988QKKHF,Plant Mom Pastel Green Notebook Journal,Reem Ali,Paperback,"Jun 24, 2021",
0,https://www.amazon.com/dp/B0988QK84P,B0988QK84P,How it begins To the new year Notebook: Purple Floral New Year Personal Notebook Blank Lined Journal,Prince Gon,Paperback,"Jun 24, 2021",
0,https://www.amazon.com/dp/B0988NV3ZN,B0988NV3ZN,Composition notebook for kids,DonFrancisco .Inc,Paperback,"Jun 24, 2021",
0,https://www.amazon.com/dp/B0988NV3ZB,B0988NV3ZB,"Simple Notebook: For Creative Minds- College Ruled 8 x 10 inch, 120 Sheets",CreativeMindz 2021,Paperback,"Jun 24, 2021",
0,https://www.amazon.com/dp/B0988L4JSS,B0988L4JSS,"The Warrior Diaries: Army Journal Military Log Book For Men Notebook For Women This Diary Books And Journals Are For Writing Record Your Secrets In ... For All Soldier Marines, Rangers And Navy.",Your own army selection book Easy book and practical nootebook,Paperback,"Jun 24, 2021",
0,https://www.amazon.com/dp/B0988JFG4D,B0988JFG4D,"2021-2025 Monthly Planner: Five Year Planner, Monthly Planner and Calendar, Agenda Schedule Organiser and 60 Months Calendar",OS Books,Paperback,"Jun 24, 2021",
0,https://www.amazon.com/dp/B0988JFG3C,B0988JFG3C,Reading Log: Reading log 6x9 journal book,T and I with Love,Paperback,"Jun 24, 2021",
0,https://www.amazon.com/dp/B0988JFG1G,B0988JFG1G,handwriting practice paper for kids beginners: 120 Blank handwriting practice paper with dotted lines,handwriting practice paper handwriting,Paperback,"Jun 24, 2021",
0,https://www.amazon.com/dp/B0988JFG15,B0988JFG15,"Primary Composition Notebook: Premium Cute Fox Cover Primary Story Journal, Dotted Midline and Picture Space | Grades K-2,120 Story Pages, Size 8.5"" x 11"" by Burkhard Funk",Burkhard Funk,Paperback,"Jun 24, 2021",
0,https://www.amazon.com/dp/B0988GB7CY,B0988GB7CY,I’m 9 & Magical,Otoe Dan,Paperback,"Jun 24, 2021",
0,https://www.amazon.com/dp/B0988GB79S,B0988GB79S,The One-Minute Gratitude Journal -The Great Mind Think Different: start with gratitude - stay awesome - everyday journal Notebook,Maria Publishing,Paperback,"Jun 24, 2021",
0,https://www.amazon.com/dp/B0988B1KXQ,B0988B1KXQ,Homework notebook: You will your home work better and amazing way,Hamza Diskobook,Paperback,"Jun 24, 2021",
0,https://www.amazon.com/dp/B0988B1KT3,B0988B1KT3,Sea Battle: Book 2 of 2 Sea Battle Game Book,Cassandra Fennimore,Paperback,"Jun 24, 2021",
0,https://www.amazon.com/dp/B0988B1KRH,B0988B1KRH,The Clearest Way Into the Universe is Through a Forest Wilderness: John Muir Quote Notebook | An Inspirational Hiking Camping Outdoor Nature Blank Lined Journal,B Rose Publishing,Paperback,"Jun 24, 2021",
1,https://www.amazon.com/dp/B0987R6PZR,B0987R6PZR,Moldavite: Crystal Notebook Journal (Crystal Notebook Journals),Maria Herlth,Paperback,"Jun 24, 2021",
0,https://www.amazon.com/dp/B0987R6PV5,B0987R6PV5,"Canada Happy Canada Day Est. Lined Notebook: Canada Day Notebook, Canadian Gifts For Women Men Dad Mom Husband Wife Studen Pupil, 120 pages 6x9""",Kiara Owen,Paperback,"Jun 24, 2021",
0,https://www.amazon.com/dp/B0987R6PT2,B0987R6PT2,"Flower Composition Notebook: Green Floral Nature Notebook, college ruled 110 pages",N D Bagge,Paperback,"Jun 24, 2021",
0,https://www.amazon.com/dp/B0987R6PR7,B0987R6PR7,"Hedgehog Composition Notebook Wide Ruled: Red - cute Hedgehog on each page to make you smile all day at school, A nice gift for a friend ... Cute Hedgehog, Lined Workbook",William David Whitmore,Paperback,"Jun 24, 2021",
0,https://www.amazon.com/dp/B0987R6PLS,B0987R6PLS,The Ultimate Hiking and camping logbook: Log Book for Track Hikes / Notebook for Journeys ; The best RVer travel logbook for logging RV campsites and ... Trip Log Book/Campsite Log and Planner,Jakub Foster camp,Paperback,"Jun 24, 2021",
0,https://www.amazon.com/dp/B0987R14WV,B0987R14WV,Happy Birthday 42 Year You Are Fabulous You Are Blessed You Are Loved: Journal Diary Gift 120 Blank Pages 6x9 Inches Special Gift Idea Birthday,HiyokayArt Publishing,Paperback,"Jun 24, 2021",
0,https://www.amazon.com/dp/B0987R14WP,B0987R14WP,Sketchbook: Background Abstract Street Art grafiti,sketchbook gift,Paperback,"Jun 24, 2021",
0,https://www.amazon.com/dp/B0987R14VY,B0987R14VY,Happy Birthday 19 Year You Are Fabulous You Are Blessed You Are Loved: Journal Diary Gift 120 Blank Pages 6x9 Inches Special Gift Idea Birthday,HiyokayArt Publishing,Paperback,"Jun 24, 2021",
0,https://www.amazon.com/dp/B0987R14VH,B0987R14VH,Happy Birthday 9 Year You Are Fabulous You Are Blessed You Are Loved: Journal Diary Gift 120 Blank Pages 6x9 Inches Special Gift Idea Birthday,HiyokayArt Publishing,Paperback,"Jun 24, 2021",
0,https://www.amazon.com/dp/B0987R14KR,B0987R14KR,"Hedgehog Composition Notebook Wide Ruled: White - cute Hedgehog on each page to make you smile all day at school, A nice gift for a friend ... Cute Hedgehog, Lined Workbook",William David Whitmore,Paperback,"Jun 24, 2021",
0,https://www.amazon.com/dp/B0987R14HV,B0987R14HV,"lined leopard notebook: Suitable for Christmas, Birthday, Graduation or Beginning of the school year gift for wild live leopard notebook lover",animal series lined,Paperback,"Jun 24, 2021",
0,https://www.amazon.com/dp/B0987R14D3,B0987R14D3,"Graph Paper Composition Notebook: Ocean Cover | Grid Paper Notebook, Quad Ruled, 100 Sheets, Size 8.5"" x 11"" by Beate Berndt",Beate Berndt,Paperback,"Jun 24, 2021",
0,https://www.amazon.com/dp/B0987KT48V,B0987KT48V,Composition Notebook: Wide Ruled (7.5 x 9.25 110 Pages),Midnight Memories,Paperback,"Jun 24, 2021",
0,https://www.amazon.com/dp/B0987JLWN1,B0987JLWN1,MY DENIM FASHION LINED NOTEBOOK: A great note-taking resource for fashion ideas/trips,The Big Busy Bear,Paperback,"Jun 24, 2021",
0,https://www.amazon.com/dp/B0987JLWLG,B0987JLWLG,"Navy Blue & Pink Patterned Lined Paper Notebook, Empty Planner / Organiser Notepad, Stylish School / Work writing pad / book For Women & Teens",Cutest Planner,Paperback,"Jun 24, 2021",
0,https://www.amazon.com/dp/B0987JLWL5,B0987JLWL5,"Birthday Reminder Notebook: Birthday Date Reminder Book Plane Airship Cover, Monthly Record Date Notebook for Birthdays and Anniversaries, Design by Klara Wolter, 60 Pages, Size 6"" x 9""",Klara Wolter,Paperback,"Jun 24, 2021",
0,https://www.amazon.com/dp/B0987JLWKM,B0987JLWKM,"Primary Story Journal Composition Book: Primary Story Journal Rainbow Giraffe Skin Print Cover, Dotted Midline and Picture Space | Grades K-2 ... 120 Pages, Size 8.5"" x 11"" By Annegret Maurer",Annegret Maurer,Paperback,"Jun 24, 2021",
0,https://www.amazon.com/dp/B0987JLWK1,B0987JLWK1,"Pink & White Semi Circle Design Lined Paper Notebook, Empty Planner / Organiser Notepad, Stylish School / Work writing pad / book For Women & Teens",Cutest Planners,Paperback,"Jun 24, 2021",
0,https://www.amazon.com/dp/B0987JLWJV,B0987JLWJV,The Ultimate Cleaning Planner: Household Cleaning Daily Weekly Monthly Cleaning Planner and Organize (8.5x11 Inches 120 Pages),Mary Yary,Paperback,"Jun 24, 2021",
0,https://www.amazon.com/dp/B0987JLWCY,B0987JLWCY,"Tic Tac Toe: Rainbows Sky Tic Tac Toe, Games Fun Activities for Kids / Paper & Pencil Workbook for Games, Smart gifts for Family, 100 Pages, Size 6"" x 9"" by Gerhild Sander",Gerhild Sander,Paperback,"Jun 24, 2021",
0,https://www.amazon.com/dp/B0987JLWB1,B0987JLWB1,"Composition Notebook: Wide Ruled Notebooks, College Ruled Paper, Ruled Notebook Lined School Journal, [110 Pages] 7.50"" x 9.25"" with abstract colored composition notebook",sankar kanto dhar,Paperback,"Jun 24, 2021",
0,https://www.amazon.com/dp/B0987JLW9J,B0987JLW9J,"Headache Diary: 120 Detailed Headache Pain Diary Pages for Chronic Migraines, Cluster, Tension, TMJ, Sinus Headaches And Neck Pain",Easy Headache Journals,Paperback,"Jun 24, 2021",
0,https://www.amazon.com/dp/B0987JLW8Q,B0987JLW8Q,"My Best Friend Is A Bossie: lined Notebook Journal To Write In, | Perfect For Someone Who Owns a Cute Dog",Afran House,Paperback,"Jun 24, 2021",
0,https://www.amazon.com/dp/B0987FRCK2,B0987FRCK2,"My Best Friend Is A Bracco Italiano: lined Notebook Journal To Write In, | Perfect For Someone Who Owns a Cute Dog",Afran House,Paperback,"Jun 24, 2021",
0,https://www.amazon.com/dp/B0987CYHJX,B0987CYHJX,"The Real princesses are born in October 2011: Birthday notebook for girl, women’s and kids. Thanksgiving, anniversary Diary for the boy who born in October 2011",Pint jkhytdc,Paperback,"Jun 24, 2021",
0,https://www.amazon.com/dp/B09873GWGX,B09873GWGX,Saving Tracker - 16 Year Old Vintage 2005 Limited Edition 16th Birthday,myron batiste,Paperback,"Jun 24, 2021",
0,https://www.amazon.com/dp/B0986FZ9Y7,B0986FZ9Y7,"Address Book: Bees And Flowers Cover Address Book Large Print, Record Birthday, Phone Number, Address, Email & Extra Notes | Size 8.5"" x 11"" By Grit Zimmer",Grit Zimmer,Paperback,"Jun 24, 2021",
0,https://www.amazon.com/dp/B0986FXHPS,B0986FXHPS,"Ukulele Tab Sheets: Premium Yellow Pastel Color Cover | Ukulele Chord Diagrams / Blank Ukulele Tablature Notebook | 120 Pages | Size 6""x9"" by Burkhard Funk",Burkhard Funk,Paperback,"Jun 24, 2021",
0,https://www.amazon.com/dp/B0986FXHN6,B0986FXHN6,"Low Vision Notebook: Extra Wide Ruled Low Vision Paper, Bold Lines, Low Vision Aids, For Visually Impaired,Great for Students,Work,Writers,School,Note taking",Creative Lee,Paperback,"Jun 24, 2021",
0,https://www.amazon.com/dp/B0986FXHKG,B0986FXHKG,"Bill Trackers: Monthly bill tacker journal, Organzer and payment checklist.",Angela Monebi,Paperback,"Jun 24, 2021",
0,https://www.amazon.com/dp/B0986FXHGZ,B0986FXHGZ,"cats SKETCHBOOK: Cat SketchBook Notebook and Blank Paper for Drawing, Painting Creative Doodling or Sketching 8.5 x 11 inch 120 pages",cats edition,Paperback,"Jun 24, 2021",
0,https://www.amazon.com/dp/B0986FWKH9,B0986FWKH9,"Cornell Notes Notebook: Bees And Flowers Cover Cornell Notes Notebook, Cornell Note Paper Notebook, Cornell Paper, Organizing Notes System, Note Taking - 120 pages, 6"" x 9"" by Grit Zimmer",Grit Zimmer,Paperback,"Jun 24, 2021",
0,https://www.amazon.com/dp/B0986FWKF3,B0986FWKF3,Reading Log Journal: Reading Log Tracking Notebook,Jamie Bilella,Paperback,"Jun 24, 2021",
0,https://www.amazon.com/dp/B0986FWKD9,B0986FWKD9,"Draw Pad for Kids: Cute Whale Sketch Notebook: Blank Paper Pages To Start Drawing & Doodling For The First Time, For Boys And Girls Ages 2-7",Little's Athenaeum Editorial,Paperback,"Jun 24, 2021",
0,https://www.amazon.com/dp/B0986FWKCT,B0986FWKCT,Sketchbook: Snow cover sketchpad for everyone.,Okonye Joshua,Paperback,"Jun 24, 2021",
0,https://www.amazon.com/dp/B0986FWKBT,B0986FWKBT,Notebook,Andrew ada Igene,Paperback,"Jun 24, 2021",
0,https://www.amazon.com/dp/B0986FWK95,B0986FWK95,"2022-2026 Monthly Planner 5 Years-Dream it, Believe it, Achieve it: 5 Year Monthly Planner 2022-2026 with Goals & Inspirational Quotes - 60 Months Calendar Lovely Gift for Women and men",Goals Book Edition,Paperback,"Jun 24, 2021",
0,https://www.amazon.com/dp/B0986FWK7L,B0986FWK7L,"Workout Log Book: Gym, Fitness and Training Diary - Set Goals, Track Workouts and Record Progress, 121 Pages, Size 6"" x 9"" Cranes Cover Design by Margarethe Hermann",Margarethe Hermann,Paperback,"Jun 24, 2021",
0,https://www.amazon.com/dp/B0986FWK72,B0986FWK72,"Light Pink Semi Circle Design Lined Paper Notebook, Empty Planner / Organiser Notepad, Stylish School / Work writing pad / book For Women & Teens",Cutest Planners,Paperback,"Jun 24, 2021",
0,https://www.amazon.com/dp/B0986FWK62,B0986FWK62,Mind Mapping Journal: Mind Mapping Workbook - Organize Your Thoughts And Achieve Your Goals,Judy Goodwin,Paperback,"Jun 24, 2021",
0,https://www.amazon.com/dp/B0986FWK4D,B0986FWK4D,"Bicycle Log Journal: watermelon Cover Bicycle Log Journal, Training Notebook For Cyclists & Cycling Enthusiasts, 120 Pages, Size 6"" x 9"" by Hilmar Walter",Hilmar Walter,Paperback,"Jun 24, 2021",
0,https://www.amazon.com/dp/B0986FWK1D,B0986FWK1D,"Bicycle Log Journal: Premium Tiger Skin Print Cover Bicycle Log Journal, Training Notebook For Cyclists & Cycling Enthusiasts, 120 Pages, Size 6"" x 9"" | by Monika Arndt",Monika Arndt,Paperback,"Jun 24, 2021",
0,https://www.amazon.com/dp/B0986FQJPN,B0986FQJPN,"Address Book: Roses And Skull Cover Address Book, Organizer and Notes with Anniversaries and Birthdays, 120 Pages, Size 8.5"" x 11"" By Veit Weis",Veit Weis,Paperback,"Jun 24, 2021",
0,https://www.amazon.com/dp/B0986FQ9X2,B0986FQ9X2,Getting Things Done Planner - I Protect This Family Cute,Emmy Kasuboski,Paperback,"Jun 24, 2021",
0,https://www.amazon.com/dp/B0986FQ9X1,B0986FQ9X1,"Summer Planner 2021: Logbook , Daily Diary for Documenting Your Summer - Gift for adventurous in summer - summer calendar 2021 - Holiday Vacation Planner 120 pages 6x9inches black cover",Hk heaven publishing,Paperback,"Jun 24, 2021",
0,https://www.amazon.com/dp/B0986FK39M,B0986FK39M,"Graph Paper Composition Notebook: Cute Birds Cover | Grid Paper Notebook, Quad Ruled, 100 Sheets, Size 8.5"" x 11"" by Tim Gross",Tim Gross,Paperback,"Jun 24, 2021",
0,https://www.amazon.com/dp/B0986FJYVD,B0986FJYVD,"Cornell Notes Notebook: Premium Hibiscus Cover Cornell Notes Notebook, Cornell Note Paper Notebook, 120 pages, 6"" x 9"" by Lilly Hohmann",Lilly Hohmann,Paperback,"Jun 24, 2021",
0,https://www.amazon.com/dp/B0986FJYS5,B0986FJYS5,"Retro Campground Journal and RV Travel Log Book: Keep Track of Camping Adventures, 239 Pages,Memories, New Friends, Campground Details, Reservations, RV Awesome Retro 70's Camper design",ALbook Publishing,Paperback,"Jun 24, 2021",
0,https://www.amazon.com/dp/B0986FJYRW,B0986FJYRW,Composition Notebook: Wide Ruled Composition Notebook. Colorful 1970s Retro Hippie Theme Pattern.,TS Life Press,Paperback,"Jun 24, 2021",
0,https://www.amazon.com/dp/B0986FJYPJ,B0986FJYPJ,"Tic Tac Toe: Games Fun Activities for Kids / Paper & Pencil Workbook for Games, Smart gifts for Family | Castles Cover by Natalia Horn",Natalia Horn,Paperback,"Jun 24, 2021",
0,https://www.amazon.com/dp/B0986FJYNX,B0986FJYNX,"Address Book: Hibiscus Cover Address Book for Keeping Track of Addresses, Email, Mobile, Work & Home Phone Numbers, Birthdays, Note, 120 Pages, Size 8.5"" x 11"" By Lilly Hohmann",Lilly Hohmann,Paperback,"Jun 24, 2021",
0,https://www.amazon.com/dp/B0986FJYN1,B0986FJYN1,"Bicycle Log Journal: Animals Cover Bicycle Log Journal, Training Notebook For Cyclists & Cycling Enthusiasts, 120 Pages, Size 6"" x 9"" by Heribert Jordan",Heribert Jordan,Paperback,"Jun 24, 2021",
0,https://www.amazon.com/dp/B0986F3YKL,B0986F3YKL,"Address Book: Golden Leather Print Cover Address Book Large Print, Record Birthday, Phone Number, Address, Email & Extra Notes | Size 8.5"" x 11"" By Thilo Block",Thilo Block,Paperback,"Jun 24, 2021",
0,https://www.amazon.com/dp/B0986F3YHQ,B0986F3YHQ,"Ideas Notebook: Ideas Notebook Pineapples Cover, Ideas Journal/Mini Ideas Notebook/Pocket Idea Log Book 120 Pages - Size 6"" x 9"" by Hilmar Walter",Hilmar Walter,Paperback,"Jun 24, 2021",
0,https://www.amazon.com/dp/B0986F3YGR,B0986F3YGR,"Nature Notebook - Green Vines & Fern Notebook and Sketchbook, 120 Half Lined Pages, 6x9 inch Compact Size - Journal/Diary/Sketchbook/Drawing Notebook",Chelsea Shivers,Paperback,"Jun 24, 2021",
0,https://www.amazon.com/dp/B0986F3YCJ,B0986F3YCJ,"Draw and Write Journal: Rainbows Sky Primary Story Journal, draw and write journal for kids k-2 early primary story journal | (8.5"" x 11"") (Journals for Kids) | By Liselotte Scholz",Liselotte Scholz,Paperback,"Jun 24, 2021",
0,https://www.amazon.com/dp/B0986DTFPJ,B0986DTFPJ,"Sketchbook: Circles Sketchbook, Blank White Pages for Painting, Drawing, Writing, Sketching and Doodling, 120 pages, Size 6"" x 9"" by Grit Zimmer",Grit Zimmer,Paperback,"Jun 24, 2021",
0,https://www.amazon.com/dp/B0986D5PRT,B0986D5PRT,Journal | Blank Lined Journal,Lilla  Etelka Kerek,Paperback,"Jun 24, 2021",
0,https://www.amazon.com/dp/B0986D5PHS,B0986D5PHS,"Ideas Notebook: Ideas Notebook Hexagons Cover, Ideas Journal/Mini Ideas Notebook/Pocket Idea Log Book 120 Pages - Size 6"" x 9"" by Antonie Kretschmer",Antonie Kretschmer,Paperback,"Jun 24, 2021",
0,https://www.amazon.com/dp/B0986D5PB8,B0986D5PB8,"Narwhal Graph Paper: Narwhal Graph Paper Notebook To Write Notes, 4x4 Quad Rule - 8.5"" x 11"" Inches - 100 Pages",Narwhal Graph Paper Publishing,Paperback,"Jun 24, 2021",
0,https://www.amazon.com/dp/B0986D5P9Q,B0986D5P9Q,"Journal Notebook: Garden flowers Ruled Lined Journal, Gratitude Journal for Women: Notebook|Journal| Diary/ Lined - Size 6x9 Inches 120 Pages",Mr FORE DEBORAH,Paperback,"Jun 24, 2021",
0,https://www.amazon.com/dp/B0986D5P7J,B0986D5P7J,"Koala Graph Paper: Koala Graph Paper Notebook To Write Notes, 4x4 Quad Rule - 8.5"" x 11"" Inches - 100 Pages",Koala Graph Paper Publishing,Paperback,"Jun 24, 2021",
0,https://www.amazon.com/dp/B0986C6QV3,B0986C6QV3,"Composition Notebook: wide Ruled Notebooks, College Ruled Paper, Ruled Notebook Lined School Journal, schools stationary composition notebook [110 ... x 9.25"" with rainbow composition notebook",sankar kanto dhar,Paperback,"Jun 24, 2021",
0,https://www.amazon.com/dp/B0986C6QTT,B0986C6QTT,"Ideas Notebook: Premium Rainbows Sky Cover Ideas Notebook, Ideas Journal/Mini Ideas Notebook/Pocket Idea Log Book 120 Pages - Size 6"" x 9"" by Gerhild Sander",Gerhild Sander,Paperback,"Jun 24, 2021",
0,https://www.amazon.com/dp/B0986C6QTR,B0986C6QTR,"Daily Cash Flow Log Book: Petty Cash Large Ledger Book, Large Daily Cash Book and Financial Record Journal, Financial Record Keeping Notebook For Business 120 pages",Kaizen Books,Paperback,"Jun 24, 2021",
0,https://www.amazon.com/dp/B0986BCBLD,B0986BCBLD,"Sketchbook: Blank White Pages for Painting, Drawing, Writing, Sketching and Doodling, 120 pages, Size 6"" x 9"" | Ocean Cover by Beate Berndt",Beate Berndt,Paperback,"Jun 24, 2021",
0,https://www.amazon.com/dp/B0986BCBGP,B0986BCBGP,"Graph Paper Composition Notebook: Grid Paper Notebook, Quad Ruled, 100 Sheets, Size 8.5"" x 11"" | Hexagons Cover Design by Antonie Kretschmer",Antonie Kretschmer,Paperback,"Jun 24, 2021",
0,https://www.amazon.com/dp/B0986BCBD9,B0986BCBD9,"Sketchbook: Blank White Pages for Painting, Drawing, Writing, Sketching and Doodling, 120 pages, Size 6"" x 9"" | spaceship Cover by Siegbert Stadler",Siegbert Stadler,Paperback,"Jun 24, 2021",
0,https://www.amazon.com/dp/B0986BCB9Y,B0986BCB9Y,"Sketchbook For Kids: Blank White Pages for Painting, Drawing, Writing, Sketching and Doodling, Size 8.5"" x 11"" | Rhombus Cover by Eva Koch",Eva Koch,Paperback,"Jun 24, 2021",
0,https://www.amazon.com/dp/B0986BCB5P,B0986BCB5P,"Octopus Graph Paper: Octopus Graph Paper Notebook 4x4 Quad Rule, Student Exercise Book Math Science Grid 100 pages",Octopus Graph Paper Publishing,Paperback,"Jun 24, 2021",
0,https://www.amazon.com/dp/B0986BCB4W,B0986BCB4W,"Journal Notebook: Chrysanthemum fern and herbs Ruled Lined Journal, Gratitude Journal for Women: Notebook|Journal| Diary/ Lined - Size 6x9 Inches 120 Pages",Mr FORE DEBORAH,Paperback,"Jun 24, 2021",
1,https://www.amazon.com/dp/B09868L741,B09868L741,Sketch Book & Journal: B-Be-Bee,RHONDA PRIMUS,Paperback,"Jun 24, 2021",
0,https://www.amazon.com/dp/B09868J5H9,B09868J5H9,"Tic Tac Toe: Games Fun Activities for Kids With Butterflys Cover Design | 100 Pages, Size 6"" x 9"" by Vanessa Steiner",Vanessa Steiner,Paperback,"Jun 24, 2021",
0,https://www.amazon.com/dp/B09868J5BS,B09868J5BS,"Draw and Write Journal: Zebra Skin Print Primary Story Journal, draw and write journal for kids k-2 early primary story journal | (8.5"" x 11"") (Journals for Kids) By Silvia Hein",Silvia Hein,Paperback,"Jun 24, 2021",
0,https://www.amazon.com/dp/B09868J59P,B09868J59P,Happy Birthday 61 Year You Are Fabulous You Are Blessed You Are Loved: Journal Diary Gift 120 Blank Pages 6x9 Inches Special Gift Idea Birthday,HiyokayArt Publishing,Paperback,"Jun 24, 2021",
0,https://www.amazon.com/dp/B09868J56B,B09868J56B,Sketchbook,RainEye Studio,Paperback,"Jun 24, 2021",
0,https://www.amazon.com/dp/B09868J53F,B09868J53F,"Composition Notebook: The best composition notebook college ruled with black cover and High quality, composition notebook college ruled, 7.5x9.25 inch 120 page",ALI ER ROUYDY,Paperback,"Jun 24, 2021",
0,https://www.amazon.com/dp/B09868J519,B09868J519,"PRIMARY STORY JOURNAL FOR KIDS: Primary composition notebook , Dotted Midline And Picture Space, Draw And write , 111 Story Pages",The Pink Essence,Paperback,"Jun 24, 2021",
0,https://www.amazon.com/dp/B0986649Y6,B0986649Y6,"Black Paper Journal: Daisies Cover Black Paper Journal, Solid Black Journal With Black Pages | Reverse Color Notebook | Black Out Paper, 120 Pages, Size 6"" x 9"" by Rita Hagen",Rita Hagen,Paperback,"Jun 24, 2021",
0,https://www.amazon.com/dp/B0986649QC,B0986649QC,"Sketchbook For Kids: Premium Squirrels Cover | Size 8.5"" x 11"" |Blank White Pages for Painting, Drawing, Writing, Sketching and Doodling by Rita Hagen",Rita Hagen,Paperback,"Jun 24, 2021",
0,https://www.amazon.com/dp/B0986649CW,B0986649CW,Recipe Journal Simple Notebook - I Protect This Family Cute,Emmy Kasuboski,Paperback,"Jun 24, 2021",
0,https://www.amazon.com/dp/B0986649CV,B0986649CV,"Black Paper Journal: Black Pages Notebook Space, Black Paper Lined Journal - Space Cover - Small (6x9) - 120 Pages - For Writing with Metallic Gel Pens | by Armin Appel",Armin Appel,Paperback,"Jun 24, 2021",
0,https://www.amazon.com/dp/B09865W1SP,B09865W1SP,Mindfulness Daily Journal For her,Fati PPT,Paperback,"Jun 24, 2021",
0,https://www.amazon.com/dp/B09865W1SN,B09865W1SN,"Workout Log Book: Gym, Fitness and Training Diary - Set Goals, Track Workouts and Record Progress, 121 Pages, Size 6"" x 9"" Pineapples Cover Design by Gunnar Witte",Gunnar Witte,Paperback,"Jun 24, 2021",
0,https://www.amazon.com/dp/B098658YXR,B098658YXR,"Guitar Tab Notebook: Animals Cover Guitar Tab Notebook, Music Paper Notebook, Blank Guitar Tablature Music Note, 120 Pages - Size 6"" x 9"" by Heribert Jordan",Heribert Jordan,Paperback,"Jun 24, 2021",
0,https://www.amazon.com/dp/B098658YVW,B098658YVW,"Sketchbook For Kids: Premium Butterflies Cover | Size 8.5"" x 11"" |Blank White Pages for Painting, Drawing, Writing, Sketching and Doodling by Lilly Hohmann",Lilly Hohmann,Paperback,"Jun 24, 2021",
0,https://www.amazon.com/dp/B098658YVR,B098658YVR,Antidepressant Golden Retriever Cute Dog Lover Owner Saving Tracker,Grace Walton,Paperback,"Jun 24, 2021",
0,https://www.amazon.com/dp/B098657873,B098657873,"Primary Story Journal Composition Book: Hibiscus Cover | Handwriting Practice notebook for kids boys and girls, Blank Dotted Lined Notebooks, By Lilly Hohmann, Size 8.5"" x 11"", 120 Pages",Lilly Hohmann,Paperback,"Jun 24, 2021",
0,https://www.amazon.com/dp/B0983KYSMK,B0983KYSMK,"Celebrating 52 Years Of Love And Marriage: 52nd couple wedding anniversary gift for both, her and him, lined Notebook, 100 pages, 6 in x 9 in (15.2 x 22.9 cm)",FTWeddingGifts Publishing,Paperback,"Jun 24, 2021",
0,https://www.amazon.com/dp/B098318FJ7,B098318FJ7,"Sketchbook For Kids: Kiwi Sketchbook,Blank White Pages for Painting, Drawing, Writing, Sketching and Doodling, 122 pages, Size 8.5"" x 11"" by Carmen Rapp",Carmen Rapp,Paperback,"Jun 24, 2021",
0,https://www.amazon.com/dp/B0982S7CMW,B0982S7CMW,"Fruits and Vegetables Scissor Skills: A Fun Fruits and Vegetable Scissor Skills for toddlers, Preschool and Kindergarten . ages 3-5 (8.5 in X 11 in) 58 Pages.",G O M A N,Paperback,"Jun 24, 2021",
0,https://www.amazon.com/dp/B0982M5SNX,B0982M5SNX,"Ideas Notebook: Lemon Fruit Cover Ideas Notebook, Ideas Journal/Mini Ideas Notebook/Pocket Idea Log Book 120 Pages - Size 6"" x 9"" by Georg Sauer",Georg Sauer,Paperback,"Jun 24, 2021",
0,https://www.amazon.com/dp/B0982M5S98,B0982M5S98,"My Favorite Recipes: Amazing My Favorite Recipe Notebook , organizer To Note Down Your 120 Favorite Recipes ;E mpty Cookbook ,Blank Recipe Journal ... Organizer ;A Blank Recipe Book for Family",Hackett ST,Paperback,"Jun 24, 2021",
0,https://www.amazon.com/dp/B0982M5S8D,B0982M5S8D,"Groceries & Shit Meal Planner: meal tracker planner, Grocery List, 52 Weekly Food Planner: Chalkboard Journal Notebook, 2 Full Page Spread for each ... ... Funny Gift for Women, Funny Gift for Men",Hackett ST,Paperback,"Jun 24, 2021",
0,https://www.amazon.com/dp/B0982M5RR7,B0982M5RR7,"Celebrating 14 Years Of Love And Marriage: 14th couple wedding anniversary gift for both, her and him, lined Notebook, 100 pages, 6 in x 9 in (15.2 x 22.9 cm)",FTWeddingGifts Publishing,Paperback,"Jun 24, 2021",
0,https://www.amazon.com/dp/B0982JF36Q,B0982JF36Q,"Camping Coloring Book For Kids Ages 4-8: Fun Camping Adventures Activity Book For Boys And Girls With Illustrations of Camping Such As Tent, Backpack And More!",Coloring Place,Paperback,"Jun 24, 2021",
0,https://www.amazon.com/dp/B097YG4WQ5,B097YG4WQ5,"Groceries & Shit Meal Planner: meal tracker planner, Grocery List, 52 Weekly Food Planner: Chalkboard Journal Notebook, 2 Full Page Spread for each ... ... Funny Gift for Women, Funny Gift for Men",Hackett ST,Paperback,"Jun 24, 2021",
0,https://www.amazon.com/dp/B097XH58KH,B097XH58KH,"Draw and Write Journal: Pineapples Primary Story Journal, draw and write journal for kids k-2 early primary story journal | (8.5"" x 11"") (Journals for Kids) | By Gunnar Witte",Gunnar Witte,Paperback,"Jun 24, 2021",
0,https://www.amazon.com/dp/B097XGSQZN,B097XGSQZN,Word Search Puzzles Large Print 150 Puzzles: Large Print Are you searching for something to do? Look no further! Enjoy hours of puzzle fun,Books for you Press,Paperback,"Jun 24, 2021",
1,https://www.amazon.com/dp/B097XFPZ37,B097XFPZ37,Monkey Coloring Book for Kids Ages 4-8: Coloring Pages for Children with Monkeys and other Wild Animlas,Maxwell Gerry Cheners,Paperback,"Jun 24, 2021",
0,https://www.amazon.com/dp/B097XD6LRM,B097XD6LRM,"Space Coloring Book for kids: All About the Solar System for kids and Outer Space Coloring Book With Planets, Astronauts, Space Ships, Rockets And ... Coloring Book For Kids 4-8 year old, 90 pages",Trustant Rack,Paperback,"Jun 24, 2021",
0,https://www.amazon.com/dp/B097XBHY84,B097XBHY84,Big Book of Mazes . 150 Mazes for Adults: Stress Relief and Relaxation book . Easy to Hard Mazes Book .,Rakibul Creation,Paperback,"Jun 24, 2021",
0,https://www.amazon.com/dp/B097XB7XTZ,B097XB7XTZ,"150 Choses à Colorier: Livre de Coloriage pour Enfants et Bébés à partir de 18 mois |150 Dessins D'animaux, De Fruits, De Véhicules Et Plus",Art Colorit,Paperback,"Jun 24, 2021",
0,https://www.amazon.com/dp/B097X5RNY2,B097X5RNY2,Eagle Eye USA American Colors 4th Of July Gift Lined Notebook: Independence Day Themed Blank Notebook Journal for Writing Note Diary,Zachariah Kertzmann,Paperback,"Jun 24, 2021",
3,https://www.amazon.com/dp/183975480X,183975480X,Hugo & Daddy's Thailand Adventures,Ric Hart,Paperback,"Jun 24, 2021",
5,https://www.amazon.com/dp/B0986BCB5W,B0986BCB5W,Dot Marker Activity Book: Learn To Read: Simple Sight Word Sentences for toddlers and preschool ages 3-5 (Dot Marker Activity Books),Amusement Press,Paperback,"Jun 23, 2021",
1,https://www.amazon.com/dp/B097STCRK1,B097STCRK1,I was born from my mom’s love️: A children’s story about the journey of single-mother families,Laura Cadenas Zamora,Paperback,"Jun 23, 2021",
0,https://www.amazon.com/dp/B099TX829V,B099TX829V,Slow Ride's Garden: Tumblebrook Farm Tales - Tale #3,Robert E. C. Frey PhD,Paperback,"Jun 23, 2021",
0,https://www.amazon.com/dp/B098H61S4D,B098H61S4D,"58 Years Together: 58th wedding anniversary gift for couples, her and him, lined Notebook, 100 pages, 6 in x 9 in (15.2 x 22.9 cm)",FTWeddingGifts Publishing,Paperback,"Jun 23, 2021",
0,https://www.amazon.com/dp/B0986BCBDD,B0986BCBDD,"STUDY PLANNER: large notebooks,Premium Quality,One Page per Day ,100 pages",mirsi Swan,Paperback,"Jun 23, 2021",
0,https://www.amazon.com/dp/B09868L71B,B09868L71B,"Mazes book For Kids Ages 4-8: An Amazing Maze Activity Book.Workbook for Games, Puzzles, and Problem-Solving",Peu Works,Paperback,"Jun 23, 2021",
0,https://www.amazon.com/dp/B0983KYSR4,B0983KYSR4,"Summer Activity Book: Summer Write, Doodle, Draw, Collect Journal for Kids",Carvequeen Publ.,Paperback,"Jun 23, 2021",
0,https://www.amazon.com/dp/B0983KYSR1,B0983KYSR1,MY FISHING JOURNAL,Saif ES,Paperback,"Jun 23, 2021",
0,https://www.amazon.com/dp/B0983KYSN2,B0983KYSN2,"Ideas Notebook: Rhombus Cover Ideas Notebook, Ideas Journal/Mini Ideas Notebook/Pocket Idea Log Book 120 Pages - Size 6"" x 9"" by Eva Koch",Eva Koch,Paperback,"Jun 23, 2021",
0,https://www.amazon.com/dp/B0983KYSJF,B0983KYSJF,"Workout Log Book: Cute Fox Workout Log Book, Gym, Fitness and Training Diary - Set Goals, Track Workouts and Record Progress, 121 Pages, Size 6"" x 9"" by Burkhard Funk",Burkhard Funk,Paperback,"Jun 23, 2021",
0,https://www.amazon.com/dp/B0983KYS9D,B0983KYS9D,Gratitude Journal: Gratitude Journal With Helpful Daily Guided / Live In A Space Of Love & Gratitude,Cathrina Ward,Paperback,"Jun 23, 2021",
0,https://www.amazon.com/dp/B0983KYS8L,B0983KYS8L,Cute Parrot School Notebook: Back to school parrot journal | cute parrot notebooks for kids (Back to school notebooks for kids!),Fun Designs,Paperback,"Jun 23, 2021",
0,https://www.amazon.com/dp/B0983KYS4T,B0983KYS4T,2022-2023 Weekly & Monthly Planner: Daily And Weekly And Monthly Planner 2022 Up To 2023 130 Pages 7x10 Inches,HiyokayArt Publishing,Paperback,"Jun 23, 2021",
0,https://www.amazon.com/dp/B0983KYS17,B0983KYS17,"Define My Day Planner: Daily Schedule Planner with Gratitude Journal, undated Daily Planner, Undated Daily Planner, Day on a page planner, goal ... gratitude journal for women 2021, [120 pages]",sankar kanto dhar,Paperback,"Jun 23, 2021",
0,https://www.amazon.com/dp/B0983CP3KZ,B0983CP3KZ,"Composition Notebook: Cute Little Fish and Leaves College Ruled Notebook for Writing Notes... for Girls, Kids, School, Students and Teachers (Hedgehog Gifts)",S M Book,Paperback,"Jun 23, 2021",
0,https://www.amazon.com/dp/B09837Y57K,B09837Y57K,"Black Paper Journal: Squirrels Cover Black Paper Journal, College Ruled | 6x9 Black Paper Notebook (Black Notebooks) | 120 Pages Design by Rita Hagen",Rita Hagen,Paperback,"Jun 23, 2021",
0,https://www.amazon.com/dp/B09837Y56Z,B09837Y56Z,notebook planner: weakly notebook planner for everyday notes with 52 weaks for 2022 Christmas gift,christmas planner Bensaid,Paperback,"Jun 23, 2021",
0,https://www.amazon.com/dp/B098318F7B,B098318F7B,"Black Paper Journal: Monster Truck Cover Black Paper Journal, Solid Black Journal With Black Pages | Reverse Color Notebook | Black Out Paper, 120 Pages, Size 6"" x 9"" by Leo Weiss",Leo Weiss,Paperback,"Jun 23, 2021",
0,https://www.amazon.com/dp/B098318F2C,B098318F2C,My First Sketch Book,THE MEDIZINE ZHOPPE,Paperback,"Jun 23, 2021",
0,https://www.amazon.com/dp/B098318F1D,B098318F1D,"Tic Tac Toe: Unicorn Tic Tac Toe, Games Fun Activities for Kids / Paper & Pencil Workbook for Games, Smart gifts for Family, 100 Pages, Size 6"" x 9"" by Ronny Beck",Ronny Beck,Paperback,"Jun 23, 2021",
0,https://www.amazon.com/dp/B098318F11,B098318F11,"The Real princesses are born in October 1961: Birthday notebook for girl, women’s and kids. Thanksgiving, anniversary Diary for the boy who born in October 1961",Pint asdggh,Paperback,"Jun 23, 2021",
0,https://www.amazon.com/dp/B0982M5S9J,B0982M5S9J,Ukulele Tab Sheets: Ukulele Chord Diagrams / Blank Ukulele Tablature Notebook With Unicorns Cover by Veit Weis,Veit Weis,Paperback,"Jun 23, 2021",
0,https://www.amazon.com/dp/B0982M5S8Y,B0982M5S8Y,"Tic Tac Toe: Games Fun Activities for Kids With Cats Cover Design | 100 Pages, Size 6"" x 9"" by Nicolas Paul",Nicolas Paul,Paperback,"Jun 23, 2021",
0,https://www.amazon.com/dp/B0982M5S83,B0982M5S83,"The Real princesses are born in October 1979: Birthday notebook for girl, women’s and kids. Thanksgiving, anniversary Diary for the boy who born in October 1979",Pint raergtt,Paperback,"Jun 23, 2021",
0,https://www.amazon.com/dp/B0982M5S7C,B0982M5S7C,NOTEBOOK: A BEAUTIFUL DIARY FLOWER JOURNAL NOTEBOOK WITH MOTIVATIONAL WORDS - 8.5 × 11 INCH -150 WIDE LINED PAGES GLOSSY LAMINATED COVER,M NABIL,Paperback,"Jun 23, 2021",
0,https://www.amazon.com/dp/B0982M5S45,B0982M5S45,"Workout Log Book: Cube Workout Log Book, Gym, Fitness and Training Diary - Set Goals, Track Workouts and Record Progress, 121 Pages, Size 6"" x 9"" by Nina Reinhardt",Nina Reinhardt,Paperback,"Jun 23, 2021",
0,https://www.amazon.com/dp/B0982M5RZ2,B0982M5RZ2,"Draw and Write Journal: F1 Racing Cover Primary Composition Half Page Lined Paper with Drawing Space (8.5"" x 11"" Notebook), Grades K-2, By Lore Heil",Lore Heil,Paperback,"Jun 23, 2021",
0,https://www.amazon.com/dp/B0982M5RTG,B0982M5RTG,"Summer Activity Book: Summer Write, Doodle, Draw, Collect Journal for Kids",Carvequeen Publ.,Paperback,"Jun 23, 2021",
0,https://www.amazon.com/dp/B0982M5RT1,B0982M5RT1,"Kiwi Graph Paper: Kiwi Graph Paper Notebook To Write Notes, 4x4 Quad Rule - 8.5"" x 11"" Inches - 100 Pages",Kiwi Graph Paper Publishing,Paperback,"Jun 23, 2021",
0,https://www.amazon.com/dp/B0982M5RSN,B0982M5RSN,"Guitar Tab Notebook: Premium Rhombus Cover Guitar Tab Notebook, Music Paper Notebook, Blank Guitar Tablature Music Note, 120 Pages - Size 6"" x 9"" by Eva Koch",Eva Koch,Paperback,"Jun 23, 2021",
0,https://www.amazon.com/dp/B0982M5RQ7,B0982M5RQ7,"Cornell Notes Notebook: Note Taking System with Ruled Lines, with Colorful Cover for Middle or High Schooler, College and University Students, Composition Notebook for Writing 8.5X11 Inch",Magdi Land,Paperback,"Jun 23, 2021",
0,https://www.amazon.com/dp/B0982M5RP7,B0982M5RP7,"Killer Whale Graph Paper: Killer Whale Graph Paper Notebook To Write Notes, 4x4 Quad Rule - 8.5"" x 11"" Inches - 100 Pages",Killer Whale Graph Paper Publishing,Paperback,"Jun 23, 2021",
0,https://www.amazon.com/dp/B0982M5RHF,B0982M5RHF,"Reading log: Reading log Pirate theme, Child-friendly Layout with 8.5x11inch Large: Reading Log For Kids , Gift for Girls and Boys Book Lovers",Natcha Boonmee,Paperback,"Jun 23, 2021",
0,https://www.amazon.com/dp/B0982M5RGT,B0982M5RGT,"Blank Sticker Book: Unicorn Theme Softcover Blank Sticker Book, Sticker Album For Collecting Stickers For Adults, Blank Sticker ... Collecting Album Girls (Sticker Books)",Ador's Production,Paperback,"Jun 23, 2021",
0,https://www.amazon.com/dp/B09825H3CY,B09825H3CY,"COMPOSITION NOTEBOOK: Marble wide ruled paper book for elementary, middle and high school, 120 pages",LAURIE DUPONT,Paperback,"Jun 23, 2021",
0,https://www.amazon.com/dp/B09825H2ZS,B09825H2ZS,"Blood Sugar Log Book: Weekly Diabetic Glucose Monitoring 2-Year Blood Sugar Level Recording Log Book, Simple Tracking Log Journal with NOTES, ... Diabetic Glucose Purple Seamless Background",JWM Easy Design,Paperback,"Jun 23, 2021",
0,https://www.amazon.com/dp/B09825H2V2,B09825H2V2,2022-2023 Weekly & Monthly Planner: Daily And Weekly And Monthly Planner 2022 Up To 2023 130 Pages 7x10 Inches,HiyokayArt Publishing,Paperback,"Jun 23, 2021",
0,https://www.amazon.com/dp/B09825H2T4,B09825H2T4,PASSWORD NOTEBOOK: Password Book. Internet Address and Password Organizer Alphabetical Logbook. Password Keeper Journal Notebook for Computer & Website Logins. Small Password manager 6” x 9”,Amgrimat Editions,Paperback,"Jun 23, 2021",
0,https://www.amazon.com/dp/B09825H2SD,B09825H2SD,"Daily Journal Dog / Puppy Patterned Green & Pink Planner, Contemporary Lined Notebook Diary/Organiser For Women & Teens",Cutest Planners,Paperback,"Jun 23, 2021",
0,https://www.amazon.com/dp/B09825H2NZ,B09825H2NZ,"Notebook Yellow with Green Triangle Composition: Handwriting Journal, Diary, Exercises Book 6x9 size 160 pages to Developing Your Own Skills: For school, work & fun",Marek Czartoryski,Paperback,"Jun 23, 2021",
0,https://www.amazon.com/dp/B09825H2LF,B09825H2LF,TRAVEL THE WORLD: JOURNAL,SWEET PRECIOUS ONE,Paperback,"Jun 23, 2021",
0,https://www.amazon.com/dp/B09825H2KY,B09825H2KY,"Address Book: Music Cover Address Book for Keeping Track of Addresses, Email, Mobile, Work & Home Phone Numbers, Birthdays, Note, 120 Pages, Size 8.5"" x 11"" By Denis Falk",Denis Falk,Paperback,"Jun 23, 2021",
0,https://www.amazon.com/dp/B09825H2KS,B09825H2KS,"Bicycle Log Journal: Cycling Logbook Hexagons Cover, Bike Riding, Bicycle Lovers, Log Book to keep track of daily Biking Training | 120 Pages, Size 6"" x 9"" | by Antonie Kretschmer",Antonie Kretschmer,Paperback,"Jun 23, 2021",
0,https://www.amazon.com/dp/B09825H2H1,B09825H2H1,"82 Years As Husband and Wife Since We Said I DO: Funny 82nd couple wedding anniversary gift for both, her and him, lined Notebook, 100 pages, 6 in x 9 in (15.2 x 22.9 cm)",FTWeddingGifts Publishing,Paperback,"Jun 23, 2021",
0,https://www.amazon.com/dp/B09825H2G1,B09825H2G1,"Ukulele Tab Sheets: Currant Ukulele Tab Sheets, Ukulele Chord Diagrams / Blank Ukulele Tablature Notebook, 120 Pages, Size 6""x9"" by Dirk Runge",Dirk Runge,Paperback,"Jun 23, 2021",
0,https://www.amazon.com/dp/B09825H2BP,B09825H2BP,"Sketchbook: Blank White Pages for Painting, Drawing, Writing, Sketching and Doodling, 120 pages, Size 6"" x 9"" | Trucks Cover by Marianne Bartsch",Marianne Bartsch,Paperback,"Jun 23, 2021",
0,https://www.amazon.com/dp/B09825H216,B09825H216,AOC Alexandria Ocasio Cortez Retro Vintage Recipe Journal Simple Notebook,Grace Walton,Paperback,"Jun 23, 2021",
0,https://www.amazon.com/dp/B097YGH7XH,B097YGH7XH,"The Real princesses are born in October 1986: Birthday notebook for girl, women’s and kids. Thanksgiving, anniversary Diary for the boy who born in October 1986",Pint ytgretg,Paperback,"Jun 23, 2021",
0,https://www.amazon.com/dp/B097XH58BJ,B097XH58BJ,"Workout Log Book: Apple Workout Log Book, Gym, Fitness and Training Diary - Set Goals, Track Workouts and Record Progress, 121 Pages, Size 6"" x 9"" by Grit Hartmann",Grit Hartmann,Paperback,"Jun 23, 2021",
0,https://www.amazon.com/dp/B097XH587L,B097XH587L,Primary Composition Book: Blank Lined Composition School Exercise Book,Hisham Makki,Paperback,"Jun 23, 2021",
0,https://www.amazon.com/dp/B097XH585Q,B097XH585Q,KIDS FISHING LOG,Saif ES,Paperback,"Jun 23, 2021",
0,https://www.amazon.com/dp/B097XH585G,B097XH585G,"Without friends life is just a moo point.: 30 JULY, international friendship day, Funny and perfect notebook , Friendship Gift for Best FriendsMen, ... familly...size 6 x9 120 page , matt finish",sarah alex,Paperback,"Jun 23, 2021",
0,https://www.amazon.com/dp/B097XH584F,B097XH584F,"Diabetics Food Journal for Tracking Meals: Blood Sugar Record Book for Men and Women, Diabetic Meal Planner, Daily Diabetes Simple Tracking Diary, Blood Glucose Log Size 6x9",sdshope,Paperback,"Jun 23, 2021",
0,https://www.amazon.com/dp/B097XH583B,B097XH583B,"The Real princesses are born in October 1963: Birthday notebook for girl, women’s and kids. Thanksgiving, anniversary Diary for the boy who born in October 1963",Pint saerhjh,Paperback,"Jun 23, 2021",
1,https://www.amazon.com/dp/B097XH582K,B097XH582K,Exercise I thought you said extra fries!: Blank Lined Journal Exercise Weightlifting Tee Notebook Exercise Gift Home Fitness Gym Gift Exercise Fitness ... (190.5mm x 234.9mm) 110 pages Large Notebook,Exercise press_publishing,Paperback,"Jun 23, 2021",
0,https://www.amazon.com/dp/B097XH5825,B097XH5825,"The Warrior Diaries: Army Journal Military Log Book For Men Notebook For Women This Diary Books And Journals Are For Writing Record Your Secrets In ... For All Soldier Marines, Rangers And Navy.",Your own army selection book Easy book and practical nootebook,Paperback,"Jun 23, 2021",
0,https://www.amazon.com/dp/B097XH55LX,B097XH55LX,"Graph Paper Composition Notebook: Butterflys Cover | Grid Paper Notebook, Quad Ruled, 100 Sheets, Size 8.5"" x 11"" by Vanessa Steiner",Vanessa Steiner,Paperback,"Jun 23, 2021",
0,https://www.amazon.com/dp/B097XH41FP,B097XH41FP,Fruits - A High-Contrast Book For Babies: High Contrast Fruit Shapes for Infant Visual Stimulation │Newborn│ Toddlers From Birth,Ammada,Paperback,"Jun 23, 2021",
0,https://www.amazon.com/dp/B097XGSW48,B097XGSW48,"COMPOSITION NOTEBOOK: Marble wide ruled paper book for elementary, middle and high school, 120 pages",LAURIE DUPONT,Paperback,"Jun 23, 2021",
0,https://www.amazon.com/dp/B097XGSQ59,B097XGSQ59,DOT MARKER ACTIVITY COLORING BOOK: Early Learning,Designed  4 Publishing,Paperback,"Jun 23, 2021",
0,https://www.amazon.com/dp/B097XGM75W,B097XGM75W,"I Love Unicorns: Cute Unicorn Kids Coloring Book: Fun coloring for kids; Cute Unicorns, large 8.5 x 11"" book; 30 pages",Supreme Stationary,Paperback,"Jun 23, 2021",
0,https://www.amazon.com/dp/B097XFQ3YP,B097XFQ3YP,Diabetic Log Book: Blood Sugar Level Recording Book Simple Tracking Journal with NOTES Breakfast Lunch Dinner Bed,AnasibnMâlik Publications,Paperback,"Jun 23, 2021",
0,https://www.amazon.com/dp/B097XFQ3VD,B097XFQ3VD,"Ideas Notebook: Space Cover Ideas Notebook, Ideas Journal/Mini Ideas Notebook/Pocket Idea Log Book 120 Pages - Size 6"" x 9"" by Armin Appel",Armin Appel,Paperback,"Jun 23, 2021",
0,https://www.amazon.com/dp/B097XFQ3P2,B097XFQ3P2,"Sketchbook For Kids: Premium Nordic Cover | Size 8.5"" x 11"" |Blank White Pages for Painting, Drawing, Writing, Sketching and Doodling by Annegret Maurer",Annegret Maurer,Paperback,"Jun 23, 2021",
0,https://www.amazon.com/dp/B097XFQ3NP,B097XFQ3NP,2022-2023 Weekly & Monthly Planner: Daily And Weekly And Monthly Planner 2022 Up To 2023 130 Pages 7x10 Inches,HiyokayArt Publishing,Paperback,"Jun 23, 2021",
0,https://www.amazon.com/dp/B097XFQ3N6,B097XFQ3N6,"Weekly Planner 2022: Pocket Weekly Planner 2022. Perfect for School girls, 48 Week Schedule Organizer. 2022 Weekly Planner for Time Management with pretty simple cover for Girls",HM PLANNER,Paperback,"Jun 23, 2021",
0,https://www.amazon.com/dp/B097XFQ39V,B097XFQ39V,"Workout Log Book: 121 Pages, Size 6"" x 9"" | Gym, Fitness and Training Diary | With Music Design by Denis Falk",Denis Falk,Paperback,"Jun 23, 2021",
0,https://www.amazon.com/dp/B097XFQ39L,B097XFQ39L,"Primary Story Journal Composition Book: Unicorns Cover Primary Story Journal Composition Book, Grade Level K-2 Draw and Write, Dotted Midline Creative ... | Size 8.5"" x 11"", 120 Pages By Veit Weis",Veit Weis,Paperback,"Jun 23, 2021",
0,https://www.amazon.com/dp/B097XFQ38T,B097XFQ38T,"Sunflower American Flag Notebook: Sunflower American Flag journal, 110 Timeline Pages of High Quality, 6""x9"", Premium Matte Finish",Serena Ernser,Paperback,"Jun 23, 2021",
0,https://www.amazon.com/dp/B097XBP8TY,B097XBP8TY,"Wolves Mandalas, Adult Coloring Book Mandala Animals: Mandala Wolf Coloring Book For Adults, +50 Mandalas For Meditation & Relaxation",GR84RT Wolf Zen Books,Paperback,"Jun 23, 2021",
0,https://www.amazon.com/dp/B097XBHZDS,B097XBHZDS,Bigfoot American Flag 4th of July Patriotic Lined Notebook: Independence Day Themed Blank Notebook Journal for Writing Note Diary,Zachariah Kertzmann,Paperback,"Jun 23, 2021",
0,https://www.amazon.com/dp/B097XBHYVB,B097XBHYVB,Debt Tracker | Clueless As If Cursive Script Quote,Roberta Thomley,Paperback,"Jun 23, 2021",
0,https://www.amazon.com/dp/B097XB7XCH,B097XB7XCH,"MERMAID Coloring Book for Kids Ages 2-5: Mermaid Coloring Book For Children ages 2-5, Cute Mermaid Coloring Books For Kids",Coloring ysp,Paperback,"Jun 23, 2021",
0,https://www.amazon.com/dp/B097XB7FYV,B097XB7FYV,"Graph Paper Composition Notebook: Zebra Skin Print Graph Paper Composition, Grid Paper Notebook, Quad Ruled, 100 Sheets, Size 8.5"" x 11"" by Silvia Hein",Silvia Hein,Paperback,"Jun 23, 2021",
0,https://www.amazon.com/dp/B097XB795D,B097XB795D,Enjoy Summer word search for Kids: Word search activity books with good word to learn and to uplift confident readers,GRIQ FATH,Paperback,"Jun 23, 2021",
0,https://www.amazon.com/dp/B097X5VNCY,B097X5VNCY,"learning to trace letters and shapes: tracing practice for kids, letters and shapes, line tracing , kids ages (3-5), size 8.5ix11in , 82 pages",rachidou bernard,Paperback,"Jun 23, 2021",
0,https://www.amazon.com/dp/B097WZXYYX,B097WZXYYX,Diabetic Log Book: Blood Sugar Level Recording Book Simple Tracking Journal with NOTES Breakfast Lunch Dinner Bed Before & After Managing Type Diabetes,AnasibnMâlik Publications,Paperback,"Jun 23, 2021",
0,https://www.amazon.com/dp/B097WZXYLT,B097WZXYLT,"Define My Day Planner: Daily Schedule Planner with Gratitude Journal, undated Daily Planner, Undated Daily Planner, Day on a page planner, goal ... gratitude journal for women 2021, [120 pages]",sankar kanto dhar,Paperback,"Jun 23, 2021",
0,https://www.amazon.com/dp/B097WZXY3D,B097WZXY3D,"Primary Story Journal Composition Book: Premium Rfetro Primary Composition Notebook Grade Level K-2 Draw and Write, Design By Erhard Baier, Size 8.5"" x 11"", 120 Pages",Erhard Baier,Paperback,"Jun 23, 2021",
0,https://www.amazon.com/dp/B097WZXWZF,B097WZXWZF,"Bicycle Log Journal: Cycling Logbook Butterflies Cover, Bike Riding, Bicycle Lovers, Log Book to keep track of daily Biking Training | 120 Pages, Size 6"" x 9"" | by Lilly Hohmann",Lilly Hohmann,Paperback,"Jun 23, 2021",
0,https://www.amazon.com/dp/B097WZXWYT,B097WZXWYT,Blank Comic Book: Draw your own Comics | panel layouts | Blank Comic Book For Kids and teens,M. Press Publication,Paperback,"Jun 23, 2021",
0,https://www.amazon.com/dp/B097WZXWXB,B097WZXWXB,"Graph Paper Composition Notebook: Flamingo Graph Paper Composition, Grid Paper Notebook, Quad Ruled, 100 Sheets, Size 8.5"" x 11"" by Andrej Schneider",Andrej Schneider,Paperback,"Jun 23, 2021",
0,https://www.amazon.com/dp/B097WZXWX4,B097WZXWX4,"Music Notebook: Music Writing Notebook | Blank Sheet Music Notebook | Flamingo Cover Design | 120 Pages, Size 6"" x 9"" by Andrej Schneider",Andrej Schneider,Paperback,"Jun 23, 2021",
0,https://www.amazon.com/dp/B097WZXWRC,B097WZXWRC,Primary Composition Notebook: Raspberry Primary Composition Notebook: Draw and Write | Dotted Midline and Picture Space | Grades K-2 School Exercise Book | Design by Sonja Heine | sketch book.,Sonja Heine,Paperback,"Jun 23, 2021",
0,https://www.amazon.com/dp/B097WZXWG6,B097WZXWG6,34 years from the beginning: lined notebook 6x9_BW_120,Viral,Paperback,"Jun 23, 2021",
0,https://www.amazon.com/dp/B097VM559B,B097VM559B,"Electronic Device Coloring Book for Kids: Fun and Relaxing Coloring Activity Book for Boys, Girls, Toddler, Preschooler & Kids | Ages 4-8",Pixelart Studio,Paperback,"Jun 22, 2021",
0,https://www.amazon.com/dp/B098DZPRV8,B098DZPRV8,Couplings and Clutches,Boris Obsieger,Paperback,"Jun 30, 2021",
0,https://www.amazon.com/dp/B098JVZQ9H,B098JVZQ9H,"Maintenance Log Book: Leopard Print Cover Design | Repairs And Maintenance Record Book for Home, Office, Construction and Other Equipments | 120 Pages, Size 8"" x 10"" by Nadine Siebert",Nadine Siebert,Paperback,"Jun 30, 2021",
0,https://www.amazon.com/dp/B098JL3X2Y,B098JL3X2Y,"Maintenance Log Book: Citrus Fruits Maintenance Log Book, Repairs And Maintenance Record Book for Home, Office, Construction and Other Equipments, 120 Pages, Size 8"" x 10"" by Bodo Sander",Bodo Sander,Paperback,"Jun 30, 2021",
0,https://www.amazon.com/dp/B098GT2SW6,B098GT2SW6,"Maintenance Log Book: Repairs And Maintenance Record Book for Home, Office, Construction and Other Equipments, 120 Pages, Size 8"" x 10"" | Cute Panda Cover by Veit Weis",Veit Weis,Paperback,"Jun 30, 2021",
0,https://www.amazon.com/dp/B098GSRSX6,B098GSRSX6,Cruisin' In A Classic NoteBook,Angela Webb,Paperback,"Jun 30, 2021",
0,https://www.amazon.com/dp/B098GSRSQD,B098GSRSQD,Sailing Log Book: Sailing Log Book for Recording All Important Information in Regards to Your Voyages - Comprehensive Sail Boat Record,Creative  fun Design,Paperback,"Jun 30, 2021",
0,https://www.amazon.com/dp/B098GSRSMQ,B098GSRSMQ,Sailing dad Log Book: Sailing Log Book for Recording All Important Information in Regards to Your Voyages - Comprehensive Sail Boat Record,Creative  fun Design,Paperback,"Jun 30, 2021",
0,https://www.amazon.com/dp/B098GSRSD8,B098GSRSD8,"Best Aerospace Engineer Notebook Birthday Gift: 1/2 Graph 4x4, 1/2 College Ruled notebook Gift ,100 pages, 8.5""x11"", Soft cover Matte finish",Flip Bamo,Paperback,"Jun 30, 2021",
0,https://www.amazon.com/dp/B098GSRSB3,B098GSRSB3,rubble master NOTEBOOK: Ideal addition to your labouring work,The Big Busy Bear,Paperback,"Jun 30, 2021",
0,https://www.amazon.com/dp/B098GJDHP2,B098GJDHP2,"Password Tracker: Password Book, Password Log Book and Internet Password Organizer, Logbook To Protect Usernames, 120 Pages, Size 6"" x 9"" Rhombus Cover by Tilo Nagel",Tilo Nagel,Paperback,"Jun 30, 2021",
0,https://www.amazon.com/dp/B098GJDHJD,B098GJDHJD,"Off Road Log Book: Desert Byways , Notebook - Racing - Vehicle Engineering, Record Destination, Back Roads Adventure, Hitting The Trails, 4-Wheel Drive Trails, 6"" x 9"" Extreme Sport Diary 120 pages",Jam's Publishing,Paperback,"Jun 30, 2021",
0,https://www.amazon.com/dp/B098G94WQ6,B098G94WQ6,"Maintenance Log Book: Marbled Purple Cover Design | Repairs And Maintenance Record Book for Home, Office, Construction and Other Equipments | 120 Pages, Size 8"" x 10"" by Waltraud Hartung",Waltraud Hartung,Paperback,"Jun 30, 2021",
0,https://www.amazon.com/dp/B0989G2V45,B0989G2V45,Natural Gas Pipeline: Discover The Process Of Gas Production: Aggregation Pipeline Operators,Lonnie Guenin,Paperback,"Jun 29, 2021",
0,https://www.amazon.com/dp/B098GX28YT,B098GX28YT,I NEED CASH TO GO TO AMSTERDAM :journal notebook To write for Netherlands culture lover: lined notebook 6×9 INCH 15.24×22.86 cm 120 pages,SACHA Edition,Paperback,"Jun 29, 2021",
0,https://www.amazon.com/dp/B098GX28TM,B098GX28TM,"Graph Paper 1/2 2x2 Inch Squares Dotted Quad Ruled Grid Notebook: Purple Exercise Book for Architects, Math and Chemistry Students, Designers and Engineers",Sol Revolver Stationery,Paperback,"Jun 29, 2021",
0,https://www.amazon.com/dp/B098GX28TJ,B098GX28TJ,"Password Tracker: Password Book, Password Log Book and Internet Password Organizer With Chocolate Cover Design | 120 Pages, Size 6"" x 9"" by Karolina Albers",Karolina Albers,Paperback,"Jun 29, 2021",
0,https://www.amazon.com/dp/B098GTZZ42,B098GTZZ42,Notebook: Notebook: Floral Composition Notebook - College Ruled 120 Pages - Large 8.5 x 11 inches Journal,Winsla Cool Designs,Paperback,"Jun 29, 2021",
0,https://www.amazon.com/dp/B098GJDBLX,B098GJDBLX,"Password Tracker: Password Book, Password Log Book and Internet Password Organizer, Logbook To Protect Usernames, 120 Pages, Size 6"" x 9"" Triangle Cover by Milan Jordan",Milan Jordan,Paperback,"Jun 29, 2021",
0,https://www.amazon.com/dp/B0989WXXMK,B0989WXXMK,Gas Production: Learn About How Manufacturers Deliver Gas To Your Home: Gas And Oil,Scottie Elgar,Paperback,"Jun 29, 2021",
0,https://www.amazon.com/dp/620392718X,620392718X,Fabrication and Optimization of 3D Printed Biomaterials,Shankar Sehgal,Paperback,"Jun 29, 2021",
0,https://www.amazon.com/dp/613895503X,613895503X,DESIGN AND OPTIMIZATION OF LOWER CONTROL ARM: Design and Parametric Weight Optimization of Four Wheeler Lower Control Arm,B. Anjaneyulu,Paperback,"Jun 29, 2021",
0,https://www.amazon.com/dp/613823698X,613823698X,Role of Tumor Suppressor Genes in PCOS: Role of Tumor Suppressor Gene polymorphisms in the pathophysiology of Polycystic Ovary Syndrome,Swapna Siddamalla,Paperback,"Jun 29, 2021",
0,https://www.amazon.com/dp/B098JVZ9B9,B098JVZ9B9,"Dot Grid Notebook: Dot Graph Paper Notebook, Simple Grid Made With Dots - 100 Pages, Size 8.5x11 inches. Notebook for Math, Physics, Geography, Design, Art, and Science Students.",Benyoub SOUFI,Paperback,"Jun 28, 2021",
0,https://www.amazon.com/dp/B098JL3PS2,B098JL3PS2,"Best Ocean Engineer Notebook Birthday Gift: 1/2 Graph 4x4, 1/2 College Ruled notebook Gift ,100 pages, 8.5""x11"", Soft cover Matte finish",Flip Bamo,Paperback,"Jun 28, 2021",
0,https://www.amazon.com/dp/B098GX282Z,B098GX282Z,"Password Tracker: Password Book, Password Log Book and Internet Password Organizer With Sunflowers Cover Design | 120 Pages, Size 6"" x 9"" by Victor Gruber",Victor Gruber,Paperback,"Jun 28, 2021",
0,https://www.amazon.com/dp/B098GQSJF2,B098GQSJF2,"Password Tracker: Password Book, Password Log Book and Internet Password Organizer, Logbook To Protect Usernames, 120 Pages, Size 6"" x 9"" Monster Truck Cover by Leo Weiss",Leo Weiss,Paperback,"Jun 28, 2021",
0,https://www.amazon.com/dp/B098GQ6JKL,B098GQ6JKL,"Maintenance Log Book: Astronauts In Space Cover Design | Repairs And Maintenance Record Book for Home, Office, Construction and Other Equipments | 120 Pages, Size 8"" x 10"" by Tilo Nagel",Tilo Nagel,Paperback,"Jun 28, 2021",
0,https://www.amazon.com/dp/B098GMDCQ7,B098GMDCQ7,"Maintenance Log Book: Wolf Cover Design | Repairs And Maintenance Record Book for Home, Office, Construction and Other Equipments | 120 Pages, Size 8"" x 10"" by Helmuth Dittrich",Helmuth Dittrich,Paperback,"Jun 28, 2021",
0,https://www.amazon.com/dp/B098GMKNWZ,B098GMKNWZ,"Graph Paper Notebook: Large Simple Graph Paper Journal - 200 Quad Ruled 4x4 Pages 8.5 x 11 inches - Grid Paper Notebook for Math and Science Students, Lined Graph Paper Composition Notebook",AniStyleZone Writing Journals,Paperback,"Jun 27, 2021",
0,https://www.amazon.com/dp/B098GMDCC5,B098GMDCC5,Organic Chemistry Hexagonal Notebook 8.5”x11” Inches,Monique Evans,Paperback,"Jun 27, 2021",
0,https://www.amazon.com/dp/B098H667N1,B098H667N1,"True Ocean Engineer Notebook Birthday Gift: lined notebook /journal Gift, 100 pages, 8.5""x11"" Soft cover Matte finish",Flip Bamo,Paperback,"Jun 27, 2021",
0,https://www.amazon.com/dp/B0989X2MDV,B0989X2MDV,Office Organizer: Always on top of things,Wawi Designs,Paperback,"Jun 26, 2021",
0,https://www.amazon.com/dp/B0989X2M6D,B0989X2M6D,"Maintenance Log Book: Repairs And Maintenance Record Book for Home, Office, Construction and Other Equipments, 120 Pages, Size 8"" x 10"" | Kiwi Cover by Carmen Rapp",Carmen Rapp,Paperback,"Jun 26, 2021",
0,https://www.amazon.com/dp/B09825H2VT,B09825H2VT,"Maintenance Log Book: Tyrannosaurus Cover Design | Repairs And Maintenance Record Book for Home, Office, Construction and Other Equipments | 120 Pages, Size 8"" x 10"" by Margrit Behrendt",Margrit Behrendt,Paperback,"Jun 26, 2021",
0,https://www.amazon.com/dp/B09892L2JH,B09892L2JH,"Student Driver Log Book: Teen Driving Logbook, New Drivers Log, Driving Sessions Record Book, Driving Practice Lesson Writing Book, New Drivers Ed Notebook",Designores Limited,Paperback,"Jun 25, 2021",
0,https://www.amazon.com/dp/B098B7CKYT,B098B7CKYT,"Password Tracker: Password Book, Password Log Book and Internet Password Organizer, Logbook To Protect Usernames, 120 Pages, Size 6"" x 9"" Halloween Candy Cover by Georg Sauer",Georg Sauer,Paperback,"Jun 25, 2021",
0,https://www.amazon.com/dp/B0989M12BB,B0989M12BB,"Aviation Notebook: Aviation Notepad Airplane Journal Notebook Cool & Funny Aviation Themed Gifts For Aviation Enthusiast & Lovers Gag Gifts, 100 Pages, 6x9, Soft Cover, Mtte Finish",Funny Aviation Quotes,Paperback,"Jun 25, 2021",
0,https://www.amazon.com/dp/B09892Q82W,B09892Q82W,Travel Log,Barry G Taylor,Paperback,"Jun 25, 2021",
0,https://www.amazon.com/dp/B0988PPX68,B0988PPX68,"Password Tracker: Password Book, Password Log Book and Internet Password Organizer With Apple Cover Design | 120 Pages, Size 6"" x 9"" by Grit Hartmann",Grit Hartmann,Paperback,"Jun 25, 2021",
0,https://www.amazon.com/dp/B0988QKKH8,B0988QKKH8,"That's What I Do I Fly Drones And I Know Things: Drone Notebook For Drone Pilots, Drone Fans, Quadcopter Lover",SteMi Publishing,Paperback,"Jun 24, 2021",
0,https://www.amazon.com/dp/B0988JFG2V,B0988JFG2V,"Drone Pilot: Drone Notebook For Drone Pilots, Drone Fans, Quadcopter Lover",SteMi Publishing,Paperback,"Jun 24, 2021",
0,https://www.amazon.com/dp/B0987R14TC,B0987R14TC,"Maintenance Log Book: Flower Cover Design | Repairs And Maintenance Record Book for Home, Office, Construction and Other Equipments | 120 Pages, Size 8"" x 10"" by Thilo Block",Thilo Block,Paperback,"Jun 24, 2021",
0,https://www.amazon.com/dp/B0987FRCMV,B0987FRCMV,The Ultimate Bus Spotter Log Book: The Essential Log Book for the Bus Enthusiast. Record Details of over 300 Buses or Coaches,Ireland Buy Design,Paperback,"Jun 24, 2021",
0,https://www.amazon.com/dp/B09871PK9Z,B09871PK9Z,"Password Tracker: Password Book, Password Log Book and Internet Password Organizer, Logbook To Protect Usernames, 120 Pages, Size 6"" x 9"" Circles Cover by Grit Zimmer",Grit Zimmer,Paperback,"Jun 24, 2021",
0,https://www.amazon.com/dp/B0986FWKCC,B0986FWKCC,"Password Tracker: Password Book, Password Log Book and Internet Password Organizer, Logbook To Protect Usernames, 120 Pages, Size 6"" x 9"" Yellow Pastel Color Cover by Burkhard Funk",Burkhard Funk,Paperback,"Jun 24, 2021",
0,https://www.amazon.com/dp/B0986FJYNS,B0986FJYNS,"Password Tracker: Castles Password Tracker, Password Book, Password Log Book and Internet Password Organizer, Logbook To Protect Usernames, 120 Pages, Size 6"" x 9"" by Natalia Horn",Natalia Horn,Paperback,"Jun 24, 2021",
0,https://www.amazon.com/dp/B098WDC6N9,B098WDC6N9,Vehicle Service Log Book,A Harris- Ugwunwa,Paperback,"Jun 23, 2021",
0,https://www.amazon.com/dp/B0988QKKGS,B0988QKKGS,Mileage Log,Eileen Freund,Paperback,"Jun 23, 2021",
0,https://www.amazon.com/dp/B0982S7C7P,B0982S7C7P,Be Epic Five Year Planner: Five Years 60 Months Calendar for busy women,ms mznh moha gali alhrby,Paperback,"Jun 23, 2021",
0,https://www.amazon.com/dp/B0982S7C5K,B0982S7C5K,"Password Tracker: Trucks Password Tracker, Password Book, Password Log Book and Internet Password Organizer, Logbook To Protect Usernames, 120 Pages, Size 6"" x 9"" by Marianne Bartsch",Marianne Bartsch,Paperback,"Jun 23, 2021",
0,https://www.amazon.com/dp/B097XFSYKS,B097XFSYKS,Word Search Books For Adults: 100+ Large Print Word Search Puzzles For Adults And More- Vol 2,DaaEnoly Publication,Paperback,"Jun 23, 2021",
0,https://www.amazon.com/dp/B097WZXWZQ,B097WZXWZQ,"My Aquarium Log Book: Fish Keeping Journal - In this Log Book for your aquarium you can record water tests, water changes, treatments given, ... checks and more. Space for additional notes.",Hackett ST,Paperback,"Jun 23, 2021",
0,https://www.amazon.com/dp/B097WZXRV9,B097WZXRV9,Large Print Word Search Books For Adults: 100+ Large Print Word Search Puzzles For Adults And More- Vol 13,DaaEnoly Publication,Paperback,"Jun 23, 2021",
0,https://www.amazon.com/dp/620392640X,620392640X,Modeling and Optimization of Gelcast Ceramic Composites: MODELING OF GELCASTING CERAMIC COMPOSITES USING GP AND MULTI OBJECTIVE OPTIMIZATION USING NSGA-II,Gurabvaiah Punugupati,Paperback,"Jun 23, 2021",
0,https://www.amazon.com/dp/620392556X,620392556X,Nanomaterials for remediation of aqueous environmental pollutants,Md. Ahmaruzzaman,Paperback,"Jun 23, 2021",
0,https://www.amazon.com/dp/B0981PLBFC,B0981PLBFC,"Password Tracker: Password Book, Password Log Book and Internet Password Organizer, Logbook To Protect Usernames, 120 Pages, Size 6"" x 9"" Pumpkins Cover by Silvia Hein",Silvia Hein,Paperback,"Jun 22, 2021",
0,https://www.amazon.com/dp/B0981PLB3V,B0981PLB3V,"Maintenance Log Book: Repairs And Maintenance Record Book for Home, Office, Construction and Other Equipments, 120 Pages, Size 8"" x 10"" | Strawberry Cover by Gunnar Witte",Gunnar Witte,Paperback,"Jun 22, 2021",
0,https://www.amazon.com/dp/B0981PLB18,B0981PLB18,"GRAPH PAPER NOTEBOOK FOR SCIENCE: Large Grid Paper Notebook/Journal | Squared Graphing Paper for Composition, Drawing, Sketching, Plotting, Design & ... Math-related subjects. (Graph Paper -Series)",DigiPub Journals,Paperback,"Jun 22, 2021",Journals
0,https://www.amazon.com/dp/B097XH55VT,B097XH55VT,"SCADA Engineer I'm Not Arguing I'm Just Explaining Why I'm Right: Funny SCADA Engineer Gift Blank Lined Notebook / Journal as a Birthday and ... 120 Pages, 6x9, Soft Cover, Matte Finish",Engineering Quotes Funny,Paperback,"Jun 22, 2021",
0,https://www.amazon.com/dp/B097XB7YK3,B097XB7YK3,Drone flight log book: Drone Pilot Operators Notebook | Drone Flight Time & Flight Map Record | Drone Flight Training Journal,Hackett ST,Paperback,"Jun 22, 2021",
0,https://www.amazon.com/dp/B097XB7YFR,B097XB7YFR,"Password Tracker: Password Book, Password Log Book and Internet Password Organizer, Logbook To Protect Usernames, 120 Pages, Size 6"" x 9"" Watermelon Cover by Simon Heinrich",Simon Heinrich,Paperback,"Jun 22, 2021",
0,https://www.amazon.com/dp/B097XB79SZ,B097XB79SZ,"Amazing Engine Technical Graph Paper Notebook: Journal with 120 grid paper pages, 6""x9"", 4x4, perfect for technical university and high school students.",Raven Notes,Paperback,"Jun 22, 2021",
0,https://www.amazon.com/dp/B097X5VNZ9,B097X5VNZ9,"Old Classical Engine Technical Graph Paper Notebook: Journal with 120 grid paper pages, 6""x9"", 4x4, perfect for technical university and high school students.",Raven Notes,Paperback,"Jun 22, 2021",
0,https://www.amazon.com/dp/B097WZXTZT,B097WZXTZT,"Travel Log/Journal/Notebook ""Motorcycle Grandma"" Small Travel Log/Notebook: 140 Pages of 5"" x 8"" Grid and Lined Paper for Travel Journaling and ... a Perfect Gift For Women & Biker Babes",Cassie Nash Creates,Paperback,"Jun 22, 2021",
0,https://www.amazon.com/dp/620357158X,620357158X,Designing machining processes: Automation and productivity gains,Sergei Baibakov,Paperback,"Jun 22, 2021",
0,https://www.amazon.com/dp/B097XGHQNH,B097XGHQNH,Mileage Log Book: Automotive Daily Tracking Miles Record Book,Mydan Shi,Paperback,"Jun 20, 2021",
0,https://www.amazon.com/dp/B097XFSVWN,B097XFSVWN,"Composition Notebook: cover design for a Composition Notebook With beautiful floral designs / 8.5 x 11 Inches, Wide Ruled 100 Pages (Composition book)",saif merwas,Paperback,"Jun 20, 2021",
0,https://www.amazon.com/dp/B097X7FTBN,B097X7FTBN,"Maintenance Log Book: Mermaid Maintenance Log Book, Repairs And Maintenance Record Book for Home, Office, Construction and Other Equipments, 120 Pages, Size 8"" x 10"" by Denis Falk",Denis Falk,Paperback,"Jun 20, 2021",
0,https://www.amazon.com/dp/B097WBG6W2,B097WBG6W2,"Don't Like The Way I Drive, Get Off....(US flag): A Perfect Daily Driver Log Book To Record Vehicle Details,Trips, MileageLog, Fuel Purchase and ... Logbook for Both Personal & Business Purposes",Driver Essentials,Paperback,"Jun 20, 2021",
0,https://www.amazon.com/dp/B0979NZ6X2,B0979NZ6X2,"Biophysicists Get Shit Done 2021-2022 Two Year Planner: 2 Year Monthly Planner, 24 Months Calendar and organizer, Gift for Biophysicist | Flower Cover",IndigoPine Planners,Paperback,"Jun 20, 2021",
0,https://www.amazon.com/dp/B097SRY98B,B097SRY98B,"perfect Engineer Notebook Birthday Gift: College Ruled Paper, journal Gift, 120 pages, 6 x 9 Soft cover Matte finish",Funny Engineering Engineer,Paperback,"Jun 19, 2021",
0,https://www.amazon.com/dp/B097SQNZ42,B097SQNZ42,Great Southern Railway Ireland Souvenir Notebook: Railways of Ireland GSR Souvenir Lined Journal Gift,Ireland Buy Design,Paperback,"Jun 19, 2021",
0,https://www.amazon.com/dp/B097SK2WKK,B097SK2WKK,"Password Tracker: Fire Rescue Password Tracker, Password Book, Password Log Book and Internet Password Organizer, Logbook To Protect Usernames, 120 Pages, Size 6"" x 9"" by Kristina Schulz",Kristina Schulz,Paperback,"Jun 19, 2021",
0,https://www.amazon.com/dp/B097SK2W6G,B097SK2W6G,"Personal Expenses Tracker: Daily Expense Tracker Notebook / Daily Budget Planner / Money Tracker / 8,5’’x11’’ / 120 pages (Home & Garden)",DZ Useful Paper Publishing,Paperback,"Jun 19, 2021",
0,https://www.amazon.com/dp/B097DV2F4G,B097DV2F4G,Notebook: Car,Fatima Malik,Paperback,"Jun 19, 2021",
0,https://www.amazon.com/dp/B097DRSWPZ,B097DRSWPZ,"Password Tracker: Password Book, Password Log Book and Internet Password Organizer With Elephant Cover Design | 120 Pages, Size 6"" x 9"" by Grit Zimmer",Grit Zimmer,Paperback,"Jun 19, 2021",
0,https://www.amazon.com/dp/B097DK887M,B097DK887M,"Maintenance Log Book: Floral Maintenance Log Book, Repairs And Maintenance Record Book for Home, Office, Construction and Other Equipments, 120 Pages, Size 8"" x 10"" by Ronny Beck",Ronny Beck,Paperback,"Jun 18, 2021",
0,https://www.amazon.com/dp/B097DJ8V4R,B097DJ8V4R,Carry On: Glitchy No Signal E-girl And Tech Nerd Inspired Journal Cool Animal Print Notebook With Glitch Design 100-Pages,Morgan A Parker,Paperback,"Jun 18, 2021",
0,https://www.amazon.com/dp/B097CJP1S6,B097CJP1S6,"Maintenance Log Book: Kiwi Maintenance Log Book, Repairs And Maintenance Record Book for Home, Office, Construction and Other Equipments, 120 Pages, Size 8"" x 10"" by Marianne Ernst",Marianne Ernst,Paperback,"Jun 18, 2021",
0,https://www.amazon.com/dp/B097CPH1Q7,B097CPH1Q7,"Engineering Notebook: Graph Paper, Quad Ruled Notebook for Science, Math, Engineering, Writing, and Architecture Notes",Nawara x Studios,Paperback,"Jun 17, 2021",
0,https://www.amazon.com/dp/B097CQGFKT,B097CQGFKT,"Password Tracker: Password Book, Password Log Book and Internet Password Organizer With Cube Cover Design | 120 Pages, Size 6"" x 9"" by Florian Reich",Florian Reich,Paperback,"Jun 17, 2021",
0,https://www.amazon.com/dp/B097C8WS6N,B097C8WS6N,"Maintenance Log Book: Roses Maintenance Log Book, Repairs And Maintenance Record Book for Home, Office, Construction and Other Equipments, 120 Pages, Size 8"" x 10"" by Simon Scholz",Simon Scholz,Paperback,"Jun 17, 2021",
0,https://www.amazon.com/dp/B097C31XMG,B097C31XMG,Polar Graph Paper: Circular Grid Notebook - Polar Coordinate Graph Journal - Circular Grid Sketchbook - Polar Graph Technical Notebook 8.5 x 8.x5 |120 Pages (21.59 x 21.59 cm),M-R Publisher,Paperback,"Jun 17, 2021",
0,https://www.amazon.com/dp/B097BX1Z3G,B097BX1Z3G,Truck Log Book for Women: Trucker Notes Book for Truck Driver to Keep Records About Each Trip - Black and Purple Cover Design,Jeff Bogtrotter,Paperback,"Jun 17, 2021",
0,https://www.amazon.com/dp/B097BRGBDN,B097BRGBDN,"Password Tracker: Password Book, Password Log Book and Internet Password Organizer, Logbook To Protect Usernames, 120 Pages, Size 6"" x 9"" Pineapples Cover by Fredi Philipp",Fredi Philipp,Paperback,"Jun 17, 2021",
0,https://www.amazon.com/dp/B097BG6GL9,B097BG6GL9,"Password Tracker: Unicorns Password Tracker, Password Book, Password Log Book and Internet Password Organizer, Logbook To Protect Usernames, 120 Pages, Size 6"" x 9"" by Friedemann Herold",Friedemann Herold,Paperback,"Jun 17, 2021",
0,https://www.amazon.com/dp/B0979TG2Y7,B0979TG2Y7,"Maintenance Log Book: Repairs And Maintenance Record Book for Home, Office, Construction and Other Equipments, 120 Pages, Size 8"" x 10"" | Rectangles Cover by Ingelore Gabriel",Ingelore Gabriel,Paperback,"Jun 17, 2021",
0,https://www.amazon.com/dp/B0979G3XFN,B0979G3XFN,"Maintenance Log Book: Repairs And Maintenance Record Book for Home, Office, Construction and Other Equipments, 120 Pages, Size 8"" x 10"" | Stripes Cover by Friedemann Herold",Friedemann Herold,Paperback,"Jun 16, 2021",
0,https://www.amazon.com/dp/B09797S8RT,B09797S8RT,"Password Tracker: Password Book, Password Log Book and Internet Password Organizer With Papaya Cover Design | 120 Pages, Size 6"" x 9"" by Thilo Block",Thilo Block,Paperback,"Jun 16, 2021",
0,https://www.amazon.com/dp/B09792QTL1,B09792QTL1,"Maintenance Log Book: Floral Cover Design | Repairs And Maintenance Record Book for Home, Office, Construction and Other Equipments | 120 Pages, Size 8"" x 10"" by Meinhard Albers",Meinhard Albers,Paperback,"Jun 16, 2021",
0,https://www.amazon.com/dp/B0978XBBTC,B0978XBBTC,"Password Tracker: Tomato Password Tracker, Password Book, Password Log Book and Internet Password Organizer, Logbook To Protect Usernames, 120 Pages, Size 6"" x 9"" by Kristina Schulz",Kristina Schulz,Paperback,"Jun 16, 2021",
0,https://www.amazon.com/dp/B09782TRYQ,B09782TRYQ,"Password Tracker: Password Book, Password Log Book and Internet Password Organizer With Rectangles Cover Design | 120 Pages, Size 6"" x 9"" by Herbert Heinrich",Herbert Heinrich,Paperback,"Jun 16, 2021",
0,https://www.amazon.com/dp/B09782CJ62,B09782CJ62,"Maintenance Log Book: Tomato Cover Design | Repairs And Maintenance Record Book for Home, Office, Construction and Other Equipments | 120 Pages, Size 8"" x 10"" by Siegbert Stadler",Siegbert Stadler,Paperback,"Jun 16, 2021",
0,https://www.amazon.com/dp/B09766ZD8F,B09766ZD8F,Word Search Book For Adults: Over 2000 Cleverly Hidden Words: 100+ Large Print Word Search Puzzles For Adults- Vol 6,S.K. Danya Pzl,Paperback,"Jun 16, 2021",
0,https://www.amazon.com/dp/B0971LLN2C,B0971LLN2C,FRICTION STIR WELDING OF AA6105 ALLOY: MULTI-RESPONSE OPTIMIZATION THROUGH TAGUCHI METHOD (Non Ferrous Welding),Dr. Jai Singh,Paperback,"Jun 16, 2021",
0,https://www.amazon.com/dp/B098GQSR47,B098GQSR47,Password Keeper Book: Flamingo Lovers Book Premium Journal And Logbook To Protect Usernames and Passwords. Small Alphabetical Password Keeper Vault Notebook and Online Organizer,Bob Rain,Paperback,"Jun 30, 2021",
0,https://www.amazon.com/dp/B098GJDH2Q,B098GJDH2Q,Password Keeper Booklet: Flamingo Lovers Book Premium Journal And Logbook To Protect Usernames and Passwords. Small Alphabetical Password Keeper Vault Notebook and Online Organizer,Bob Rain,Paperback,"Jun 30, 2021",
0,https://www.amazon.com/dp/B098GT2C2X,B098GT2C2X,"Shit I Can't Remember Password Book: Floral Shit I Can't Remember Password, Contacts, Birthdays, Addresses and Internet Information Book. 6 x 9"", 103 ... Can Keep Track of Shit You Keep Forgetting!",Longship Books,Paperback,"Jun 29, 2021",
0,https://www.amazon.com/dp/B098GT2NDP,B098GT2NDP,Notebook for Passwords: 6x9 Internet Logbook Journal Medium with A-Z Alphabetical Index | Large Print | Massive Colorful Floral Design Turquoise,Emily Grace,Paperback,"Jun 28, 2021",
0,https://www.amazon.com/dp/B098GT26S2,B098GT26S2,Notebook for Passwords: 6x9 Internet Logbook Journal Medium with A-Z Alphabetical Index | Large Print | Massive Colorful Floral Design Yellow,Emily Grace,Paperback,"Jun 28, 2021",
0,https://www.amazon.com/dp/B098GQSJG3,B098GQSJG3,Notebook for Passwords: 6x9 Internet Logbook Journal Medium with A-Z Alphabetical Index | Large Print | Massive Colorful Floral Design Teal,Emily Grace,Paperback,"Jun 28, 2021",
0,https://www.amazon.com/dp/B0989VKSM6,B0989VKSM6,Notebook for Passwords: A4 Big Internet Logbook Journal with A-Z Alphabetical Index | Hand-Drawn Stylish Wildflower Design Blue,Emily Grace,Paperback,"Jun 26, 2021",
0,https://www.amazon.com/dp/B0989VKSM5,B0989VKSM5,Notebook for Passwords: A4 Big Internet Logbook Journal with A-Z Alphabetical Index | Hand-Drawn Stylish Wildflower Design Black,Emily Grace,Paperback,"Jun 26, 2021",
0,https://www.amazon.com/dp/334641129X,334641129X,"Amazon Case Study. ""The Best Marketing Strategies Aren't Top Down, They're Outside In""",Sixbert Sangwa,Paperback,"Jun 24, 2021",
0,https://www.amazon.com/dp/B0991LHQ6C,B0991LHQ6C,She Believed She Could So She Did Notebook: She Believed She Could So She Did | Inspirational Quote Notebook for Women and Girls - Beautiful Blue and ... with Gold | 6 x 9 Lined Pages 120 Pages,Golden Hour Designs,Paperback,"Jun 29, 2021",
0,https://www.amazon.com/dp/B098GT2S84,B098GT2S84,"Goal Setting Planner: Goal Setting Planner Tropical Hibiscus Cover, Daily Goal Setting Planner Gratitude Journal Notebook Diary Log Book Organizer, 120 pages, Size 6"" x 9"" by Regine Moritz",Regine Moritz,Paperback,"Jun 29, 2021",
0,https://www.amazon.com/dp/B098GSP4WC,B098GSP4WC,"Goal Setting Planner: Goal Setting Planner Dog Cover, Daily Goal Setting Planner Gratitude Journal Notebook Diary Log Book Organizer, 120 pages, Size 6"" x 9"" by Margarita Zeller",Margarita Zeller,Paperback,"Jun 29, 2021",
0,https://www.amazon.com/dp/B09918FHVC,B09918FHVC,"I Was in Love with the Sound: Blank Staff Music Sheet Manuscript Paper, 8.5 x 11 (large) | 150 pages",Rivka Schwartz,Paperback,"Jun 30, 2021",
0,https://www.amazon.com/dp/B098GQSR59,B098GQSR59,Ukulele Tab Sheets: Ukulele Chord Diagrams / Blank Ukulele Tablature Notebook With Triangle Cover by Milan Jordan,Milan Jordan,Paperback,"Jun 30, 2021",
0,https://www.amazon.com/dp/B09919BZN1,B09919BZN1,"Blank Bass Guitar Tab Notebook: Guitar Tablature Manuscript Composition Paper with Blank Chord Diagram, Music Journal (Tablaturas para Guitarra)",Pensieve,Paperback,"Jun 29, 2021",
0,https://www.amazon.com/dp/B098JVZQ4N,B098JVZQ4N,Guitar Tabs for Beginners Learn to Play Your First Song Today: How to Play Your First Song Exercises for Guitar that Improve Technique and Accelerate Development,Abdelaziz Abderrahim,Paperback,"Jun 29, 2021",
0,https://www.amazon.com/dp/B098GT2S3H,B098GT2S3H,Star Notebook,cj James,Paperback,"Jun 29, 2021",
1,https://www.amazon.com/dp/B0991CGPZR,B0991CGPZR,Musician's Practise Log: Weekly Music Student Lesson Notebook plus Teaching Materials and Staff Paper,Ms. Olga A Koppel,Paperback,"Jun 28, 2021",
0,https://www.amazon.com/dp/B098GX283Y,B098GX283Y,Blank Sheet Music Notebook: Manuscript Paper Preprinted with Staff,Olivia Hanlon,Paperback,"Jun 28, 2021",
0,https://www.amazon.com/dp/B098GW5MYJ,B098GW5MYJ,"Guitar Tablature Music Composition Notebook: Guitar Tabs and Chords Blank Manuscript Paper Journal, Dark Green and Grey Acoustic Guitar Matte Cover, 120 Pages Blank Sheet Music",Gen H Creative,Paperback,"Jun 28, 2021",
0,https://www.amazon.com/dp/B098GJD8TT,B098GJD8TT,"Guitar Tab Notebook: Blank Guitar Tablature Writing Paper with Chord Fingering Charts, Perfect Gift For Guitar Players, Musicians, Teachers, and Students. Unicorn Playing With Guitar",Ella Music,Paperback,"Jun 28, 2021",
0,https://www.amazon.com/dp/B098H667LM,B098H667LM,ROCK ON!!! Journal: Cool gift for rock music enthusiast,MF Koobe,Paperback,"Jun 27, 2021",
0,https://www.amazon.com/dp/B098H667G9,B098H667G9,"ROCK ON!!! Songwriting Journal + Bass Tablature Sheet: Cool gift for rock bassist, songwriter, musician and music student",MF Koobe,Paperback,"Jun 27, 2021",
0,https://www.amazon.com/dp/B098GSDFPN,B098GSDFPN,Modern Ukulele Tab & Chord Notebook,J Smith,Paperback,"Jun 27, 2021",
0,https://www.amazon.com/dp/B098GSDFP8,B098GSDFP8,Guitar Tablature Sheets: Blank Acoustic Guitar Tablature Sheets,DA PRNTZ,Paperback,"Jun 27, 2021",
0,https://www.amazon.com/dp/B098GQ6J7D,B098GQ6J7D,"Ukulele Tablature Notebook: 4 string Ukulele blank tablature notebook. Accessories for uke lover, ukulele Teacher & Students. (8” x 10”, 120 pages)",Ukulele lover publishing,Paperback,"Jun 27, 2021",
0,https://www.amazon.com/dp/B098GQ6J7B,B098GQ6J7B,Journal: guitar covered journal with inside design,Jessica Cherry,Paperback,"Jun 27, 2021",
0,https://www.amazon.com/dp/B098DZPRZX,B098DZPRZX,Music writing book,David Owen,Paperback,"Jun 27, 2021",
0,https://www.amazon.com/dp/B098DZPRW1,B098DZPRW1,Rastafari Notebook: blank lined composition journal | Rastafari notebook | 100 pages,Open my Eyes,Paperback,"Jun 27, 2021",
0,https://www.amazon.com/dp/B0986BCBLT,B0986BCBLT,Cryptogram Puzzles: Country Music Hits from the 1990's - Volume 2,Cristibel Press,Paperback,"Jun 26, 2021",
0,https://www.amazon.com/dp/B098DHRNPM,B098DHRNPM,Composition Notebook: Mead Composition Wide Ruled Composition Notebooks Wide Rule (120 Pages) Notebook,Lovemedia Press,Paperback,"Jun 26, 2021",
0,https://www.amazon.com/dp/B0989VKRZD,B0989VKRZD,Thank You For Being An Amazing Dance Teacher: Dance Teacher Gifts | notebook with 120 lined pages 6” x 9” perfect for everyday use | A journal with ... writing | Dance Teacher composition notebook,Mazadou Edition,Paperback,"Jun 26, 2021",
0,https://www.amazon.com/dp/B0989X2M4R,B0989X2M4R,Musical Manuscript: Black I Blank Staff Papers | 100 Pages | 10 Staves Per Page I 8.5 x 11 Inches,Wilkie,Paperback,"Jun 25, 2021",
0,https://www.amazon.com/dp/B0989X2M39,B0989X2M39,"Ballet Evolution: Composition notebook lined notebook diary ToDo exercise book story book |15. 24 x 22. 86 cm; approx. A5| 120 pages. For lovers ... dance group, ballet dancer, dancer, dance.",Ballerina Ballet,Paperback,"Jun 25, 2021",
0,https://www.amazon.com/dp/B0989VKRN4,B0989VKRN4,Mini Blank Guitar Tablature Sheets,Frederick Holiday,Paperback,"Jun 25, 2021",
0,https://www.amazon.com/dp/B09892L2B7,B09892L2B7,"Guitar Tab Notebook: Cute Bees Cover Guitar Tab Notebook, Music Paper Notebook, Blank Guitar Tablature Music Note, 120 Pages - Size 6"" x 9"" by Lore Heil",Lore Heil,Paperback,"Jun 25, 2021",
0,https://www.amazon.com/dp/B0988SR7B2,B0988SR7B2,"Music Notebook: Music Writing Notebook | Blank Sheet Music Notebook | Lemon Cover Design | 120 Pages, Size 6"" x 9"" by Anatoli Ruf",Anatoli Ruf,Paperback,"Jun 25, 2021",
0,https://www.amazon.com/dp/B0988RG9BW,B0988RG9BW,Blank Guitar Tab Notebook: Blank Tablature and Chord Pictures for guitar players/songwriters,Nick Iden,Paperback,"Jun 25, 2021",
0,https://www.amazon.com/dp/B0988RCXHB,B0988RCXHB,"MUSIC PAPER NoteBook: Guitar Chord, Standard Staff & Tablature",Creative Lee,Paperback,"Jun 25, 2021",
0,https://www.amazon.com/dp/B0988L4JXH,B0988L4JXH,"Songwriting Journal: Blank Music Tablature and Chord Diagrams with Alternating Lined Pages for Ukulele, Mandolin, Bass, Banjo and Other 4 String Instruments 8.5 x 8.5 inch Softcover",Ivonne Elisabeth,Paperback,"Jun 25, 2021",
0,https://www.amazon.com/dp/B0987R6PLY,B0987R6PLY,"Music Journal (Diary, Notebook): Leopard Print Composition Music Journal - 120 Pages - Large 8.5 x 11",Graphic Aloy,Paperback,"Jun 24, 2021",
0,https://www.amazon.com/dp/B0987JLWK7,B0987JLWK7,Music manuscript paper notebook pink,max  profi designs,Paperback,"Jun 24, 2021",
0,https://www.amazon.com/dp/B0986FXH8Q,B0986FXH8Q,Music Sheet Notebook: Blank Music Manuscript Pages,B&C Charms,Paperback,"Jun 24, 2021",
0,https://www.amazon.com/dp/B0986FWK1C,B0986FWK1C,Sheet music: Paint splattered guitar cover blank guitar tablature sheet music notebook for composing,Trinity Gray,Paperback,"Jun 24, 2021",
0,https://www.amazon.com/dp/B097WZXW2K,B097WZXW2K,"Blank Sheet Music Notebook - 100 Pages - 12 Stave - 8.5"" x 11"": White Marble Manuscript White Pages For Musicians Perfect For Musical Notation And Composition",Melody P.,Paperback,"Jun 24, 2021",
0,https://www.amazon.com/dp/B098GJDBPN,B098GJDBPN,"Remembre to enjoy the little things: Planner 2021 2022 Daily ,Weekly and Monthly",Mr Dwd,Paperback,"Jun 23, 2021",
0,https://www.amazon.com/dp/B0981YYTZ2,B0981YYTZ2,My Music: Blank Sheet Music I Compose Music,Around the Block,Paperback,"Jun 22, 2021",
0,https://www.amazon.com/dp/B0981PL9RQ,B0981PL9RQ,"Ukulele Tab Sheets: Hippo Ukulele Tab Sheets, Ukulele Chord Diagrams / Blank Ukulele Tablature Notebook, 120 Pages, Size 6""x9"" by Eva Koch",Eva Koch,Paperback,"Jun 22, 2021",
0,https://www.amazon.com/dp/B097XH554X,B097XH554X,"Blank Sheet Music Notebook - 100 Pages - 12 Stave - 8.5"" x 11"": White Marble Manuscript White Pages For Musicians Perfect For Musical Notation And Composition",Melody P.,Paperback,"Jun 22, 2021",
0,https://www.amazon.com/dp/B097XGSQPT,B097XGSQPT,Music Sheet Notebook for girls,WCI DESIGNS,Paperback,"Jun 22, 2021",
0,https://www.amazon.com/dp/B097XGMBWS,B097XGMBWS,Guitar Tab Notebook: Blank Guitar Tablature Writing Paper With Chord Fingering Charts,Nicole Broussard,Paperback,"Jun 22, 2021",
0,https://www.amazon.com/dp/B097XGMBW2,B097XGMBW2,"Guitar Tab Notebook: Guitar Tabs Notebook Butterflys Cover, Amazing Learn Guitar Tabs Notebook For Adults of All Ages | 120 Pages - Size 6"" x 9"" by Vanessa Steiner",Vanessa Steiner,Paperback,"Jun 22, 2021",
0,https://www.amazon.com/dp/B097XGMBLH,B097XGMBLH,"Ukulele Tab Sheets: Premium Chocolate Cover | Ukulele Chord Diagrams / Blank Ukulele Tablature Notebook | 120 Pages | Size 6""x9"" by Joseph Kunz",Joseph Kunz,Paperback,"Jun 22, 2021",
0,https://www.amazon.com/dp/B097XFPZY9,B097XFPZY9,"Guitar Tab Notebook: Guitar Tabs Notebook Flamingo Cover, Amazing Learn Guitar Tabs Notebook For Adults of All Ages | 120 Pages - Size 6"" x 9"" by Andrej Schneider",Andrej Schneider,Paperback,"Jun 22, 2021",
0,https://www.amazon.com/dp/B097XB7YW2,B097XB7YW2,"Blank Sheet Music Notebook - 100 Pages - 12 Stave - 8.5"" x 11"": White Marble Manuscript White Pages For Musicians Perfect For Musical Notation And Composition",Melody P.,Paperback,"Jun 22, 2021",
0,https://www.amazon.com/dp/B097XB7YV7,B097XB7YV7,"Blank Sheet Music Notebook - 100 Pages - 12 Stave - 8.5"" x 11"": White Marble Manuscript White Pages For Musicians Perfect For Musical Notation And Composition",Melody P.,Paperback,"Jun 22, 2021",
0,https://www.amazon.com/dp/B097XB7XFF,B097XB7XFF,"Ukulele Tablature Notebook: 4 string Ukulele blank tablature notebook. Accessories for uke lover, ukulele Teacher & Students. (8” x 10”, 120 pages)",Ukulele lover publishing,Paperback,"Jun 22, 2021",
0,https://www.amazon.com/dp/B097X5VP9V,B097X5VP9V,"Music Notebook: Watermelon Music Notebook, Music Writing Notebook | Blank Sheet Music Notebook, 120 Pages, Size 6"" x 9"" by Simon Heinrich",Simon Heinrich,Paperback,"Jun 22, 2021",
0,https://www.amazon.com/dp/B097X5VNMW,B097X5VNMW,"Blank Music Book: Black, White, Music speakers, 12 staff lined blank",Jaden Wild,Paperback,"Jun 22, 2021",
0,https://www.amazon.com/dp/B097X5VNB7,B097X5VNB7,Manuscript Paper Academia Cottagecore notebook,WickedSaturn Books,Paperback,"Jun 22, 2021",
0,https://www.amazon.com/dp/B097WZXTHB,B097WZXTHB,"Blank Sheet Music Notebook - 100 Pages - 12 Stave - 8.5"" x 11"": White Marble Manuscript White Pages For Musicians Perfect For Musical Notation And Composition",Melody P.,Paperback,"Jun 22, 2021",
0,https://www.amazon.com/dp/B097WZXTCB,B097WZXTCB,"Guitar Tab Notebook: Premium Raspberry Cover Guitar Tab Notebook, Music Paper Notebook, Blank Guitar Tablature Music Note, 120 Pages - Size 6"" x 9"" by Sonja Heine",Sonja Heine,Paperback,"Jun 22, 2021",
0,https://www.amazon.com/dp/B097WZXT58,B097WZXT58,7-String Guitar Tablature Paper: 120 Pages of 7-String Guitar Manuscript Paper 8.5 x 11 Inches,Kevin Ray,Paperback,"Jun 22, 2021",
0,https://www.amazon.com/dp/B097WZXT33,B097WZXT33,"Music Notebook: Music Writing Notebook | Blank Sheet Music Notebook | Triangle Cover Design | 120 Pages, Size 6"" x 9"" by Julia Koch",Julia Koch,Paperback,"Jun 22, 2021",
0,https://www.amazon.com/dp/B097XH411F,B097XH411F,"Ukulele Tab Sheets: Floral Ukulele Tab Sheets, Ukulele Chord Diagrams / Blank Ukulele Tablature Notebook, 120 Pages, Size 6""x9"" by Ronny Beck",Ronny Beck,Paperback,"Jun 21, 2021",
0,https://www.amazon.com/dp/B097XGSQ58,B097XGSQ58,This Girl Runs on Jesus and Gymnastics: DIN A5 (6x9) Notebook for Christian Gymnastics and Believers Turner with 120 lined pages and days of days for the diary function,Gymnastic Friends,Paperback,"Jun 21, 2021",
0,https://www.amazon.com/dp/B097XFM2RP,B097XFM2RP,"Blank Music Sheet Notebook / Manuscript Paper: Black and White Interior with White Paper - 6""x9"" - 120 pages",JLynn's Designs,Paperback,"Jun 21, 2021",
0,https://www.amazon.com/dp/B097XFM27K,B097XFM27K,"Guitar Tab Notebook: Owls Cover Guitar Tab Notebook, Music Paper Notebook, Blank Guitar Tablature Music Note, 120 Pages - Size 6"" x 9"" by Klara Wolter",Klara Wolter,Paperback,"Jun 21, 2021",
0,https://www.amazon.com/dp/B097XB8XVW,B097XB8XVW,"Music Notebook: Music Writing Notebook | Blank Sheet Music Notebook | Owls Cover Design | 120 Pages, Size 6"" x 9"" by Anatoli Ruf",Anatoli Ruf,Paperback,"Jun 21, 2021",
0,https://www.amazon.com/dp/B097XB8XQG,B097XB8XQG,Ukulele Tab Sheets: Ukulele Chord Diagrams / Blank Ukulele Tablature Notebook With Adorable Dinosaur Cover by Boris Wegener,Boris Wegener,Paperback,"Jun 21, 2021",
0,https://www.amazon.com/dp/B097XGHQQQ,B097XGHQQQ,Music Sheets: Standard Manuscript Paper: Blank Sheet Music Notebook | Notebook for Musicians | Music Composition Notebook | Song Writing Journal | Staff Paper,Rhodes Books,Paperback,"Jun 20, 2021",
0,https://www.amazon.com/dp/B097X7HKHX,B097X7HKHX,Music Notebook: Blank Sheet Music Notebook: Music Manuscript Paper | White Blank Sheet Music Book | Notebook for Musicians | Staff Paper | ... | Large | 12 Staves Per Page | 120 pages,Art of Artemis,Paperback,"Jun 20, 2021",
0,https://www.amazon.com/dp/B097X7FTFQ,B097X7FTFQ,"Ukulele Tab Sheets: Baby Sleeping Ukulele Tab Sheets, Ukulele Chord Diagrams / Blank Ukulele Tablature Notebook, 120 Pages, Size 6""x9"" by Karolina Albers",Karolina Albers,Paperback,"Jun 20, 2021",
0,https://www.amazon.com/dp/B097X7FTB4,B097X7FTB4,"Guitar Tab Notebook: Astronaut Fly Cover Guitar Tab Notebook, Music Paper Notebook, Blank Guitar Tablature Music Note, 120 Pages - Size 6"" x 9"" by Nina Reinhardt",Nina Reinhardt,Paperback,"Jun 20, 2021",
0,https://www.amazon.com/dp/B097VM558B,B097VM558B,Music Notebook: Wide Staff Music Writing Notebook For Musicians (Blank Sheet Music Notebook | Wide Staff Blank Manuscript Paper | 6 Staves Per Page | Manuscript Paper | Staff Paper Notebook),Art of Artemis,Paperback,"Jun 20, 2021",
0,https://www.amazon.com/dp/B097SLXSV6,B097SLXSV6,Music Composition: The Writer's Book,RHONDA PRIMUS,Paperback,"Jun 20, 2021",
0,https://www.amazon.com/dp/B097SPL6HB,B097SPL6HB,"See It Like It Wrote It Got It: Scripting Notebook for Manifestation Journaling, Manifest Your Dream Life Scripting, Law of Attraction Journal, Glossy ... Sheets™ (Seven Rings Inspired Collection)",Scripting Sheets,Paperback,"Jun 19, 2021",
0,https://www.amazon.com/dp/B097SPL6C9,B097SPL6C9,"Blank Manuscript paper: blank sheet music, 12 stave cream interior musicians notebook 150 pages",Zre Publishing,Paperback,"Jun 19, 2021",
0,https://www.amazon.com/dp/B097SPH6P7,B097SPH6P7,"Ukulele Tab Sheets: Premium Fire Rescue Cover | Ukulele Chord Diagrams / Blank Ukulele Tablature Notebook | 120 Pages | Size 6""x9"" by Kristina Schulz",Kristina Schulz,Paperback,"Jun 19, 2021",
0,https://www.amazon.com/dp/B097SLXSJQ,B097SLXSJQ,"Music Writing Notebook For Kids, Music Theory book, Blank Sheet Music Notebook, Wide Staff Blank Manuscript Paper, staff Paper Notebook",Notable Nook,Paperback,"Jun 19, 2021",
0,https://www.amazon.com/dp/B097DPFRRW,B097DPFRRW,"Guitar Tab Notebook: Guitar Tabs Notebook Teeth Cover, Amazing Learn Guitar Tabs Notebook For Adults of All Ages | 120 Pages - Size 6"" x 9"" by Helmuth Dittrich",Helmuth Dittrich,Paperback,"Jun 19, 2021",
0,https://www.amazon.com/dp/B09764GB6D,B09764GB6D,"Guitar Tab Notebook: Premium Rhombus Cover Guitar Tab Notebook, Music Paper Notebook, Blank Guitar Tablature Music Note, 120 Pages - Size 6"" x 9"" by Lore Heil",Lore Heil,Paperback,"Jun 19, 2021",
0,https://www.amazon.com/dp/B097DP2397,B097DP2397,Blank Sheet Music Notebook,Eldar Ramizov,Paperback,"Jun 18, 2021",
0,https://www.amazon.com/dp/B097DM5V71,B097DM5V71,"Guitar Tab Notebook: Premium Stripes Cover Guitar Tab Notebook, Music Paper Notebook, Blank Guitar Tablature Music Note, 120 Pages - Size 6"" x 9"" by Anatoli Ruf",Anatoli Ruf,Paperback,"Jun 18, 2021",
0,https://www.amazon.com/dp/B097DJX12Z,B097DJX12Z,"Ukulele Tab Sheets: Floral Ukulele Tab Sheets, Ukulele Chord Diagrams / Blank Ukulele Tablature Notebook, 120 Pages, Size 6""x9"" by Denis Falk",Denis Falk,Paperback,"Jun 18, 2021",
0,https://www.amazon.com/dp/B098JVZQN9,B098JVZQN9,Sh$t Just Got Real Now keep the Budget in ✔️: Wedding Budget,Julie  A Dean,Paperback,"Jun 29, 2021",
0,https://www.amazon.com/dp/B098GT2NFT,B098GT2NFT,"Guest Book: Wedding Guest Book For Memorail /Wedding Party /Guest Sign In/Messages Book /Advice /Events, Wedding Anniversary and More 200+ Guests",Patsadasiri Grace,Paperback,"Jun 28, 2021",
0,https://www.amazon.com/dp/B098JH1B1T,B098JH1B1T,Bridal Shower Guest Book: Green Plants Bridal Shower Book And Gift Log,Wavy Ocean Press,Paperback,"Jun 27, 2021",
0,https://www.amazon.com/dp/B098GSRSD1,B098GSRSD1,EPIC WIFE SINCE 2001: Spécial Wedding Anniversary Notebook Gift for Wife,gifts publishing,Paperback,"Jun 26, 2021",
0,https://www.amazon.com/dp/B098GSRSCZ,B098GSRSCZ,EPIC WIFE SINCE 1980: Spécial Wedding Anniversary Notebook Gift for Wife,gifts publishing,Paperback,"Jun 26, 2021",
0,https://www.amazon.com/dp/B0988PPXNN,B0988PPXNN,Just Married: Wedding Guest Book,Dayo Divine,Paperback,"Jun 25, 2021",
0,https://www.amazon.com/dp/B0982M5RR1,B0982M5RR1,"Celebrating 5 Years Of Love And Marriage: 5th couple wedding anniversary gift for both, her and him, lined Notebook, 100 pages, 6 in x 9 in (15.2 x 22.9 cm)",FTWeddingGifts Publishing,Paperback,"Jun 24, 2021",
2,https://www.amazon.com/dp/B0982M5RNS,B0982M5RNS,"26 Years Of Marriage: Funny 26th couple wedding anniversary gift for both, her and him, lined Notebook, 100 pages, 6 in x 9 in (15.2 x 22.9 cm)",FTWeddingGifts Publishing,Paperback,"Jun 24, 2021",
0,https://www.amazon.com/dp/B097XFQ3XR,B097XFQ3XR,"Mrs and Mrs Wedding Planner Notebook, Mrs & Mrs, Same Sex couple Wedding Planner: 6x9"", 120 pages, Blank Lined Pages",Wedding Publishing Co,Paperback,"Jun 23, 2021",
0,https://www.amazon.com/dp/B098W8PLB2,B098W8PLB2,Daily Planner 4th of July: Think Positive Start Doing,C Johnpaul Osuji,Paperback,"Jun 29, 2021",
0,https://www.amazon.com/dp/B098H61SVM,B098H61SVM,"Daily Task Notebook: To-Do List Planner & Checklist Productivity Journal Undated to Organize Daily Schedule & Appointments, Track Priority, & Time ... with Meal Tracker & Self-Care for Women & Men",Creative Simple Press,Paperback,"Jun 29, 2021",
0,https://www.amazon.com/dp/B098GT2VQQ,B098GT2VQQ,Gratitude Journal: Daily Writing Affirmations,Prose & Concepts,Paperback,"Jun 29, 2021",
0,https://www.amazon.com/dp/B098GSRST1,B098GSRST1,Fae or Nay: (Green) Fae or Nay: Fantasy Reading Log | ACOTAR Inspired Reading Journal | Fae Loving Fan | Book Tracker | 120 Pages,Ashley Dioguardi,Paperback,"Jun 30, 2021",
0,https://www.amazon.com/dp/B0991LHYRB,B0991LHYRB,You Lucky Dog ! - A journal for dog lovers with 118 lined pages.: Notebook for anyone who loves dogs - with cute dog illustrations on every page.,LoveThyPaper Company,Paperback,"Jun 30, 2021",
0,https://www.amazon.com/dp/B09918FPG5,B09918FPG5,Weekly Planner: High Performance,Wisdom Seekers Wisdom Seekers Gideon G F,Paperback,"Jun 30, 2021",
0,https://www.amazon.com/dp/B098RWK7XM,B098RWK7XM,Notebook,Nancy Notes,Paperback,"Jun 30, 2021",
0,https://www.amazon.com/dp/B098JVZQY8,B098JVZQY8,"Never Underestimate An Old woman With A Pomeranian Notebook: A Notebook, Journal Or Diary For True Pomeranian Lover - 6 x 9 inches, College Ruled Lined Paper, 120 Pages",Pomeranian Co,Paperback,"Jun 30, 2021",
0,https://www.amazon.com/dp/B098JVZQV2,B098JVZQV2,Blood Sugar Diary Log Book: Daily Diabetes Logbook to Help You Keep Track of Your Blood Glucose Level for 2 Years (Horizontal Format),White Cactus,Paperback,"Jun 30, 2021",
0,https://www.amazon.com/dp/B098JVZQSJ,B098JVZQSJ,"Race Car 2nd Birthday: Journal / Notebook / Diary, 120 Blank Lined Pages, 6 x 9 inches, Matte Finish Cover, Great Gift For Kids And Adults",Celina Carter,Paperback,"Jun 30, 2021",
0,https://www.amazon.com/dp/B098JVZQJF,B098JVZQJF,"Sloth notebook: College Ruled: Sloths Large Notebook, School Notebooks, Sloths Cover / 110 Wide Lined Pages for Kids Girls Students",Mç_Ya,Paperback,"Jun 30, 2021",
0,https://www.amazon.com/dp/B098JVZ9CW,B098JVZ9CW,"Summer Scenes Coloring Book: An Adult Coloring Book Featuring Beautiful Seascapes,Sea Animals, Sunsets and Beach Vacation Scenes And Much More For Relieving Stress & Relaxation",Az Art,Paperback,"Jun 30, 2021",
0,https://www.amazon.com/dp/B098JL3XFG,B098JL3XFG,"Gardening Log Book: Journal & Chart Record Book Tracker for Plants Project with Numbered Pages & Garden Layout Planner: Track Water Requirement, ... & Garden Lovers Women Or Men (Vintage)",Katie Jaimes,Paperback,"Jun 30, 2021",
0,https://www.amazon.com/dp/B098JL3X52,B098JL3X52,"Guest Book: Guest Book Cat Lovers Cover , Guest book for Your Birthday Party, Anniversary, Bridal Shower, Visitors - 150 Pages, Size 8.25"" x 6"" by Simone Bach",Simone Bach,Paperback,"Jun 30, 2021",
0,https://www.amazon.com/dp/B098JL3X4G,B098JL3X4G,Horse Health Record journal: Pet Vaccination Log - A Rider's Journal - Horse Keeping - Veterinary Medicine - A Horse Health Care Log and Record Keeping Book ( gift For horse owners ),dana light,Paperback,"Jun 30, 2021",
0,https://www.amazon.com/dp/B098GYTB2S,B098GYTB2S,Home Project Journal,Ambiance and Atmosphere,Paperback,"Jun 30, 2021",
0,https://www.amazon.com/dp/B098GX2994,B098GX2994,My Adult Coloring Book,Wendi B,Paperback,"Jun 30, 2021",
0,https://www.amazon.com/dp/B098GTZZXT,B098GTZZXT,I'M UNBREAKABLE: A JOURNAL WITH A POSITIVE TALK COVER: TO CREATE A HAPPY AND POSITIVE MIND,NOR NAJIBAH MUSTAFA,Paperback,"Jun 30, 2021",
0,https://www.amazon.com/dp/B098GTZZT5,B098GTZZT5,Notebook: Notebook,Bree Drinkwater,Paperback,"Jun 30, 2021",
0,https://www.amazon.com/dp/B098GT2VQR,B098GT2VQR,My Little Journal: Nature journal/notebook ruled,Marie Creations,Paperback,"Jun 30, 2021",
0,https://www.amazon.com/dp/B098GT2V8K,B098GT2V8K,"SWAN NOTEBOOK: Cute Swan Notebook Journal For Men, Women, Girls And Boys. Best Birthday And Thanksgiving Gift For Swan Lovers. Funny Lined Notebook ... Diary And Taking Notes,120 pages,6 x 9 in.",Amine for more,Paperback,"Jun 30, 2021",
0,https://www.amazon.com/dp/B098GT2SS4,B098GT2SS4,"ENJOY YOUR LIFE IT'S JUST ONE: Nice Notebook Journal Gift for loved ones, Blank lined Notebook 120 pages Size 6""X9""",LOVELYMIX Notebooks,Paperback,"Jun 30, 2021",
0,https://www.amazon.com/dp/B098GT2FDX,B098GT2FDX,"Garden Journal: Garden Journal Triangle Cover, Gardening Planner, Garden Diary and Record Book | 120 Pages, Size 8"" x 10"" Triangle Cover Design by Milan Jordan",Milan Jordan,Paperback,"Jun 30, 2021",
0,https://www.amazon.com/dp/B098GT2FD5,B098GT2FD5,Dog Training Notebook,Write Away,Paperback,"Jun 30, 2021",
0,https://www.amazon.com/dp/B098GT2CVG,B098GT2CVG,"Blank Comic Book: Crabs Cover Blank Comic Book, Create Your Own Story, Journal, Notebook, Sketchbook for Kids and Adults, 120 Pages - Size 8.5"" x 11"" Notebook by Marina Hohmann",Marina Hohmann,Paperback,"Jun 30, 2021",
0,https://www.amazon.com/dp/B098GSRSZR,B098GSRSZR,Frenchie Owner's Manual: Logbook & Journal To Keep Track of Your Pooch,Heckabes Pets,Paperback,"Jun 30, 2021",
0,https://www.amazon.com/dp/B098GSRSZ7,B098GSRSZ7,"Composition notebook: Cute dogs Design Large ,8.5 x 11 Journal 120 pages, For Students, Teachers To Write In School",Name soubaa,Paperback,"Jun 30, 2021",
0,https://www.amazon.com/dp/B098GSRSRF,B098GSRSRF,"Blank Art Book Sketchbook: Excellent 100 All Blank Framed White Pages. Perfect For Fashion Design, Drawing, Sketching, Doodling, Painting, and Tattooists.",Robert Nova,Paperback,"Jun 30, 2021",
0,https://www.amazon.com/dp/B098GSRSRD,B098GSRSRD,"Blank Art Book Sketchbook: Excellent 100 All Blank Framed White Pages. Perfect For Fashion Design, Drawing, Sketching, Doodling, Painting, and Tattooists.",Robert Nova,Paperback,"Jun 30, 2021",
0,https://www.amazon.com/dp/B098GSRSNB,B098GSRSNB,Animal Notebook: Journal for Girls Kids & Women to Write In & Doodle: Large Notebook with 100 Lined and Blank Pages ( animal Notebooks for Kids),animal world,Paperback,"Jun 30, 2021",
0,https://www.amazon.com/dp/B098GSRSH4,B098GSRSH4,"Carrot Graph Paper: Cute Carrot Graph Paper Composition, Grid Paper Notebook, Quad Ruled, 4x4 Quad Rule - 8.5"" x 11"" Inches",Carrot Graph Paper Publishing,Paperback,"Jun 30, 2021",
0,https://www.amazon.com/dp/B098GSRSDP,B098GSRSDP,"Guest Book: Guest Book Tyrannosaurus Cover, Birthday, Bridal Shower, Wedding, Baby Shower And Anniversary | 150 Pages, Size 8.25""x6"" by Burkhard Funk",Burkhard Funk,Paperback,"Jun 30, 2021",
0,https://www.amazon.com/dp/B098GSRS81,B098GSRS81,"It's a Feng Shui Thing | Notebook, journal, diary | 100 lined pages | Paperback | Dimension 6x9 inches: Feng Shui Book | Feng Shui Gifts | Chinese Geomancy | Interior Design |",Right Here,Paperback,"Jun 30, 2021",
0,https://www.amazon.com/dp/B098GSRS3K,B098GSRS3K,"Password Book , Book Cover Blue , Password Log Book , Size 5"" x 8"": 100 Page",NTW T.,Paperback,"Jun 30, 2021",
0,https://www.amazon.com/dp/B098GSP89S,B098GSP89S,"learn to trace letters for 3 year old: Learn To Trace Letters/ Preschool writing workbook for Pre K, Kindergarten and Kids 3+ / engaging cursive ... ,Ruled collages in a very professional way",kevin booksnote,Paperback,"Jun 30, 2021",
0,https://www.amazon.com/dp/B098GSP86M,B098GSP86M,"Sketch Book: Large Notebook for Drawing, Doodling or Sketching, 120 Pages, 8.5x11 (Premium Abstract Cover vol.2): Sketch Book: Notebook for Drawing, ... Sketching or Doodling, 120 Pages, 8.5x11",Ahmad Elhorma,Paperback,"Jun 30, 2021",
0,https://www.amazon.com/dp/B098GJDHNN,B098GJDHNN,"I'M LOCO FOR THE ARTS! - Blank Sketch Book: Sketching, Creative Drawing, Painting, Coloring, and Doodling on white paper. 145 page 8.5 x 11 inches Large.",Shella E Stephens,Paperback,"Jun 30, 2021",
0,https://www.amazon.com/dp/B098GJDHK9,B098GJDHK9,"Autograph Book: Camouflage Cover | Signatures Blank Scrapbook, Blank Unlined Keepsake, Keepsake Memory Book, Size 8.25"" x 6"" By Magdalena Seiler",Magdalena Seiler,Paperback,"Jun 30, 2021",
0,https://www.amazon.com/dp/B098GJDHBH,B098GJDHBH,"Guppy Care Notebook: Customized Compact Guppy Aquarium Log Book, Thoroughly Formatted, Great For Tracking & Scheduling Routine Maintenance, Including ... Fish Health & Much More (120 Pages)",FishCraze Books,Paperback,"Jun 30, 2021",
0,https://www.amazon.com/dp/B098GJDH99,B098GJDH99,"Guest Book: Guest Book Citrus Fruits Cover, Birthday, Bridal Shower, Wedding, Baby Shower And Anniversary | 150 Pages, Size 8.25""x6"" by Bodo Sander",Bodo Sander,Paperback,"Jun 30, 2021",
0,https://www.amazon.com/dp/B098GJDH8Z,B098GJDH8Z,"Pinup Vintage ‘Love, Mariette’ Notebook/Journal: Beautiful Colorful Cover Notebook For Taking Notes And Journaling",Funky Notes,Paperback,"Jun 30, 2021",
0,https://www.amazon.com/dp/B098GJDH7M,B098GJDH7M,"Photo Album: Large Photo Albums with Writing Space Memo, Extra Large Capacity Picture Album | Premium Triangles Cover by Konstanze Fleischmann",Konstanze Fleischmann,Paperback,"Jun 30, 2021",
0,https://www.amazon.com/dp/B098GJDH7C,B098GJDH7C,Cutting Horse 2022 Planner Four Hooves Move The Soul Live For The Ride: Western Cutting Horse Weekly Planner 2022 Year Day Planner Calendar- ... Book - Weekly Planner for Women and Men,Loera Publishing,Paperback,"Jun 30, 2021",
0,https://www.amazon.com/dp/B098GJDH14,B098GJDH14,"Blank Comic Book: Cute Monster Cover, Create Your Own Story, Journal, Notebook, Sketchbook for Kids and Adults, 120 Pages - Size 8.5"" x 11"" Notebook by Georg Sauer",Georg Sauer,Paperback,"Jun 30, 2021",
0,https://www.amazon.com/dp/B098G94WYP,B098G94WYP,"Guppy Care Journal: Guppy Fish Keeper Maintenance Tracker Notebook For All Your Aquarium Needs. Great For Logging Water Testing, Water Changes, And Overall Fish Observations.",FishCraze Books,Paperback,"Jun 30, 2021",
0,https://www.amazon.com/dp/B098G94WL4,B098G94WL4,Notebook,Miss Michelle Lee Hinkle,Paperback,"Jun 30, 2021",
1,https://www.amazon.com/dp/B098G94RDN,B098G94RDN,Romantic Mermaid Coloring Book for Adults: Romantic Mermaids Adults Coloring Book ( Coloring Book 120 Pages),Note Book Store,Paperback,"Jun 30, 2021",
4,https://www.amazon.com/dp/B098D1PFR8,B098D1PFR8,Phantom Of The Opera Coloring Book: A Cool Coloring Book With Many Illustrations Of Phantom Of The Opera For Fans of All Ages To Relax And Relieve Stress.,Silvia Kuhne,Paperback,"Jun 29, 2021",
0,https://www.amazon.com/dp/163746522X,163746522X,Discovering Your Individual Worth: Helping Teens Find More Personal Peace,Andrew T Wright,Paperback,"Jun 30, 2021",
0,https://www.amazon.com/dp/B098JVZQWM,B098JVZQWM,"Daily Planner for Anselmo | 6x9 inches | 120 pages: Daily Planner Paperback without date for planning, organize plan with specific name",HOWARD E. Bruner,Paperback,"Jun 30, 2021",
0,https://www.amazon.com/dp/B098JVZQV3,B098JVZQV3,"Sketchbook Notebook: Beautiful art cover and blank, white paper for sketching, writing, drawing and doodling. | Art edition aqua #6 | 120 pages | 6 x 9",Helmutsson Publishing,Paperback,"Jun 30, 2021",
0,https://www.amazon.com/dp/B098JVZQDW,B098JVZQDW,Hexagonal Graph Paper - I pay my bills my bills are paid funny,Emmy Kasuboski,Paperback,"Jun 30, 2021",
0,https://www.amazon.com/dp/B098GT2SRF,B098GT2SRF,"2022-2024 Monthly Planner 3 Years-Dream It, Believe It, Achieve It: 36 Months Yearly Planner Monthly Calendar, Agenda Schedule Organizer and ... years planner with 87 colored pages size 6x9",elhirch edition,Paperback,"Jun 30, 2021",
0,https://www.amazon.com/dp/B098GT2F99,B098GT2F99,"Rainbow Unicorn: Orange Blue Color Cover | Journal and Sketchbook | Composition Size (8.5""x 11"") With Lined and Blank Pages | Perfect for Journal, ... and Notes: Unicorn Journal and Sketchbook",Try To Explore,Paperback,"Jun 30, 2021",
0,https://www.amazon.com/dp/B098GSRSMK,B098GSRSMK,Notebook: Graffiti Art Caution Sign; 6x9 with 100 college ruled pages,Carisa Sandridge,Paperback,"Jun 30, 2021",
0,https://www.amazon.com/dp/B098GSP8MN,B098GSP8MN,"Rainbow Unicorn: Iris Blue Color Cover | Journal and Sketchbook | Composition Size (8.5""x 11"") With Lined and Blank Pages | Perfect for Journal, ... and Notes: Unicorn Journal and Sketchbook",Try To Explore,Paperback,"Jun 30, 2021",
0,https://www.amazon.com/dp/B098GSP8M4,B098GSP8M4,Dinosaur Era - Primary Story Journal: Dotted Midline and Picture Space | Grades K-2 School Exercise Book | 120 Story Pages - Blue (Kids Jurassic Composition Notebooks),G Jimin,Paperback,"Jun 30, 2021",
0,https://www.amazon.com/dp/B098GSP8KP,B098GSP8KP,"Rainbow Unicorn: Cerulean Color Cover | Journal and Sketchbook | Composition Size (8.5""x 11"") With Lined and Blank Pages | Perfect for Journal, ... and Notes: Unicorn Journal and Sketchbook",Try To Explore,Paperback,"Jun 30, 2021",
0,https://www.amazon.com/dp/B098GSP8KG,B098GSP8KG,"Rainbow Unicorn: Eclipse Color Cover | Journal and Sketchbook | Composition Size (8.5""x 11"") With Lined and Blank Pages | Perfect for Journal, ... and Notes: Unicorn Journal and Sketchbook",Try To Explore,Paperback,"Jun 30, 2021",
0,https://www.amazon.com/dp/B098GSP8JN,B098GSP8JN,Notebook: Yellow Green Cover - Size (6 x 9 inches) 120 Pages: Lined Paper: Yellow Green Color Lined Journal Paperback Notebook 120 page,Flower,Paperback,"Jun 30, 2021",
0,https://www.amazon.com/dp/B098GSP854,B098GSP854,"Sketch Book: Best blank white pages with premium art paint multicolor cover for painting, drawing, writing, sketching and doodling, wide papers 8.5 x 11 boys, girls, fathers, mothers, children",Ravi kataria,Paperback,"Jun 30, 2021",
0,https://www.amazon.com/dp/B098GJDHV7,B098GJDHV7,BLANK COMIC STRIP TEMPLATES 121 PAGES: DRAW YOUR OWN STORIES! WOW! 60 DIFFERENT TEMPLATES! BOING!,Ms Ruth Ann Nielsen,Paperback,"Jun 30, 2021",
0,https://www.amazon.com/dp/B098GJDHFF,B098GJDHFF,Storyboard Notebook: Cinema Notebooks for Cinema Artists / Notebook Sketchbook Template Panel Pages for Storytelling | Layouts: 120 Pages with Size ... | Marbled Golden Cover by Konstanze Schilling,Konstanze Schilling,Paperback,"Jun 30, 2021",
0,https://www.amazon.com/dp/B098G94WY7,B098G94WY7,Notebook,Diana Selim,Paperback,"Jun 30, 2021",
0,https://www.amazon.com/dp/B098G94WWZ,B098G94WWZ,Leopard Print Sketchbook: 108 Blank Pages | Large Size (8.5 x 11 inch),HB ART,Paperback,"Jun 30, 2021",
0,https://www.amazon.com/dp/B098G94WDQ,B098G94WDQ,"notebook: notebook blue moon light , 100 white paper notebleed in 6 x9 insh",make haven,Paperback,"Jun 30, 2021",
0,https://www.amazon.com/dp/B098G94WDL,B098G94WDL,"Daily Planner for Arla | 6x9 inches | 120 pages: Daily Planner Paperback without date for planning, organize plan with specific name",HOWARD E. Bruner,Paperback,"Jun 30, 2021",
0,https://www.amazon.com/dp/B098G94W47,B098G94W47,"Daily Planner for Antonietta | 6x9 inches | 120 pages: Daily Planner Paperback without date for planning, organize plan with specific name",HOWARD E. Bruner,Paperback,"Jun 30, 2021",
0,https://www.amazon.com/dp/B098G94W3Y,B098G94W3Y,"Sketchbook Notebook: Beautiful art cover and blank, white paper for sketching, writing, drawing and doodling. | Art edition ink #7 | 120 pages | 6 x 9",Helmutsson Publishing,Paperback,"Jun 30, 2021",
0,https://www.amazon.com/dp/B098G94W3F,B098G94W3F,"Daily Planner for Anthoney | 6x9 inches | 120 pages: Daily Planner Paperback without date for planning, organize plan with specific name",HOWARD E. Bruner,Paperback,"Jun 30, 2021",
1,https://www.amazon.com/dp/B098GT2R8X,B098GT2R8X,"Calligraphy Practice Notebook - 150 Pages: Large Format - Calligraphy Practice Paper And Workbook For Lettering Artist , Beginners",ISRA Jack,Paperback,"Jun 29, 2021",
0,https://www.amazon.com/dp/B099C8QHGF,B099C8QHGF,Sudoku 17 volume 50: Sudoku puzzle the hardest volume 50 | a great gift for sudoku loving adults | the puzzles for the sudoku game expert | Proper Sudoku with only 17 clues,Meic Magnetisch,Paperback,"Jun 30, 2021",
0,https://www.amazon.com/dp/B099C52RHQ,B099C52RHQ,Sudoku 17 volume 11: Sudoku puzzle the hardest volume 11 | a great gift for sudoku loving adults | the puzzles for the sudoku game expert | Proper Sudoku with only 17 clues,Meic Magnetisch,Paperback,"Jun 30, 2021",
0,https://www.amazon.com/dp/B09919C44Z,B09919C44Z,"CHESS SCORE SHEET NOTEBOOK 120 SCORE PAGES: Large Chess Score Pads 120 games size 8.5""x11""",Fatima ZAHRA,Paperback,"Jun 30, 2021",
0,https://www.amazon.com/dp/B098L1MPNV,B098L1MPNV,EASY CROSSWORD PUZZLES FOR KIDS: A Fun and Challenging Puzzle Book,Alyssa C. Lancaster,Paperback,"Jun 30, 2021",
0,https://www.amazon.com/dp/B098JVZMR4,B098JVZMR4,Kid’s Crossword Puzzle Book: 101 Crossword Easy Puzzle Books,Corene J. Barta,Paperback,"Jun 30, 2021",
0,https://www.amazon.com/dp/B098GYTB2B,B098GYTB2B,"Bridal Shower Guest Book: Premium Flowers Cover Bridal Shower Guest Book, Bridal Shower Guest Book And Gift Recorder, 150 Pages, Size 8.25""x6"" by Monika Arndt",Monika Arndt,Paperback,"Jun 30, 2021",
0,https://www.amazon.com/dp/B098GX28VJ,B098GX28VJ,EASY CROSSWORD PUZZLES FOR KIDS: Hours of Fun for Ages 7 and Up,Emma M. Campos,Paperback,"Jun 30, 2021",
0,https://www.amazon.com/dp/B098GX28TR,B098GX28TR,EASY CROSSWORD PUZZLES FOR KIDS: BEST PUZZLE BOOK FOR AGES 8 AND UP,Judith R. Harvey,Paperback,"Jun 30, 2021",
0,https://www.amazon.com/dp/B098GX283F,B098GX283F,304 Rock hard number puzzles: Difficult Sudoku puzzles with answers,James Williams,Paperback,"Jun 30, 2021",
0,https://www.amazon.com/dp/B098GTZZYM,B098GTZZYM,To Do List Notebook - I Protect This Family,Emmy Kasuboski,Paperback,"Jun 30, 2021",
1,https://www.amazon.com/dp/B098GTZX5F,B098GTZX5F,CROSSWORDS FOR KIDS: 101 Large-Print Crossword Puzzle Book for kids,Kristin L. Wells,Paperback,"Jun 30, 2021",
0,https://www.amazon.com/dp/B098GT2VYR,B098GT2VYR,CHESS SCORE NOTEBOOK 200 GAMES: 90 MOVES (Algebraic Chess Notation Journal),david CHSS,Paperback,"Jun 30, 2021",
0,https://www.amazon.com/dp/B098GT2CCP,B098GT2CCP,A Queen Was Born In July - Happy Birthday to me: Birthday Lined Notebook/Journal. 110 Pages (6 x 9),Ibra Arts,Paperback,"Jun 30, 2021",
0,https://www.amazon.com/dp/B098GT2C5S,B098GT2C5S,"Bridal Shower Guest Book: Cute Panda Cover Bridal Shower Guest Book, Bridal Shower Guest Book And Gift Recorder, 150 Pages, Size 8.25""x6"" Design by Veit Weis",Veit Weis,Paperback,"Jun 30, 2021",
1,https://www.amazon.com/dp/B098GSP8RV,B098GSP8RV,ADULT JOKE BOOK FOR MEN: An Ideal Gag Gift for Men (or Very Nasty Women),Team Golfwell,Paperback,"Jun 30, 2021",
0,https://www.amazon.com/dp/B098GSP441,B098GSP441,EASY CROSSWORD PUZZLES FOR KIDS: Easy Puzzles to Entertain Your Brain,Mary B. Baldwin,Paperback,"Jun 30, 2021",
0,https://www.amazon.com/dp/B098GSP3WV,B098GSP3WV,Kid’s Crossword Puzzle Book: Hours of Fun for Ages 7 and Up,Blanca E. Markle,Paperback,"Jun 30, 2021",
0,https://www.amazon.com/dp/B098GJDHMB,B098GJDHMB,"Bridal Shower Guest Book: Premium Rainbow Watercolor Cover Bridal Shower Guest Book, Bridal Shower Guest Book And Gift Recorder, 150 Pages, Size 8.25""x6"" by Klaus Berg",Klaus Berg,Paperback,"Jun 30, 2021",
0,https://www.amazon.com/dp/B098GJDH4C,B098GJDH4C,"Abundant as Fuck Journal: Abundance Journal for Women, Manifesting Journal, Manifest that Shit, Law of Attraction, Boss Babe Gifts, Boss Babe Journal, ... Decor, Babe Notebook, Journal Yourself Rich",Abundant Babe,Paperback,"Jun 30, 2021",
0,https://www.amazon.com/dp/B098GJDBPZ,B098GJDBPZ,EASY CROSSWORD PUZZLES FOR KIDS: Challenging Puzzle Book,Christina C. Levine,Paperback,"Jun 30, 2021",
0,https://www.amazon.com/dp/B098G94RRK,B098G94RRK,CROSSWORDS FOR KIDS: 101 Crossword Easy Puzzle Books,Diana P. Franklin,Paperback,"Jun 30, 2021",
1,https://www.amazon.com/dp/B098GTZYQK,B098GTZYQK,"Bunco Score Sheets: 120 Bunco Score Pads.Bunco Score Cards for Bunco Dice game,with Size 6 x 9 inches (Bunco Score Book)",Is Sa,Paperback,"Jun 29, 2021",
1,https://www.amazon.com/dp/B098GSP2HN,B098GSP2HN,"Word Fill-In Puzzles, Volume 23: 100 Puzzles",Kooky Puzzle Lovers,Paperback,"Jun 29, 2021",
0,https://www.amazon.com/dp/B098GQSR5G,B098GQSR5G,Dear Jesus Journal,F. Robinson,Paperback,"Jun 30, 2021",
0,https://www.amazon.com/dp/B098GT2CTN,B098GT2CTN,"Yellow Flowers Notebook, College Ruled, 8.5"" X 11"", 120 Pages",Ward & Redbrake Herz & Seele,Paperback,"Jun 30, 2021",
0,https://www.amazon.com/dp/B096TN8RTL,B096TN8RTL,"Lindsey Name Gift Personalized Basketball Notebook Planner, To Do List Journal for Sport Lovers: Mom, Pretty, A5, Personalized, 6x9 inch, Daily ... cm, To Do List, 120 Pages, High Performance",Travis Garcia,Paperback,"Jun 7, 2021",
0,https://www.amazon.com/dp/B096TJMRWZ,B096TJMRWZ,"Leroy Name Gift Personalized Basketball Notebook Planner, To Do List Journal for Sport Lovers: Daily Journal, Pretty, 120 Pages, Mom, 6x9 inch, 5.24 ... High Performance, A5, To Do List",Travis Garcia,Paperback,"Jun 7, 2021",
5,https://www.amazon.com/dp/B09892L2MM,B09892L2MM,Business Building Blocks: Small Steps To Success,Gareth Johns,Paperback,"Jun 29, 2021",
0,https://www.amazon.com/dp/B098CP5S9S,B098CP5S9S,Monthly Planner Journal: Daily Weekly Monthly Planner Journal / Schedule / Planner Notebook / Calendar / All You Need,Atrium Publishers,Paperback,"Jun 26, 2021",
0,https://www.amazon.com/dp/B097XH55L7,B097XH55L7,Plant Manager: notes (HR & Business),PTY,Paperback,"Jun 22, 2021",
0,https://www.amazon.com/dp/B097CLLVD9,B097CLLVD9,Pink Watercolor Notebook,Miss Pink,Paperback,"Jun 17, 2021",
0,https://www.amazon.com/dp/B097551G3M,B097551G3M,"Social Media Planner: Plan, Track & Organize All Your Content Across Multiple Social Media Platforms To Achieve Your Business Goals.",Kirsty L Smith,Paperback,"Jun 14, 2021",
0,https://www.amazon.com/dp/B09745SSHR,B09745SSHR,Lesson Plans,Mark Hoskins,Paperback,"Jun 13, 2021",
0,https://www.amazon.com/dp/B096XQHQ68,B096XQHQ68,"Keyword Research Journal: Record Your Keywords for Blogs, Books or Anything on The Net",Kevin Stahl,Paperback,"Jun 11, 2021",
0,https://www.amazon.com/dp/B096TJDKXP,B096TJDKXP,My Daily Goals / A journey of a thousand miles begins with a single step: (A Productivity Journal) A Daily Goal Setting Planner and Organizer,Blue Ocean Asian arts,Paperback,"Jun 8, 2021",
0,https://www.amazon.com/dp/B096TQ8263,B096TQ8263,100 day goal journal / day goal planner for men / On the way to success / gratitude journal for men / gift for entrepreneurs men / 100 day goal planner for men / networkers / freelancers,LOVE & SOUL,Paperback,"Jun 3, 2021",
0,https://www.amazon.com/dp/B096LPS1H9,B096LPS1H9,"Change Your Mind & Change Your Results Notebook: Personal Notebook, Motivational Notebook, Journal, Diary (110 Pages, Blank, 6 x 9 )",Carlos Nadaje ForU,Paperback,"Jun 3, 2021",
1,https://www.amazon.com/dp/B096LMT7KF,B096LMT7KF,My 5 Years Blank Calender Planner / The reputation of a thousand years may be determined by the conduct of one hour: Planner No Date - Undated Planner ... 5 Year | Undated Calendar and Monthly Planner,Blue Ocean Asian Arts,Paperback,"Jun 2, 2021",
0,https://www.amazon.com/dp/B096LYPBG9,B096LYPBG9,My 5 Years Blank Calender Planner / Better a diamond with a flaw than a pebble without one: Planner No Date - Undated Planner and Journal for 60 Months - 5 Year | Undated Calendar and Monthly Planner,Blue Ocean Asian Arts,Paperback,"Jun 1, 2021",
0,https://www.amazon.com/dp/B096LYN6PZ,B096LYN6PZ,My 5 Years Blank Calender Planner / He who thinks too much about every step he takes will always stay on one leg: Planner No Date - Undated Planner ... 5 Year | Undated Calendar and Monthly Planner,Blue Ocean Asian Arts,Paperback,"Jun 1, 2021",
0,https://www.amazon.com/dp/B096LYN6NT,B096LYN6NT,My 5 Years Blank Calender Planner / Distant water does not put out a nearby fire: Planner No Date - Undated Planner and Journal for 60 Months - 5 Year | Undated Calendar and Monthly Planner,Blue Ocean Asian Arts,Paperback,"Jun 1, 2021",
0,https://www.amazon.com/dp/B0974HQ73C,B0974HQ73C,Project Planner Logbook: Work Organizer Project Management Notebook Track Personal Small And Medium Project - Schedule Task and Keep Tracker Of Activities - 6” x 9” 120 Pages,Nemo Creative Studio,Paperback,"Jun 13, 2021",
0,https://www.amazon.com/dp/B0974B197J,B0974B197J,Project Planner Logbook: Work Organizer Project Management Notebook Track Personal Small And Medium Project - Schedule Task and Keep Tracker Of Activities - 6” x 9” 120 Pages,Nemo Creative Studio,Paperback,"Jun 13, 2021",
0,https://www.amazon.com/dp/B09749N1C2,B09749N1C2,Project Planner Logbook: Work Organizer Project Management Notebook Track Personal Small And Medium Project - Schedule Task and Keep Tracker Of Activities - 6” x 9” 120 Pages,Nemo Creative Studio,Paperback,"Jun 13, 2021",
0,https://www.amazon.com/dp/B09743YCCS,B09743YCCS,Project Planner Logbook: Work Organizer Project Management Notebook Track Personal Small And Medium Project - Schedule Task and Keep Tracker Of Activities - 6” x 9” 120 Pages,Nemo Creative Studio,Paperback,"Jun 13, 2021",
0,https://www.amazon.com/dp/B097XB79K6,B097XB79K6,Direct Sales Small Business Planner: Monthly Undated log book for Network Marketing to Help Plan for a Successful Small Business,Ultimate Organizers and Things,Paperback,"Jun 22, 2021",
0,https://www.amazon.com/dp/B097BDXNFW,B097BDXNFW,"Password Log Book: Website Address with Alphabetical Tabs A to Z, Tropical Patterns Cover Design",Akila M. Ramses,Paperback,"Jun 17, 2021",
0,https://www.amazon.com/dp/334638263X,334638263X,International Expansion Strategy of NIVEA towards the South Korean Market,Valentina Weiß,Paperback,"Jun 16, 2021",
0,https://www.amazon.com/dp/334638229X,334638229X,When Customers Complain Illegitimately: Potential Countermeasures and Recommendations for Managers,Anonymous,Paperback,"Jun 16, 2021",
1,https://www.amazon.com/dp/B0974PJ1H1,B0974PJ1H1,Boss Babe: A blank lined notebook for a Girl Boss Entrepreneur office,Simply Unstuck,Paperback,"Jun 14, 2021",
0,https://www.amazon.com/dp/B096Y1CCZ8,B096Y1CCZ8,"Elementary Composition Notebook: Robot Composition Notebook: Robot Themed 100 pages Composition Notebook Wide Ruled. Ideal for Kids, Boys, Girls, ... Supplies, Teachers for Homework, Assignments",Little Weird Owl Publishing,Paperback,"Jun 11, 2021",
0,https://www.amazon.com/dp/B096Y17X9B,B096Y17X9B,"Elementary Composition Notebook: Robot Composition Notebook: Robot Themed 100 pages Composition Notebook Wide Ruled. Ideal for Kids, Boys, Girls, ... Supplies, Teachers for Homework, Assignments",Little Weird Owl Publishing,Paperback,"Jun 11, 2021",
0,https://www.amazon.com/dp/B096XV1DF1,B096XV1DF1,"Elementary Composition Notebook: Composition Notebook: Robot Themed 100 pages Composition Notebook Wide Ruled. Ideal for Kids, Boys, Girls, Teens, ... Supplies, Teachers for Homework, Assignments",Little Weird Owl Publishing,Paperback,"Jun 11, 2021",
0,https://www.amazon.com/dp/B096XPP2W2,B096XPP2W2,"Elementary Composition Notebook: Robot Composition Notebook: Robot Themed 100 pages Composition Notebook Wide Ruled. Ideal for Kids, Boys, Girls, ... Supplies, Teachers for Homework, Assignments",Little Weird Owl Publishing,Paperback,"Jun 11, 2021",
0,https://www.amazon.com/dp/B0971PJD1N,B0971PJD1N,"Complaints Log Book: 120 Pages| Log for your clients complaints, follow up and tracker customer, perfect log book for customer services, A4",NN BOOKS,Paperback,"Jun 11, 2021",
1,https://www.amazon.com/dp/B0978ZLTH6,B0978ZLTH6,Norm Estimations for Operator Valued Functions and Their Applications (Chapman & Hall/CRC Pure and Applied Mathematics),Michael Gil,Paperback,"Jun 30, 2021",
0,https://www.amazon.com/dp/B096KNWQG9,B096KNWQG9,Mathematical Models in the Biosciences I,Michael Frame,Paperback,"Jun 1, 2021",
1,https://www.amazon.com/dp/B097T628HJ,B097T628HJ,Generative Adversarial Networks for Image-to-Image Translation,Arun Solanki,Paperback,"Jun 22, 2021",
0,https://www.amazon.com/dp/B097R617C4,B097R617C4,Aquacultural Facilities and Equipment,Bimal Chandra Mal,Paperback,"Jun 19, 2021",
0,https://www.amazon.com/dp/B097L6Z7N9,B097L6Z7N9,Wind Forecasting in Railway Engineering,Hui Liu,Paperback,"Jun 17, 2021",
1,https://www.amazon.com/dp/B097DZ9NS3,B097DZ9NS3,"Introduction to Chemical Engineering Analysis Using Mathematica: for Chemists, Biotechnologists and Materials Scientists",Henry C. Foley,Paperback,"Jun 16, 2021",
2,https://www.amazon.com/dp/B08X13H3WF,B08X13H3WF,Engineering Drawing: Principles and Applications,Lakhwinder Pal Singh,Paperback,"Jun 10, 2021",
0,https://www.amazon.com/dp/B0954191VY,B0954191VY,Principles of The European Union Beyond Brexit (Concise Hornbook Series),Ralph H. Folsom,Paperback,"Jun 7, 2021",
3,https://www.amazon.com/dp/194483883X,194483883X,"Deaf People in the Criminal Justice System: Selected Topics on Advocacy, Incarceration, and Social Justice",Debra Guthmann,Hardcover,"Jun 30, 2021",
2,https://www.amazon.com/dp/B098GSRS46,B098GSRS46,Coloring The Alphabet: With Fun Pictures,Patrice Sullivan,Hardcover,"Jun 29, 2021",
0,https://www.amazon.com/dp/B098GJD8YC,B098GJD8YC,"Notebook: Write and Draw Story Paper Composition Journal for Kids No.7: Story writing notebook for kids with blank pages, picture spaces and lines, 100 pages - 8.5 x 11",Geo Mihalache,Hardcover,"Jun 28, 2021",
0,https://www.amazon.com/dp/B0989X2MB8,B0989X2MB8,Notebook: notebook journal for women lined paper ( size 8.5 x 11 inches 120 pages ),Mimit Elmossa,Hardcover,"Jun 26, 2021",
0,https://www.amazon.com/dp/B0986FWKGT,B0986FWKGT,Shark Composition Notebook Journal: 120 Pages 8.5x 11 Inches Black And White Ruled Notebook.,Triple A Bimyel Bouncing,Hardcover,"Jun 24, 2021",
0,https://www.amazon.com/dp/B097WZXW99,B097WZXW99,Greater Than Sudoku Level 5: Very Hard Vol. 14: Play Greater Than Sudoku 9x9 Nine Numbers Grid With Solutions Hard Level Volumes 1-40 Cross Sums ... Enjoy Challenge For All Ages Kids to Adults,Sophia Numerik,Hardcover,"Jun 24, 2021",
0,https://www.amazon.com/dp/303045455X,303045455X,Energy Internet: Systems and Applications,Ahmed F Zobaa,Hardcover,"Jun 19, 2021",
0,https://www.amazon.com/dp/B096Y4S82P,B096Y4S82P,Interview Notebook for Lady Recruiters - Daisy Design: A laptop may be a barrier between you and the candidates - keep your notes on paper,Geo Mihalache,Hardcover,"Jun 11, 2021",
0,https://www.amazon.com/dp/B098GMDCMV,B098GMDCMV,I'm With the Band: a marching band notebook,Library in the Woods,Hardcover,"Jun 28, 2021",
1,https://www.amazon.com/dp/103208586X,103208586X,Collective Securitisation and Security Governance in the European Union (West European Politics),Sonia Lucarelli,Hardcover,"Jun 30, 2021",
0,https://www.amazon.com/dp/B097MSVY4J,B097MSVY4J,Nonlinear Waves in Elastic Media,A.G. Kulikovskii,Hardcover,"Jun 30, 2021",
3,https://www.amazon.com/dp/B096L344P1,B096L344P1,"Human Sexuality: Biological, Psychological, and Cultural Perspectives",Anne Bolin,Hardcover,"Jun 30, 2021",
4,https://www.amazon.com/dp/B0933LWY7L,B0933LWY7L,Environmental Security: An Introduction,Peter Hough,Hardcover,"Jun 29, 2021",
3,https://www.amazon.com/dp/B096PLRRD9,B096PLRRD9,"Deaf People in the Criminal Justice System: Selected Topics on Advocacy, Incarceration, and Social Justice",Debra Guthmann,Hardcover,"Jun 30, 2021",
1,https://www.amazon.com/dp/B095CMMNSD,B095CMMNSD,An Introduction to the Digital Analysis of Stationary Signals: A Computer Illustrated Text,I.P Castro,Hardcover,"Jun 23, 2021",
2,https://www.amazon.com/dp/B097QY3STM,B097QY3STM,"Physical Chemistry of Metallurgical Processes, Second Edition (The Minerals, Metals & Materials Series)",Mohammad Shamsuddin,Hardcover,"Jun 22, 2021",
1,https://www.amazon.com/dp/B097QZC7GD,B097QZC7GD,"Control of Marine Vehicles (Springer Series on Naval Architecture, Marine Engineering, Shipbuilding and Shipping Book 9)",Karl Dietrich von Ellenrieder,Hardcover,"Jun 21, 2021",
0,https://www.amazon.com/dp/B097QY5XCM,B097QY5XCM,Mechanical Properties of Nanomaterials (Engineering Materials),Joshua Pelleg,Hardcover,"Jun 21, 2021",
1,https://www.amazon.com/dp/B097L5VNMW,B097L5VNMW,Mathematics and Mechanics - The Interplay: Volume I: The Basics,Luigi Morino,Hardcover,"Jun 19, 2021",
0,https://www.amazon.com/dp/B097L3QR81,B097L3QR81,Non-self-adjoint Schrödinger Operator with a Periodic Potential,Oktay Veliev,Hardcover,"Jun 19, 2021",
0,https://www.amazon.com/dp/B097LMCS87,B097LMCS87,Polymer Functionalized Graphene (Polymer Chemisrty),Arun Kumar Nandi,Hardcover,"Jun 18, 2021",
0,https://www.amazon.com/dp/B097H3J5V9,B097H3J5V9,The Thermodynamics of Phase and Reaction Equilibria,Ismail Tosun,Hardcover,"Jun 17, 2021",
1,https://www.amazon.com/dp/B092R137WN,B092R137WN,Dynamics of Multiphase Flows (Cambridge Series in Chemical Engineering),Chao Zhu,Hardcover,"Jun 17, 2021",
0,https://www.amazon.com/dp/B097D6SVX9,B097D6SVX9,Wavelets in Neuroscience (Springer Series in Synergetics),Alexander E. Hramov,Hardcover,"Jun 16, 2021",
0,https://www.amazon.com/dp/B097NJ4LV7,B097NJ4LV7,Biodiesel Technology and Applications,Inamuddin,Hardcover,"Jun 16, 2021",
0,https://www.amazon.com/dp/B09786VBD8,B09786VBD8,"Convergent Leadership-Divergent Exposures: Climate Change, Resilience, Vulnerabilities, and Ethics",Franco Oboni,Hardcover,"Jun 14, 2021",
0,https://www.amazon.com/dp/B09786RQBF,B09786RQBF,Polyhedral Methods in Geosciences (SEMA SIMAI Springer Series Book 27),Daniele Antonio Di Pietro,Hardcover,"Jun 14, 2021",
0,https://www.amazon.com/dp/B0975JLVVH,B0975JLVVH,Water Quality and Agriculture: Economics and Policy for Nonpoint Source Water Pollution (Palgrave Studies in Agricultural Economics and Food Policy),James Shortle,Hardcover,"Jun 12, 2021",
0,https://www.amazon.com/dp/B0975HPSCC,B0975HPSCC,"Recent Trends in Naval Engineering Research (STEAM-H: Science, Technology, Engineering, Agriculture, Mathematics & Health)",Anthony A. Ruffa,Hardcover,"Jun 12, 2021",
1,https://www.amazon.com/dp/B09743SPFR,B09743SPFR,Principles of Integrated Airborne Avionics (Springer Aerospace Technology),Igor Victorovich Avtin,Hardcover,"Jun 11, 2021",
0,https://www.amazon.com/dp/B0971WPF1X,B0971WPF1X,"Supercharge, Invasion, and Mudcake Growth in Downhole Applications (Advances in Petroleum Engineering)",Wilson C. Chin,Hardcover,"Jun 9, 2021",
1,https://www.amazon.com/dp/B097HNM2XK,B097HNM2XK,Debating Climate Law,Benoit Mayer,Hardcover,"Jun 24, 2021",
5,https://www.amazon.com/dp/B097G4JPB9,B097G4JPB9,Central and East European Politics: Changes and Challenges,Zsuzsa Csergo,Hardcover,"Jun 25, 2021",
0,https://www.amazon.com/dp/B096SP4N36,B096SP4N36,The Oxford Handbook of U.S. Education Law (Oxford Handbooks),Kristine L. Bowman,Hardcover,"Jun 22, 2021",
0,https://www.amazon.com/dp/B092R1TM91,B092R1TM91,European Union Corporate Tax Law (Cambridge Tax Law Series),Christiana H. J. I. Panayi,Hardcover,"Jun 17, 2021",
0,https://www.amazon.com/dp/B096KVLMRN,B096KVLMRN,Crafting Trade and Investment Accords for Sustainable Development: Athena's Treaties,Marie-Claire Cordonier Segger,Hardcover,"Jun 17, 2021",
0,https://www.amazon.com/dp/B097872YS3,B097872YS3,Challenges of International Law in the Asian Region: An Introduction,Vitit Muntarbhorn,Hardcover,"Jun 14, 2021",
1,https://www.amazon.com/dp/B095Z19R4Y,B095Z19R4Y,Authoritarian Liberalism and the Transformation of Modern Europe (Oxford Constitutional Theory),Michael A. Wilkinson,Hardcover,"Jun 10, 2021",
0,https://www.amazon.com/dp/B096HM7CNG,B096HM7CNG,Visibility and Control: Cameras and Certainty in Governing,Jeff Heydon,Hardcover,"Jun 10, 2021",
0,https://www.amazon.com/dp/B095KDNSXB,B095KDNSXB,Property Rights and Social Justice: Progressive Property in Action (Cambridge Studies in Constitutional Law),Rachael Walsh,Hardcover,"Jun 10, 2021",
0,https://www.amazon.com/dp/B09825H2V7,B09825H2V7,7 Great Customer Service Stories Of All Time To Melt Your Heart,Manish Nepal,Kindle,"Jun 27, 2021",
0,https://www.amazon.com/dp/B098CR95WM,B098CR95WM,Positive Affirmations,Anthony Rae,Kindle,"Jun 30, 2021",
0,https://www.amazon.com/dp/B0989X2MRW,B0989X2MRW,Brainwash your self into positivity: 101 Feel Good Mantras.,Lainani Sun,Kindle,"Jun 30, 2021",
1,https://www.amazon.com/dp/B0989VKSLV,B0989VKSLV,I'm Glad God Made Me a Big Brother,Dr.  GARNADETTE STUCKEY,Kindle,"Jun 30, 2021",
1,https://www.amazon.com/dp/103208779X,103208779X,Perspectives on the American Way of War,Thomas A. Marks,Kindle,"Jun 30, 2021",
1,https://www.amazon.com/dp/103209897X,103209897X,Archbishop Pole (The Archbishops of Canterbury Series),John Edwards,Kindle,"Jun 30, 2021",
3,https://www.amazon.com/dp/103208894X,103208894X,Bede and Time (Studies in Early Medieval Britain and Ireland),Máirín MacCarron,Kindle,"Jun 30, 2021",
1,https://www.amazon.com/dp/103208670X,103208670X,Perspectives on Early Islamic Mysticism (Routledge Sufi Series),Sara Sviri,Kindle,"Jun 30, 2021",
3,https://www.amazon.com/dp/103208331X,103208331X,"The Routledge Companion to Automobile Heritage, Culture, and Preservation",Barry L. Stiefel,Kindle,"Jun 30, 2021",
0,https://www.amazon.com/dp/103208491X,103208491X,Production of Locality in the Early Modern and Modern Age (Microhistories),Angelo Torre,Kindle,"Jun 30, 2021",
0,https://www.amazon.com/dp/103209902X,103209902X,John Moschos' Spiritual Meadow,Brenda Llewellyn Ihssen,Kindle,"Jun 30, 2021",
0,https://www.amazon.com/dp/103208796X,103208796X,The Construction of a National Socialist Europe during the Second World War (Routledge Studies in Second World War History),Raimund Bauer,Kindle,"Jun 30, 2021",
0,https://www.amazon.com/dp/103208572X,103208572X,Heritage Formation and the Senses in Post-Apartheid South Africa (Sensory Studies),Duane Jethro,Kindle,"Jun 30, 2021",
0,https://www.amazon.com/dp/103209186X,103209186X,Traces and Memories of Slavery in the Atlantic World (Routledge Studies in the History of the Americas),Lawrence Aje,Kindle,"Jun 30, 2021",
1,https://www.amazon.com/dp/103209236X,103209236X,"History, Hagiography and Biblical Exegesis (Variorum Collected Studies)",Jennifer O'Reilly,Kindle,"Jun 30, 2021",
1,https://www.amazon.com/dp/103209009X,103209009X,The Sense of Smell in the Middle Ages (Studies in Medieval History and Culture),Katelynn Robinson,Kindle,"Jun 30, 2021",
1,https://www.amazon.com/dp/161132372X,161132372X,Rock Art and Regional Identity,Jamie Hampson,Kindle,"Jun 30, 2021",
1,https://www.amazon.com/dp/103208510X,103208510X,Beyond Christian Hip Hop: A Move Towards Christians and Hip Hop (Routledge Studies in Hip Hop and Religion),Erika D. Gault,Kindle,"Jun 30, 2021",
2,https://www.amazon.com/dp/103209964X,103209964X,Mi'kmaq Landscapes (Vitality of Indigenous Religions),Anne-Christine Hornborg,Kindle,"Jun 30, 2021",
0,https://www.amazon.com/dp/103209639X,103209639X,Ornament and European Modernism (Routledge Research in Art History),Loretta Vandi,Kindle,"Jun 30, 2021",
0,https://www.amazon.com/dp/103208913X,103208913X,"Religion, Modernity, Globalisation (Routledge Studies in Religion)",François Gauthier,Kindle,"Jun 30, 2021",
1,https://www.amazon.com/dp/B0989VKSMW,B0989VKSMW,Fires in Centre County: 1829-1989,Harry Breon,Kindle,"Jun 30, 2021",
0,https://www.amazon.com/dp/103209947X,103209947X,"Volume 7, Tome I: Kierkegaard and his Danish Contemporaries - Philosophy, Politics and Social Theory (Kierkegaard Research: Sources, Reception and Resources)",Jon Stewart,Kindle,"Jun 30, 2021",
0,https://www.amazon.com/dp/103209446X,103209446X,Emma Goldman’s No-Conscription League and the First Amendment,Erika Pribanic-Smith,Kindle,"Jun 30, 2021",
0,https://www.amazon.com/dp/103209317X,103209317X,Children and Globalization (Routledge Studies in Cultural History),Hoda Mahmoudi,Kindle,"Jun 30, 2021",
0,https://www.amazon.com/dp/103209298X,103209298X,China in Australasia (Routledge Studies in the Modern History of Asia),James Beattie,Kindle,"Jun 30, 2021",
0,https://www.amazon.com/dp/103209091X,103209091X,The Charisma of Distant Places (Studies in Medieval History and Culture),Courtney Luckhardt,Kindle,"Jun 30, 2021",
0,https://www.amazon.com/dp/103209043X,103209043X,Forensic Narratives in Athenian Courts,Mike Edwards,Kindle,"Jun 30, 2021",
0,https://www.amazon.com/dp/103208927X,103208927X,Jerusalem Afflicted,Ken Tully,Kindle,"Jun 30, 2021",
0,https://www.amazon.com/dp/103208877X,103208877X,"Religion, Law, Politics and the State in Africa (ICLARS Series on Law and Religion)",Seth Tweneboah,Kindle,"Jun 30, 2021",
0,https://www.amazon.com/dp/103208829X,103208829X,Development In Modern Africa: Past and Present Perspectives (Global Africa),Martin S. Shanguhyia,Kindle,"Jun 30, 2021",
1,https://www.amazon.com/dp/103208703X,103208703X,The Dirty Secret of Early Modern Capitalism (Routledge Research in Early Modern History),Kees Boterbloem,Kindle,"Jun 30, 2021",
0,https://www.amazon.com/dp/103208538X,103208538X,Fieldwork in Modern Chinese History (The Historical Anthropology of Chinese Society Series),Thomas David DuBois,Kindle,"Jun 30, 2021",
0,https://www.amazon.com/dp/103208409X,103208409X,Intelligence on the Frontier Between State and Civil Society,Karen Lund Petersen,Kindle,"Jun 30, 2021",
0,https://www.amazon.com/dp/103208314X,103208314X,"The Global Perspective of Urban Labor in Mexico City, 1910–1929 (Routledge Studies in the History of the Americas)",Stephan Fender,Kindle,"Jun 30, 2021",
2,https://www.amazon.com/dp/103208832X,103208832X,"Museum Objects, Health and Healing (Routledge Research in Museum Studies)",Brenda Cowan,Kindle,"Jun 30, 2021",
0,https://www.amazon.com/dp/103209530X,103209530X,Understanding Community Economic Growth and Decline,Gerald L. Gordon,Kindle,"Jun 30, 2021",
0,https://www.amazon.com/dp/103208412X,103208412X,Neo-Hindutva,Edward Anderson,Kindle,"Jun 30, 2021",
1,https://www.amazon.com/dp/103209205X,103209205X,Authenticity and Teacher-Student Motivational Synergy,Richard Pinner,Kindle,"Jun 30, 2021",
0,https://www.amazon.com/dp/103208636X,103208636X,"Spatial Justice in the City (Space, Materiality and the Normative)",Sophie Watson,Kindle,"Jun 30, 2021",
0,https://www.amazon.com/dp/103209026X,103209026X,Performing Indigenous Identities on the Contemporary Australian Stage,Susanne Thurow,Kindle,"Jun 30, 2021",
1,https://www.amazon.com/dp/103209477X,103209477X,The Routledge Handbook of Translation and Philosophy (Routledge Handbooks in Translation and Interpreting Studies),J Piers Rawling,Kindle,"Jun 30, 2021",
2,https://www.amazon.com/dp/103209303X,103209303X,Leadership for Intellectual Disability Service,Fintan Sheerin,Kindle,"Jun 30, 2021",
0,https://www.amazon.com/dp/103209074X,103209074X,Englishes in English Language Teaching (Routledge Advances in Teaching English as an International Language Series),Marzieh Sadeghpour,Kindle,"Jun 30, 2021",
0,https://www.amazon.com/dp/103209365X,103209365X,Textual Data Science with R (Chapman & Hall/CRC Computer Science & Data Analysis),Mónica Bécue-Bertaut,Kindle,"Jun 30, 2021",
0,https://www.amazon.com/dp/103209124X,103209124X,Topics and Concepts in Literary Translation,Roberto A. Valdeón,Kindle,"Jun 30, 2021",
0,https://www.amazon.com/dp/103209012X,103209012X,Sino-Pakistani Relations (Routledge Contemporary Asia Series),Filippo Boni,Kindle,"Jun 30, 2021",
2,https://www.amazon.com/dp/103208605X,103208605X,Disability Hate Speech (Interdisciplinary Disability Studies),Mark Sherry,Kindle,"Jun 30, 2021",
0,https://www.amazon.com/dp/103208376X,103208376X,Nordic Gender Equality Policy in a Europeanisation Perspective (Global Gender),Knut Dørum,Kindle,"Jun 30, 2021",
0,https://www.amazon.com/dp/303040062X,303040062X,Partnerships for Livable Cities,Cor van Montfort,Kindle,"Jun 30, 2021",
0,https://www.amazon.com/dp/103209852X,103209852X,African American Culture and Society After Rodney King,Josephine Metcalf,Kindle,"Jun 30, 2021",
1,https://www.amazon.com/dp/103209561X,103209561X,"Narratives of Conflict, Belonging, and the State (Routledge Studies in Linguistic Anthropology)",Brigittine M. French,Kindle,"Jun 30, 2021",
0,https://www.amazon.com/dp/103209138X,103209138X,Digital Development in Korea (Routledge Advances in Korean Studies),Myung Oh,Kindle,"Jun 30, 2021",
0,https://www.amazon.com/dp/103208880X,103208880X,Super-Diversity in Everyday Life (Ethnic and Racial Studies),Jan Willem Duyvendak,Kindle,"Jun 30, 2021",
0,https://www.amazon.com/dp/103208782X,103208782X,"Music, Life, and Changing Times: Selected Correspondence Between British Composers Elizabeth Maconchy and Grace Williams, 1927–77",Sophie Fuller,Kindle,"Jun 30, 2021",
0,https://www.amazon.com/dp/103208751X,103208751X,Borderlands in European Gender Studies (Routledge Advances in Feminist Studies and Intersectionality),Teresa Kulawik,Kindle,"Jun 30, 2021",
0,https://www.amazon.com/dp/103208717X,103208717X,Human Rights and Drug Control: A New Perspective,Melissa Bone,Kindle,"Jun 30, 2021",
1,https://www.amazon.com/dp/103208684X,103208684X,Locating Heisei in Japanese Fiction and Film (Routledge Contemporary Japan Series),Marc Yamada,Kindle,"Jun 30, 2021",
1,https://www.amazon.com/dp/103208619X,103208619X,China's Quest for Innovation (Routledge Contemporary China Series),Shuanping Dai,Kindle,"Jun 30, 2021",
1,https://www.amazon.com/dp/103208474X,103208474X,"The Communicative Construction of Reality (Knowledge, Communication and Society)",Hubert Knoblauch,Kindle,"Jun 30, 2021",
1,https://www.amazon.com/dp/103208460X,103208460X,Science and Development in Thai and South Asian Buddhism (Routledge Contemporary Southeast Asia Series),David L Gosling,Kindle,"Jun 30, 2021",
1,https://www.amazon.com/dp/103208443X,103208443X,"Tuberculosis – The Singapore Experience, 1867–2018 (Routledge Studies in the Modern History of Asia)",Kah Seng Loh,Kindle,"Jun 30, 2021",
0,https://www.amazon.com/dp/103208362X,103208362X,"Men, Masculinities and the Care of Children",Martin Robb,Kindle,"Jun 30, 2021",
0,https://www.amazon.com/dp/103208359X,103208359X,Locating Value (Routledge Studies in Human Geography),Samantha Saville,Kindle,"Jun 30, 2021",
0,https://www.amazon.com/dp/103208328X,103208328X,Sexual Citizenship and Disability (Interdisciplinary Disability Studies),Julia Bahner,Kindle,"Jun 30, 2021",
0,https://www.amazon.com/dp/929262427X,929262427X,Smart Ports in the Pacific,Asian Development Bank,Kindle,"Jun 30, 2021",
0,https://www.amazon.com/dp/929262380X,929262380X,Green Finance Strategies for Post COVID-19 Economic Recovery in Southeast Asia: Greening Recoveries for Planet and People,Anouj Mehta,Kindle,"Jun 30, 2021",
0,https://www.amazon.com/dp/303046315X,303046315X,Dynamic Models and Inequality: The Role of the Market Mechanism in Economic Distribution (Contributions to Economics),Robin Maialeh,Kindle,"Jun 30, 2021",
0,https://www.amazon.com/dp/303073143X,303073143X,Market Interrelationships and Applied Demand Analysis: Bridging the Gap Between Theory and Empirics in Commodities Markets (Palgrave Textbooks in Agricultural Economics and Food Policy),Michael K. Wohlgenant,Kindle,"Jun 29, 2021",
0,https://www.amazon.com/dp/103209771X,103209771X,Soil Phosphorus (Advances in Soil Science),Rattan Lal,Kindle,"Jun 30, 2021",
0,https://www.amazon.com/dp/103209611X,103209611X,"Ethics and Security Automata (Emerging Technologies, Ethics and International Affairs)",Sean Welsh,Kindle,"Jun 30, 2021",
0,https://www.amazon.com/dp/103209172X,103209172X,Politics and Policies for Water Resources Management in India (Routledge Special Issues on Water Policy and Governance),M. Dinesh Kumar,Kindle,"Jun 30, 2021",
5,https://www.amazon.com/dp/B098GT2RGF,B098GT2RGF,Kindness Is All Around,Olga Venosa,Kindle,"Jun 30, 2021",
0,https://www.amazon.com/dp/B098GQSRJ8,B098GQSRJ8,Olivia: A Mystery Novel,Hampstead Heath Books HHB,Kindle,"Jun 30, 2021",
2,https://www.amazon.com/dp/B098DZPRYR,B098DZPRYR,ALBERTO'S NEW FRIEND,LUIS DEL ROSAL,Kindle,"Jun 30, 2021",
0,https://www.amazon.com/dp/B098CWY83F,B098CWY83F,THE KEE-TOE SAGA: BOOK FOUR OF TWENTY FOUR - PART FOUR,MR. KEITH JOSEPH NICKERSON I,Kindle,"Jun 30, 2021",
0,https://www.amazon.com/dp/B0988Y394B,B0988Y394B,Country Jumper in French Guiana (History for Kids),Claudia Dobson-Largie,Kindle,"Jun 29, 2021",
2,https://www.amazon.com/dp/B0988L4JRG,B0988L4JRG,Sebastian The Brave,Aleksandra Ristanovic,Kindle,"Jun 28, 2021",
0,https://www.amazon.com/dp/B097XFQ4Z3,B097XFQ4Z3,Snuggle Stays In,Maria Ruth Murphy,Kindle,"Jun 28, 2021",
2,https://www.amazon.com/dp/B0982M5RQ4,B0982M5RQ4,Fun in the sun,Shilpa Thotli,Kindle,"Jun 27, 2021",
4,https://www.amazon.com/dp/B0989X2M94,B0989X2M94,Would You Rather Summer Fun Edition: Fun and Crazy Questions For Kids And The Entire Family,Robin Riley,Kindle,"Jun 27, 2021",
0,https://www.amazon.com/dp/B099C14R7G,B099C14R7G,A Night At Royal Palace Hall: Hadro The Wondersaur (Cuddlesaur Adventures),Zave D,Kindle,"Jun 27, 2021",
2,https://www.amazon.com/dp/B097X7LXXR,B097X7LXXR,The Planet Jupiter for Kids: The English Reading Tree,Keith Goodman,Kindle,"Jun 27, 2021",
3,https://www.amazon.com/dp/B0982JF392,B0982JF392,My Body,Eve Heidi Bine-Stock,Kindle,"Jun 26, 2021",
0,https://www.amazon.com/dp/B0988QKKK6,B0988QKKK6,Our Best Day: Intro to J Ellington,Art Fuller,Kindle,"Jun 26, 2021",
5,https://www.amazon.com/dp/B0986B85XJ,B0986B85XJ,20 Moral Stories for Kids: New Unheard Short Stories,NADIM MOHAMMAD,Kindle,"Jun 26, 2021",
0,https://www.amazon.com/dp/B0981PL9N4,B0981PL9N4,I love all the colors of the rainbow,E Williamson,Kindle,"Jun 26, 2021",
1,https://www.amazon.com/dp/B097WZXWM7,B097WZXWM7,Yes You Can!: Everyone in class wants to be different things,Jennifer T. Deleon,Kindle,"Jun 26, 2021",
1,https://www.amazon.com/dp/B097XFPZ2W,B097XFPZ2W,Polly's Little Secret: And other fun stories... (Bahama Kidz Edu-Fun Books),Teri M. Bethel,Kindle,"Jun 25, 2021",
0,https://www.amazon.com/dp/B099BZWXC6,B099BZWXC6,Shirley's Lighthouse: A story for children who struggle with time away from their grown ups. A story book you can illustrate.,Krzysiek Młodzik,Kindle,"Jun 25, 2021",
4,https://www.amazon.com/dp/B097XB79P5,B097XB79P5,Prince Charm-Bin!: A Sugar and Blaze Adventure,Jenny York,Kindle,"Jun 25, 2021",
3,https://www.amazon.com/dp/B097XGSQNT,B097XGSQNT,Zoe's Dinosaur Book: The Great Adventures of Zoe,Thomas Bustos,Kindle,"Jun 24, 2021",
1,https://www.amazon.com/dp/B097XB79K4,B097XB79K4,I SPY With My Little Eye at the Zoo: Alphabet and picture matching puzzle book for kids 2-5 Years,Owl Books,Kindle,"Jun 24, 2021",
0,https://www.amazon.com/dp/B097X4R4S2,B097X4R4S2,Who is Behind the Face Mask?,read with Yuan,Kindle,"Jun 24, 2021",
4,https://www.amazon.com/dp/103209527X,103209527X,Project Management Lessons Learned,Mel Bost,Kindle,"Jun 30, 2021",
2,https://www.amazon.com/dp/103209916X,103209916X,Handbook of Wood Chemistry and Wood Composites,Roger M. Rowell,Kindle,"Jun 30, 2021",
1,https://www.amazon.com/dp/103208541X,103208541X,The Routledge Handbook on the Reception of Classical Architecture,Nicholas Temple,Kindle,"Jun 30, 2021",
0,https://www.amazon.com/dp/103209754X,103209754X,Bacterial Diseases of Crop Plants,Suresh G. Borkar,Kindle,"Jun 30, 2021",
2,https://www.amazon.com/dp/103209589X,103209589X,Artemisia annua,Tariq Aftab,Kindle,"Jun 30, 2021",
0,https://www.amazon.com/dp/103208748X,103208748X,Natural Language Understanding and Cognitive Robotics,Masao Yokota,Kindle,"Jun 30, 2021",
1,https://www.amazon.com/dp/103209818X,103209818X,"Social Robots (Emerging Technologies, Ethics and International Affairs)",Marco Nørskov,Kindle,"Jun 30, 2021",
1,https://www.amazon.com/dp/103209804X,103209804X,Applied Mathematics and Omics to Assess Crop Genetic Resources for Climate Change Adaptive Traits,Abdallah Bari,Kindle,"Jun 30, 2021",
1,https://www.amazon.com/dp/103209558X,103209558X,Design Examples for High Strength Steel Reinforced Concrete Columns,Sing-Ping Chiew,Kindle,"Jun 30, 2021",
0,https://www.amazon.com/dp/103209494X,103209494X,Sustainable Design and Construction in Africa (Spon Research),Oluwaseun Dosumu,Kindle,"Jun 30, 2021",
1,https://www.amazon.com/dp/103209429X,103209429X,Metabolic Adaptations in Plants During Abiotic Stress,Akula Ramakrishna,Kindle,"Jun 30, 2021",
0,https://www.amazon.com/dp/103209396X,103209396X,Approaches for Enhancing Abiotic Stress Tolerance in Plants: Profiling and CounterAction,Mirza Hasanuzzaman,Kindle,"Jun 30, 2021",
1,https://www.amazon.com/dp/103208734X,103208734X,Green Science and Technology,Enoch Y. Park,Kindle,"Jun 30, 2021",
0,https://www.amazon.com/dp/103208622X,103208622X,"Watershed Hydrology, Management and Modeling",Abrar Yousuf,Kindle,"Jun 30, 2021",
0,https://www.amazon.com/dp/103208426X,103208426X,Structured Glass-Fiber Catalysts,Andrey Zagoruiko,Kindle,"Jun 30, 2021",
0,https://www.amazon.com/dp/012823704X,012823704X,Fundamentals of Structural Dynamics,Zhihui Zhou,Kindle,"Jun 8, 2021",
0,https://www.amazon.com/dp/303046203X,303046203X,Wireless-Powered Backscatter Communications for Internet of Things,Furqan Jameel,Kindle,"Jun 27, 2021",
0,https://www.amazon.com/dp/B098C28QJC,B098C28QJC,The World Through the Eyes of a Tiny Figure: A Micro Journey,Freddie Moses,Kindle,"Jun 26, 2021",
0,https://www.amazon.com/dp/303048338X,303048338X,Groundwater Distribution in the Recharge Area of Ljubljanica Springs (Springer Theses),Matej Blatnik,Kindle,"Jun 26, 2021",
0,https://www.amazon.com/dp/303045973X,303045973X,Agriculturally Important Fungi for Sustainable Agriculture: Volume 1: Perspective for Diversity and Crop Productivity (Fungal Biology),Ajar Nath Yadav,Kindle,"Jun 26, 2021",
1,https://www.amazon.com/dp/B097XB7XSB,B097XB7XSB,"An Introduction to Metal Building, Exterior Insulation and Roofing Systems (Structural Engineering)",J.  Paul Guyer,Kindle,"Jun 25, 2021",
0,https://www.amazon.com/dp/B097XGSQD7,B097XGSQD7,Lean Techniques and Methods,Capital Core Consulting,Kindle,"Jun 25, 2021",
1,https://www.amazon.com/dp/303051322X,303051322X,Double Hierarchy Linguistic Term Set and Its Extensions: Theory and Applications (Studies in Fuzziness and Soft Computing),Xunjie Gou,Kindle,"Jun 24, 2021",
0,https://www.amazon.com/dp/012818101X,012818101X,Radiomics and Its Clinical Application: Artificial Intelligence and Medical Big Data (The MICCAI Society book Series),Jie Tian,Kindle,"Jun 18, 2021",
0,https://www.amazon.com/dp/012815165X,012815165X,Microbial Communities in Coastal Sediments: Structure and Functions,Salom Gnana Thanga Vincent,Kindle,"Jun 10, 2021",
0,https://www.amazon.com/dp/B097SLXSP3,B097SLXSP3,"An Introduction to Metal Stud, Precast Concrete and Stone Panel Building Wall Systems (Architecture)",J.  Paul Guyer,Kindle,"Jun 23, 2021",
0,https://www.amazon.com/dp/012822696X,012822696X,Green Sustainable Process for Chemical and Environmental Engineering and Science: Biosurfactants for the Bioremediation of Polluted Environments,Inamuddin,Kindle,"Jun 11, 2021",
0,https://www.amazon.com/dp/012818793X,012818793X,Sustainable Mega City Communities,Woodrow W. Clark II III,Kindle,"Jun 18, 2021",
0,https://www.amazon.com/dp/981153649X,981153649X,Strategic System Assurance and Business Analytics (Asset Analytics),P. K. Kapur,Kindle,"Jun 21, 2021",
0,https://www.amazon.com/dp/303041289X,303041289X,Science Informed Policing (Advanced Sciences and Technologies for Security Applications),Bryanna Fox,Kindle,"Jun 19, 2021",
2,https://www.amazon.com/dp/164283145X,164283145X,New Mobilities: Smart Planning for Emerging Transportation Technologies,Todd Litman,Kindle,"Jun 17, 2021",
0,https://www.amazon.com/dp/012822813X,012822813X,Power to Fuel: How to Speed Up a Hydrogen Economy,Giuseppe Spazzafumo,Kindle,"Jun 1, 2021",
0,https://www.amazon.com/dp/B0974VGBH1,B0974VGBH1,100 Questions to Pass Your DMV Written Driving Test in the United States: A complete collection of real questions for the theoretical driving test and driver's license.,Ricardo Ramirez,Kindle,"Jun 17, 2021",
0,https://www.amazon.com/dp/365829700X,365829700X,Vehicles of Tomorrow 2019: Concepts - Materials - Design (Proceedings),Johannes Liebl,Kindle,"Jun 17, 2021",
0,https://www.amazon.com/dp/303079167X,303079167X,Innovations in Mechatronics Engineering (Lecture Notes in Mechanical Engineering),José Machado,Kindle,"Jun 16, 2021",
2,https://www.amazon.com/dp/103208989X,103208989X,Essentials of Microservices Architecture,Chellammal Surianarayanan,Kindle,"Jun 30, 2021",
1,https://www.amazon.com/dp/B097B7MXQQ,B097B7MXQQ,Geography of Hymn Writers: Where to Visit Their Creative Spark,John Zehring,Kindle,"Jun 21, 2021",
0,https://www.amazon.com/dp/B0979YQHTS,B0979YQHTS,Modes of Heptatonic Scales-1: A complete guide to the modes of major and minor scales (Modes of Scales),Karan Mahajan,Kindle,"Jun 21, 2021",
2,https://www.amazon.com/dp/B0975XP98Y,B0975XP98Y,"Tango Piazzolla for Saxophone Quartet: 3 in 1 Book: Libertango, Oblivion, Adios Noinino",Astor Piazzolla,Kindle,"Jun 18, 2021",
0,https://www.amazon.com/dp/103209950X,103209950X,A Bibliographical Catalogue of Italian Books Printed in England 1558–1603 (Anglo-Italian Renaissance Studies),Soko Tomita,Kindle,"Jun 30, 2021",
1,https://www.amazon.com/dp/B098CX9Y5P,B098CX9Y5P,Space Bound: A Dragon Soul Press Anthology,J.E. Feldman,Kindle,"Jun 30, 2021",
2,https://www.amazon.com/dp/B098CRPD5T,B098CRPD5T,Falling Water: A dystopian climate change novel,Isa Marks,Kindle,"Jun 30, 2021",
2,https://www.amazon.com/dp/166281688X,166281688X,My Life with the Werewolf Girl,Sydney Wilder,Kindle,"Jun 30, 2021",
0,https://www.amazon.com/dp/103209088X,103209088X,Bodies and Transformance in Taiwanese Contemporary Theater,Peilin Liang,Kindle,"Jun 30, 2021",
3,https://www.amazon.com/dp/103209379X,103209379X,The Routledge Companion to Theatre of the Oppressed,Kelly Howe,Kindle,"Jun 30, 2021",
5,https://www.amazon.com/dp/B0CYD8R7ZQ,B0CYD8R7ZQ,Lone Wolf Pass: Matt and Jane,Teresa A Beeler,Kindle,"Jun 30, 2021",
0,https://www.amazon.com/dp/981156163X,981156163X,Measuring Development: An Inequality Dominance Approach (Themes in Economics),Asis Kumar Banerjee,Kindle,"Jun 25, 2021",
4,https://www.amazon.com/dp/B097BNPS2R,B097BNPS2R,"101 Secrets To Successful Entrepreneurship: Solve Burning Problems, Strategize Marketing Procedures, Deliver Better Customer Experience to Achieve Your Goal",DEBIPRASAD RAKSHIT,Kindle,"Jun 21, 2021",
1,https://www.amazon.com/dp/099451056X,099451056X,Power Marketing: An Aussie Guide to Business Growth,Jennifer Lancaster,Kindle,"Jun 24, 2021",
1,https://www.amazon.com/dp/B097485B4Z,B097485B4Z,Best Ways To Earn Money From Youtube 2021: SEO SECRETS,ABHI GYAN,Kindle,"Jun 16, 2021",
0,https://www.amazon.com/dp/B0971J8M2T,B0971J8M2T,"Point Blank: Extreme Close-Up of Celebrities, Corporates, Controversies & Concepts",Sandeep Goyal,Kindle,"Jun 16, 2021",
0,https://www.amazon.com/dp/B0989J854K,B0989J854K,Customer Service and You: Does Your Service Suck?,Tonia Lewis,Kindle,"Jun 29, 2021",
0,https://www.amazon.com/dp/B0982GSQ1T,B0982GSQ1T,Hobby Blogging Profits: turn your passion into profits,Paulo Vinicius  Jovencio,Kindle,"Jun 26, 2021",
0,https://www.amazon.com/dp/B098239YN4,B098239YN4,7 Great Customer Service Stories Of All Time To Melt Your Heart,Manish Nepal,Kindle,"Jun 26, 2021",
0,https://www.amazon.com/dp/B097YNC8JC,B097YNC8JC,How To Ace Your Customer Service: The Fundamentals!,Damian Kahn,Kindle,"Jun 24, 2021",
0,https://www.amazon.com/dp/B097D1JQGK,B097D1JQGK,"4 PROFITABLE BUSINESSES FOR BEGINNERS: Market Arbitrage, YouTube Cash Cow, Fiverr Freelancer, and Blogging Quick Start Guide",Graham Gus,Kindle,"Jun 16, 2021",
0,https://www.amazon.com/dp/B0976C94FS,B0976C94FS,Digital Platform Economy: The ally you need for a better understanding of the importance of digital platforms and how to use them to your advantage.,Diego Henrod,Kindle,"Jun 12, 2021",
0,https://www.amazon.com/dp/B08T99YQ8Y,B08T99YQ8Y,Developing Digital Marketing: Relationship Perspectives,Park Thaichon,Kindle,"Jun 11, 2021",
3,https://www.amazon.com/dp/B0923LFJN9,B0923LFJN9,Better Customer Service: Simple Rules You Can Apply Today,Edward C. Brewer,Kindle,"Jun 10, 2021",
5,https://www.amazon.com/dp/B098J6WCR1,B098J6WCR1,Insights from The Power of Habit by Charles Duhigg in 15 mins,Juggernaut,Kindle,"Jun 30, 2021",
1,https://www.amazon.com/dp/B098JJF661,B098JJF661,Insights from The Monk Who Sold His Ferrari by Robin Sharma‎ in 15 minutes,Juggernaut,Kindle,"Jun 30, 2021",
4,https://www.amazon.com/dp/B098FHT94D,B098FHT94D,The Finger Food Cookbook: Wonderful Recipes for Your Next Party or Gathering,Angel Burns,Kindle,"Jun 30, 2021",
2,https://www.amazon.com/dp/B098H9R5D4,B098H9R5D4,The German Diabetic Cookbook: The exotic taste of healthy food. For beginners and advanced and any diet,Mia Jones,Kindle,"Jun 30, 2021",
0,https://www.amazon.com/dp/B098DVBM1S,B098DVBM1S,The Ultimate Guide To Amish Baking: Recipes And Tips For Beginners: The Love Of Amish For Baking,Lurline Osburn,Kindle,"Jun 30, 2021",
3,https://www.amazon.com/dp/B098JDV9PX,B098JDV9PX,"HOMEMADE BREAD COOKBOOK: PART 1. Bread History, Bread recipes all over the world",Hans Meyer,Kindle,"Jun 30, 2021",
0,https://www.amazon.com/dp/B098H674ZH,B098H674ZH,100 Delicious Recipes for Diabetics: The exotic taste of healthy food. For beginners and advanced and any diet,Mia Jones,Kindle,"Jun 30, 2021",
2,https://www.amazon.com/dp/B098GJR518,B098GJR518,Weber's Steak: The grill recipes,Johnny Gray,Kindle,"Jun 30, 2021",
0,https://www.amazon.com/dp/B098GHC456,B098GHC456,Vegetarian Mediterranean And French Cookbook: 2 Books In 1: 150 Recipes For Healthy Vegetarian Diet And Dishes From France,Adele Tyler,Kindle,"Jun 30, 2021",
3,https://www.amazon.com/dp/B098GZS1ZT,B098GZS1ZT,"300+ kjv bible trivia. for adults and smart kids : Questions and answers from the holy bible, test your bible study knowledge, learn things about God and jesus that you did not know, fun family quiz",codi allan,Kindle,"Jun 30, 2021",
3,https://www.amazon.com/dp/B098BFC7RH,B098BFC7RH,Ramayan: English,Maharshi Valmiki,Kindle,"Jun 30, 2021",
0,https://www.amazon.com/dp/B09828KKQN,B09828KKQN,Lightning Strikes Twice,Carl  Mohler,Kindle,"Jun 26, 2021",
1,https://www.amazon.com/dp/B097QWSSC1,B097QWSSC1,"When Boat People were Resettled, 1975–1983: A Comparative History of European and Israeli Responses to the South-East Asian Refugee Crisis (Palgrave Studies in Migration History)",Becky Taylor,Kindle,"Jun 21, 2021",
5,https://www.amazon.com/dp/B096PPK8BF,B096PPK8BF,Fighting With Redemption,Lawrence E. Gootee,Kindle,"Jun 4, 2021",
0,https://www.amazon.com/dp/B096N6926M,B096N6926M,Defense Attache Office Saigon Quartery Report #8 75-3,Stephen Sherman,Kindle,"Jun 3, 2021",
1,https://www.amazon.com/dp/B096K47WG5,B096K47WG5,Australians In Vietnam War: Australians Tours Of Duty In South Vietnam: Discover Journey Of Duty Australians In South Vietnam,India Minar,Kindle,"Jun 2, 2021",
1,https://www.amazon.com/dp/B096KBGQXJ,B096KBGQXJ,Story Of Vietnam War: The Disrespect Of Australians: The Reason The Disrespect Of Australians To The Locals,Sebastian Savcedo,Kindle,"Jun 2, 2021",
0,https://www.amazon.com/dp/B096KB5JD8,B096KB5JD8,Journey Of Duty Australians In South Vietnam: The Reason The Disrespect Of Australians To The Locals: Doing Of Australians In South Vietnam 1965-71,Mary Bambaci,Kindle,"Jun 2, 2021",
1,https://www.amazon.com/dp/B098DTS1KP,B098DTS1KP,Multimodal Texts in Disciplinary Education: A Comprehensive Framework,Kristina Danielsson,Kindle,"Jun 30, 2021",
4,https://www.amazon.com/dp/B098DMRN1V,B098DMRN1V,The Elements of Big Data Value: Foundations of the Research and Innovation Ecosystem,Edward Curry,Kindle,"Jun 30, 2021",
4,https://www.amazon.com/dp/B098GM2LMQ,B098GM2LMQ,"Mho's Law Justifies Free Energy - Figures, Vol. 2 of 2: How to generate an endless supply of reactive power by emulating the behavior of spark gaps.",Vinyasi,Kindle,"Jun 30, 2021",
4,https://www.amazon.com/dp/B098FDSJF7,B098FDSJF7,Get Rich Selling White Powder: Learn the secrets of selling bee venom profitable,Ruben  Milton,Kindle,"Jun 30, 2021",
0,https://www.amazon.com/dp/B098D24LGP,B098D24LGP,Feedback Economics: Economic Modeling with System Dynamics (Contemporary Systems Thinking),Robert Y. Cavana,Kindle,"Jun 30, 2021",
0,https://www.amazon.com/dp/B099JKPMT6,B099JKPMT6,Ocean Currents: Physical Drivers in a Changing World,Robert Marsh,Kindle,"Jun 30, 2021",
1,https://www.amazon.com/dp/B098F8TDS1,B098F8TDS1,"Next Generation Sequencing & Platform Essentials in Brief: Notes on Sequencing Technology, Platform & Experimental Design Considerations (The NGS Shorts Book 1)",Swapna Menon,Kindle,"Jun 30, 2021",
0,https://www.amazon.com/dp/B098LQ78BV,B098LQ78BV,"Beyond Sustainability: A Thriving Environment, 2d ed.",Tim Delaney,Kindle,"Jun 30, 2021",
1,https://www.amazon.com/dp/B098DHQJD1,B098DHQJD1,A Text Book of Agricultural Engineering Mathematics-I,Kishor J. Shinde,Kindle,"Jun 30, 2021",
1,https://www.amazon.com/dp/B097F3QM8R,B097F3QM8R,Executive Functions and Writing,Teresa Limpo,Kindle,"Jun 30, 2021",
0,https://www.amazon.com/dp/B098GPFZC2,B098GPFZC2,Indigenous Peoples’ food systems: Insights on sustainability and resilience from the front line of climate change,Food and Agriculture Organization of the United Nations,Kindle,"Jun 30, 2021",
3,https://www.amazon.com/dp/B0DK3LJ5JL,B0DK3LJ5JL,Molluscan Shellfish Aquaculture: A Practical Guide,Sandra Shumway,Kindle,"Jun 30, 2021",
4,https://www.amazon.com/dp/B098HBJSMY,B098HBJSMY,"Mho's Law Justifies Free Energy - Text, Vol. 1 of 2: How to generate an endless supply of reactive power by emulating the behavior of spark gaps.",Vinyasi,Kindle,"Jun 30, 2021",
1,https://www.amazon.com/dp/B098F85QZL,B098F85QZL,Single Cell Sequencing Essentials in Brief: Single cell RNA sequencing and orthogonal omics technologies (The NGS Shorts Book 2),Swapna  Menon,Kindle,"Jun 30, 2021",
0,https://www.amazon.com/dp/B098DQGZDW,B098DQGZDW,Millets and Millet Technology,Anil Kumar,Kindle,"Jun 30, 2021",
2,https://www.amazon.com/dp/B098DNL16D,B098DNL16D,UFO SPACE CRAFT IDENTIFICATION MANUAL: Color images of Space Craft,David Campione,Kindle,"Jun 30, 2021",
0,https://www.amazon.com/dp/B098DJ3Z6P,B098DJ3Z6P,Theorizing Bioarchaeology (Bioarchaeology and Social Theory),Pamela L. Geller,Kindle,"Jun 30, 2021",
0,https://www.amazon.com/dp/B098DHY1BV,B098DHY1BV,Technology Meets Flowers: Unlocking the Circular and Digital Economy,Eric van Heck,Kindle,"Jun 30, 2021",
0,https://www.amazon.com/dp/B098CXPWYG,B098CXPWYG,Exploring the History of Southeast Asian Astronomy: A Review of Current Projects and Future Prospects and Possibilities (Historical & Cultural Astronomy),Wayne Orchiston,Kindle,"Jun 30, 2021",
1,https://www.amazon.com/dp/B097CKRWZL,B097CKRWZL,"Timber and Forestry in Qing China: Sustaining the Market (Culture, Place, and Nature)",Meng Zhang,Kindle,"Jun 30, 2021",
1,https://www.amazon.com/dp/B09796152Y,B09796152Y,Electroanalytical Chemistry: A Series of Advances: Volume 17,Allen J. Bard,Kindle,"Jun 30, 2021",
1,https://www.amazon.com/dp/B0976ZSQP2,B0976ZSQP2,A Strong and Fragile Thing: Musings in reflection of the wisdom and wonder found in the natural world.,Lauren Lott,Kindle,"Jun 30, 2021",
0,https://www.amazon.com/dp/B0949B9JWH,B0949B9JWH,How Prescription and Over-the-Counter Drugs Affect Sexual Performance: Their Effects on Sexual Performance,Robert B. Raffa,Kindle,"Jun 30, 2021",
1,https://www.amazon.com/dp/B091YQ4JC4,B091YQ4JC4,Field Guide to the Plants of the Falkland Islands (Field Guides),Tom Heller,Kindle,"Jun 30, 2021",
0,https://www.amazon.com/dp/B0D4FC9Q35,B0D4FC9Q35,"Nanostructured Smart Materials: Synthesis, Characterization, and Potential Applications",V. R. Remya,Kindle,"Jun 30, 2021",
0,https://www.amazon.com/dp/B0D1W5D7SS,B0D1W5D7SS,BIOS Instant Notes in Plant Biology,Andrew Lack,Kindle,"Jun 30, 2021",
0,https://www.amazon.com/dp/B0D1858F8Y,B0D1858F8Y,Design of Optimal Feedback for Structural Control,Ido Halperin,Kindle,"Jun 30, 2021",
0,https://www.amazon.com/dp/B0D183KD8M,B0D183KD8M,Microalgae in Waste Water Remediation,Arun Kumar,Kindle,"Jun 30, 2021",
0,https://www.amazon.com/dp/B0CGCVSVSF,B0CGCVSVSF,Liposome-Based Drug Delivery Systems (Biomaterial Engineering),Wan-Liang Lu,Kindle,"Jun 30, 2021",
0,https://www.amazon.com/dp/B0BW3SD2LC,B0BW3SD2LC,Western Influences in the History of Science and Technology in Modern China: History of Science and Technology in China Volume 5,Xiaoyuan Jiang,Kindle,"Jun 30, 2021",
0,https://www.amazon.com/dp/B0B67WVSFM,B0B67WVSFM,Permeability Barrier: Methods and Protocols (Methods in Molecular Biology Book 2367),Kursad Turksen,Kindle,"Jun 30, 2021",
0,https://www.amazon.com/dp/B0B67TD9TD,B0B67TD9TD,Plant Circular RNAs: Methods and Protocols (Methods in Molecular Biology Book 2362),Luis María Vaschetto,Kindle,"Jun 30, 2021",
0,https://www.amazon.com/dp/B0B47W7SHM,B0B47W7SHM,Constructing Dynamic Triangles Together (pre_publication version),Gerry Stahl,Kindle,"Jun 30, 2021",
0,https://www.amazon.com/dp/B0B478CZKD,B0B478CZKD,Translating Euclid (pre-publication version),Gerry Stahl,Kindle,"Jun 30, 2021",
1,https://www.amazon.com/dp/B09DQWTNHR,B09DQWTNHR,A Middle Way: A Non-Fundamental Approach to Many-Body Physics,Robert W. Batterman,Kindle,"Jun 30, 2021",
0,https://www.amazon.com/dp/B0998XHCNR,B0998XHCNR,"Green Biocomposites for Biomedical Engineering: Design, Properties, and Applications (Woodhead Publishing Series in Biomaterials)",Md Enamul Hoque Ph.D,Kindle,"Jun 30, 2021",
0,https://www.amazon.com/dp/B0994CSYPH,B0994CSYPH,Monitoring Vesicular Trafficking in Cellular Responses to Stress (Methods in Cell Biology),Oliver Kepp,Kindle,"Jun 30, 2021",
0,https://www.amazon.com/dp/B098XTRZT2,B098XTRZT2,"Molecular Breeding in Wheat, Maize and Sorghum: Strategies for Improving Abiotic Stress Tolerance and Yield",Mohammad Anwar Hossain,Kindle,"Jun 30, 2021",
0,https://www.amazon.com/dp/B098KQ8CNV,B098KQ8CNV,"Fescue Toxicosis and Management (ASA, CSSA, and SSSA Books)",Craig A. Roberts,Kindle,"Jun 30, 2021",
0,https://www.amazon.com/dp/B098JD8XB4,B098JD8XB4,Bioenergy Research: Integrative Solution for Existing Roadblock (Clean Energy Production Technologies),Manish Srivastava,Kindle,"Jun 30, 2021",
0,https://www.amazon.com/dp/B098HG4K3R,B098HG4K3R,Yes I Know My 123's,Nikkole  Gyrl Slay,Kindle,"Jun 30, 2021",
0,https://www.amazon.com/dp/B098HDCVQ3,B098HDCVQ3,I AM LUNATIC : LUNACY IN THE ROOT OF THE ZODIAC (Pandora's Mystic order),Joan CARDENAS,Kindle,"Jun 30, 2021",
0,https://www.amazon.com/dp/B098H8FYYP,B098H8FYYP,Low carb and sugar-free - Optimal recipes for diabetics: The exotic taste of healthy food. For beginners and advanced and any diet,Mia Jones,Kindle,"Jun 30, 2021",
0,https://www.amazon.com/dp/B098GWHB88,B098GWHB88,Risk profile Group B Streptococcus (GBS) Streptococcus agalactiae sequence type (ST) 283 in freshwater fish,Food and Agriculture Organization of the United Nations,Kindle,"Jun 30, 2021",
0,https://www.amazon.com/dp/B098GV9ZTQ,B098GV9ZTQ,Leo The Lion: Learn to count with Leo the Lion,Kia Coney,Kindle,"Jun 30, 2021",
0,https://www.amazon.com/dp/B098FFS3KY,B098FFS3KY,Become Unforgettable : A Step By Step Guide To Becoming An Unforgettable Personal Brand,Dr. Khalilah Johnson,Kindle,"Jun 30, 2021",
4,https://www.amazon.com/dp/B098FFCGHF,B098FFCGHF,Wenatchee Area Nature Photography Vol. 1,Raymond  Cook,Kindle,"Jun 30, 2021",
0,https://www.amazon.com/dp/B098FD3ZFG,B098FD3ZFG,Pharmaceutical Microbiology (Ebook PDF),W. B Hugo,Kindle,"Jun 30, 2021",
0,https://www.amazon.com/dp/B098F5MY45,B098F5MY45,Learn About Stuck Pipe: How To Free Stuck Pipe Caused By Pack Off: Instability Causes Stuck Pipe,Leif Paek,Kindle,"Jun 30, 2021",
0,https://www.amazon.com/dp/B098F5D8YC,B098F5D8YC,Stuck Pipe: Unconsolidated Formation Causes Stuck Pipe: Instability Causes Stuck Pipe,Israel Jesmer,Kindle,"Jun 30, 2021",
1,https://www.amazon.com/dp/B098F42BJF,B098F42BJF,Why You Should Care About Neuroscience: A Guide for Anyone Curious About Their Brain and How Neuroscientists Study It,Yuliya Liberman,Kindle,"Jun 30, 2021",
0,https://www.amazon.com/dp/B098F3FKM4,B098F3FKM4,Stuck Pipe Problem: How To Determine Stuck Depth: Deal With Stuck Pipe,Kazuko Spurr,Kindle,"Jun 30, 2021",
0,https://www.amazon.com/dp/B098DV1T3C,B098DV1T3C,Photoelectron Spectroscopy: Bulk and Surface Electronic Structures (Springer Series in Surface Sciences Book 72),Shigemasa Suga,Kindle,"Jun 30, 2021",
1,https://www.amazon.com/dp/B098DTRSPG,B098DTRSPG,Ten Materials That Shaped Our World,M. Grant Norton,Kindle,"Jun 30, 2021",
0,https://www.amazon.com/dp/B098DRXYGG,B098DRXYGG,"Process Plant Operating Procedures: Synthesis, Simulation and Abnormal Situation Management (Advances in Industrial Control)",Chuei-Tin Chang,Kindle,"Jun 30, 2021",
0,https://www.amazon.com/dp/B098DR7LMG,B098DR7LMG,Biotechnology for Sustainable Environment,Sanket J. Joshi,Kindle,"Jun 30, 2021",
0,https://www.amazon.com/dp/B098DPLS8T,B098DPLS8T,Removal and Degradation of Pharmaceutically Active Compounds in Wastewater Treatment (The Handbook of Environmental Chemistry 108),Sara Rodriguez-Mozaz,Kindle,"Jun 30, 2021",
0,https://www.amazon.com/dp/B098DNBHVN,B098DNBHVN,Multi-UAS Minimum Time Search in Dynamic and Uncertain Environments (Springer Theses),Sara Pérez Carabaza,Kindle,"Jun 30, 2021",
0,https://www.amazon.com/dp/B098DMKHQN,B098DMKHQN,The Ecology of Plant Litter Decomposition in Stream Ecosystems,Christopher M. Swan,Kindle,"Jun 30, 2021",
0,https://www.amazon.com/dp/B098DC5FSG,B098DC5FSG,The Montenegrin Adriatic Coast: Marine Chemistry Pollution (The Handbook of Environmental Chemistry 110),Danijela Joksimović,Kindle,"Jun 30, 2021",
1,https://www.amazon.com/dp/B098D86TQ4,B098D86TQ4,Essence of Fractions,Eve Wallis,Kindle,"Jun 30, 2021",
0,https://www.amazon.com/dp/B098D7P9SL,B098D7P9SL,Around The Jungle,Erica Whittenburg,Kindle,"Jun 30, 2021",
1,https://www.amazon.com/dp/B098D5WHLH,B098D5WHLH,FCI-Food Corporation Of India Assistant General Manager (Technical) Exam: Agriculture Subject Fast Track Preparation Pack (Government Exams),Dr Chandresh Agrawal,Kindle,"Jun 30, 2021",
0,https://www.amazon.com/dp/B098D5VPQS,B098D5VPQS,Sustainable Development of Modern Digital Economy: Perspectives from Russian Experiences (Research for Development),Julia V. Ragulina,Kindle,"Jun 30, 2021",
0,https://www.amazon.com/dp/B098CZQXS9,B098CZQXS9,Bioenergy Research: Biomass Waste to Energy (Clean Energy Production Technologies),Manish Srivastava,Kindle,"Jun 30, 2021",
0,https://www.amazon.com/dp/B098CZ6PMM,B098CZ6PMM,The Complete Wildfire Preparedness Pamphlet: learn all the basics of wildfire readiness,Jack Estes,Kindle,"Jun 30, 2021",
0,https://www.amazon.com/dp/B0988X7JH5,B0988X7JH5,"Combinatorial Algorithms: 32nd International Workshop, IWOCA 2021, Ottawa, ON, Canada, July 5–7, 2021, Proceedings (Lecture Notes in Computer Science Book 12757)",Paola Flocchini,Kindle,"Jun 30, 2021",
0,https://www.amazon.com/dp/B097RTBXKL,B097RTBXKL,Advances in Chromatography: Volume 24,J. Calvin Giddings,Kindle,"Jun 30, 2021",
0,https://www.amazon.com/dp/B097N9QPXG,B097N9QPXG,Liquid Crystals in Photovoltaics: An Introduction,Dr. Luz J Martinez-Miranda,Kindle,"Jun 30, 2021",
0,https://www.amazon.com/dp/B097MXRPH8,B097MXRPH8,"Environmental Geotechnics: Proceedings of 4th International Congress, Rio de Janeiro, August 2002",A. Bouazza,Kindle,"Jun 30, 2021",
0,https://www.amazon.com/dp/B097MXHYHR,B097MXHYHR,Time Series Modelling in Earth Sciences,B.K. Sahu,Kindle,"Jun 30, 2021",
1,https://www.amazon.com/dp/B097MXDH84,B097MXDH84,Shear Behaviour of Rock Joints,Asadul Haque,Kindle,"Jun 30, 2021",
0,https://www.amazon.com/dp/B097MW77PW,B097MW77PW,Prevention and Combating Mine Fires,Sudhish Chandra Banerjee,Kindle,"Jun 30, 2021",
0,https://www.amazon.com/dp/B097MSR6MP,B097MSR6MP,Bifurcation and Localisation Theory in Geomechanics,A.V. Dyskin,Kindle,"Jun 30, 2021",
1,https://www.amazon.com/dp/B093D9WJXZ,B093D9WJXZ,Flora Zambesiaca Volume 14 Part 1: Cyperaceae,Miguel A. Garcia,Kindle,"Jun 30, 2021",
0,https://www.amazon.com/dp/B0989BB2CN,B0989BB2CN,Breeding for Robustness in Cattle (Eaap Publication),Ed. Klopcic,Kindle,"Jun 29, 2021",
1,https://www.amazon.com/dp/B0933M756V,B0933M756V,Buckminster Fuller’s World Game and Its Legacy (Routledge Focus on Art History and Visual Studies),Timothy Stott,Kindle,"Jun 29, 2021",
1,https://www.amazon.com/dp/B095XCVFNT,B095XCVFNT,Subtle Agroecologies: Farming With the Hidden Half of Nature (Advances in Agroecology),Julia Wright,Kindle,"Jun 29, 2021",
4,https://www.amazon.com/dp/B0987VHZX8,B0987VHZX8,Neptune: Found by mathematicians (A Short Guide to the Planets),Christopher Seddon,Kindle,"Jun 29, 2021",
2,https://www.amazon.com/dp/B098LQR8KK,B098LQR8KK,Arianism (Past Imperfect),Marilyn Dunn,Kindle,"Jun 30, 2021",
1,https://www.amazon.com/dp/B098J1P9W3,B098J1P9W3,"A Fifty Year Commemorative History of Long Range Detection : The Creation, Development, and Operation of the United States Atomic Energy Detection System",Richard E. Spalding Foundation,Kindle,"Jun 30, 2021",
0,https://www.amazon.com/dp/B098FD9DH1,B098FD9DH1,"Empires of Character: Character, Constitutions & National Decline",Kim Mayyasi,Kindle,"Jun 30, 2021",
1,https://www.amazon.com/dp/B0C151CGDV,B0C151CGDV,The Kharijites in Early Islamic Historical Tradition,Hannah-Lena Hagemann,Kindle,"Jun 30, 2021",
0,https://www.amazon.com/dp/B08VS2PQLH,B08VS2PQLH,"Comic Art and Feminism in the Baltic Sea Region: Transnational Perspectives (Routledge Studies in Gender, Sexuality, and Comics)",Kristy Beers Fägersten,Kindle,"Jun 30, 2021",
1,https://www.amazon.com/dp/B098DSCRJZ,B098DSCRJZ,Transnational Legal Activism in Global Value Chains: The Ali Enterprises Factory Fire and the Struggle for Justice (Interdisciplinary Studies in Human Rights Book 6),Miriam Saage-Maaß,Kindle,"Jun 30, 2021",
1,https://www.amazon.com/dp/B098DSLJVX,B098DSLJVX,Rethinking Nordic Courts (Ius Gentium: Comparative Perspectives on Law and Justice Book 90),Laura Ervo,Kindle,"Jun 30, 2021",
1,https://www.amazon.com/dp/B08T98RF7C,B08T98RF7C,Radical Proceduralism: Democracy from Philosophical Principles to Political Institutions,Dannica Fleuß,Kindle,"Jun 30, 2021",
1,https://www.amazon.com/dp/B098DJ3YRR,B098DJ3YRR,"Stuart Hall, Conjunctural Analysis and Cultural Criminology: A Missed Moment (Palgrave Pioneers in Criminology)",Tony Jefferson,Kindle,"Jun 30, 2021",
0,https://www.amazon.com/dp/B098D3CSS5,B098D3CSS5,Digital Health Technology for Better Aging: A multidisciplinary approach (Research for Development),Giuseppe Andreoni,Kindle,"Jun 30, 2021",
1,https://www.amazon.com/dp/B097F1WV61,B097F1WV61,The Cognitive Basis of Social Interaction Across the Lifespan,Heather J. Ferguson,Kindle,"Jun 30, 2021",
3,https://www.amazon.com/dp/B094SY5G2S,B094SY5G2S,Jacob Talks: Precocious Wit and Wisdom From A Pre-Schooler,Courtney Smoot,Kindle,"Jun 30, 2021",
1,https://www.amazon.com/dp/B0933L9KCT,B0933L9KCT,The Palestinian Prisoners Movement: Resistance and Disobedience (Routledge Studies on the Arab-Israeli Conflict),Julie M. Norman,Kindle,"Jun 30, 2021",
0,https://www.amazon.com/dp/B092RHCSR8,B092RHCSR8,"Indigenous Peoples, Heritage and Landscape in the Asia Pacific: Knowledge Co-Production and Empowerment (Routledge Studies in Indigenous Peoples and Policy)",Stephen Acabado,Kindle,"Jun 30, 2021",
0,https://www.amazon.com/dp/B08T9B355D,B08T9B355D,"Running, Identity and Meaning: The Pursuit of Distinction Through Sport (Emerald Studies in Sport and Gender)",Neil Baxter,Kindle,"Jun 30, 2021",
2,https://www.amazon.com/dp/B08M9F2TQ5,B08M9F2TQ5,Morning Star Rising: The Politics of Decolonization in West Papua (Indigenous Pacifics),Camellia Webb-Gannon,Kindle,"Jun 30, 2021",
2,https://www.amazon.com/dp/B09RH1S7PZ,B09RH1S7PZ,The Mystery of the Handsome Man: The Double Life of John Lempriere Irvine (Queer oz Folk),Wayne Murdoch,Kindle,"Jun 30, 2021",
0,https://www.amazon.com/dp/B09GPMZCQ9,B09GPMZCQ9,The Power of American Women,Dr. Francois Adja Assemien,Kindle,"Jun 30, 2021",
0,https://www.amazon.com/dp/B098GQLM82,B098GQLM82,Mom Boss and Bossy Mom: An Interactive Journal for the Entrepreneurial Mom,LIANNY RICHARDSON,Kindle,"Jun 30, 2021",
0,https://www.amazon.com/dp/B098GHPX9P,B098GHPX9P,"Heaven and Her Winds: A challenge, read at your own risk",Daniel Hoven,Kindle,"Jun 30, 2021",
0,https://www.amazon.com/dp/B098FDXYP7,B098FDXYP7,Orphans of Rwenzori: A Humanist Perspective,Bwambale Robert Musubaho,Kindle,"Jun 30, 2021",
0,https://www.amazon.com/dp/B098FDVR2Z,B098FDVR2Z,A girl belong to middle class .: HER JOURNEY TOWARDS DREAM,Jyoti Kumari,Kindle,"Jun 30, 2021",
2,https://www.amazon.com/dp/B098FCCJV4,B098FCCJV4,Duck Tale: Memoir of a quacking good trek to manhood,Richard Meehan,Kindle,"Jun 30, 2021",
0,https://www.amazon.com/dp/B098F26Z4V,B098F26Z4V,"Insights from Grow Younger, Live Longer by Deepak Chopra in 15 minutes",Juggernaut,Kindle,"Jun 30, 2021",
0,https://www.amazon.com/dp/B098DV1SC8,B098DV1SC8,The Persecution of Children as a Crime Against Humanity: The Case for the Prosecution,Sonja C. Grover,Kindle,"Jun 30, 2021",
4,https://www.amazon.com/dp/B098DL6XLN,B098DL6XLN,Transgender in India — Achievers and Survivors: An Ode to Transwomen,Dr Gariyali CK,Kindle,"Jun 30, 2021",
0,https://www.amazon.com/dp/B098DF1BF2,B098DF1BF2,The Past Web: Exploring Web Archives,Daniel Gomes,Kindle,"Jun 30, 2021",
0,https://www.amazon.com/dp/B0DH7LT17B,B0DH7LT17B,Queering Translation History: Shakespeare’s Sonnets in Czech and Slovak Transformations (Routledge Research on Translation and Interpreting History),Eva Spišiaková,Kindle,"Jun 29, 2021",
2,https://www.amazon.com/dp/B08L9J1FF7,B08L9J1FF7,Building a Better Chicago: Race and Community Resistance to Urban Redevelopment (Latina/o Sociology Book 17),Teresa Irene Gonzales,Kindle,"Jun 29, 2021",
3,https://www.amazon.com/dp/B0971NNL14,B0971NNL14,Savage Mind to Savage Machine: Racial Science and Twentieth-Century Design,Ginger Nolan,Kindle,"Jun 29, 2021",
2,https://www.amazon.com/dp/B08GJ4PQHQ,B08GJ4PQHQ,Dictionary of Approving and Disapproving Words: Vocabulary Building (English Word Power Book 27),Manik Joshi,Kindle,"Jun 29, 2021",
1,https://www.amazon.com/dp/B097595TXR,B097595TXR,Transnational Hallyu: The Globalization of Korean Digital and Popular Culture (Asian Cultural Studies: Transnational and Dialogic Approaches),Dal Yong Jin,Kindle,"Jun 29, 2021",
0,https://www.amazon.com/dp/B09834MZVX,B09834MZVX,Reinforce the Insurance Value Chain in 2021: with the Machine Learning Model Powered By AI,IndusNet Technologies,Kindle,"Jun 27, 2021",
1,https://www.amazon.com/dp/B098DV7G5N,B098DV7G5N,Insights from Freakonomics by Steven D. Levitt and Stephen J. Dubner in 15 mins,Juggernaut,Kindle,"Jun 30, 2021",
1,https://www.amazon.com/dp/B097N1ZJVZ,B097N1ZJVZ,What you don't learn in PMP: Learn Project Management basics which go beyond what you learn in PMP certification,Rajat Gupta,Kindle,"Jun 30, 2021",
0,https://www.amazon.com/dp/B098FCL3LV,B098FCL3LV,A Million Tips On Public Speaking - Volume One,Jeremy Nicholas,Kindle,"Jun 30, 2021",
2,https://www.amazon.com/dp/B098JMRCMC,B098JMRCMC,Insights from What They Don’t Teach you at Harvard Business School by Mark H McCormack in 15 mins,Juggernaut,Kindle,"Jun 30, 2021",
1,https://www.amazon.com/dp/B098JP5PSK,B098JP5PSK,Insights from Good to Great: Why Some Companies Make the Leap and Others Don’t by Jim Collins in 15 mins,Juggernaut,Kindle,"Jun 30, 2021",
5,https://www.amazon.com/dp/B098FF85BP,B098FF85BP,The Seeds of Doubt,Gulliver Waverly,Kindle,"Jun 30, 2021",
0,https://www.amazon.com/dp/B098HFJGTW,B098HFJGTW,Counting Eggs: Let’s Get Egg-cited with maths! A great way to capture kids' attention while learning,Lacoco Delgado,Kindle,"Jun 30, 2021",
5,https://www.amazon.com/dp/B098FH6HQ2,B098FH6HQ2,Oodles and Oodles of Noodley Noodles - Dyslexia Font Edition,Cindy Ninni Grant,Kindle,"Jun 30, 2021",
3,https://www.amazon.com/dp/B098F5J3QM,B098F5J3QM,Hacked,M.G. Higgins,Kindle,"Jun 30, 2021",
2,https://www.amazon.com/dp/B098FHQ34K,B098FHQ34K,"Chess Traps for Beginners to Grandmasters Illustration Part 03 : Ruy Lopez aka Spanish Opening: A perfect gift for kids, adults or who loves tactics and ... and Tactics for Beginner's to Grandmasters)",Pravin Singh,Kindle,"Jun 30, 2021",
0,https://www.amazon.com/dp/B0991WZLRX,B0991WZLRX,No Books on the Shelf,Sandy Fuller Savage,Kindle,"Jun 30, 2021",
1,https://www.amazon.com/dp/B0991GWYH1,B0991GWYH1,Lovey Dove Flies South,Carlene Brod,Kindle,"Jun 30, 2021",
0,https://www.amazon.com/dp/B09BBGYTGY,B09BBGYTGY,"Antenna-on-Chip: Design, Challenges, and Opportunities",Hammad M. Cheema,Kindle,"Jun 30, 2021",
0,https://www.amazon.com/dp/B0933P2TD1,B0933P2TD1,Machine Learning and Analytics in Healthcare Systems: Principles and Applications (Green Engineering and Technology),Himani Bansal,Kindle,"Jun 30, 2021",
0,https://www.amazon.com/dp/B098GW6H8N,B098GW6H8N,Vehicle Maintenance Log,Tracey Roew,Kindle,"Jun 30, 2021",
1,https://www.amazon.com/dp/B098FK63VJ,B098FK63VJ,Digital Eco-System for Organizations: Effective Digital Transformation guide for Organizations leveraging Startup culture,Madhu Hosadurga,Kindle,"Jun 30, 2021",
0,https://www.amazon.com/dp/B098FG7BJJ,B098FG7BJJ,2021 FLORIDA DMV PERMIT TEST: With more than 300 Drivers test questions and answers for Florida DMV written Exam: 2021 Drivers Permit/License Study Book,vitalis. I. Valentine,Kindle,"Jun 30, 2021",
0,https://www.amazon.com/dp/B098DR4782,B098DR4782,Belief Reliability Theory and Methodology,Rui Kang,Kindle,"Jun 30, 2021",
0,https://www.amazon.com/dp/B098D2MGGM,B098D2MGGM,Evaluation of Some Virtual Phone Numbers Services,Dr. Hidaia Mahmood Alassouli,Kindle,"Jun 30, 2021",
0,https://www.amazon.com/dp/B0989GD7TM,B0989GD7TM,"A Methodology to Model the Statistical Fracture Behavior of Acrylic Glasses for Stochastic Simulation (Mechanik, Werkstoffe und Konstruktion im Bauwesen Book 59)",Marcel Berlinger,Kindle,"Jun 30, 2021",
0,https://www.amazon.com/dp/B097N428P8,B097N428P8,Developments in Geotechnical Engineering: from Harvard to New Delhi 1936-1994,A.S. Balasubramaniam,Kindle,"Jun 30, 2021",
0,https://www.amazon.com/dp/B097MVJ17V,B097MVJ17V,Silting and Desilting of Reservoirs,Dan G. Batuca,Kindle,"Jun 30, 2021",
0,https://www.amazon.com/dp/B097MSC55L,B097MSC55L,The Dynamics of Vehicles on Roads and on Tracks,Robert Frohling,Kindle,"Jun 30, 2021",
1,https://www.amazon.com/dp/B098BB96Z9,B098BB96Z9,Electrostatics And Capacitors (Elementary): SOA Lecture Series (Applied Physics) for (10+2)/JEE(main)/NEET(UG)/SAT Preparation,Er Vinay Shanker Shukla,Kindle,"Jun 29, 2021",
1,https://www.amazon.com/dp/B098P6YV9R,B098P6YV9R,Mechanical Design: Theory and Applications,P.R.N. Childs,Kindle,"Jun 29, 2021",
4,https://www.amazon.com/dp/B0FCD111G9,B0FCD111G9,Using the ISO 56002 Innovation Management System: A Practical Guide for Implementation and Building a Culture of Innovation (Management Handbooks for Results),Sid Benraouane,Kindle,"Jun 29, 2021",
4,https://www.amazon.com/dp/B098KWWMCR,B098KWWMCR,Quantitative tools for a Smart Project Management,Mauro Mancini,Kindle,"Jun 29, 2021",
0,https://www.amazon.com/dp/B0989L7NCT,B0989L7NCT,Managing Engineered Assets: Principles and Practical Concepts,Joe E. Amadi-Echendu,Kindle,"Jun 29, 2021",
1,https://www.amazon.com/dp/B0989KKCNJ,B0989KKCNJ,Superconductivity: Basics and Applications to Magnets (Springer Series in Materials Science Book 214),R.G. Sharma,Kindle,"Jun 29, 2021",
0,https://www.amazon.com/dp/B097SD2Q6X,B097SD2Q6X,"Intersectional Automations: Robotics, AI, Algorithms, and Equity",Nathan Rambukkana,Kindle,"Jun 29, 2021",
0,https://www.amazon.com/dp/B0949BGZ4D,B0949BGZ4D,Robotic Technologies in Biomedical and Healthcare Engineering (Biomedical and Robotics Healthcare),Deepak Gupta,Kindle,"Jun 29, 2021",
0,https://www.amazon.com/dp/B0CTBSB9XD,B0CTBSB9XD,Crop Improvement: Biotechnological Advances,Pankaj Kumar,Kindle,"Jun 29, 2021",
1,https://www.amazon.com/dp/B098DQ5Q8G,B098DQ5Q8G,Molten Salt Reactors and Integrated Molten Salt Reactors: Integrated Power Conversion,Bahman Zohuri,Kindle,"Jun 29, 2021",
4,https://www.amazon.com/dp/B098D15LQB,B098D15LQB,The Innovation Pipeline: Success can be Systemised,Ric Richardson,Kindle,"Jun 29, 2021",
0,https://www.amazon.com/dp/B098CYNFRN,B098CYNFRN,Transporters and Drug-Metabolizing Enzymes in Drug Toxicity,Albert P. Li,Kindle,"Jun 29, 2021",
0,https://www.amazon.com/dp/B098CBZP91,B098CBZP91,List Launcher,Celine  Claire,Kindle,"Jun 29, 2021",
5,https://www.amazon.com/dp/B098C4VL5K,B098C4VL5K,THE FUTURE OF HOMO SAPIENS,Giuliano Di Bernardo,Kindle,"Jun 29, 2021",
0,https://www.amazon.com/dp/B098BP3VJR,B098BP3VJR,"Happy camping journal logbook for couple: Camping logbook: Camping journal & RV travel logbook for happy campers , couples and family ...",Omar Hattoufi,Kindle,"Jun 29, 2021",
0,https://www.amazon.com/dp/B098BNR3B3,B098BNR3B3,"Happy camping journal logbook for couple: Camping logbook: Camping journal & RV travel logbook for happy campers , couples and family ...",Omar Hattoufi,Kindle,"Jun 29, 2021",
2,https://www.amazon.com/dp/B098BKPMPR,B098BKPMPR,"Netflix App Watchlist Cheatsheet! : How to Get Rid Of Shows on Your Netflix ""Continue Watching"" List 📺",Rik Riqueza,Kindle,"Jun 29, 2021",
0,https://www.amazon.com/dp/B098BJ4CZ8,B098BJ4CZ8,Systematic Architectural Design for Optimal Wind Energy Generation (Frontiers in Civil Engineering Book 5),Abdel Elbakheit,Kindle,"Jun 29, 2021",
0,https://www.amazon.com/dp/B098BDBK7R,B098BDBK7R,"Computational Methods for Engineers: Modeling, Algorithms and Analysis",Joseph Mmbaga,Kindle,"Jun 29, 2021",
0,https://www.amazon.com/dp/B098B894T7,B098B894T7,Bay-Lynx Volumetric Mixer Operator's Manual: MDM Mixer,Ron Dorombozi,Kindle,"Jun 29, 2021",
0,https://www.amazon.com/dp/B098B57896,B098B57896,Bay-Lynx Volumetric Mixer Operator's Manual: HDM Mixer,Ron Dorombozi,Kindle,"Jun 29, 2021",
2,https://www.amazon.com/dp/B098B1C289,B098B1C289,"Colt and Wesson, the story of a rivalry",FAILLE F Freeman,Kindle,"Jun 29, 2021",
0,https://www.amazon.com/dp/B0989NJMP1,B0989NJMP1,Chhattisgarh Agriculture Development Officer Exam : Agriculture MCQs With Answers (Government Exams),Dr Chandresh Agrawal,Kindle,"Jun 29, 2021",
0,https://www.amazon.com/dp/B0989L5ZZT,B0989L5ZZT,"Structural Materials: Behavior, Testing and Evaluation (Materials Horizons: From Nature to Nanomaterials)",Harvinder Singh,Kindle,"Jun 29, 2021",
0,https://www.amazon.com/dp/B098921F81,B098921F81,Mathematical Principle and Fractal Analysis of Mesoscale Eddy,Shu-Tang Liu,Kindle,"Jun 29, 2021",
0,https://www.amazon.com/dp/B0986YN7CR,B0986YN7CR,"Complex, Intelligent and Software Intensive Systems: Proceedings of the 15th International Conference on Complex, Intelligent and Software Intensive Systems ... Notes in Networks and Systems Book 278)",Leonard Barolli,Kindle,"Jun 29, 2021",
0,https://www.amazon.com/dp/B0986P8WKT,B0986P8WKT,"Advances in Methods and Applications of Quantum Systems in Chemistry, Physics, and Biology (Progress in Theoretical Chemistry and Physics Book 33)",Alexander V. Glushkov,Kindle,"Jun 29, 2021",
0,https://www.amazon.com/dp/B097MXVT8B,B097MXVT8B,"Recent Trends in Communication and Electronics: Proceedings of the International Conference on Recent Trends in Communication and Electronics (ICCE-2020), Ghaziabad, India, 28-29 November, 2020",Sanjay Sharma,Kindle,"Jun 29, 2021",
0,https://www.amazon.com/dp/B094R9WLCQ,B094R9WLCQ,Genomic Sequence Analysis for Exon Prediction Using Adaptive Signal Processing Algorithms,Md. Zia Ur Rahman,Kindle,"Jun 29, 2021",
0,https://www.amazon.com/dp/B0933KFVG3,B0933KFVG3,Advanced Trends in ICT for Innovative Business Management,Katarzyna Szymczyk,Kindle,"Jun 29, 2021",
0,https://www.amazon.com/dp/B0933K4QKK,B0933K4QKK,Stress and Strain Engineering at Nanoscale in Semiconductor Devices,Chinmay K. Maiti,Kindle,"Jun 29, 2021",
0,https://www.amazon.com/dp/B0923M63XR,B0923M63XR,Consumers and Nanotechnology: Deliberative Processes and Methodologies,Pål Strandbakken,Kindle,"Jun 29, 2021",
1,https://www.amazon.com/dp/B098BP5M1L,B098BP5M1L,A Gipsy of the Horn - Life in a Deep-Sea Sailing Ship,Rex Clements,Kindle,"Jun 28, 2021",
2,https://www.amazon.com/dp/B0CZ1DS86J,B0CZ1DS86J,Handbook of Standards and Guidelines in Human Factors and Ergonomics,Waldemar Karwowski,Kindle,"Jun 28, 2021",
2,https://www.amazon.com/dp/B091DP6JJQ,B091DP6JJQ,Acoustics in Architectural Design,Raf Orlowski,Kindle,"Jun 28, 2021",
0,https://www.amazon.com/dp/B0992DYX38,B0992DYX38,"The Modern Bricklayer - A Practical Work on Bricklaying in all its Branches - Volume III: With Special Selections on Tiling and Slating, Specifications Estimating, Etc",William Frost,Kindle,"Jun 28, 2021",
1,https://www.amazon.com/dp/B099FG5LQF,B099FG5LQF,Illustrated Descriptive Catalogue of American Grape Vines - A Grape Growers Manual,Meissner,Kindle,"Jun 28, 2021",
1,https://www.amazon.com/dp/B09964KZKF,B09964KZKF,Yarn Counts And Calculations,Thomas Woodhouse,Kindle,"Jun 28, 2021",
0,https://www.amazon.com/dp/B098W75WJ4,B098W75WJ4,"Apis Mellifica - Or, The Poison Of The Honey-Bee",C. W. Wolf,Kindle,"Jun 28, 2021",
1,https://www.amazon.com/dp/B098W68J22,B098W68J22,Three Hundred Years of French Architecture 1494-1794,Reginald Theodore Blomfield,Kindle,"Jun 28, 2021",
5,https://www.amazon.com/dp/B09881RJTP,B09881RJTP,ROUTE EIGHT-RADIO CHECK: Sweet School Bus Stories and a Bumpy Ride,Nichelle Williams Isiah,Kindle,"Jun 28, 2021",
0,https://www.amazon.com/dp/B0986Q2J8S,B0986Q2J8S,"Technology for Innovation: How to Create New Systems, Develop Existing Systems and Solve Related Problems (Management for Professionals)",Isak Bukhman,Kindle,"Jun 28, 2021",
0,https://www.amazon.com/dp/B0986KR2X5,B0986KR2X5,Advances in Non-destructive Evaluation: Proceedings of NDE 2019 (Lecture Notes in Mechanical Engineering),C. K. Mukhopadhyay,Kindle,"Jun 28, 2021",
0,https://www.amazon.com/dp/B0985X13FW,B0985X13FW,Friedrich List as a Railway Pioneer in the USA: The Little Schuylkill Railroad in Pennsylvania – a German-American Pioneering Achievement (SpringerBriefs in Economics),Eugen Wendler,Kindle,"Jun 28, 2021",
0,https://www.amazon.com/dp/B097131Z4K,B097131Z4K,"Green Internet of Things for Smart Cities: Concepts, Implications, and Challenges (Green Engineering and Technology)",Surjeet Dalal,Kindle,"Jun 28, 2021",
0,https://www.amazon.com/dp/B09BNH8L2Y,B09BNH8L2Y,"A Collection of Woodwork Projects; Designs for the Making of Furniture, Furnishings and Accessories for the Home",Anon,Kindle,"Jun 28, 2021",
0,https://www.amazon.com/dp/B09BNG2771,B09BNG2771,A Guide to Model Locomotives - A Collection of Vintage Articles on the Design and Construction of Model Trains and Railways,Various,Kindle,"Jun 28, 2021",
0,https://www.amazon.com/dp/B09BNFJFW4,B09BNFJFW4,Manual for New Zealand Bee Keepers,William Charles Cotton,Kindle,"Jun 28, 2021",
0,https://www.amazon.com/dp/B099X2GZF9,B099X2GZF9,"The Cabinet-Maker's Guide to the Entire Construction of Cabinet-Work - Including Nemeering, Marqueterie, Buhl-Work, Mosaic, Inlaying, and the Working and ... Descriptive List of Cabinet Woods, Etc.",Richard Bitmead,Kindle,"Jun 28, 2021",
0,https://www.amazon.com/dp/B09964Q63G,B09964Q63G,Commercial Horticulture - With Chapters on Vegetable Production and Commercial Fruit Growing,Various,Kindle,"Jun 28, 2021",
1,https://www.amazon.com/dp/B098BP6XMN,B098BP6XMN,The Rearing and Management of Wild Duck for Stock or Shooting,R. D. Cank,Kindle,"Jun 28, 2021",
2,https://www.amazon.com/dp/B0989D5JZG,B0989D5JZG,Chinese Biowarfare and Cyberwarfare: Military Force Multipliers for 21st Century Conflict,Eric Hinrichs,Kindle,"Jun 28, 2021",
0,https://www.amazon.com/dp/B09895ZR1W,B09895ZR1W,Concept Machine: Standard Operating Procedures,Alexio Sherman,Kindle,"Jun 28, 2021",
4,https://www.amazon.com/dp/B098815K6B,B098815K6B,"Force Calibration for Technicians and Quality Managers: Top Conditions, Methods, and Systems that Impact Force Calibration Results",Henry A Zumbrun 2,Kindle,"Jun 28, 2021",
0,https://www.amazon.com/dp/B0987X969Y,B0987X969Y,Carbon Nitride Nanostructures for Sustainable Energy Production and Environmental Remediation (Issn),Kamel Abdelmoniem Mohamed Eid,Kindle,"Jun 28, 2021",
0,https://www.amazon.com/dp/B0987FVPZF,B0987FVPZF,Gas Corporation: Tips To Save Electricity For Households: Pipeline Operators In Usa,Scott Weich,Kindle,"Jun 28, 2021",
0,https://www.amazon.com/dp/B0987CSNDX,B0987CSNDX,Bionanomaterials: Fundamentals and biomedical applications (IOP ebooks),Prof. Ravindra Pratap Singh,Kindle,"Jun 28, 2021",
0,https://www.amazon.com/dp/B0987C2ZV9,B0987C2ZV9,Drilling Industry: Get More Understanding About Well Control: Well Control Methods,Tamar Harcey,Kindle,"Jun 28, 2021",
0,https://www.amazon.com/dp/B098796Z8N,B098796Z8N,Master Well Control: Guide To Pass The Well Control School: Well Control Methods,Jonie Schnack,Kindle,"Jun 28, 2021",
0,https://www.amazon.com/dp/B0987812ZZ,B0987812ZZ,Analyses Of Cyclotella: The Abilities Of Marine Diatom Cyclotella: Biochemical Composition Of Microalgae,Loris Couzens,Kindle,"Jun 28, 2021",
0,https://www.amazon.com/dp/B09877LMBJ,B09877LMBJ,Well Control: Questions Related To Basic Pressure: Well Control Quiz,Anastasia Bruckmeier,Kindle,"Jun 28, 2021",
1,https://www.amazon.com/dp/B0987594M5,B0987594M5,"Data-Driven Evolutionary Optimization: Integrating Evolutionary Computation, Machine Learning and Data Science (Studies in Computational Intelligence Book 975)",Yaochu Jin,Kindle,"Jun 28, 2021",
0,https://www.amazon.com/dp/B09873MC7H,B09873MC7H,"Nanomagnetic Materials: Fabrication, Characterization and Application (Micro and Nano Technologies)",Akinobu Yamaguchi,Kindle,"Jun 28, 2021",
0,https://www.amazon.com/dp/B09872WKPP,B09872WKPP,8 keys to make money with Instagram!!: 8 steps to improve your pasive income with Instagram!! (MoneyOnline making ebooks + Social networks),Jorge Santana,Kindle,"Jun 28, 2021",
0,https://www.amazon.com/dp/B0987296G5,B0987296G5,WHY BUILDINGS FALLLLLLLLLL: none,Clive Sutherland-Ocnacuwenga,Kindle,"Jun 28, 2021",
0,https://www.amazon.com/dp/B0986Z7MTG,B0986Z7MTG,"TILDA: Towards Industrial LES/DNS in Aeronautics: Paving the Way for Future Accurate CFD - Results of the H2020 Research Project TILDA, Funded by the ... ... and Multidisciplinary Design Book 148)",Charles Hirsch,Kindle,"Jun 28, 2021",
0,https://www.amazon.com/dp/B0986Z2Y75,B0986Z2Y75,Proceedings of STCCE 2021: Selected Papers (Lecture Notes in Civil Engineering Book 169),Nikolai Vatin,Kindle,"Jun 28, 2021",
0,https://www.amazon.com/dp/B0986YX66K,B0986YX66K,Structural Characterization and Seismic Retrofitting of Adobe Constructions: Experimental and Numerical Developments (Building Pathology and Rehabilitation Book 20),Humberto Varum,Kindle,"Jun 28, 2021",
0,https://www.amazon.com/dp/B0986YB5PZ,B0986YB5PZ,New Trends in Applied Analysis and Computational Mathematics: Proceedings of the International Conference on Advances in Mathematics and Computing (ICAMC ... Systems and Computing Book 1356),Susanta Kumar Paikray,Kindle,"Jun 28, 2021",
0,https://www.amazon.com/dp/B0986XF7TF,B0986XF7TF,Communication and Intelligent Systems: Proceedings of ICCIS 2020 (Lecture Notes in Networks and Systems Book 204),Harish Sharma,Kindle,"Jun 28, 2021",
0,https://www.amazon.com/dp/B0986X75J4,B0986X75J4,"Developments in Information & Knowledge Management for Business Applications: Volume 2 (Studies in Systems, Decision and Control Book 376)",Natalia Kryvinska,Kindle,"Jun 28, 2021",
0,https://www.amazon.com/dp/B0986WXGWC,B0986WXGWC,Marine Diatom Cyclotella: Learn About Marine Diatom Cyclotella For Beginners: Biochemical Composition Of Microalgae,Wm Roof,Kindle,"Jun 28, 2021",
0,https://www.amazon.com/dp/B0986V8NZC,B0986V8NZC,Broadband Terahertz Communication Technologies,Jianjun Yu,Kindle,"Jun 28, 2021",
0,https://www.amazon.com/dp/B0986TL8SG,B0986TL8SG,"THE SIMPLE 4-PART OPT-IN SYSTEM TO GROW AN ONLINE BUSINESS: AD, PAGE, PRODUCT, PROFIT (The Simple Books)",Emmett Ferguson,Kindle,"Jun 28, 2021",
0,https://www.amazon.com/dp/B0986TBWWC,B0986TBWWC,"Emerging Technologies in Data Mining and Information Security: Proceedings of IEMIS 2020, Volume 1 (Advances in Intelligent Systems and Computing Book 1286)",Aboul Ella Hassanien,Kindle,"Jun 28, 2021",
0,https://www.amazon.com/dp/B0986S1SMG,B0986S1SMG,Cyclotella Research: Learn About The Application Of Cyclotella Algae In Biotechnology: Microalgae Supplements,Candance Vanbramer,Kindle,"Jun 28, 2021",
0,https://www.amazon.com/dp/B0986QCZS9,B0986QCZS9,Soil Microbiomes for Sustainable Agriculture: Functional Annotation (Sustainable Development and Biodiversity Book 27),Ajar Nath Yadav,Kindle,"Jun 28, 2021",
0,https://www.amazon.com/dp/B0986HT72T,B0986HT72T,Ocean Literacy: Understanding the Ocean (Key Challenges in Geography),Kostis C. Koutsopoulos,Kindle,"Jun 28, 2021",
0,https://www.amazon.com/dp/B09869JC36,B09869JC36,"Advances in Ergonomics in Design: Proceedings of the AHFE 2021 Virtual Conference on Ergonomics in Design, July 25-29, 2021, USA (Lecture Notes in Networks and Systems Book 261)",Francisco Rebelo,Kindle,"Jun 28, 2021",
0,https://www.amazon.com/dp/B0983V8LSQ,B0983V8LSQ,Adapting to Shorter Time Cycles in the United States Air Force : Proceedings of a Workshop Series,"and Medicine National Academies of Sciences, Engineering",Kindle,"Jun 28, 2021",
2,https://www.amazon.com/dp/B0933LB5DQ,B0933LB5DQ,The Routledge Companion to Women in Architecture,Anna Sokolina,Kindle,"Jun 28, 2021",
3,https://www.amazon.com/dp/B0982XFKHJ,B0982XFKHJ,Revised Log Construction Manual: Ultimate Guide to Building Log Homes - Full Color Edition,Robert W. Chambers,Kindle,"Jun 27, 2021",
2,https://www.amazon.com/dp/B09852YPSM,B09852YPSM,Kaizen Manager’s Guide to Leading Successful Sustainable Events: The how-to guide for the hands on kaizen practitioners,H.B. McAllen,Kindle,"Jun 27, 2021",
1,https://www.amazon.com/dp/B09FXSRDDQ,B09FXSRDDQ,Power Plant Engineering,Farshid Zabihian,Kindle,"Jun 27, 2021",
0,https://www.amazon.com/dp/B0D189YMDB,B0D189YMDB,The Sustainable Fashion Quest: Innovations in Business and Policy,Nikolay Anguelov,Kindle,"Jun 27, 2021",
1,https://www.amazon.com/dp/B0984KQNLN,B0984KQNLN,iPad Pro 2021: Step by Step Instructions for Beginners to Master and Use the Latest Apple iPad Pro 5G Device,Lewis Abraham,Kindle,"Jun 27, 2021",
0,https://www.amazon.com/dp/B0933KRBM4,B0933KRBM4,"Mapping, Monitoring, and Modeling Land and Water Resources: Advanced Techniques Using Open Source Software",Pravat Kumar Shit,Kindle,"Jun 27, 2021",
0,https://www.amazon.com/dp/B09FXRY7CP,B09FXRY7CP,Energy Management: Big Data in Power Load Forecasting (CRC Press Focus Shortform Book Program),Valentin A. Boicea,Kindle,"Jun 27, 2021",
0,https://www.amazon.com/dp/B098Q7RC65,B098Q7RC65,"Biojet Fuel in Aviation Applications: Production, Usage and Impact of Biofuels","Cheng Tung Chong BEng, PhD, CEng, PEng, MIET",Kindle,"Jun 27, 2021",
0,https://www.amazon.com/dp/B0985NMLT1,B0985NMLT1,"Catalog - Public and Private, Movable and Fixed Equipments Volume 2",J. P. Francischi Jr,Kindle,"Jun 27, 2021",
0,https://www.amazon.com/dp/B0984QPW75,B0984QPW75,Making for Health Makerthon: Learning by Doing,Richard Ayah,Kindle,"Jun 27, 2021",
0,https://www.amazon.com/dp/B0983TDC82,B0983TDC82,Step By Step Introduction To Kindle Publishing,Akilah Greene,Kindle,"Jun 27, 2021",
0,https://www.amazon.com/dp/B0982ZJHWD,B0982ZJHWD,Kerala PSC Agricultural Officer Exam: Agriculture Objective Questions With Answers (Government Exams),Dr Chandresh Agrawal,Kindle,"Jun 27, 2021",
0,https://www.amazon.com/dp/B0982WGZG1,B0982WGZG1,"Design, Learning, and Innovation: 5th EAI International Conference, DLI 2020, Virtual Event, December 10-11, 2020, Proceedings (Lecture Notes of the ... ... Telecommunications Engineering Book 366)",Eva Irene Brooks,Kindle,"Jun 27, 2021",
0,https://www.amazon.com/dp/B0982VFLT2,B0982VFLT2,Scattering Theory for Transport Phenomena (Mathematical Physics Studies),Hassan Emamirad,Kindle,"Jun 27, 2021",
0,https://www.amazon.com/dp/B0982VDHG9,B0982VDHG9,Iron-Based Superconducting Thin Films (Springer Series in Materials Science Book 315),Silvia Haindl,Kindle,"Jun 27, 2021",
0,https://www.amazon.com/dp/B096N5HQT7,B096N5HQT7,Mathematical Modelling of Sediment Transport and Deposition in Reservoirs - Guidelines and Case Studies / Modélisation Mathématique du Transport et des ... de Cas (ICOLD Bulletins Series Book 140),Cigb Icold,Kindle,"Jun 27, 2021",
1,https://www.amazon.com/dp/B095WVWFKF,B095WVWFKF,Position Paper Dam Safety and Earthquakes (ICOLD Bulletins Series),CIGB ICOLD,Kindle,"Jun 27, 2021",
0,https://www.amazon.com/dp/B0943RTJQT,B0943RTJQT,Food Processing: Advances in Non-Thermal Technologies,Kshirod Kumar Dash,Kindle,"Jun 27, 2021",
0,https://www.amazon.com/dp/B093T4RGKC,B093T4RGKC,Food Processing: Advances in Thermal Technologies,Kshirod Kumar Dash,Kindle,"Jun 27, 2021",
0,https://www.amazon.com/dp/B09829W7GS,B09829W7GS,Capillary Electrophoresis: Methods and Protocols (Ebook PDF),Philippe Schmitt Kopplin,Kindle,"Jun 26, 2021",
0,https://www.amazon.com/dp/B09875Q45K,B09875Q45K,Environmental and Health Management of Novel Coronavirus Disease (COVID-19),Mohammad Hadi Dehghani PhD,Kindle,"Jun 26, 2021",
1,https://www.amazon.com/dp/B0981LXFVY,B0981LXFVY,Repair Your Own Appliances,Lenny Duval,Kindle,"Jun 26, 2021",
0,https://www.amazon.com/dp/B099TZT3NH,B099TZT3NH,Pattern Design,Muhammad Sheeraz,Kindle,"Jun 26, 2021",
0,https://www.amazon.com/dp/B099PL3J15,B099PL3J15,mRNA 3' End Processing and Metabolism (Methods in Enzymology),Bin Tian,Kindle,"Jun 26, 2021",
0,https://www.amazon.com/dp/B0982KV3FT,B0982KV3FT,Is There Life Beyond The Touch Screen? Understand the True Impact of Smartphone Addiction: Protect Your Mental Health Now and in the Future,Erwin Lima,Kindle,"Jun 26, 2021",
0,https://www.amazon.com/dp/B0982BCNXC,B0982BCNXC,An Introduction to Hospital Imaging Services (Hospital and Medical Clinic Design and Engineering Book 61),J. Paul Guyer,Kindle,"Jun 26, 2021",
0,https://www.amazon.com/dp/B09827HTS1,B09827HTS1,How to make UK railways a success and why British Railways were a cost efficient entity,Lee Jennings,Kindle,"Jun 26, 2021",
0,https://www.amazon.com/dp/B0981R7VJ6,B0981R7VJ6,"Sustainable Development Goals for Society Vol. 2: Food security, energy, climate action and biodiversity (Sustainable Development Goals Series)",Godwell Nhamo,Kindle,"Jun 26, 2021",
0,https://www.amazon.com/dp/B0981QZ7FL,B0981QZ7FL,A Brief History of Image Science and Technology in China,Congyao Han,Kindle,"Jun 26, 2021",
0,https://www.amazon.com/dp/B0981QZ3GY,B0981QZ3GY,"Advances in Human Aspects of Transportation: Proceedings of the AHFE 2021 Virtual Conference on Human Aspects of Transportation, July 25-29, 2021, USA (Lecture Notes in Networks and Systems Book 270)",Neville Stanton,Kindle,"Jun 26, 2021",
0,https://www.amazon.com/dp/B0981QPB9N,B0981QPB9N,"Chemically Deposited Nanocrystalline Metal Oxide Thin Films: Synthesis, Characterizations, and Applications",Fabian I. Ezema,Kindle,"Jun 26, 2021",
0,https://www.amazon.com/dp/B0981QNL1T,B0981QNL1T,Advances in Mechanical Engineering: Select Proceedings of CAMSE 2020 (Lecture Notes in Mechanical Engineering),Gaurav Manik,Kindle,"Jun 26, 2021",
0,https://www.amazon.com/dp/B0981QLQR3,B0981QLQR3,Fracture and Complexity: One Century since Griffith’s Milestone (Solid Mechanics and Its Applications Book 237),Alberto Carpinteri,Kindle,"Jun 26, 2021",
0,https://www.amazon.com/dp/B0981QL2S8,B0981QL2S8,"Advances in Human Factors in Training, Education, and Learning Sciences: Proceedings of the AHFE 2021 Virtual Conference on Human Factors in Training, ... Notes in Networks and Systems Book 269)",Salman Nazir,Kindle,"Jun 26, 2021",
0,https://www.amazon.com/dp/B0981QK5C9,B0981QK5C9,"Advances in Natural Computation, Fuzzy Systems and Knowledge Discovery (Lecture Notes on Data Engineering and Communications Technologies Book 88)",Hongying Meng,Kindle,"Jun 26, 2021",
0,https://www.amazon.com/dp/B0981Q9GZQ,B0981Q9GZQ,"Advances in Simulation and Digital Human Modeling: Proceedings of the AHFE 2021 Virtual Conferences on Human Factors and Simulation, and Digital Human ... Notes in Networks and Systems Book 264)",Julia L. Wright,Kindle,"Jun 26, 2021",
0,https://www.amazon.com/dp/B0981PY63P,B0981PY63P,"Soft Computing: Theories and Applications: Proceedings of SoCTA 2020, Volume 2 (Advances in Intelligent Systems and Computing Book 1381)",Tarun K. Sharma,Kindle,"Jun 26, 2021",
0,https://www.amazon.com/dp/B0981PR291,B0981PR291,"Advances in Human Factors in Robots, Unmanned Systems and Cybersecurity: Proceedings of the AHFE 2021 Virtual Conferences on Human Factors in Robots, Drones ... Notes in Networks and Systems Book 268)",Matteo Zallio,Kindle,"Jun 26, 2021",
1,https://www.amazon.com/dp/B097ZHVK79,B097ZHVK79,Contrast-Enhanced Ultrasound Imaging of Hepatic Neoplasms,Wen-Ping Wang,Kindle,"Jun 26, 2021",
0,https://www.amazon.com/dp/B097ZHF7JL,B097ZHF7JL,"Digital Technologies and Applications: Proceedings of ICDTA 21, Fez, Morocco (Lecture Notes in Networks and Systems Book 211)",Saad Motahhir,Kindle,"Jun 26, 2021",
0,https://www.amazon.com/dp/B099N5GNTS,B099N5GNTS,Processing Technology for Bio-Based Polymers: Advanced Strategies and Practical Aspects,Khalid Mahmood Zia,Kindle,"Jun 25, 2021",
0,https://www.amazon.com/dp/B0998YHMG5,B0998YHMG5,Nanostructured Photocatalysts: From Fundamental to Practical Applications,Van-Huy Nguyen,Kindle,"Jun 25, 2021",
0,https://www.amazon.com/dp/B097ZJW2YP,B097ZJW2YP,Renewable Energy Utilization Using Underground Energy Systems (Lecture Notes in Energy Book 84),Paweł Ocłoń,Kindle,"Jun 25, 2021",
0,https://www.amazon.com/dp/B097XP59TM,B097XP59TM,Supply Chain Management in Manufacturing and Service Systems: Advanced Analytics for Smarter Decisions (International Series in Operations Research & Management Science Book 304),Sharan Srinivas,Kindle,"Jun 25, 2021",
1,https://www.amazon.com/dp/B0981J9JZQ,B0981J9JZQ,Metaheuristics for Structural Design and Analysis,Yusuf Cengiz Toklu,Kindle,"Jun 25, 2021",
0,https://www.amazon.com/dp/B0981G1MQ4,B0981G1MQ4,Nano- and Biocatalysts for Biodiesel Production,Avinash P. Ingle,Kindle,"Jun 25, 2021",
0,https://www.amazon.com/dp/B097ZL9LDJ,B097ZL9LDJ,Proceedings of the First International Workshop on Intelligent Software Automation: ISEA 2020 (Advances in Intelligent Systems and Computing Book 1347),Sajid Anwar,Kindle,"Jun 25, 2021",
0,https://www.amazon.com/dp/B097ZKMDFD,B097ZKMDFD,"Digital Interaction and Machine Intelligence: Proceedings of MIDI’2020 – 8th Machine Intelligence and Digital Interaction Conference, December 9-10, 2020, ... Systems and Computing Book 1376)",Cezary Biele,Kindle,"Jun 25, 2021",
0,https://www.amazon.com/dp/B097ZJC38G,B097ZJC38G,Smart Villages: Bridging the Global Urban-Rural Divide,V. I. Lakshmanan,Kindle,"Jun 25, 2021",
0,https://www.amazon.com/dp/B097ZHXNSC,B097ZHXNSC,Smart Services Summit: Digital as an Enabler for Smart Service Business Development (Progress in IS),Shaun West,Kindle,"Jun 25, 2021",
0,https://www.amazon.com/dp/B097ZHPLKT,B097ZHPLKT,Recent Trends in Engineering Design: Select Proceedings of ICAST 2020 (Lecture Notes in Mechanical Engineering),Anand Parey,Kindle,"Jun 25, 2021",
0,https://www.amazon.com/dp/B097ZHFS4Z,B097ZHFS4Z,Staying on Top in Academia: A Primer for (Self-)Mentoring Young Researchers in Natural and Life Sciences,Arne Pommerening,Kindle,"Jun 25, 2021",
0,https://www.amazon.com/dp/B097Z817NK,B097Z817NK,Commercial use of High-level radioactive waste,hidefumi azuma,Kindle,"Jun 25, 2021",
4,https://www.amazon.com/dp/B097YHPD5Y,B097YHPD5Y,The Fourth Industrial Revolution,T Ngwane,Kindle,"Jun 25, 2021",
1,https://www.amazon.com/dp/B0CTBWHSGC,B0CTBWHSGC,Future of Sustainable Agriculture in Saline Environments,Katarzyna Negacz,Kindle,"Jun 24, 2021",
1,https://www.amazon.com/dp/B097XYVR8G,B097XYVR8G,Shaping an Inclusive Energy Transition,Margot P. C. Weijnen,Kindle,"Jun 24, 2021",
1,https://www.amazon.com/dp/B096Y11XWG,B096Y11XWG,Lost Lines of Wales: Llandovery to Craven Arms: Central Wales Line 2,Jamie Green,Kindle,"Jun 24, 2021",
1,https://www.amazon.com/dp/B098926S91,B098926S91,Electricity: Humanity's Low-carbon Future - Safeguarding Our Ecological Niche,Hans B (Teddy) Puttgen,Kindle,"Jun 24, 2021",
0,https://www.amazon.com/dp/B097ZN5FNY,B097ZN5FNY,Hydrocarbon Fluid Inclusions in Petroliferous Basins,Vivekanandan Nandakumar,Kindle,"Jun 24, 2021",
1,https://www.amazon.com/dp/B097Z18X1P,B097Z18X1P,"An Introduction to Metal Building, Exterior Insulation and Roofing Systems (Structural Engineering)",J. Paul Guyer,Kindle,"Jun 24, 2021",
2,https://www.amazon.com/dp/B097YP3NLZ,B097YP3NLZ,The Origins of Concrete Construction in Roman Architecture: Technology and Society in Republican Italy,Marcello Mogetta,Kindle,"Jun 24, 2021",
0,https://www.amazon.com/dp/B097XT8SW8,B097XT8SW8,Seismic Data Interpretation and Evaluation for Hydrocarbon Exploration and Production: A Practitioner’s Guide (Advances in Oil and Gas Exploration & Production),Niranjan C. Nanda,Kindle,"Jun 24, 2021",
1,https://www.amazon.com/dp/B097XM87WS,B097XM87WS,Technology Development for Security Practitioners (Security Informatics and Law Enforcement),Babak Akhgar,Kindle,"Jun 24, 2021",
0,https://www.amazon.com/dp/B097XJJ5HH,B097XJJ5HH,Predictive Control for Spacecraft Rendezvous (SpringerBriefs in Applied Sciences and Technology),Afonso Botelho,Kindle,"Jun 24, 2021",
0,https://www.amazon.com/dp/B0CZP7K1TY,B0CZP7K1TY,Extreme Environments: Unique Ecosystems – Amazing Microbes,Anita Pandey,Kindle,"Jun 24, 2021",
1,https://www.amazon.com/dp/B0CTBLK6V6,B0CTBLK6V6,Practicing Circular Economy,Prasad Modak,Kindle,"Jun 24, 2021",
0,https://www.amazon.com/dp/B09Q7LTCHR,B09Q7LTCHR,Chromatographic And Related Separation Techniques In Food Integrity And Authenticity (A 2-volume Set),Oscar Nunez,Kindle,"Jun 24, 2021",
1,https://www.amazon.com/dp/B0998Y4YQ1,B0998Y4YQ1,Curing Genetic Diseases through Genome Reprogramming (Progress in Molecular Biology and Translational Science),Gianluca Petris,Kindle,"Jun 24, 2021",
0,https://www.amazon.com/dp/B0993D1XQQ,B0993D1XQQ,Advanced Drug Delivery Systems in the Management of Cancer,Kamal Dua PhD,Kindle,"Jun 24, 2021",
0,https://www.amazon.com/dp/B09872D1KF,B09872D1KF,"Forest Resources Resilience and Conflicts: Mapping, Modeling, and Managing for Sustainable Livelihood",Pravat Kumar Shit,Kindle,"Jun 24, 2021",
0,https://www.amazon.com/dp/B097ZM45S1,B097ZM45S1,"Nuclear Decommissioning Case Studies: Policies, Strategies, Planning and Knowledge Management",Michele Laraia,Kindle,"Jun 24, 2021",
1,https://www.amazon.com/dp/B097Z5DZYG,B097Z5DZYG,Mutual Coupling Between Antennas,Trevor S. Bird,Kindle,"Jun 24, 2021",
0,https://www.amazon.com/dp/B097Z4TXD7,B097Z4TXD7,Policy Perspectives from Promising New Scholars in Complexity: Volume V,Liz Johnson,Kindle,"Jun 24, 2021",
0,https://www.amazon.com/dp/B097Z3ZZTW,B097Z3ZZTW,The World Through the Eyes of a Tiny Figure: A Micro Journey,Freddie Moses,Kindle,"Jun 24, 2021",
0,https://www.amazon.com/dp/B097Z33BBP,B097Z33BBP,How to produce Emulsion paint : Produce standard and premium paint in less than 30min,Marvellous  Emmanuel,Kindle,"Jun 24, 2021",
0,https://www.amazon.com/dp/B097YZ3CV5,B097YZ3CV5,Mostini Planet Next Level The World With Josammy Technology: Volume No. 2,Josammy Samba Ganga,Kindle,"Jun 24, 2021",
0,https://www.amazon.com/dp/B097YWW2LG,B097YWW2LG,Artificial Intelligence and Blockchain: What Ai Thinks of Blockchain,Syed Ali Murtuza,Kindle,"Jun 24, 2021",
0,https://www.amazon.com/dp/B097YVNCGD,B097YVNCGD,"BUILDING MATERIALS FOR SUSTAINABLE CONSTRUCTION: COMPLETE GUIDE FOR LATEST CONSTRUCTION MATERIALS AND COMPARISON OF ALTERNATIVES USEFUL FOR COST MANAGERS, DECISION MAKERS, DESIGNERS, ARCHITECTS,",GAURAV BHADANI,Kindle,"Jun 24, 2021",
0,https://www.amazon.com/dp/B097YKRYY7,B097YKRYY7,Lean techniques and methods,Capital Core Consulting,Kindle,"Jun 24, 2021",
0,https://www.amazon.com/dp/B097YFFCNK,B097YFFCNK,Plant biochemistry (Ebook PDF),P M  Dey,Kindle,"Jun 24, 2021",
1,https://www.amazon.com/dp/B097XQHGHX,B097XQHGHX,Managing Supply Chain Risk and Disruptions: Post COVID-19 (Management and Industrial Engineering),Aravind Raj Sakthivel,Kindle,"Jun 24, 2021",
1,https://www.amazon.com/dp/B097XNPPC3,B097XNPPC3,Recent Advances in Gearing: Scientific Theory and Applications,Stephen P. Radzevich,Kindle,"Jun 24, 2021",
1,https://www.amazon.com/dp/B097XJSNGQ,B097XJSNGQ,IgY-Technology: Production and Application of Egg Yolk Antibodies: Basic Knowledge for a Successful Practice,Xiao-Ying Zhang,Kindle,"Jun 24, 2021",
0,https://www.amazon.com/dp/B097XC3F9X,B097XC3F9X,Recent Advances in Information and Communication Technology 2021: Proceedings of the 17th International Conference on Computing and Information Technology ... Notes in Networks and Systems Book 251),Phayung Meesad,Kindle,"Jun 24, 2021",
2,https://www.amazon.com/dp/B097CJQ6RY,B097CJQ6RY,Lost Tramways of Ireland – Belfast,Peter Waller,Kindle,"Jun 24, 2021",
1,https://www.amazon.com/dp/B0971B6XCH,B0971B6XCH,The Challenges of Technology and Economic Catch-up in Emerging Economies,Jeong-Dong Lee,Kindle,"Jun 24, 2021",
5,https://www.amazon.com/dp/B096T6G9WZ,B096T6G9WZ,Lost Tramways of Scotland – Glasgow North,Peter Waller,Kindle,"Jun 24, 2021",
0,https://www.amazon.com/dp/B09553GDPL,B09553GDPL,Counter Electrode for Dye‐Sensitized Solar Cells,Alagarsamy Pandikumar,Kindle,"Jun 24, 2021",
0,https://www.amazon.com/dp/B0954SSKT5,B0954SSKT5,Semiconducting Polymers: Synthesis and Photophysical Properties,Raquel Aparecida Domingues,Kindle,"Jun 24, 2021",
0,https://www.amazon.com/dp/B09318S2M6,B09318S2M6,Signal Detection for Medical Scientists: Likelihood Ratio Test-based Methodology (Chapman & Hall/CRC Biostatistics Series),Ram Tiwari,Kindle,"Jun 24, 2021",
1,https://www.amazon.com/dp/B091F3S2N2,B091F3S2N2,"Monitoring Continuous Phenomena: Background, Methods and Solutions",Peter Lorkowski,Kindle,"Jun 24, 2021",
0,https://www.amazon.com/dp/B09874BGFK,B09874BGFK,Microgrid Protection and Control,Dehua Zheng,Kindle,"Jun 23, 2021",
0,https://www.amazon.com/dp/B09499RJWG,B09499RJWG,Handbook of Laser Technology and Applications: Laser Design and Laser Systems (Volume Two),Chunlei Guo,Kindle,"Jun 23, 2021",
1,https://www.amazon.com/dp/B0D4FK1L3Z,B0D4FK1L3Z,Designing Electrolytes for Lithium-Ion and Post-Lithium Batteries,Władysław Wieczorek,Kindle,"Jun 23, 2021",
0,https://www.amazon.com/dp/B0CZTSVV6H,B0CZTSVV6H,Interfaces Between Nanomaterials and Microbes,Munishwar Nath Gupta,Kindle,"Jun 23, 2021",
0,https://www.amazon.com/dp/B09FXSP2R7,B09FXSP2R7,Handbook of Laser Technology and Applications: Lasers Applications: Materials Processing and Spectroscopy (Volume Three),Chunlei Guo,Kindle,"Jun 23, 2021",
2,https://www.amazon.com/dp/B0993D517X,B0993D517X,Automotive Plastics and Composites: Materials and Processing (Plastics Design Library),Joseph P. Greene,Kindle,"Jun 23, 2021",
0,https://www.amazon.com/dp/B098Q8C1JJ,B098Q8C1JJ,Magnetic Nanoparticle-Based Hybrid Materials: Fundamentals and Applications (Woodhead Publishing Series in Electronic and Optical Materials),Andrea Ehrmann,Kindle,"Jun 23, 2021",
1,https://www.amazon.com/dp/B097Y6MNKK,B097Y6MNKK,Battery System Modeling,Shunli Wang PhD,Kindle,"Jun 23, 2021",
1,https://www.amazon.com/dp/B097XNFSHW,B097XNFSHW,Fundamentals of IoT Communication Technologies (Textbooks in Telecommunication Engineering),Rolando Herrero,Kindle,"Jun 23, 2021",
0,https://www.amazon.com/dp/B097SSP3Q1,B097SSP3Q1,"Handbook of Reinforcement Learning and Control (Studies in Systems, Decision and Control 325)",Kyriakos G. Vamvoudakis,Kindle,"Jun 23, 2021",
0,https://www.amazon.com/dp/B097SQPXLR,B097SQPXLR,"Advances in Intelligent Systems, Computer Science and Digital Economics II (Advances in Intelligent Systems and Computing Book 1402)",Zhengbing Hu,Kindle,"Jun 23, 2021",
0,https://www.amazon.com/dp/B097QZ5KBB,B097QZ5KBB,"Applied Reconfigurable Computing. Architectures, Tools, and Applications: 17th International Symposium, ARC 2021, Virtual Event, June 29–30, 2021, Proceedings ... Notes in Computer Science Book 12700)",Steven Derrien,Kindle,"Jun 23, 2021",
0,https://www.amazon.com/dp/B08ZSQNH2P,B08ZSQNH2P,Handbook of Laser Technology and Applications: Lasers: Principles and Operations (Volume One),Chunlei Guo,Kindle,"Jun 23, 2021",
2,https://www.amazon.com/dp/B08Y6KRY3D,B08Y6KRY3D,"Steel Rolling: Principle, Process & Application",N.K. Gupta,Kindle,"Jun 23, 2021",
0,https://www.amazon.com/dp/B0D1GRCRCW,B0D1GRCRCW,Environment Impact Assessment: Precept & Practice,K. M. Baharul Islam,Kindle,"Jun 23, 2021",
0,https://www.amazon.com/dp/B09FXRTN98,B09FXRTN98,"Handbook of Laser Technology and Applications: Laser Applications: Medical, Metrology and Communication (Volume Four)",Chunlei Guo,Kindle,"Jun 23, 2021",
0,https://www.amazon.com/dp/B098BTM2NF,B098BTM2NF,Theoretical method to increase the speed of continuous mapping in a three-dimensional laser scanning system using servomotors control,Lars Lindner,Kindle,"Jun 30, 2021",
0,https://www.amazon.com/dp/B097ZNMJQK,B097ZNMJQK,Mechanics of Smart Magneto-electro-elastic Nanostructures (Woodhead Publishing Series in Electronic and Optical Materials),Farzad Ebrahimi,Kindle,"Jun 23, 2021",
0,https://www.amazon.com/dp/B097ZLRQHC,B097ZLRQHC,"Graphene: Properties, Preparation, Characterization and Applications (Woodhead Publishing Series in Electronic and Optical Materials)",Viera Skakalova,Kindle,"Jun 23, 2021",
1,https://www.amazon.com/dp/B097Y7PGPM,B097Y7PGPM,Advancements in Intelligent Gas Metal Arc Welding Systems: Fundamentals and Applications (Woodhead Publishing Series in Welding and Other Joining Technologies),Paul Kah,Kindle,"Jun 23, 2021",
0,https://www.amazon.com/dp/B097Y6WYZ4,B097Y6WYZ4,Biomedical Signal Analysis for Connected Healthcare,Sridhar Krishnan,Kindle,"Jun 23, 2021",
0,https://www.amazon.com/dp/B097XWFS7T,B097XWFS7T,Integrated Approaches Towards Solid Waste Management,Ajay S. Kalamdhad,Kindle,"Jun 23, 2021",
0,https://www.amazon.com/dp/B097XSWQ7M,B097XSWQ7M,Innovative Mobile and Internet Services in Ubiquitous Computing: Proceedings of the 15th International Conference on Innovative Mobile and Internet Services ... Notes in Networks and Systems Book 279),Leonard Barolli,Kindle,"Jun 23, 2021",
0,https://www.amazon.com/dp/B097XRLLNR,B097XRLLNR,Emerging Technologies for Nanoparticle Manufacturing,Jayvadan K. Patel,Kindle,"Jun 23, 2021",
0,https://www.amazon.com/dp/B097XRG8TK,B097XRG8TK,Rapid Damage-Free Robotic Harvesting of Tomatoes (Springer Tracts in Mechanical Engineering),Jizhan Liu,Kindle,"Jun 23, 2021",
0,https://www.amazon.com/dp/B097XP7BMY,B097XP7BMY,Advances in Learning Automata and Intelligent Optimization (Intelligent Systems Reference Library Book 208),Javidan Kazemi Kordestani,Kindle,"Jun 23, 2021",
0,https://www.amazon.com/dp/B097XLBL4N,B097XLBL4N,Proceedings of the 22nd Engineering Applications of Neural Networks Conference: EANN 2021 (Proceedings of the International Neural Networks Society Book 3),Lazaros Iliadis,Kindle,"Jun 23, 2021",
0,https://www.amazon.com/dp/B097WXLT4H,B097WXLT4H,Digital System Design using FSMs: A Practical Learning Approach,Peter D. Minns,Kindle,"Jun 23, 2021",
0,https://www.amazon.com/dp/B097WJTTZQ,B097WJTTZQ,All of tips to cheaper car insurance: Simple Steps to Lower Your Auto Insurance Premium (guides to choosing the best insurance policies),Herbert Thomas,Kindle,"Jun 23, 2021",
2,https://www.amazon.com/dp/B097VBH8V1,B097VBH8V1,Cheer Yourself Up In The Digital Age: Quit social media,Padmaraj Nidagundi,Kindle,"Jun 23, 2021",
1,https://www.amazon.com/dp/B097TV3VD8,B097TV3VD8,Intelligent Innovation Revealed: Best Practices Distilled From Thousands of Businesses & Organizations,John Cogliandro,Kindle,"Jun 23, 2021",
0,https://www.amazon.com/dp/B097TS9WBL,B097TS9WBL,Two-dimensional Inorganic Nanomaterials for Conductive Polymer Nanocomposites (Issn),Chaoying Wan,Kindle,"Jun 23, 2021",
0,https://www.amazon.com/dp/B097TP3WC9,B097TP3WC9,DIY Hydroponics: A Beginner's Guide,Callum Jones,Kindle,"Jun 23, 2021",
0,https://www.amazon.com/dp/B097TN8WLG,B097TN8WLG,HOW TECHNOLOGY HAS HELPED TO IMPROVE SMALL BUSINESSES: A GENERAL OVERVIEW OF THE OUTSTANDING BENEFITS OF TECHNOLOGY IN IMPROVING BUSINESSES.,LIAM BENJAMIN,Kindle,"Jun 23, 2021",
0,https://www.amazon.com/dp/B097T7FY6L,B097T7FY6L,Smart Product-Service Systems,Pai Zheng,Kindle,"Jun 23, 2021",
0,https://www.amazon.com/dp/B097T34X9H,B097T34X9H,Systematic Methods of Water Quality Parameters Analysis: Analytical Methods,V. Ramani Bai Gopinath,Kindle,"Jun 23, 2021",
0,https://www.amazon.com/dp/B097SSHW4C,B097SSHW4C,Innovations in Industrial Engineering (Lecture Notes in Mechanical Engineering),José Machado,Kindle,"Jun 23, 2021",
0,https://www.amazon.com/dp/B097SSF6H8,B097SSF6H8,Computer and Information Science 2021—Summer (Studies in Computational Intelligence Book 985),Roger Lee,Kindle,"Jun 23, 2021",
0,https://www.amazon.com/dp/B097SR587Q,B097SR587Q,2021 International Conference on Applications and Techniques in Cyber Intelligence: Applications and Techniques in Cyber Intelligence (ATCI 2021) Volume ... Systems and Computing Book 1398),Jemal Abawajy,Kindle,"Jun 23, 2021",
0,https://www.amazon.com/dp/B097MPNM96,B097MPNM96,Historical Geotectonics - Palaeozoic: Russian Translations Series 115,V.E. Khain,Kindle,"Jun 23, 2021",
0,https://www.amazon.com/dp/B096RZ7R3F,B096RZ7R3F,"Environmental Vibrations: Prediction, Monitoring, Mitigation and Evaluation: Proceedings of the International Symposium on Environmental Vibrations, Okayama, Japan, September 20-22, 2005",Hirokazu Takemiya,Kindle,"Jun 23, 2021",
1,https://www.amazon.com/dp/B096KNMFDR,B096KNMFDR,Environmental Management in the Tropics: An Historical Perspective,Randall Baker,Kindle,"Jun 23, 2021",
0,https://www.amazon.com/dp/B096KM1PRZ,B096KM1PRZ,Role of Internal Friction in Dynamic Analysis of Structures: Russian Translations Series 81 (Russian Translation ; No 80),A.A. Kusainov,Kindle,"Jun 23, 2021",
0,https://www.amazon.com/dp/B096KL5H9S,B096KL5H9S,Geomechanical Modelling in Engineering Practice,R. Dungar,Kindle,"Jun 23, 2021",
0,https://www.amazon.com/dp/B096B46N3Q,B096B46N3Q,"Proceedings of the Second International Conference on Press-in Engineering 2021, Kochi, Japan",Tatsunori Matsumoto,Kindle,"Jun 23, 2021",
0,https://www.amazon.com/dp/B094C4SHDR,B094C4SHDR,Brain and Behavior Computing,Mridu Sahu,Kindle,"Jun 23, 2021",
0,https://www.amazon.com/dp/B093WX1J15,B093WX1J15,"Biomass Burning in South and Southeast Asia: Impacts on the Biosphere, Volume Two",Krishna Prasad Vadrevu,Kindle,"Jun 23, 2021",
0,https://www.amazon.com/dp/B093WRVVDR,B093WRVVDR,"Biomass Burning in South and Southeast Asia: Mapping and Monitoring, Volume One",Krishna Prasad Vadrevu,Kindle,"Jun 23, 2021",
0,https://www.amazon.com/dp/B092MPJRKF,B092MPJRKF,Soil Fertility and Nutrient Management: A Way to Sustainable Agriculture,A.S. Jadeja,Kindle,"Jun 23, 2021",
0,https://www.amazon.com/dp/B092MNT927,B092MNT927,Established and Emerging Practices for Soil and Crop Productivity,Avtar Singh Bimbraw,Kindle,"Jun 23, 2021",
0,https://www.amazon.com/dp/B092DK9Z4H,B092DK9Z4H,"Stochastics, Control and Robotics",Harish Parthasarathy,Kindle,"Jun 23, 2021",
2,https://www.amazon.com/dp/B09998B696,B09998B696,Headland-bay Beaches: Static Equilibrium Concept For Shoreline Management (Advanced Series On Ocean Engineering Book 53),Rong-chung John Hsu,Kindle,"Jun 22, 2021",
0,https://www.amazon.com/dp/B097Z471SC,B097Z471SC,Create Your Universal Legacy,David Sarmiento,Kindle,"Jun 22, 2021",
0,https://www.amazon.com/dp/B097Y7VH1R,B097Y7VH1R,Engineering Principles of Unit Operations in Food Processing: Unit Operations and Processing Equipment in the Food Industry,Seid Mahdi Jafari,Kindle,"Jun 22, 2021",
3,https://www.amazon.com/dp/B097QWSTWY,B097QWSTWY,"The Future of the Automotive Industry: The Disruptive Forces of AI, Data Analytics, and Digitization",Inma Martínez,Kindle,"Jun 22, 2021",
4,https://www.amazon.com/dp/B097QLZQBS,B097QLZQBS,Sequence Control with Raspberry Pi + Arduino UNO and OpenPLC,Toshinori Fujii,Kindle,"Jun 22, 2021",
0,https://www.amazon.com/dp/B0CTBPZKN2,B0CTBPZKN2,Operational Excellence in the New Digital Era (Analytics and Control),Adedeji B. Badiru,Kindle,"Jun 22, 2021",
0,https://www.amazon.com/dp/B098NZ2GDZ,B098NZ2GDZ,"Nanotechnology For Electronics, Biosensors, Additive Manufacturing And Emerging Systems Applications (Selected Topics In Electronics And Systems Book 65)",Faquir C Jain,Kindle,"Jun 22, 2021",
0,https://www.amazon.com/dp/B098K35X9G,B098K35X9G,Maxwell Displacement Current And Optical Second-harmonic Generation In Organic Materials: Analysis And Application For Organic Electronics,Mitsumasa Iwamoto,Kindle,"Jun 22, 2021",
0,https://www.amazon.com/dp/B097Y77961,B097Y77961,Polymeric Supports for Enzyme Immobilization: Opportunities and Applications,Alka Dwevedi,Kindle,"Jun 22, 2021",
0,https://www.amazon.com/dp/B097T81PHB,B097T81PHB,Residual Stresses in Composite Materials (Woodhead Publishing Series in Composites Science and Engineering),Mahmood M. Shokrieh,Kindle,"Jun 22, 2021",
0,https://www.amazon.com/dp/B097T72GBM,B097T72GBM,The Inductive Brain in Development and Evolution,Nelson R Cabej,Kindle,"Jun 22, 2021",
0,https://www.amazon.com/dp/B097T6Y6VM,B097T6Y6VM,Nanomedicine Manufacturing and Applications (Micro and Nano Technologies),Francis Verpoort,Kindle,"Jun 22, 2021",
0,https://www.amazon.com/dp/B097SBVCTZ,B097SBVCTZ,Cultural Commons in the Digital Ecosystem,Maud Pelissier,Kindle,"Jun 22, 2021",
0,https://www.amazon.com/dp/B097S3XW3W,B097S3XW3W,"Creating a Profitable Video with No Crew: A lone creator's field guide to making practical, affordable, and compelling business video fast",Herbert Johnson,Kindle,"Jun 22, 2021",
0,https://www.amazon.com/dp/B097S2CYFZ,B097S2CYFZ,The Little Book of Digital Marketing,kantesh siddiah,Kindle,"Jun 22, 2021",
0,https://www.amazon.com/dp/B097RZKR72,B097RZKR72,"An Introduction to Metal Stud, Precast Concrete and Stone Panel Building Wall Systems (Architecture)",J. Paul Guyer,Kindle,"Jun 22, 2021",
0,https://www.amazon.com/dp/B097RPQMDL,B097RPQMDL,JavaScript for beginners: Start with JavaScript,J. Larrington,Kindle,"Jun 22, 2021",
0,https://www.amazon.com/dp/B097RM9T5L,B097RM9T5L,College to Corporate series Book 3 : Steam Engineering : Live Engineering for Budding Professionals,Subhankar Raha,Kindle,"Jun 22, 2021",
1,https://www.amazon.com/dp/B097R566YH,B097R566YH,"Connected and Automated Vehicles: Developing Policies, Designing Programs, and Deploying Projects: From Policy to Practice",Raj Ponnaluri,Kindle,"Jun 22, 2021",
0,https://www.amazon.com/dp/B097R47G9P,B097R47G9P,Mathematical Modeling of Swimming Soft Microrobots,Islam S.M. Khalil Ph.D,Kindle,"Jun 22, 2021",
0,https://www.amazon.com/dp/B097QYT4SM,B097QYT4SM,"Network and Parallel Computing: 17th IFIP WG 10.3 International Conference, NPC 2020, Zhengzhou, China, September 28–30, 2020, Revised Selected Papers (Lecture Notes in Computer Science Book 12639)",Xin He,Kindle,"Jun 22, 2021",
0,https://www.amazon.com/dp/B097QYGKJL,B097QYGKJL,Soft Computing for Intelligent Systems: Proceedings of ICSCIS 2020 (Algorithms for Intelligent Systems),Nikhil Marriwala,Kindle,"Jun 22, 2021",
0,https://www.amazon.com/dp/B097QYG62M,B097QYG62M,"Persuasive Technology: 16th International Conference, PERSUASIVE 2021, Virtual Event, April 12–14, 2021, Proceedings (Lecture Notes in Computer Science Book 12684)",Raian Ali,Kindle,"Jun 22, 2021",
0,https://www.amazon.com/dp/B097QY94MK,B097QY94MK,Advances in Materials Processing and Manufacturing Applications: Proceedings of iCADMA 2020 (Lecture Notes in Mechanical Engineering),Amar Patnaik,Kindle,"Jun 22, 2021",
0,https://www.amazon.com/dp/B097QY853M,B097QY853M,Intelligent Data Analysis for COVID-19 Pandemic (Algorithms for Intelligent Systems),M. Niranjanamurthy,Kindle,"Jun 22, 2021",
2,https://www.amazon.com/dp/B097QY6SX4,B097QY6SX4,Fungal Diseases in Animals: From Infections to Prevention (Fungal Biology),Arti Gupta,Kindle,"Jun 22, 2021",
1,https://www.amazon.com/dp/B097QY6KTJ,B097QY6KTJ,"Implementation and Application of Automata: 25th International Conference, CIAA 2021, Virtual Event, July 19-22, 2021, Proceedings (Lecture Notes in Computer Science Book 12803)",Sebastian Maneth,Kindle,"Jun 22, 2021",
1,https://www.amazon.com/dp/B0CTBQFZSK,B0CTBQFZSK,Error and Fraud: The Dark Side of Biomedical Research,Geoffrey Webb,Kindle,"Jun 21, 2021",
1,https://www.amazon.com/dp/B09M4BZ459,B09M4BZ459,Multiferroics: Fundamentals and Applications,Andres Cano,Kindle,"Jun 21, 2021",
0,https://www.amazon.com/dp/B097QXT9WD,B097QXT9WD,Advances in Machining of Composite Materials: Conventional and Non-conventional Processes (Engineering Materials),Islam Shyha,Kindle,"Jun 21, 2021",
0,https://www.amazon.com/dp/B097Q2JJ29,B097Q2JJ29,Steel Addicts: Why we love steel and how we can make our industry better (Business growth book),Michael Krajewski,Kindle,"Jun 21, 2021",
1,https://www.amazon.com/dp/B097P6N2B3,B097P6N2B3,Energy Management and Energy Efficiency in Industry: Practical Examples (Green Energy and Technology),Durmuş Kaya,Kindle,"Jun 21, 2021",
2,https://www.amazon.com/dp/B09ZHJ5PLP,B09ZHJ5PLP,Walking The Line,Stan Abbott,Kindle,"Jun 21, 2021",
0,https://www.amazon.com/dp/B09M4FHXVJ,B09M4FHXVJ,Computational Chemistry: Applications and New Technologies,Ponnadurai Ramasami,Kindle,"Jun 21, 2021",
1,https://www.amazon.com/dp/B09M4CJ3DL,B09M4CJ3DL,Downstream Processing in Biotechnology,Venko N. Beschkov,Kindle,"Jun 21, 2021",
0,https://www.amazon.com/dp/B09DB9VD7Q,B09DB9VD7Q,100 Climate Actions from Cities in Asia and the Pacific,Asian Development Bank,Kindle,"Jun 21, 2021",
0,https://www.amazon.com/dp/B09CGWRR5B,B09CGWRR5B,Asia’s Energy Revolution: China’s Role and New Opportunities as Markets Transform and Digitalise,Joseph Jacobelli,Kindle,"Jun 21, 2021",
0,https://www.amazon.com/dp/B097QZLS9N,B097QZLS9N,"Computer Networks, Big Data and IoT: Proceedings of ICCBI 2020 (Lecture Notes on Data Engineering and Communications Technologies Book 66)",A.Pasumpon Pandian,Kindle,"Jun 21, 2021",
0,https://www.amazon.com/dp/B097QZ8KPG,B097QZ8KPG,A Holistic Approach to Ship Design: Volume 2: Application Case Studies,Apostolos Papanikolaou,Kindle,"Jun 21, 2021",
0,https://www.amazon.com/dp/B097QYJDZV,B097QYJDZV,Advances in Water Resources and Transportation Engineering: Select Proceedings of TRACE 2020 (Lecture Notes in Civil Engineering Book 149),Yusuf A. Mehta,Kindle,"Jun 21, 2021",
0,https://www.amazon.com/dp/B097QYC8LG,B097QYC8LG,Intelligent Computing and Communication Systems (Algorithms for Intelligent Systems),Brahmjit Singh,Kindle,"Jun 21, 2021",
0,https://www.amazon.com/dp/B097QJGS53,B097QJGS53,EV - Electric Vehicles Come Home (The Transition to Electric Vehicles Book 4),Dale Stubbart,Kindle,"Jun 21, 2021",
0,https://www.amazon.com/dp/B097QFVZCR,B097QFVZCR,"Cyclized Helical Peptides: Synthesis, Properties and Therapeutic Applications",Zigang Li,Kindle,"Jun 21, 2021",
0,https://www.amazon.com/dp/B097QDZKV7,B097QDZKV7,White Paper Example: Case Study State of Florida Equal Employment Opportunity Commission Scam,PM Assistant LLC,Kindle,"Jun 21, 2021",
3,https://www.amazon.com/dp/B097QDPMM8,B097QDPMM8,Peaks & Valleys and Memoirs In Between,"Arthur W. ""Doc"" Zimmerman",Kindle,"Jun 21, 2021",
0,https://www.amazon.com/dp/B097Q95TS7,B097Q95TS7,"An Introduction to Glass and Metal, and Masonry Building Wall Systems (Architecture)",J. Paul Guyer,Kindle,"Jun 21, 2021",
0,https://www.amazon.com/dp/B097Q69DF8,B097Q69DF8,Opto Semiconductor Devices: Study Material,Kavita S Mara,Kindle,"Jun 21, 2021",
1,https://www.amazon.com/dp/B097PGDL2B,B097PGDL2B,Computer Networks MCQ's with Key Answers,Arockia Panimalar S,Kindle,"Jun 21, 2021",
0,https://www.amazon.com/dp/B097P63MZ2,B097P63MZ2,Regenerative Agriculture: What’s Missing? What Do We Still Need to Know?,David Dent,Kindle,"Jun 21, 2021",
0,https://www.amazon.com/dp/B097P56DC7,B097P56DC7,Nanoparticles for Drug Delivery (Gels Horizons: From Science to Smart Materials),K. S. Joshy,Kindle,"Jun 21, 2021",
2,https://www.amazon.com/dp/B097NYV3WY,B097NYV3WY,How to make great Architecture,Cat's  Lore,Kindle,"Jun 21, 2021",
0,https://www.amazon.com/dp/B097N6NN94,B097N6NN94,Learning Experience Design: Embracing human diversity through educational technology,Alessia Brischetto,Kindle,"Jun 21, 2021",
1,https://www.amazon.com/dp/B09355RJ3H,B09355RJ3H,Achieving Product Reliability: A Key to Business Success (ASA-CRC Series on Statistical Reasoning in Science and Society),Necip Doganaksoy,Kindle,"Jun 21, 2021",
0,https://www.amazon.com/dp/B0933J2JHQ,B0933J2JHQ,Robot Learning Human Skills and Intelligent Control Design,Chenguang Yang,Kindle,"Jun 21, 2021",
2,https://www.amazon.com/dp/B09714BQ2X,B09714BQ2X,"Modern Trends in Research on Steel, Aluminium and Composite Structures: PROCEEDINGS OF THE XIV INTERNATIONAL CONFERENCE ON METAL STRUCTURES (ICMS2021), POZNAŃ, POLAND, 16-18 JUNE 2021",Marian Giżejowski,Kindle,18 JUNE 2021,
0,https://www.amazon.com/dp/B097MB4HJZ,B097MB4HJZ,Chances and Risks in Construction Management and Economics: A Systemic Approach to Dealing with Models and Uncertainties (Springer Tracts in Civil Engineering),Christian Hofstadler,Kindle,"Jun 20, 2021",
0,https://www.amazon.com/dp/B09443PJ6C,B09443PJ6C,Functional Reverse Engineering of Strategic and Non-Strategic Machine Tools (Computers in Engineering Design and Manufacturing),Wasim Ahmed Khan,Kindle,"Jun 20, 2021",
0,https://www.amazon.com/dp/B0933L4NXL,B0933L4NXL,Artificial Intelligence in Mechanical and Industrial Engineering (Artificial Intelligence (AI) in Engineering),Kaushik Kumar,Kindle,"Jun 20, 2021",
1,https://www.amazon.com/dp/B09318TPNT,B09318TPNT,Intermediate Offshore Foundations,Steve Kay,Kindle,"Jun 20, 2021",
1,https://www.amazon.com/dp/B097NS1Z5W,B097NS1Z5W,Downtown Los Angeles Curated City Guide: Travel Like a Designer (Curated City Guides for the Visually Minded),Tina Dhillon,Kindle,"Jun 20, 2021",
1,https://www.amazon.com/dp/B097NKK59L,B097NKK59L,An Introduction to Design of Building Envelopes for Thermal Efficiency and Airtightness (Architecture),J. Paul Guyer,Kindle,"Jun 20, 2021",
4,https://www.amazon.com/dp/B097NJ67T8,B097NJ67T8,CAR STORY - From Rust to Riches,Eddy Glass,Kindle,"Jun 20, 2021",
0,https://www.amazon.com/dp/B097ND381V,B097ND381V,How to Become the Best eBOOK Bestseller,Abubakar  Shekara,Kindle,"Jun 20, 2021",
0,https://www.amazon.com/dp/B097N98Z4H,B097N98Z4H,Army Techniques Publication ATP 4-71 Contracting Support Brigade June 2021,United States Government US Army,Kindle,"Jun 20, 2021",
0,https://www.amazon.com/dp/B097MRVRHW,B097MRVRHW,Haryana Agriculture Development Officer Exam: Agriculture Practice Sets With Answers (Government Exams),Dr Chandresh Agrawal,Kindle,"Jun 20, 2021",
0,https://www.amazon.com/dp/B097M9Y9BM,B097M9Y9BM,"Round-Robin Test on Creep Behaviour in Cracked Sections of FRC: Experimental Program, Results and Database Analysis: State-of-the-Art Report of the RILEM ... (RILEM State-of-the-Art Reports Book 34)",Aitor Llano-Torre,Kindle,"Jun 20, 2021",
0,https://www.amazon.com/dp/B097M6L5ZN,B097M6L5ZN,Local Government Guide to Border Security: Taking back the border,bordercommerce group,Kindle,"Jun 20, 2021",
0,https://www.amazon.com/dp/B097BFBKSF,B097BFBKSF,Immunologically yours,Balaram  Sahu,Kindle,"Jun 20, 2021",
0,https://www.amazon.com/dp/B097R3RCTK,B097R3RCTK,Artificial Intelligence for Future Generation Robotics,Rabindra Nath Shaw,Kindle,"Jun 19, 2021",
0,https://www.amazon.com/dp/B097M9VRWX,B097M9VRWX,"Natural Language Processing and Information Systems: 26th International Conference on Applications of Natural Language to Information Systems, NLDB 2021, ... Notes in Computer Science Book 12801)",Elisabeth Métais,Kindle,"Jun 19, 2021",
0,https://www.amazon.com/dp/B097L5QFLJ,B097L5QFLJ,Surfactants in Upstream E&P (Petroleum Engineering),Theis Solling,Kindle,"Jun 19, 2021",
1,https://www.amazon.com/dp/B097L4VWLJ,B097L4VWLJ,Modeling Explosions and Blast Waves,K. Ramamurthi,Kindle,"Jun 19, 2021",
0,https://www.amazon.com/dp/B097T6X6RZ,B097T6X6RZ,Bioimpedance and Spectroscopy,Paul Annus,Kindle,"Jun 19, 2021",
0,https://www.amazon.com/dp/B097MBWFCL,B097MBWFCL,Ecosystem Collapse and Climate Change (Ecological Studies Book 241),Josep G. Canadell,Kindle,"Jun 19, 2021",
0,https://www.amazon.com/dp/B097MBJBF1,B097MBJBF1,Municipal Solid Waste Landfill Technology in Japan (Environmental Science and Engineering),Sotaro Higuchi,Kindle,"Jun 19, 2021",
2,https://www.amazon.com/dp/B097LTM4HB,B097LTM4HB,Secrets And Tips For The Beginner Commercial Truck Driver,C. Simmons,Kindle,"Jun 19, 2021",
0,https://www.amazon.com/dp/B097LMGN16,B097LMGN16,DESIGNING & APPLICATION OF SOLAR SYSTEM,DR. DHARMENDRA SINGH,Kindle,"Jun 19, 2021",
0,https://www.amazon.com/dp/B097LLZSBL,B097LLZSBL,Zero Carbon Roadmap: Practical ways to reduce your carbon footprint,Steve Shelley,Kindle,"Jun 19, 2021",
0,https://www.amazon.com/dp/B097LK5KFR,B097LK5KFR,Applied and Computational Fluid Mechanics,Scott Post,Kindle,"Jun 19, 2021",
0,https://www.amazon.com/dp/B097L61WW8,B097L61WW8,Data Science and Medical Informatics in Healthcare Technologies (SpringerBriefs in Applied Sciences and Technology),Nguyen Thi Dieu Linh,Kindle,"Jun 19, 2021",
0,https://www.amazon.com/dp/B097L5DSN6,B097L5DSN6,Techno-Societal 2020: Proceedings of the 3rd International Conference on Advanced Technologies for Societal Applications—Volume 2,Prashant M. Pawar,Kindle,"Jun 19, 2021",
0,https://www.amazon.com/dp/B097L53K8V,B097L53K8V,Cylindrical Vibratory Gyroscope (Springer Tracts in Mechanical Engineering),Xuezhong Wu,Kindle,"Jun 19, 2021",
0,https://www.amazon.com/dp/B097L3CGV7,B097L3CGV7,Intelligent Manufacturing and Mechatronics: Proceedings of SympoSIMM 2020 (Lecture Notes in Mechanical Engineering),Muhammad Syahril Bahari,Kindle,"Jun 19, 2021",
0,https://www.amazon.com/dp/B097KZ97DL,B097KZ97DL,TNPSC-Tamilnadu Assistant Horticulture Officer Exam: Horticulture Practice Sets With Answers,Dr Chandresh Agrawal,Kindle,"Jun 19, 2021",
0,https://www.amazon.com/dp/B091K225P2,B091K225P2,THE DIAMOND: A FAULT-FINDING FRAMEWORK,PHIL CHANG,Kindle,"Jun 19, 2021",
0,https://www.amazon.com/dp/B097L4KRLB,B097L4KRLB,New Business Models for the Reuse of Secondary Resources from WEEEs: The FENIX Project (SpringerBriefs in Applied Sciences and Technology),Paolo Rosa,Kindle,"Jun 18, 2021",
0,https://www.amazon.com/dp/B097JLL367,B097JLL367,"Machine Learning in Elite Volleyball: Integrating Performance Analysis, Competition and Training Strategies (SpringerBriefs in Applied Sciences and Technology)",Rabiu Muazu Musa,Kindle,"Jun 18, 2021",
0,https://www.amazon.com/dp/B097JLNFSS,B097JLNFSS,The Never-Ending Story of Life: A Brief Journey through Concepts of Biology,Carlos E. Semino,Kindle,"Jun 18, 2021",
0,https://www.amazon.com/dp/B097JMSKTK,B097JMSKTK,Artificial Intelligence in Construction Engineering and Management (Lecture Notes in Civil Engineering Book 163),Limao Zhang,Kindle,"Jun 18, 2021",
0,https://www.amazon.com/dp/B098K623XQ,B098K623XQ,"Thin Film Physics And Devices: Fundamental Mechanism, Materials And Applications For Thin Films",Jianguo Zhu,Kindle,"Jun 18, 2021",
2,https://www.amazon.com/dp/B097NKK41Q,B097NKK41Q,Applied Multidimensional Geological Modeling: Informing Sustainable Human Interactions with the Shallow Subsurface,Alan Keith Turner,Kindle,"Jun 18, 2021",
0,https://www.amazon.com/dp/B097L6BV34,B097L6BV34,Industrially Important Fungi for Sustainable Development: Volume 1: Biodiversity and Ecological Perspectives (Fungal Biology),Ahmed M. Abdel-Azeem,Kindle,"Jun 18, 2021",
1,https://www.amazon.com/dp/B097L53ZX5,B097L53ZX5,"Writing Futures: Collaborative, Algorithmic, Autonomous (Studies in Computational Intelligence Book 969)",Ann Hill Duin,Kindle,"Jun 18, 2021",
0,https://www.amazon.com/dp/B097JLBPJ2,B097JLBPJ2,Practical Cold Spray,Victor Kenneth Champagne Jr.,Kindle,"Jun 18, 2021",
0,https://www.amazon.com/dp/B097R64YDS,B097R64YDS,"Composite Materials: Manufacturing, Properties and Applications",It Meng Low,Kindle,"Jun 18, 2021",
1,https://www.amazon.com/dp/B097PCN7G1,B097PCN7G1,Offshore Projects and Engineering Management,Mohamed A. El-Reedy,Kindle,"Jun 18, 2021",
0,https://www.amazon.com/dp/B097KMDRHP,B097KMDRHP,An Introduction to Bulk Fuel Storage Facilities (Petroleum Handling Engineering),J. Paul Guyer,Kindle,"Jun 18, 2021",
0,https://www.amazon.com/dp/B097KHMSMC,B097KHMSMC,Corrosion Protection of Building Materials,Dr. Rajesh Kumar  Singh,Kindle,"Jun 18, 2021",
0,https://www.amazon.com/dp/B097KCY245,B097KCY245,An Introduction to Sacrificial Anode and Impressed Current Cathodic Protection Engineering,J. Paul Guyer,Kindle,"Jun 18, 2021",
2,https://www.amazon.com/dp/B097JT6LP5,B097JT6LP5,"Power Electronic System Design: Linking Differential Equations, Linear Algebra, and Implicit Functions",Keng C. Wu,Kindle,"Jun 18, 2021",
0,https://www.amazon.com/dp/B097JPB9WB,B097JPB9WB,Neural Network-Based Adaptive Control of Uncertain Nonlinear Systems,Kasra Esfandiari,Kindle,"Jun 18, 2021",
0,https://www.amazon.com/dp/B097JNDZ6C,B097JNDZ6C,"Computer Communication, Networking and IoT: Proceedings of ICICC 2020 (Lecture Notes in Networks and Systems Book 197)",Vikrant Bhateja,Kindle,"Jun 18, 2021",
0,https://www.amazon.com/dp/B097JM1BH8,B097JM1BH8,Diagnostic of Concrete Samples Affected by Internal Swelling Reactions (Building Pathology and Rehabilitation Book 21),António C. Azevedo,Kindle,"Jun 18, 2021",
1,https://www.amazon.com/dp/B097JB7JQY,B097JB7JQY,BIRTH OF A SALESMAN: How A Deep Geek Became A Proud Car Salesman,Steven Winnett,Kindle,"Jun 18, 2021",
0,https://www.amazon.com/dp/B097H3JGCP,B097H3JGCP,Structured Light for Optical Communication (Nanophotonics),Mohammad D. Al-Amri,Kindle,"Jun 18, 2021",
3,https://www.amazon.com/dp/B08ZSRWBCK,B08ZSRWBCK,Synchronizing 5G Mobile Networks,Dennis Hagarty,Kindle,"Jun 21, 2021",
0,https://www.amazon.com/dp/B097J5JXFR,B097J5JXFR,Future Land Weapons (Shekhar's Sc.&Tech.),Himanshu Shekhar,Kindle,"Jun 17, 2021",
0,https://www.amazon.com/dp/B097T2QPG6,B097T2QPG6,Fixing Genes and Treating Disease: A Book About Gene Therapy,Maria Kefalas,Kindle,"Jun 17, 2021",
0,https://www.amazon.com/dp/B097MK2NNF,B097MK2NNF,Lignocellulosic Biomass to Value-Added Products: Fundamental Strategies and Technological Advancements,Mihir Kumar Purkait PhD,Kindle,"Jun 17, 2021",
0,https://www.amazon.com/dp/B097JRT26V,B097JRT26V,Biologically Active Peptides: From Basic Science to Applications for Human Health,Fidel Toldra PhD,Kindle,"Jun 17, 2021",
0,https://www.amazon.com/dp/B097J32T5M,B097J32T5M,"How to Read Oil History If You're an Average Joe: or, E. K. Warren and Son (Three Oaks, Michigan) and Oil in Three Western States",Matthew M. Day,Kindle,"Jun 17, 2021",
0,https://www.amazon.com/dp/B097GKQB5D,B097GKQB5D,"Towards Connected and Autonomous Vehicle Highways: Technical, Security and Social Challenges (EAI/Springer Innovations in Communication and Computing)",Umar Zakir Abdul Hamid,Kindle,"Jun 17, 2021",
2,https://www.amazon.com/dp/B093X4GNS1,B093X4GNS1,New Mobilities: Smart Planning for Emerging Transportation Technologies,Todd Litman,Kindle,"Jun 17, 2021",
0,https://www.amazon.com/dp/B0937CW4P4,B0937CW4P4,Teaching Electromagnetics: Innovative Approaches and Pedagogical Strategies,Krishnasamy T. Selvan,Kindle,"Jun 17, 2021",
0,https://www.amazon.com/dp/B0D1W1NZZV,B0D1W1NZZV,"Reliability and Safety of Cable-Supported Bridges (Resilience and Sustainability in Civil, Mechanical, Aerospace and Manufacturing Engineering Systems)",Naiwei Lu,Kindle,"Jun 17, 2021",
0,https://www.amazon.com/dp/B09ZVL7MCG,B09ZVL7MCG,Specific Considerations in the Assessment of the Status of the National Nuclear Infrastructure for a New Research Reactor Programme (IAEA Nuclear Energy Series),IAEA,Kindle,"Jun 17, 2021",
2,https://www.amazon.com/dp/B097Z1ZFDC,B097Z1ZFDC,Pollution Free Environment,Bhupindar Singh,Kindle,"Jun 17, 2021",
0,https://www.amazon.com/dp/B097LMC8GR,B097LMC8GR,NMR and MRI of Electrochemical Energy Storage Materials and Devices (ISSN),Yong Yang,Kindle,"Jun 17, 2021",
0,https://www.amazon.com/dp/B097JNZL2K,B097JNZL2K,"Pollution Control Technologies: Current Status and Future Prospects (Energy, Environment, and Sustainability)",Swatantra P. Singh,Kindle,"Jun 17, 2021",
1,https://www.amazon.com/dp/B097JL2PNR,B097JL2PNR,Fracture Sonography: A Comprehensive Clinical Guide,Ole Ackermann,Kindle,"Jun 17, 2021",
0,https://www.amazon.com/dp/B097JJBRJR,B097JJBRJR,Proceedings of the International Field Exploration and Development Conference 2020 (Springer Series in Geomechanics and Geoengineering),Jia'en Lin,Kindle,"Jun 17, 2021",
0,https://www.amazon.com/dp/B097J4X6KV,B097J4X6KV,COMMUTE,Irvina Calvert,Kindle,"Jun 17, 2021",
2,https://www.amazon.com/dp/B097J3X8G2,B097J3X8G2,Chief Health and Medical Officer's Spaceflight Mishap Investigation Flight Surgeon Handbook: A Quick Reference Guide for Mishap Investigations,J.D. Polk,Kindle,"Jun 17, 2021",
0,https://www.amazon.com/dp/B097J2W4V1,B097J2W4V1,Great Astronomers: Edmond Halley Illustrated,Robert Stawell Ball,Kindle,"Jun 17, 2021",
0,https://www.amazon.com/dp/B097HKCVPY,B097HKCVPY,"Machine Learning and AI Programming is Hacking the Human Code: Learn the History of Computer Science, Networking and Algorithms",Eugene Giehl,Kindle,"Jun 17, 2021",
0,https://www.amazon.com/dp/B097H4B56S,B097H4B56S,Advances in Microbial Physiology (Volume 78),Robert K. Poole,Kindle,"Jun 17, 2021",
0,https://www.amazon.com/dp/B097GTND45,B097GTND45,Method for Optimizing the Tool and Process Design for Bevel Gear Plunging Processes (Ergebnisse aus der Produktionstechnik),Julia Mazak,Kindle,"Jun 17, 2021",
0,https://www.amazon.com/dp/B097GRWXH5,B097GRWXH5,Ruthenium-Containing Polymers,Ulrich S. Schubert,Kindle,"Jun 17, 2021",
0,https://www.amazon.com/dp/B097GJKVQ6,B097GJKVQ6,Those of us left Alive,Joaquin  Andrade,Kindle,"Jun 17, 2021",
0,https://www.amazon.com/dp/B097GD48R4,B097GD48R4,Bio-manufactured Nanomaterials: Perspectives and Promotion,Kaushik Pal,Kindle,"Jun 17, 2021",
0,https://www.amazon.com/dp/B097DWLCJL,B097DWLCJL,Mem-elements for Neuromorphic Circuits with Artificial Intelligence Applications (Advances in Nonlinear Dynamical Systems and Roboticss (ANDC)),Christos Volos,Kindle,"Jun 17, 2021",
0,https://www.amazon.com/dp/B097D6TCFY,B097D6TCFY,Advances in Medical Physics and Healthcare Engineering: Proceedings of AMPHE 2020 (Lecture Notes in Bioengineering),Moumita Mukherjee,Kindle,"Jun 17, 2021",
0,https://www.amazon.com/dp/B095KD9XD1,B095KD9XD1,Biomedical Measurement Systems and Data Science,Michael Insana,Kindle,"Jun 17, 2021",
0,https://www.amazon.com/dp/B08ZNG1GNB,B08ZNG1GNB,Nitrogen in Agricultural Landscape,Lech Wojciech Szajdak,Kindle,"Jun 17, 2021",
0,https://www.amazon.com/dp/B08X94LBQP,B08X94LBQP,Nanostructured Titanium Dioxide in Photocatalysis,It-Meng Low,Kindle,"Jun 17, 2021",
0,https://www.amazon.com/dp/B08VQ688K3,B08VQ688K3,Nanomaterials for Spectroscopic Applications,Kaushik Pal,Kindle,"Jun 17, 2021",
2,https://www.amazon.com/dp/B097D6LLPJ,B097D6LLPJ,Photonics Explained Simply: How Light Revolutionizes the Industry (essentials),Patrick Steglich,Kindle,"Jun 16, 2021",
3,https://www.amazon.com/dp/B092KFXC52,B092KFXC52,Dilemmas of Energy Transitions in the Global South: Balancing Urgency and Justice (Routledge Explorations in Energy Studies),Ankit Kumar,Kindle,"Jun 16, 2021",
0,https://www.amazon.com/dp/B092ZX5XDG,B092ZX5XDG,The Science of Environmental Pollution,Frank R. Spellman,Kindle,"Jun 16, 2021",
1,https://www.amazon.com/dp/B097DW6DP7,B097DW6DP7,"Operation, Maintenance, and Repair of Land-Based Gas Turbines",Hiyam Farhat,Kindle,"Jun 16, 2021",
0,https://www.amazon.com/dp/B0DQP28CGB,B0DQP28CGB,Current Developments in Biotechnology and Bioengineering: Strategic Perspectives in Solid Waste and Wastewater Management,Sunil Kumar,Kindle,"Jun 16, 2021",
0,https://www.amazon.com/dp/B0D2DJW2HR,B0D2DJW2HR,The Blue Economy in Sub-Saharan Africa: Working for a Sustainable Future (Europa Regional Perspectives),DONALD SPARKS,Kindle,"Jun 16, 2021",
0,https://www.amazon.com/dp/B097NJBW39,B097NJBW39,Heterogeneous Photocatalysis: From Fundamentals to Applications in Energy Conversion and Depollution,Jennifer Strunk,Kindle,"Jun 16, 2021",
0,https://www.amazon.com/dp/B097JTRGD1,B097JTRGD1,"Transporters and Plant Osmotic Stress: Sensing, Signaling and Trafficking","Aryadeep Roychoudhury MSc, PhD",Kindle,"Jun 16, 2021",
0,https://www.amazon.com/dp/B097FHR7JR,B097FHR7JR,100 Questions to Pass Your DMV Written Driving Test in the United States: A complete collection of real questions for the theoretical driving test and driver's license.,Ricardo Ramirez,Kindle,"Jun 16, 2021",
1,https://www.amazon.com/dp/B097FG9PDX,B097FG9PDX,An Introduction to Boiler Instrumentation and Controls (Power Plants Engineering),J. Paul Guyer,Kindle,"Jun 16, 2021",
0,https://www.amazon.com/dp/B097F99P3J,B097F99P3J,The Psychology of Digital Collaboration: The Ultimate Guide to Going Digital in Pharma,Impetus Digital,Kindle,"Jun 16, 2021",
0,https://www.amazon.com/dp/B097DXYYB1,B097DXYYB1,SPACE READY: A Beginner’s Guide to Exploring Career & Opportunities in the Space Industry,Tolu Disu,Kindle,"Jun 16, 2021",
0,https://www.amazon.com/dp/B097DWNQDZ,B097DWNQDZ,Traffic Generating Articles,Marshall  Curran,Kindle,"Jun 16, 2021",
0,https://www.amazon.com/dp/B097DTP6TW,B097DTP6TW,110 Bite Sized Traffic Super Tips,Kristy  Newton,Kindle,"Jun 16, 2021",
0,https://www.amazon.com/dp/B097DG62NP,B097DG62NP,Vehicles of Tomorrow 2019: Concepts - Materials - Design (Proceedings),Johannes Liebl,Kindle,"Jun 16, 2021",
0,https://www.amazon.com/dp/B097DCJM9V,B097DCJM9V,Innovations in Mechanical Engineering (Lecture Notes in Mechanical Engineering),José Machado,Kindle,"Jun 16, 2021",
0,https://www.amazon.com/dp/B097D5W6G8,B097D5W6G8,Soft Computing: Biomedical and Related Applications (Studies in Computational Intelligence Book 981),Nguyen Hoang Phuong,Kindle,"Jun 16, 2021",
0,https://www.amazon.com/dp/B097BHK5BL,B097BHK5BL,"Advances in Cryptology – EUROCRYPT 2021: 40th Annual International Conference on the Theory and Applications of Cryptographic Techniques, Zagreb, Croatia, ... Notes in Computer Science Book 12696)",Anne Canteaut,Kindle,"Jun 16, 2021",
0,https://www.amazon.com/dp/B097BCSLV9,B097BCSLV9,"Advances in Cryptology – EUROCRYPT 2021: 40th Annual International Conference on the Theory and Applications of Cryptographic Techniques, Zagreb, Croatia, ... Notes in Computer Science Book 12698)",Anne Canteaut,Kindle,"Jun 16, 2021",
0,https://www.amazon.com/dp/B097B9TGGP,B097B9TGGP,"Application and Theory of Petri Nets and Concurrency: 42nd International Conference, PETRI NETS 2021, Virtual Event, June 23–25, 2021, Proceedings (Lecture Notes in Computer Science Book 12734)",Didier Buchs,Kindle,"Jun 16, 2021",
0,https://www.amazon.com/dp/B097B8FNRZ,B097B8FNRZ,"Advances in Cryptology – EUROCRYPT 2021: 40th Annual International Conference on the Theory and Applications of Cryptographic Techniques, Zagreb, Croatia, ... Notes in Computer Science Book 12697)",Anne Canteaut,Kindle,"Jun 16, 2021",
0,https://www.amazon.com/dp/B0933Q9HS7,B0933Q9HS7,Robot Ethics and the Innovation Economy (Routledge Studies in the Economics of Innovation),Jon-Arild Johannessen,Kindle,"Jun 16, 2021",
0,https://www.amazon.com/dp/B0933JBPFN,B0933JBPFN,Medicinal Plants and Mushrooms of Yunnan Province of China (Natural Products Chemistry of Global Plants),Clara Bik-San Lau,Kindle,"Jun 16, 2021",
0,https://www.amazon.com/dp/B08XS5QMFX,B08XS5QMFX,The Agrarian Question: A Reader,R.V. Ramana Murthy,Kindle,"Jun 16, 2021",
0,https://www.amazon.com/dp/B097D5N9TX,B097D5N9TX,New Perspectives on Applied Industrial Ergonomics,Arturo Realyvásquez Vargas,Kindle,"Jun 15, 2021",
2,https://www.amazon.com/dp/B094CWLFR2,B094CWLFR2,"Energy Islands: Metaphors of Power, Extractivism, and Justice in Puerto Rico (Environmental Communication, Power, and Culture Book 1) (Volume 1)",Catalina M de Onís,Kindle,"Jun 15, 2021",
0,https://www.amazon.com/dp/B0FQHLBSGR,B0FQHLBSGR,Instant Insights: Developing forestry products (Burleigh Dodds Science: Instant Insights Book 35),Dr David Nicholls,Kindle,"Jun 15, 2021",
0,https://www.amazon.com/dp/B097BH5C79,B097BH5C79,Climate Change in the Forest of Bengal Duars: Response of Life and Livelihoods (SpringerBriefs in Environmental Science),Koyel Sam,Kindle,"Jun 15, 2021",
5,https://www.amazon.com/dp/B097BG4FQ4,B097BG4FQ4,Unconventional Reservoir Rate-Transient Analysis,Christopher R. Clarkson,Kindle,"Jun 15, 2021",
0,https://www.amazon.com/dp/B09786M1RF,B09786M1RF,Operation of Smart Homes (Power Systems),Mehdi Rahmani-Andebili,Kindle,"Jun 15, 2021",
5,https://www.amazon.com/dp/B095YXRGVD,B095YXRGVD,Railways Around Brighton in the 1970s and 1980s,Andy Gibbs,Kindle,"Jun 15, 2021",
0,https://www.amazon.com/dp/B093TC2QNG,B093TC2QNG,The Current Economy: Electricity Markets and Techno-Economics,Canay Özden-Schilling,Kindle,"Jun 15, 2021",
2,https://www.amazon.com/dp/B092MY8MJ1,B092MY8MJ1,Water and Agriculture in Colorado and the American West: First in Line for the Rio Grande,David Stiller,Kindle,"Jun 15, 2021",
1,https://www.amazon.com/dp/B08M8SH44K,B08M8SH44K,"On Russian Soil: Myth and Materiality (NIU Series in Slavic, East European, and Eurasian Studies)",Mieka Erley,Kindle,"Jun 15, 2021",
0,https://www.amazon.com/dp/B0FQG5W67W,B0FQG5W67W,Instant Insights: Plant growth-promoting rhizobacteria (Burleigh Dodds Science: Instant Insights Book 22),Dr Dongmei Lyu,Kindle,"Jun 15, 2021",
0,https://www.amazon.com/dp/B0FQFWW2MT,B0FQFWW2MT,Instant Insights: Genetic modification of crops (Burleigh Dodds Science: Instant Insights Book 34),Prof James Dale,Kindle,"Jun 15, 2021",
0,https://www.amazon.com/dp/B0BWR4JSY9,B0BWR4JSY9,Ethnobotany of the Mountain Regions of Southeast Asia (Ethnobotany of Mountain Regions),F. Merlin Franco,Kindle,"Jun 15, 2021",
0,https://www.amazon.com/dp/B097JT52XF,B097JT52XF,"Real-Time Data Acquisition in Human Physiology: Real-Time Acquisition, Processing, and Interpretation—A MATLAB-Based Approach",Dipali Bansal,Kindle,"Jun 15, 2021",
0,https://www.amazon.com/dp/B097DVX7YQ,B097DVX7YQ,Advances in Applied Microbiology (Volume 115),Geoffrey M. Gadd,Kindle,"Jun 15, 2021",
0,https://www.amazon.com/dp/B097DV4LTT,B097DV4LTT,Advances in Agronomy (Volume 169),Donald L. Sparks,Kindle,"Jun 15, 2021",
0,https://www.amazon.com/dp/B097DF7K5M,B097DF7K5M,Technologies for Fingermark Age Estimations: A Step Forward,Josep De Alcaraz-Fossoul,Kindle,"Jun 15, 2021",
0,https://www.amazon.com/dp/B097DC1NBQ,B097DC1NBQ,Advances in Cybersecurity Management,Kevin Daimi,Kindle,"Jun 15, 2021",
0,https://www.amazon.com/dp/B097DB8J2F,B097DB8J2F,Innovations in Mechatronics Engineering (Lecture Notes in Mechanical Engineering),José Machado,Kindle,"Jun 15, 2021",
0,https://www.amazon.com/dp/B097D9S1FY,B097D9S1FY,"Electrochemically Assisted Remediation of Contaminated Soils: Fundamentals, Technologies, Combined Processes and Pre-Pilot and Scale-Up Applications (Environmental Pollution Book 30)",M. A. Rodrigo,Kindle,"Jun 15, 2021",
0,https://www.amazon.com/dp/B097CPMZRL,B097CPMZRL,Designing The Next Land Speed Record Car (Recurrent Patterns Book 3),Vaclav Vincalek,Kindle,"Jun 15, 2021",
0,https://www.amazon.com/dp/B097CNY66Q,B097CNY66Q,81st Conference on Glass Problems (Ceramic Transactions Series Book 269),The) ACerS (American Ceramics Society,Kindle,"Jun 15, 2021",
0,https://www.amazon.com/dp/B097CMP1FR,B097CMP1FR,Functionalized Nanomaterials for Catalytic Application,Chaudhery Mustansar Hussain,Kindle,"Jun 15, 2021",
1,https://www.amazon.com/dp/B097CJM9JK,B097CJM9JK,Ponte Aerea VARIG Lockheed L-188 Electra Operations,Henry Tenby,Kindle,"Jun 15, 2021",
0,https://www.amazon.com/dp/B09786SYSD,B09786SYSD,Computational Vision and Bio-Inspired Computing: ICCVBIC 2020 (Advances in Intelligent Systems and Computing Book 1318),S. Smys,Kindle,"Jun 14, 2021",
0,https://www.amazon.com/dp/B09786R57Z,B09786R57Z,"Proceedings of the 6th Brazilian Technology Symposium (BTSym’20): Emerging Trends and Challenges in Technology (Smart Innovation, Systems and Technologies Book 233)",Yuzo Iano,Kindle,"Jun 14, 2021",
1,https://www.amazon.com/dp/B09786QK3H,B09786QK3H,Handbook of Disaster Risk Reduction for Resilience: New Frameworks for Building Resilience to Disasters,Saeid Eslamian,Kindle,"Jun 14, 2021",
0,https://www.amazon.com/dp/B09786PDQQ,B09786PDQQ,Next Generation of Internet of Things: Proceedings of ICNGIoT 2021 (Lecture Notes in Networks and Systems Book 201),Raghvendra Kumar,Kindle,"Jun 14, 2021",
0,https://www.amazon.com/dp/B09786FHYF,B09786FHYF,Unifying Themes in Complex Systems X: Proceedings of the Tenth International Conference on Complex Systems (Springer Proceedings in Complexity Book 10),Dan Braha,Kindle,"Jun 14, 2021",
0,https://www.amazon.com/dp/B09785VGFR,B09785VGFR,Designing Microwave Sensors for Glucose Concentration Detection in Aqueous and Biological Solutions: Towards Non-invasive Glucose Sensing (Springer Theses),Carlos G. Juan,Kindle,"Jun 14, 2021",
0,https://www.amazon.com/dp/B0977ZK9FB,B0977ZK9FB,UKSSSC-Uttarakhand Draftsman Exam: Practice Sets On Technical Subject (Government Exams),Chandresh Agrawal,Kindle,"Jun 14, 2021",
0,https://www.amazon.com/dp/B096VXZJ5H,B096VXZJ5H,Aerial Robotics: With STM32F100RB Microcontroller,Sheikh Muhammad  Ibraheem,Kindle,"Jun 14, 2021",
0,https://www.amazon.com/dp/B092WZXWT5,B092WZXWT5,Environmental Citizenship in the Indian Ocean Region (Transforming Environmental Politics and Policy),Benito Cao,Kindle,"Jun 14, 2021",
3,https://www.amazon.com/dp/B0976KX3HN,B0976KX3HN,"Build a Pop-Up Camping Trailer for Small Cars for Less Than $700: Detailed Instructions, Photos, and Materials List for an Easy Build with Basic Tools",Jeff Cooper,Kindle,"Jun 13, 2021",
0,https://www.amazon.com/dp/B0977CNL2W,B0977CNL2W,The secrets on how-to unlock iPhone SIM,Patrick Ribbsaeter,Kindle,"Jun 13, 2021",
5,https://www.amazon.com/dp/B09778KMSH,B09778KMSH,Municipal Transport in Lancashire Since 1974,Mike Rhodes,Kindle,"Jun 13, 2021",
0,https://www.amazon.com/dp/B0D4FCM7BK,B0D4FCM7BK,"Fertigation Technologies for Micro Irrigated Crops: Performance, Requirements, and Efficiency (Innovations and Challenges in Micro Irrigation)",Megh R. Goyal,Kindle,"Jun 14, 2021",
0,https://www.amazon.com/dp/B0979CG1BD,B0979CG1BD,Engineering Manual EM 1110-2-3506 Engineering and Design: Grouting Technology,United States Government US Army,Kindle,"Jun 14, 2021",
0,https://www.amazon.com/dp/B095XK6Z21,B095XK6Z21,Design of Wind and Earthquake Resistant Reinforced Concrete Buildings,Somnath Ghosh,Kindle,"Jun 14, 2021",
1,https://www.amazon.com/dp/B094RC59TT,B094RC59TT,Problem-Solving: Leaning on New Thinking Skills,Howard Eisner,Kindle,"Jun 14, 2021",
0,https://www.amazon.com/dp/B0933M2P7W,B0933M2P7W,Big Data and Artificial Intelligence for Healthcare Applications (Big Data for Industry 4.0),Ankur Saxena,Kindle,"Jun 14, 2021",
0,https://www.amazon.com/dp/B0931VFG2T,B0931VFG2T,Writing the Materialities of the Past: Cities and the Architectural Topography of Historical Imagination (Routledge Research in Architecture),Sam Griffiths,Kindle,"Jun 14, 2021",
0,https://www.amazon.com/dp/B0979SJ58C,B0979SJ58C,Groundwater Geochemistry: Pollution and Remediation Methods,Sughosh Madhav,Kindle,"Jun 14, 2021",
0,https://www.amazon.com/dp/B0979RTDNR,B0979RTDNR,Real-Time Electromagnetic Transient Simulation of AC-DC Networks (IEEE Press Series on Power and Energy Systems),Venkata Dinavahi,Kindle,"Jun 14, 2021",
0,https://www.amazon.com/dp/B0979RGL9X,B0979RGL9X,Two-Dimensional Materials for Electromagnetic Shielding,Chong Min Koo,Kindle,"Jun 14, 2021",
1,https://www.amazon.com/dp/B0979QZ99J,B0979QZ99J,The House Wiring Guide : A Complete Manual,Callum Jones,Kindle,"Jun 14, 2021",
0,https://www.amazon.com/dp/B0979GQ9Y5,B0979GQ9Y5,An Introduction to Office Building Acoustical Design (Noise and Vibration Control),J. Paul Guyer,Kindle,"Jun 14, 2021",
5,https://www.amazon.com/dp/B09791SR4L,B09791SR4L,9 Mistakes Every Torch Distributor Must Avoid: Shocking.... Distributors are Losing up to 37% Profit & They don't Even Know that.,Sachin Gupta,Kindle,"Jun 14, 2021",
0,https://www.amazon.com/dp/B09789HDB3,B09789HDB3,Water and Energy Use in Sanitary-ware Manufacturing: Using Modelling Processes for Water and Energy Accounting and Decarbonisation (Green Energy and Technology),Carlos Cuviella-Suárez,Kindle,"Jun 14, 2021",
0,https://www.amazon.com/dp/B09787TKXW,B09787TKXW,Blockchain Applications in IoT Ecosystem (EAI/Springer Innovations in Communication and Computing),Tanupriya Choudhury,Kindle,"Jun 14, 2021",
0,https://www.amazon.com/dp/B09787419P,B09787419P,State-of-the-Art Upcycling Research and Practice: Proceedings of the International Upcycling Symposium 2020 (Lecture Notes in Production Engineering),Kyungeun Sung,Kindle,"Jun 14, 2021",
0,https://www.amazon.com/dp/B09786Y3L1,B09786Y3L1,Exploring and Optimizing Agricultural Landscapes (Innovations in Landscape Research),Lothar Mueller,Kindle,"Jun 14, 2021",
0,https://www.amazon.com/dp/B09786WRB2,B09786WRB2,"Novel Internal Combustion Engine Technologies for Performance Improvement and Emission Reduction (Energy, Environment, and Sustainability)",Akhilendra Pratap Singh,Kindle,"Jun 14, 2021",
0,https://www.amazon.com/dp/B09786GVRN,B09786GVRN,11th International Munich Chassis Symposium 2020: chassis.tech plus (Proceedings),Peter E. Pfeffer,Kindle,"Jun 14, 2021",
0,https://www.amazon.com/dp/B0976RD4K8,B0976RD4K8,"Smart Global Megacities: Collaborative Research: Chennai, Kochi-Kannur (Advances in 21st Century Human Settlements)",T.M. Vinod Kumar,Kindle,"Jun 13, 2021",
0,https://www.amazon.com/dp/B0976QTN8X,B0976QTN8X,Next Generation Materials and Processing Technologies: Select Proceedings of RDMPMC 2020 (Springer Proceedings in Materials Book 9),Swarup Bag,Kindle,"Jun 13, 2021",
0,https://www.amazon.com/dp/B0976Q7MG4,B0976Q7MG4,Advanced Multiple Choice Questions of Engineering Mechanics (Multiple Question Bank Series),Shivendra Nandan,Kindle,"Jun 13, 2021",
0,https://www.amazon.com/dp/B0976LVXKV,B0976LVXKV,HPSSC-Himachal Pradesh Agriculture Extension Officer Exam: Agriculture & Horticulture Practice Sets With Answers (Government Exams),Chandresh Agrawal,Kindle,"Jun 13, 2021",
0,https://www.amazon.com/dp/B096YH76G9,B096YH76G9,COVID-19: The Global Environmental Health Experience (Routledge Focus on Environmental Health),Chris Day,Kindle,"Jun 13, 2021",
0,https://www.amazon.com/dp/B091D7116Z,B091D7116Z,"The Railways in Colonial South Asia: Economy, Ecology and Culture",Ganeswar Nayak,Kindle,"Jun 13, 2021",
0,https://www.amazon.com/dp/B0CH6ZKT9X,B0CH6ZKT9X,The Complete Treatise on Gold: An alchemical tract,Dnl Media,Kindle,"Jun 12, 2021",
0,https://www.amazon.com/dp/B097JSPG2D,B097JSPG2D,Hydrogen Sulfide in Plant Biology: Past and Present,Samiksha Singh,Kindle,"Jun 12, 2021",
0,https://www.amazon.com/dp/B097DVTGNK,B097DVTGNK,Plant and Algal Hydrogels for Drug Delivery and Regenerative Medicine (Woodhead Publishing Series in Biomaterials),Tapan Kumar Giri,Kindle,"Jun 12, 2021",
0,https://www.amazon.com/dp/B097BG7YSY,B097BG7YSY,Triply Periodic Minimal Surface Lattices Additively Manufactured by Selective Laser Melting (3D Printing Technology Series),Chunze Yan,Kindle,"Jun 12, 2021",
0,https://www.amazon.com/dp/B0976Y27PG,B0976Y27PG,"Ion Channels: Channel Chemical Biology, Engineering, and Physiological Function (Methods in Enzymology Book 654) (Volume 654)",Daniel L. Minor,Kindle,"Jun 12, 2021",
0,https://www.amazon.com/dp/B0976GZJS9,B0976GZJS9,My Illustrated Recipe from 12th Craft Beer Brewing: Diary of a Brewer,Werner Ewald,Kindle,"Jun 12, 2021",
0,https://www.amazon.com/dp/B0976DZVST,B0976DZVST,Practical Django: 2nd Edition,Upendra Handa,Kindle,"Jun 12, 2021",
0,https://www.amazon.com/dp/B0975PZD7M,B0975PZD7M,Reprogramming the Genome: CRISPR-Cas-based Human Disease Therapy (Progress in Molecular Biology and Translational Science Book 181) (Volume 181),Vijai Singh,Kindle,"Jun 12, 2021",
0,https://www.amazon.com/dp/B0975KM8NB,B0975KM8NB,"The Date Palm Genome, Vol. 2: Omics and Molecular Breeding (Compendium of Plant Genomes)",Jameel M. Al-Khayri,Kindle,"Jun 12, 2021",
0,https://www.amazon.com/dp/B0975K5YYB,B0975K5YYB,"Handbook of Water Resources Management: Discourses, Concepts and Examples",Janos J. Bogardi,Kindle,"Jun 12, 2021",
0,https://www.amazon.com/dp/B0975K4LFP,B0975K4LFP,"Environmental Protection and Disaster Risks: Selected Papers from the 1st International Conference on Environmental Protection and Disaster RISKs ... in Systems, Decision and Control Book 361)",Nina Dobrinkova,Kindle,"Jun 12, 2021",
0,https://www.amazon.com/dp/B0975K3TN9,B0975K3TN9,Clinical Atlas of 3D Printing Bone Reconstruction,Hyun-Guy Kang,Kindle,"Jun 12, 2021",
0,https://www.amazon.com/dp/B0975JDKW5,B0975JDKW5,Functional Encryption (EAI/Springer Innovations in Communication and Computing),Khairol Amali Bin Ahmad,Kindle,"Jun 12, 2021",
0,https://www.amazon.com/dp/B0975HP1CZ,B0975HP1CZ,Gradient Microstructure in Laser Shock Peened Materials: Fundamentals and Applications (Springer Series in Materials Science Book 314),Liucheng Zhou,Kindle,"Jun 12, 2021",
0,https://www.amazon.com/dp/B0975HKY4V,B0975HKY4V,"Advances in Computing and Network Communications: Proceedings of CoCoNet 2020, Volume 2 (Lecture Notes in Electrical Engineering Book 736)",Sabu M. Thampi,Kindle,"Jun 12, 2021",
1,https://www.amazon.com/dp/B09742V51C,B09742V51C,SEO Easy Pocket Guide : SEO Beginners Guide For the Novice Online Marketer Working on a Budget,Cammesa Plummer,Kindle,"Jun 12, 2021",
4,https://www.amazon.com/dp/B097583LJX,B097583LJX,Coloring the Cosmetic World: Using Pigments in Decorative Cosmetic Formulations,Edwin B. Faulkner,Kindle,"Jun 11, 2021",
0,https://www.amazon.com/dp/B0B4GX3PNP,B0B4GX3PNP,Protein Microarrays for Disease Analysis: Methods and Protocols (Methods in Molecular Biology Book 2344),Rodrigo Barderas,Kindle,"Jun 11, 2021",
2,https://www.amazon.com/dp/B09757YTS1,B09757YTS1,Understanding Solids: The Science of Materials,Richard J. D. Tilley,Kindle,"Jun 11, 2021",
2,https://www.amazon.com/dp/B09744TJP9,B09744TJP9,Production and Commercialization of Insects as Food and Feed: Identification of the Main Constraints in the European Union,Francesco Montanari,Kindle,"Jun 11, 2021",
0,https://www.amazon.com/dp/B09729KXP7,B09729KXP7,Federated Learning Systems: Towards Next-Generation AI (Studies in Computational Intelligence Book 965),Muhammad Habib ur Rehman,Kindle,"Jun 11, 2021",
0,https://www.amazon.com/dp/B097594CKF,B097594CKF,Multiprobe Pressure Analysis and Interpretation: Multiprobe Design and Pressure Analysis (Advances in Petroleum Engineering),Tao Lu,Kindle,"Jun 11, 2021",
0,https://www.amazon.com/dp/B097541WSB,B097541WSB,E-BOOK CREATION AND PUBLISHING,ELEKE MERCY,Kindle,"Jun 11, 2021",
0,https://www.amazon.com/dp/B097524QN3,B097524QN3,An Introduction to Auxiliary Electric Power Systems Engineering: An Introduction to Auxiliary Electric Power Systems Engineering (Electric Power Generation and Distribution),J. Paul Guyer,Kindle,"Jun 11, 2021",
1,https://www.amazon.com/dp/B09751ZG7F,B09751ZG7F,Runway Geometric and Structural Design: According to FAA Regulations: JFK International Airport Case Study,Mohamed Abdelsalam,Kindle,"Jun 11, 2021",
1,https://www.amazon.com/dp/B0974QSW19,B0974QSW19,College to Corporate Series : BOOK 2 Industrial Refrigeration & Chiller : Live Engineering for Budding Professionals,Subhankar  Raha,Kindle,"Jun 11, 2021",
0,https://www.amazon.com/dp/B0974CJHZH,B0974CJHZH,Power System Transients,Bibhu Prasad  Ganthia,Kindle,"Jun 11, 2021",
0,https://www.amazon.com/dp/B0974BGJB4,B0974BGJB4,Advances in Agronomy (Volume 168),Donald L. Sparks,Kindle,"Jun 11, 2021",
0,https://www.amazon.com/dp/B09743VR21,B09743VR21,Emerging Technologies for Smart Cities: Select Proceedings of EGTET 2020 (Lecture Notes in Electrical Engineering Book 765),Prabin K. Bora,Kindle,"Jun 11, 2021",
0,https://www.amazon.com/dp/B097435N12,B097435N12,"A Holistic View of Software and Hardware Reuse: Dependable Reuse of Components and Systems (Studies in Systems, Decision and Control Book 315)",Fevzi Belli,Kindle,"Jun 11, 2021",
0,https://www.amazon.com/dp/B09742VDN9,B09742VDN9,"Advanced Sensors for Biomedical Applications (Smart Sensors, Measurement and Instrumentation Book 38)",Olfa Kanoun,Kindle,"Jun 11, 2021",
0,https://www.amazon.com/dp/B09742QX1C,B09742QX1C,"Nanocomposites as Next-Generation Optical Materials: Fundamentals, Design and Advanced Applications (Springer Series in Materials Science Book 316)",Daniel Werdehausen,Kindle,"Jun 11, 2021",
0,https://www.amazon.com/dp/B09742J4YB,B09742J4YB,Instagram take you to millionaire!!!,special one!,Kindle,"Jun 11, 2021",
4,https://www.amazon.com/dp/B0973F5XVB,B0973F5XVB,Water Sustainability : A Comprehensive Guide for Effective Water Management Practices,Mridul Deka,Kindle,"Jun 11, 2021",
0,https://www.amazon.com/dp/B08N64LYJY,B08N64LYJY,Sovereign Forces: Everyday Challenges to Environmental Governance in Latin America,John-Andrew McNeish,Kindle,"Jun 1, 2021",
5,https://www.amazon.com/dp/B096W3WWKB,B096W3WWKB,Reawakened: Traditional navigators of Te Moana-nui-a-Kiwa,Jeff Evans,Kindle,"Jun 10, 2021",
1,https://www.amazon.com/dp/B09728W9QQ,B09728W9QQ,Handbook of Contract Management in Construction,Ali D. Haidar,Kindle,"Jun 10, 2021",
5,https://www.amazon.com/dp/B0973DYTQ8,B0973DYTQ8,Chronicles of Mechanical Engineering in the United States,Thomas H. Fehring,Kindle,"Jun 10, 2021",
0,https://www.amazon.com/dp/B09998B19H,B09998B19H,Radioactive Waste Management In The 21st Century,William R Roy,Kindle,"Jun 10, 2021",
0,https://www.amazon.com/dp/B0973QJ378,B0973QJ378,Contemporary Perspectives on Liquid Cold Plate Design: Design and Manufacturing Liquid Cooled Heat Sinks for Electronics Cooling (Series in Contemporary Perspectives in Emerging Technologies),C. H. Hayner,Kindle,"Jun 10, 2021",
1,https://www.amazon.com/dp/B0972CHV29,B0972CHV29,Dayton Steam: 1983 – 1992,John Stibravy,Kindle,"Jun 10, 2021",
5,https://www.amazon.com/dp/B0973SQ86N,B0973SQ86N,"Do No Harm: Protecting Connected Medical Devices, Healthcare, and Data from Hackers and Adversarial Nation States",Matthew Webster,Kindle,"Jun 10, 2021",
0,https://www.amazon.com/dp/B09B27XRGZ,B09B27XRGZ,Advanced Topics Of Thin-walled Structures,Haim Abramovich,Kindle,"Jun 10, 2021",
0,https://www.amazon.com/dp/B0978MQNRW,B0978MQNRW,Nanosensors for Smart Manufacturing (Micro and Nano Technologies),Sabu Thomas,Kindle,"Jun 10, 2021",
0,https://www.amazon.com/dp/B0973K42YZ,B0973K42YZ,Introduction to Electric Power Systems,Patrick Stakem,Kindle,"Jun 10, 2021",
0,https://www.amazon.com/dp/B097298N77,B097298N77,Physics and Chemistry of Te and HgTe-based Ternary Semiconductor Melts,Ching-Hua Su,Kindle,"Jun 10, 2021",
0,https://www.amazon.com/dp/B095KF4318,B095KF4318,Rebels and Conflict Escalation: Explaining the Rise and Decline in Violence,Isabelle Duyvesteyn,Kindle,"Jun 10, 2021",
0,https://www.amazon.com/dp/B0974BZJGX,B0974BZJGX,Advances in Marine Biology (Volume 88),Jean-Francois Hamel,Kindle,"Jun 10, 2021",
0,https://www.amazon.com/dp/B0974B5JZ2,B0974B5JZ2,"Demystifying Big Data, Machine Learning, and Deep Learning for Healthcare Analytics",Pradeep N,Kindle,"Jun 10, 2021",
0,https://www.amazon.com/dp/B0973RQGZQ,B0973RQGZQ,Flavin-Based Catalysis: Principles and Applications,Radek Cibulka,Kindle,"Jun 10, 2021",
3,https://www.amazon.com/dp/B0973NGBR6,B0973NGBR6,Selfie Beauty in Japan: Vol.3,Tony Roppon,Kindle,"Jun 10, 2021",
0,https://www.amazon.com/dp/B0973LDWJB,B0973LDWJB,Precision Farming,Abhi Gyan,Kindle,"Jun 10, 2021",
0,https://www.amazon.com/dp/B0973GSMTB,B0973GSMTB,An Introduction to Troubleshooting Solar Water Heating Systems (Solar Energy Systems Engineering Book 23),J. Paul Guyer,Kindle,"Jun 10, 2021",
2,https://www.amazon.com/dp/B09737RLKB,B09737RLKB,COMPRESSED AIR SYSTEM UTILIZING RECIPROCATING COMPRESSOR,A.M. Haddad,Kindle,"Jun 10, 2021",
0,https://www.amazon.com/dp/B097347SXF,B097347SXF,Tomato: The Red Magic of Food,Dr.  Parth,Kindle,"Jun 10, 2021",
1,https://www.amazon.com/dp/B097325RY4,B097325RY4,Accelerated Course of Applied Molecular Biology,Mark S. Tomson,Kindle,"Jun 10, 2021",
0,https://www.amazon.com/dp/B0972J6THS,B0972J6THS,Advances in Imaging and Electron Physics (Volume 218),Martin Hÿtch,Kindle,"Jun 10, 2021",
0,https://www.amazon.com/dp/B0972HWY13,B0972HWY13,Teaching Skills with Virtual Humans: Lessons from the Development of the Thinking Head Whiteboard (Cognitive Science and Technology),Marissa Bond,Kindle,"Jun 10, 2021",
0,https://www.amazon.com/dp/B0972FW49K,B0972FW49K,6G Wireless Communications and Mobile Networking,Xianzhong Xie,Kindle,"Jun 10, 2021",
0,https://www.amazon.com/dp/B0972DYDV2,B0972DYDV2,How To Advance In Your Career Fast By Mastering Enterprise Data Management: A Beginner's Guide to The Ins and Outs of Enterprise Data Management,Muhammad Ahsan Shah,Kindle,"Jun 10, 2021",
0,https://www.amazon.com/dp/B0972DQMWM,B0972DQMWM,Breakthroughs in Space Life Science Research: From Apollo 16 to the ISS (SpringerBriefs in Space Life Sciences),Günter Ruyters,Kindle,"Jun 10, 2021",
0,https://www.amazon.com/dp/B0972C57Y2,B0972C57Y2,China Satellite Navigation Conference (CSNC 2021) Proceedings: Volume II (Lecture Notes in Electrical Engineering Book 773),Changfeng Yang,Kindle,"Jun 10, 2021",
0,https://www.amazon.com/dp/B0972BQLTP,B0972BQLTP,Decision Support Methods in Modern Transportation Systems and Networks (Lecture Notes in Networks and Systems Book 208),Grzegorz Sierpiński,Kindle,"Jun 10, 2021",
0,https://www.amazon.com/dp/B0972BNKGT,B0972BNKGT,Advanced Human-Robot Collaboration in Manufacturing,Lihui Wang,Kindle,"Jun 10, 2021",
0,https://www.amazon.com/dp/B0972BHLJ1,B0972BHLJ1,Proceedings of Research and Applications in Artificial Intelligence: RAAI 2020 (Advances in Intelligent Systems and Computing Book 1355),Indrajit Pan,Kindle,"Jun 10, 2021",
0,https://www.amazon.com/dp/B09729NZM8,B09729NZM8,China Satellite Navigation Conference (CSNC 2021) Proceedings: Volume I (Lecture Notes in Electrical Engineering Book 772),Changfeng Yang,Kindle,"Jun 10, 2021",
0,https://www.amazon.com/dp/B09727Z35C,B09727Z35C,Structural Health Monitoring and Engineering Structures: Select Proceedings of SHM&ES 2020 (Lecture Notes in Civil Engineering Book 148),Tinh Quoc Bui,Kindle,"Jun 10, 2021",
0,https://www.amazon.com/dp/B09726Q4CT,B09726Q4CT,"Modelling, Simulation and Applications of Complex Systems: CoSMoS 2019, Penang, Malaysia, April 8-11, 2019 (Springer Proceedings in Mathematics & Statistics Book 359)",Mohd Hafiz Mohd,Kindle,"Jun 10, 2021",
0,https://www.amazon.com/dp/B09723434D,B09723434D,JPSC-Jharkhand Assistant Engineer (Mechanical) Exam: Mechanical Engineering Objective Questions With Answers (Government Exams),Chandresh Agrawal,Kindle,"Jun 10, 2021",
0,https://www.amazon.com/dp/B0972316XN,B0972316XN,JPSC-Jharkhand Assistant Engineer (Electrical) Exam: Electrical Engineering Practice Sets With Answers (Government Exams),Chandresh Agrawal,Kindle,"Jun 10, 2021",
0,https://www.amazon.com/dp/B0972166N1,B0972166N1,UPSSSC-Uttar Pradesh Draftsman Exam: Practice Sets On Technical Subject,Chandresh Agrawal,Kindle,"Jun 10, 2021",
0,https://www.amazon.com/dp/B095PD4WN6,B095PD4WN6,"Dam Safety Management / Gestion de la Sécurité des Barrages: Pre operational phases of the dam life cycle / Phases de conception, construction et mise en service (ICOLD Bulletins Series Book 175)",Cigb Icold,Kindle,"Jun 11, 2021",
0,https://www.amazon.com/dp/B095KFQ9F9,B095KFQ9F9,A Unified Computational Fluid Dynamics Framework from Rarefied to Continuum Regimes (Elements in Aerospace Engineering),Kun Xu,Kindle,"Jun 10, 2021",
0,https://www.amazon.com/dp/B092R1CD3Q,B092R1CD3Q,Testing of the Plastic Deformation of Metals,T. W. Clyne,Kindle,"Jun 10, 2021",
2,https://www.amazon.com/dp/B092KFW6N2,B092KFW6N2,"Public Service Media in Europe: Law, Theory and Practice (Routledge Research in Media Law)",Karen Donders,Kindle,"Jun 10, 2021",
0,https://www.amazon.com/dp/B08XJT16NN,B08XJT16NN,Mycotoxins in Food and Beverages: Innovations and Advances Part I (Food Biology Series Book 1),Didier Montet,Kindle,"Jun 10, 2021",
4,https://www.amazon.com/dp/B0CYHNX9TF,B0CYHNX9TF,Airline Finance,Peter S. Morrell,Kindle,"Jun 9, 2021",
1,https://www.amazon.com/dp/B0972HZCWX,B0972HZCWX,Risk Management in the Oil and Gas Industry: Offshore and Onshore Concepts and Case Studies,Gerardo Portela Da Ponte Jr,Kindle,"Jun 9, 2021",
0,https://www.amazon.com/dp/B096ZBDL4G,B096ZBDL4G,Process Operational Safety and Cybersecurity: A Feedback Control Approach (Advances in Industrial Control),Zhe Wu,Kindle,"Jun 9, 2021",
4,https://www.amazon.com/dp/B096Z8WVPC,B096Z8WVPC,Reservoir Model Design: A Practitioner's Guide,Philip Ringrose,Kindle,"Jun 9, 2021",
0,https://www.amazon.com/dp/B08ZG37LBJ,B08ZG37LBJ,Events and Well-being (Routledge Critical Event Studies Research Series.),Allan Stewart Jepson,Kindle,"Jun 9, 2021",
0,https://www.amazon.com/dp/B0CW18NV5G,B0CW18NV5G,"Theory and Practice of Contrast: Integrating Science, Art and Philosophy",Mariusz Stanowski,Kindle,"Jun 9, 2021",
0,https://www.amazon.com/dp/B0977CYRD9,B0977CYRD9,Prebiotic Photochemistry: From Urey–Miller-like Experiments to Recent Findings (Comprehensive Series in Photochemical & Photobiological Sciences),Franz Saija,Kindle,"Jun 9, 2021",
1,https://www.amazon.com/dp/B0971SRJ97,B0971SRJ97,2021 – 2022 CDL Commercial Driver’s License Test Practice Questions and Answers: Contains Over 200 CDL Practice Test Questions and Answers You Need to Pass Your CDL Test and Obtain Your Permit,Richard  Kurt,Kindle,"Jun 9, 2021",
0,https://www.amazon.com/dp/B0971M85JQ,B0971M85JQ,How will the Nearby Unification of Physics Change Future Warfare – a Brief Study: Part 10 of Medical Socio-Economic Quantum Gravity,Norbert Schwarzer,Kindle,"Jun 9, 2021",
0,https://www.amazon.com/dp/B0971JMKTM,B0971JMKTM,"Magical properties of nanomaterials and their applications in nanotechnology: Applications of nanotechnology in Cancer Treatment, agriculture Cosmetics and car",zakaria Fadil,Kindle,"Jun 9, 2021",
0,https://www.amazon.com/dp/B09719FD9J,B09719FD9J,APPSC-Andhra Pradesh PSC Agriculture Officer Exam: Agriculture Practice Sets With Answers (Government Exams),Chandresh Agrawal,Kindle,"Jun 9, 2021",
0,https://www.amazon.com/dp/B09716FSRP,B09716FSRP,Computer Networking Concepts Part 2,Marshall  Curran,Kindle,"Jun 9, 2021",
0,https://www.amazon.com/dp/B09713YWYY,B09713YWYY,BPSC-Bihar Assistant Engineer (Mechanical) Exam: Mechanical Engineering Objective Questions With Answers (Government Exams),Chandresh Agrawal,Kindle,"Jun 9, 2021",
0,https://www.amazon.com/dp/B097137FJK,B097137FJK,Computer Networking Concepts Part 1,Marshall  Curran,Kindle,"Jun 9, 2021",
0,https://www.amazon.com/dp/B09712TW72,B09712TW72,GPSC-Gujarat Agriculture Officer Exam: Agriculture Practice Sets with Answers (Government Exams),Chandresh Agrawal,Kindle,"Jun 9, 2021",
0,https://www.amazon.com/dp/B096ZZ5P7J,B096ZZ5P7J,JPSC-Jharkhand Assistant Engineer (Civil) Exam: Civil Engineering Practice Sets With Answers (Government Exams),Chandresh Agrawal,Kindle,"Jun 9, 2021",
0,https://www.amazon.com/dp/B096ZHZ4YR,B096ZHZ4YR,"Explosion, Shock-Wave and High-Strain-Rate Phenomena of Advanced Materials (Multiphysics: Advances and Applications)",Kazuyuki Hokamoto,Kindle,"Jun 9, 2021",
0,https://www.amazon.com/dp/B096ZG6D4Z,B096ZG6D4Z,Fault-Tolerant Attitude Control of Spacecraft,Qinglei Hu PhD,Kindle,"Jun 9, 2021",
0,https://www.amazon.com/dp/B096ZDNTQ6,B096ZDNTQ6,BPSC-Bihar Assistant Engineer (Electrical) Exam : Electrical Engineering Practice Sets With Answers (Government Exams),Chandresh Agrawal,Kindle,"Jun 9, 2021",
0,https://www.amazon.com/dp/B096ZDJ4KN,B096ZDJ4KN,"Applied Cryptography and Network Security: 19th International Conference, ACNS 2021, Kamakura, Japan, June 21–24, 2021, Proceedings, Part II (Lecture Notes in Computer Science Book 12727)",Kazue Sako,Kindle,"Jun 9, 2021",
0,https://www.amazon.com/dp/B096Z9BRWF,B096Z9BRWF,Advances in Green Energies and Materials Technology: Selected Articles from the Algerian Symposium on Renewable Energy and Materials (ASREM-2020) (Springer Proceedings in Energy),Younes Chiba,Kindle,"Jun 9, 2021",
0,https://www.amazon.com/dp/B096Z8XRJK,B096Z8XRJK,Intelligent Technologies for Internet of Vehicles (Internet of Things),Naercio Magaia,Kindle,"Jun 9, 2021",
0,https://www.amazon.com/dp/B096Z8LLXD,B096Z8LLXD,Basic Concepts on 3D Cell Culture (Learning Materials in Biosciences),Cornelia Kasper,Kindle,"Jun 9, 2021",
0,https://www.amazon.com/dp/B096Z89TDP,B096Z89TDP,China Satellite Navigation Conference (CSNC 2021) Proceedings: Volume III (Lecture Notes in Electrical Engineering Book 774),Changfeng Yang,Kindle,"Jun 9, 2021",
1,https://www.amazon.com/dp/B096Z6SDXQ,B096Z6SDXQ,UKSSSC-Uttarakhand Assistant Agriculture Officer Exam: Agriculture Objective Questions With Answers (Government Exams),Chandresh Agrawal,Kindle,"Jun 9, 2021",
0,https://www.amazon.com/dp/B096X4LC8S,B096X4LC8S,Development of Redox Mediators for High-Energy-Density and High-Efficiency Lithium-Oxygen Batteries (Springer Theses),Youngmin Ko,Kindle,"Jun 9, 2021",
0,https://www.amazon.com/dp/B096X2L3HH,B096X2L3HH,"Distributed Applications and Interoperable Systems: 21st IFIP WG 6.1 International Conference, DAIS 2021, Held as Part of the 16th International Federated ... Notes in Computer Science Book 12718)",Miguel Matos,Kindle,"Jun 9, 2021",
0,https://www.amazon.com/dp/B095YXQVS1,B095YXQVS1,"Transitions in a Globalising World (Integrated Assessment Studies, V. 1)",P. Martens,Kindle,"Jun 9, 2021",
2,https://www.amazon.com/dp/B09417W4ZL,B09417W4ZL,Echo's Chambers: Architecture and the Idea of Acoustic Space,Joseph L. Clarke,Kindle,"Jun 8, 2021",
0,https://www.amazon.com/dp/B098DMWQVJ,B098DMWQVJ,Lead Community Fundraising: Successfully Connecting People Digitally (Management for Professionals),Linda Mareen Neugebauer,Kindle,"Jun 30, 2021",
0,https://www.amazon.com/dp/B098FF57VY,B098FF57VY,"Mastering Frontend Web Development with Angular, TypeScript and JavaScript - The complete guide (Beginner + Advanced)",Eusebiu Schipor,Kindle,"Jun 30, 2021",
0,https://www.amazon.com/dp/B098DRRC8H,B098DRRC8H,21 Website Traffic Hacks: To get higher search engine rankings & traffic to your site,Jessica Tenney,Kindle,"Jun 30, 2021",
0,https://www.amazon.com/dp/B098C2XFCN,B098C2XFCN,"How to grow on Instagram: Everything you need to know to grow and profit, but influencers don’t tell",Gui  Santos,Kindle,"Jun 29, 2021",
0,https://www.amazon.com/dp/B098BK3849,B098BK3849,Guaranteed Quick and Simple Guide to Earning from Blogging in Just a Few Days,Marley Storm,Kindle,"Jun 29, 2021",
0,https://www.amazon.com/dp/B098BJ5CWN,B098BJ5CWN,A Simple Guide to Drop Servicing,Darius Gaynor,Kindle,"Jun 29, 2021",
0,https://www.amazon.com/dp/B098BHB1PW,B098BHB1PW,Easy and Guaranteed SEO Blueprint for Unbeatable Search Engine Ranking,Aiden Rain,Kindle,"Jun 29, 2021",
2,https://www.amazon.com/dp/B0981DNPM4,B0981DNPM4,Head Start: A Recent Grad’s Guide to Getting a Professional Head Start,Kasey Morris,Kindle,"Jun 25, 2021",
0,https://www.amazon.com/dp/B0981DJ661,B0981DJ661,"Getting the Job/Career You Want & Deserve: Searching, Interviewing, and Negotiating the Job You Want",The Gritty Guru,Kindle,"Jun 25, 2021",
3,https://www.amazon.com/dp/B097NT7FZW,B097NT7FZW,How to Get a Good Job After 50: A Step-by-step Guide to Job Search Success,Rupert French,Kindle,"Jun 20, 2021",
1,https://www.amazon.com/dp/B092G45VB5,B092G45VB5,Personal and Career Development: A Workbook on Self-Leadership,Claudio A. Rivera,Kindle,"Jun 14, 2021",
0,https://www.amazon.com/dp/B096RJBGFG,B096RJBGFG,Passion Purpose Paid: How To Master Your Career Search,Terrance Hampton,Kindle,"Jun 6, 2021",
0,https://www.amazon.com/dp/B096DMMT3S,B096DMMT3S,Get A Job...NOW!!!: Handbook For The Job Seeker,Barry Vanek,Kindle,"Jun 1, 2021",
3,https://www.amazon.com/dp/B09621ZKGJ,B09621ZKGJ,Write to Win! A Standout Resume,Carla Bass,Kindle,"Jun 1, 2021",
0,https://www.amazon.com/dp/B098J9GNX1,B098J9GNX1,Money / Mind Connection: “What You Need to Know in the Pursuit of Wealth”,Dr. Rusch,Kindle,"Jun 30, 2021",
3,https://www.amazon.com/dp/B098DVXP5C,B098DVXP5C,Insights from Corporate Chanakya by Radhakrishnan Pillai in 15 minutes,Juggernaut,Kindle,"Jun 30, 2021",
0,https://www.amazon.com/dp/B097F32LSX,B097F32LSX,Competition: What It Is and Why It Happens,Stefan Arora-Jonsson,Kindle,"Jun 30, 2021",
2,https://www.amazon.com/dp/B098D5Y1NS,B098D5Y1NS,Forex Trading: How To Grow Your Income And Generate Tremendous Profit Trading Forex,Daniel Lincoln,Kindle,"Jun 29, 2021",
0,https://www.amazon.com/dp/B098BD38V6,B098BD38V6,The Body Hoax: The Business Case for Valuing Real Bodies,Emi Howe,Kindle,"Jun 29, 2021",
1,https://www.amazon.com/dp/B0989SQ8M6,B0989SQ8M6,Business Essentials to Grow and Succeed: The business black book - simple and easy,Kervin  Kupp,Kindle,"Jun 29, 2021",
3,https://www.amazon.com/dp/B092XGWVYF,B092XGWVYF,100 Journal Prompts for Bad Ass Coaches + Entrepreneurs: Ready-To-Be 6 and 7 Figure Coaches (Quit Fucking Around),Sarah  Quinn,Kindle,"Jun 29, 2021",
4,https://www.amazon.com/dp/B098F86HP7,B098F86HP7,Rappin' The Classroom: The No.1 Music Teacher's guide to the techniques of rap,Francis Winston,Kindle,"Jun 30, 2021",
0,https://www.amazon.com/dp/B09H8L3MBV,B09H8L3MBV,The Half Story,Doreen Rubin Stein-Sacks,Kindle,"Jun 30, 2021",
0,https://www.amazon.com/dp/B09988J4B4,B09988J4B4,A Lot To Say Collection of Lyrics EBook Version,Selena Millman,Kindle,"Jun 30, 2021",
0,https://www.amazon.com/dp/B098H9CMM8,B098H9CMM8,Selling out without selling out: A Musician's guide to airplay and sustainability,Naboth Rimayi,Kindle,"Jun 30, 2021",
0,https://www.amazon.com/dp/B098FH9BW7,B098FH9BW7,"PIANO ROLL SCORE Mozart 12 Variations K.265 4.Variation7,8",Ryoichi Ishii,Kindle,"Jun 30, 2021",
0,https://www.amazon.com/dp/B098F7J496,B098F7J496,"Four Areas Of Guitar Technique: Picking, Legato, Playing In Time And Expression: How To Develop Perfect Guitar Technique",Shirley Cirillo,Kindle,"Jun 30, 2021",
0,https://www.amazon.com/dp/B098DSMXGK,B098DSMXGK,Winter C Major,Tatiana Shalginova,Kindle,"Jun 30, 2021",
0,https://www.amazon.com/dp/B098DL1T62,B098DL1T62,"ILLUSIONS ,",Dove Night,Kindle,"Jun 30, 2021",
4,https://www.amazon.com/dp/B098H11V7N,B098H11V7N,Enough!: A Biblical Look at Infertility,Michelle Reasoner,Kindle,"Jun 30, 2021",
1,https://www.amazon.com/dp/B098H87FPZ,B098H87FPZ,Hers and Hers Intimacy Journal: 52 questions and conversation starters,K Wright,Kindle,"Jun 30, 2021",
2,https://www.amazon.com/dp/B098FD1XXK,B098FD1XXK,270 Flirty Messages to send to Him,Cecilia Agu,Kindle,"Jun 30, 2021",
0,https://www.amazon.com/dp/B098DSF6MV,B098DSF6MV,THIS THING CALLED MARRIAGE: The ultimate roadmap for about-to and newlyweds,Ezinne Uluocha,Kindle,"Jun 30, 2021",
0,https://www.amazon.com/dp/B098CWL1PY,B098CWL1PY,Marriage Begets Marriage: How Much Influence Parents Have In Children's Marriage,Rev. Fr. Michael Asim,Kindle,"Jun 29, 2021",
0,https://www.amazon.com/dp/B098CCNF37,B098CCNF37,THE REAL MAN,Kennedy Agumanu,Kindle,"Jun 29, 2021",
1,https://www.amazon.com/dp/B0989G742Z,B0989G742Z,The Three Stages In Building A God-centred Relationship : God's Way,Thabang  Nene,Kindle,"Jun 29, 2021",
3,https://www.amazon.com/dp/B09321K88C,B09321K88C,Managing the Aftermath of Infidelity: A Sequential Guide for Therapists and Couples,Butch Losey,Kindle,"Jun 28, 2021",
0,https://www.amazon.com/dp/B09889P8CL,B09889P8CL,The Insecure Wife,Lakita T Sharpe,Kindle,"Jun 28, 2021",
2,https://www.amazon.com/dp/B098851TBV,B098851TBV,"Communication in Relationship: How to Prevent Miscommunication and Solve Couple Conflicts | Overcome Insecurity, Anxiety, and Negative Emotions | Boost Patience, Empathy, and Intimacy in Love",Julia Jacobs,Kindle,"Jun 28, 2021",
0,https://www.amazon.com/dp/B098813J2D,B098813J2D,"Proven Tips, Tools and Tactics for Catching a Cheating Partner",Eva Thorn,Kindle,"Jun 28, 2021",
0,https://www.amazon.com/dp/B0986SRDM6,B0986SRDM6,Through Sickness & Health,Debra  Burns,Kindle,"Jun 27, 2021",
0,https://www.amazon.com/dp/B0983V9HG7,B0983V9HG7,Everyone Driving you Mad?: How to improve your relationship with yourself and others,Rosie O'Hara,Kindle,"Jun 27, 2021",
2,https://www.amazon.com/dp/B0981YZRJX,B0981YZRJX,Emotional Infidelity in the Church: Crossing Boundaries in Discipleship,Ibidun B. Daramola,Kindle,"Jun 26, 2021",
2,https://www.amazon.com/dp/B0975CD2NX,B0975CD2NX,The House of Marriage: Establishing a Solid Foundation for Marital Relationships,Donnett Webster,Kindle,"Jun 25, 2021",
2,https://www.amazon.com/dp/B0981HM9VX,B0981HM9VX,Cracking the Rib Code: God Has a Soft Spot for Women,Ogbeide Impact,Kindle,"Jun 25, 2021",
0,https://www.amazon.com/dp/B0981CVJXC,B0981CVJXC,The Professional Cleaner,Camille  Barker,Kindle,"Jun 25, 2021",
1,https://www.amazon.com/dp/B097ZJKSXM,B097ZJKSXM,AGEING YOUTHFULLY,SUNEETA MUKHERJEE,Kindle,"Jun 25, 2021",
2,https://www.amazon.com/dp/B097ZB3W49,B097ZB3W49,5 Laws of Inner Change,Mehdi Akbary,Kindle,"Jun 25, 2021",
0,https://www.amazon.com/dp/B097YXYY7G,B097YXYY7G,She Cheated: Recovering Your Heart and Life After Her Affair,Bryce Jackson,Kindle,"Jun 24, 2021",
0,https://www.amazon.com/dp/B097J5GX7J,B097J5GX7J,Re-Vitalizing Our Marriage: Applying the Teachings of the Bahá'í Faith to Strengthen Our Union,"Alexander, Susanne M.,",Kindle,"Jun 25, 2021",
1,https://www.amazon.com/dp/B097J4J1XD,B097J4J1XD,Deciding in Unity: A Practical Process for Married Couples to Agree on Practically Everything,Susanne M. Alexander,Kindle,"Jun 24, 2021",
0,https://www.amazon.com/dp/B097YPBJWX,B097YPBJWX,"STAYING IN MARRIAGE: A Simple Practical Guide To An Outstanding And Long Lasting Marriage With Your Partner Also Nuggets To Learn That Can Keep Your Marriage Relationship Alive. lasting marriage,",Michael Brooke,Kindle,"Jun 24, 2021",
0,https://www.amazon.com/dp/B097YJ8JZD,B097YJ8JZD,Mature Relationship Nuggets: 12 Ways to Act More Mature in Your Relationship and Be a Better Partner.,Bonnie William,Kindle,"Jun 24, 2021",
1,https://www.amazon.com/dp/B097XMNJQZ,B097XMNJQZ,The LIfe of Robert and Mary Comeaux: A True Love Story,Stephanie  Caesar,Kindle,"Jun 24, 2021",
1,https://www.amazon.com/dp/B097H4YMMC,B097H4YMMC,"Creating Well-Being for Couples and Families: Increasing Health, Spirituality, and Happiness",Susanne M. Alexander,Kindle,"Jun 24, 2021",
0,https://www.amazon.com/dp/B097TNCL5H,B097TNCL5H,BEYOND THE RING: A practical guide to a fulfilling marital journey,Idongesit Adegoke,Kindle,"Jun 23, 2021",
0,https://www.amazon.com/dp/B097ST5Q89,B097ST5Q89,The Side Chick (Miss Kitty Relationship Books),Miss Kitty,Kindle,"Jun 23, 2021",
0,https://www.amazon.com/dp/B097SS1WL8,B097SS1WL8,"PHILOSOPHY & SEX: LILITH'S REPLY (""PHILOSOPHY &..."" Book 3)",DESA N.  ASED,Kindle,"Jun 23, 2021",
4,https://www.amazon.com/dp/B097S8NBZD,B097S8NBZD,UNTOLD SECRETS THAT WRECK MARRIAGES: Discover the dark secrets that destroy marriages and how to rebuild your home,Nike Folagbade,Kindle,"Jun 22, 2021",
2,https://www.amazon.com/dp/B097SPZFZB,B097SPZFZB,SUCCESS: An American Memoir,Betty  Hunter,Kindle,"Jun 22, 2021",
0,https://www.amazon.com/dp/B097S73DJX,B097S73DJX,Biblical Principles to Make Love to Your Wife and Make Her Beg for More,Shirley  Stone,Kindle,"Jun 22, 2021",
0,https://www.amazon.com/dp/B097S6KNMX,B097S6KNMX,BEYOND EMOTION: How to build a healthy relationship beyond emotional feelings,Maureen Ikeh,Kindle,"Jun 22, 2021",
0,https://www.amazon.com/dp/B097S4QGGN,B097S4QGGN,Marriage Matters to God: book / bible study,John W  Boland,Kindle,"Jun 22, 2021",
0,https://www.amazon.com/dp/B097RZLLKS,B097RZLLKS,"Marriage Doesn't Work, Neither Does Divorce",Klaus Schlafengut,Kindle,"Jun 22, 2021",
2,https://www.amazon.com/dp/B097RHVHWJ,B097RHVHWJ,BLOOM OF THE WOMAN: A GUIDE FOR MEN TO HELP THE WOMEN IN THEIR LIVES,Caroline Adebayo,Kindle,"Jun 22, 2021",
0,https://www.amazon.com/dp/B097RBY7GJ,B097RBY7GJ,The Soul of Love and Relationship: love and relationships,A.W. Ansari,Kindle,"Jun 22, 2021",
2,https://www.amazon.com/dp/B097QBSCPG,B097QBSCPG,No Tragedy in Tears: Journeying Towards Contented Living Beyond Grief,James Garnham,Kindle,"Jun 22, 2021",
0,https://www.amazon.com/dp/B097PLKT1V,B097PLKT1V,"WHEN A GIRL WAS BORN IN MERU, KENYA: WOMEN'S RIGHTS (AMERU CULTURAL ANTHROPOLOGY Book 1)",TARCISIO F. B. GICHUNGE,Kindle,"Jun 21, 2021",
0,https://www.amazon.com/dp/B097QHJ21D,B097QHJ21D,The Language Of Love,Warrnette Lewis,Kindle,"Jun 21, 2021",
0,https://www.amazon.com/dp/B097QBRW9V,B097QBRW9V,"Love Lust and Sex, Build an Authentic Relationship: Better manage relationships with future partners, No more toxic relationships, no more love complications and unnecessary fights",R.M.  Phoenix,Kindle,"Jun 21, 2021",
0,https://www.amazon.com/dp/B097Q8SBVD,B097Q8SBVD,How to know the man God has for you,Oluwatosin Sanusi,Kindle,"Jun 21, 2021",
0,https://www.amazon.com/dp/B097PMHG2L,B097PMHG2L,Love and Relationship Understanding: What is true love,A.W. Ansari,Kindle,"Jun 21, 2021",
0,https://www.amazon.com/dp/B097NVV8V7,B097NVV8V7,Living With Lust,Corinne  O'Sullivan,Kindle,"Jun 21, 2021",
0,https://www.amazon.com/dp/B097NBXRYR,B097NBXRYR,"Rich Man, Poor Woman, Bogyman, Thief",Charles (Chuck)  Stephens,Kindle,"Jun 21, 2021",
0,https://www.amazon.com/dp/B097M8WMNV,B097M8WMNV,"The good, The bad, and he ugly?: Tips and guidebook for online dating",Chard'e Perry,Kindle,"Jun 20, 2021",
0,https://www.amazon.com/dp/B097NL8FLR,B097NL8FLR,What after breakup?: lessons learned after breakup and ways to have a good relationship in the future,ERIC MED,Kindle,"Jun 20, 2021",
0,https://www.amazon.com/dp/B092KG2K3X,B092KG2K3X,Monogamy Isn't For Me: Manifesting society secrets (The Poly Anatomy),A'nyo  Lee,Kindle,"Jun 20, 2021",
2,https://www.amazon.com/dp/B097M1DR5W,B097M1DR5W,A Practical Guide to Personal and Marital Happiness,Mordechai and Esther Fintz,Kindle,"Jun 19, 2021",
0,https://www.amazon.com/dp/B097LSXJWH,B097LSXJWH,Courtney and Lewis (The Chellew Family Book 1),Renene Jelley,Kindle,"Jun 19, 2021",
0,https://www.amazon.com/dp/B097LRN84V,B097LRN84V,You can get girdfriend even 10 ways to get her told by a 160cm short stature man who made 17 girlfriends: Tips for graduating from Virgin DT I will generously teach you my success law,YUSUKE SASA,Kindle,"Jun 19, 2021",
3,https://www.amazon.com/dp/B097LR6BTV,B097LR6BTV,Marital Harmony: 25 ways to keep your marriage happy & fulfilling,Funke  Amobi,Kindle,"Jun 19, 2021",
0,https://www.amazon.com/dp/B097KV8B79,B097KV8B79,Prolongation of the love relationship: love and relationships,A.W. Ansari,Kindle,"Jun 18, 2021",
2,https://www.amazon.com/dp/B097K8WSPW,B097K8WSPW,Self-praise marriage,Youme Inoue,Kindle,"Jun 18, 2021",
0,https://www.amazon.com/dp/B097JV5983,B097JV5983,You should ask your wife: Tell me More,Ernesto Rosales,Kindle,"Jun 18, 2021",
0,https://www.amazon.com/dp/B097XX1SGC,B097XX1SGC,Love and Honour?: Marriage for Peace,David D E Evans,Kindle,"Jun 17, 2021",
0,https://www.amazon.com/dp/B097J71B5L,B097J71B5L,I Wong In Life With Lu,Stephen Lu,Kindle,"Jun 17, 2021",
0,https://www.amazon.com/dp/B097J6FCCD,B097J6FCCD,TILL DEATH PART US: A PRACTICAL GUIDE FOR A LIFETIME MARRIAGE,TITUS MAJIROGHENE OGBETERE,Kindle,"Jun 17, 2021",
0,https://www.amazon.com/dp/B097J51BKT,B097J51BKT,Ex Love and Relationships: books about love and relationships,A.W. Ansari,Kindle,"Jun 17, 2021",
0,https://www.amazon.com/dp/B097J16MZ2,B097J16MZ2,Betrayal and Trauma,Ingrid Pickett,Kindle,"Jun 17, 2021",
0,https://www.amazon.com/dp/B097HZ17PH,B097HZ17PH,MAJORING IN MINORS: THE TRAGEDY OF WASTING BULLETS FOR ELEPHANTS ON RATS,ERNEST OBENG,Kindle,"Jun 17, 2021",
0,https://www.amazon.com/dp/B097HWVPXJ,B097HWVPXJ,COST OF A HAPPY HOME,OLATOYE AYOBAMI,Kindle,"Jun 17, 2021",
0,https://www.amazon.com/dp/B097HR3H7W,B097HR3H7W,"Couple of Hearts: Questions for couples and conversation starters to build trust, intimacy and improve communication",Paige Morton,Kindle,"Jun 17, 2021",
1,https://www.amazon.com/dp/B097F832B3,B097F832B3,Unnecessarily Broken,Marquitta Rodgers,Kindle,"Jun 16, 2021",
0,https://www.amazon.com/dp/B097F152GS,B097F152GS,Relationship: The Part Way To Success,Isaac Kehinde,Kindle,"Jun 16, 2021",
0,https://www.amazon.com/dp/B097DRCLRT,B097DRCLRT,MENTAL CHECK 2: WHAT IN THE HELL IS WRONG WITH ADAM AND EVE: How Mate Partners Ought to Feel about things Between Them,Williejay T. Strong,Kindle,"Jun 16, 2021",
0,https://www.amazon.com/dp/B097B6YPYX,B097B6YPYX,Rights: Constitutional and other rights we should have,Allen Paul,Kindle,"Jun 15, 2021",
0,https://www.amazon.com/dp/B097CL45SM,B097CL45SM,Communication Breakthrough For Couples And Partners: 18 super secrets to transform your relationship with just conversation,Zera Holland,Kindle,"Jun 15, 2021",
0,https://www.amazon.com/dp/B097CG6CT7,B097CG6CT7,Love is a Craft: Discovering Self For Better Relationships,Edidiong Idang,Kindle,"Jun 15, 2021",
0,https://www.amazon.com/dp/B097CDCT2S,B097CDCT2S,The Asian Man's Guide To Marrying In The West.: Simple techniques which guarantee you success in your endeavors.,Daljit Singh Chaddha,Kindle,"Jun 15, 2021",
0,https://www.amazon.com/dp/B097BR9RZM,B097BR9RZM,Command Your Marriage,Olufemi Adebayo,Kindle,"Jun 15, 2021",
0,https://www.amazon.com/dp/B0931ZPQ5D,B0931ZPQ5D,Positive Choices For A Joyful Marriage,Paul Betters,Kindle,"Jun 15, 2021",
0,https://www.amazon.com/dp/B0979QKX7S,B0979QKX7S,Playing Soldier: An American in occupied Germany after WWII,Alfred McNeely,Kindle,"Jun 14, 2021",
4,https://www.amazon.com/dp/B0979MWD33,B0979MWD33,Was Marriage Right For Me?,Neil Hawkins,Kindle,"Jun 14, 2021",
1,https://www.amazon.com/dp/B0979LX4KS,B0979LX4KS,"Love, Sex, and Bonding: Secrets To Spark Up Your Relationship And Increase Intimacy",Stephen R. Emezue,Kindle,"Jun 14, 2021",
0,https://www.amazon.com/dp/B0979DW7SP,B0979DW7SP,"We Said ""I Do"" and the Adventure Began",Herschel Kahn,Kindle,"Jun 14, 2021",
0,https://www.amazon.com/dp/B0979DVL9W,B0979DVL9W,I Don't Need A Man: True Stories of Men and the Regarded Alpha Woman,Moses Wright,Kindle,"Jun 14, 2021",
3,https://www.amazon.com/dp/B0976NRDC7,B0976NRDC7,Polish Your Marriage: 7 essentials To Enhance Your Marriage,Teresia Burroughs,Kindle,"Jun 13, 2021",
0,https://www.amazon.com/dp/B0976JXPQN,B0976JXPQN,"THE 2-STEP PERMANENT CURE FOR PREMATURE EJACULATION: A Fast, Easy And Effective Way For Curing Premature Ejaculation Permanently And Naturally. (Mens Sexual Health)",Trevor  Micheal,Kindle,"Jun 13, 2021",
3,https://www.amazon.com/dp/B0974LH71X,B0974LH71X,Holy Bariatrimony: How HER surgery...Changed HIS life...And THEIR marriage,"White, Christopher,",Kindle,"Jun 12, 2021",
0,https://www.amazon.com/dp/B0976H58L3,B0976H58L3,NEVER ENDS MARRIAGE: HOW TO MAKE YOUR MARRIAGE LAST EVER LASTING MARRIAGE TILL OLD AGE,ANDREY RHIANE,Kindle,"Jun 12, 2021",
0,https://www.amazon.com/dp/B0975YZZ4V,B0975YZZ4V,"PHILOSOPHY & SEX: A LETTER TO LILITH (""PHILOSOPHY &..."" Book 2)",DESA N.  ASED,Kindle,"Jun 12, 2021",
0,https://www.amazon.com/dp/B0975H2168,B0975H2168,Love and Relationships: A Perfectly Crafted Guide About Love and Relationships,Sean Isonit,Kindle,"Jun 12, 2021",
3,https://www.amazon.com/dp/B097NQ2Y2Z,B097NQ2Y2Z,A Relationship Pocket Guide Written for Women by Men!,James Knuckles,Kindle,"Jun 11, 2021",
0,https://www.amazon.com/dp/B0974V5SV9,B0974V5SV9,Heal Yourself to Happiness: Healthy relation with your partner & kids,Sumreen Khalid,Kindle,"Jun 11, 2021",
0,https://www.amazon.com/dp/B0974GZPPB,B0974GZPPB,The Fine Print Of Marriage Workbook and Journal: Marital Health (The Fine Print Of Marriage series),Ken and Cecilia Simien,Kindle,"Jun 11, 2021",
0,https://www.amazon.com/dp/B09745NN2T,B09745NN2T,Lifecycles,lIFECYCLES,Kindle,"Jun 11, 2021",
0,https://www.amazon.com/dp/B0974175SS,B0974175SS,Relationships: Be Wise & Prosper Life Coaching,Dr. Noble. William West I Manuel,Kindle,"Jun 11, 2021",
2,https://www.amazon.com/dp/B0972CQGKQ,B0972CQGKQ,"Ladies, We Are Worth More Than Dinner: 31-Day Devotional",Ebony C. Bland,Kindle,"Jun 10, 2021",
0,https://www.amazon.com/dp/B0971ZJHZX,B0971ZJHZX,The 7 Habits of a Breathtaking Relationship,Thomas Kuster,Kindle,"Jun 10, 2021",
0,https://www.amazon.com/dp/B0973SSWVP,B0973SSWVP,Marriage Saving Tips,ananta das,Kindle,"Jun 10, 2021",
0,https://www.amazon.com/dp/B0972ZC4BK,B0972ZC4BK,7 STEP TO HAVE A GOOD SEX: It is always a good time together.,OKWEYEDE JOSHUA,Kindle,"Jun 10, 2021",
0,https://www.amazon.com/dp/B09727BMBY,B09727BMBY,Pamela's Secret To A Successful Parenting,Moses Pillar,Kindle,"Jun 10, 2021",
2,https://www.amazon.com/dp/B0971HMGS6,B0971HMGS6,The Wild Sexy Marriage: A Field Guide To Getting Hot And Spicy In The Bedroom (The Wild Sexy Life Series Book 2),Heather Mattern,Kindle,"Jun 9, 2021",
0,https://www.amazon.com/dp/B0971FZBZJ,B0971FZBZJ,100 QUESTIONS AND BIBLICAL ANSWERS ON MARRIAGE AND FAMILY RELATIONSHIPS,Cecilia Gbemisola  Obisakin,Kindle,"Jun 9, 2021",
0,https://www.amazon.com/dp/B09712GJMS,B09712GJMS,"HIS DESIRED SPOUSE: A wife, man needs, and love to spend quality lifetime relationship with",Lillian   Livingston,Kindle,"Jun 9, 2021",
0,https://www.amazon.com/dp/B096ZH9FGG,B096ZH9FGG,CHOOSING A BRIDE (MARRIAGE IS HONOURABLE IN ALL - HEBREWS 13:4 Book 1),WURAOLA  ABIODUN AKINDELE-OLULANA,Kindle,"Jun 9, 2021",
0,https://www.amazon.com/dp/B096Z448DW,B096Z448DW,"PRINCESS HESSA'S WEDDING A special number for a special event: RADIO HITS SHOW Translated articles, journalists weekly, shipping news book, entertainment weekly 2021",MOHAMED FARAG,Kindle,"Jun 9, 2021",
5,https://www.amazon.com/dp/B097GY3BBY,B097GY3BBY,From Rags to Riches: How We Made Our Christian Marriage and Businesses a Success,Joseph Trawick,Kindle,"Jun 8, 2021",
0,https://www.amazon.com/dp/B096YGLWS9,B096YGLWS9,The Marriage Syllabus : Strategies for a Successful Marriage,Wale Odeyale,Kindle,"Jun 8, 2021",
0,https://www.amazon.com/dp/B096YGBK14,B096YGBK14,"Pichit Love Scripture, Volume 1, : Law of Attraction Secret Formula Love : Win The Hearts of Lovers :Hypnotize Your Lover And Life: How to use subconscious energy to attract love",Amornrat Boonyarit,Kindle,"Jun 8, 2021",
0,https://www.amazon.com/dp/B096Y7CB79,B096Y7CB79,How to Fix Your Marriage: Proven Strategies to Get Your Marriage Kicking Again,Wale Odeyale,Kindle,"Jun 8, 2021",
0,https://www.amazon.com/dp/B096Y659YD,B096Y659YD,Love is a Verb: How to Demonstrate Love in Marriage,Wale Odeyale,Kindle,"Jun 8, 2021",
0,https://www.amazon.com/dp/B096Y5X3K6,B096Y5X3K6,To Leave and To Cleave: Real Life Marriage Case Study,Wale Odeyale,Kindle,"Jun 8, 2021",
0,https://www.amazon.com/dp/B096Y5J4LH,B096Y5J4LH,Marriage without Tears: How to Enjoy Marriage without Sorrow,Wale Odeyale,Kindle,"Jun 8, 2021",
1,https://www.amazon.com/dp/B096XRCDV5,B096XRCDV5,"FINDING THE ONE, STAYING IN LOVE: Your Journey To Discovering God's Best For You",Sonia Okoro,Kindle,"Jun 8, 2021",
1,https://www.amazon.com/dp/B096XJJHBX,B096XJJHBX,Thiyaga Idayam: A True Friendship Story,Ganesh waran,Kindle,"Jun 8, 2021",
0,https://www.amazon.com/dp/B096WFWDTZ,B096WFWDTZ,"An ultimate guide to get over a divorce or a long-term relationship: Get over the past, heal your heart with affirmations and visualizations and be ready to love again.",I. K. Ryan,Kindle,"Jun 7, 2021",
0,https://www.amazon.com/dp/B096W26MS8,B096W26MS8,BEFORE YOU SAY I DO,OMOBOLA IJIOLA,Kindle,"Jun 7, 2021",
3,https://www.amazon.com/dp/B096TBR5XG,B096TBR5XG,Budgeted Wedding: Tips for a stylish wedding on a budget,Rev. Dr. Stéphanie Noircent,Kindle,"Jun 6, 2021",
0,https://www.amazon.com/dp/B096T8FP2D,B096T8FP2D,Prayers For My Husband: Protection For His Mind and Heart,Roslyn Hendrickson,Kindle,"Jun 6, 2021",
2,https://www.amazon.com/dp/B096S521R2,B096S521R2,Roleplay: 7 Rules for Unbreakable Relationship Success,RK Wyat,Kindle,"Jun 6, 2021",
1,https://www.amazon.com/dp/B096BC2DW5,B096BC2DW5,The Grass Is Not Always Greener: Strengthen Your Relationship One Day At A Time,Audrey Morrison-Greet,Kindle,"Jun 4, 2021",
1,https://www.amazon.com/dp/B0975VP4J7,B0975VP4J7,"Sex, Love, Money and then God",Betty Jones,Kindle,"Jun 4, 2021",
0,https://www.amazon.com/dp/B096PYCQZ8,B096PYCQZ8,WHY YOU SHOULD AVOID CHEATING: what will make you abstain from cheating on your partner and will improve your marital life and relationship,Dr Mary Jackson,Kindle,"Jun 4, 2021",
3,https://www.amazon.com/dp/B096PWKJ27,B096PWKJ27,HOW TO CHOOSE YOUR LIFE PARTNER WITHOUT MAKING A MISTAKE: This eBook reveals every hidden secret involving in Choosing Your Partner,Sunday Uwem,Kindle,"Jun 4, 2021",
0,https://www.amazon.com/dp/B096PRNKNP,B096PRNKNP,HOW TO GET YOUR EX BACK: Catch the magnificent moves you need to know in getting your horrendous love want.,Rosalina  Salonoy,Kindle,"Jun 4, 2021",
3,https://www.amazon.com/dp/B096PPR35Y,B096PPR35Y,I NEED ANSWERS: 30 COMMONLY ASKED QUESTIONS ON MARRIAGE,Dr  GRACE SOLA-OLUDOYI,Kindle,"Jun 4, 2021",
0,https://www.amazon.com/dp/B096NHD9KT,B096NHD9KT,533 IMPORTANT THINGS TO DISCUSS BEFORE MARRIAGE: WAYS TO STRENGTHEN YOUR MARRIAGE & RELATIONSHIP (PREPARING FOR MARRIAGE SERIES Book 1),EMMANUEL GESINDE,Kindle,"Jun 4, 2021",
3,https://www.amazon.com/dp/B096L6BBJV,B096L6BBJV,Things to know before Marriage: A Biblical guide that leads to happiness and prosperity,Pierre Fenelon,Kindle,"Jun 3, 2021",
0,https://www.amazon.com/dp/B096N5723B,B096N5723B,PERFECT DESTINATION: A ROMANTIC SHORT STORY,ANGEL MARY,Kindle,"Jun 3, 2021",
2,https://www.amazon.com/dp/B096MT8XN8,B096MT8XN8,"How to love again after an affair: Restoration, walking in wholeness",Bethany Dona,Kindle,"Jun 3, 2021",
0,https://www.amazon.com/dp/B096HLMK5Q,B096HLMK5Q,Are you looking for Miss Right or Miss Wrong?,Joseph Wilson,Kindle,"Jun 2, 2021",
4,https://www.amazon.com/dp/B095V2LNHP,B095V2LNHP,31 Days of Morgan,Tracy Morgan,Kindle,"Jun 2, 2021",
5,https://www.amazon.com/dp/B09746CMQZ,B09746CMQZ,The Expectations of Our Standards: Do You Know What You Want out of This Relationship,Earlyshia O. Thomas,Kindle,"Jun 1, 2021",
2,https://www.amazon.com/dp/B096DLBRPC,B096DLBRPC,The Wife in Transit,Nykefah Nairne,Kindle,"Jun 1, 2021",
1,https://www.amazon.com/dp/B093R38LQ3,B093R38LQ3,FIND LOVE OVERSEAS: Eight Incredible Ways to Discover Your Future Foreign Bride,John Klose,Kindle,"Jun 1, 2021",
0,https://www.amazon.com/dp/B08NJ7FD49,B08NJ7FD49,The Ten Love Agreements: The Guide to Propel You and Your Romantic Relationship to Extraordinary Heights,Barbara Rose,Kindle,"Jun 1, 2021",
0,https://www.amazon.com/dp/B096FZBZY5,B096FZBZY5,Aura of Govind: Destined To Meet,Mahalakshmi Ramesh,Kindle,"Jun 1, 2021",
1,https://www.amazon.com/dp/B098J58Z74,B098J58Z74,"Insights from Smarter, Faster, Better by Charles Duhigg‎ in 15 minutes",Juggernaut,Kindle,"Jun 30, 2021",
3,https://www.amazon.com/dp/B098F26Z5F,B098F26Z5F,Her Wisdom,Divya Kapoor,Kindle,"Jun 30, 2021",
2,https://www.amazon.com/dp/B096YY9HND,B096YY9HND,"Dream Big: Work hard, Keep Pushing, and Never Give Up Until Your Dreams Come True",Deborah Wisdom,Kindle,"Jun 30, 2021",
0,https://www.amazon.com/dp/B098JCBSJR,B098JCBSJR,7 Pillars of Stewardship: Self Empowerment (And Have Dominion),Willard Madzimbamuto,Kindle,"Jun 30, 2021",
3,https://www.amazon.com/dp/B098HJSBPV,B098HJSBPV,An Introduction to Skateboarding/ Skate Culture: The Ins & Outs of Becoming a Skateboarder,S.P. Townsend,Kindle,"Jun 30, 2021",
0,https://www.amazon.com/dp/B098HJPLPW,B098HJPLPW,Purpose Matters: 30 Days & 30 Ways To Cultivate Your Purpose,Patrice Jackson,Kindle,"Jun 30, 2021",
0,https://www.amazon.com/dp/B098GG9J51,B098GG9J51,Undressed Relationships Vol 2: Boots your emotional capital,Dr Roch,Kindle,"Jun 30, 2021",
0,https://www.amazon.com/dp/B098FJFQX8,B098FJFQX8,Influence 'Em: How Ordinary Disapproved People can become Influential,Pius Murimi,Kindle,"Jun 30, 2021",
0,https://www.amazon.com/dp/B098FG7ML6,B098FG7ML6,The Jacuzzi Mandate: Shoot Down Benjamin Franklin and Bury Him In A Swiss Bank,St Andrews Boulevard,Kindle,"Jun 30, 2021",
0,https://www.amazon.com/dp/B098F998TN,B098F998TN,Turn your scars into stars: How to deal with your perfectionism in 10 steps,Carol Bailleul,Kindle,"Jun 30, 2021",
1,https://www.amazon.com/dp/B098F7BWLN,B098F7BWLN,"More Value, More Success: Becoming A Person Of Value; The Key To Success",Stanley Grant,Kindle,"Jun 30, 2021",
1,https://www.amazon.com/dp/B098F54S7W,B098F54S7W,HEAL THE HEART JOURNAL.: Healing starts from within.,wajeeha khan,Kindle,"Jun 30, 2021",
0,https://www.amazon.com/dp/B098F4NVNN,B098F4NVNN,Motivational Sleep Quotes For Women: Inspirational and Motivational Quotes for Positive Thinking,JOHN  WALTERS,Kindle,"Jun 30, 2021",
2,https://www.amazon.com/dp/B098F3XKQQ,B098F3XKQQ,Motivational Reading Quotes For Women: A motivational quote a day to increase productivity and bring positive thinking into your life,JOHN  WALTERS,Kindle,"Jun 30, 2021",
0,https://www.amazon.com/dp/B098F1SWDW,B098F1SWDW,Self-Motivation: How Self Motivation Isn't As Bad As You Think,Cheryl-Anne Phillips,Kindle,"Jun 30, 2021",
1,https://www.amazon.com/dp/B098F1JRWR,B098F1JRWR,Motivational Exercise Quotes For Women: Powerful Motivational Quotes To Help You Conquer Life’s Challenges For Women,JOHN  WALTERS,Kindle,"Jun 30, 2021",
0,https://www.amazon.com/dp/B098DYSQ1H,B098DYSQ1H,Motivational Promise Quotes For Women: Inspirational and Motivational Quotes for Positive Thinking,JOHN WALTERS,Kindle,"Jun 30, 2021",
0,https://www.amazon.com/dp/B098DX143G,B098DX143G,Motivational Travel Quotes For Women: Powerful Motivational Quotes To Help You Conquer Life’s Challenges For Women,JOHN  WALTERS,Kindle,"Jun 30, 2021",
0,https://www.amazon.com/dp/B098DVG394,B098DVG394,Motivational Peace Quotes For Women: Inspirational and Motivational Quotes for Positive Thinking,JOHN  WALTERS,Kindle,"Jun 30, 2021",
0,https://www.amazon.com/dp/B098DSQ7CN,B098DSQ7CN,Introduction to Managing Motivation,Akira Nakano,Kindle,"Jun 30, 2021",
0,https://www.amazon.com/dp/B098DMWVNV,B098DMWVNV,Motivational Forgiveness Quotes For Women: Inspirational and Motivational Quotes for Positive Thinking,JOHN  WALTERS,Kindle,"Jun 30, 2021",
1,https://www.amazon.com/dp/B098DH4DH5,B098DH4DH5,Words Of Warriors: An Anthology,WHRUTS,Kindle,"Jun 30, 2021",
1,https://www.amazon.com/dp/B098DGG1GC,B098DGG1GC,I am Power: Volume 1,Amanda Coleman,Kindle,"Jun 30, 2021",
0,https://www.amazon.com/dp/B098D7ZGYY,B098D7ZGYY,Motivational Change Quotes For Women: Powerful Motivational Quotes To Help You Conquer Life’s Challenges For Women,JOHN WALTERS,Kindle,"Jun 30, 2021",
0,https://www.amazon.com/dp/B098D1SW45,B098D1SW45,Motivational Effort Quotes For Women: Inspirational and Motivational Quotes for Positive Thinking,JOHN  WALTERS,Kindle,"Jun 30, 2021",
5,https://www.amazon.com/dp/B098CWKD1Q,B098CWKD1Q,"Hey Girl, you are...: 7 Days of Real to Heal",Amanda Greene,Kindle,"Jun 30, 2021",
0,https://www.amazon.com/dp/B097G227CN,B097G227CN,It Was Always My Fault,Vinícius Capucho,Kindle,"Jun 30, 2021",
0,https://www.amazon.com/dp/B096ZYFHNN,B096ZYFHNN,"Just Do It, Plan To Do: Plan, Act , Evaluate",N.M MAKWELA,Kindle,"Jun 30, 2021",
0,https://www.amazon.com/dp/B0966ZHVWT,B0966ZHVWT,"20 Self Care Habits: Develop Your Strengths, Use Your Resources, Improve Your Life And Relationships - A Practical Guide To Setting Clear Boundaries and Meeting Your Needs",Karin Brauner,Kindle,"Jun 30, 2021",
2,https://www.amazon.com/dp/B098BP4KFZ,B098BP4KFZ,My Thoughts in Quotes,Ibukun Awosika,Kindle,"Jun 29, 2021",
4,https://www.amazon.com/dp/B098CYBNMH,B098CYBNMH,Taking on the Bully (taxman): A Pioneer Family Fight to Hold Canada Revenue Agency Accountable,Elly  Foote,Kindle,"Jun 29, 2021",
2,https://www.amazon.com/dp/B098S8Y7HY,B098S8Y7HY,The Morning After: Surviving the Loss of Someone You Love,John M Samony Sr CGSS,Kindle,"Jun 29, 2021",
0,https://www.amazon.com/dp/B098D3W5BF,B098D3W5BF,The Halfway Mark: 50 nuggets of wisdom learned in half a century,Geneva Musau Mutuku,Kindle,"Jun 29, 2021",
0,https://www.amazon.com/dp/B098D2J6S1,B098D2J6S1,Excellent Leadership in the 21st Century: The missing ingredient to leadership development,Ngozi David Dennis,Kindle,"Jun 29, 2021",
3,https://www.amazon.com/dp/B098CDNBDZ,B098CDNBDZ,Characters - Proverbs for Growing Up : Characters To Create Character,Mikell Snooks,Kindle,"Jun 29, 2021",
0,https://www.amazon.com/dp/B098BQPDC8,B098BQPDC8,"UNMASKING TALENT: Discover, Deplore & Maximize Your Potential",Michael Ediale,Kindle,"Jun 29, 2021",
1,https://www.amazon.com/dp/B098BJKGSJ,B098BJKGSJ,Trials and Tribulations of aSuccessful African American Woman,Valerie Witcher,Kindle,"Jun 29, 2021",
0,https://www.amazon.com/dp/B098BBKDJC,B098BBKDJC,"The three keys: Overall Transformation; Career, Relationship, Business, Lifestyle With Self Esteem, Self worth, And Self Confidence",Harris  Kent,Kindle,"Jun 29, 2021",
0,https://www.amazon.com/dp/B098B6SKVG,B098B6SKVG,Motivational Art Quotes For Women: Daily Motivation For Your Best Year Ever,JOHN WALTERS,Kindle,"Jun 29, 2021",
0,https://www.amazon.com/dp/B098B4CTCM,B098B4CTCM,Motivational Music Quotes For Women: Daily Motivation For Your Best Year Ever,JOHN  WALTERS,Kindle,"Jun 29, 2021",
0,https://www.amazon.com/dp/B098B3XNV5,B098B3XNV5,Motivational Smile Quotes For Women: Daily Motivation For Your Best Year Ever,JOHN  WALTERS,Kindle,"Jun 29, 2021",
0,https://www.amazon.com/dp/B0989ZT1M3,B0989ZT1M3,Motivational Happiness Quotes For Women: Daily Motivation For Your Best Year Ever,JOHN  WALTERS,Kindle,"Jun 29, 2021",
0,https://www.amazon.com/dp/B0989Y3M1V,B0989Y3M1V,Motivational Dream Quotes For Women: Daily Motivation For Your Best Year Ever,JOHN WALTERS,Kindle,"Jun 29, 2021",
0,https://www.amazon.com/dp/B0989WDP5T,B0989WDP5T,Motivational Faith Quotes For Women: What Happens When Women Walk in Faith,JOHN  WALTERS,Kindle,"Jun 29, 2021",
0,https://www.amazon.com/dp/B0989VYYKT,B0989VYYKT,Motivational Chance Quotes For Women: Daily Motivation For Your Best Year Ever,JOHN  WALTERS,Kindle,"Jun 29, 2021",
0,https://www.amazon.com/dp/B0989VW2NL,B0989VW2NL,"Inspiration Persistence Quotes For Women: Inspirational and Motivational Quotes for Positive Thinking, Self-Esteem",JOHN  WALTERS,Kindle,"Jun 29, 2021",
5,https://www.amazon.com/dp/B0989QG186,B0989QG186,The Flight of the Butterfly,K’bana Blaq,Kindle,"Jun 29, 2021",
0,https://www.amazon.com/dp/B0989PSQJ2,B0989PSQJ2,"Motivational Time Quotes For Women: Comedy, Romace, School life",JOHN  WALTERS,Kindle,"Jun 29, 2021",
0,https://www.amazon.com/dp/B098932D5Q,B098932D5Q,"The Ultimate Cure for Procrastination: Permanently Cure this Horrible, Stressful Habit Once and for All",Kay Fereday,Kindle,"Jun 29, 2021",
0,https://www.amazon.com/dp/B098928YH9,B098928YH9,"Motivational Work Quotes For Women: Comedy, Romace, School life",JOHN WALTERS,Kindle,"Jun 29, 2021",
0,https://www.amazon.com/dp/B0988BVLDV,B0988BVLDV,The boy with the sad eyes,Samuel Aponte Chevalier,Kindle,"Jun 28, 2021",
3,https://www.amazon.com/dp/B09888KLY8,B09888KLY8,In The Face of Giants (Extraordinary Warrior Becomings),Christina Hadwin Zuniga,Kindle,"Jun 28, 2021",
2,https://www.amazon.com/dp/B0987W85B7,B0987W85B7,Sittin in Traffic,Nia Star,Kindle,"Jun 28, 2021",
0,https://www.amazon.com/dp/B09878C3SK,B09878C3SK,A Feather's Moment: You are what you experience,Carlsby Ong,Kindle,"Jun 28, 2021",
4,https://www.amazon.com/dp/B098DB2BF5,B098DB2BF5,Love Affair in Divine Intimate Romance: Spiritual Journey with Pure Love,Celinda Burns,Kindle,"Jun 28, 2021",
1,https://www.amazon.com/dp/B0988WDTWN,B0988WDTWN,The Possibility Mindset: How Thoughts Powerfully Affect Our Lives,Enya Epelle,Kindle,"Jun 28, 2021",
1,https://www.amazon.com/dp/B0988CPKTC,B0988CPKTC,The little book of inspirational quotes,M. J. Wayling,Kindle,"Jun 28, 2021",
0,https://www.amazon.com/dp/B09889HBSG,B09889HBSG,Important Skill Nobody Taught You: Valuable Untold Skills For You,Padmaraj Nidagundi,Kindle,"Jun 28, 2021",
3,https://www.amazon.com/dp/B09888MMXX,B09888MMXX,"Restore Your Self-Esteem in 7 Steps: Overcome Low Self-Esteem Workbook to Build Confidence, Inner Strength, and Esteem in a Series of Reflective Exercises (Soaring Living)",John Lang,Kindle,"Jun 28, 2021",
5,https://www.amazon.com/dp/B0987ZSTT9,B0987ZSTT9,Visions From My Father,S.P. Scott,Kindle,"Jun 28, 2021",
0,https://www.amazon.com/dp/B0987ZJ3KY,B0987ZJ3KY,30 Highly Effective Principles to Defeat Excuses: Your Guide to Becoming a Peak Performer.,Odanwu Kenneth Chiabuotu,Kindle,"Jun 28, 2021",
0,https://www.amazon.com/dp/B0987VTNDN,B0987VTNDN,Wellness Codes: Transforming your path,Diana  Fernández Mestre,Kindle,"Jun 28, 2021",
0,https://www.amazon.com/dp/B0987R22FX,B0987R22FX,Kingdom Revelator: Issue 77,Sehion Ministries,Kindle,"Jun 28, 2021",
0,https://www.amazon.com/dp/B0987Q2N4M,B0987Q2N4M,"Passive Income Hero: Standard Employee by Day, Passive Income Hero by Night (Massive Passive Income Books Book 46)",Joshua King,Kindle,"Jun 28, 2021",
2,https://www.amazon.com/dp/B0987PDWB7,B0987PDWB7,Crocodile Wrestling for Beginners: Stop Surviving. Start Living. You Can Do It.,J.J. Kenyon,Kindle,"Jun 28, 2021",
0,https://www.amazon.com/dp/B0987JQVVM,B0987JQVVM,"Motivational Health Quotes For Women: Comedy, Romace, School life, Shounen",JOHN  WALTERS,Kindle,"Jun 28, 2021",
0,https://www.amazon.com/dp/B0987HNY5K,B0987HNY5K,Motivational Strength Quotes For Women: Living the Best Life Possible for God in This Broken World,JOHN  WALTERS,Kindle,"Jun 28, 2021",
0,https://www.amazon.com/dp/B0987HMRL5,B0987HMRL5,Motivational Brave Quotes For Women: Inspirational and Motivational Quotes for Positive Thinking,JOHN  WALTERS,Kindle,"Jun 28, 2021",
0,https://www.amazon.com/dp/B0987GXK8D,B0987GXK8D,Motivational Trust For Women: Trust or Control Exposing the Root Cause of a Woman's Inability to Trust,JOHN  WALTERS,Kindle,"Jun 28, 2021",
0,https://www.amazon.com/dp/B0987G337X,B0987G337X,Discover how to have an interesting life even without purpose,Gi  Pilla,Kindle,"Jun 28, 2021",
0,https://www.amazon.com/dp/B0987F69BC,B0987F69BC,Motivational Friendship Quotes For Women: Inspirational and Motivational Quotes for Positive Thinking,JOHN  WALTERS,Kindle,"Jun 28, 2021",
0,https://www.amazon.com/dp/B0987DKRTR,B0987DKRTR,Motivational Love Quotes For Women: A Self Love Guide for Women,JOHN  WALTERS,Kindle,"Jun 28, 2021",
5,https://www.amazon.com/dp/B098797Y7K,B098797Y7K,SAY YES & JA TO FAITH HOPE & LOVE AND FIND PEACE & JOY,FRIEDERIKE GROSSE,Kindle,"Jun 28, 2021",
0,https://www.amazon.com/dp/B09878HHL8,B09878HHL8,Motivational Hope Quotes For Women: Wisdom and Hope for Women at Any Stage of Emotional Abuse Recovery,JOHN  WALTERS,Kindle,"Jun 28, 2021",
0,https://www.amazon.com/dp/B09877845W,B09877845W,Motivational Beauty Quotes For Women: How Images of Beauty Are Used Against Women,JOHN  WALTERS,Kindle,"Jun 28, 2021",
0,https://www.amazon.com/dp/B09872SYFP,B09872SYFP,Motivational Family Quotes For Women : Inspirational and Motivational Quotes for Positive Thinking,JOHN  WALTERS,Kindle,"Jun 28, 2021",
0,https://www.amazon.com/dp/B09871Q57T,B09871Q57T,Motivational Self-Care Quotes For Women: Guided Self Care Journal With Prompts For Women And Teens,JOHN  WALTERS,Kindle,"Jun 28, 2021",
0,https://www.amazon.com/dp/B0986THYRQ,B0986THYRQ,Motivational Success Quotes For Women: Inspirational and Motivational Quotes for Success in Life,JOHN WALTERS,Kindle,"Jun 28, 2021",
1,https://www.amazon.com/dp/B0986PNJDK,B0986PNJDK,Know Your Circles,Andrea Montack,Kindle,"Jun 28, 2021",
2,https://www.amazon.com/dp/B0986MBW5D,B0986MBW5D,How to get Things done: Productivity tips,Esra Osman,Kindle,"Jun 28, 2021",
0,https://www.amazon.com/dp/B0986GVJQQ,B0986GVJQQ,Motivational Quotes For Women: Inspirational Quotes,JOHN  WALTERS,Kindle,"Jun 28, 2021",
2,https://www.amazon.com/dp/B0984JBTC1,B0984JBTC1,Earth Plan 4C: The Aquarian Plan of Peace,Robert Emmett Burke,Kindle,"Jun 28, 2021",
4,https://www.amazon.com/dp/B0982SHMND,B0982SHMND,Life AFTER High School Graduation: 31 Questions For High School Graduates To Answer Before Embarking Upon Their New Journey,Dr. E. Marcel Jones,Kindle,"Jun 27, 2021",
0,https://www.amazon.com/dp/B0986VPN88,B0986VPN88,Paradigm Shift,Daniel Awolaru,Kindle,"Jun 27, 2021",
1,https://www.amazon.com/dp/B0985RPD12,B0985RPD12,OVERCOMING OBSTACLES: Principles for Navigating Through the Challenges of Life,JOSEPH  YOKAT,Kindle,"Jun 27, 2021",
0,https://www.amazon.com/dp/B0985P2CT8,B0985P2CT8,LAUGH AND LIVE By DOUGLAS FAIRBANKS: ANNOTATED,DOUGLAS FAIRBANKS,Kindle,"Jun 27, 2021",
4,https://www.amazon.com/dp/B09851CJSR,B09851CJSR,Today I Will Be A Better Man,Ranjeet Bains,Kindle,"Jun 27, 2021",
1,https://www.amazon.com/dp/B0984Q2YV6,B0984Q2YV6,UNMASKING LEADERSHIP: What They Don't Tell You,Jesus Eddie Campa,Kindle,"Jun 27, 2021",
0,https://www.amazon.com/dp/B0984L7R6Q,B0984L7R6Q,Abstract Thoughts to Free Your Mind,Dwayne Hinton,Kindle,"Jun 27, 2021",
0,https://www.amazon.com/dp/B0984JN2SZ,B0984JN2SZ,"My Mind's Eye: (a journal that both challenges and relaxes, curated by Dwayne Hinton)",Dwayne Hinton,Kindle,"Jun 27, 2021",
0,https://www.amazon.com/dp/B098438MB6,B098438MB6,REVELATIONS OF THE RICH: What The Rich Know That Others Don't,OBUYA RICHARD,Kindle,"Jun 27, 2021",
0,https://www.amazon.com/dp/B098436LBF,B098436LBF,Dream Life Law of Attraction Crash Course How To Guide and Workbook - Law Of Attraction and Manifestation Guide and Workbook,Michele Davis,Kindle,"Jun 27, 2021",
2,https://www.amazon.com/dp/B09842T9GB,B09842T9GB,Shalom Tidings Magazine (May/June 2021): US Edition,Shalom Tidings,Kindle,"Jun 27, 2021",
0,https://www.amazon.com/dp/B09842K8LF,B09842K8LF,Broken edges: Addiction and Love,Shelby Louise,Kindle,"Jun 27, 2021",
0,https://www.amazon.com/dp/B09841T9NM,B09841T9NM,"Life Lessons For Purposeful Living: A Collection of Powerful, Inspiring and Thought-provoking Words To Inspire You Through the Journey of Life",Mordecai Orimiladeye,Kindle,"Jun 27, 2021",
1,https://www.amazon.com/dp/B09841JTTB,B09841JTTB,Overcoming Mediocrity - Stylishly Transformed,Ginna Tassanelli,Kindle,"Jun 27, 2021",
4,https://www.amazon.com/dp/B0983X618H,B0983X618H,It Started with Weight Loss: The Transformation That Changed My Life,Mandy Haenel,Kindle,"Jun 27, 2021",
0,https://www.amazon.com/dp/B0983TH6VV,B0983TH6VV,FAILURE: The Right Way To Be Wrong,Ryan Derick Shaw,Kindle,"Jun 27, 2021",
0,https://www.amazon.com/dp/B0983NF6MK,B0983NF6MK,11 Intriguing Buddha Stories: Buddha Stories,VRaj I,Kindle,"Jun 27, 2021",
0,https://www.amazon.com/dp/B0983DVYPC,B0983DVYPC,The Enigmatic Life,Yamini Vasava,Kindle,"Jun 27, 2021",
0,https://www.amazon.com/dp/B09836JZ6V,B09836JZ6V,UNLEASHING YOUR SAVAGERY MIND: 30 capsules to intensify your conviction,Zachary Dsouza,Kindle,"Jun 27, 2021",
0,https://www.amazon.com/dp/B0982CCX8D,B0982CCX8D,Positive Affirmations,Anthony  Rae,Kindle,"Jun 27, 2021",
0,https://www.amazon.com/dp/B0982JK1LX,B0982JK1LX,HE LOVES : YOU ARE A STRONG WOMAN AND YOU DESERVE THE BEST.,PRINCE LEONE,Kindle,"Jun 26, 2021",
0,https://www.amazon.com/dp/B0982JHX6L,B0982JHX6L,LOSING THE WINGS: LIVING WITH A.L.S.,Claudio Sergio Santos,Kindle,"Jun 26, 2021",
0,https://www.amazon.com/dp/B0982FGHV2,B0982FGHV2,365 days of #BOSSBABE quotes: An inspirational quote-per-day book for female empowerment,R. J. Chohan,Kindle,"Jun 26, 2021",
4,https://www.amazon.com/dp/B095N94YJM,B095N94YJM,Finding Your True North: Your Guidebook to Revolutionized Thinking,Nneka Nwobi,Kindle,"Jun 26, 2021",
1,https://www.amazon.com/dp/B094Z19YJX,B094Z19YJX,Momentum for Purpose and Vision,JP Prothro,Kindle,"Jun 26, 2021",
0,https://www.amazon.com/dp/B09HMZ3J8V,B09HMZ3J8V,Highlight Your Intention: An 8-Week Guided Self-Development Journal Journal,", Juannean",Kindle,"Jun 25, 2021",
0,https://www.amazon.com/dp/B0981FQN1S,B0981FQN1S,"It's Happening For You, Not To You",Ananya Krishnan,Kindle,"Jun 25, 2021",
0,https://www.amazon.com/dp/B0981FPN4B,B0981FPN4B,WHERE IS YOUR FOOTPRINT?: 19 Ways to live an Unforgettable and a Remarkable life,Precious Bassey,Kindle,"Jun 25, 2021",
2,https://www.amazon.com/dp/B0981FJBF5,B0981FJBF5,A Book For You.: 10 magical recipes to polish your personality.,Shifa Usman,Kindle,"Jun 25, 2021",
2,https://www.amazon.com/dp/B098197VDD,B098197VDD,Habakkuk: Praising God In Your Darkest Hour,Olayinka Dada,Kindle,"Jun 25, 2021",
0,https://www.amazon.com/dp/B097YVLVCK,B097YVLVCK,Thirteen Heartfelt Stories : Relationship Experiences Shared…,"Rosemary Giralt Bob Sehmi, Mehul Shah, Nevine Nazif",Kindle,"Jun 25, 2021",
0,https://www.amazon.com/dp/B097YSBTSW,B097YSBTSW,ME TOO CAN DO,GYAN SHANKAR,Kindle,"Jun 25, 2021",
0,https://www.amazon.com/dp/B096R35DPZ,B096R35DPZ,What Did I Do?,Jensen Anderson,Kindle,"Jun 25, 2021",
0,https://www.amazon.com/dp/B097Z41442,B097Z41442,"Always And Always: Put Yourself First, Think Yourself First And Love Yourself First",Padmaraj Nidagundi,Kindle,"Jun 24, 2021",
3,https://www.amazon.com/dp/B097Z4T4S2,B097Z4T4S2,THIS LIFE IS YOURS,ARLENE BECKFORD,Kindle,"Jun 24, 2021",
0,https://www.amazon.com/dp/B097YSPKZ4,B097YSPKZ4,BE A STRONG MAN: What if your weaknesses could be transformed into strengths which would propel you to success as a man? (BE A STRONG MAN SERIES Book 1),Alan Balmer,Kindle,"Jun 24, 2021",
5,https://www.amazon.com/dp/B097YNSBT8,B097YNSBT8,"Personalities: We all have stories to share, just not with the world.",Saad Riaz,Kindle,"Jun 24, 2021",
1,https://www.amazon.com/dp/B097Y89H1L,B097Y89H1L,Journey on a Bumpy Road,Ellen Patricia,Kindle,"Jun 24, 2021",
0,https://www.amazon.com/dp/B0998MKMTH,B0998MKMTH,The Devout Christian's Mission in Spreading Hope: The Lifestyle of Hope,Yvon J Baptiste,Kindle,"Jun 24, 2021",
0,https://www.amazon.com/dp/B097Z41NB7,B097Z41NB7,THE COW’S FLEXIBILITY: There is nothing more relevant than granting yourself permission to leave your comfort zone to make way for a new scenario in your ... (THE SKILLS OF SELECTABLE PEOPLE Book 2),Nicolas Reyes,Kindle,"Jun 24, 2021",
0,https://www.amazon.com/dp/B097Z3M5JJ,B097Z3M5JJ,Connected Lives,Ph.D. Ozodi Thomas Osuji,Kindle,"Jun 24, 2021",
1,https://www.amazon.com/dp/B097Z2W7KJ,B097Z2W7KJ,A Great Awakening: It's Not Over,David Allen,Kindle,"Jun 24, 2021",
0,https://www.amazon.com/dp/B097Z2H8T2,B097Z2H8T2,CHAMPIONS: Application of Common Sense and Biblical Motifs to Succeed in Both Worlds,Charles Mwewa,Kindle,"Jun 24, 2021",
0,https://www.amazon.com/dp/B097Z2G2DS,B097Z2G2DS,Nothing is Impossible: Conquer it!,Carlos León,Kindle,"Jun 24, 2021",
0,https://www.amazon.com/dp/B097Z29XH3,B097Z29XH3,"The Game Of Life: Life is not a goal to be achieved, but a game to be played :)",Tushar  Raut,Kindle,"Jun 24, 2021",
0,https://www.amazon.com/dp/B097YXLTG2,B097YXLTG2,100% SELF-ESTEEM: A HUMAN BEING WITH OWN LOVE,ANDRES DONATO CASTRO,Kindle,"Jun 24, 2021",
0,https://www.amazon.com/dp/B097YWPK85,B097YWPK85,Blessed Beyond Measures,Sam Jullius,Kindle,"Jun 24, 2021",
2,https://www.amazon.com/dp/B097YSKGYQ,B097YSKGYQ,"Habits, Patterns and Thoughts That Go Bump in the Night: Thinking About Change",George Sewell,Kindle,"Jun 24, 2021",
0,https://www.amazon.com/dp/B097YQ17N3,B097YQ17N3,Picture This: Change your life for the better using the power of your imagination,Kathleen Roberts,Kindle,"Jun 24, 2021",
0,https://www.amazon.com/dp/B097YKF6YF,B097YKF6YF,Kingdom Revelator: Issue 76,Sehion Ministries,Kindle,"Jun 24, 2021",
0,https://www.amazon.com/dp/B097XXVM9Y,B097XXVM9Y,3 Exercises to Improve Mental Toughness: Mindful Living,Cortney Allred,Kindle,"Jun 24, 2021",
0,https://www.amazon.com/dp/B097XS7YLY,B097XS7YLY,Salon Chat: Behind the scenes of a beauty salon,Daiane Revitti,Kindle,"Jun 24, 2021",
0,https://www.amazon.com/dp/B096PWJRXS,B096PWJRXS,Expanding The World Of Nerds: Facebook Posts Of MrSir,Mpho Matlhabegoane,Kindle,"Jun 24, 2021",
0,https://www.amazon.com/dp/B097WQ48N7,B097WQ48N7,The Kingdom Has Need Of You: Answer The Father's Call,Morene Williams,Kindle,"Jun 23, 2021",
0,https://www.amazon.com/dp/B097WLLCQM,B097WLLCQM,MIND MANAGEMENT: The serenity of the mind and anger control strategies for a happy living,GODWIN EBOYEM,Kindle,"Jun 23, 2021",
0,https://www.amazon.com/dp/B097TYR5K1,B097TYR5K1,TAL MENTAL RESILIENCE This guide was developed to enable you to develop the mental strength that can sustain : This guide was developed to enable you to develop the mental stren,JORGE  FERNÁNDEZ,Kindle,"Jun 23, 2021",
3,https://www.amazon.com/dp/B097TWQBQ8,B097TWQBQ8,He Knows my Name: Inspirational Stories of God's Love for His Daughters- Volume Two,Felicia  Lucas,Kindle,"Jun 23, 2021",
0,https://www.amazon.com/dp/B097TWGV9M,B097TWGV9M,THE CHARACTERS OF JESUS,Ojeleye Israel,Kindle,"Jun 23, 2021",
3,https://www.amazon.com/dp/B097TR9L2D,B097TR9L2D,THE POWER OF WORDS: Taking hold of your future through positive confession,NANASEI OPOKU-SARKODIE,Kindle,"Jun 23, 2021",
0,https://www.amazon.com/dp/B097SSYM3X,B097SSYM3X,THE SIMPLE 4-STEP SYSTEM TO EARN PASSIVE INCOME ONLINE (The Simple Books),Emmett Ferguson,Kindle,"Jun 23, 2021",
0,https://www.amazon.com/dp/B097SSD9LD,B097SSD9LD,Fast Way To Write Your 1st eBook: Its Easier Than You Think,Cortney Hayden,Kindle,"Jun 23, 2021",
0,https://www.amazon.com/dp/B097SBY6CT,B097SBY6CT,SELF DISCOVERY: How to Discover and Use your Talent,Kizzy Michi,Kindle,"Jun 23, 2021",
3,https://www.amazon.com/dp/B0955SPTN3,B0955SPTN3,THE MOMENT OF TRUTH,ALAH ADAMS,Kindle,"Jun 22, 2021",
0,https://www.amazon.com/dp/B097S74FN4,B097S74FN4,Keeping Your Faith After Narcissistic Abuse,Deanna Lewakowski,Kindle,"Jun 22, 2021",
0,https://www.amazon.com/dp/B097S3SQSV,B097S3SQSV,HUMAN RESOURCES PURSUING INCLUSION: A CRITICAL HUMAN NEED,Dr. José Bolton,Kindle,"Jun 22, 2021",
0,https://www.amazon.com/dp/B097S2KF7C,B097S2KF7C,Focus 3 Things a day : Limit your daily to-do list to the top three most important things you want to accomplish for the day.,walaiphon chareonsak,Kindle,"Jun 22, 2021",
0,https://www.amazon.com/dp/B097RXKGJY,B097RXKGJY,HALT THE HATERS : Gems To Beat The Haters And Criticiser,Ajay Kumar,Kindle,"Jun 22, 2021",
0,https://www.amazon.com/dp/B097QL42J8,B097QL42J8,Be Kind & Improve Your Life,Resha Sukoshi,Kindle,"Jun 22, 2021",
1,https://www.amazon.com/dp/B097BNSN7L,B097BNSN7L,Yoga Years: True stories of how yoga transforms ageing,Kathy Arthurson,Kindle,"Jun 21, 2021",
3,https://www.amazon.com/dp/B093JQTRRP,B093JQTRRP,"The Ultimate Guide to Selling Your Original World Language Resources: How to Open, Fill, and Grow a Successful Online Curriculum Store",Erin E. H. Austin,Kindle,"Jun 21, 2021",
5,https://www.amazon.com/dp/B0FQYYNHDW,B0FQYYNHDW,Touch of Peace: Living the Teachings of Paramhansa Yogananda (Touch of Light Book 4),Nayaswami Jyotish,Kindle,"Jun 21, 2021",
0,https://www.amazon.com/dp/B097RCVHRC,B097RCVHRC,guideline questions to know thyself: Do you have a clear sense of who you are?,walaiphon chareonsak,Kindle,"Jun 22, 2021",
0,https://www.amazon.com/dp/B09CMSQH95,B09CMSQH95,My Luck: The determination and courage of a winner,Yordano Bonilla,Kindle,"Jun 21, 2021",
0,https://www.amazon.com/dp/B097QCNM7T,B097QCNM7T,Survivor Recovery Finding Yourself Again After Narcissistic Abuse,Deanna Lewakowski,Kindle,"Jun 21, 2021",
3,https://www.amazon.com/dp/B097QBW667,B097QBW667,Complexion Confessions (Higher Self vs. Lower Self Book 1),Kevin Garcia,Kindle,"Jun 21, 2021",
0,https://www.amazon.com/dp/B097Q5928B,B097Q5928B,I'm Limitless!: No Stopping Me now!,Michael E. Apah,Kindle,"Jun 21, 2021",
0,https://www.amazon.com/dp/B097Q24RF9,B097Q24RF9,Co-create a Spirited Life Vol2,Pratibha Malhotra,Kindle,"Jun 21, 2021",
0,https://www.amazon.com/dp/B097PY2PKB,B097PY2PKB,When The Salary Stops: Government Salaries Are For One Year Olds,Benjamin Efeaguono  Efekodo,Kindle,"Jun 21, 2021",
0,https://www.amazon.com/dp/B097NTH2WN,B097NTH2WN,COMMITMENT INTEGRITY DEDICATION: HOW CID CHANGED MY BUSINESS,AMIT MITTAL,Kindle,"Jun 21, 2021",
4,https://www.amazon.com/dp/B097N3WYTV,B097N3WYTV,Life in Quotes,Sri Ramana Pemmaraju,Kindle,"Jun 21, 2021",
0,https://www.amazon.com/dp/B096PV2BKG,B096PV2BKG,The Mind Book of transformation (SUCCESS 7),Olatunde Odeyemi,Kindle,"Jun 21, 2021",
1,https://www.amazon.com/dp/B08ZV23YMG,B08ZV23YMG,Posture: Take Your Kingdom Stance,Tricie  Graham,Kindle,"Jun 21, 2021",
1,https://www.amazon.com/dp/B097NQY9FQ,B097NQY9FQ,Bible Facts uncovered: Bringing possible hidden Bible facts to light. (Christian must know Series),Samuel Asaolu,Kindle,"Jun 20, 2021",
0,https://www.amazon.com/dp/B097NK7RRT,B097NK7RRT,Simple Directions: For Life,Antony Zermeño,Kindle,"Jun 20, 2021",
0,https://www.amazon.com/dp/B097NSNWVQ,B097NSNWVQ,That Fibro...Healing (That Fibro... Series Book 5),Nicki Leonie,Kindle,"Jun 20, 2021",
0,https://www.amazon.com/dp/B097NRFB17,B097NRFB17,E-book Publishing Made Easy,OLUWATOBI ADEOYE,Kindle,"Jun 20, 2021",
1,https://www.amazon.com/dp/B097NN4CDB,B097NN4CDB,Tenacity: Finding the Courage to Move Forward,Andre Jackson,Kindle,"Jun 20, 2021",
1,https://www.amazon.com/dp/B097NJGCD7,B097NJGCD7,Where's Your Walk?!,Rev. Andrew F. Dees,Kindle,"Jun 20, 2021",
0,https://www.amazon.com/dp/B097N9QQGH,B097N9QQGH,ACTING IS EVERYTHING. WHAT ARE YOU WAITING FOR?,Yubeinis  Ferrer Barroso,Kindle,"Jun 20, 2021",
0,https://www.amazon.com/dp/B097N92JML,B097N92JML,The Israel In Jacob: A 42-Day Devotional And Prayer Book,Daniel Akingbelure,Kindle,"Jun 20, 2021",
0,https://www.amazon.com/dp/B097N7RH5J,B097N7RH5J,SPIRITUAL ACCOUNTING (DISCOVER JUDAISM),Haya Berkowitz,Kindle,"Jun 20, 2021",
0,https://www.amazon.com/dp/B097N723M6,B097N723M6,Upon Mount zion: A 42-Day Devotional And Prayer Manual,Daniel Akingbelure,Kindle,"Jun 20, 2021",
0,https://www.amazon.com/dp/B097N4JQ18,B097N4JQ18,Commanding The Possibility Power of God,Daniel Akingbelure,Kindle,"Jun 20, 2021",
0,https://www.amazon.com/dp/B097N3L127,B097N3L127,Decoding Life's Code: Unraveling The Mysteries of Life,Daniel Akingbelure,Kindle,"Jun 20, 2021",
0,https://www.amazon.com/dp/B097MPVCD4,B097MPVCD4,Inspirations From Life,Shawnta Hicks,Kindle,"Jun 20, 2021",
0,https://www.amazon.com/dp/B097MHZGWM,B097MHZGWM,SERENITY: A Way of Life To Inner Peace In Today's Distracted World,DR.SANDEEP C AGRAWAL,Kindle,"Jun 20, 2021",
0,https://www.amazon.com/dp/B097M8S6NM,B097M8S6NM,"WATCH YOUR MOUTH: 5 Things You May Be Saying Constantly That Destroy Your Relationships, Image and Life",Daniel Smiley,Kindle,"Jun 20, 2021",
2,https://www.amazon.com/dp/B097M69PX1,B097M69PX1,Motivation: How to take responsibility for changing your reality,Touto Bial,Kindle,"Jun 20, 2021",
0,https://www.amazon.com/dp/B097M53R82,B097M53R82,Dream BIg Workbook - Chapter 6: Bird With a Broken Wing - Boundaries (The Dream Big Workbook),Kathy  Tuccaro,Kindle,"Jun 20, 2021",
4,https://www.amazon.com/dp/B097LT48D9,B097LT48D9,The Alice Effect: Diving Down the Rabbit Hole of Your Dreams,Megan Patiry,Kindle,"Jun 19, 2021",
2,https://www.amazon.com/dp/B0965XHF8H,B0965XHF8H,The Rebel Method: A Guide to Self Improvement,Brandon Beasley,Kindle,"Jun 19, 2021",
2,https://www.amazon.com/dp/B099NYZQXV,B099NYZQXV,Musical Clues: : Learning About the Law of Attraction Through HIP HOP,Steven Rivera,Kindle,"Jun 19, 2021",
0,https://www.amazon.com/dp/B097LYYHKY,B097LYYHKY,Love your [SELF]: 15 Keys To Learning To Love Self More,Daniel Smiley,Kindle,"Jun 19, 2021",
0,https://www.amazon.com/dp/B097LWPKV1,B097LWPKV1,"My Time: Breaking limits, setting new records",Mogomotsi Moremi,Kindle,"Jun 19, 2021",
0,https://www.amazon.com/dp/B097LVNN1W,B097LVNN1W,The Nocturnal Genius: Thrive While The World Sleeps. Alpha Male. Self Help. Study Guide,Alexander Montrose,Kindle,"Jun 19, 2021",
0,https://www.amazon.com/dp/B097LNWTH7,B097LNWTH7,20 Inspiring Dialogues From Famous Hollywood Movies,Kalpesh  Khot,Kindle,"Jun 19, 2021",
0,https://www.amazon.com/dp/B097LJF1ZZ,B097LJF1ZZ,"Leke Ademo's Golden Book: Vision, Storytelling & Lead Generation",Leke Ademo,Kindle,"Jun 19, 2021",
2,https://www.amazon.com/dp/B097KWXV3T,B097KWXV3T,BASIC RULES FOR A HEALTHY LIFESTYLE: BUILD A HEALTHIER YOU,Neyfi Del Rosario,Kindle,"Jun 19, 2021",
2,https://www.amazon.com/dp/B097JCDFZP,B097JCDFZP,Falling Out of Silence: 326 Prompts & Questions to Combat Writer's Block,Delliom Ellidom,Kindle,"Jun 19, 2021",
3,https://www.amazon.com/dp/B091JZBQPF,B091JZBQPF,Lack of options,JayCo Cohen,Kindle,"Jun 19, 2021",
0,https://www.amazon.com/dp/B095BSR3VS,B095BSR3VS,UNDERSTANDING THE MATRIX WITHIN INTERNAL EARTH,Rena Price,Kindle,"Jun 18, 2021",
0,https://www.amazon.com/dp/B0992VZNHJ,B0992VZNHJ,Self-Improvement in Suspended Time: The Rebels Are Back!,Sylvie Lemieux,Kindle,"Jun 18, 2021",
4,https://www.amazon.com/dp/B097KVG8SX,B097KVG8SX,Beyond Work: The marketplace is an integral part of a Christian's faith journey,Darrel Chong,Kindle,"Jun 18, 2021",
0,https://www.amazon.com/dp/B097KQLFPW,B097KQLFPW,Journey to Success,Wadzanai Ashley Mushakwe,Kindle,"Jun 18, 2021",
0,https://www.amazon.com/dp/B097KQJN85,B097KQJN85,Start By Looking In The Mirror,Wadzanai Ashley Mushakwe,Kindle,"Jun 18, 2021",
1,https://www.amazon.com/dp/B097KP82GN,B097KP82GN,Make Videos To Build Leadership: Get Confidence to Record Your First Video,NIRAJ KUMAR SINGH,Kindle,"Jun 18, 2021",
0,https://www.amazon.com/dp/B097KKWDTK,B097KKWDTK,WHY YOU DON'T HAVE TO BE SMART TO BE RICH,Emmanuel Appiah-Kubi,Kindle,"Jun 18, 2021",
0,https://www.amazon.com/dp/B097KFB53D,B097KFB53D,GLOW: Tapping into the Power of Success Habits,Rebeka Teshome,Kindle,"Jun 18, 2021",
0,https://www.amazon.com/dp/B097KDCBN5,B097KDCBN5,"LAZINESS AND HOW TO OVERCOME LAZINESS: How To Overcome Laziness, Defeat Procrastination, Increase Productivity, And Giving Yourself Time To Meditate",OLAYIWOLA  GBOLAHAN,Kindle,"Jun 18, 2021",
0,https://www.amazon.com/dp/B097K8GW7Y,B097K8GW7Y,Amazon EBook creation,Magdalene Bahago,Kindle,"Jun 18, 2021",
0,https://www.amazon.com/dp/B097JZMWKM,B097JZMWKM,Good Life or Bad Life: Navigating Smoothly Through Unfairness in Life to Success,Lucky Munemo,Kindle,"Jun 18, 2021",
0,https://www.amazon.com/dp/B097JS212Y,B097JS212Y,HOW TO SIMPLIFY YOUR LIFE: Getting the Best of Each Day,Tolulope Olamipo,Kindle,"Jun 18, 2021",
2,https://www.amazon.com/dp/B097JGRXTX,B097JGRXTX,"Damn, Dare to Dream: Practical Tips for Discovering Your Life´s Path and Unleashing Your Potential",Galina Amoedo,Kindle,"Jun 18, 2021",
1,https://www.amazon.com/dp/B097JGFZXS,B097JGFZXS,Shalom Tidings Magazine (July/August 2020): US Edition,Shalom Tidings,Kindle,"Jun 18, 2021",
0,https://www.amazon.com/dp/B097JCJ9XD,B097JCJ9XD,My Story of Racism & Economic Oppression in Corporate America,Real Tru  Galore,Kindle,"Jun 18, 2021",
0,https://www.amazon.com/dp/B0977K3RX2,B0977K3RX2,You are special: How strong you can be! (Love books <3 Book 2),Thiele Oliveira,Kindle,"Jun 18, 2021",
1,https://www.amazon.com/dp/B094YYXTGR,B094YYXTGR,My Transition: Into A Legal Lifestyle,Crane Novacane,Kindle,"Jun 18, 2021",
0,https://www.amazon.com/dp/B097Y1TC26,B097Y1TC26,Alzheimer's & Theology: Theological Dynamic of the Human Experience of Dementia,Thomas Liu D.Min,Kindle,"Jun 17, 2021",
2,https://www.amazon.com/dp/B097XWPB29,B097XWPB29,Trapped Within Myself,ARL115,Kindle,"Jun 17, 2021",
0,https://www.amazon.com/dp/B09J1QTZ9B,B09J1QTZ9B,Let's talk about R: . . . There is danger if we delay!,J K Monday,Kindle,"Jun 17, 2021",
1,https://www.amazon.com/dp/B097XX5GZQ,B097XX5GZQ,"Poems and Letters to My Heavenly Mother: (For All the Daughters of God, in Christ Jesus, with Love Always)",Kassi Ydris,Kindle,"Jun 17, 2021",
0,https://www.amazon.com/dp/B097XX2BHR,B097XX2BHR,Provoking Your Change,Mike. O. Ethapemi,Kindle,"Jun 17, 2021",
0,https://www.amazon.com/dp/B097J13NNS,B097J13NNS,Tomato Soup for the Solopreneur: stories of success & inspiration ...and more (Tomato Soup ...for the solopreneur Book 1),Brian J. Roush,Kindle,"Jun 17, 2021",
0,https://www.amazon.com/dp/B097HSNN11,B097HSNN11,"Positive Daily Break up Affirmations: Positive Affirmations using Self Hypnosis, Guided Meditation, Sleep Learning and the Law of Attraction to heal from trauma of a break up in a past relationship",Cesar  Blake,Kindle,"Jun 17, 2021",
0,https://www.amazon.com/dp/B097HL7SPJ,B097HL7SPJ,Beyond the Degrees: A Simple Guide to Help You Succeed in Today's World,Onuoha M. Thomas,Kindle,"Jun 17, 2021",
0,https://www.amazon.com/dp/B097HCD2BR,B097HCD2BR,The Wild Womans Guide to Create Your Best Life After Divorce,Nicky Thompson,Kindle,"Jun 17, 2021",
0,https://www.amazon.com/dp/B097GLJ447,B097GLJ447,Because we're all here only once: Waiting for someday as life is passing by? Time to wake up and step in! Now it's your turn,L.J.  Angelloz,Kindle,"Jun 17, 2021",
0,https://www.amazon.com/dp/B097G4N2JW,B097G4N2JW,SECRET TO HAPPY LIVING,Edward Mwakana,Kindle,"Jun 17, 2021",
4,https://www.amazon.com/dp/B097F2BXPF,B097F2BXPF,Grow Your Glow With Root Chakra Energy: How to utilize Root Chakra Energy to actively manifest the mind/body connection (Book 1),Lisa Ann Reda,Kindle,"Jun 16, 2021",
1,https://www.amazon.com/dp/B097G47H85,B097G47H85,Unlock Your Imagination & Creativity: Business Idea Factory,Jennifer Jones,Kindle,"Jun 16, 2021",
3,https://www.amazon.com/dp/B097FFV7MB,B097FFV7MB,The Ashanti Prince Who Couldn't Hear,Jessica Nortey,Kindle,"Jun 16, 2021",
0,https://www.amazon.com/dp/B097FBTCK5,B097FBTCK5,Embracing Love and Beauty: The Goddess Venus Speaks,Goddess Venus,Kindle,"Jun 16, 2021",
0,https://www.amazon.com/dp/B097F87W2R,B097F87W2R,Inspirational Quotes and Messages From A Farmer's Boy: Sow a Good Seed and Reap a Good Harvest,John Allen  Lewis,Kindle,"Jun 16, 2021",
2,https://www.amazon.com/dp/B097DJW5J4,B097DJW5J4,Ancient Indian Secret to Happiness,Priyanka Srivastava,Kindle,"Jun 16, 2021",
2,https://www.amazon.com/dp/B097D127R5,B097D127R5,I Can and I Will : A Reflective Journal,Nakita Thomas,Kindle,"Jun 16, 2021",
0,https://www.amazon.com/dp/B097CWC9J6,B097CWC9J6,3keys of destiny,Johannes Mothibi,Kindle,"Jun 16, 2021",
0,https://www.amazon.com/dp/B097BFM6CV,B097BFM6CV,At The Crossroads Of Life,Cristian  Grosaru,Kindle,"Jun 16, 2021",
2,https://www.amazon.com/dp/B0CHD8PN59,B0CHD8PN59,A Year of Living Green: 365 Things You Can Do for Yourself and the Planet,Julie Fisher-McGarry,Kindle,"Jun 15, 2021",
5,https://www.amazon.com/dp/B097P66ZV1,B097P66ZV1,Whole Life Well-Being: 7 Essential Elements,Fatima Doman,Kindle,"Jun 30, 2021",
5,https://www.amazon.com/dp/B09966BYRQ,B09966BYRQ,Diamond Key for Opening the Wisdom Eye,Geshe Dakpa Topgyal,Kindle,"Jun 30, 2021",
0,https://www.amazon.com/dp/B098FL5XGZ,B098FL5XGZ,Effective Prayer: Pursuing Breakthroughs,Daniel  Foo,Kindle,"Jun 30, 2021",
1,https://www.amazon.com/dp/B0989TLQCM,B0989TLQCM,U.S.S.A .: Umbra (U.S.S.A. Book 1),M.D   James,Kindle,"Jun 30, 2021",
0,https://www.amazon.com/dp/B098DQQMZ5,B098DQQMZ5,"Nightmare Magazine, Issue 106 (July 2021)",Nightmare Magazine,Kindle,"Jun 30, 2021",
4,https://www.amazon.com/dp/B098DGSMCN,B098DGSMCN,How To Puppy: A Beginners Training Manual for First Time Puppy Owners,Barron Russell,Kindle,"Jun 30, 2021",
0,https://www.amazon.com/dp/B098DYMCNT,B098DYMCNT,"Soap Business: Hot And Cold Process, Recipes For Natural Colorful Soaps, Strategies To Sell Them: How To Make Organic Soap To Sell",Robin Vavra,Kindle,"Jun 30, 2021",
5,https://www.amazon.com/dp/B098FXCHCR,B098FXCHCR,Amigurumi Hello Kitty,Handmade Kawaii,Kindle,"Jun 30, 2021",
0,https://www.amazon.com/dp/B098FGQK9N,B098FGQK9N,Herbs Plants and Spices: And the effects on hair,Rose Note Collections,Kindle,"Jun 30, 2021",
2,https://www.amazon.com/dp/B098FFHD8T,B098FFHD8T,Growing Marijuana Indoor: 14 Step-By-Step Practical Guide to Growing Marijuana Indoor For Dummies,Paul  Benard,Kindle,"Jun 30, 2021",
1,https://www.amazon.com/dp/B098J2NF1P,B098J2NF1P,MULTILINGUAL DICTIONARY OF GEMOLOGY: FRENCH ENGLISH GERMAN ITALIAN SPANISH RUSSIAN CHINESE AND HINDI,CATHERINE CHANTAL MARANGO,Kindle,"Jun 30, 2021",
0,https://www.amazon.com/dp/B098HY6ZHR,B098HY6ZHR,Shapes & Numbers For Little Kings & Queens,Beulah  B,Kindle,"Jun 30, 2021",
0,https://www.amazon.com/dp/B098HN4ML9,B098HN4ML9,What Month Is It? (Special Dates Book 1),Utterly Publishing,Kindle,"Jun 30, 2021",
0,https://www.amazon.com/dp/B098HGQXDB,B098HGQXDB,Seed Offering Expense Tracker: A Christian Logbook For Sowing Seeds | 8.5 x 11 in,Asia Moore,Kindle,"Jun 30, 2021",
0,https://www.amazon.com/dp/B098HDP8MC,B098HDP8MC,Beginners Gardening In A Greenhouse: Complete Guide To Build And Maintain Your Greenhouse: Design For Greenhouse,Rheba Gutzler,Kindle,"Jun 30, 2021",
4,https://www.amazon.com/dp/B098H7L526,B098H7L526,His and Hers Intimacy Journal: 52 questions and conversation starters,K Wright,Kindle,"Jun 30, 2021",
0,https://www.amazon.com/dp/B098H394DT,B098H394DT,Little Puppies Training: Raising Your Pup Into A Life-soulmate: How Should I Start Training My Puppy,Nellie Jubic,Kindle,"Jun 30, 2021",
0,https://www.amazon.com/dp/B098H2747J,B098H2747J,Dog Story: Stories About Dogs And Their Lives: A Tale Of Two Dogs,Jewell Deeley,Kindle,"Jun 30, 2021",
0,https://www.amazon.com/dp/B098GNRXWP,B098GNRXWP,Raising Puppies: Solutions To Deal With The Antics Of Puppies: Day By Day Dog Training Guide,Wilford Ortenzio,Kindle,"Jun 30, 2021",
0,https://www.amazon.com/dp/B098GKVVG2,B098GKVVG2,Ultimate Puppy Training Guide: Necessary Knowledge You Need To Start You Off On The Right Paw: Puppy Academy Dog Training Guide,Krista Lacerda,Kindle,"Jun 30, 2021",
0,https://www.amazon.com/dp/B098GKQ232,B098GKQ232,Puppy Owners: A Beginners Guide To Getting Started With A Dog: Tips For New Puppy Owners,Tyler Kekua,Kindle,"Jun 30, 2021",
0,https://www.amazon.com/dp/B098GDXTRP,B098GDXTRP,Start Raising Dogs: How To Become A Great Dog Breeder For Beginners: How To Take Care Of Puppy,Houston Ma,Kindle,"Jun 30, 2021",
0,https://www.amazon.com/dp/B098G2W4QH,B098G2W4QH,Stories About Dogs: A Touching Story About Dogs' Love For Their Masters: Story Tells Tale Of Two Dogs,Rocky Grollimund,Kindle,"Jun 30, 2021",
0,https://www.amazon.com/dp/B098FZN8D9,B098FZN8D9,Dog True Story: Behind Loss Is A New Beginning: Dog Story About Love And Death,Aliza Lashutva,Kindle,"Jun 30, 2021",
0,https://www.amazon.com/dp/B098FH4VT9,B098FH4VT9,"Born 1973 Feb 13? Your Birthday Secrets to Money, Love Relationships Luck: Fortune Telling Self-Help: Numerology, Horoscope, Astrology, Zodiac, Destiny Science, Metaphysics (19730213)",Secret Birthdays eBook Publisher,Kindle,"Jun 30, 2021",
2,https://www.amazon.com/dp/B098FFTPY4,B098FFTPY4,"HOW TO TRAIN AN AGGRESSIVE DOG: Aggressive dog training guide for beginners, puppy training gift ideas for dad, friend, mom, boy, girl, dog breeder",Dina Kelly,Kindle,"Jun 30, 2021",
0,https://www.amazon.com/dp/B098FFDF2P,B098FFDF2P,"Born 2022 Mar 02? Your Birthday Secrets to Money, Love Relationships Luck: Fortune Telling Self-Help: Numerology, Horoscope, Astrology, Zodiac, Destiny Science, Metaphysics (20220302)",Secret Birthdays eBook Publisher,Kindle,"Jun 30, 2021",
0,https://www.amazon.com/dp/B098FF8DFX,B098FF8DFX,"Born 1971 Sep 17? Your Birthday Secrets to Money, Love Relationships Luck: Fortune Telling Self-Help: Numerology, Horoscope, Astrology, Zodiac, Destiny Science, Metaphysics (19710917)",Secret Birthdays eBook Publisher,Kindle,"Jun 30, 2021",
0,https://www.amazon.com/dp/B098FDCX98,B098FDCX98,The Small-Scale Chicken Flock,Alexander VanVleet,Kindle,"Jun 30, 2021",
0,https://www.amazon.com/dp/B098F9W36R,B098F9W36R,"Born 2014 Jun 25? Your Birthday Secrets to Money, Love Relationships Luck: Fortune Telling Self-Help: Numerology, Horoscope, Astrology, Zodiac, Destiny Science, Metaphysics (20140625)",Secret Birthdays eBook Publisher,Kindle,"Jun 30, 2021",
0,https://www.amazon.com/dp/B098F7X6SN,B098F7X6SN,"Born 2022 Dec 30? Your Birthday Secrets to Money, Love Relationships Luck: Fortune Telling Self-Help: Numerology, Horoscope, Astrology, Zodiac, Destiny Science, Metaphysics (20221230)",Secret Birthdays eBook Publisher,Kindle,"Jun 30, 2021",
0,https://www.amazon.com/dp/B098F1F6SR,B098F1F6SR,Soap Making And Selling: A Hot And Cold Recipe For Success For Beginners: How To Sell Soap On Facebook,Dave Boley,Kindle,"Jun 30, 2021",
1,https://www.amazon.com/dp/B098F1CD7L,B098F1CD7L,DIY Hot And Cold Soap Recipes: How To Make At Home And Sell Them: How To Market Your Soap Business,Jimmy Dipietro,Kindle,"Jun 30, 2021",
0,https://www.amazon.com/dp/B098F1BPQB,B098F1BPQB,Filet Rose Tealight Cover: Even Count Peyote Bead Pattern,Grandma Marilyn,Kindle,"Jun 30, 2021",
0,https://www.amazon.com/dp/B098DWLFNZ,B098DWLFNZ,Container Vegetable Gardening: How To Establish A Raised Bed Garden: Container Gardening,Cecil Slowik,Kindle,"Jun 30, 2021",
0,https://www.amazon.com/dp/B098DW1D9T,B098DW1D9T,Vegetable Gardening: Create A Vertical Planting System: Container Vegetable Gardening For Beginners,Reita Morkve,Kindle,"Jun 30, 2021",
0,https://www.amazon.com/dp/B098DPTKRP,B098DPTKRP,Vegetables In A Pots: Select The Right Pot For Every Plant: Make High-Yielding Container Garden,Gail Crance,Kindle,"Jun 30, 2021",
0,https://www.amazon.com/dp/B098DNMFX5,B098DNMFX5,Decorative Stained Glass: Way To Make Your Home More Gorgeous: Design Patterns,Helga Ridenhour,Kindle,"Jun 30, 2021",
0,https://www.amazon.com/dp/B098DCNNGC,B098DCNNGC,Decorative Glass: Guide To Decorate Your Home More Beautiful: Patterns For Beautiful Windows And Doors,Horacio Barbara,Kindle,"Jun 30, 2021",
0,https://www.amazon.com/dp/B098D9H7CR,B098D9H7CR,"Born 2025 Apr 03? Your Birthday Secrets to Money, Love Relationships Luck: Fortune Telling Self-Help: Numerology, Horoscope, Astrology, Zodiac, Destiny Science, Metaphysics (20250403)",Secret Birthdays eBook Publisher,Kindle,"Jun 30, 2021",
0,https://www.amazon.com/dp/B098CRCV7K,B098CRCV7K,The Hobby of Collecting Quotes,Bill Johnston,Kindle,"Jun 30, 2021",
3,https://www.amazon.com/dp/B098BQLN6T,B098BQLN6T,101 Antiquarian Fairy Tale Illustrations: EPHEMERA COLLECTION,Little Gypsy Press,Kindle,"Jun 29, 2021",
0,https://www.amazon.com/dp/B0988TF85H,B0988TF85H,"Genetically Modified Crops: Their Development, Uses And Risks Indian Reprint",Liang G.H. S.,Kindle,"Jun 29, 2021",
1,https://www.amazon.com/dp/B098DF4PWD,B098DF4PWD,Blackwork Stitches Sampler Book 3 Blackwork Pattern,Jonathan Black,Kindle,"Jun 29, 2021",
0,https://www.amazon.com/dp/B098D3RXJ7,B098D3RXJ7,Singles’ Dialogue: Optimizing The Blessings of Singlehood – Wisdom for Singles,Jerry John Panou,Kindle,"Jun 29, 2021",
2,https://www.amazon.com/dp/B098D1T67H,B098D1T67H,Tiny House Living: Living Large in a Small Abode,Timothy Stevens,Kindle,"Jun 29, 2021",
0,https://www.amazon.com/dp/B098CDT475,B098CDT475,"A journal for my cat: A complete book of your cat’s pictures, milestones, favourite things and health records",Alexandra Stancu,Kindle,"Jun 29, 2021",
1,https://www.amazon.com/dp/B098C2B14M,B098C2B14M,Dogs who waited for their dead humans: Seven stories of unflinching loyalty,Abhishek Joshi,Kindle,"Jun 29, 2021",
0,https://www.amazon.com/dp/B098BHLWXC,B098BHLWXC,"Born 2025 Oct 15? Your Birthday Secrets to Money, Love Relationships Luck: Fortune Telling Self-Help: Numerology, Horoscope, Astrology, Zodiac, Destiny Science, Metaphysics (20251015)",Secret Birthdays eBook Publisher,Kindle,"Jun 29, 2021",
5,https://www.amazon.com/dp/B098BGFJJ5,B098BGFJJ5,27 Weeks My Dad's CV19 Journey: Father's Day Miracles Healing Covid Pandemic God,R. Andrus,Kindle,"Jun 29, 2021",
4,https://www.amazon.com/dp/B098J1QQ8B,B098J1QQ8B,No Man Compels Me: The Shepherdess: Book 3,Clay Carlile,Kindle,"Jun 30, 2021",
0,https://www.amazon.com/dp/B0BGLS1X2G,B0BGLS1X2G,Adventurer at Sea: On The Edge Of Freedom,Margreit Maitland,Kindle,"Jun 30, 2021",
1,https://www.amazon.com/dp/B08XQTQSPN,B08XQTQSPN,"Human Interaction with the Divine, the Sacred, and the Deceased: Psychological, Scientific, and Theological Perspectives (Routledge Research in Psychology)",Thomas G. Plante,Kindle,"Jun 30, 2021",
3,https://www.amazon.com/dp/B0D69W3JM3,B0D69W3JM3,A Comprehensive Manual of Pediatric Nursing Procedures,Kavitha K,Kindle,"Jun 30, 2021",
3,https://www.amazon.com/dp/B098DWKJVJ,B098DWKJVJ,From Fat to Fit In 3 Months: How to Lose Weight through H.A.B.I.T.S and Keep It Off Permanently,Vanessa Lum,Kindle,"Jun 30, 2021",
1,https://www.amazon.com/dp/B098DTM8CM,B098DTM8CM,Integrative Headache Medicine: An Evidence-Based Guide for Clinicians,Lauren R. Natbony,Kindle,"Jun 30, 2021",
5,https://www.amazon.com/dp/B098DTBPQL,B098DTBPQL,Women and the Practice of Medicine: A New History (1950-2020),Lucille A. Lester,Kindle,"Jun 30, 2021",
2,https://www.amazon.com/dp/B098DMVJGD,B098DMVJGD,Pediatric Cardiac CT in Congenital Heart Disease,Dilachew A. Adebo,Kindle,"Jun 30, 2021",
0,https://www.amazon.com/dp/B098DLB8L5,B098DLB8L5,Clinical Management of Infertility: Problems and Solutions (Reproductive Medicine for Clinicians Book 2),Joseph G. Schenker,Kindle,"Jun 30, 2021",
0,https://www.amazon.com/dp/B098DJQ99K,B098DJQ99K,Gamma Knife Neurosurgery in the Management of Intracranial Disorders II (Acta Neurochirurgica Supplement Book 128),Mikhail F. Chernov,Kindle,"Jun 30, 2021",
0,https://www.amazon.com/dp/B098D1CG4H,B098D1CG4H,A Caring Advanced Practice Nursing Model: Theoretical Perspectives And Competency Domains (Advanced Practice in Nursing),Lisbeth Maria Fagerström,Kindle,"Jun 30, 2021",
3,https://www.amazon.com/dp/B0989QLF6M,B0989QLF6M,Satietopathy: It's Not Your Fault That You're Overweight,Derek Muse,Kindle,"Jun 30, 2021",
0,https://www.amazon.com/dp/B098J4343M,B098J4343M,"Skin Care Top Tips: Discover The Top Skin Care Tips To Leave You With Clear, Rejuvenated Skin!",Jamie Walker,Kindle,"Jun 30, 2021",
0,https://www.amazon.com/dp/B098GR7B7C,B098GR7B7C,Reinforcement and Punishment: What They Are and What They Look Like: A Guide for Parents and Professionals Who Interact With Children,Sarah Martyn,Kindle,"Jun 30, 2021",
2,https://www.amazon.com/dp/B098FZB159,B098FZB159,The Wellness Diabetes Coach: 11 Secrets to Improve Your Health in 90 Days,Pauline  Bryan,Kindle,"Jun 30, 2021",
1,https://www.amazon.com/dp/B098F4L1LR,B098F4L1LR,"Chapter 8 - Muscular System – Muscle Cell Anatomy, Histology & Physiology (Chapter Series for Human Anatomy & Physiology)",Michael Harrell,Kindle,"Jun 30, 2021",
0,https://www.amazon.com/dp/B098DY1WFC,B098DY1WFC,"A Simple Guide To Cholangitis, Diagnosis, Treatment And Related Conditions",Kenneth Kee,Kindle,"Jun 30, 2021",
0,https://www.amazon.com/dp/B098DTLC5C,B098DTLC5C,Qualitative Research Methods in Mental Health: Innovative and Collaborative Approaches,Maria Borcsa,Kindle,"Jun 30, 2021",
2,https://www.amazon.com/dp/B098DSX1B7,B098DSX1B7,Acute Surgical Topics: An Infographic Guide,Constantine P. Spanos,Kindle,"Jun 30, 2021",
0,https://www.amazon.com/dp/B098DRD7TC,B098DRD7TC,Fibromyalgia Symptoms: Effective Treatments For Fibromyalgia: Fibromyalgia Relief Guide,Jody Machalek,Kindle,"Jun 30, 2021",
0,https://www.amazon.com/dp/B098DQD732,B098DQD732,Nanomedicine for Cancer Diagnosis and Therapy,Arshi Malik,Kindle,"Jun 30, 2021",
4,https://www.amazon.com/dp/B098DP3D9C,B098DP3D9C,The PAIN Solution: Heal Nagging Injuries And Achy Joints Naturally With Regenerative Medicine,Dr. Victoria Munoz,Kindle,"Jun 30, 2021",
0,https://www.amazon.com/dp/B098DNKQ9X,B098DNKQ9X,Guided Surgery in Implantology,Kristian Kniha,Kindle,"Jun 30, 2021",
0,https://www.amazon.com/dp/B098DM9G1T,B098DM9G1T,Lived Experiences of Persistent and Frequent Facebook Users: A Realistic Phenomenological Approach,Aimee Aballo,Kindle,"Jun 30, 2021",
0,https://www.amazon.com/dp/B098DHX4G8,B098DHX4G8,Regenerative Medicine in China,Xiaobing Fu,Kindle,"Jun 30, 2021",
1,https://www.amazon.com/dp/B098DGTFBC,B098DGTFBC,Service Dog Training: Learn To Train Your Service Dog: Owner Training An Assistance Dog,Cristobal Meringolo,Kindle,"Jun 30, 2021",
0,https://www.amazon.com/dp/B098DGBLM5,B098DGBLM5,Clinical Medicine,Genevieve Kasprzyk,Kindle,"Jun 30, 2021",
0,https://www.amazon.com/dp/B098DG1911,B098DG1911,Trained Service Dogs: Learn Differences Of The Service Dog: Self-Trained Service Dogs,Neil Alcott,Kindle,"Jun 30, 2021",
0,https://www.amazon.com/dp/B098DFX6CD,B098DFX6CD,Double-pass Optical Quality Analysis for the Clinical Practice of Cataract,A-Yong Yu,Kindle,"Jun 30, 2021",
2,https://www.amazon.com/dp/B098D8Y2XC,B098D8Y2XC,Unlocking Fitness: Real World Strategies to Supercharge Mental & Physical Health through Sports and Fitness Coaching: Part 1: Mental & Physical Health Decoded,Sarah J Pitts,Kindle,"Jun 30, 2021",
0,https://www.amazon.com/dp/B098D3R1V4,B098D3R1V4,Service Dog Training: Learn To Train Your Service Dog: How To Train Your Own Service Dog,Ahmed Fragassi,Kindle,"Jun 30, 2021",
0,https://www.amazon.com/dp/B098D3HKKT,B098D3HKKT,Overcoming Fibromyalgia: Treat Fibromyalgia With Natural Methods: Fibromyalgia Symptoms,Sanjuanita Gentis,Kindle,"Jun 30, 2021",
1,https://www.amazon.com/dp/B098D2Q8W3,B098D2Q8W3,Assistance Dogs: Guide To Training An Assistance Dog: Learn Differences Of The Service Dog,Rufina Noviello,Kindle,"Jun 30, 2021",
0,https://www.amazon.com/dp/B097N8M5L6,B097N8M5L6,ADHD - Head in the clouds: 100 questions and answers about attention deficit hyperactivity disorder,Paulo Mattos,Kindle,"Jun 30, 2021",
1,https://www.amazon.com/dp/B095X6BCKS,B095X6BCKS,Paradoxes of Care: Children and Global Medical Aid in Egypt (Stanford Studies in Middle Eastern and Islamic Societies and Cultures),Rania Kassab Sweis,Kindle,"Jun 29, 2021",
0,https://www.amazon.com/dp/B098BJGQ27,B098BJGQ27,1001 Cures: Introduction to the History of Islamic Medicine,Rabie E Abdel-Halim,Kindle,"Jun 29, 2021",
0,https://www.amazon.com/dp/B098BJMDC5,B098BJMDC5,Basic Biostatistics for Geneticists and Epidemiologists: A Practical Approach (Ebook PDF),Robert C. Elston,Kindle,"Jun 29, 2021",
1,https://www.amazon.com/dp/B0933LLP35,B0933LLP35,COVID-19 and Human Rights: Lessons from a Pandemic (Routledge Studies in Human Rights),Morten Kjaerum,Kindle,"Jun 30, 2021",
5,https://www.amazon.com/dp/B0992M8GVB,B0992M8GVB,"Calipered Kinematically aligned Total Knee Arthroplasty E-Book: Theory, Surgical Techniques and Perspectives",Stephen M. Howell MD,Kindle,"Jun 29, 2021",
3,https://www.amazon.com/dp/B0FTGNVX5T,B0FTGNVX5T,Fast Facts: Immuno-Oncology,Stephen Clarke,Kindle,"Jun 29, 2021",
2,https://www.amazon.com/dp/B0977DDXR1,B0977DDXR1,"Reproductive Ethics in Clinical Practice: Preventing, Initiating, and Managing Pregnancy and Delivery--Essays Inspired by the MacLean Center for Clinical Medical Ethics Lecture Series",Julie Chor,Kindle,"Jun 29, 2021",
2,https://www.amazon.com/dp/B098BL7T17,B098BL7T17,Unspeakable: Controlling the Monster Within,George Peters,Kindle,"Jun 29, 2021",
1,https://www.amazon.com/dp/B098Q4R1B3,B098Q4R1B3,Neuromuscular Disorders E-Book: Treatment and Management,Tulio E. Bertorini MD,Kindle,"Jun 29, 2021",
1,https://www.amazon.com/dp/B098BLSQ11,B098BLSQ11,Statistical Applications for Health Information Management (Ebook PDF),Carol  E. Osborn,Kindle,"Jun 29, 2021",
0,https://www.amazon.com/dp/B098GCXTW5,B098GCXTW5,Amazing Monster Movie Trivia 2,Nick Howes,Kindle,"Jun 30, 2021",
3,https://www.amazon.com/dp/B08YX7T8JH,B08YX7T8JH,German Jerusalem: The Remarkable Life of a German-Jewish Neighborhood in the Holy City,Thomas Sparr,Kindle,"Jun 30, 2021",
0,https://www.amazon.com/dp/B0C14XTDWL,B0C14XTDWL,Slum Imaginaries and Spatial Justice in Philippine Cinema,Katrina Macapagal,Kindle,"Jun 30, 2021",
2,https://www.amazon.com/dp/B0C14X3S7Y,B0C14X3S7Y,Arab Animation,Omar Sayfo,Kindle,"Jun 30, 2021",
1,https://www.amazon.com/dp/B0C14X2FFJ,B0C14X2FFJ,Fashion on the Red Carpet,Elizabeth Castaldo Lunden,Kindle,"Jun 30, 2021",
2,https://www.amazon.com/dp/B098FMMRWM,B098FMMRWM,Four Minutes: Why Do We Dance?,Jared AE,Kindle,"Jun 30, 2021",
0,https://www.amazon.com/dp/B098J26VLF,B098J26VLF,"Kai - The Fox, The Wolf, & The Eagle: (A Celtic Song 1)",Kenneth Bailey,Kindle,"Jun 30, 2021",
2,https://www.amazon.com/dp/B0C1516RRF,B0C1516RRF,The Philosophical Foundations of the Late Schelling,Sean J McGrath,Kindle,"Jun 30, 2021",
0,https://www.amazon.com/dp/B0D2BT2KCJ,B0D2BT2KCJ,From the North Atlantic to the South China Sea: Allied Maritime Strategy in the 21st Century (ISPK Seapower Series Book 4),Julian Pawlak,Kindle,"Jun 30, 2021",
2,https://www.amazon.com/dp/B0FR5JG2Z6,B0FR5JG2Z6,The First 30 Days: A Challenge to Change Your Mind and Revolutionize Your Eternal Destiny,Katina Wetter-Wright,Kindle,"Jun 30, 2021",
0,https://www.amazon.com/dp/B098K1SPJF,B098K1SPJF,Jettatura (Alma Classics 101 Pages),Theophile Gautier,Kindle,"Jun 30, 2021",
0,https://www.amazon.com/dp/B098HCPNZ8,B098HCPNZ8,The Waning Moon: An Anthology Of Short Horror Tales,Wanetta Renay,Kindle,"Jun 30, 2021",
4,https://www.amazon.com/dp/B098DV277L,B098DV277L,Fur Trade Families of Quebec Martin Prevost and Marie Olivier Sylvestre Manitouabewich Volume 3,Gail Morin,Kindle,"Jun 30, 2021",
1,https://www.amazon.com/dp/B098DTRHML,B098DTRHML,Fur Trade Families of Quebec The Families 1622-1748 Volume 1,Gail Morin,Kindle,"Jun 30, 2021",
0,https://www.amazon.com/dp/B098HDVQWR,B098HDVQWR,Every Life Tells a Story,Kathy G.  Widener,Kindle,"Jun 30, 2021",
2,https://www.amazon.com/dp/B09BBGYZC2,B09BBGYZC2,Cryptography 101: From Theory to Practice,Rolf Oppliger,Kindle,"Jun 30, 2021",
2,https://www.amazon.com/dp/B098HMHXPW,B098HMHXPW,"Democracy Studio: Practical guide to artificial intelligence on citizen engagement. Case studies in Taiwan, Israel, and Estonia.",Julien Carbonnell,Kindle,"Jun 30, 2021",
5,https://www.amazon.com/dp/B098FH2YLT,B098FH2YLT,Excel 2021: A Practical Guide to Learn the Fundamentals of Excel Grasping Advanced Features,Leopold Keller,Kindle,"Jun 30, 2021",
0,https://www.amazon.com/dp/B0B47R6SKD,B0B47R6SKD,Studying Virtual Math Teams (pre-publication version),Gerry Stahl,Kindle,"Jun 30, 2021",
0,https://www.amazon.com/dp/B0B46XCT34,B0B46XCT34,Theoretical Investigations (pre-publication version),Gerry Stahl,Kindle,"Jun 30, 2021",
0,https://www.amazon.com/dp/B09GQDX9RK,B09GQDX9RK,Social Selling for Business,Craig Tomanini,Kindle,"Jun 30, 2021",
2,https://www.amazon.com/dp/B098GKGXWF,B098GKGXWF,IT Strategy Cards: Design Smarter Strategies,Jan Verbruggen,Kindle,"Jun 30, 2021",
1,https://www.amazon.com/dp/B098GFDJ33,B098GFDJ33,Test Data Management: It's now data 'Engineering' due to Data Explosion & Big Data complexities (Ai and Big Data),Sunil Sehgal,Kindle,"Jun 30, 2021",
0,https://www.amazon.com/dp/B098DGMWQ8,B098DGMWQ8,How To Migrate Your Brick & Mortar Business Into A Virtual One Using Microsoft Azure,Ravi Das,Kindle,"Jun 30, 2021",
1,https://www.amazon.com/dp/B098CZ8CC6,B098CZ8CC6,The Beginner's Affiliate Marketing Blueprint: How to Get Started For Free And Earn Your First $1000 In Commissions Fast!,B K,Kindle,"Jun 30, 2021",
0,https://www.amazon.com/dp/B0988RRNLT,B0988RRNLT,"Technological Innovation for Applied AI Systems: 12th IFIP WG 5.5/SOCOLNET Advanced Doctoral Conference on Computing, Electrical and Industrial Systems, ... and Communication Technology Book 626)",Luis M. Camarinha-Matos,Kindle,"Jun 30, 2021",
1,https://www.amazon.com/dp/B097Z36HYV,B097Z36HYV,Hubris and Concern: Could Distributed Ledger Technology Replace Modern States?,Yunus Berndt,Kindle,"Jun 30, 2021",
0,https://www.amazon.com/dp/B097RC33QR,B097RC33QR,"AI vs. Si, and the Spirit",Charles Crummer,Kindle,"Jun 30, 2021",
0,https://www.amazon.com/dp/B08VRXPGCF,B08VRXPGCF,"The Political Economy of the Eurozone in Central and Eastern Europe: Why In, Why Out? (Europa Perspectives on the EU Single Market)",Krisztina Arató,Kindle,"Jun 30, 2021",
0,https://www.amazon.com/dp/B098FCB7N4,B098FCB7N4,TM 4-48.25 Airdrop of Supplies and Equipment: Rigging Forklift Trucks; Whole Blood; Communication Shelters; Tracked Vehicles,Luc Boudreaux,Kindle,"Jun 30, 2021",
0,https://www.amazon.com/dp/B098FBZ2XC,B098FBZ2XC,"TM 5-690 GROUNDING AND BONDING IN COMMAND, CONTROL, COMMUNICATIONS, COMPUTER, INTELLIGENCE, SURVEILLANCE, AND RECONNAISSANCE (C4ISR) FACILITIES APPROVED",Luc Boudreaux,Kindle,"Jun 30, 2021",
0,https://www.amazon.com/dp/B098F7VCMY,B098F7VCMY,MICHIGAN COMPILED LAWS CHAPTER 730 JUSTICE COURTS AND MUNICIPAL COURTS 2021 EDITION: By NAK Legal Publishing,MICHIGAN  LEGISLATURE,Kindle,"Jun 30, 2021",
0,https://www.amazon.com/dp/B098F57KJT,B098F57KJT,MICHIGAN COMPILED LAWS CHAPTER 791 DEPARTMENT OF CORRECTIONS 2021 EDITION: By NAK Legal Publishing,MICHIGAN  LEGISLATURE,Kindle,"Jun 30, 2021",
0,https://www.amazon.com/dp/B098F4DZWQ,B098F4DZWQ,MICHIGAN COMPILED LAWS CHAPTER 2 STATE 2021 EDITION: By NAK Legal Publishing,MICHIGAN  LEGISLATURE,Kindle,"Jun 30, 2021",
1,https://www.amazon.com/dp/B098DZHQDM,B098DZHQDM,EXPOSED: THE CHILDREN & FAMILY COURTS SECRET SYSTEM (Exposed Legal Child Abuse),An Anonymous Father,Kindle,"Jun 30, 2021",
1,https://www.amazon.com/dp/B098DH1Y57,B098DH1Y57,Catch me if you can!: A Commentary on International Taxation and Scams,CA Arun Valera,Kindle,"Jun 30, 2021",
0,https://www.amazon.com/dp/B098DCQNLV,B098DCQNLV,The Bible Prescribes Socialism: Explore The True Nature Of Capitalism And Socialism In Bible: Communism Socialism And Fascism,Jessi Millward,Kindle,"Jun 30, 2021",
0,https://www.amazon.com/dp/B09882W95S,B09882W95S,Is Europe Good for You?: EU Spending and Well-Being,Lisa Dellmuth,Kindle,"Jun 30, 2021",
3,https://www.amazon.com/dp/B0968XTK1V,B0968XTK1V,PRISON LIFE: Wild Times Behind The Bars,Cameron Jeffries,Kindle,"Jun 30, 2021",
0,https://www.amazon.com/dp/B0933N4WBQ,B0933N4WBQ,Islamic Financial Contracts: A Research Companion (Islamic Business and Finance Series),Hussain Mohi-ud-Din Qadri,Kindle,"Jun 30, 2021",
0,https://www.amazon.com/dp/B098BHLK7J,B098BHLK7J,FM 11-75 Battlefield Information Services (BIS),Luc Boudreaux,Kindle,"Jun 29, 2021",
3,https://www.amazon.com/dp/B08LMJFH58,B08LMJFH58,The Ancient Greek Roots of Human Rights,Rachel Hall Sternberg,Kindle,"Jun 29, 2021",
0,https://www.amazon.com/dp/B098BD6GV2,B098BD6GV2,WYOMING STATE STATUTES TITLE 4 TRUSTS 2021 EDITION: By NAK Legal Publishing,WYOMING  LEGISLATURE,Kindle,"Jun 29, 2021",
1,https://www.amazon.com/dp/B0989WV8DK,B0989WV8DK,Microbiology of Meat and Poultry,R.J. Board,Kindle,"Jun 29, 2021",
1,https://www.amazon.com/dp/B096491XT7,B096491XT7,Hidden Laws: How State Constitutions Stabilize American Politics,Robinson Woodward-Burns,Kindle,"Jun 1, 2021",
0,https://www.amazon.com/dp/B099X4RFVB,B099X4RFVB,Italian Yearbook of Human Rights 2020 (Human Right Studies 11),Centro di Ateneo per i Diritti Umani,Kindle,"Jun 29, 2021",
0,https://www.amazon.com/dp/B098RFF5CY,B098RFF5CY,On Resistance: And the Expansion of We the People's Civil Rights in America,Reuben B. Collins II,Kindle,"Jun 29, 2021",
2,https://www.amazon.com/dp/B098D2ZPXQ,B098D2ZPXQ,The 7 Biggest Mistakes People Make When Hiring A Personal Lawyer,Steven Goldstein,Kindle,"Jun 29, 2021",
0,https://www.amazon.com/dp/B098BGW52C,B098BGW52C,FM 24-11 Tactical Satellite Communications,Luc Boudreaux,Kindle,"Jun 29, 2021",
0,https://www.amazon.com/dp/B098BC5TNC,B098BC5TNC,Artificial Intelligence & Policy in India: Volume 3 (Indian Society of Artificial Intelligence and Law),Various Contributors,Kindle,"Jun 29, 2021",
0,https://www.amazon.com/dp/B098B9BCZJ,B098B9BCZJ,"WYOMING STATE STATUTES TITLE 2 WILLS,DECEDENTS' ESTATES AND PROBATE CODE 2021 EDITION: By NAK Legal Publishing",WYOMING  LEGISLATURE,Kindle,"Jun 29, 2021",
0,https://www.amazon.com/dp/B098B4X6XD,B098B4X6XD,"Mississippi Slavery Cases, 1854-1860: High Court of Errors and Appeals, volumes 29-39",JL Wildeboer,Kindle,"Jun 29, 2021",
0,https://www.amazon.com/dp/B098B2TQ76,B098B2TQ76,Capitalism And Socialism: Discover This Connection In Bible View: Features Of Capitalism,Edythe Kays,Kindle,"Jun 29, 2021",
0,https://www.amazon.com/dp/B0989JBLHB,B0989JBLHB,"Handbook of Bioenergy Crops: A Complete Reference to Species, Development and Applications (Routledge Studies in Bioenergy)",N. El Bassam,Kindle,"Jun 29, 2021",
0,https://www.amazon.com/dp/B098931L8Y,B098931L8Y,"Tables of Composition and Nutritional Value of Feed Materials: Pigs, Poultry, Cattle",Daniel Sauvant,Kindle,"Jun 29, 2021",
0,https://www.amazon.com/dp/B0977F7ZC9,B0977F7ZC9,Interorganizational Diffusion in International Relations: Regional Institutions and the Role of the European Union (Transformations in Governance),Tobias Lenz,Kindle,"Jun 29, 2021",
0,https://www.amazon.com/dp/B0933MQZP9,B0933MQZP9,Law and Philosophy of Language: Ordinariness of Law (Routledge Research in Constitutional Law),Pascal Richard,Kindle,"Jun 29, 2021",
0,https://www.amazon.com/dp/B09FXSSJ7Q,B09FXSSJ7Q,Routledge Handbook of the South China Sea,Zou Keyuan,Kindle,"Jun 28, 2021",
2,https://www.amazon.com/dp/B09887YS6L,B09887YS6L,FROM APATHY TO ACTIVISM: SOCIAL JUSTICE IN THE BLACK CHURCH,Robert L.  DeVeaux,Kindle,"Jun 28, 2021",
0,https://www.amazon.com/dp/B09884WKMX,B09884WKMX,Getting Our Rights Back 2021,Linda Wilson,Kindle,"Jun 28, 2021",
0,https://www.amazon.com/dp/B09882Y142,B09882Y142,WYOMING STATE STATUTES TITLE 1 CODE OF CIVIL PROCEDURE 2021 EDITION : By NAK Legal Publishing,WYOMING  LEGISLATURE,Kindle,"Jun 28, 2021",
0,https://www.amazon.com/dp/B0986VXR49,B0986VXR49,"Too-Big-to-Fail in Banking: Impact of G-SIB Designation and Regulation on Relative Equity Valuations (Finanzwirtschaft, Banken und Bankmanagement I Finance, Banks and Bank Management)",Tom Filip Lesche,Kindle,"Jun 28, 2021",
0,https://www.amazon.com/dp/B097YM2H5R,B097YM2H5R,Policing Protest: The Post-Democratic State and the Figure of Black Insurrection (Global and Insurgent Legalities),Paul A. Passavant,Kindle,"Jun 28, 2021",
1,https://www.amazon.com/dp/B0933MKWV9,B0933MKWV9,The Cabinet of Imaginary Laws (Discourses of Law),Peter Goodrich,Kindle,"Jun 28, 2021",
0,https://www.amazon.com/dp/B09884XF7J,B09884XF7J,"TG 307 Sanitation and Hygiene Standards for Establishing, Operating, and Inspecting Army Field Detention Facilities",Luc Boudreaux,Kindle,"Jun 28, 2021",
0,https://www.amazon.com/dp/B0987YXCMV,B0987YXCMV,WYOMING STATE STATUTES CHAPTER 21 EDUCATION 2021 EDITION: By NAK Legal Publishing,WYOMING  LEGISLATURE,Kindle,"Jun 28, 2021",
0,https://www.amazon.com/dp/B0987XS5G4,B0987XS5G4,Pink Slipped,Taria Sheppard,Kindle,"Jun 28, 2021",
2,https://www.amazon.com/dp/B0933NG6ND,B0933NG6ND,Indigenous Legal Judgments: Bringing Indigenous Voices into Judicial Decision Making,Nicole Watson,Kindle,"Jun 28, 2021",
3,https://www.amazon.com/dp/B098JTYCKG,B098JTYCKG,An Essay on Crimes and Punishments (Annotated): Easy to Read Layout - With a Commentary by M. de Voltaire.,Cesare Beccaria,Kindle,"Jun 27, 2021",
0,https://www.amazon.com/dp/B0CTBN8N95,B0CTBN8N95,"Minimum Wage Regimes: Statutory Regulation, Collective Bargaining and Adequate Levels (Routledge Research in Comparative Politics)",Irene Dingeldey,Kindle,"Jun 27, 2021",
0,https://www.amazon.com/dp/B099TZSKMG,B099TZSKMG,Why The Youths Are Angry,Morgan Orioha,Kindle,"Jun 27, 2021",
0,https://www.amazon.com/dp/B09843DJ9C,B09843DJ9C,TM 4-48.15 Airdrop of Supplies and Equipment: Rigging Ammunition Systems,Luc Boudreaux,Kindle,"Jun 27, 2021",
0,https://www.amazon.com/dp/B0983YXB3T,B0983YXB3T,TM 4-43.31 Petroleum Laboratory Operations,Luc Boudreaux,Kindle,"Jun 27, 2021",
0,https://www.amazon.com/dp/B0983264DQ,B0983264DQ,"The Biblical Teaching: The Foundations Of Capitalism, Socialism, Communism, And Fascism: Biblical Teaching Meaning",Thresa Sibbett,Kindle,"Jun 27, 2021",
1,https://www.amazon.com/dp/B09827VM5S,B09827VM5S,Condo Mold: When Water Leaks Cause Mold Damage to Your Condo (Condo & HOA Masterclass Series),Dr. Joyce Starr,Kindle,"Jun 26, 2021",
1,https://www.amazon.com/dp/B0981W9G74,B0981W9G74,FREEDOM TO OWN RIGHTS: Forever Fighting For Fairness (Stories Of Resilience Book 4),Wahito Maina,Kindle,"Jun 26, 2021",
1,https://www.amazon.com/dp/B0981RR7JS,B0981RR7JS,The Taxation of Permanent Establishments: A Critical Analysis of the Authorised OECD Approach and Its Implementation in German Tax Law under Specific ... ... Schriften zur Betriebswirtschaft Book 37),Sven Hentschel,Kindle,"Jun 26, 2021",
0,https://www.amazon.com/dp/B0981R37GL,B0981R37GL,"Whistleblower Protection by the Council of Europe, the European Court of Human Rights and the European Union: An Emerging Consensus (European Union and its Neighbours in a Globalized World Book 3)",Hava Charlotte Lan Yurttagül,Kindle,"Jun 26, 2021",
0,https://www.amazon.com/dp/B0982CDPXT,B0982CDPXT,BOOK ONE OF: WHO KIDNAPPED JAMES SATTERFIELD; YOU DECIDE WHO IS GUILTY,Dawn Garmon,Kindle,"Jun 26, 2021",
0,https://www.amazon.com/dp/B09829P1MQ,B09829P1MQ,JP 4-03 Joint Bulk Petroleum and Water Doctrine,Luc Boudreaux,Kindle,"Jun 26, 2021",
0,https://www.amazon.com/dp/B0981SJWBW,B0981SJWBW,What A Better Advocate Than A Former Foster Child: Guide To Reforming The Foster Care System: Defining The Alumni Movement,Aaron Berey,Kindle,"Jun 26, 2021",
2,https://www.amazon.com/dp/B0981Q32SR,B0981Q32SR,Wildlife Biodiversity Conservation: Multidisciplinary and Forensic Approaches,Susan C. Underkoffler,Kindle,"Jun 26, 2021",
0,https://www.amazon.com/dp/B0981PWRHR,B0981PWRHR,Deplorable Me!: An easy guide to deplorability,Bonita J. Bruce,Kindle,"Jun 26, 2021",
2,https://www.amazon.com/dp/B096YKFWZ2,B096YKFWZ2,Global Internet Law in a Nutshell (Nutshells),Michael L. Rustad,Kindle,"Jun 25, 2021",
0,https://www.amazon.com/dp/B097YKPRPT,B097YKPRPT,Political Torture in the Twentieth Century,Ruxandra Cesereanu,Kindle,"Jun 25, 2021",
0,https://www.amazon.com/dp/B097TS5L6Y,B097TS5L6Y,"Casenote Legal Briefs for Debtors and Creditors, Keyed to Warren, Westbrook, Porter, and Pottow (Casenote Legal Briefs Series)",Casenote Legal Briefs,Kindle,"Jun 25, 2021",
0,https://www.amazon.com/dp/B0981JTC1F,B0981JTC1F,"Zalma on Insurance Claims Part 102 Third Edition: A Comprehensive Review of insurance, insurance claims, the law of insurance policy interpretations, the practicalities of Property, Casualty .",Barry  Zalma,Kindle,"Jun 25, 2021",
0,https://www.amazon.com/dp/B097ZWF82T,B097ZWF82T,Brief introduction to Techlaw : A concise law review on development and use of technology,Asril Sitompul Agussalim,Kindle,"Jun 25, 2021",
1,https://www.amazon.com/dp/B094G98H5V,B094G98H5V,"Migration and Mortality: Social Death, Dispossession, and Survival in the Americas",Jamie Longazel,Kindle,"Jun 25, 2021",
3,https://www.amazon.com/dp/B0CL7M6NL2,B0CL7M6NL2,Violent Modernities: Cultural Lives of Law in the New India,Oishik Sircar,Kindle,"Jun 25, 2021",
0,https://www.amazon.com/dp/B09817PGWL,B09817PGWL,Tenants Handbook for Renting in Milwaukee,David Taylor,Kindle,"Jun 25, 2021",
0,https://www.amazon.com/dp/B097ZK1J2C,B097ZK1J2C,EU Internet Law in the Digital Single Market,Tatiana-Eleni Synodinou,Kindle,"Jun 25, 2021",
1,https://www.amazon.com/dp/B097S5L31F,B097S5L31F,A Watershed Moment for Social Policy and Human Rights?: Where Next for the UK Post-COVID,Amy Clair,Kindle,"Jun 25, 2021",
0,https://www.amazon.com/dp/B097MKJFNC,B097MKJFNC,Facebook Riches,yu chong,Kindle,"Jun 25, 2021",
0,https://www.amazon.com/dp/B0971BX3GZ,B0971BX3GZ,Policing the Borders Within (Oxford Monographs on Criminal Law and Justice),Ana Aliverti,Kindle,"Jun 25, 2021",
0,https://www.amazon.com/dp/B092R12WP5,B092R12WP5,Rewriting Nature: The Future of Genome Editing and How to Bridge the Gap Between Law and Science,Paul Enríquez,Kindle,"Jun 24, 2021",
1,https://www.amazon.com/dp/B0933PX4HW,B0933PX4HW,"Theorising Civil Society Peacebuilding: The Practical Wisdom of Local Peace Practitioners in Northern Ireland, 1965–2015 (Routledge Studies in Peace and Conflict Resolution)",Emily E. Stanton,Kindle,"Jun 24, 2021",
1,https://www.amazon.com/dp/B0C71FKS6M,B0C71FKS6M,The Congress,Gary Lee Malecha,Kindle,"Jun 24, 2021",
0,https://www.amazon.com/dp/B0BDBZ4XMX,B0BDBZ4XMX,The Politics of Human Life: Rethinking Subjectivity,Piergiorgio Donatelli,Kindle,"Jun 24, 2021",
1,https://www.amazon.com/dp/B097Z4H9KW,B097Z4H9KW,"British Human Rights, for you, for me, for us.: A quick reference guide for activists",Tony Malone,Kindle,"Jun 24, 2021",
0,https://www.amazon.com/dp/B097YV1L31,B097YV1L31,FM 24-24 Signal Data References: Signal Equipment,Luc Boudreaux,Kindle,"Jun 24, 2021",
0,https://www.amazon.com/dp/B097XYWZS5,B097XYWZS5,The Foster Care System: Way To Make The Right Kind Of Changes In The Foster Care System: Why The Foster Care System Is Broken,Rosendo Sigers,Kindle,"Jun 24, 2021",
0,https://www.amazon.com/dp/B097XTQHC3,B097XTQHC3,Assessing Government Transparency in China 2019 (Understanding China),He Tian,Kindle,"Jun 24, 2021",
0,https://www.amazon.com/dp/B097XMZBZ3,B097XMZBZ3,Putting Jurisprudence Back Into Economics: What is Really Wrong With Today's Neoclassical Theory,David Ellerman,Kindle,"Jun 24, 2021",
0,https://www.amazon.com/dp/B097XL15G8,B097XL15G8,The Palgrave Handbook of Family Sociology in Europe,Anna-Maija Castrén,Kindle,"Jun 24, 2021",
0,https://www.amazon.com/dp/B097XJ4L2L,B097XJ4L2L,Guide To Improving Foster Care System: Strategies On How To Help Foster Children: A Foster Care Manifesto,Lionel Veeder,Kindle,"Jun 24, 2021",
0,https://www.amazon.com/dp/B097HMYX15,B097HMYX15,Concepts and Contexts of Vattel's Political and Legal Thought,Peter Schröder,Kindle,"Jun 24, 2021",
0,https://www.amazon.com/dp/B0977NTX83,B0977NTX83,An Indic Approach to AI Ethics (Indian Society of Artificial Intelligence and Law Book 2),Abhivardhan,Kindle,"Jun 24, 2021",
0,https://www.amazon.com/dp/B0971BJQD3,B0971BJQD3,"Global Regulatory Standards in Environmental and Health Disputes: Regulatory Coherence, Due Regard, and Due Diligence",Caroline E. Foster,Kindle,"Jun 24, 2021",
0,https://www.amazon.com/dp/B095KF5PKV,B095KF5PKV,The Cambridge Handbook of Health Research Regulation (Cambridge Law Handbooks),Graeme Laurie,Kindle,"Jun 24, 2021",
0,https://www.amazon.com/dp/B095KD691V,B095KD691V,"Positive Law from the Muslim World: Jurisprudence, History, Practices (Law in Context)",Baudouin Dupret,Kindle,"Jun 24, 2021",
0,https://www.amazon.com/dp/B097W5TMVK,B097W5TMVK,HOW TO DIVORCE YOURSELF IN CALIFORNIA: Tutorial Videos & Links to Court Forms,EDWARD SULLIVAN,Kindle,"Jun 23, 2021",
1,https://www.amazon.com/dp/B097ST5VCB,B097ST5VCB,Energy Law: An Introduction (SpringerBriefs in Law),Raphael J. Heffron,Kindle,"Jun 23, 2021",
5,https://www.amazon.com/dp/B097QFRC45,B097QFRC45,Daniel Webster and the Unfinished Constitution (American Political Thought),Peter Charles Hoffer,Kindle,"Jun 23, 2021",
0,https://www.amazon.com/dp/B097WWLSR8,B097WWLSR8,Responsibility of the States and Cyber Operations,Catia Guerreiro Dionisio,Kindle,"Jun 23, 2021",
0,https://www.amazon.com/dp/B097TRNMWZ,B097TRNMWZ,Economic Zones: The Essentials,Adil  Alzarooni,Kindle,"Jun 23, 2021",
1,https://www.amazon.com/dp/B097SZFM1F,B097SZFM1F,Injured At Work In California?: Here’s Your Guide To Getting What You Deserve!,Scott M. Blumen,Kindle,"Jun 23, 2021",
0,https://www.amazon.com/dp/B097SGCNVQ,B097SGCNVQ,"The Legal, Scientific, and Civilizational Values of ResearchGate, its Relation to Human Life",Andras Veszelka,Kindle,"Jun 23, 2021",
0,https://www.amazon.com/dp/B097QY3142,B097QY3142,Trans Rights and Wrongs: A Comparative Study of Legal Reform Concerning Trans Persons (Ius Comparatum - Global Studies in Comparative Law Book 54),Isabel C. Jaramillo,Kindle,"Jun 23, 2021",
0,https://www.amazon.com/dp/B097QXPB2D,B097QXPB2D,Class Actions in Europe: Holy Grail or a Wrong Trail? (Ius Gentium: Comparative Perspectives on Law and Justice Book 89),Alan Uzelac,Kindle,"Jun 23, 2021",
1,https://www.amazon.com/dp/B097J2HH95,B097J2HH95,"Children, Human Rights and Temporary Labour Migration: Protecting the Child-Parent Relationship (Routledge Research in Asylum, Migration and Refugee Law)",Rasika Jayasuriya,Kindle,"Jun 22, 2021",
2,https://www.amazon.com/dp/B097S9RCGR,B097S9RCGR,Eugene From Eugene to Happy Valley : Eugene Lynn Grant's Autobiography,Eugene Grant,Kindle,"Jun 22, 2021",
0,https://www.amazon.com/dp/B097QYQLVV,B097QYQLVV,The Legitimacy of Use of Force in Public and Islamic International Law,Mohammad Z. Sabuj,Kindle,"Jun 22, 2021",
0,https://www.amazon.com/dp/B09757J15T,B09757J15T,Counter-Terrorism Laws and Freedom of Expression: Global Perspectives,Téwodros Workneh,Kindle,"Jun 22, 2021",
0,https://www.amazon.com/dp/B096SN7GBV,B096SN7GBV,Justifying Contract in Europe: Political Philosophies of European Contract Law (Collected Courses of the Academy of European Law),Martijn W. Hesselink,Kindle,"Jun 22, 2021",
1,https://www.amazon.com/dp/B0986RFRYF,B0986RFRYF,Blood in the Water: Feeding Frenzies and the Mass Tort Phenomenon,Walter Champion,Kindle,"Jun 22, 2021",
0,https://www.amazon.com/dp/B097S841Q4,B097S841Q4,FM 24-22: Communications-Electronics Management System,Luc Boudreaux,Kindle,"Jun 22, 2021",
0,https://www.amazon.com/dp/B097S7RVRZ,B097S7RVRZ,"Property Cases and Materials, 2nd edition",Matthew P.  Harrington,Kindle,"Jun 22, 2021",
0,https://www.amazon.com/dp/B097QRFJS6,B097QRFJS6,The Tree of Life,Andras Veszelka,Kindle,"Jun 22, 2021",
2,https://www.amazon.com/dp/B097NH32J1,B097NH32J1,Justice in a Time of Austerity: Stories From a System in Crisis,Jon Robins,Kindle,"Jun 22, 2021",
0,https://www.amazon.com/dp/B0CRSLGYBW,B0CRSLGYBW,The General Data Protection Regulation and the effective protection of data subjects' rights in the online environment: To what extent are these rights ... Global Economic Law and Regulation Book 85),Mario Egbe Mpame,Kindle,"Jun 21, 2021",
1,https://www.amazon.com/dp/B0933M3ZFC,B0933M3ZFC,The Pluriverse of Human Rights: The Diversity of Struggles for Dignity (Epistemologies of the South),Boaventura De Sousa Santos,Kindle,"Jun 22, 2021",
0,https://www.amazon.com/dp/B0933LXNCZ,B0933LXNCZ,The Law of Insurance Warranties: Flawed Reform and a New Perspective (Lloyd's Insurance Law Library),Alastair Owen,Kindle,"Jun 21, 2021",
0,https://www.amazon.com/dp/B097QWYDDL,B097QWYDDL,The Palgrave International Handbook of Youth Imprisonment (Palgrave Studies in Prisons and Penology),Alexandra Cox,Kindle,"Jun 21, 2021",
0,https://www.amazon.com/dp/B097QGNWX5,B097QGNWX5,Unlawful Government: Preserving America In A Post-Constitutional Age,Wilton Strickland,Kindle,"Jun 21, 2021",
0,https://www.amazon.com/dp/B097QFDY6S,B097QFDY6S,Dystopia: The Family Law System,Rob D'Alessio,Kindle,"Jun 21, 2021",
4,https://www.amazon.com/dp/B097N3NY9Z,B097N3NY9Z,A Handbook on Commercial Court Practice,Pankaj Prasad,Kindle,"Jun 21, 2021",
1,https://www.amazon.com/dp/B0933Q4CNP,B0933Q4CNP,"Global Trade, Labour Rights and International Law: A Multilevel Approach (Studies in Modern Law and Policy)",Aneta Tyc,Kindle,"Jun 21, 2021",
0,https://www.amazon.com/dp/B0933LHJ1Q,B0933LHJ1Q,Sentencing: New Trajectories in Law,Elaine A. O. Freer,Kindle,"Jun 21, 2021",
2,https://www.amazon.com/dp/B08J7RBTHD,B08J7RBTHD,Readings in Syrian Prison Literature: The Poetics of Human Rights (Contemporary Issues in the Middle East),R. Shareah Taleghani,Kindle,"Jun 21, 2021",
0,https://www.amazon.com/dp/B097N8G5Z6,B097N8G5Z6,FM 11-55 Mobile Subscriber Equipment (MSE) Operations,Luc Boudreaux,Kindle,"Jun 20, 2021",
2,https://www.amazon.com/dp/B08VRY89V7,B08VRY89V7,"Detection Avoidance in Homicide: Debates, Explanations and Responses (Routledge Studies in Criminal Behaviour)",Claire Ferguson,Kindle,"Jun 20, 2021",
4,https://www.amazon.com/dp/B0B2F388XC,B0B2F388XC,Bullets in Envelopes: Iraqi Academics in Exile,Louis Yako,Kindle,"Jun 20, 2021",
0,https://www.amazon.com/dp/B096Z3JZCX,B096Z3JZCX,Religion and Law in the United Kingdom (3),Mark Hill QC,Kindle,"Jun 20, 2021",
0,https://www.amazon.com/dp/B098WLWM4T,B098WLWM4T,Corporate Acquisitions and Mergers in Indonesia,Idwan Ganie,Kindle,"Jun 20, 2021",
0,https://www.amazon.com/dp/B098WJ7N29,B098WJ7N29,Religion and Law in Finland,Matti Kotiranta,Kindle,"Jun 20, 2021",
0,https://www.amazon.com/dp/B098WFLC5P,B098WFLC5P,Labour Law in Croatia,Ivana Grgurev,Kindle,"Jun 20, 2021",
0,https://www.amazon.com/dp/B098W4YQ66,B098W4YQ66,Migration Law in Germany,Gerhard Robbers,Kindle,"Jun 20, 2021",
0,https://www.amazon.com/dp/B098W4GQZQ,B098W4GQZQ,Corporate Acquisitions and Mergers in Germany,Natascha Doll,Kindle,"Jun 20, 2021",
0,https://www.amazon.com/dp/B098VVZ6BW,B098VVZ6BW,Insurance Law in China,Rui Zheng,Kindle,"Jun 20, 2021",
0,https://www.amazon.com/dp/B097NF2KST,B097NF2KST,Agency Agreements in the EU: The Manual for Determining the Dissolution Compensation in Agency Agreements in the International Field,Giuseppe Coviello,Kindle,"Jun 20, 2021",
0,https://www.amazon.com/dp/B097NDBVQJ,B097NDBVQJ,"RAW EXPOSE' into DIVORCE, BAD JUDGES, and SOME COURTROOM BULLSH*T (and me) *Newly Revised Edition: Demise of a Child: “A Motivational Wake-up Scream”",Philip Sands,Kindle,"Jun 20, 2021",
0,https://www.amazon.com/dp/B097MP6437,B097MP6437,Navigating Your New York High Net Worth Divorce,David I. Bliven,Kindle,"Jun 20, 2021",
0,https://www.amazon.com/dp/B096SQ3F3N,B096SQ3F3N,"The Spirit of Democracy: Corruption, Disintegration, Renewal",Sofia Näsström,Kindle,"Jun 20, 2021",
0,https://www.amazon.com/dp/B097KRVS5P,B097KRVS5P,Introduction to Negotiable Instruments: As per Indian laws,Siva Prasad Bose,Kindle,"Jun 19, 2021",
4,https://www.amazon.com/dp/B097KWD63R,B097KWD63R,"CREDIT REPAIR SECRETS: YOUR CREDIT CAN ONLY GET WORSE IF DON'T TAKE ACTION, SPECIALLY IN TROUBLED ECONOMIC TIMES! BOOST YOUR SCORE, FIX YOUR DEBT AND ACHIEVE YOUR FINANCIAL FREEDOM! 609 INCLUDED",Mark Payton,Kindle,"Jun 19, 2021",
0,https://www.amazon.com/dp/B097LRXRRW,B097LRXRRW,BLACKHEART IN SPADES,MaryAnn Monroe,Kindle,"Jun 19, 2021",
0,https://www.amazon.com/dp/B09BDX1YJZ,B09BDX1YJZ,Arbitration Law of Pakistan,Ikram Ullah,Kindle,"Jun 18, 2021",
3,https://www.amazon.com/dp/B097KVVFV5,B097KVVFV5,Bitcoin Tax Havens: An Introduction To Cryptocurrency Tax Planning,Jean Franco Fernández Clark,Kindle,"Jun 18, 2021",
1,https://www.amazon.com/dp/B097KP88MD,B097KP88MD,The Chicagoan,Joseph Garofalo,Kindle,"Jun 18, 2021",
2,https://www.amazon.com/dp/B097KFH312,B097KFH312,CPS: A quick guide to help you survive,Leah Rusk,Kindle,"Jun 18, 2021",
1,https://www.amazon.com/dp/B096WKGBCQ,B096WKGBCQ,Creative Expression and the Law,Nancy Whitmore,Kindle,"Jun 23, 2021",
0,https://www.amazon.com/dp/B096KWNZX6,B096KWNZX6,"Contesting Revisionism: China, the United States, and the Transformation of International Order",Steve Chan,Kindle,"Jun 18, 2021",
0,https://www.amazon.com/dp/B096KTS2G3,B096KTS2G3,Rebel Courts: The Administration of Justice by Armed Insurgents,René Provost,Kindle,"Jun 18, 2021",
0,https://www.amazon.com/dp/B095J4HK4G,B095J4HK4G,How Political Parties Mobilize Religion: Lessons from Mexico and Turkey (Religious Engagement in Democratic Politics),Luis Felipe Mantilla,Kindle,"Jun 18, 2021",
2,https://www.amazon.com/dp/B0G266Y9JQ,B0G266Y9JQ,Anatomy of a Duel in Jacobean England,Lloyd Bowen,Kindle,"Jun 18, 2021",
0,https://www.amazon.com/dp/B0G263LBJB,B0G263LBJB,Political Legitimacy in Postcolonial Mali,Dorothea E Schulz,Kindle,"Jun 18, 2021",
0,https://www.amazon.com/dp/B09BDVM26X,B09BDVM26X,European SPCs Unravelled: A Practitioner’s Guide to Supplementary Protection Certificates in Europe,Oswin Ridderbusch,Kindle,"Jun 18, 2021",
0,https://www.amazon.com/dp/B097KQ51TM,B097KQ51TM,FM 11-45 Signal Support to Theater Operations,Luc Boudreaux,Kindle,"Jun 18, 2021",
0,https://www.amazon.com/dp/B097KPYLWY,B097KPYLWY,FM 11-43 The Signal Leader's Guide,Luc Boudreaux,Kindle,"Jun 18, 2021",
0,https://www.amazon.com/dp/B097KHRC5W,B097KHRC5W,Business Laws,Dr. M. K.  Nabi,Kindle,"Jun 18, 2021",
0,https://www.amazon.com/dp/B0977BM9KM,B0977BM9KM,Global Customary International Law Index: An Analytical Monograph (Indian International Law Programme Book 2),Abhivardhan,Kindle,"Jun 18, 2021",
0,https://www.amazon.com/dp/B095KD1T74,B095KD1T74,Thai Legal History: From Traditional to Modern Law,Andrew Harding,Kindle,"Jun 17, 2021",
1,https://www.amazon.com/dp/B08QCWDRLK,B08QCWDRLK,Sex Offender Registration and Community Notification Laws: An Empirical Evaluation,Wayne Logan,Kindle,"Jun 17, 2021",
0,https://www.amazon.com/dp/B0933LJPP4,B0933LJPP4,National History and New Nationalism in the Twenty-First Century: A Global Comparison (Routledge Approaches to History Book 44),Niels F. May,Kindle,"Jun 17, 2021",
0,https://www.amazon.com/dp/B0D182RB84,B0D182RB84,Value Politics in the European Union: From Market to Culture and Back (Routledge Studies on Government and the European Union),François Foret,Kindle,"Jun 17, 2021",
0,https://www.amazon.com/dp/B09D8KMFZ9,B09D8KMFZ9,A Conflict Of Laws Companion,Andrew Dickinson,Kindle,"Jun 17, 2021",
1,https://www.amazon.com/dp/B09BGTMRGY,B09BGTMRGY,Clamouring for Legal Protection: What the Great Books Teach Us About People Fleeing from Persecution,Professor Robert F Barsky,Kindle,"Jun 17, 2021",
1,https://www.amazon.com/dp/B096KW9RHW,B096KW9RHW,Russia and the Right to Self-Determination in the Post-Soviet Space,Johannes Socher,Kindle,"Jun 17, 2021",
1,https://www.amazon.com/dp/B095KDFSVK,B095KDFSVK,"The Virtual Workplace: Public Health, Efficiency, and Opportunity",Joseph A. Seiner,Kindle,"Jun 17, 2021",
0,https://www.amazon.com/dp/B0933MRPY9,B0933MRPY9,The Bangladesh Garment Industry and the Global Supply Chain: Choices and Constraints of Management (Routledge Contemporary South Asia Series),Shahidur Rahman,Kindle,"Jun 17, 2021",
1,https://www.amazon.com/dp/B092R1NYCN,B092R1NYCN,Democracy of Expression: Positive Free Speech and Law,Andrew T. Kenyon,Kindle,"Jun 17, 2021",
0,https://www.amazon.com/dp/B08X1JRWZ1,B08X1JRWZ1,Chinese Environmental Law,Yuhong Zhao,Kindle,"Jun 17, 2021",
0,https://www.amazon.com/dp/B0CRSKDRXK,B0CRSKDRXK,"Nullum Crimen Sine Lege, the European Convention on Human Rights and the Foreseeability of the Law (Schriften zum Internationalen und Europäischen Strafrecht Book 55)",Sara Paiusco,Kindle,"Jun 17, 2021",
0,https://www.amazon.com/dp/B09BG8WCYM,B09BG8WCYM,"Lawyers, Networks and Progressive Social Change: Lawyers Changing Lives",Dr Jacqueline Kinghan,Kindle,"Jun 17, 2021",
0,https://www.amazon.com/dp/B097J3K14D,B097J3K14D,"Many lies in the Erba massacre: dancing around a puppet matryoshka.: Azouz Marzouk: proble instigator of this crime. part 2/4 (EGO SUM, LUX VERITATIS - 7476 - (english version) Book 2)",Fabio  Pasonticelli Taronio,Kindle,"Jun 17, 2021",
0,https://www.amazon.com/dp/B097J2XKG4,B097J2XKG4,Beyond Reform: Better Policing Through Systems Thinking: A Master's Thesis,Christopher Bagby,Kindle,"Jun 17, 2021",
1,https://www.amazon.com/dp/B097J2T2TM,B097J2T2TM,"Antidote 2 Credit Repair: Stop collections, late payments, delinquencies, medical bills and much more from reporting to your credit!",Thermie Jean,Kindle,"Jun 17, 2021",
0,https://www.amazon.com/dp/B097GLPCKH,B097GLPCKH,"Performing Copyright: Law, Theatre and Authorship",Dr Luke McDonagh,Kindle,"Jun 17, 2021",
0,https://www.amazon.com/dp/B097GB1GVZ,B097GB1GVZ,"Fundamental Rights Challenges: Horizontal Effectiveness, Rule of Law and Margin of National Appreciation",Cristina Izquierdo-Sans,Kindle,"Jun 17, 2021",
0,https://www.amazon.com/dp/B096KTZWH1,B096KTZWH1,Enhanced Cooperation and European Tax Law (Oxford Studies in European Law),Caroline Heber,Kindle,"Jun 17, 2021",
0,https://www.amazon.com/dp/B095KQWMJH,B095KQWMJH,International Human Rights Law Beyond State Territorial Control (Cambridge Studies in International and Comparative Law),Antal Berkes,Kindle,"Jun 17, 2021",
0,https://www.amazon.com/dp/B094X7R8XY,B094X7R8XY,"Sex/Gender and Self-Determination: Policy Developments in Law, Health and Pedagogical Contexts",Zowie Davy,Kindle,"Jun 17, 2021",
4,https://www.amazon.com/dp/B097DRCRTN,B097DRCRTN,Abolish ICE,Natascha Elena  Uhlmann,Kindle,"Jun 16, 2021",
3,https://www.amazon.com/dp/B097F61R93,B097F61R93,Cancer Care Malpractice: An Attorney's Guide to Understanding the Issues,Susan Haibeck,Kindle,"Jun 16, 2021",
0,https://www.amazon.com/dp/B0933LKT89,B0933LKT89,Effective Environmental Regulation in China: Reflections on the Experience of European Union Legislation on Environmental Permits (The Rule of Law in China and Comparative Perspectives),Federico Pasini,Kindle,"Jun 16, 2021",
4,https://www.amazon.com/dp/B097F8G6H6,B097F8G6H6,Law of Partnerships: (Indian Partnership Act 1932),Dr. Sanjeev kumar,Kindle,"Jun 16, 2021",
0,https://www.amazon.com/dp/B097F7ZT2L,B097F7ZT2L,"COVID-19 Pandemic Litigation: A Discourse on Nondelegation, Constitutional Rights and Statutory Interpretation",Creighton Meland,Kindle,"Jun 16, 2021",
0,https://www.amazon.com/dp/B097F7P5HV,B097F7P5HV,FM 11-30 MSE Communications in the Corps/Division,Luc Boudreaux,Kindle,"Jun 16, 2021",
0,https://www.amazon.com/dp/B097F533BK,B097F533BK,Law of Contracts,Dr. Sanjeev kumar,Kindle,"Jun 16, 2021",
0,https://www.amazon.com/dp/B097F3D5BP,B097F3D5BP,COVID-19 and Racial Inequalities in the US,William Aponte,Kindle,"Jun 16, 2021",
0,https://www.amazon.com/dp/B097DHCX45,B097DHCX45,VETO POWER & Effects on International Balance Period between 1945-2015,Ezzat EL Sayed Sayed Ahmed Hassan,Kindle,"Jun 16, 2021",
1,https://www.amazon.com/dp/B0931YXLCP,B0931YXLCP,Is CITES Protecting Wildlife?: Assessing Implementation and Compliance (Routledge Studies in Conservation and the Environment),Tanya Wyatt,Kindle,"Jun 16, 2021",
2,https://www.amazon.com/dp/B08MLFZ2BV,B08MLFZ2BV,"Stitching the 24-Hour City: Life, Labor, and the Problem of Speed in Seoul",Seo Young Park,Kindle,"Jun 15, 2021",
4,https://www.amazon.com/dp/B08F7T6SNB,B08F7T6SNB,Medicine and Shariah: A Dialogue in Islamic Bioethics,Aasim I. Padela,Kindle,"Jun 15, 2021",
1,https://www.amazon.com/dp/B097Z3ZYTD,B097Z3ZYTD,"Ablaze: The Unbelievable True Story of Law Enforcement Corruption at it's Worst; the Horrific Fire They Used to Frame an Innocent Man, and His Ultimate ... in Bringing Those Who Framed Him to Justice","G Atwood, David",Kindle,"Jun 15, 2021",
5,https://www.amazon.com/dp/B0925RPW4H,B0925RPW4H,"Police Visibility: Privacy, Surveillance, and the False Promise of Body-Worn Cameras",Bryce Clayton Newell,Kindle,"Jun 15, 2021",
0,https://www.amazon.com/dp/B09MTZ17DZ,B09MTZ17DZ,A Voice for Justice: Writings of David Schuman,Sharon Schuman,Kindle,"Jun 15, 2021",
0,https://www.amazon.com/dp/B0979MYCTH,B0979MYCTH,The Mysterious Death of Sgt. Rust: A Mother's Fight for Justice,Dennis N.  Griffin,Kindle,"Jun 15, 2021",
1,https://www.amazon.com/dp/B094W54FT5,B094W54FT5,Democracy and Deliberation: The Law and Politics of Sex Offender Legislation,Cary Federman,Kindle,"Jun 15, 2021",
1,https://www.amazon.com/dp/B0933MNZS9,B0933MNZS9,Security Operations: An Introduction to Planning and Conducting Private Security Details for High-Risk Areas,Robert Deatherage  Jr.,Kindle,"Jun 15, 2021",
2,https://www.amazon.com/dp/B0933L35CD,B0933L35CD,Lawfare: Waging War through Law,Cristiano Martins,Kindle,"Jun 13, 2021",
1,https://www.amazon.com/dp/B0977RKJ3M,B0977RKJ3M,Patent Offense : 7 steps to a Safe Secure Patent Portfolio,Craige  Thompson,Kindle,"Jun 13, 2021",
0,https://www.amazon.com/dp/B0977NC1Z3,B0977NC1Z3,The Lay Magistrates' Association of Jamaica and its Founder Oscar L. N. Shim,Jermel Shim,Kindle,"Jun 13, 2021",
0,https://www.amazon.com/dp/B0977SJTWS,B0977SJTWS,FM 11-25 Signal Troposcatter Company (Light and Heavy),Luc Boudreaux,Kindle,"Jun 13, 2021",
0,https://www.amazon.com/dp/B0976T7XKB,B0976T7XKB,Politics of agitation in subcontinent: Story of political agitations in subcontinent,Abdur  Raziq,Kindle,"Jun 13, 2021",
0,https://www.amazon.com/dp/B0976DG184,B0976DG184,FM 10-550 AIRDROP OF SUPPLIES AND EQUIPMENT: RIGGING STINGER WEAPON SYSTEMS AND MISSILES,Luc Boudreaux,Kindle,"Jun 12, 2021",
0,https://www.amazon.com/dp/B0976CZGC4,B0976CZGC4,How To Become a Mobile Notary: Generate Income - A Sde Hustle Series (Generate Income - A Side Hustle Series),Isaiah  Combs,Kindle,"Jun 12, 2021",
0,https://www.amazon.com/dp/B09767X5VR,B09767X5VR,FM 10-528 Airdrop Of Supplies And Equipment: Rigging Road Rollers,Luc Boudreaux,Kindle,"Jun 12, 2021",
0,https://www.amazon.com/dp/B09764KQC8,B09764KQC8,FM 10-500-45 RIGGING 120-MILLIMETER MORTARS,Luc Boudreaux,Kindle,"Jun 12, 2021",
0,https://www.amazon.com/dp/B09762STJH,B09762STJH,FM 10-500-29 Airdrop of Supplies and Equipment: Rigging Heavy Antitank Assault Weapon System (TOW),Luc Boudreaux,Kindle,"Jun 12, 2021",
0,https://www.amazon.com/dp/B0975JJ2VV,B0975JJ2VV,Collective Leadership and Divided Power in West European Parties (Palgrave Studies in Political Leadership),Donatella Campus,Kindle,"Jun 12, 2021",
1,https://www.amazon.com/dp/B0974ZRPMB,B0974ZRPMB,Moment of Truth: Tackling Israel–Palestine’s Toughest Questions,Jamie  Stern-Weiner,Kindle,"Jun 11, 2021",
1,https://www.amazon.com/dp/B0989ZB4BB,B0989ZB4BB,Compliance Tools (LSB. HORS COLL.),Marie–Anne Frison–Roche,Kindle,"Jun 14, 2021",
0,https://www.amazon.com/dp/B0979R4PH7,B0979R4PH7,THE UNITED KINGDOM WRITTEN AND UNWRITTEN CONSTITUTION,Marios Adamides,Kindle,"Jun 14, 2021",
1,https://www.amazon.com/dp/B0979H287J,B0979H287J,"The Oglethorpe University Sex Scandal: Newell, Timothy: The Oglethorpe University Sex Scandal",Timothy Newell,Kindle,"Jun 14, 2021",
0,https://www.amazon.com/dp/B0978VCT91,B0978VCT91,FM 10-562 Airdrop of Supplies and Equipment Rigging Whole Blood,Luc Boudreaux,Kindle,"Jun 14, 2021",
0,https://www.amazon.com/dp/B09766CZ34,B09766CZ34,FM 10-500-71 AIRDROP OF SUPPLIES AND EQUIPMENT: RIGGING THE FAMILY OF MEDIUM TACTICAL VEHICLES (FMTV),Luc Boudreaux,Kindle,"Jun 12, 2021",
1,https://www.amazon.com/dp/B099CY5BB1,B099CY5BB1,Military Evidentiary Foundations,David A. Schlueter,Kindle,"Jun 11, 2021",
0,https://www.amazon.com/dp/B096TMBS8M,B096TMBS8M,"Labor Law: Selected Statutes, Forms, and Agreements, 2021 Statutory Supplement (Supplements)",Michael C. Harper,Kindle,"Jun 11, 2021",
3,https://www.amazon.com/dp/B095Z35XS3,B095Z35XS3,The Function of Equity in International Law,Catharine Titi,Kindle,"Jun 11, 2021",
0,https://www.amazon.com/dp/B09BDVXVW8,B09BDVXVW8,Regulation and Tax in Space (Series on International Taxation),Galya Savir,Kindle,"Jun 11, 2021",
0,https://www.amazon.com/dp/B09755DQ49,B09755DQ49,FM 10-500-23 AIRDROP OF SUPPLIES AND EQUIPMENT: RIGGING COMMUNICATION CONTROL VEHICLES,Luc Boudreaux,Kindle,"Jun 11, 2021",
0,https://www.amazon.com/dp/B09754C8RT,B09754C8RT,FM 10-426 PETROLEUM SUPPLY UNITS,Luc Boudreaux,Kindle,"Jun 11, 2021",
0,https://www.amazon.com/dp/B09754534K,B09754534K,FM 10-450-4 MULTISERVICE HELICOPTER SLING LOAD: SINGLE-POINT LOAD RIGGING PROCEDURES,Luc Boudreaux,Kindle,"Jun 11, 2021",
0,https://www.amazon.com/dp/B0974ZSS1F,B0974ZSS1F,SERMONS : Application of Legal Principles and Procedures in the Life and Ministry of Christ,Charles Mwewa,Kindle,"Jun 11, 2021",
2,https://www.amazon.com/dp/B0974ZPWYB,B0974ZPWYB,"Underneath The Skin-Being A Black Police Officer in America: Bridging the Gap Between the Police and the Community. Racism, Excessive Force and Where Do We Go From Here?",Harold Z. Campbell,Kindle,"Jun 11, 2021",
0,https://www.amazon.com/dp/B0974Z3ST9,B0974Z3ST9,The Seed That Fell On Rocky Ground,Sarah E.  Walters,Kindle,"Jun 11, 2021",
1,https://www.amazon.com/dp/B0974W8RXK,B0974W8RXK,Play Nice: The new rule of teamwork,Yann Rousselot-Pailley,Kindle,"Jun 11, 2021",
0,https://www.amazon.com/dp/B0974D17GR,B0974D17GR,Mixed & Kids of Color : Basics about your Hair,Odeen  Rowe,Kindle,"Jun 11, 2021",
0,https://www.amazon.com/dp/B0973X6LS4,B0973X6LS4,How to be a good Manager?,Sunny Patel,Kindle,"Jun 11, 2021",
0,https://www.amazon.com/dp/B098PFK52P,B098PFK52P,European Union Plant Variety Protection,Gert Würtenberger,Kindle,"Jun 10, 2021",
0,https://www.amazon.com/dp/B0973DXRPW,B0973DXRPW,Bankruptcy MasterClass Practice System & Toolkit: Volume 2: Bankruptcy Marketing & Advertising,Robert Schaller,Kindle,"Jun 10, 2021",
0,https://www.amazon.com/dp/B0972XK6SL,B0972XK6SL,Law and Practice of Equity and Trust,Adamu  Usman,Kindle,"Jun 10, 2021",
1,https://www.amazon.com/dp/B092R3YGZ5,B092R3YGZ5,Commercial Speech as Free Expression: The Case for First Amendment Protection (Cambridge Studies on Civil Rights and Civil Liberties),Martin H. Redish,Kindle,"Jun 10, 2021",
0,https://www.amazon.com/dp/B0DRCGQQK8,B0DRCGQQK8,"Policing Human Rights: Law, Narratives, and Practice (Clarendon Studies in Criminology)",Richard Martin,Kindle,"Jun 10, 2021",
0,https://www.amazon.com/dp/B098B1SJ8G,B098B1SJ8G,Private Enforcement of Competition Law in Europe: Directive 2014/104/EU and Beyond (Competition Law/Droit de la concurrence),Rafael Amaro,Kindle,"Jun 10, 2021",
1,https://www.amazon.com/dp/B0973NSBTZ,B0973NSBTZ,Declaration on Women’s Sex-Based Rights: On the re-affirmation of women’s sex-based rights against the replacement of the category of sex with that of ‘gender identity’,Women's Human Rights Campaign,Kindle,"Jun 10, 2021",
0,https://www.amazon.com/dp/B0973F8X1P,B0973F8X1P,Parliamentary Practice in New Zealand,David McGee,Kindle,"Jun 10, 2021",
0,https://www.amazon.com/dp/B0973DL72R,B0973DL72R,Constitutional Litigation in Nigeria,BENEDICTA A. SUSU,Kindle,"Jun 10, 2021",
0,https://www.amazon.com/dp/B0973DKQ92,B0973DKQ92,International Human Rights Law,International Law,Kindle,"Jun 10, 2021",
0,https://www.amazon.com/dp/B0973CTCXL,B0973CTCXL,A handbook on Legal Languages and the quest for linguistic equality in South Africa and beyond,Zakeera Docrat,Kindle,"Jun 10, 2021",
0,https://www.amazon.com/dp/B0973CBTDL,B0973CBTDL,FM 10-416 PETROLEUM PIPELINE AND TERMINAL OPERATING UNITS,Luc Boudreaux,Kindle,"Jun 10, 2021",
3,https://www.amazon.com/dp/B0973BX6B5,B0973BX6B5,"Born To Kill?: Case Histories of the World’s Most Prolific Serial Killers, Volume 2 (Born to Kill? Case Histories of the World’s Most Prolific Serial Killers, Volumes 1, 2, 3, 4)",Dan Coffman,Kindle,"Jun 10, 2021",
1,https://www.amazon.com/dp/B0973B3CNW,B0973B3CNW,The Law of Inheritance & Administration of Deceased Estates in Malawi,Lewis Chezan Bande,Kindle,"Jun 10, 2021",
1,https://www.amazon.com/dp/B0972VN93V,B0972VN93V,Theory and Practice of International Economic Law,Adamu  Usman,Kindle,"Jun 10, 2021",
0,https://www.amazon.com/dp/B096W3B7L7,B096W3B7L7,Rethinking Urban Risk and Resettlement in the Global South,Cassidy Johnson,Kindle,"Jun 10, 2021",
0,https://www.amazon.com/dp/B095KF9G1L,B095KF9G1L,The Law and Practice of Peacekeeping: Foregrounding Human Rights,Rosa Freedman,Kindle,"Jun 10, 2021",
0,https://www.amazon.com/dp/B092RK2M7X,B092RK2M7X,Households and Financialization in Europe: Mapping Variegated Patterns in Semi-Peripheries (RIPE Series in Global Political Economy),Marek Mikuš,Kindle,"Jun 10, 2021",
0,https://www.amazon.com/dp/B08QD1QSSH,B08QD1QSSH,Minorities and the Making of Postcolonial States in International Law (Cambridge Studies in International and Comparative Law Book 154),Mohammad Shahabuddin,Kindle,"Jun 10, 2021",
0,https://www.amazon.com/dp/B08N6PYHJM,B08N6PYHJM,Complaints to the Authorities in Russia: A Trap Between Tradition and Legal Modernization (Studies in Contemporary Russia),Elena Bogdanova,Kindle,"Jun 10, 2021",
3,https://www.amazon.com/dp/B097CDRZ79,B097CDRZ79,Can we be safe?: The Future of Policing in South Africa,Ziyanda Stuurman,Kindle,"Jun 23, 2021",
0,https://www.amazon.com/dp/B0971D87K8,B0971D87K8,FM 10-52-1 Water Supply Point Equipment and Operations,Luc Boudreaux,Kindle,"Jun 9, 2021",
0,https://www.amazon.com/dp/B0CRTW3ZF2,B0CRTW3ZF2,Human Rights of Irregular Migrants in the European Union: Implementation of European Policy and Legislation for the Effective Protection of these Rights ... HAMBURG zur Integrationsforschung Book 83),Annalisa Morticelli,Kindle,"Jun 9, 2021",
0,https://www.amazon.com/dp/B0CRSHQT9M,B0CRSHQT9M,Substance and Style: WTO judicial decision-making in 'trade and ...' cases (Schriftenreihe des Zentrums für Europäische Rechtspolitik an der Universität Bremen (ZERP) Book 78),Christiane Gerstetter,Kindle,"Jun 9, 2021",
1,https://www.amazon.com/dp/B0971D2PKQ,B0971D2PKQ,The Human Toll: : Is the Nature of Regulation Under the Australian Skills Quality Authority Destructive?,Raelene Bartlett,Kindle,"Jun 9, 2021",
0,https://www.amazon.com/dp/B0971BS6QP,B0971BS6QP,Environmental Protection Law and Practice,Adamu Usman,Kindle,"Jun 9, 2021",
0,https://www.amazon.com/dp/B096Y8VHCB,B096Y8VHCB,Law School Career Advisor's Resource to Starting A Solo Law Firm: Exploring a New Career Path.,Robert Schaller,Kindle,"Jun 8, 2021",
1,https://www.amazon.com/dp/B094CTL1NX,B094CTL1NX,Al-Haq: A Global History of the First Palestinian Human Rights Organization (New Directions in Palestinian Studies Book 2),Lynn Welchman,Kindle,"Jun 8, 2021",
2,https://www.amazon.com/dp/B08DLRNHSG,B08DLRNHSG,"Rough Diamond: The Life of Colonel William Stephen Hamilton, Alexander Hamilton's Forgotten Son",A. K. Fielding,Kindle,"Jun 8, 2021",
0,https://www.amazon.com/dp/B09M4BGC1H,B09M4BGC1H,Human Rights Culture in Indonesia: Attacks on the Ahmadiyya Minority Group (Studies on Modern Orient Book 35),Max Regus,Kindle,"Jun 8, 2021",
0,https://www.amazon.com/dp/B096YMYNLK,B096YMYNLK,Bankruptcy MasterClass Practice System & Toolkit: Volume 1: Starting a Bankruptcy Practice,Robert Schaller,Kindle,"Jun 8, 2021",
0,https://www.amazon.com/dp/B096YLFNMW,B096YLFNMW,Bankruptcy MasterClass Practice System & Toolkit: Volume 3: Bankruptcy Selling & Closing Clients,Robert Schaller,Kindle,"Jun 8, 2021",
0,https://www.amazon.com/dp/B096YJX3R1,B096YJX3R1,Bankruptcy MasterClass Practice System & Toolkit: Volume 6: The Bankruptcy Code,Robert Schaller,Kindle,"Jun 8, 2021",
0,https://www.amazon.com/dp/B096YHP6GV,B096YHP6GV,"Bankruptcy MasterClass Practice System & Toolkit: Volume 5: Processing the Petition, Schedules & Statements",Robert Schaller,Kindle,"Jun 8, 2021",
0,https://www.amazon.com/dp/B096YG48BF,B096YG48BF,Bankruptcy MasterClass Practice System & Toolkit: Volume 4: Client Communications,Robert Schaller,Kindle,"Jun 8, 2021",
0,https://www.amazon.com/dp/B096YD29CZ,B096YD29CZ,FM 10-52 WATER SUPPLY IN THEATERS OF OPERATIONS,Luc Boudreaux,Kindle,"Jun 8, 2021",
0,https://www.amazon.com/dp/B096X2XGXY,B096X2XGXY,The WTO Transit Regime for Landlocked Countries and its Impacts on Members’ Regional Transit Agreements: The Case of Afghanistan’s Transit Trade with ... Yearbook of International Economic Law 17),Suhailah Akbari,Kindle,"Jun 8, 2021",
2,https://www.amazon.com/dp/B096WQ22MX,B096WQ22MX,Digital new deal: the quest for a natural law in a digital society,Riccardo Genghini,Kindle,"Jun 8, 2021",
1,https://www.amazon.com/dp/B096VVX1RC,B096VVX1RC,CLAT COMMON LAW ADMISSION TEST: Previous Years’ Solved Papers (2008–2020) for Effective Preparation by Team Prabhat,Team Prabhat,Kindle,"Jun 8, 2021",
1,https://www.amazon.com/dp/B096KVYHCN,B096KVYHCN,Mental Health Law: Abolish or Reform?,Kay Wilson,Kindle,"Jun 8, 2021",
2,https://www.amazon.com/dp/B096WFD8FJ,B096WFD8FJ,Writing a Winning Private Placement Memorandum (PPM) Made Easy for Lawyers,Lahdan S. Rahmati Esq.,Kindle,"Jun 7, 2021",
0,https://www.amazon.com/dp/B096QWT64J,B096QWT64J,FM 9-6 MUNITIONS SUPPORT IN THE THEATER OF OPERATIONS,Luc Boudreaux,Kindle,"Jun 5, 2021",
1,https://www.amazon.com/dp/B096R2B4GP,B096R2B4GP,Dominate Emotional Instabilities : Break Free-Gain Control of Your Mind,Sharron Downs,Kindle,"Jun 5, 2021",
0,https://www.amazon.com/dp/B096QZWZ4H,B096QZWZ4H,FM 8-284 TREATMENT OF BIOLOGICAL WARFARE AGENT CASUALTIES,Luc Boudreaux,Kindle,"Jun 5, 2021",
0,https://www.amazon.com/dp/B096QZQ13Y,B096QZQ13Y,FM 9-207 OPERATIONS AND MAINTENANCE OF ORDNANCE MATERIEL IN COLD WEATHER,Luc Boudreaux,Kindle,"Jun 5, 2021",
0,https://www.amazon.com/dp/B096QZNXMZ,B096QZNXMZ,FM 10-15 BASIC DOCTRINE MANUAL FOR SUPPLY AND STORAGE,Luc Boudreaux,Kindle,"Jun 5, 2021",
0,https://www.amazon.com/dp/B096QZ11VZ,B096QZ11VZ,FM 9-15 EXPLOSIVE ORDNANCE DISPOSAL SERVICE AND UNIT OPERATIONS,Luc Boudreaux,Kindle,"Jun 5, 2021",
0,https://www.amazon.com/dp/B096QY9TSL,B096QY9TSL,FM 10-1 QUARTERMASTER PRINCIPLES,Luc Boudreaux,Kindle,"Jun 5, 2021",
0,https://www.amazon.com/dp/B096QW8TF3,B096QW8TF3,This Is Me Robbing The Bank,Michael Dunn,Kindle,"Jun 5, 2021",
3,https://www.amazon.com/dp/B08K8RGRSZ,B08K8RGRSZ,"The Emerald International Handbook of Technology-Facilitated Violence and Abuse (Emerald Studies In Digital Crime, Technology and Social Harms)",Jane Bailey,Kindle,"Jun 4, 2021",
0,https://www.amazon.com/dp/B095J34BVL,B095J34BVL,Normalizing Extreme Imprisonment: The Case of Life Without Parole in California (Clarendon Studies in Criminology),Marion Vannier,Kindle,"Jun 4, 2021",
0,https://www.amazon.com/dp/B096NZBLT2,B096NZBLT2,Governance of Foreign Investments' in India: The Defining Perspectives,Dr. Anuj Kumar  Vaksha,Kindle,"Jun 4, 2021",
1,https://www.amazon.com/dp/B095VS9NXS,B095VS9NXS,"It's Morning Time: There is Life After Divorce, Embrace Your Freedom",Sarita Jackson,Kindle,"Jun 7, 2021",
0,https://www.amazon.com/dp/B092RHY1L1,B092RHY1L1,The Third Pillar of International Climate Change Policy: On ‘Loss and Damage’ after the Paris Agreement,Morten Broberg,Kindle,"Jun 7, 2021",
5,https://www.amazon.com/dp/B096SZ98YJ,B096SZ98YJ,Islamic law and Governance: Theory and Practice: Dispelling Misunderstandings and Misapplications of Islamic Law and its System of Governance,Hisham Ramadan,Kindle,"Jun 6, 2021",
0,https://www.amazon.com/dp/B0FCD1S4DZ,B0FCD1S4DZ,Post-Rational Planning: A Solutions-Oriented Call to Justice,Laura E. Tate,Kindle,"Jun 6, 2021",
0,https://www.amazon.com/dp/B096T674W4,B096T674W4,Shattered Dreams of Justice and Rule of Law: Criminal Law of Iran under Shi`i Islamist Regime,Majid Mohammadi,Kindle,"Jun 6, 2021",
0,https://www.amazon.com/dp/B096T23DGF,B096T23DGF,WOMEN AND MEN ARE EQUAL: Flower Also Have Rights,Edwin  Appolin,Kindle,"Jun 6, 2021",
0,https://www.amazon.com/dp/B096SW5T99,B096SW5T99,FM 10-27 GENERAL SUPPLY IN THEATERS OF OPERATIONS,Luc Boudreaux,Kindle,"Jun 6, 2021",
0,https://www.amazon.com/dp/B096N5PK78,B096N5PK78,The Judicial Ordeal of Edna Jane Favreau: Vol. 23 - by David Arthur Walters & Edna Jane Favreau,David Arthur Walters,Kindle,"Jun 4, 2021",
0,https://www.amazon.com/dp/B096NK5TRR,B096NK5TRR,The Evolving Psyche of Law in Europe: The Psychology of Human Rights and Asylum Frameworks,Magdalena Smieszek,Kindle,"Jun 4, 2021",
0,https://www.amazon.com/dp/B098DP9F6M,B098DP9F6M,"The Psychology of Selling and Persuasion: Learn the techniques to close sales, sell to anyone to make a LOTS of MONEY;using the Psychology of Persuasion,a revolutionary way to influence and Persuade",Jhon Mattos,Kindle,"Jun 30, 2021",
0,https://www.amazon.com/dp/B097PXQKJY,B097PXQKJY,Flee the Dragon: Negotiating when all else fails (The Dao of Negotiation: The Path between Eastern strategies and Western minds Book 6),Leonie McKeon,Kindle,"Jun 21, 2021",
1,https://www.amazon.com/dp/B08PC19XC2,B08PC19XC2,Family Psychodynamics in Organizational Contexts: The Hidden Forces that Shape the Workplace,Steen Visholm,Kindle,"Jun 21, 2021",
0,https://www.amazon.com/dp/B097H6QFG6,B097H6QFG6,Releasing agility: Resolution strategies that release agility,Martin West,Kindle,"Jun 17, 2021",
4,https://www.amazon.com/dp/B094Q2F7KV,B094Q2F7KV,"Win, Win, Win!: A New Dimension To Winning In Your Business",Philip Waterhouse,Kindle,"Jun 17, 2021",
0,https://www.amazon.com/dp/B097CMGZ5V,B097CMGZ5V,6 Persuasion Tactics: Negotiating for Success,Pierce Alexander,Kindle,"Jun 15, 2021",
2,https://www.amazon.com/dp/B092FM8YK3,B092FM8YK3,Negotiate Your Way to Success: Personal Guidelines to Boost Your Career,Kasia Jagodzinska PhD,Kindle,"Jun 14, 2021",
0,https://www.amazon.com/dp/B0979L62L6,B0979L62L6,Keys To Getting Your Buyer's Offer Accepted: Strategies for Agents in Challenging Markets,Joshua Rogers,Kindle,"Jun 14, 2021",
5,https://www.amazon.com/dp/B098BLV55V,B098BLV55V,What Makes Me...Paula: Fitting In,Jim Sack,Kindle,"Jun 30, 2021",
0,https://www.amazon.com/dp/B098DZ89C9,B098DZ89C9,Take A Calming Breath - Teaching Kids,K. D.,Kindle,"Jun 30, 2021",
1,https://www.amazon.com/dp/B08LDWTPBP,B08LDWTPBP,Star of the Class Play: Ready-to-Read Level 1 (Robin Hill School),Margaret McNamara,Kindle,"Jun 29, 2021",
0,https://www.amazon.com/dp/B098BNSD2S,B098BNSD2S,"Believe It Or Not, Dot",Carol A Arnott,Kindle,"Jun 29, 2021",
1,https://www.amazon.com/dp/B098BFM2RV,B098BFM2RV,The Yeti's Roar,Carol A Arnott,Kindle,"Jun 29, 2021",
1,https://www.amazon.com/dp/B0989F44PH,B0989F44PH,The Whatif Monster Chapter Book Series: A New Town for Jonathan James (The Whatif Monster Chapter Books 18),Michelle Nelson-Schmidt,Kindle,"Jun 29, 2021",
2,https://www.amazon.com/dp/B09895VCCZ,B09895VCCZ,The Special Villages Of Tapuchim And Dvash,Penny  Cohen,Kindle,"Jun 29, 2021",
1,https://www.amazon.com/dp/B09883RSR9,B09883RSR9,It's an Inside Out Kind Of Day,Sommer Garner,Kindle,"Jun 28, 2021",
3,https://www.amazon.com/dp/B0986388JB,B0986388JB,Your Awesome Life,Karin Abeyta,Kindle,"Jun 27, 2021",
0,https://www.amazon.com/dp/B0983Y4RDT,B0983Y4RDT,It's Okay to Say NO!!!: Empowering kids of all ages to speak up in uncomfortable situations.,CPH,Kindle,"Jun 27, 2021",
0,https://www.amazon.com/dp/B097N298JR,B097N298JR,That Hurt!: A children's book of reflection on the COVID-19 pandemic,DeAnna Lynn,Kindle,"Jun 26, 2021",
0,https://www.amazon.com/dp/B097ZYLRC4,B097ZYLRC4,Tanya's Trip (Titch's Family),Helen Titchener,Kindle,"Jun 25, 2021",
1,https://www.amazon.com/dp/B097Y6MQRJ,B097Y6MQRJ,Nina the Golden Dog: Going on a Picnic,Irit Shimoni,Kindle,"Jun 24, 2021",
1,https://www.amazon.com/dp/B097WNGQ7P,B097WNGQ7P,King Monte: The Lost Tiger's Eye,Michael Woodward,Kindle,"Jun 23, 2021",
0,https://www.amazon.com/dp/B097VYZTZN,B097VYZTZN,Halftime,Christopher Peterson,Kindle,"Jun 23, 2021",
0,https://www.amazon.com/dp/B097SSY5PF,B097SSY5PF,The Angry Armadillo,Charity Rose,Kindle,"Jun 23, 2021",
4,https://www.amazon.com/dp/B0988751MV,B0988751MV,AI-102: Designing and Implementing a Microsoft Azure AI Solution : Study Guide with Practice Questions and Labs - First Edition,IP Specialist,Kindle,"Jun 29, 2021",
4,https://www.amazon.com/dp/B09886FHJJ,B09886FHJJ,AI-102: Designing and Implementing a Microsoft Azure AI Solution: +100 Exam Practice Questions with detail explanation and reference link - First Edition,IP Specialist,Kindle,"Jun 28, 2021",
1,https://www.amazon.com/dp/B09885RZ7L,B09885RZ7L,AZ-220: Microsoft Azure IoT Developer: 100+ Exam Practice Questions with detail explanations and reference links,IP Specialist,Kindle,"Jun 28, 2021",
0,https://www.amazon.com/dp/B0981BZ9R8,B0981BZ9R8,AZ-900: Microsoft Azure Fundamentals +250 Exam Practice Questions with detail explanation and reference link-second edition,IP Specialist,Kindle,"Jun 25, 2021",
0,https://www.amazon.com/dp/B097XPQQBM,B097XPQQBM,CertificationKits How & Why We Subnet Workbook – Ipv4 & IPv6,CertificationKits CertificationKits,Kindle,"Jun 24, 2021",
0,https://www.amazon.com/dp/B097KQS27K,B097KQS27K,Ebook Creation And Publishing Made Easy,Stephen  Songden,Kindle,"Jun 18, 2021",
2,https://www.amazon.com/dp/B096YDKJ95,B096YDKJ95,AI-900: Microsoft Azure AI Fundamentals: Quick Reference Sheet,IP Specialist,Kindle,"Jun 8, 2021",
0,https://www.amazon.com/dp/B096XXHKFS,B096XXHKFS,Zend Certified Engineer Exam Practice Questions & Dumps: Exam Prep Questions for Zend (200-710) Latest Version,Yadev Mehta,Kindle,"Jun 8, 2021",
1,https://www.amazon.com/dp/B096X9382G,B096X9382G,IBPS-RRB Information Technology Officer Scale-II Exam: Computer Science & IT Practice Sets with Answers (Banking And Insurance Exams),Chandresh Agrawal,Kindle,"Jun 8, 2021",
0,https://www.amazon.com/dp/B098P7WXW2,B098P7WXW2,Management Lessons of a Failed Company,Christopher Tingley,Kindle,"Jun 30, 2021",
1,https://www.amazon.com/dp/B098DF8L5K,B098DF8L5K,"Russia Business: Analyze the Economy, Understand the Society, Manage Effectively",Olga Medinskaya,Kindle,"Jun 30, 2021",
0,https://www.amazon.com/dp/B0D49TTYHC,B0D49TTYHC,Ownership and Governance of Companies: Essays from South Africa and the Global South,Jonathan Michie,Kindle,"Jun 29, 2021",
0,https://www.amazon.com/dp/B0989JXTR2,B0989JXTR2,"Sub-Supplier Management: A Buyer-Centric, Low-Tier Supply Chain Perspective (Contributions to Management Science)",Wolfgang Stoelzle,Kindle,"Jun 29, 2021",
0,https://www.amazon.com/dp/B0988BHZQG,B0988BHZQG,Amazon Profit Machine : 3 Ways to Make Money Fast with Amazon (Bundle),Norman Franklin,Kindle,"Jun 28, 2021",
5,https://www.amazon.com/dp/B0977F2XH2,B0977F2XH2,Evolutionary Processes and Organizational Adaptation: A Mendelian Perspective on Strategic Management,Daniel A. Levinthal,Kindle,"Jun 26, 2021",
0,https://www.amazon.com/dp/B0981QKPKT,B0981QKPKT,Africa's Agricultural Renaissance: From Paradox to Powerhouse,Ayodele Odusola,Kindle,"Jun 26, 2021",
0,https://www.amazon.com/dp/B097ZHCKT8,B097ZHCKT8,Management Theory by Chester Barnard: An Introduction (SpringerBriefs in Business),Kazuhito Isomura,Kindle,"Jun 25, 2021",
2,https://www.amazon.com/dp/B097X3N4Y8,B097X3N4Y8,"Business Planning Book: How to write an effective action plan guide, a step-by-step workbook that will help you write a solid plan",About A Business,Kindle,"Jun 23, 2021",
0,https://www.amazon.com/dp/B097TXN3JT,B097TXN3JT,HOW TO EARN MONEY FROM GOOGLE : MAKE MONEY ONLINE IN INDIA,ABHI GYAN,Kindle,"Jun 23, 2021",
0,https://www.amazon.com/dp/B097S6HW3P,B097S6HW3P,"Become an AI Company in 90 Days: The no-bullshit guide for understanding Al, identifying opportunities, and launching your first product",Kevin Dewalt,Kindle,"Jun 22, 2021",
0,https://www.amazon.com/dp/B0933LNR9Y,B0933LNR9Y,"Corporate Social Responsibility and Sustainable Development: Strategies, Practices and Business Models",Jitendra K. Das,Kindle,"Jun 22, 2021",
0,https://www.amazon.com/dp/B097QXRFKM,B097QXRFKM,Creativity and Strategy: An Integrative Analysis,Chetan Walia,Kindle,"Jun 21, 2021",
0,https://www.amazon.com/dp/B097L4V345,B097L4V345,The Chinese Approach: How China Has Transformed Its Economy and System?,Fang Cai,Kindle,"Jun 19, 2021",
4,https://www.amazon.com/dp/B097L2PL9M,B097L2PL9M,"101 Secrets To Successful Entrepreneurship: Solve Burning Problems, Strategize Marketing Procedures, Deliver Better Customer Experience to Achieve Your Goal",DEBIPRASAD RAKSHIT,Kindle,"Jun 19, 2021",
0,https://www.amazon.com/dp/B097ZPGHSH,B097ZPGHSH,A-Z Guide to Filing Personal and Corporate Taxes,Arthur Spencer,Kindle,"Jun 25, 2021",
5,https://www.amazon.com/dp/B097Z5JRHC,B097Z5JRHC,Policy & Procedure System: A Demystification Guide,Scott Green,Kindle,"Jun 24, 2021",
0,https://www.amazon.com/dp/B096MQX934,B096MQX934,Rules Of Poverty: Practical way to get financing freedom and live a life of your dreams by following these simple rules,Himank Bodwal,Kindle,"Jun 3, 2021",
0,https://www.amazon.com/dp/B0986JV1RK,B0986JV1RK,"POTENT PRESENTATION POWERS: 7 PRACTICES OF SPEAKING, CONNECTING & SLIDE DEVELOPMENT TO CREATE PRESENTATIONS THAT POP AND STICK!",Kathan Teller,Kindle,"Jun 27, 2021",
2,https://www.amazon.com/dp/B0933MS321,B0933MS321,"Reimagining Digital Learning for Sustainable Development: How Upskilling, Data Analytics, and Educational Technologies Close the Skills Gap",Sheila Jagannathan,Kindle,"Jun 22, 2021",
1,https://www.amazon.com/dp/B096NGG2BQ,B096NGG2BQ,Ebook: Leadership Transition Coaching,Mary Devine,Kindle,"Jun 18, 2021",
5,https://www.amazon.com/dp/B0933HBNNL,B0933HBNNL,The Great Skills Gap: Optimizing Talent for the Future of Work,Jason Wingard,Kindle,"Jun 8, 2021",
5,https://www.amazon.com/dp/B095JF1HFZ,B095JF1HFZ,Public Speaking Laws of Success: For Everyone and Every Occasion,Richard J. Goossen,Kindle,"Jun 1, 2021",
3,https://www.amazon.com/dp/B0BRVGWJ5M,B0BRVGWJ5M,Management Development Training (ATD Workshop Series),Erica Nelson,Kindle,"Jun 1, 2021",
3,https://www.amazon.com/dp/B098FB4294,B098FB4294,Referology: Attracting Those Pivotal Referrals Who Become Your Dream Clients,Edwin Dearborn,Kindle,"Jun 30, 2021",
0,https://www.amazon.com/dp/B098F8D8QC,B098F8D8QC,The Affiliate marketing blueprints,veer kumar,Kindle,"Jun 30, 2021",
0,https://www.amazon.com/dp/B098DTSTC7,B098DTSTC7,Sales Secrets 2.0: Learn The Art & Science of Sales !,Dr. Abhishek Tiwari,Kindle,"Jun 30, 2021",
0,https://www.amazon.com/dp/B0CZP7PW1K,B0CZP7PW1K,Comparative Human Resource Management: Contextual Insights from an International Research Collaboration,Michael J. Morley,Kindle,"Jun 29, 2021",
0,https://www.amazon.com/dp/B098D6GFR7,B098D6GFR7,Mission Uncomfortable: How Nonprofits Can Embrace Purpose-Driven Marketing to Survive and Thrive,Stuart Swineford,Kindle,"Jun 29, 2021",
3,https://www.amazon.com/dp/B0989TGQQX,B0989TGQQX,50 Email Marketing Tips for Small Businesses: Email Marketing Basics,Britt Malka,Kindle,"Jun 29, 2021",
4,https://www.amazon.com/dp/B09882Z4SL,B09882Z4SL,"CREATE BETTER ADVERTISING: An original Madison Avenue Mad Man shares creative insights, tips and advice",Jay H. Heyman,Kindle,"Jun 28, 2021",
0,https://www.amazon.com/dp/B0985S2VCD,B0985S2VCD,Online Entrepreneur Motivation,Celine  Claire,Kindle,"Jun 27, 2021",
0,https://www.amazon.com/dp/B098329BJ6,B098329BJ6,Copywriting Secrets Revealed: Discover persuasive strategies for utilizing power words to encourage your reader to click.,Jonathon Norsworthy,Kindle,"Jun 27, 2021",
0,https://www.amazon.com/dp/B0981T9RWT,B0981T9RWT,Writing Ad Copy: A comprehensive guide to writing great ad copy,Njoku Caleb,Kindle,"Jun 26, 2021",
1,https://www.amazon.com/dp/B0982J9HXB,B0982J9HXB,The Video Economy I: Side Hustle or Career?,Mima Rafaela,Kindle,"Jun 26, 2021",
0,https://www.amazon.com/dp/B0982HVM39,B0982HVM39,"Fastest Money Makers: Creating an Extra Income Source via Amazon, Fiverr, AliExpress, and Teespring (Bundle)",Norman Franklin,Kindle,"Jun 26, 2021",
0,https://www.amazon.com/dp/B0981DZ1WX,B0981DZ1WX,Monetize your IG account and start making $500 a week minimum,Sam T,Kindle,"Jun 25, 2021",
0,https://www.amazon.com/dp/B097YCQN7J,B097YCQN7J,Digital Marketing For Coaches: Grow your Coaching Business with Digital Marketing,Sophia Karanja,Kindle,"Jun 24, 2021",
0,https://www.amazon.com/dp/B097RRHFQS,B097RRHFQS,Sell Online & Make Money,Anim Akhtar Ali Khan,Kindle,"Jun 22, 2021",
1,https://www.amazon.com/dp/B097QR2CG9,B097QR2CG9,Social Media Marketing Strategy: How to leverage Social Media for business,Brian Tidmore,Kindle,"Jun 22, 2021",
0,https://www.amazon.com/dp/B097LWSZ6R,B097LWSZ6R,How to Write Ads? I Have 10 Ways for You,Ildi Varga,Kindle,"Jun 19, 2021",
0,https://www.amazon.com/dp/B097LSRYFD,B097LSRYFD,Marketing Plan Guide,Kgadi Mmanakana,Kindle,"Jun 19, 2021",
0,https://www.amazon.com/dp/B097LQGHY7,B097LQGHY7,EBOOK LECTURE NOTE,Monisayo Komolafe,Kindle,"Jun 19, 2021",
2,https://www.amazon.com/dp/B0CXCYLPJH,B0CXCYLPJH,"Boosting a New West: Pacific Coast Expositions, 1905-1916",John C. Putman,Kindle,"Jun 18, 2021",
2,https://www.amazon.com/dp/B097KQM9SC,B097KQM9SC,Your Ultimate Offer: How I created a thriving business by doing less & getting focused,Matt Quirk,Kindle,"Jun 18, 2021",
0,https://www.amazon.com/dp/B097JBS4YZ,B097JBS4YZ,HIDDEN SECRETS TO CHEAP FACEBOOK ADS: A Guide That Reveals The Secret To Be Successful With FaceBook Ads…,Edward Mwakana,Kindle,"Jun 18, 2021",
0,https://www.amazon.com/dp/B097J51C46,B097J51C46,My Sturdy Book,AKERELE ABIODUN ABRAHAM,Kindle,"Jun 17, 2021",
0,https://www.amazon.com/dp/B097GSW986,B097GSW986,How to Nail Freelancing: A Fiverr Guide by Elliot Barker,Elliot Barker,Kindle,"Jun 17, 2021",
0,https://www.amazon.com/dp/B097F9VQSX,B097F9VQSX,Business Changers: 10 Truths for Turbo - Charging your Internet Business Profits,Steve Briant,Kindle,"Jun 16, 2021",
1,https://www.amazon.com/dp/B097F5XSFJ,B097F5XSFJ,32 Jackpot Marketing Secrets from History's Greatest & Craziest Persuaders!,David Lowenthal,Kindle,"Jun 16, 2021",
1,https://www.amazon.com/dp/B097F1ZB6T,B097F1ZB6T,How To Beat Overpriced Copywriters At Their Own Game: 13 ways to make Your Squeeze Pages Convert an Unbelievable Rates,Joseph Myoya,Kindle,"Jun 16, 2021",
0,https://www.amazon.com/dp/B097D7T616,B097D7T616,"Learners Guide for Rising Musicians/Creators : Startup learners guide with self knowlege, strategies, secrets and more !",Mula Migz,Kindle,"Jun 16, 2021",
0,https://www.amazon.com/dp/B097D1YL73,B097D1YL73,"Fastest Ways to Start a Side-Hustle: 4 Money Making Opportunities for 2021-2022. Clickbank, Dropshipping, Fiverr, and YouTube Marketing",Graham Gus,Kindle,"Jun 16, 2021",
0,https://www.amazon.com/dp/B092BHQWDF,B092BHQWDF,Digital Dawn in Adland: Transforming Australian Agencies (Routledge Studies in the History of Marketing),Robert Crawford,Kindle,"Jun 16, 2021",
0,https://www.amazon.com/dp/B097CNVC3G,B097CNVC3G,7 Surprisingly Simple Ways for A Contractor to Market on A Shoe-String Budget…,James Adams,Kindle,"Jun 15, 2021",
0,https://www.amazon.com/dp/B097BQ198W,B097BQ198W,"Point Blank: Extreme Close-Up of Celebrities, Corporates, Controversies & Concepts",Sandeep Goyal,Kindle,"Jun 15, 2021",
0,https://www.amazon.com/dp/B0979Z25NP,B0979Z25NP,The Little Book of Digital Marketing Secrets: Learn about Digital Marketing,Donna Ward,Kindle,"Jun 15, 2021",
1,https://www.amazon.com/dp/B0979YPC6K,B0979YPC6K,WHAT THE HECK YOU DOIN': 7 Mistakes To Avoid In Online Business,CHEETAH BEE,Kindle,"Jun 15, 2021",
0,https://www.amazon.com/dp/B0978Y49SG,B0978Y49SG,"100's Unique Marketing Strategies, Methods And Ideas: ... Marketing Strategies From Experts",Clinton Emscent,Kindle,"Jun 14, 2021",
0,https://www.amazon.com/dp/B0977CCXZP,B0977CCXZP,"200 Social Media Marketing Tips: 200 tricks & Strategies to Become an Expert and grow your your Business,professional mini guide for biginners.",ERIC  MED,Kindle,"Jun 13, 2021",
0,https://www.amazon.com/dp/B0976YH3NG,B0976YH3NG,Extra Income Secrets: 3 Easy Ways to Start Making Side-Income Working Through a Side-Hustle,David Charleston,Kindle,"Jun 13, 2021",
0,https://www.amazon.com/dp/B097511WCX,B097511WCX,Video Economy,sohev jamadar,Kindle,"Jun 11, 2021",
4,https://www.amazon.com/dp/B0973J94X3,B0973J94X3,The Secrets To Better Radio Ads For Small Businesses: A Short Guide That Brings BIG Results,Alec Garcia,Kindle,"Jun 10, 2021",
0,https://www.amazon.com/dp/B0972DNQPP,B0972DNQPP,The Brand Called Woman,Anthony Elikene,Kindle,"Jun 10, 2021",
0,https://www.amazon.com/dp/B0971N81G4,B0971N81G4,How to be a good seller on Amazon?,Marian Delisle,Kindle,"Jun 9, 2021",
1,https://www.amazon.com/dp/B09718W52L,B09718W52L,Clickbank Cash Success Secrets | 2021,Arowolo  Uthman,Kindle,"Jun 9, 2021",
0,https://www.amazon.com/dp/B096W1BYTS,B096W1BYTS,Modern Twitter Marketing,Carlina Huertas,Kindle,"Jun 7, 2021",
0,https://www.amazon.com/dp/B096TCL99N,B096TCL99N,#BRANDING University,Julianna  Voth,Kindle,"Jun 6, 2021",
0,https://www.amazon.com/dp/B096QC6N4T,B096QC6N4T,Love Your Life,Monowar Hosan,Kindle,"Jun 5, 2021",
2,https://www.amazon.com/dp/B096PJDW43,B096PJDW43,1007 Email Subject Lines That Bring Attention & Sells,Edcorner Learning,Kindle,"Jun 4, 2021",
0,https://www.amazon.com/dp/B096PBRQY7,B096PBRQY7,100 Tools for Startups and Entrepreneurs: 2022 Edition,Jonathan Goldberg,Kindle,"Jun 4, 2021",
0,https://www.amazon.com/dp/B096N96BGR,B096N96BGR,E-BOOK CREATION AND PUBLISHING AT YOUR TIP,FELIX AGILIGA Ben,Kindle,"Jun 4, 2021",
0,https://www.amazon.com/dp/B0B7P78TLN,B0B7P78TLN,You are going to buy this book.: Psychology tricks businesses use and how to spot them.,Giuliano Rossi,Kindle,"Jun 2, 2021",
0,https://www.amazon.com/dp/B096LK8PWW,B096LK8PWW,How To Blow On WhatsApp In 30 Days: Don't Just Chat. Let Me Teach You How To Blow!,Joshua Kuton,Kindle,"Jun 2, 2021",
0,https://www.amazon.com/dp/B096HVQNBT,B096HVQNBT,You Don’t Need a Product to Make Money Online: Three of the Best Ways to Make Money with Ecommerce Without Producing Your Own Private Label,Sandro Cavana,Kindle,"Jun 1, 2021",
2,https://www.amazon.com/dp/B096HKQ5HR,B096HKQ5HR,SECRET OF A SALES MAFIA: THE ULTIMATE GUIDE TO SELL MORE AND WIN MORE CUSTOMERS,JOSHUA RICHES,Kindle,"Jun 1, 2021",
0,https://www.amazon.com/dp/B096GSPYT2,B096GSPYT2,"Side-Businesses to Work-On Weekends: Making Extra Cash with Shopify, Fiverr, or YouTube Consulting",Sandro Cavana,Kindle,"Jun 1, 2021",
0,https://www.amazon.com/dp/B096FXWCTL,B096FXWCTL,Digital Marketing Strategy (Engagement Driven Initiative),Dewan  Singh,Kindle,"Jun 1, 2021",
0,https://www.amazon.com/dp/B096D8Q9CK,B096D8Q9CK,The Greatest Email Marketing & SEO Tactics: To Scale Your Business!,Ezra Ling,Kindle,"Jun 1, 2021",
0,https://www.amazon.com/dp/B097QYS7ZJ,B097QYS7ZJ,Panic Buying: Perspectives and Prevention (SpringerBriefs in Psychology),S.M. Yasir Arafat,Kindle,"Jun 22, 2021",
1,https://www.amazon.com/dp/B097QH34KC,B097QH34KC,How To Save Money On Groceries Now: A Super Easy Guide to Saving Money On Groceries,BB  Lee,Kindle,"Jun 22, 2021",
0,https://www.amazon.com/dp/B08Y8Q2T16,B08Y8Q2T16,Cross-Cultural Social Media Marketing: Bridging Across Cultural Differences (Emerald Points),Emi Moriuchi,Kindle,"Jun 22, 2021",
0,https://www.amazon.com/dp/B097LLHP9M,B097LLHP9M,SADLY MY NEW BUSINESS TEACHER MR CORONA IS A VIRUS: Unanticipated Shifts,David Mugun,Kindle,"Jun 19, 2021",
3,https://www.amazon.com/dp/B097GM1NF6,B097GM1NF6,Smart Mobility: Exploring Foundational Technologies and Wider Impacts,Alaa Khamis,Kindle,"Jun 17, 2021",
3,https://www.amazon.com/dp/B097F9YTPX,B097F9YTPX,Digital Transformation and Customer Experience: How to Succeed in The Digital Economy,Dr. Cajetan I. Mbama,Kindle,"Jun 16, 2021",
0,https://www.amazon.com/dp/B097CSCXK9,B097CSCXK9,HOW TO DEVELOP A WIN-WIN CUSTOMER BASE: Customer Winning Secrets,Isah Christian E.,Kindle,"Jun 15, 2021",
0,https://www.amazon.com/dp/B0923MTNYZ,B0923MTNYZ,"Sense of Place and Place Attachment in Tourism (Contemporary Geographies of Leisure, Tourism and Mobility)",Ning Chris Chen,Kindle,"Jun 3, 2021",
0,https://www.amazon.com/dp/B0924HBQ2H,B0924HBQ2H,Recommender Systems: Algorithms and Applications,P. Pavan Kumar,Kindle,"Jun 3, 2021",
