Total Reviews,Product Url,ASIN,Title,Author,Format,Publication Date,Publisher
0,https://www.amazon.com/dp/B08WWLPGF8,B08WWLPGF8,"Knowing Your Customers : The Accusation, Retainment and Winning Back of Customer.",Denezz Cochran,Paperback,"Feb 17, 2021",
0,https://www.amazon.com/dp/B08WJ8VYSN,B08WJ8VYSN,Online Impulse Buying and Cognitive Dissonance: Examining the Effect of Mood on Consumer Behaviour,Giovanni Mattia,Paperback,"Feb 12, 2021",Palgrave Macmillan
0,https://www.amazon.com/dp/B08W8XYB29,B08W8XYB29,Japanese-style Management and List Marketing Strategy: Why do more than 600 companies exist in Japan with a history longer than that of the United States?,Yoshikazu Ito,Kindle,"Feb 8, 2021","Buddy ＆ Growth Co., Ltd."
0,https://www.amazon.com/dp/B08W2KJBDF,B08W2KJBDF,Three Ways To Stand Out In Business: As A Kingdom Entrepreneur,Ashley Lee,Kindle,"Feb 4, 2021",
0,https://www.amazon.com/dp/B08VXGNNZS,B08VXGNNZS,KING OF BUSINESS: Mastery of Customer Relations Psychology,Abayomi Ajala,Paperback,"Feb 3, 2021",
0,https://www.amazon.com/dp/B006HU7GK4,B006HU7GK4,Retail Customer Service Fundamentals,Dianne Miethner,Kindle,"Dec 3, 2011",DMSRetail Inc.
0,https://www.amazon.com/dp/3030394875,3030394875,Engagement of Intercultural Project Customers: A Relational Model (Contributions to Management Science),Patrick Lückmann,Paperback,"Feb 28, 2021",Springer
0,https://www.amazon.com/dp/B08XR9K17K,B08XR9K17K,Beach house guest book: Guest name and experience register notebook for beach house and beach party | 8.25 x 6 in | 101 pages,Sitthiporn Siwaphorm,Paperback,"Feb 27, 2021",Independently published
0,https://www.amazon.com/dp/B08XR97LYR,B08XR97LYR,Beach house guest book: Guest name and experience register notebook for beach house and beach party | 8.25 x 6 in | 101 pages,Sitthiporn Siwaphorm,Paperback,"Feb 27, 2021",Independently published
0,https://www.amazon.com/dp/B08XLNTKB4,B08XLNTKB4,Beach house guest book: Guest name and experience register notebook for beach house and beach party | 8.25 x 6 in | 101 pages,Sitthiporn Siwaphorm,Paperback,"Feb 27, 2021",Independently published
0,https://www.amazon.com/dp/B08XLGJSRP,B08XLGJSRP,Beach house guest book: Guest name and experience register notebook for beach house and beach party | 8.25 x 6 in | 101 pages,Sitthiporn Siwaphorm,Paperback,"Feb 27, 2021",Independently published
0,https://www.amazon.com/dp/B08XLGFVTN,B08XLGFVTN,Accounts Book Self Employed: Accounting book | Income and expense log book | Business bookkeeping record book | Journal For Sole Trader | Large ... Gold Cover With 8.5x11 Inches,Brilliant Small Print Journals,Paperback,"Feb 27, 2021",Independently published
0,https://www.amazon.com/dp/B08XNDNRTP,B08XNDNRTP,"Appointment Book Undated: Appointment Diary, Undated. Schedule Reservations For Any Small Business.",Anachronistic,Paperback,"Feb 26, 2021",Independently published
0,https://www.amazon.com/dp/B08XNBYCVW,B08XNBYCVW,"Daily Appointment Book: Appointment Diary, Undated. Schedule Reservations For Any Small Business.",Anachronistic,Paperback,"Feb 26, 2021",Independently published
0,https://www.amazon.com/dp/B08XGSTMF6,B08XGSTMF6,"Notebook Big Ideas By Paisley Inside Here Personalized Name Lined Journal: A4, Over 100 Pages, Hourly, Hour, Work List, Stylish Paperback, 8.5 x 11 inch, 21.59 x 27.94 cm, Daily Journal, Business",Rheanna Rice,Paperback,"Feb 25, 2021",Independently published
0,https://www.amazon.com/dp/B08XFL3Q82,B08XFL3Q82,"Meeting Log Book: Secretary Notebook Journal, Meeting Logbook Organizer with Action Items, Pink Theme",BillYear Studio,Paperback,"Feb 23, 2021",Independently published
0,https://www.amazon.com/dp/065590686X,065590686X,Key Account Management A Complete Guide,Gerardus Blokdyk,Paperback,"Feb 23, 2021",5STARCooks
0,https://www.amazon.com/dp/1799868648,1799868648,"Insights, Innovation, and Analytics for Optimal Customer Engagement (Advances in Marketing, Customer Relationship Management, and E-services)",Samala Nagaraj,Paperback,"Feb 22, 2021",Business Science Reference
0,https://www.amazon.com/dp/B08X64NSDK,B08X64NSDK,My Business Order Log: Easy-To-Use Order Book - Customer Order Record Book - Home Based Business. Retail Store Or Online... order forms + stock log + order log,I Tech small business planner,Paperback,"Feb 20, 2021",Independently published
0,https://www.amazon.com/dp/B08WZL1WBY,B08WZL1WBY,"The Wax Lady Order Book: Daily Sales Log Book - Customer Order Tracker - 110 pages Wax melt, Warmers, wax burner, Burner order forms - Online businesses - Retail Store Or Online ….",I Tech small business planner,Paperback,"Feb 19, 2021",Independently published
0,https://www.amazon.com/dp/B08W8Y8CZQ,B08W8Y8CZQ,WOW Your Interviewer: How To Impress In A Work Interview And Increase Your Chances To Land Your Dream Job. What Are The Top Questions You Should Ask And What Questions To… Never Ask…,Alvaro Gutierrez,Kindle,"Feb 8, 2021",
0,https://www.amazon.com/dp/B08W2M49WR,B08W2M49WR,"The Grind: The essentials of interviewing, CV writing, researching a company or starting a business",Dwayne Lewis,Kindle,"Feb 4, 2021",Grace Maddison Media
0,https://www.amazon.com/dp/B08X5GPP56,B08X5GPP56,Plan Your Own Career: Planner For The Ambitious (Career Planners),Marylin Croft,Paperback,"Feb 19, 2021",Independently published
0,https://www.amazon.com/dp/B08WZLZ4YP,B08WZLZ4YP,Plan Your Own Career: Planner For The Ambitious (Career Planners),Marylin Croft,Paperback,"Feb 19, 2021",Independently published
0,https://www.amazon.com/dp/B08WZLZ4Y3,B08WZLZ4Y3,Plan Your Own Career: Planner For The Ambitious (Career Planners),Marylin Croft,Paperback,"Feb 19, 2021",Independently published
0,https://www.amazon.com/dp/B08WZFPRN7,B08WZFPRN7,Plan Your Own Career: Planner For The Ambitious (Career Planners),Marylin Croft,Paperback,"Feb 19, 2021",Independently published
0,https://www.amazon.com/dp/B08WZCVG55,B08WZCVG55,Plan Your Own Career: Planner For The Ambitious (Career Planners),Marylin Croft,Paperback,"Feb 19, 2021",Independently published
0,https://www.amazon.com/dp/B08WYG58CP,B08WYG58CP,Plan Your Own Career: Planner For The Ambitious (Career Planners),Marylin Croft,Paperback,"Feb 19, 2021",Independently published
0,https://www.amazon.com/dp/B08XXV25ZL,B08XXV25ZL,How can I become famous on Selfin?,Akin Nefesogullari,Paperback,"Feb 28, 2021",Independently published
0,https://www.amazon.com/dp/B08XX7QF6M,B08XX7QF6M,"You win if you want to win: Motivational Notebook, Journal, Diary (110 Pages,Blank, 6 x 9)",Dawid Gawenda,Paperback,"Feb 28, 2021",Independently published
0,https://www.amazon.com/dp/B08XVL4WR8,B08XVL4WR8,"Be Here Now Notebook: Journal Notebook Best Gift Idea For Girlfriend Or Boyfriend, For Friends, For Parents Or For Kids. I Paused My Game To Be Here Notebook.",Eugene Carew,Paperback,"Feb 28, 2021",Independently published
0,https://www.amazon.com/dp/B08XT9LX68,B08XT9LX68,"Be Here Now Notebook: Journal Notebook Best Gift Idea For Girlfriend Or Boyfriend, For Friends, For Parents Or For Kids. I Paused My Game To Be Here Notebook.",Eugene Carew,Paperback,"Feb 28, 2021",Independently published
0,https://www.amazon.com/dp/B08XT9L6Y5,B08XT9L6Y5,"Be Here Now Notebook: Journal Notebook Best Gift Idea For Girlfriend Or Boyfriend, For Friends, For Parents Or For Kids. I Paused My Game To Be Here Notebook.",Eugene Carew,Paperback,"Feb 28, 2021",Independently published
0,https://www.amazon.com/dp/B08XT9L6WX,B08XT9L6WX,"Be Here Now Notebook: Journal Notebook Best Gift Idea For Girlfriend Or Boyfriend, For Friends, For Parents Or For Kids. I Paused My Game To Be Here Notebook.",Eugene Carew,Paperback,"Feb 28, 2021",Independently published
0,https://www.amazon.com/dp/B08XT9L6WP,B08XT9L6WP,"Be Here Now Notebook: Journal Notebook Best Gift Idea For Girlfriend Or Boyfriend, For Friends, For Parents Or For Kids. I Paused My Game To Be Here Notebook.",Eugene Carew,Paperback,"Feb 28, 2021",Independently published
0,https://www.amazon.com/dp/B08XS9ZLBX,B08XS9ZLBX,"Small Business Log Book: 150 pages(8,5*11inche)Simple Sales Order Tracker Log book To Keep Track of Your Customer Purchase Order Forms for Small Online.",Team Online,Paperback,"Feb 28, 2021",Independently published
0,https://www.amazon.com/dp/B08XS7T4DX,B08XS7T4DX,Another f*cking Monday Just like last week: funny naughty notebook for adults,Lucas Mars,Paperback,"Feb 28, 2021",Independently published
0,https://www.amazon.com/dp/B08XS7GQP5,B08XS7GQP5,"Be Here Now Notebook: Journal Notebook Best Gift Idea For Girlfriend Or Boyfriend, For Friends, For Parents Or For Kids. I Paused My Game To Be Here Notebook.",Eugene Carew,Paperback,"Feb 28, 2021",Independently published
0,https://www.amazon.com/dp/B08XS7CDS9,B08XS7CDS9,"Be Here Now Notebook: Journal Notebook Best Gift Idea For Girlfriend Or Boyfriend, For Friends, For Parents Or For Kids. I Paused My Game To Be Here Notebook.",Eugene Carew,Paperback,"Feb 28, 2021",Independently published
0,https://www.amazon.com/dp/B08XS7CDPD,B08XS7CDPD,"Be Here Now Notebook: Journal Notebook Best Gift Idea For Girlfriend Or Boyfriend, For Friends, For Parents Or For Kids. I Paused My Game To Be Here Notebook.",Eugene Carew,Paperback,"Feb 28, 2021",Independently published
0,https://www.amazon.com/dp/B08XS7CCZX,B08XS7CCZX,"Goal Setting Planner: Goal Setting Planner Cute Owls Cover, A Daily Life Planner and Organizer to Hit Your Goals & Live Happier A Productivity Planner ... Notebook | 120 pages, Size 6"" x 9""",Corina Busch,Paperback,"Feb 28, 2021",Independently published
0,https://www.amazon.com/dp/B08XS5V9V8,B08XS5V9V8,"Weekly Premade Journal Template Standard Theme: Customize your journal and planner notebook to your style. Use Wachi tape to decorate page. Easily to ... (6""x9"") (Weekly Premade Journal and Planner)",Adisak Mapho,Paperback,"Feb 28, 2021",Independently published
0,https://www.amazon.com/dp/B08XS5V9PC,B08XS5V9PC,Daily planner,Daily things,Paperback,"Feb 28, 2021",Independently published
0,https://www.amazon.com/dp/B08XS57863,B08XS57863,BetterThanBanks: How To Get Access To 100k in 90 days,Brian Fuller Jr,Kindle,"Feb 28, 2021",
0,https://www.amazon.com/dp/B08XPRWW7R,B08XPRWW7R,Professional Communication In Business,CA Mohit Gulia,Kindle,"Feb 27, 2021",
0,https://www.amazon.com/dp/B08XNVRRPB,B08XNVRRPB,"THE PANDEMIC DIVIDE: The Pandemic Is Dividing The Economy In A ""K""-Shaped Recovery",Anthony  Johnson,Paperback,"Feb 26, 2021",
0,https://www.amazon.com/dp/B0D1874GV6,B0D1874GV6,"Humanistic Management and Sustainable Tourism: Human, Social and Environmental Challenges",Maria Della Lucia,Paperback,"Feb 25, 2021",Routledge
0,https://www.amazon.com/dp/B0CRSJJSH1,B0CRSJJSH1,Fair Management: How to Stop Ruling and Start Leading,Heinz Siebenbrock,Paperback,"Feb 25, 2021",Tectum Wissenschaftsverlag
0,https://www.amazon.com/dp/B08WZCD2LY,B08WZCD2LY,"Wax Lady Order Book: Daily Sales Log Book - 110 pages Wax melt, Warmers, Wax Burner, Wax Melt Burner, Burner order forms - Online businesses - Retail Store Or Online …. Pink Cover",I Tech small business planner,Paperback,"Feb 19, 2021",Independently published
0,https://www.amazon.com/dp/B08WYG57ZP,B08WYG57ZP,Accounts Book Self Employed: Small Business Accounts Book I A4 Journal For Sole Trader,Dani Mc Bzaczzan,Paperback,"Feb 19, 2021",Independently published
0,https://www.amazon.com/dp/B08WZMB319,B08WZMB319,"Knowing Your Customers: The Accusation, Retainment and Winning Back of Customer.",Denezz M. Cochran,Paperback,"Feb 18, 2021",Independently published
0,https://www.amazon.com/dp/B08WZ8XN1R,B08WZ8XN1R,"ORDER BOOK: Customer Order Log Book, Sales Order Log Keep Track of Your Customers Purchases, Customer Order Tracker, Purchase Order Organizer, ... Tracking Book, (Large) 8.5"" X 11""200 Pages.",Mariam Homeschooling,Paperback,"Feb 18, 2021",Independently published
0,https://www.amazon.com/dp/B08WYG54DT,B08WYG54DT,"ORDER BOOK: Customer Order Log Book, Sales Order Log Keep Track of Your Customers Purchases, Customer Order Tracker, Purchase Order Organizer, ... Tracking Book, (Large) 8.5"" X 11""200 Pages.",Mariam Homeschooling,Paperback,"Feb 18, 2021",Independently published
0,https://www.amazon.com/dp/7467044100,7467044100,"Client Record Book: 120 Customers Full Page, New And Improved Design, Alphabetical Order, Great Gift For All Small Business Owners, Abstract Cover",Milliie Zoes,Paperback,"Feb 16, 2021",Millie Zoes
0,https://www.amazon.com/dp/B08WV6H3X8,B08WV6H3X8,"Personalized Writing Notebook Journal for Zechariah Name Flowers Color Cover: To Do, A4, Passion, Budget, Journal, 21.59 x 27.94 cm, Over 110 Pages, 8.5 x 11 inch, Money, Journal",Shelley Castaneda,Paperback,"Feb 15, 2021",Independently published
0,https://www.amazon.com/dp/B08WV6H3V6,B08WV6H3V6,"Personalized Writing Notebook Journal for Zayd Name Flowers Color Cover: A4, To Do, 21.59 x 27.94 cm, Passion, Budget, Journal, 8.5 x 11 inch, Over 110 Pages, Money, Journal",Shelley Castaneda,Paperback,"Feb 15, 2021",Independently published
0,https://www.amazon.com/dp/B08WV6H3LJ,B08WV6H3LJ,"Personalized Writing Notebook Journal for Zachariah Name Flowers Color Cover: Over 110 Pages, Budget, 21.59 x 27.94 cm, Journal, 8.5 x 11 inch, Passion, Journal, A4, Money, To Do",Shelley Castaneda,Paperback,"Feb 15, 2021",Independently published
0,https://www.amazon.com/dp/B08WV6H3JH,B08WV6H3JH,"Personalized Writing Notebook Journal for Yosef Name Flowers Color Cover: Money, Passion, A4, To Do, Journal, 21.59 x 27.94 cm, Journal, Budget, 8.5 x 11 inch, Over 110 Pages",Shelley Castaneda,Paperback,"Feb 15, 2021",Independently published
0,https://www.amazon.com/dp/B08WV6H3GT,B08WV6H3GT,"Personalized Writing Notebook Journal for Yareli Name Flowers Color Cover: Journal, Passion, Budget, A4, 8.5 x 11 inch, To Do, 21.59 x 27.94 cm, Over 110 Pages, Journal, Money",Shelley Castaneda,Paperback,"Feb 15, 2021",Independently published
0,https://www.amazon.com/dp/B08WV6H3GC,B08WV6H3GC,"Personalized Writing Notebook Journal for Yahir Name Flowers Color Cover: Money, Passion, 8.5 x 11 inch, Journal, A4, To Do, Journal, Over 110 Pages, 21.59 x 27.94 cm, Budget",Shelley Castaneda,Paperback,"Feb 15, 2021",Independently published
0,https://www.amazon.com/dp/B08XS264TN,B08XS264TN,"Be Here Now Notebook: Journal Notebook Best Gift Idea For Girlfriend Or Boyfriend, For Friends, For Parents Or For Kids. I Paused My Game To Be Here Notebook.",Eugene Carew,Paperback,"Feb 28, 2021",Independently published
0,https://www.amazon.com/dp/B08XS1Z3VZ,B08XS1Z3VZ,"Be Here Now Notebook: Journal Notebook Best Gift Idea For Girlfriend Or Boyfriend, For Friends, For Parents Or For Kids. I Paused My Game To Be Here Notebook.",Eugene Carew,Paperback,"Feb 28, 2021",Independently published
0,https://www.amazon.com/dp/B08XRZGY3D,B08XRZGY3D,"Be Here Now Notebook: Journal Notebook Best Gift Idea For Girlfriend Or Boyfriend, For Friends, For Parents Or For Kids. I Paused My Game To Be Here Notebook.",Eugene Carew,Paperback,"Feb 28, 2021",Independently published
0,https://www.amazon.com/dp/B08XRZGXZV,B08XRZGXZV,"Be Here Now Notebook: Journal Notebook Best Gift Idea For Girlfriend Or Boyfriend, For Friends, For Parents Or For Kids. I Paused My Game To Be Here Notebook.",Eugene Carew,Paperback,"Feb 28, 2021",Independently published
0,https://www.amazon.com/dp/B08XRZGXZB,B08XRZGXZB,"Be Here Now Notebook: Journal Notebook Best Gift Idea For Girlfriend Or Boyfriend, For Friends, For Parents Or For Kids. I Paused My Game To Be Here Notebook.",Eugene Carew,Paperback,"Feb 28, 2021",Independently published
0,https://www.amazon.com/dp/B08XRXQ8JH,B08XRXQ8JH,"Be Here Now Notebook: Journal Notebook Best Gift Idea For Girlfriend Or Boyfriend, For Friends, For Parents Or For Kids. I Paused My Game To Be Here Notebook.",Eugene Carew,Paperback,"Feb 28, 2021",Independently published
0,https://www.amazon.com/dp/B08XRXQ8DB,B08XRXQ8DB,"Be Here Now Notebook: Journal Notebook Best Gift Idea For Girlfriend Or Boyfriend, For Friends, For Parents Or For Kids. I Paused My Game To Be Here Notebook.",Eugene Carew,Paperback,"Feb 28, 2021",Independently published
0,https://www.amazon.com/dp/B08XRXQ389,B08XRXQ389,"Be Here Now Notebook: Journal Notebook Best Gift Idea For Girlfriend Or Boyfriend, For Friends, For Parents Or For Kids. I Paused My Game To Be Here Notebook.",Eugene Carew,Paperback,"Feb 28, 2021",Independently published
0,https://www.amazon.com/dp/B08XRV8DQ3,B08XRV8DQ3,"Be Here Now Notebook: Journal Notebook Best Gift Idea For Girlfriend Or Boyfriend, For Friends, For Parents Or For Kids. I Paused My Game To Be Here Notebook.",Eugene Carew,Paperback,"Feb 28, 2021",Independently published
0,https://www.amazon.com/dp/B08XRV8DMV,B08XRV8DMV,"Be Here Now Notebook: Journal Notebook Best Gift Idea For Girlfriend Or Boyfriend, For Friends, For Parents Or For Kids. I Paused My Game To Be Here Notebook.",Eugene Carew,Paperback,"Feb 28, 2021",Independently published
0,https://www.amazon.com/dp/B08XR37ZMC,B08XR37ZMC,Coffee Journal,Melissa Subban,Paperback,"Feb 27, 2021",Independently published
0,https://www.amazon.com/dp/B08XR37ZJ4,B08XR37ZJ4,Billionaires Mindset Motivation Success: A very nice 120 page notebook journal in size 6 * 9 well suited for paperback lovers.,Tizian Motivational,Paperback,"Feb 27, 2021",Independently published
0,https://www.amazon.com/dp/B08XR37ZGR,B08XR37ZGR,"Systemically important, I don't have time: A very nice 120 page notebook journal in size 6 * 9 well suited for paperback lovers.",Tizian Motivational,Paperback,"Feb 27, 2021",Independently published
0,https://www.amazon.com/dp/B08XR1CJKF,B08XR1CJKF,"Every Minute Of Anger Prevents You From 60 Seconds Of Joy.: Weekly: Gratitude Journal Notebook for Women, Men, Teens to write in Empowering Affirmations with Prompts and Quotes.",Algrium Publishing,Paperback,"Feb 27, 2021",Independently published
0,https://www.amazon.com/dp/B08XR1CJ34,B08XR1CJ34,No time I'm systemically relevant: A very nice 120 page notebook journal in size 6 * 9 well suited for paperback lovers.,Tizian Motivational,Paperback,"Feb 27, 2021",Independently published
0,https://www.amazon.com/dp/B08XR1BW16,B08XR1BW16,"Goal Setting Planner: Premium Rabbits And Fox Cover Goal Setting Planner, Daily Goal Setting Planner Gratitude Journal Notebook Diary Log Book ... Focus ..., 120 pages, Size 6"" x 9""",Corina Busch,Paperback,"Feb 27, 2021",Independently published
0,https://www.amazon.com/dp/B08XN5VDD1,B08XN5VDD1,"PATH, A Guide to Blaze the Business Trail, Become a Corporate Citizen & Leave a Lasting Legacy",Gideon  Klogo,Kindle,"Feb 25, 2021",
0,https://www.amazon.com/dp/B08XMLLDWX,B08XMLLDWX,Thinking in Counterpoints and How it can Help You,Subhasis Ghosh,Kindle,"Feb 25, 2021",
0,https://www.amazon.com/dp/B08XMFSJST,B08XMFSJST,"The Impact of the Digital Consumer's Emotional Intelligence in Relation to the Moral Values Promoted in E-Business (Sustainable Management, Wertschöpfung und Effizienz)",Ioana Bucur-Teodorescu,Paperback,"Feb 25, 2021",Springer Gabler
0,https://www.amazon.com/dp/B08WT41CC2,B08WT41CC2,Teaching International Business: Ethics and Corporate Social Responsibility,Erdener Kaynak,Paperback,"Feb 25, 2021",Routledge
0,https://www.amazon.com/dp/B08WPVMXSL,B08WPVMXSL,Time Management Success: Be in control of your time and increase your productivity. (Mindset for success Book 10),Edward Jones,Kindle,"Feb 24, 2021",
0,https://www.amazon.com/dp/B08XLRL52C,B08XLRL52C,How to become an expert of world class,Akomoge  G.,Kindle,"Feb 24, 2021",
0,https://www.amazon.com/dp/B08XJPLJWF,B08XJPLJWF,"Global Challenges to CSR and Sustainable Development: Root Causes and Evidence from Case Studies (CSR, Sustainability, Ethics & Governance)",Stephen Vertigans,Paperback,"Feb 24, 2021",Springer
0,https://www.amazon.com/dp/B08XJJCVZD,B08XJJCVZD,Affiliate Marketing A to Z,Abdul aziz Shaikh,Kindle,"Feb 24, 2021",
0,https://www.amazon.com/dp/B08WV6H3F2,B08WV6H3F2,"Personalized Writing Notebook Journal for Xzavier Name Flowers Color Cover: 8.5 x 11 inch, Over 110 Pages, Journal, Passion, Journal, Money, Budget, 21.59 x 27.94 cm, A4, To Do",Shelley Castaneda,Paperback,"Feb 15, 2021",Independently published
0,https://www.amazon.com/dp/B08WV6H36K,B08WV6H36K,"Personalized Writing Notebook Journal for Weston Name Flowers Color Cover: Passion, Money, 21.59 x 27.94 cm, Over 110 Pages, To Do, Journal, Journal, 8.5 x 11 inch, A4, Budget",Shelley Castaneda,Paperback,"Feb 15, 2021",Independently published
0,https://www.amazon.com/dp/B08WV58GKP,B08WV58GKP,"Personalized Writing Notebook Journal for Zaniyah Name Flowers Color Cover: 21.59 x 27.94 cm, A4, Money, To Do, Passion, Budget, Over 110 Pages, 8.5 x 11 inch, Journal, Journal",Shelley Castaneda,Paperback,"Feb 15, 2021",Independently published
0,https://www.amazon.com/dp/B08WV58GH3,B08WV58GH3,"Personalized Writing Notebook Journal for Zain Name Flowers Color Cover: 21.59 x 27.94 cm, Budget, 8.5 x 11 inch, Passion, Money, Journal, A4, To Do, Journal, Over 110 Pages",Shelley Castaneda,Paperback,"Feb 15, 2021",Independently published
0,https://www.amazon.com/dp/B08WV58GB5,B08WV58GB5,"Personalized Writing Notebook Journal for Yaritza Name Flowers Color Cover: 8.5 x 11 inch, Journal, Money, Budget, Passion, Journal, 21.59 x 27.94 cm, Over 110 Pages, A4, To Do",Shelley Castaneda,Paperback,"Feb 15, 2021",Independently published
0,https://www.amazon.com/dp/B08WV58G4W,B08WV58G4W,"Personalized Writing Notebook Journal for Winston Name Flowers Color Cover: 21.59 x 27.94 cm, Budget, Journal, Passion, A4, Over 110 Pages, 8.5 x 11 inch, Journal, To Do, Money",Shelley Castaneda,Paperback,"Feb 15, 2021",Independently published
0,https://www.amazon.com/dp/B08WV58G1V,B08WV58G1V,"Personalized Writing Notebook Journal for Whitney Name Flowers Color Cover: Journal, Over 110 Pages, 21.59 x 27.94 cm, 8.5 x 11 inch, Passion, A4, Budget, Money, Journal, To Do",Shelley Castaneda,Paperback,"Feb 15, 2021",Independently published
0,https://www.amazon.com/dp/B08WV4WQ79,B08WV4WQ79,"Personalized Writing Notebook Journal for Yusuf Name Flowers Color Cover: 8.5 x 11 inch, Passion, 21.59 x 27.94 cm, A4, Journal, Over 110 Pages, Journal, Money, Budget, To Do",Shelley Castaneda,Paperback,"Feb 15, 2021",Independently published
0,https://www.amazon.com/dp/B08WV4WQ68,B08WV4WQ68,"Personalized Writing Notebook Journal for Yousef Name Flowers Color Cover: Journal, Over 110 Pages, A4, Money, To Do, Budget, 21.59 x 27.94 cm, Journal, Passion, 8.5 x 11 inch",Shelley Castaneda,Paperback,"Feb 15, 2021",Independently published
0,https://www.amazon.com/dp/B08WV4WQ1X,B08WV4WQ1X,"Personalized Writing Notebook Journal for Xander Name Flowers Color Cover: Money, 21.59 x 27.94 cm, Budget, Over 110 Pages, A4, 8.5 x 11 inch, Passion, Journal, To Do, Journal",Shelley Castaneda,Paperback,"Feb 15, 2021",Independently published
0,https://www.amazon.com/dp/B08WV4WPSR,B08WV4WPSR,"Personalized Writing Notebook Journal for Waylon Name Flowers Color Cover: To Do, 21.59 x 27.94 cm, A4, Journal, Passion, Over 110 Pages, 8.5 x 11 inch, Money, Budget, Journal",Shelley Castaneda,Paperback,"Feb 15, 2021",Independently published
0,https://www.amazon.com/dp/B08WV4TN6X,B08WV4TN6X,"Personalized Writing Notebook Journal for Winter Name Flowers Color Cover: Budget, 8.5 x 11 inch, A4, Money, Passion, Journal, Over 110 Pages, Journal, 21.59 x 27.94 cm, To Do",Shelley Castaneda,Paperback,"Feb 15, 2021",Independently published
0,https://www.amazon.com/dp/B08WV4TN3N,B08WV4TN3N,"Personalized Writing Notebook Journal for Will Name Flowers Color Cover: 21.59 x 27.94 cm, Money, To Do, A4, Over 110 Pages, Passion, Journal, Journal, 8.5 x 11 inch, Budget",Shelley Castaneda,Paperback,"Feb 15, 2021",Independently published
0,https://www.amazon.com/dp/B08WV4TN2L,B08WV4TN2L,"Personalized Writing Notebook Journal for Westley Name Flowers Color Cover: Journal, Journal, Money, A4, Over 110 Pages, Budget, Passion, 21.59 x 27.94 cm, To Do, 8.5 x 11 inch",Shelley Castaneda,Paperback,"Feb 15, 2021",Independently published
0,https://www.amazon.com/dp/B08WV36W8M,B08WV36W8M,"Personalized Writing Notebook Journal for Zyon Name Flowers Color Cover: Money, Budget, To Do, 8.5 x 11 inch, Journal, 21.59 x 27.94 cm, A4, Passion, Over 110 Pages, Journal",Shelley Castaneda,Paperback,"Feb 15, 2021",Independently published
0,https://www.amazon.com/dp/B08WV27PYX,B08WV27PYX,"Personalized Writing Notebook Journal for Zariah Name Flowers Color Cover: A4, 21.59 x 27.94 cm, 8.5 x 11 inch, Over 110 Pages, To Do, Journal, Budget, Passion, Money, Journal",Shelley Castaneda,Paperback,"Feb 15, 2021",Independently published
0,https://www.amazon.com/dp/B08XS1Z5MQ,B08XS1Z5MQ,"Happy Mother's Day. You May Have Failed Miserably With My Sister, But At Least You Got It Spot On With Me: Funny Mother's Day Gift: Rude Navy Blue ... Notebook), sized at 8.5"" x 11"" & 120 pages.",Don HK,Paperback,"Feb 28, 2021",Independently published
0,https://www.amazon.com/dp/B08XNBYG17,B08XNBYG17,Motivational Hustle every waking hour Motivation: A very nice 120 page notebook journal in size 6 * 9 well suited for paperback lovers.,Tizian Motivational,Paperback,"Feb 27, 2021",Independently published
0,https://www.amazon.com/dp/B08XNBYFZT,B08XNBYFZT,Challenges are Changes are Chances Motivation: A very nice 120 page notebook journal in size 6 * 9 well suited for paperback lovers.,Tizian Motivational,Paperback,"Feb 27, 2021",Independently published
0,https://www.amazon.com/dp/B08XN7J3BN,B08XN7J3BN,Motivational Work every waking hour Motivation: A very nice 120 page notebook journal in size 6 * 9 well suited for paperback lovers.,Tizian Motivational,Paperback,"Feb 27, 2021",Independently published
0,https://www.amazon.com/dp/B08XN7J2LC,B08XN7J2LC,"Goal Setting Planner: Goal Setting Planner Butterflies Cover, A Daily Life Planner and Organizer to Hit Your Goals & Live Happier A Productivity ... Notebook | 120 pages, Size 6"" x 9""",Corina Busch,Paperback,"Feb 27, 2021",Independently published
0,https://www.amazon.com/dp/B08XLNTLNP,B08XLNTLNP,"Everything Happens For A Reason.: Weekly: Gratitude Journal Notebook for Women, Men, Teens to write in Empowering Affirmations with Prompts and Quotes.",Algrium Publishing,Paperback,"Feb 27, 2021",Independently published
0,https://www.amazon.com/dp/B08XLNTKM4,B08XLNTKM4,Office Notebook: Activities in office required a professional records. The most effective way to do this is by having an Office Notebook. For accurate records of office activities.,cluedomstore,Paperback,"Feb 27, 2021",Independently published
0,https://www.amazon.com/dp/B08XLNTKKW,B08XLNTKKW,Huge Sales: A Notebook to keep records of daily sales. This is an encouragement to push for a massive sales in our business this year. Huge Sales Notebook is to keep reminding you of your goals.,Cluedomstore,Paperback,"Feb 27, 2021",Independently published
0,https://www.amazon.com/dp/B08XLLF4VR,B08XLLF4VR,Live on Interest Fire Winner Motivation: A very nice 120 page notebook journal in size 6 * 9 well suited for paperback lovers.,Tizian Motivational,Paperback,"Feb 27, 2021",Independently published
0,https://www.amazon.com/dp/B08XLLF4V9,B08XLLF4V9,Challenges are Changes and Changes are Chances: A very nice 120 page notebook journal in size 6 * 9 well suited for paperback lovers.,Tizian Motivational,Paperback,"Feb 27, 2021",Independently published
0,https://www.amazon.com/dp/B08XLLF4S2,B08XLLF4S2,No Men No Cry Womens Day: A very nice 120 page notebook journal in size 6 * 9 well suited for paperback lovers.,Tizian Motivational,Paperback,"Feb 27, 2021",Independently published
0,https://www.amazon.com/dp/B08XLGJSFC,B08XLGJSFC,"Goal Setting Planner: Goal Setting Planner Leafs Cover, A Daily Life Planner and Organizer to Hit Your Goals & Live Happier A Productivity Planner and Motivational Notebook | 120 pages, Size 6"" x 9""",Corina Busch,Paperback,"Feb 27, 2021",Independently published
0,https://www.amazon.com/dp/B08XLGGHRM,B08XLGGHRM,"1.Don't Forget To Smile: Motivational Blank Notebook for Writing , Drawing, Sketching and Making Notes, Journal, Diary.",Asia Jo Publishing,Paperback,"Feb 27, 2021",Independently published
0,https://www.amazon.com/dp/B08XLGFVNX,B08XLGFVNX,Motivated by Myself Motivation: A very nice 120 page notebook journal in size 6 * 9 well suited for paperback lovers.,Tizian Motivational,Paperback,"Feb 27, 2021",Independently published
0,https://www.amazon.com/dp/B08XL7Z2F4,B08XL7Z2F4,Capitalist bank interest is a joke: A very nice 120 page notebook journal in size 6 * 9 well suited for paperback lovers.,Tizian Motivational,Paperback,"Feb 27, 2021",Independently published
0,https://www.amazon.com/dp/B08XKC93TB,B08XKC93TB,Strong Women Strong World: A very nice 120 page notebook journal in size 6 * 9 well suited for paperback lovers.,Tizian Motivational,Paperback,"Feb 27, 2021",Independently published
0,https://www.amazon.com/dp/B0GWDFSVDZ,B0GWDFSVDZ,Building a Company That's Worth Buying: How to Scale Your Business & Prepare for a Profitable Exit,Richard Evans,Paperback,"Apr 6, 2026",Independently published
0,https://www.amazon.com/dp/B08ZS2SGWB,B08ZS2SGWB,Spurious Economy for All,Claudio Pardo Molina,Kindle,"Feb 23, 2021",Babelcube Inc.
0,https://www.amazon.com/dp/B08XC7P9G5,B08XC7P9G5,It’s In You!: Unlocking the secrets of becoming a Millionaire from nothing.,Michael  Oyagha,Kindle,"Feb 23, 2021",
0,https://www.amazon.com/dp/B08XC55RZX,B08XC55RZX,Tear Your Certificate: …rising above institutional validation to becoming an entrepreneur!,Michael  Oyagha,Kindle,"Feb 23, 2021",
0,https://www.amazon.com/dp/B08XB42CK9,B08XB42CK9,"CSR and Codes of Business Ethics in the USA, Austria (EU) and China and their Enforcement in International Supply Chain Arbitrations",Adolf Peter,Paperback,"Feb 23, 2021",Springer
0,https://www.amazon.com/dp/B08WV25WTT,B08WV25WTT,"Personalized Writing Notebook Journal for Zora Name Flowers Color Cover: 21.59 x 27.94 cm, Over 110 Pages, Passion, 8.5 x 11 inch, A4, Budget, Money, Journal, Journal, To Do",Shelley Castaneda,Paperback,"Feb 15, 2021",Independently published
0,https://www.amazon.com/dp/B08WV25WQV,B08WV25WQV,"Personalized Writing Notebook Journal for Zelda Name Flowers Color Cover: Passion, 8.5 x 11 inch, Money, To Do, Over 110 Pages, Budget, Journal, 21.59 x 27.94 cm, A4, Journal",Shelley Castaneda,Paperback,"Feb 15, 2021",Independently published
0,https://www.amazon.com/dp/B08WV25WJT,B08WV25WJT,"Personalized Writing Notebook Journal for Zara Name Flowers Color Cover: Journal, A4, 8.5 x 11 inch, Journal, Passion, Budget, Money, To Do, 21.59 x 27.94 cm, Over 110 Pages",Shelley Castaneda,Paperback,"Feb 15, 2021",Independently published
0,https://www.amazon.com/dp/B08WV25W92,B08WV25W92,"Personalized Writing Notebook Journal for Yehuda Name Flowers Color Cover: 21.59 x 27.94 cm, Budget, A4, Money, To Do, Journal, Passion, Over 110 Pages, Journal, 8.5 x 11 inch",Shelley Castaneda,Paperback,"Feb 15, 2021",Independently published
0,https://www.amazon.com/dp/B08WV25W7F,B08WV25W7F,"Personalized Writing Notebook Journal for Yahya Name Flowers Color Cover: A4, 8.5 x 11 inch, Passion, Journal, To Do, Money, 21.59 x 27.94 cm, Budget, Over 110 Pages, Journal",Shelley Castaneda,Paperback,"Feb 15, 2021",Independently published
0,https://www.amazon.com/dp/B08WV25W5X,B08WV25W5X,"Personalized Writing Notebook Journal for Ximena Name Flowers Color Cover: To Do, Journal, Journal, Money, 21.59 x 27.94 cm, A4, Passion, Budget, 8.5 x 11 inch, Over 110 Pages",Shelley Castaneda,Paperback,"Feb 15, 2021",Independently published
0,https://www.amazon.com/dp/B08WV25W16,B08WV25W16,"Personalized Writing Notebook Journal for Willa Name Flowers Color Cover: Passion, Budget, Money, 21.59 x 27.94 cm, Journal, A4, Over 110 Pages, Journal, To Do, 8.5 x 11 inch",Shelley Castaneda,Paperback,"Feb 15, 2021",Independently published
0,https://www.amazon.com/dp/B08WV25VWT,B08WV25VWT,"Personalized Writing Notebook Journal for Waverly Name Flowers Color Cover: Money, Over 110 Pages, 21.59 x 27.94 cm, To Do, Journal, Journal, A4, Budget, Passion, 8.5 x 11 inch",Shelley Castaneda,Paperback,"Feb 15, 2021",Independently published
0,https://www.amazon.com/dp/B08WTZZPJC,B08WTZZPJC,"Personalized Writing Notebook Journal for Zoey Name Flowers Color Cover: To Do, A4, Money, 8.5 x 11 inch, Over 110 Pages, Journal, Journal, Passion, Budget, 21.59 x 27.94 cm",Shelley Castaneda,Paperback,"Feb 15, 2021",Independently published
0,https://www.amazon.com/dp/B08WTZZP7J,B08WTZZP7J,"Personalized Writing Notebook Journal for Zainab Name Flowers Color Cover: 8.5 x 11 inch, Money, 21.59 x 27.94 cm, To Do, Over 110 Pages, Journal, Passion, Budget, Journal, A4",Shelley Castaneda,Paperback,"Feb 15, 2021",Independently published
0,https://www.amazon.com/dp/B08WTZZP6M,B08WTZZP6M,"Personalized Writing Notebook Journal for Zaire Name Flowers Color Cover: Journal, Money, A4, Journal, Passion, Budget, 8.5 x 11 inch, 21.59 x 27.94 cm, To Do, Over 110 Pages",Shelley Castaneda,Paperback,"Feb 15, 2021",Independently published
0,https://www.amazon.com/dp/B08WTZZP69,B08WTZZP69,"Personalized Writing Notebook Journal for Zaiden Name Flowers Color Cover: Journal, Passion, 8.5 x 11 inch, Journal, To Do, Money, A4, 21.59 x 27.94 cm, Budget, Over 110 Pages",Shelley Castaneda,Paperback,"Feb 15, 2021",Independently published
0,https://www.amazon.com/dp/B08WTZZNY8,B08WTZZNY8,"Personalized Writing Notebook Journal for Yadiel Name Flowers Color Cover: Passion, Journal, 21.59 x 27.94 cm, Journal, To Do, Budget, A4, 8.5 x 11 inch, Money, Over 110 Pages",Shelley Castaneda,Paperback,"Feb 15, 2021",Independently published
0,https://www.amazon.com/dp/B08WTZZNMH,B08WTZZNMH,"Personalized Writing Notebook Journal for Warren Name Flowers Color Cover: To Do, Money, Budget, Journal, A4, Passion, Over 110 Pages, Journal, 21.59 x 27.94 cm, 8.5 x 11 inch",Shelley Castaneda,Paperback,"Feb 15, 2021",Independently published
0,https://www.amazon.com/dp/B08WTZR9NH,B08WTZR9NH,"Personalized Writing Notebook Journal for Zuri Name Flowers Color Cover: Journal, A4, Passion, Money, Budget, To Do, Journal, Over 110 Pages, 21.59 x 27.94 cm, 8.5 x 11 inch",Shelley Castaneda,Paperback,"Feb 15, 2021",Independently published
0,https://www.amazon.com/dp/B08WTZR9G8,B08WTZR9G8,"Personalized Writing Notebook Journal for Zayden Name Flowers Color Cover: Money, A4, Journal, Passion, 21.59 x 27.94 cm, Budget, 8.5 x 11 inch, Over 110 Pages, Journal, To Do",Shelley Castaneda,Paperback,"Feb 15, 2021",Independently published
0,https://www.amazon.com/dp/B08YGLPK2J,B08YGLPK2J,Woodcarving Illustrated Issue 56 Fall 2011 (Woodcarving Illustrated Magazine),Editors of Woodcarving Illustrated,Kindle,"Feb 28, 2021",Fox Chapel Publishing
0,https://www.amazon.com/dp/B0FSQMGGPC,B0FSQMGGPC,¿Embargo o bloqueo? La instrumentación de un crimen contra Cuba (Spanish Edition),Rodolfo D. Dávalos Fernández,Kindle,"Feb 28, 2021",RUTH Casa Editorial
0,https://www.amazon.com/dp/B08XNVDFX5,B08XNVDFX5,Accounts Book Self Employed: Accounting book | Income and expense log book | Business bookkeeping record book | Journal For Sole Trader | Large ... Pink Cover With 8.5x11 Inches,Brilliant Small Print Journals,Paperback,"Feb 26, 2021",Independently published
0,https://www.amazon.com/dp/B08XLJ913K,B08XLJ913K,"ESSENTIAL DAILY PLANNER: MINIMALIST DATELESS/UNDATED HOURLY PLANNER, DAY PER PAGE - 365 DAYS IN ONE NOTEBOOK (Notebooks, Planners, Diaries)",NOTEBOOKER SERIES,Paperback,"Feb 26, 2021",Independently published
0,https://www.amazon.com/dp/B08XL9QZBC,B08XL9QZBC,"I Can & I Will - I Will Never Give Up!: Notebook to Write In for Men and Women All Ages , Motivational Inspirational Journal , Lined Paper ...",M.M Grateful,Paperback,"Feb 26, 2021",Independently published
0,https://www.amazon.com/dp/B08XL9QHT8,B08XL9QHT8,"Employee of the Month [Since March 2020]: Funny Small Journal, Plain Notebook, College Ruled, Blank Lined Composition Book",My Simple Press,Paperback,"Feb 26, 2021",Independently published
0,https://www.amazon.com/dp/B08XL7ZJG9,B08XL7ZJG9,"NOTEBOOK - Pink Cover: Lined Notebook, Journal, Diary (100 Pages, 6 x 9)",Design Studio,Paperback,"Feb 26, 2021",Independently published
0,https://www.amazon.com/dp/B08XL7ZHV1,B08XL7ZHV1,"Fire Alarm Testing Log Book: Fire Inspection And Testing Log | Health And Safety Compliance Record Book Checklist Test Tracker | For Businesses, Schools and Landlords",PB Brown,Paperback,"Feb 26, 2021",Independently published
0,https://www.amazon.com/dp/9354622860,9354622860,The art of war,Sun Tzu,Paperback,"Feb 26, 2021",True Sign Publishing House
0,https://www.amazon.com/dp/3658329645,3658329645,"The Impact of the Digital Consumer's Emotional Intelligence in Relation to the Moral Values Promoted in E-Business (Sustainable Management, Wertschöpfung und Effizienz)",Ioana Bucur-Teodorescu,Paperback,"Feb 26, 2021",Springer Gabler
0,https://www.amazon.com/dp/3030378128,3030378128,Responsible Research for Better Business: Creating Useful and Credible Knowledge for Business and Society (Palgrave Studies in Sustainable Business In Association with Future Earth),László Zsolnai,Paperback,"Feb 26, 2021",Palgrave Macmillan
0,https://www.amazon.com/dp/B08NFMNBFG,B08NFMNBFG,THE STORM: We gonna face it (THE THINK ABOUT THEORY Book 2),Ray Hermann Angossio Liwa,Kindle,"Feb 23, 2021",Futurists Society
0,https://www.amazon.com/dp/B08X6VGX4R,B08X6VGX4R,"365 REFLECTIONS: A year to grow and learn, with the collaboration of 17 brave people",Christian Korwan,Paperback,"Feb 22, 2021",
0,https://www.amazon.com/dp/B08X4V75DY,B08X4V75DY,"Motivate: A Guide to Creating Team Member Motivation, Enhanced Job Performance, and Employee Satisfaction, Using the Motivating Dynamic in Humankind",John Correll,Paperback,"Feb 21, 2021",Fulfillment Press
0,https://www.amazon.com/dp/B08X3ZJKNS,B08X3ZJKNS,Do you want to change your life?,Ibel  Perez,Kindle,"Feb 21, 2021",
0,https://www.amazon.com/dp/B08NDFRC1L,B08NDFRC1L,"Once Too Scared to Speak, Now I Won’t Shut Up: A 7-Step Guide to Delivering Great Speeches",Nwanyibuife Adaeze Ugwoeje,Paperback,"Feb 21, 2021",
0,https://www.amazon.com/dp/B08X3TYXYV,B08X3TYXYV,How To Retire In Five Year Online: Working From Home Online,Santosh Mali,Kindle,"Feb 20, 2021",
0,https://www.amazon.com/dp/B08X3SYTNS,B08X3SYTNS,Private life of Management (Articles and Reviews Book 2),Muhammad Zeeshan Ali,Paperback,"Feb 20, 2021",OGMC Publications
0,https://www.amazon.com/dp/B08WTZR9CX,B08WTZR9CX,"Personalized Writing Notebook Journal for Zaria Name Flowers Color Cover: 21.59 x 27.94 cm, Passion, Journal, Journal, Budget, Money, A4, 8.5 x 11 inch, Over 110 Pages, To Do",Shelley Castaneda,Paperback,"Feb 15, 2021",Independently published
0,https://www.amazon.com/dp/B08WTYL629,B08WTYL629,"Personalized Writing Notebook Journal for Whitley Name Flowers Color Cover: To Do, Journal, Budget, A4, 21.59 x 27.94 cm, Over 110 Pages, Journal, 8.5 x 11 inch, Money, Passion",Shelley Castaneda,Paperback,"Feb 15, 2021",Independently published
0,https://www.amazon.com/dp/B08WTWVTSP,B08WTWVTSP,"Personalized Writing Notebook Journal for Zoe Name Flowers Color Cover: Passion, 8.5 x 11 inch, Journal, Money, Over 110 Pages, Budget, Journal, 21.59 x 27.94 cm, A4, To Do",Shelley Castaneda,Paperback,"Feb 15, 2021",Independently published
0,https://www.amazon.com/dp/B08WTWVTMN,B08WTWVTMN,"Personalized Writing Notebook Journal for Zavier Name Flowers Color Cover: 21.59 x 27.94 cm, A4, Money, Over 110 Pages, 8.5 x 11 inch, Passion, To Do, Journal, Journal, Budget",Shelley Castaneda,Paperback,"Feb 15, 2021",Independently published
0,https://www.amazon.com/dp/B08WTWVTM9,B08WTWVTM9,"Personalized Writing Notebook Journal for Zariyah Name Flowers Color Cover: Over 110 Pages, 21.59 x 27.94 cm, A4, Passion, Journal, Budget, Money, 8.5 x 11 inch, Journal, To Do",Shelley Castaneda,Paperback,"Feb 15, 2021",Independently published
0,https://www.amazon.com/dp/B08WTWVTKP,B08WTWVTKP,"Personalized Writing Notebook Journal for Zane Name Flowers Color Cover: Over 110 Pages, Passion, 8.5 x 11 inch, Journal, Budget, 21.59 x 27.94 cm, Money, Journal, A4, To Do",Shelley Castaneda,Paperback,"Feb 15, 2021",Independently published
0,https://www.amazon.com/dp/B08WTWVTB6,B08WTWVTB6,"Personalized Writing Notebook Journal for Yaretzi Name Flowers Color Cover: Budget, To Do, Passion, 8.5 x 11 inch, Over 110 Pages, Money, Journal, Journal, A4, 21.59 x 27.94 cm",Shelley Castaneda,Paperback,"Feb 15, 2021",Independently published
0,https://www.amazon.com/dp/B08WTWVT6J,B08WTWVT6J,"Personalized Writing Notebook Journal for Wyatt Name Flowers Color Cover: Journal, To Do, Journal, A4, 8.5 x 11 inch, Money, Budget, Passion, Over 110 Pages, 21.59 x 27.94 cm",Shelley Castaneda,Paperback,"Feb 15, 2021",Independently published
0,https://www.amazon.com/dp/B08WTWVT54,B08WTWVT54,"Personalized Writing Notebook Journal for Wilson Name Flowers Color Cover: Journal, Journal, 8.5 x 11 inch, 21.59 x 27.94 cm, Budget, Money, Over 110 Pages, To Do, A4, Passion",Shelley Castaneda,Paperback,"Feb 15, 2021",Independently published
0,https://www.amazon.com/dp/B08WTWVT2J,B08WTWVT2J,"Personalized Writing Notebook Journal for Wilder Name Flowers Color Cover: A4, Over 110 Pages, Budget, 21.59 x 27.94 cm, Passion, To Do, Journal, Money, 8.5 x 11 inch, Journal",Shelley Castaneda,Paperback,"Feb 15, 2021",Independently published
0,https://www.amazon.com/dp/B08WTWBRZX,B08WTWBRZX,"Personalized Writing Notebook Journal for Zeke Name Flowers Color Cover: Passion, 8.5 x 11 inch, To Do, Journal, Over 110 Pages, Journal, 21.59 x 27.94 cm, A4, Budget, Money",Shelley Castaneda,Paperback,"Feb 15, 2021",Independently published
0,https://www.amazon.com/dp/B08WTWBRKC,B08WTWBRKC,"Personalized Writing Notebook Journal for Yara Name Flowers Color Cover: 21.59 x 27.94 cm, Journal, Budget, 8.5 x 11 inch, To Do, A4, Journal, Passion, Money, Over 110 Pages",Shelley Castaneda,Paperback,"Feb 15, 2021",Independently published
0,https://www.amazon.com/dp/B08WTWBRDY,B08WTWBRDY,"Personalized Writing Notebook Journal for Wren Name Flowers Color Cover: 8.5 x 11 inch, Money, A4, To Do, Journal, 21.59 x 27.94 cm, Journal, Passion, Over 110 Pages, Budget",Shelley Castaneda,Paperback,"Feb 15, 2021",Independently published
0,https://www.amazon.com/dp/B08WTWBRCD,B08WTWBRCD,"Personalized Writing Notebook Journal for William Name Flowers Color Cover: Over 110 Pages, Passion, 8.5 x 11 inch, To Do, Money, Journal, Journal, A4, Budget, 21.59 x 27.94 cm",Shelley Castaneda,Paperback,"Feb 15, 2021",Independently published
0,https://www.amazon.com/dp/B08WTW6BBH,B08WTW6BBH,"Personalized Writing Notebook Journal for Zyaire Name Flowers Color Cover: 8.5 x 11 inch, To Do, A4, 21.59 x 27.94 cm, Budget, Journal, Over 110 Pages, Passion, Journal, Money",Shelley Castaneda,Paperback,"Feb 15, 2021",Independently published
0,https://www.amazon.com/dp/B08WTW6B4M,B08WTW6B4M,"Personalized Writing Notebook Journal for Zayn Name Flowers Color Cover: Journal, To Do, Passion, 8.5 x 11 inch, 21.59 x 27.94 cm, A4, Over 110 Pages, Budget, Journal, Money",Shelley Castaneda,Paperback,"Feb 15, 2021",Independently published
0,https://www.amazon.com/dp/B08XS5L9WS,B08XS5L9WS,"Happy Mother's Day. You May Have Failed Miserably With My Sister, But At Least You Got It Spot On With Me: Funny Mother's Day Gift: Rude Navy Blue ... Notebook), sized at 8.5"" x 11"" & 120 pages.",Michel Coco,Paperback,"Feb 28, 2021",Independently published
0,https://www.amazon.com/dp/B0D1GRNKX1,B0D1GRNKX1,"Synthetic Peptide Vaccine Models: Design, Synthesis, Purification and Characterization",Mesut Karahan,Paperback,"Feb 28, 2021",CRC Press
0,https://www.amazon.com/dp/B08XNDNPMR,B08XNDNPMR,"Timesheet Log Book: Hours Worked Tracker Log Book With A Simple, Clear Layout. The Perfect Employee Timesheet For Industry And Business",Anachronistic,Paperback,"Feb 25, 2021",Independently published
0,https://www.amazon.com/dp/B08XN7HWK5,B08XN7HWK5,"Thank You For The Fantastic Job You Do Every Day: Recognition Gifts For Employees And Office Supplies Blank Lined Notebooks, Employee Appreciation Gifts Bulk Team",MoPrints Publishing,Paperback,"Feb 25, 2021",Independently published
0,https://www.amazon.com/dp/B08XL9QXB9,B08XL9QXB9,I Love You: Inspirational Quote Notebook For Your Loved One,NC Publishing,Paperback,"Feb 25, 2021",Independently published
0,https://www.amazon.com/dp/B08XH2JN39,B08XH2JN39,I Can Do: Motivational Journal Notebook That Features Positive Quotes,NC Publishing,Paperback,"Feb 25, 2021",Independently published
0,https://www.amazon.com/dp/3828845657,3828845657,Fair Management: How to Stop Ruling and Start Leading,Heinz Siebenbrock,Paperback,"Feb 25, 2021",Kubitza Heinz Werner Tectum Verlag
0,https://www.amazon.com/dp/B0FJL48KZ1,B0FJL48KZ1,"Your Weekly Better Sleep Checklist: A Guided Journal for Peaceful Nights. Conquer Insomnia, Reduce Fatigue, and Wake Up Recharged Daily",Better Life Journals,Paperback,"Feb 24, 2021",Independently published
0,https://www.amazon.com/dp/B08Y4RLVVX,B08Y4RLVVX,My Daily Planner,Catalina LuluRayofLife,Paperback,"Feb 24, 2021",Independently published
0,https://www.amazon.com/dp/B08XN35Y5W,B08XN35Y5W,"Undated Planner for Any Year! (6.14"" x 9.21"") - Daily & Hourly Organizer, Journal for Appointments, Projects, Tasks, Goal Setting, Tracking Priorities and Gratitude Notes",Diane Marie,Paperback,"Feb 24, 2021",Independently published
0,https://www.amazon.com/dp/B08XLL4X6P,B08XLL4X6P,Mom Wife Boss: Funny Notebook as a Gift for Mother or Wife | Perfect Birthday Mother's day or Woman's day Present | Blank Lined Planner to Write in,Colorful Journals Factory,Paperback,"Feb 24, 2021",Independently published
0,https://www.amazon.com/dp/B08XLJ8W61,B08XLJ8W61,"Tuning Is My Passion Notebook: Tuning is my passion Notebook Graffiti - Great lined notebook - 120 lined pages to hold notes, ideas and thoughts |approx DINA5 |Gift for screwdrivers and mechanics",little thoughts,Paperback,"Feb 24, 2021",Independently published
0,https://www.amazon.com/dp/B08X2YK72K,B08X2YK72K,The Power of an Idea: A Beginners Guide to Turning Your Ideas into Massive Profits,Eugene Marshall,Kindle,"Feb 19, 2021",
0,https://www.amazon.com/dp/B08X2N1ZWF,B08X2N1ZWF,The Process Improvement Handbook: Improvement From Within,Helen Tilley,Kindle,"Feb 19, 2021",
0,https://www.amazon.com/dp/B08PTPM1KC,B08PTPM1KC,"High Achiever: Unlocking The 9 Principles That Transform Your Health, Leadership, and Business",Alfred Ayokunle,Paperback,"Feb 19, 2021",
0,https://www.amazon.com/dp/B08WZCG3PT,B08WZCG3PT,Go Sit In The Car : How not to fuck up in meetings,Mike  Morrison,Kindle,"Feb 18, 2021",
0,https://www.amazon.com/dp/B08WTW69WH,B08WTW69WH,"Personalized Writing Notebook Journal for Zaid Name Flowers Color Cover: Journal, Journal, Passion, 21.59 x 27.94 cm, Budget, Over 110 Pages, To Do, Money, 8.5 x 11 inch, A4",Shelley Castaneda,Paperback,"Feb 15, 2021",Independently published
0,https://www.amazon.com/dp/B08WTW69VN,B08WTW69VN,"Personalized Writing Notebook Journal for Zahir Name Flowers Color Cover: 8.5 x 11 inch, 21.59 x 27.94 cm, To Do, Money, Journal, Budget, A4, Over 110 Pages, Passion, Journal",Shelley Castaneda,Paperback,"Feb 15, 2021",Independently published
0,https://www.amazon.com/dp/B08WTW69V6,B08WTW69V6,"Personalized Writing Notebook Journal for Zachary Name Flowers Color Cover: Over 110 Pages, Budget, To Do, Money, Journal, A4, 8.5 x 11 inch, 21.59 x 27.94 cm, Passion, Journal",Shelley Castaneda,Paperback,"Feb 15, 2021",Independently published
0,https://www.amazon.com/dp/B08WTW69P9,B08WTW69P9,"Personalized Writing Notebook Journal for Yael Name Flowers Color Cover: Budget, Over 110 Pages, Passion, 21.59 x 27.94 cm, Journal, Journal, To Do, Money, A4, 8.5 x 11 inch",Shelley Castaneda,Paperback,"Feb 15, 2021",Independently published
0,https://www.amazon.com/dp/B08WTW69NH,B08WTW69NH,"Personalized Writing Notebook Journal for Xiomara Name Flowers Color Cover: 21.59 x 27.94 cm, Over 110 Pages, Budget, Money, Passion, To Do, 8.5 x 11 inch, Journal, A4, Journal",Shelley Castaneda,Paperback,"Feb 15, 2021",Independently published
0,https://www.amazon.com/dp/B08WTW69FL,B08WTW69FL,"Personalized Writing Notebook Journal for Wesley Name Flowers Color Cover: Journal, A4, To Do, Journal, 21.59 x 27.94 cm, 8.5 x 11 inch, Over 110 Pages, Budget, Money, Passion",Shelley Castaneda,Paperback,"Feb 15, 2021",Independently published
0,https://www.amazon.com/dp/B08WTW69DZ,B08WTW69DZ,"Personalized Writing Notebook Journal for Wayne Name Flowers Color Cover: A4, Journal, Passion, To Do, Journal, Budget, Over 110 Pages, 8.5 x 11 inch, 21.59 x 27.94 cm, Money",Shelley Castaneda,Paperback,"Feb 15, 2021",Independently published
0,https://www.amazon.com/dp/B08WTW69CD,B08WTW69CD,"Personalized Writing Notebook Journal for Walter Name Flowers Color Cover: 21.59 x 27.94 cm, To Do, Over 110 Pages, A4, Journal, Money, Journal, Passion, 8.5 x 11 inch, Budget",Shelley Castaneda,Paperback,"Feb 15, 2021",Independently published
0,https://www.amazon.com/dp/B08WTW69C5,B08WTW69C5,"Personalized Writing Notebook Journal for Wallace Name Flowers Color Cover: Budget, Passion, 21.59 x 27.94 cm, Journal, To Do, Money, A4, 8.5 x 11 inch, Over 110 Pages, Journal",Shelley Castaneda,Paperback,"Feb 15, 2021",Independently published
0,https://www.amazon.com/dp/B08WTRZGHJ,B08WTRZGHJ,"Personalized Writing Notebook Journal for Zoie Name Flowers Color Cover: Money, 8.5 x 11 inch, Journal, Journal, Passion, Budget, 21.59 x 27.94 cm, Over 110 Pages, To Do, A4",Shelley Castaneda,Paperback,"Feb 15, 2021",Independently published
0,https://www.amazon.com/dp/B08WTRZGH4,B08WTRZGH4,"Personalized Writing Notebook Journal for Zendaya Name Flowers Color Cover: Over 110 Pages, Money, 21.59 x 27.94 cm, A4, 8.5 x 11 inch, To Do, Passion, Journal, Budget, Journal",Shelley Castaneda,Paperback,"Feb 15, 2021",Independently published
0,https://www.amazon.com/dp/B08WTRZGD1,B08WTRZGD1,"Personalized Writing Notebook Journal for Zaylee Name Flowers Color Cover: To Do, Over 110 Pages, Money, Passion, Journal, Budget, Journal, 8.5 x 11 inch, 21.59 x 27.94 cm, A4",Shelley Castaneda,Paperback,"Feb 15, 2021",Independently published
0,https://www.amazon.com/dp/B08WTRZG7K,B08WTRZG7K,"Personalized Writing Notebook Journal for Zakai Name Flowers Color Cover: 21.59 x 27.94 cm, Passion, Journal, Money, Budget, Over 110 Pages, Journal, To Do, 8.5 x 11 inch, A4",Shelley Castaneda,Paperback,"Feb 15, 2021",Independently published
0,https://www.amazon.com/dp/B08WTRZG1M,B08WTRZG1M,"Personalized Writing Notebook Journal for Yisroel Name Flowers Color Cover: Money, Budget, Journal, Over 110 Pages, 8.5 x 11 inch, Journal, Passion, 21.59 x 27.94 cm, A4, To Do",Shelley Castaneda,Paperback,"Feb 15, 2021",Independently published
0,https://www.amazon.com/dp/B08WTRZG15,B08WTRZG15,"Personalized Writing Notebook Journal for Yasmin Name Flowers Color Cover: Over 110 Pages, Journal, 21.59 x 27.94 cm, 8.5 x 11 inch, Money, Passion, Journal, Budget, To Do, A4",Shelley Castaneda,Paperback,"Feb 15, 2021",Independently published
0,https://www.amazon.com/dp/B08WTRZFP1,B08WTRZFP1,"Personalized Writing Notebook Journal for Watson Name Flowers Color Cover: Over 110 Pages, To Do, Budget, Passion, Journal, Journal, 8.5 x 11 inch, Money, 21.59 x 27.94 cm, A4",Shelley Castaneda,Paperback,"Feb 15, 2021",Independently published
0,https://www.amazon.com/dp/B08XQ723F7,B08XQ723F7,"The Fulltime, Permanent Adult Infant - diaper version",Maggie Joyce,Paperback,"Feb 28, 2021",
0,https://www.amazon.com/dp/B08XPYDMCW,B08XPYDMCW,Massthetic Arms - Neuromuscular Frequency Training,Critical Bench,Kindle,"Feb 28, 2021",
0,https://www.amazon.com/dp/B08XLCG4P1,B08XLCG4P1,I Am: Affirmation Manifestation Journal Composition Notebook Gratitude Motivational Daily Planner,Karen A Ho-A-Lim,Paperback,"Feb 24, 2021",Independently published
0,https://www.amazon.com/dp/B08XL7ZD4P,B08XL7ZD4P,"Be aware of the Chilli Notebook: Be aware of the Chilli Tiger Notebook - Great lined notebook - 120 lined pages to hold notes, ideas and thoughts |approx DINA5 |Gift for spicy chilly pods",little thoughts,Paperback,"Feb 24, 2021",Independently published
0,https://www.amazon.com/dp/B08XH2JJWW,B08XH2JJWW,LIST IT OUT: Simple and Clear To –Do lists 120 PAGES,Christine Shives,Paperback,"Feb 24, 2021",Independently published
0,https://www.amazon.com/dp/978985160X,978985160X,"Once Too Scared to Speak, Now I Won’t Shut Up: A 7-Step Guide to Delivering Great Speeches",Nwanyibuife Adaeze Ugwoeje,Paperback,"Feb 24, 2021",MagicWand Publishing
0,https://www.amazon.com/dp/B08WTRPM5X,B08WTRPM5X,"Personalized Writing Notebook Journal for Zola Name Flowers Color Cover: 8.5 x 11 inch, Journal, Budget, Journal, Over 110 Pages, Money, 21.59 x 27.94 cm, Passion, To Do, A4",Shelley Castaneda,Paperback,"Feb 15, 2021",Independently published
0,https://www.amazon.com/dp/B08WTRPLHN,B08WTRPLHN,"Personalized Writing Notebook Journal for Winnie Name Flowers Color Cover: Journal, To Do, 8.5 x 11 inch, Money, Budget, Passion, 21.59 x 27.94 cm, Journal, Over 110 Pages, A4",Shelley Castaneda,Paperback,"Feb 15, 2021",Independently published
0,https://www.amazon.com/dp/B08WTRPLC9,B08WTRPLC9,"Personalized Writing Notebook Journal for Westin Name Flowers Color Cover: Journal, Over 110 Pages, Journal, 21.59 x 27.94 cm, 8.5 x 11 inch, To Do, Passion, A4, Money, Budget",Shelley Castaneda,Paperback,"Feb 15, 2021",Independently published
0,https://www.amazon.com/dp/B08WTRPLBX,B08WTRPLBX,"Personalized Writing Notebook Journal for Wesson Name Flowers Color Cover: Budget, 21.59 x 27.94 cm, 8.5 x 11 inch, Money, To Do, Journal, Passion, Over 110 Pages, A4, Journal",Shelley Castaneda,Paperback,"Feb 15, 2021",Independently published
0,https://www.amazon.com/dp/B08WTBPTJ7,B08WTBPTJ7,"Personalized Writing Notebook Journal for Zion Name Flowers Color Cover: To Do, 21.59 x 27.94 cm, Over 110 Pages, Journal, A4, Journal, Budget, Money, Passion, 8.5 x 11 inch",Shelley Castaneda,Paperback,"Feb 15, 2021",Independently published
0,https://www.amazon.com/dp/B08WTBPTGN,B08WTBPTGN,"Personalized Writing Notebook Journal for Zayne Name Flowers Color Cover: Passion, 8.5 x 11 inch, A4, Budget, Journal, Money, Over 110 Pages, To Do, 21.59 x 27.94 cm, Journal",Shelley Castaneda,Paperback,"Feb 15, 2021",Independently published
0,https://www.amazon.com/dp/B08WTBPSZ7,B08WTBPSZ7,"Personalized Writing Notebook Journal for Xavier Name Flowers Color Cover: A4, Passion, To Do, 21.59 x 27.94 cm, Journal, Over 110 Pages, Journal, Money, Budget, 8.5 x 11 inch",Shelley Castaneda,Paperback,"Feb 15, 2021",Independently published
0,https://www.amazon.com/dp/B08WTBPSW8,B08WTBPSW8,"Personalized Writing Notebook Journal for Willow Name Flowers Color Cover: Money, Passion, A4, Journal, To Do, 8.5 x 11 inch, Journal, 21.59 x 27.94 cm, Over 110 Pages, Budget",Shelley Castaneda,Paperback,"Feb 15, 2021",Independently published
0,https://www.amazon.com/dp/B08WTBPSR9,B08WTBPSR9,"Personalized Writing Notebook Journal for Wells Name Flowers Color Cover: Budget, Money, 21.59 x 27.94 cm, To Do, Journal, Passion, A4, 8.5 x 11 inch, Over 110 Pages, Journal",Shelley Castaneda,Paperback,"Feb 15, 2021",Independently published
0,https://www.amazon.com/dp/B08WT9GB1Q,B08WT9GB1Q,"Personalized Writing Notebook Journal for Zander Name Flowers Color Cover: Journal, To Do, Passion, Money, 21.59 x 27.94 cm, 8.5 x 11 inch, Journal, A4, Budget, Over 110 Pages",Shelley Castaneda,Paperback,"Feb 15, 2021",Independently published
0,https://www.amazon.com/dp/B08WT9G9Z1,B08WT9G9Z1,"Personalized Writing Notebook Journal for Zahra Name Flowers Color Cover: Journal, Passion, Money, Over 110 Pages, Journal, Budget, To Do, 8.5 x 11 inch, 21.59 x 27.94 cm, A4",Shelley Castaneda,Paperback,"Feb 15, 2021",Independently published
0,https://www.amazon.com/dp/B08WT9G9PW,B08WT9G9PW,"Personalized Writing Notebook Journal for Wynter Name Flowers Color Cover: Over 110 Pages, A4, Passion, Budget, Journal, Journal, 21.59 x 27.94 cm, Money, 8.5 x 11 inch, To Do",Shelley Castaneda,Paperback,"Feb 15, 2021",Independently published
0,https://www.amazon.com/dp/B08WT9G9HV,B08WT9G9HV,"Personalized Writing Notebook Journal for Wes Name Flowers Color Cover: Passion, 8.5 x 11 inch, Budget, Over 110 Pages, 21.59 x 27.94 cm, Journal, A4, Money, To Do, Journal",Shelley Castaneda,Paperback,"Feb 15, 2021",Independently published
0,https://www.amazon.com/dp/B08WSPPWJM,B08WSPPWJM,"Personalized Writing Notebook Journal for Victoria Name Flowers Color Cover: Money, 8.5 x 11 inch, Passion, To Do, 21.59 x 27.94 cm, Journal, Budget, Journal, Over 110 Pages, A4",Shelley Castaneda,Paperback,"Feb 15, 2021",Independently published
0,https://www.amazon.com/dp/B08WSHFBQY,B08WSHFBQY,"Personalized Writing Notebook Journal for Vihaan Name Flowers Color Cover: 21.59 x 27.94 cm, Journal, Passion, Journal, Over 110 Pages, To Do, Money, 8.5 x 11 inch, Budget, A4",Shelley Castaneda,Paperback,"Feb 15, 2021",Independently published
0,https://www.amazon.com/dp/B08WSHFBMK,B08WSHFBMK,"Personalized Writing Notebook Journal for Veda Name Flowers Color Cover: Budget, 21.59 x 27.94 cm, To Do, Over 110 Pages, A4, Journal, Journal, 8.5 x 11 inch, Passion, Money",Shelley Castaneda,Paperback,"Feb 15, 2021",Independently published
0,https://www.amazon.com/dp/B0DJZHLH9Q,B0DJZHLH9Q,"CUSTOMER RELATIONS SPECIALIST: Journal, Notes, Ideas, Actions, Priorities, Checklists, Log | Tool for Daily Goal Setting Tracker Planner | Time ... Journal Office Book Gifts for Meetings",Just Visualize It,Paperback,"Oct 8, 2024",Independently published
0,https://www.amazon.com/dp/B08WWRQVRG,B08WWRQVRG,30 Day Lead & Disrupt Checklist: Make An Impact and Boost your Team's Productivity in 30 Days,Aida Adnan,Kindle,"Feb 17, 2021",
0,https://www.amazon.com/dp/B0GTHT7VFM,B0GTHT7VFM,Reluctant Leader: Overcoming The Hesitation That's Holding You Back,Pat Williams,Kindle,"Feb 16, 2021",Advantage Books
0,https://www.amazon.com/dp/B08WRQVCLR,B08WRQVCLR,Earn Bitcoin (4 methods for earn Bitcoin),Crypto Zone,Kindle,"Feb 16, 2021",
0,https://www.amazon.com/dp/B0GTSRT4G6,B0GTSRT4G6,Breaking the Silence: How Leadership Style and Organizational Culture Shape Employee Voice,Babak Nemati,Kindle,"Mar 25, 2026",
0,https://www.amazon.com/dp/B08XKRTB8L,B08XKRTB8L,"365 REFLECTIONS: A year to grow and learn, with the collaboration of 17 brave people",Christian Korwan,Paperback,"Feb 23, 2021",Independently published
0,https://www.amazon.com/dp/B08XFVWY6S,B08XFVWY6S,"+500 Motivational Quotes: executive motivational quotes for men and women,encouraging quotes, inspirational life quotes",City Book,Paperback,"Feb 23, 2021",Independently published
0,https://www.amazon.com/dp/B0DVQ47GB5,B0DVQ47GB5,Business 101: 101 Things You Can Do to Immediately Improve Your Business,Crystel Lynn Smith,Paperback,"Feb 22, 2021",Independently published
0,https://www.amazon.com/dp/B08XL9QYM6,B08XL9QYM6,Do something today that your future self will thank you for: Motivational journal for him and for her notebook,Charlotte O'Charlie,Paperback,"Feb 22, 2021",Independently published
0,https://www.amazon.com/dp/B08XFP8M3M,B08XFP8M3M,"Don't Just Wish for it, Work for it: Motivational Journal, Inspirational Journal, Journal Gift, 110 pages, 6""x9"" Inches Blank Lined Notebook",Motivation For Life Journals,Paperback,"Feb 22, 2021",Independently published
0,https://www.amazon.com/dp/B08X84J7L8,B08X84J7L8,A DAILY TO DO LIST: ACHIEVE TO GOALS,Tammy McCombs,Paperback,"Feb 22, 2021",Independently published
0,https://www.amazon.com/dp/B08X63F22Z,B08X63F22Z,New Beginning Notebook: Motivational Notebook Gift To Celebrate Each Day As a New Beginning,NC Publishing,Paperback,"Feb 22, 2021",Independently published
0,https://www.amazon.com/dp/B08X5ZC8HF,B08X5ZC8HF,Daily Journal for Nurses,Laura Mickow,Paperback,"Feb 22, 2021",Independently published
0,https://www.amazon.com/dp/B08WSHFBLJ,B08WSHFBLJ,"Personalized Writing Notebook Journal for Valery Name Flowers Color Cover: 8.5 x 11 inch, A4, Budget, Money, Journal, To Do, Over 110 Pages, 21.59 x 27.94 cm, Journal, Passion",Shelley Castaneda,Paperback,"Feb 15, 2021",Independently published
0,https://www.amazon.com/dp/B08WSHFBF8,B08WSHFBF8,"Personalized Writing Notebook Journal for Trinity Name Flowers Color Cover: Passion, Over 110 Pages, Budget, Money, 8.5 x 11 inch, Journal, A4, 21.59 x 27.94 cm, Journal, To Do",Shelley Castaneda,Paperback,"Feb 15, 2021",Independently published
0,https://www.amazon.com/dp/B08WSHFB7F,B08WSHFB7F,"Personalized Writing Notebook Journal for Theodora Name Flowers Color Cover: Journal, Journal, Over 110 Pages, To Do, A4, Budget, Passion, 21.59 x 27.94 cm, 8.5 x 11 inch, Money",Shelley Castaneda,Paperback,"Feb 15, 2021",Independently published
0,https://www.amazon.com/dp/B08WSHBMHS,B08WSHBMHS,"Personalized Writing Notebook Journal for Walker Name Flowers Color Cover: Money, Passion, Budget, 21.59 x 27.94 cm, To Do, 8.5 x 11 inch, A4, Over 110 Pages, Journal, Journal",Shelley Castaneda,Paperback,"Feb 15, 2021",Independently published
0,https://www.amazon.com/dp/B08WSHBMBB,B08WSHBMBB,"Personalized Writing Notebook Journal for Vincent Name Flowers Color Cover: To Do, A4, Passion, Journal, 21.59 x 27.94 cm, 8.5 x 11 inch, Journal, Money, Over 110 Pages, Budget",Shelley Castaneda,Paperback,"Feb 15, 2021",Independently published
0,https://www.amazon.com/dp/B08WSHBM6D,B08WSHBM6D,"Personalized Writing Notebook Journal for Van Name Flowers Color Cover: Journal, 8.5 x 11 inch, Budget, Passion, Journal, A4, Over 110 Pages, Money, 21.59 x 27.94 cm, To Do",Shelley Castaneda,Paperback,"Feb 15, 2021",Independently published
0,https://www.amazon.com/dp/B08WSHBLYH,B08WSHBLYH,"Personalized Writing Notebook Journal for Tony Name Flowers Color Cover: Passion, 8.5 x 11 inch, A4, Budget, 21.59 x 27.94 cm, Over 110 Pages, Journal, Journal, Money, To Do",Shelley Castaneda,Paperback,"Feb 15, 2021",Independently published
0,https://www.amazon.com/dp/B08WSH7VDH,B08WSH7VDH,"Personalized Writing Notebook Journal for Wade Name Flowers Color Cover: Money, Over 110 Pages, To Do, Passion, Journal, 21.59 x 27.94 cm, A4, 8.5 x 11 inch, Journal, Budget",Shelley Castaneda,Paperback,"Feb 15, 2021",Independently published
0,https://www.amazon.com/dp/B08WSH7V7F,B08WSH7V7F,"Personalized Writing Notebook Journal for Vienna Name Flowers Color Cover: Money, Passion, Budget, Journal, Journal, 21.59 x 27.94 cm, To Do, Over 110 Pages, A4, 8.5 x 11 inch",Shelley Castaneda,Paperback,"Feb 15, 2021",Independently published
0,https://www.amazon.com/dp/B08WSH7V2X,B08WSH7V2X,Client Record Book: Simple Client Information Organizer For All Type Of Client Based Businesses,Kelly B Creations,Paperback,"Feb 15, 2021",Independently published
0,https://www.amazon.com/dp/B08WSH7TZB,B08WSH7TZB,"Personalized Writing Notebook Journal for Tristan Name Flowers Color Cover: Passion, 21.59 x 27.94 cm, Journal, Money, Journal, Over 110 Pages, 8.5 x 11 inch, A4, To Do, Budget",Shelley Castaneda,Paperback,"Feb 15, 2021",Independently published
0,https://www.amazon.com/dp/B08WSH7TX1,B08WSH7TX1,"Personalized Writing Notebook Journal for Tomas Name Flowers Color Cover: Budget, Over 110 Pages, 21.59 x 27.94 cm, Money, Passion, To Do, 8.5 x 11 inch, Journal, A4, Journal",Shelley Castaneda,Paperback,"Feb 15, 2021",Independently published
0,https://www.amazon.com/dp/B08WSH7TVF,B08WSH7TVF,"Personalized Writing Notebook Journal for Tinley Name Flowers Color Cover: Journal, 21.59 x 27.94 cm, To Do, Journal, 8.5 x 11 inch, Budget, Passion, Over 110 Pages, A4, Money",Shelley Castaneda,Paperback,"Feb 15, 2021",Independently published
0,https://www.amazon.com/dp/B08WSH7TSB,B08WSH7TSB,"Personalized Writing Notebook Journal for Thea Name Flowers Color Cover: 21.59 x 27.94 cm, 8.5 x 11 inch, Money, To Do, A4, Budget, Journal, Over 110 Pages, Passion, Journal",Shelley Castaneda,Paperback,"Feb 15, 2021",Independently published
0,https://www.amazon.com/dp/B08WSH7TRZ,B08WSH7TRZ,"Personalized Writing Notebook Journal for Terry Name Flowers Color Cover: Journal, 21.59 x 27.94 cm, Journal, To Do, Passion, Budget, A4, Over 110 Pages, 8.5 x 11 inch, Money",Shelley Castaneda,Paperback,"Feb 15, 2021",Independently published
0,https://www.amazon.com/dp/B08WSH7TNT,B08WSH7TNT,"Personalized Writing Notebook Journal for Talon Name Flowers Color Cover: Journal, 8.5 x 11 inch, 21.59 x 27.94 cm, Over 110 Pages, A4, Budget, Money, Passion, Journal, To Do",Shelley Castaneda,Paperback,"Feb 15, 2021",Independently published
0,https://www.amazon.com/dp/B08WRQRXKD,B08WRQRXKD,How to save money effectively: Long story short,Kania Walkofeach,Paperback,"Feb 16, 2021",
0,https://www.amazon.com/dp/B08WRKX7VH,B08WRKX7VH,"Delinquency Of The Mind, Articles To Inspire: Sweet Nothings; A Guide To Self-Care",Law Loadholt,Kindle,"Feb 16, 2021",
0,https://www.amazon.com/dp/B0CGSNYVVJ,B0CGSNYVVJ,Professions in Ethical Focus – Second Edition,Fritz Allhoff,Paperback,"Feb 15, 2021",Broadview Press
0,https://www.amazon.com/dp/B08WR86BT2,B08WR86BT2,Why it is necessary to make your own kickass brand,Rahul Rathore,Kindle,"Feb 15, 2021",
0,https://www.amazon.com/dp/B08WPHSFZJ,B08WPHSFZJ,Humanistic Management in Practice: Volume II (Humanism in Business Book 2),Ernst von Kimakowitz,Paperback,"Feb 15, 2021",Palgrave Macmillan
0,https://www.amazon.com/dp/B08XZFFBXY,B08XZFFBXY,"My Child's Ear Health Log Book: Use this journal to prevent your baby's ear infections and their complications by keeping track of worrying symptoms ... (The Happiest Child Ears, Nose and Throat)",Dr Raphael Zielinski Ph.D.,Paperback,"Feb 28, 2021",Independently published
0,https://www.amazon.com/dp/B08XL9QHJW,B08XL9QHJW,"Happy Saint Patrick's day: Journal, Diary ,Notebook",POSITIVE POWER PUBLISHING,Paperback,"Feb 21, 2021",Independently published
0,https://www.amazon.com/dp/B08X7RLTR6,B08X7RLTR6,"Dream. Plan. Do.: Journal For Ideas And Notes, A Creative And Inspirational Notebook",Eugene Carew,Paperback,"Feb 21, 2021",Independently published
0,https://www.amazon.com/dp/B08X7RLTQ5,B08X7RLTQ5,"Dream. Plan. Do.: Notebook For Ideas And Notes, Inspirational Notebook",Eugene Carew,Paperback,"Feb 21, 2021",Independently published
0,https://www.amazon.com/dp/B08X7RKXBW,B08X7RKXBW,Dream. Plan. Do.: Notebook For Ideas And Adventures. A Creative And Inspirational Notebook,Eugene Carew,Paperback,"Feb 21, 2021",Independently published
0,https://www.amazon.com/dp/B08X6KNGD3,B08X6KNGD3,Goal Setting Planner: Help Yourself Up For Success Put Your Ideas In Motion,Eliza Gold,Paperback,"Feb 21, 2021",Independently published
0,https://www.amazon.com/dp/B08X6KNFY4,B08X6KNFY4,WEEKLY TIME SHEET,Kris Kris,Paperback,"Feb 21, 2021",Independently published
0,https://www.amazon.com/dp/B08X6KNDYL,B08X6KNDYL,Dream. Plan. Do. Notebook: A Creative And Inspirational Journal For Ideas And Adventures,Eugene Carew,Paperback,"Feb 21, 2021",Independently published
0,https://www.amazon.com/dp/B08X6DXPVZ,B08X6DXPVZ,"Good Vibes Only: Notebook To Write Your Ideas, Your Positive Lifestyle Habits. Good Vibes Only Notebook For Motivational Quotes On Each Page",Eugene Carew,Paperback,"Feb 21, 2021",Independently published
0,https://www.amazon.com/dp/B08X6DRPVH,B08X6DRPVH,"Good Vibes Only: Notebook For Motivational Quotes On Each Page. Good Vibes Only Journal To Write Your Ideas, Your Positive Lifestyle Habits",Eugene Carew,Paperback,"Feb 21, 2021",Independently published
0,https://www.amazon.com/dp/B08X6CFPLY,B08X6CFPLY,"Goal Setting Planner: Leafs Goal Setting Planner, Daily Goal Setting Planner Gratitude Journal Notebook Diary Log Book Organizer | To Do Today ... Setting Goals Getter, 120 pages, Size 6"" x 9",Corina Busch,Paperback,"Feb 21, 2021",Independently published
0,https://www.amazon.com/dp/B08X6C6X56,B08X6C6X56,"Good Vibes Only: Journal To Write Your Ideas, Your Positive Lifestyle Habits. Good Vibes Only Notebook For Motivational Quotes On Each Page",Eugene Carew,Paperback,"Feb 21, 2021",Independently published
0,https://www.amazon.com/dp/B08X69SNRV,B08X69SNRV,90 Days of Motivation and Self Reflection | 90 Day Motivational Journal- Colored Pages | Daily Practices,Digiti Bliss,Paperback,"Feb 21, 2021",Independently published
0,https://www.amazon.com/dp/B08X69SKVZ,B08X69SKVZ,Dream. Plan. Do.: Notebook For Everyone. A Creative And Inspirational Journal For Women.,Eugene Carew,Paperback,"Feb 21, 2021",Independently published
0,https://www.amazon.com/dp/B08X65NMVS,B08X65NMVS,"Good Vibes Only: Notebook To Write Your Ideas, Your Positive Lifestyle Habits. Good Vibes Only Journal For Motivational Quotes On Each Page",Eugene Carew,Paperback,"Feb 21, 2021",Independently published
0,https://www.amazon.com/dp/B08X65NMF8,B08X65NMF8,"Dream. Plan. Do.: Notebook For Ideas And Notes, A Creative And Inspirational Journal",Eugene Carew,Paperback,"Feb 21, 2021",Independently published
0,https://www.amazon.com/dp/B08WM36LND,B08WM36LND,Success Explained,Mishti Nisha Pagarani,Kindle,"Feb 14, 2021",
0,https://www.amazon.com/dp/B0FQFWB56V,B0FQFWB56V,Beyond Survival: Thriving in the Chaos of Entrepreneurship,Aniekan  Eno-ibanga Oliseh,Paperback,"Feb 13, 2021",AvidBook Publishing Agency
0,https://www.amazon.com/dp/B08WRZB4QG,B08WRZB4QG,Leading From The Middle,Christine Cutucache,Kindle,"Feb 12, 2021",Christine Cutucache
0,https://www.amazon.com/dp/B08WK44M2S,B08WK44M2S,Increase Your Own Value By Elevating the Perspective of Your Field: Redesign Your Thinking LLC Book Series (Elevating Your Professional Value 1),Shannon McCallister,Kindle,"Feb 11, 2021",Redesign Your Thinking LLC - all rights reserved to the author
0,https://www.amazon.com/dp/B08WJMKXMT,B08WJMKXMT,The Untold Story Of Real Estate: Stories Happen To Tell,Babita Singh,Paperback,"Feb 11, 2021",
0,https://www.amazon.com/dp/B0BWMLN11V,B0BWMLN11V,Handbook on Ethics in Finance (International Handbooks in Business Ethics),Leire San-Jose,Paperback,"Feb 10, 2021",Springer
0,https://www.amazon.com/dp/B08WHJLJ9K,B08WHJLJ9K,The Horrors of the World Trade Organization,Ray L. Baker Jr.,Kindle,"Feb 10, 2021",
0,https://www.amazon.com/dp/B08XP7JJG4,B08XP7JJG4,PRAYERS THAT PRODUCE RESULTS: HOW TO BREAK FREE FROM UNGODLY COVENANTS AND CURSES,JOSEPHINE AKHAGBEME,Paperback,"Feb 28, 2021",
0,https://www.amazon.com/dp/B091J9ZRKW,B091J9ZRKW,Woodcarving Illustrated Issue 69 Holiday 2014 (Woodcarving Illustrated Magazine),Editors of Woodcarving Illustrated,Kindle,"Feb 28, 2021",Fox Chapel Publishing
0,https://www.amazon.com/dp/B08XS1Z35S,B08XS1Z35S,"Anorexia Diary: Workbook to heal, defeat and understand - food journal - mood diary",Viola Becker,Paperback,"Feb 28, 2021",Independently published
0,https://www.amazon.com/dp/B08X62417T,B08X62417T,"Dream. Plan. Do.: Notebook For Ideas And Notes, A Creative And Inspirational Notebook",Eugene Carew,Paperback,"Feb 21, 2021",Independently published
0,https://www.amazon.com/dp/B08X623ZZ5,B08X623ZZ5,Dream. Plan. Do.: Notebook - A Creative And Inspirational Journal For Ideas And Adventures,Eugene Carew,Paperback,"Feb 21, 2021",Independently published
0,https://www.amazon.com/dp/B08X5WCTMM,B08X5WCTMM,"Goal Setting Planner: Leaves Goal Setting Planner, Daily Goal Setting Planner Gratitude Journal Notebook Diary Log Book Organizer | To Do Today ... Setting Goals Getter, 120 pages, Size 6"" x 9",Corina Busch,Paperback,"Feb 21, 2021",Independently published
0,https://www.amazon.com/dp/B08X5WCKG5,B08X5WCKG5,"Good Vibes Only: Notebook To Write Your Ideas, Your Positive Lifestyle Habits. Good Vibes Only Journal For Motivational Quotes On Each Page",Eugene Carew,Paperback,"Feb 21, 2021",Independently published
0,https://www.amazon.com/dp/B08X5WCJNS,B08X5WCJNS,"Goal Setting Planner: Leafs Goal Setting Planner, Daily Goal Setting Planner Gratitude Journal Notebook Diary Log Book Organizer | To Do Today ... Setting Goals Getter, 120 pages, Size 6"" x 9",Corina Busch,Paperback,"Feb 21, 2021",Independently published
0,https://www.amazon.com/dp/B08X6DRR1S,B08X6DRR1S,Organizer To Hit Your Goals Weekly planner: Personal 2021 - 2022 Planner Weekly | Goal planner 2021 - 2022 | Weekly Goal calendar | Calendar Schedule Organizer Notebook | Weekly pages | 110 pages,Weekly  Organizer Planner,Paperback,"Feb 20, 2021",Independently published
0,https://www.amazon.com/dp/B08X69SLJM,B08X69SLJM,90 Days of Motivation and Self Reflection | 90 Day Motivational Journal | Daily Practices,Digiti Bliss,Paperback,"Feb 20, 2021",Independently published
0,https://www.amazon.com/dp/B08X64LRFD,B08X64LRFD,"Reseller Inventory log book: Business Management Journal, Track Daily Inventory for Small Business Help Organize Inventory To Resell Online",Marco RD publishing,Paperback,"Feb 20, 2021",Independently published
0,https://www.amazon.com/dp/B08X5WCHV6,B08X5WCHV6,I Can And I Will Motivational Notebook: Journal Diary To Write Positive Quotes Inspirational - Composition Notebook - 100 Pages,Eugene Carew,Paperback,"Feb 20, 2021",Independently published
0,https://www.amazon.com/dp/B08X5WCDNH,B08X5WCDNH,Little Honey Bunny: Easter Bunny Notebook That Features Motivational Quotes,NC Publishing,Paperback,"Feb 20, 2021",Independently published
0,https://www.amazon.com/dp/B08X5WCD8N,B08X5WCD8N,"Goal Setting Planner: Birds and Floral Goal Setting Planner, Daily Goal Setting Planner Gratitude Journal Notebook Diary Log Book Organizer | To Do ... Setting Goals Getter, 120 pages, Size 6"" x 9",Corina Busch,Paperback,"Feb 20, 2021",Independently published
0,https://www.amazon.com/dp/B08WZCVGJ2,B08WZCVGJ2,"Goal Setting Planner: Birds Goal Setting Planner, Daily Goal Setting Planner Gratitude Journal Notebook Diary Log Book Organizer | To Do Today ... Setting Goals Getter, 120 pages, Size 6"" x 9",Corina Busch,Paperback,"Feb 20, 2021",Independently published
0,https://www.amazon.com/dp/B08WSDW1M6,B08WSDW1M6,"Personalized Writing Notebook Journal for Trent Name Flowers Color Cover: Journal, To Do, Journal, Over 110 Pages, Money, Budget, Passion, 21.59 x 27.94 cm, A4, 8.5 x 11 inch",Shelley Castaneda,Paperback,"Feb 15, 2021",Independently published
0,https://www.amazon.com/dp/B08WSDSGSN,B08WSDSGSN,"Personalized Writing Notebook Journal for Tinsley Name Flowers Color Cover: A4, To Do, 8.5 x 11 inch, Journal, Budget, Journal, Over 110 Pages, 21.59 x 27.94 cm, Passion, Money",Shelley Castaneda,Paperback,"Feb 15, 2021",Independently published
0,https://www.amazon.com/dp/B08WSDSGKL,B08WSDSGKL,"Personalized Writing Notebook Journal for Taliyah Name Flowers Color Cover: Passion, Journal, Journal, Budget, Over 110 Pages, 21.59 x 27.94 cm, 8.5 x 11 inch, A4, Money, To Do",Shelley Castaneda,Paperback,"Feb 15, 2021",Independently published
0,https://www.amazon.com/dp/B08WSC5BJY,B08WSC5BJY,"Personalized Writing Notebook Journal for Trenton Name Flowers Color Cover: Passion, Over 110 Pages, 21.59 x 27.94 cm, 8.5 x 11 inch, Money, Journal, Budget, To Do, Journal, A4",Shelley Castaneda,Paperback,"Feb 15, 2021",Independently published
0,https://www.amazon.com/dp/B08WSC5BHC,B08WSC5BHC,"Personalized Writing Notebook Journal for Tommy Name Flowers Color Cover: A4, Passion, 21.59 x 27.94 cm, Journal, Budget, Money, Over 110 Pages, To Do, Journal, 8.5 x 11 inch",Shelley Castaneda,Paperback,"Feb 15, 2021",Independently published
0,https://www.amazon.com/dp/B08WSC5BCT,B08WSC5BCT,"Personalized Writing Notebook Journal for Theodore Name Flowers Color Cover: Passion, A4, Budget, 8.5 x 11 inch, Journal, Money, 21.59 x 27.94 cm, Over 110 Pages, To Do, Journal",Shelley Castaneda,Paperback,"Feb 15, 2021",Independently published
0,https://www.amazon.com/dp/B08WSC5BBR,B08WSC5BBR,"Personalized Writing Notebook Journal for Tessa Name Flowers Color Cover: Budget, Over 110 Pages, 8.5 x 11 inch, 21.59 x 27.94 cm, A4, Journal, Passion, Money, Journal, To Do",Shelley Castaneda,Paperback,"Feb 15, 2021",Independently published
0,https://www.amazon.com/dp/B08WSC4Y42,B08WSC4Y42,"Personalized Writing Notebook Journal for Viviana Name Flowers Color Cover: Journal, A4, 8.5 x 11 inch, Budget, Money, 21.59 x 27.94 cm, Over 110 Pages, Journal, To Do, Passion",Shelley Castaneda,Paperback,"Feb 15, 2021",Independently published
0,https://www.amazon.com/dp/B08WSC4XZJ,B08WSC4XZJ,"Personalized Writing Notebook Journal for Virginia Name Flowers Color Cover: Journal, 8.5 x 11 inch, Over 110 Pages, To Do, Passion, A4, Budget, Journal, Money, 21.59 x 27.94 cm",Shelley Castaneda,Paperback,"Feb 15, 2021",Independently published
0,https://www.amazon.com/dp/B08WSC4XVW,B08WSC4XVW,"Personalized Writing Notebook Journal for Vicente Name Flowers Color Cover: 21.59 x 27.94 cm, Journal, A4, Money, Budget, Journal, Over 110 Pages, Passion, To Do, 8.5 x 11 inch",Shelley Castaneda,Paperback,"Feb 15, 2021",Independently published
0,https://www.amazon.com/dp/B08WSC4XS6,B08WSC4XS6,"Personalized Writing Notebook Journal for Valerie Name Flowers Color Cover: Journal, A4, 21.59 x 27.94 cm, To Do, 8.5 x 11 inch, Passion, Journal, Budget, Money, Over 110 Pages",Shelley Castaneda,Paperback,"Feb 15, 2021",Independently published
0,https://www.amazon.com/dp/B08WSC4XJT,B08WSC4XJT,"Personalized Writing Notebook Journal for Titan Name Flowers Color Cover: 8.5 x 11 inch, Journal, Passion, A4, Budget, Over 110 Pages, Journal, 21.59 x 27.94 cm, To Do, Money",Shelley Castaneda,Paperback,"Feb 15, 2021",Independently published
0,https://www.amazon.com/dp/B08WSC4XJP,B08WSC4XJP,"Personalized Writing Notebook Journal for Toby Name Flowers Color Cover: 21.59 x 27.94 cm, To Do, Passion, Journal, Budget, Money, Journal, 8.5 x 11 inch, A4, Over 110 Pages",Shelley Castaneda,Paperback,"Feb 15, 2021",Independently published
0,https://www.amazon.com/dp/B08WSC4XGX,B08WSC4XGX,"Personalized Writing Notebook Journal for Tiana Name Flowers Color Cover: 8.5 x 11 inch, Budget, Journal, A4, To Do, Money, Passion, Over 110 Pages, 21.59 x 27.94 cm, Journal",Shelley Castaneda,Paperback,"Feb 15, 2021",Independently published
0,https://www.amazon.com/dp/B08WS9H34R,B08WS9H34R,"Personalized Writing Notebook Journal for Tucker Name Flowers Color Cover: Over 110 Pages, Money, Budget, Journal, A4, To Do, Journal, Passion, 21.59 x 27.94 cm, 8.5 x 11 inch",Shelley Castaneda,Paperback,"Feb 15, 2021",Independently published
0,https://www.amazon.com/dp/B08WS9H331,B08WS9H331,"Personalized Writing Notebook Journal for Trey Name Flowers Color Cover: Money, Journal, To Do, 21.59 x 27.94 cm, Over 110 Pages, A4, 8.5 x 11 inch, Passion, Journal, Budget",Shelley Castaneda,Paperback,"Feb 15, 2021",Independently published
0,https://www.amazon.com/dp/B091MKT17C,B091MKT17C,The Republic of Ireland – Economic and Social Ecology in a Layered Perspective,Andrea Jende,Paperback,"Feb 9, 2021","Peter Lang GmbH, Internationaler Verlag der Wissenschaften"
0,https://www.amazon.com/dp/B09Z9G7ZST,B09Z9G7ZST,Public Relations (Handbooks of Communication Science Book 27),Chiara Valentini,Hardcover,"Feb 8, 2021",De Gruyter Mouton
0,https://www.amazon.com/dp/B08WBSR7LD,B08WBSR7LD,"Corporate Social Responsibility in Rising Economies: Fundamentals, Approaches and Case Studies (CSR, Sustainability, Ethics & Governance)",Nayan Mitra,Paperback,"Feb 8, 2021",Springer
0,https://www.amazon.com/dp/B08W5HFB2X,B08W5HFB2X,"Life Unf*cked: Hack Your Thoughts, Adjust Your Mindset, Control What You Can Control, Release The BS That Doesn't Matter In This Mindset Reset Book",AJ King,Kindle,"Feb 8, 2021",
0,https://www.amazon.com/dp/B08G17V3K3,B08G17V3K3,Communication as Social Theory: The Social Side of Knowledge Management (Emerald Points),Jon-Arild Johannessen,Hardcover,"Feb 8, 2021",Emerald Publishing Limited
0,https://www.amazon.com/dp/B08W6XTFMD,B08W6XTFMD,Unfinished Talent: The Starter Playbook for Indie Authors Looking To Learn How To Create A Book From Concept To Digital Ebook,AJ King,Kindle,"Feb 7, 2021",
0,https://www.amazon.com/dp/3030342638,3030342638,"Rethinking Business Responsibility in a Global Context: Challenges to Corporate Social Responsibility, Sustainability and Ethics (CSR, Sustainability, Ethics & Governance)",Bodo B. Schlegelmilch,Paperback,"Feb 20, 2021",Springer
0,https://www.amazon.com/dp/1938001745,1938001745,"Motivate: How to use Powerful Performance Motivators to apply the SECRET to creating Team Member Motivation, Enhanced Job Performance, and Employee Satisfaction",John Correll,Paperback,"Feb 20, 2021",Fulfillment Press
0,https://www.amazon.com/dp/B08X6DX8TM,B08X6DX8TM,Notebook Business Blank Lined Journal: Creative Business Notebook 9x6inc - 120pg,business creative solutions,Paperback,"Feb 19, 2021",Independently published
0,https://www.amazon.com/dp/B08X6DRP2R,B08X6DRP2R,My Notes: Genius writing (Notebooks),Miker E Hook,Paperback,"Feb 19, 2021",Independently published
0,https://www.amazon.com/dp/B08WZGS51G,B08WZGS51G,"Unlined Notebook For Work - CG Blue: Softcover, Plain, Unruled Notebook Journal - Large (Letter Size)",Viral Comet,Paperback,"Feb 19, 2021",Independently published
0,https://www.amazon.com/dp/B08WZGS46T,B08WZGS46T,I know it hurts but stay strong !: Notebook Journal ; Inspirational Quote Journal ... With Both Lined and Blank Journal Pages,PESCARA,Paperback,"Feb 19, 2021",Independently published
0,https://www.amazon.com/dp/B08WZ8XRLR,B08WZ8XRLR,"Goal Setting Planner: Eggs Goal Setting Planner, Daily Goal Setting Planner Gratitude Journal Notebook Diary Log Book Organizer | To Do Today ... Setting Goals Getter, 120 pages, Size 6"" x 9",Corina Busch,Paperback,"Feb 19, 2021",Independently published
0,https://www.amazon.com/dp/B08WYG575Y,B08WYG575Y,"Goal Setting Planner: Owl Goal Setting Planner, Daily Goal Setting Planner Gratitude Journal Notebook Diary Log Book Organizer | To Do Today Checklist ... Setting Goals Getter, 120 pages, Size 6"" x 9",Corina Busch,Paperback,"Feb 19, 2021",Independently published
0,https://www.amazon.com/dp/B08WYG562N,B08WYG562N,"Sure, Let Me Drop Everything And Work On Your Problem Funny Work Notebook: 6'x9' Lined Journal. Funny Coworker. Sarcastic Work Notebook. Gag Gift.",Little Canada Prints,Paperback,"Feb 18, 2021",Independently published
0,https://www.amazon.com/dp/B08XFP8MV2,B08XFP8MV2,Work is my passion daily work book lined journal notebook.,Himangsu Roy,Paperback,"Feb 18, 2021",Independently published
0,https://www.amazon.com/dp/B08WZH55N2,B08WZH55N2,BEST TEAM: Employee Appreciation Gifts for Staff Members,Kima Publishing,Paperback,"Feb 18, 2021",Independently published
0,https://www.amazon.com/dp/B08WZFTVGK,B08WZFTVGK,"I'm Trying To Be Awesome Today: Lined Notebook Journal for Work: 6'x9"" Lined Notebook. Funny Work or CoWorker Gift.",Little Canada Prints,Paperback,"Feb 18, 2021",Independently published
0,https://www.amazon.com/dp/B08WS9H2V7,B08WS9H2V7,"Personalized Writing Notebook Journal for Tenley Name Flowers Color Cover: Budget, Money, Journal, Over 110 Pages, Passion, 8.5 x 11 inch, 21.59 x 27.94 cm, A4, Journal, To Do",Shelley Castaneda,Paperback,"Feb 15, 2021",Independently published
0,https://www.amazon.com/dp/B08WS9H2TM,B08WS9H2TM,"Personalized Writing Notebook Journal for Teagan Name Flowers Color Cover: Passion, Money, Over 110 Pages, To Do, 8.5 x 11 inch, 21.59 x 27.94 cm, Budget, A4, Journal, Journal",Shelley Castaneda,Paperback,"Feb 15, 2021",Independently published
0,https://www.amazon.com/dp/B08WS9H2T8,B08WS9H2T8,"Personalized Writing Notebook Journal for Taylor Name Flowers Color Cover: To Do, 21.59 x 27.94 cm, Budget, Passion, 8.5 x 11 inch, Money, Journal, Journal, A4, Over 110 Pages",Shelley Castaneda,Paperback,"Feb 15, 2021",Independently published
0,https://www.amazon.com/dp/B08WS9G1CJ,B08WS9G1CJ,"Personalized Writing Notebook Journal for Violeta Name Flowers Color Cover: A4, 21.59 x 27.94 cm, Budget, Journal, Over 110 Pages, Money, 8.5 x 11 inch, Passion, Journal, To Do",Shelley Castaneda,Paperback,"Feb 15, 2021",Independently published
0,https://www.amazon.com/dp/B08WS9G12V,B08WS9G12V,"Personalized Writing Notebook Journal for Uriah Name Flowers Color Cover: Budget, To Do, Journal, A4, Passion, Journal, Money, 21.59 x 27.94 cm, Over 110 Pages, 8.5 x 11 inch",Shelley Castaneda,Paperback,"Feb 15, 2021",Independently published
0,https://www.amazon.com/dp/B08WS9G12S,B08WS9G12S,"Personalized Writing Notebook Journal for Ulises Name Flowers Color Cover: Journal, 21.59 x 27.94 cm, 8.5 x 11 inch, To Do, Journal, Money, Budget, A4, Passion, Over 110 Pages",Shelley Castaneda,Paperback,"Feb 15, 2021",Independently published
0,https://www.amazon.com/dp/B08WS9FZVN,B08WS9FZVN,"Personalized Writing Notebook Journal for Timothy Name Flowers Color Cover: Journal, Passion, Journal, A4, Money, 21.59 x 27.94 cm, To Do, 8.5 x 11 inch, Budget, Over 110 Pages",Shelley Castaneda,Paperback,"Feb 15, 2021",Independently published
0,https://www.amazon.com/dp/B08WS9FZV5,B08WS9FZV5,"Personalized Writing Notebook Journal for Thomas Name Flowers Color Cover: A4, Journal, Passion, Journal, 8.5 x 11 inch, Over 110 Pages, Budget, 21.59 x 27.94 cm, Money, To Do",Shelley Castaneda,Paperback,"Feb 15, 2021",Independently published
0,https://www.amazon.com/dp/B08WS9DXJ7,B08WS9DXJ7,"Personalized Writing Notebook Journal for Veronica Name Flowers Color Cover: To Do, Journal, Journal, Money, Budget, Passion, 21.59 x 27.94 cm, A4, Over 110 Pages, 8.5 x 11 inch",Shelley Castaneda,Paperback,"Feb 15, 2021",Independently published
0,https://www.amazon.com/dp/B08WS9DXCX,B08WS9DXCX,"Personalized Writing Notebook Journal for Valeria Name Flowers Color Cover: 8.5 x 11 inch, Money, Journal, Over 110 Pages, Journal, A4, 21.59 x 27.94 cm, Passion, Budget, To Do",Shelley Castaneda,Paperback,"Feb 15, 2021",Independently published
0,https://www.amazon.com/dp/B08WS9DX8T,B08WS9DX8T,"Personalized Writing Notebook Journal for Tru Name Flowers Color Cover: A4, 8.5 x 11 inch, Over 110 Pages, Money, To Do, 21.59 x 27.94 cm, Journal, Passion, Budget, Journal",Shelley Castaneda,Paperback,"Feb 15, 2021",Independently published
0,https://www.amazon.com/dp/B08WS9DX4S,B08WS9DX4S,"Personalized Writing Notebook Journal for Tobias Name Flowers Color Cover: Money, 21.59 x 27.94 cm, Passion, To Do, 8.5 x 11 inch, A4, Budget, Journal, Journal, Over 110 Pages",Shelley Castaneda,Paperback,"Feb 15, 2021",Independently published
0,https://www.amazon.com/dp/B08WS9DWZK,B08WS9DWZK,"Personalized Writing Notebook Journal for Thaddeus Name Flowers Color Cover: Journal, Journal, A4, Over 110 Pages, Budget, To Do, 8.5 x 11 inch, Money, Passion, 21.59 x 27.94 cm",Shelley Castaneda,Paperback,"Feb 15, 2021",Independently published
0,https://www.amazon.com/dp/B08WS9DWV8,B08WS9DWV8,"Personalized Writing Notebook Journal for Talia Name Flowers Color Cover: 21.59 x 27.94 cm, 8.5 x 11 inch, Passion, Money, To Do, Journal, A4, Over 110 Pages, Budget, Journal",Shelley Castaneda,Paperback,"Feb 15, 2021",Independently published
0,https://www.amazon.com/dp/B08WS992BK,B08WS992BK,"Personalized Writing Notebook Journal for Vincenzo Name Flowers Color Cover: Money, To Do, Journal, A4, Over 110 Pages, Passion, 8.5 x 11 inch, Journal, 21.59 x 27.94 cm, Budget",Shelley Castaneda,Paperback,"Feb 15, 2021",Independently published
0,https://www.amazon.com/dp/B08WS991XX,B08WS991XX,"Personalized Writing Notebook Journal for Travis Name Flowers Color Cover: Journal, Journal, A4, Over 110 Pages, To Do, Budget, 21.59 x 27.94 cm, 8.5 x 11 inch, Money, Passion",Shelley Castaneda,Paperback,"Feb 15, 2021",Independently published
0,https://www.amazon.com/dp/B08W5GRQ8N,B08W5GRQ8N,The Black Book: How to Keep Black Dollars in Black America,Elle Robinson,Kindle,"Feb 7, 2021",
0,https://www.amazon.com/dp/B08W5F852W,B08W5F852W,Becoming a Successful Salesperson,J. J.  Metz,Kindle,"Feb 7, 2021",
0,https://www.amazon.com/dp/B08W4Q1HL7,B08W4Q1HL7,The Re Education of the Negro,Jesse  Tate,Kindle,"Feb 6, 2021",
0,https://www.amazon.com/dp/B08W4MQ9B7,B08W4MQ9B7,The Morality of Capitalism: Why free markets foster a better world,Isaac Morehouse,Kindle,"Feb 6, 2021",
0,https://www.amazon.com/dp/B08W48D6KT,B08W48D6KT,Facets of Communication (Volume 3): Collected Papers,Sundari Krishnamurthy,Kindle,"Feb 6, 2021",Originals
0,https://www.amazon.com/dp/B08W2BFKM9,B08W2BFKM9,The 1% Community Club,Oscar Njuho,Kindle,"Feb 4, 2021",
0,https://www.amazon.com/dp/B08W22CXJK,B08W22CXJK,LEADERSHIP:A LION NEVER BE CROWNED,SATYANARAYAN PANDEY,Paperback,"Feb 4, 2021",Shodh Sankalp Education and Research
0,https://www.amazon.com/dp/B08W1H624N,B08W1H624N,THE BOSS,Hency Bunner,Paperback,"Feb 4, 2021",
0,https://www.amazon.com/dp/B08VYR3P6Z,B08VYR3P6Z,Enabling True Wealth,Mohamad Sirag,Kindle,"Feb 3, 2021",
0,https://www.amazon.com/dp/B08XX7QF8S,B08XX7QF8S,Royal Shrovetide Football Guru Notebook: Customized Lined Journal Gift For Somebody Who Enjoys Royal Shrovetide Football Playing,Melanie T. Shortpants,Paperback,"Feb 28, 2021",Independently published
0,https://www.amazon.com/dp/B08WZFTTL8,B08WZFTTL8,You Are Stronger Tham You Seem: Employee Appreciation Gifts for Staff Members - Coworkers - Team | Office Lined Journal - Notebook (Employee Recognition Gifts),Kima Publishing,Paperback,"Feb 18, 2021",Independently published
0,https://www.amazon.com/dp/B08WZBZ1HM,B08WZBZ1HM,one day or day one you decide .: Blank Lined Journal 6x9 lined 110 pages - Inspirational and Motivational Quote for Entrepreneurs and Hard Workers,PESCARA,Paperback,"Feb 18, 2021",Independently published
0,https://www.amazon.com/dp/B08WZ8XLKW,B08WZ8XLKW,"High Achiever: Unlocking The 9 Principles That Transforms Your Health, Leadership, and Business",Alfred Ayokunle,Paperback,"Feb 18, 2021",Independently published
0,https://www.amazon.com/dp/B08WZ4NZ9K,B08WZ4NZ9K,Good Luck Finding Coworkers Better Than Us: Funny To-D List Planner Gift for Coworkers Leaving or Job Promotion Joke | 6 x 9 Inches and 100 Pages,Journals And Books For You,Paperback,"Feb 18, 2021",Independently published
0,https://www.amazon.com/dp/B08WYDVQ4Q,B08WYDVQ4Q,"""Weak Password"" Well, So Is My Memory: Password Log Book , Keep Track Of Usernames , Password , Webaddresses With Alphabitazied Tabbed Pages",New Beginnings Publishing,Paperback,"Feb 18, 2021",Independently published
0,https://www.amazon.com/dp/B08WV2XRMR,B08WV2XRMR,Leadership: Building and Nurturing a World-Class Team,Steven Shuel,Paperback,"Feb 18, 2021",Independently published
0,https://www.amazon.com/dp/B08WS991P3,B08WS991P3,"Personalized Writing Notebook Journal for Tate Name Flowers Color Cover: Journal, 21.59 x 27.94 cm, 8.5 x 11 inch, To Do, Money, Budget, Over 110 Pages, Passion, Journal, A4",Shelley Castaneda,Paperback,"Feb 15, 2021",Independently published
0,https://www.amazon.com/dp/B08WS884M9,B08WS884M9,"Personalized Writing Notebook Journal for Vivaan Name Flowers Color Cover: Passion, To Do, Money, Journal, Budget, Journal, A4, Over 110 Pages, 8.5 x 11 inch, 21.59 x 27.94 cm",Shelley Castaneda,Paperback,"Feb 15, 2021",Independently published
0,https://www.amazon.com/dp/B08WS884B9,B08WS884B9,"Personalized Writing Notebook Journal for Tripp Name Flowers Color Cover: 21.59 x 27.94 cm, Over 110 Pages, Budget, To Do, Money, Journal, 8.5 x 11 inch, A4, Journal, Passion",Shelley Castaneda,Paperback,"Feb 15, 2021",Independently published
0,https://www.amazon.com/dp/B08WS8849K,B08WS8849K,"Personalized Writing Notebook Journal for Troy Name Flowers Color Cover: Over 110 Pages, A4, Budget, To Do, Journal, Journal, 8.5 x 11 inch, 21.59 x 27.94 cm, Passion, Money",Shelley Castaneda,Paperback,"Feb 15, 2021",Independently published
0,https://www.amazon.com/dp/B08WS883ZC,B08WS883ZC,"Personalized Writing Notebook Journal for Tatiana Name Flowers Color Cover: 21.59 x 27.94 cm, Budget, Money, To Do, 8.5 x 11 inch, Journal, A4, Journal, Passion, Over 110 Pages",Shelley Castaneda,Paperback,"Feb 15, 2021",Independently published
0,https://www.amazon.com/dp/B08WS883YN,B08WS883YN,"Personalized Writing Notebook Journal for Tanner Name Flowers Color Cover: A4, Budget, Money, 8.5 x 11 inch, 21.59 x 27.94 cm, Journal, Journal, To Do, Passion, Over 110 Pages",Shelley Castaneda,Paperback,"Feb 15, 2021",Independently published
0,https://www.amazon.com/dp/B08WS879PW,B08WS879PW,"Personalized Writing Notebook Journal for Treasure Name Flowers Color Cover: Budget, Passion, Journal, Money, 8.5 x 11 inch, A4, Journal, Over 110 Pages, To Do, 21.59 x 27.94 cm",Shelley Castaneda,Paperback,"Feb 15, 2021",Independently published
0,https://www.amazon.com/dp/B08WS879PG,B08WS879PG,"Personalized Writing Notebook Journal for Tori Name Flowers Color Cover: Passion, To Do, 21.59 x 27.94 cm, Journal, Budget, 8.5 x 11 inch, Money, Journal, Over 110 Pages, A4",Shelley Castaneda,Paperback,"Feb 15, 2021",Independently published
0,https://www.amazon.com/dp/B08WS879MD,B08WS879MD,"Personalized Writing Notebook Journal for Thalia Name Flowers Color Cover: A4, Passion, Over 110 Pages, To Do, 21.59 x 27.94 cm, 8.5 x 11 inch, Journal, Journal, Money, Budget",Shelley Castaneda,Paperback,"Feb 15, 2021",Independently published
0,https://www.amazon.com/dp/B08WS879LY,B08WS879LY,"Personalized Writing Notebook Journal for Tiffany Name Flowers Color Cover: Journal, 21.59 x 27.94 cm, Passion, Budget, To Do, Money, A4, 8.5 x 11 inch, Over 110 Pages, Journal",Shelley Castaneda,Paperback,"Feb 15, 2021",Independently published
0,https://www.amazon.com/dp/B08WS879HX,B08WS879HX,"Personalized Writing Notebook Journal for Terrance Name Flowers Color Cover: Journal, Money, To Do, Budget, Passion, 8.5 x 11 inch, 21.59 x 27.94 cm, Journal, Over 110 Pages, A4",Shelley Castaneda,Paperback,"Feb 15, 2021",Independently published
0,https://www.amazon.com/dp/B08WS879HC,B08WS879HC,"Personalized Writing Notebook Journal for Teresa Name Flowers Color Cover: Budget, 8.5 x 11 inch, A4, 21.59 x 27.94 cm, Journal, Passion, Over 110 Pages, To Do, Money, Journal",Shelley Castaneda,Paperback,"Feb 15, 2021",Independently published
0,https://www.amazon.com/dp/B08WS7X6H8,B08WS7X6H8,"Personalized Writing Notebook Journal for Trace Name Flowers Color Cover: Journal, Journal, To Do, Budget, Passion, 21.59 x 27.94 cm, A4, Over 110 Pages, Money, 8.5 x 11 inch",Shelley Castaneda,Paperback,"Feb 15, 2021",Independently published
0,https://www.amazon.com/dp/B08WS7X6FP,B08WS7X6FP,"Personalized Writing Notebook Journal for Titus Name Flowers Color Cover: A4, Passion, Journal, 8.5 x 11 inch, 21.59 x 27.94 cm, To Do, Over 110 Pages, Journal, Money, Budget",Shelley Castaneda,Paperback,"Feb 15, 2021",Independently published
0,https://www.amazon.com/dp/B08WS7X6DD,B08WS7X6DD,"Personalized Writing Notebook Journal for Thiago Name Flowers Color Cover: Journal, Passion, 21.59 x 27.94 cm, Budget, Journal, A4, To Do, 8.5 x 11 inch, Money, Over 110 Pages",Shelley Castaneda,Paperback,"Feb 15, 2021",Independently published
0,https://www.amazon.com/dp/B08WS7X6BY,B08WS7X6BY,"Personalized Writing Notebook Journal for Theo Name Flowers Color Cover: 21.59 x 27.94 cm, Journal, Money, Over 110 Pages, Budget, To Do, 8.5 x 11 inch, A4, Passion, Journal",Shelley Castaneda,Paperback,"Feb 15, 2021",Independently published
0,https://www.amazon.com/dp/B08VYHP24C,B08VYHP24C,How to become the Richest & most powerful (What is Spirituality - 1. How to overcome stress),saravanan ramachandran,Kindle,"Feb 3, 2021",
0,https://www.amazon.com/dp/B08S9BW6Y9,B08S9BW6Y9,"Leadership, Gender and Ethics: Embodied Reason in Challenging Masculinities (Routledge Studies in Leadership Research)",David Knights,Paperback,"Feb 3, 2021",Routledge
0,https://www.amazon.com/dp/B08VRQT2KQ,B08VRQT2KQ,Defenseless Moments: A different perspective on serious injuries,Larry Wilson,Kindle,"Feb 2, 2021",
0,https://www.amazon.com/dp/B08YQCS7BX,B08YQCS7BX,ENCUENTRA LOS NÚMEROS: Juegos para agilizar tu memoria visual. Anímate a encontrar los números. Todas las soluciones al final del cuaderno. (Spanish Edition),Fabita Kids,Paperback,"Feb 28, 2021",Independently published
0,https://www.amazon.com/dp/B08XLGGG1S,B08XLGGG1S,Manual of the Judge Advocate General (JAGMAN): January 2021,Office of the Judge Advocate General,Hardcover,"Feb 28, 2021",Independently published
0,https://www.amazon.com/dp/B0B5K9W5C6,B0B5K9W5C6,Little Jack,Michael Neece,Paperback,"Feb 28, 2021",Michael Neece
0,https://www.amazon.com/dp/B08WZLYYMZ,B08WZLYYMZ,Daily Planner: 100 Day Goal Planner,Catalina LuluRayofLife,Paperback,"Feb 17, 2021",Independently published
0,https://www.amazon.com/dp/B08WZL1QD2,B08WZL1QD2,If At First You Don't Succeed Try Doing What Human Resources Told You To Do The First Time: Funny Gag Gift Notebook Journal For Co-workers | Friends ... Journal | Coworker Gifts 6x9 lined Notebook,Coworkers Motivation Published,Paperback,"Feb 17, 2021",Independently published
0,https://www.amazon.com/dp/B08WZH8J5C,B08WZH8J5C,If At First You Don't Succeed Try Doing What Human Resources Told You To Do The First Time: Funny Gag Gift Notebook Journal For Co-workers | Friends ... Journal | Coworker Gifts 6x9 lined Notebook,Coworkers Motivation Published,Paperback,"Feb 17, 2021",Independently published
0,https://www.amazon.com/dp/B08WZGRYFD,B08WZGRYFD,"Goal Setting Planner: Hearts Goal Setting Planner, Daily Goal Setting Planner Gratitude Journal Notebook Diary Log Book Organizer | To Do Today ... Setting Goals Getter, 120 pages, Size 6"" x 9",Sybille Gottschalk,Paperback,"Feb 17, 2021",Independently published
0,https://www.amazon.com/dp/B08WZFTRP2,B08WZFTRP2,If At First You Don't Succeed Try Doing What Human Resources Told You To Do The First Time: Funny Gag Gift Notebook Journal For Co-workers | Friends ... Journal | Coworker Gifts 6x9 lined Notebook,Coworkers Motivation Published,Paperback,"Feb 17, 2021",Independently published
0,https://www.amazon.com/dp/B08WZCV95R,B08WZCV95R,Boss Babe Get Things Done: Boss Babe Lady Notebook Gift for Women Lined 6 x 9 size.,Coral & Calla,Paperback,"Feb 17, 2021",Independently published
0,https://www.amazon.com/dp/B08WZCCWQR,B08WZCCWQR,Mind Mapping Journal: A simple way to plan your ideas using this notebook,Toma Bonciu,Paperback,"Feb 17, 2021",Independently published
0,https://www.amazon.com/dp/B08WZBYY4D,B08WZBYY4D,If At First You Don't Succeed Try Doing What Human Resources Told You To Do The First Time: Funny Gag Gift Notebook Journal For Co-workers | Friends ... Journal | Coworker Gifts 6x9 lined Notebook,Coworkers Motivation Published,Paperback,"Feb 17, 2021",Independently published
0,https://www.amazon.com/dp/B08WZBYY3Y,B08WZBYY3Y,If At First You Don't Succeed Try Doing What Human Resources Told You To Do The First Time: Funny Gag Gift Notebook Journal For Co-workers | Friends ... Journal | Coworker Gifts 6x9 lined Notebook,Coworkers Motivation Published,Paperback,"Feb 17, 2021",Independently published
0,https://www.amazon.com/dp/B08WYDVMQR,B08WYDVMQR,If At First You Don't Succeed Try Doing What Human Resources Told You To Do The First Time: Funny Gag Gift Notebook Journal For Co-workers | Friends ... Journal | Coworker Gifts 6x9 lined Notebook,Coworkers Motivation Published,Paperback,"Feb 17, 2021",Independently published
0,https://www.amazon.com/dp/B08WV3PQGM,B08WV3PQGM,How to save money effectively: Long story short,Kania Walkofeach,Paperback,"Feb 17, 2021",Independently published
0,https://www.amazon.com/dp/B08VN8LQD8,B08VN8LQD8,Affiliate marketing edges: Common mistake by users,Mohammed Raffiq,Kindle,"Feb 1, 2021",
0,https://www.amazon.com/dp/B08WS7X6BL,B08WS7X6BL,"Personalized Writing Notebook Journal for Thatcher Name Flowers Color Cover: 21.59 x 27.94 cm, Over 110 Pages, Money, To Do, Passion, 8.5 x 11 inch, Journal, Budget, A4, Journal",Shelley Castaneda,Paperback,"Feb 15, 2021",Independently published
0,https://www.amazon.com/dp/B08WS5DJK3,B08WS5DJK3,"Personalized Writing Notebook Journal for Violet Name Flowers Color Cover: A4, Budget, Over 110 Pages, Passion, Journal, 8.5 x 11 inch, Money, To Do, 21.59 x 27.94 cm, Journal",Shelley Castaneda,Paperback,"Feb 15, 2021",Independently published
0,https://www.amazon.com/dp/B08WS5DJFH,B08WS5DJFH,"Personalized Writing Notebook Journal for Vance Name Flowers Color Cover: Budget, 8.5 x 11 inch, 21.59 x 27.94 cm, To Do, Passion, A4, Journal, Over 110 Pages, Journal, Money",Shelley Castaneda,Paperback,"Feb 15, 2021",Independently published
0,https://www.amazon.com/dp/B08WS5DJD1,B08WS5DJD1,"Personalized Writing Notebook Journal for Valentino Name Flowers Color Cover: 8.5 x 11 inch, Journal, A4, Money, Budget, To Do, Passion, Over 110 Pages, Journal, 21.59 x 27.94 cm",Shelley Castaneda,Paperback,"Feb 15, 2021",Independently published
0,https://www.amazon.com/dp/B08WS5DJ8W,B08WS5DJ8W,"Personalized Writing Notebook Journal for Tristian Name Flowers Color Cover: Passion, 21.59 x 27.94 cm, Over 110 Pages, To Do, A4, Money, Journal, 8.5 x 11 inch, Journal, Budget",Shelley Castaneda,Paperback,"Feb 15, 2021",Independently published
0,https://www.amazon.com/dp/1867318954,1867318954,Customer Perceived Value A Complete Guide,Gerardus Blokdyk,Paperback,"Feb 15, 2021",5STARCooks
0,https://www.amazon.com/dp/0655934596,0655934596,CRM A Complete Guide - 2020 Edition,Gerardus Blokdyk,Paperback,"Feb 15, 2021",5STARCooks
0,https://www.amazon.com/dp/B08WSGYG9Q,B08WSGYG9Q,"Order Book Small Business: Customer OrderTracking Forms, Daily Sales Logbook | Pink Floral Theme",BillYear Studio,Paperback,"Feb 14, 2021",Independently published
0,https://www.amazon.com/dp/B08WPC4HLK,B08WPC4HLK,Book Keeping Log For Small Business: Simple Sales Order Tracker Log book To Keep Track of Your Customer Purchase Order Forms for Small Online or ... Daily Bookkeeping Journal (wooden background),Gtr Karbo,Paperback,"Feb 13, 2021",Independently published
0,https://www.amazon.com/dp/B08WP95DMB,B08WP95DMB,Book Keeping Log For Small Business: Simple Sales Order Tracker Log book To Keep Track of Your Customer Purchase Order Forms for Small Online or ... Daily Bookkeeping Journal (blue flowers),Gtr Karbo,Paperback,"Feb 13, 2021",Independently published
0,https://www.amazon.com/dp/B08WP8DSLT,B08WP8DSLT,Book Keeping Log For Small Business: Simple Sales Order Tracker Log book To Keep Track of Your Customer Purchase Order Forms for Small Online or ... Ideal Daily Bookkeeping Journal (golden text),Gtr Karbo,Paperback,"Feb 13, 2021",Independently published
0,https://www.amazon.com/dp/B08WP7H4VN,B08WP7H4VN,Book Keeping Log For Small Business: Simple Sales Order Tracker Log book To Keep Track of Your Customer Purchase Order Forms for Small Online or ... Ideal Daily Bookkeeping Journal (red flowers),Gtr Karbo,Paperback,"Feb 13, 2021",Independently published
0,https://www.amazon.com/dp/B08WP27F4G,B08WP27F4G,Book Keeping Log For Small Business: Simple Sales Order Tracker Log book To Keep Track of Your Customer Purchase Order Forms for Small Online or ... Daily Bookkeeping Journal (floral design),Gtr Karbo,Paperback,"Feb 13, 2021",Independently published
0,https://www.amazon.com/dp/B08WNY4XQT,B08WNY4XQT,Order Log Book: For Your Small Business to Keep Track Your Customer Order,Akila M. Ramses,Paperback,"Feb 13, 2021",Independently published
0,https://www.amazon.com/dp/3030350533,3030350533,Eurasian Business Perspectives: Proceedings of the 25th Eurasia Business and Economics Society Conference (Eurasian Studies in Business and Economics),Mehmet Huseyin Bilgin,Paperback,"Feb 11, 2021",Springer
0,https://www.amazon.com/dp/B08XS5S988,B08XS5S988,"Today is where your book begins, the rest is still unwritten: Ruled inspirational Diary (journal, notebook) 6""x9"" inch for teens, women, 160 pages for writing",Triss Evergrounds,Paperback,"Feb 28, 2021",Independently published
0,https://www.amazon.com/dp/B08XRZLG7H,B08XRZLG7H,Liz: Keep Calm And Let Liz Handle It - Liz Name Custom Gift Planner Calendar Notebook Journal,Jennie's Planners,Paperback,"Feb 28, 2021",Independently published
0,https://www.amazon.com/dp/B08XNBYCJX,B08XNBYCJX,Pecan's First Day of School: Book two (Pecan 1st series),Roger James,Paperback,"Feb 28, 2021",Independently published
0,https://www.amazon.com/dp/1867323311,1867323311,Personal Development Planning A Complete Guide,Gerardus Blokdyk,Paperback,"Feb 16, 2021",5STARCooks
0,https://www.amazon.com/dp/B08WZ6V75X,B08WZ6V75X,"Thank you: attitude of gratitude This is a lined notebook (lined front and back). Simple and elegant. 120 pages, high quality cover and (6 x 9) inches in size.",City Book,Paperback,"Feb 16, 2021",Independently published
0,https://www.amazon.com/dp/B08WVCCRGN,B08WVCCRGN,"Congrats! You Did It, You're Retiring - Keepsake Memory Book: Gift Book for Retirees with Pages for Messages, Well Wishes, Photos, Mementos, and a Gift Log",Journals by Melody Wynn,Paperback,"Feb 16, 2021",Independently published
0,https://www.amazon.com/dp/B08WV3Y7QV,B08WV3Y7QV,"be the light in the dark: This is a lined notebook (lined front and back). Simple and elegant. 120 pages, high quality cover and (6 x 9) inches in size.",City Book,Paperback,"Feb 16, 2021",Independently published
0,https://www.amazon.com/dp/B08WJZD73D,B08WJZD73D,Cottage Guestbook: A Guest Book For Your Cottage Or Vacation Home Guests,Clamorous Journals,Paperback,"Feb 10, 2021",Independently published
0,https://www.amazon.com/dp/B08WK3XXN8,B08WK3XXN8,"Order Book for Small Business: Sales Record Keeping Log, Purchase Order Forms for Online Businesses and Retail Store",Miles Mitchell,Paperback,"Feb 9, 2021",Independently published
0,https://www.amazon.com/dp/B08WK2JNKC,B08WK2JNKC,"VISITOR REGISTER: Visitor log book, visitor sign-in and out book, d cover",al phonce,Paperback,"Feb 9, 2021",Independently published
0,https://www.amazon.com/dp/B08WJTPRGJ,B08WJTPRGJ,"Order Book for Small Business: Sales Record Keeping Log, Purchase Order Forms for Online Businesses and Retail Store",Miles Mitchell,Paperback,"Feb 9, 2021",Independently published
0,https://www.amazon.com/dp/1867319985,1867319985,Customer Survey A Complete Guide - 2020 Edition,Gerardus Blokdyk,Paperback,"Feb 8, 2021",5STARCooks
0,https://www.amazon.com/dp/186731942X,186731942X,Customer Profile A Complete Guide,Gerardus Blokdyk,Paperback,"Feb 8, 2021",5STARCooks
0,https://www.amazon.com/dp/B08WS7X61Z,B08WS7X61Z,"Business Notebook for Sales Representative: The most important information from the meetings in one notebook, perfect for all salesman and companies",Aneta Miel Art,Paperback,"Feb 6, 2021",Independently published
0,https://www.amazon.com/dp/B08W7SPMP4,B08W7SPMP4,"Do it with passion or not at all: Motivational inspirational Notebook, Journal, Diary (110 Pages, Blank, 6 x 9)",Lucas Stephan,Paperback,"Feb 6, 2021",Independently published
0,https://www.amazon.com/dp/B08W7SH4D6,B08W7SH4D6,Clients Book: Your Important Clients,Lukas May,Paperback,"Feb 6, 2021",Independently published
0,https://www.amazon.com/dp/B08W7JTVYT,B08W7JTVYT,"Broken crayons still color: Motivational funny blank Notebook, Journal, Diary (110 Pages, Blank, 6 x 9)",Lucas Stephan,Paperback,"Feb 6, 2021",Independently published
0,https://www.amazon.com/dp/B08W3K8R5W,B08W3K8R5W,"Client Tracking Book: Hair stylist data organizer | Hairdresser helper client| Client record profile| Record customer's information | 8.5"" x 11with 125 Pages",Stylist  smart Hairdresser,Paperback,"Feb 4, 2021",Independently published
0,https://www.amazon.com/dp/B08VYJLV1T,B08VYJLV1T,KING OF BUSINESS: Mastery of Customer Relations Psychology,Abayomi Adeniyi Ajala,Paperback,"Feb 4, 2021",Independently published
0,https://www.amazon.com/dp/1867319195,1867319195,Customer Advisory Council A Complete Guide,Gerardus Blokdyk,Paperback,"Feb 3, 2021",5STARCooks
0,https://www.amazon.com/dp/0655932143,0655932143,OSS BSS Customer Experience Management A Complete Guide,Gerardus Blokdyk,Paperback,"Feb 3, 2021",5STARCooks
0,https://www.amazon.com/dp/0655907688,0655907688,Key Account Manager A Complete Guide,Gerardus Blokdyk,Paperback,"Feb 3, 2021",5STARCooks
0,https://www.amazon.com/dp/B08XSX369G,B08XSX369G,Guitar Scales Unleashed: The Workbook (Left-Handed),Nan Mogar,Paperback,"Feb 28, 2021",
0,https://www.amazon.com/dp/B091JCMBHJ,B091JCMBHJ,Woodcarving Illustrated Issue 66 Spring 2014 (Woodcarving Illustrated Magazine),Editors of Woodcarving Illustrated,Kindle,"Feb 28, 2021",Fox Chapel Publishing
0,https://www.amazon.com/dp/B08WV2XQDM,B08WV2XQDM,"Happy Retirement from All of Us Keepsake Memory Book: Gift Book for Retirees with Pages for Messages, Well Wishes, Photos, Mementos, and a Gift Log",Journals by Melody Wynn,Paperback,"Feb 16, 2021",Independently published
0,https://www.amazon.com/dp/B08WSDVZG9,B08WSDVZG9,"Goal Setting Planner: Cute Owls Goal Setting Planner, Daily Goal Setting Planner Gratitude Journal Notebook Diary Log Book Organizer | To Do Today ... Setting Goals Getter, 120 pages, Size 6"" x 9",Juliane Schmitt,Paperback,"Feb 16, 2021",Independently published
0,https://www.amazon.com/dp/B08WS8836T,B08WS8836T,"Goal Setting Planner: Hearts Goal Setting Planner, Daily Goal Setting Planner Gratitude Journal Notebook Diary Log Book Organizer | To Do Today ... Setting Goals Getter, 120 pages, Size 6"" x 9",Juliane Schmitt,Paperback,"Feb 16, 2021",Independently published
0,https://www.amazon.com/dp/1736714600,1736714600,RESETTING THE JEWEL IN THE CROWN: A Roadmap for Rebuilding India,Solomon Darwin,Paperback,"Feb 16, 2021",Peaceful Evolution Publishing
0,https://www.amazon.com/dp/B093KN6Q8C,B093KN6Q8C,Many thanks for all your hard work we are so thankful for all that you do!Teamwork Awards| Appreciation Gifts for Employees |Teamwork Gifts |Office ... Employee Appreciation Gifts for Staff,Max Caden,Paperback,"Feb 15, 2021",Independently published
0,https://www.amazon.com/dp/B08WVCCQYR,B08WVCCQYR,Sassy Irish Lassie: 6 x 9 Blank Lined Notebook | St. Patrick's Day Gag Gifts For Ladies (St. Patrick's Day Books),Big Gags Publishing,Paperback,"Feb 15, 2021",Independently published
0,https://www.amazon.com/dp/B08WV3Y5PD,B08WV3Y5PD,"Don't Stop Until You Are Proud: Lined Notebook/Journal, 100 pages, 6 x 9, soft cover, maths finish.",S.M Creativity,Paperback,"Feb 15, 2021",Independently published
0,https://www.amazon.com/dp/B08WV2W5NB,B08WV2W5NB,Yes i can do it: And say to the impossible it impossible to be impossible.,Simple Man,Paperback,"Feb 15, 2021",Independently published
0,https://www.amazon.com/dp/B08WTZR8YM,B08WTZR8YM,Thank you for the fantastic job you have been doing for our company lately.Teamwork Awards| Appreciation Gifts for Employees| Teamwork Gifts| Office ... Gifts) Paperback Employee Appreciation Gifts,MAX CADEN,Paperback,"Feb 15, 2021",Independently published
0,https://www.amazon.com/dp/B08WTYL69S,B08WTYL69S,"Goal Setting Planner: Cute Owls Goal Setting Planner, Daily Goal Setting Planner Gratitude Journal Notebook Diary Log Book Organizer | To Do Today ... Setting Goals Getter, 120 pages, Size 6"" x 9",Sibylle Mai,Paperback,"Feb 15, 2021",Independently published
0,https://www.amazon.com/dp/B08WTYL5ZQ,B08WTYL5ZQ,"Goal Setting Planner: Cute Owls Goal Setting Planner, Daily Goal Setting Planner Gratitude Journal Notebook Diary Log Book Organizer | To Do Today ... Setting Goals Getter, 120 pages, Size 6"" x 9",Daniela Peters,Paperback,"Feb 15, 2021",Independently published
0,https://www.amazon.com/dp/B08WTWBR8J,B08WTWBR8J,"Goal Setting Planner: Cute Owls Goal Setting Planner, Daily Goal Setting Planner Gratitude Journal Notebook Diary Log Book Organizer | To Do Today ... Setting Goals Getter, 120 pages, Size 6"" x 9",Hans-Jochen Hildebrandt,Paperback,"Feb 15, 2021",Independently published
0,https://www.amazon.com/dp/B08WSH7V2B,B08WSH7V2B,"Concentrate on the good things about to happen: 6X9 Journal for Writing down Daily Habits, Diary Notebook (Inspirational, Motivational Journal for ... Energizing, Positive, Spiritual Quotes 2021.)",Algrium Publishing,Paperback,"Feb 15, 2021",Independently published
0,https://www.amazon.com/dp/B091J8DNJT,B091J8DNJT,Woodcarving Illustrated Issue 73 Holiday 2015 (Woodcarving Illustrated Magazine),Editors of Woodcarving Illustrated,Kindle,"Feb 28, 2021",Fox Chapel Publishing
0,https://www.amazon.com/dp/B08VY8PKRR,B08VY8PKRR,"Address Book: Record Your People's Contacts: Phone Numbers, Emails, Addresses and Notes",Web Dev,Paperback,"Feb 2, 2021",Independently published
0,https://www.amazon.com/dp/1867333627,1867333627,Lead Scoring A Complete Guide,Gerardus Blokdyk,Paperback,"Feb 2, 2021",5STARCooks
0,https://www.amazon.com/dp/0655929045,0655929045,Customer Journey Analytics And Big Data A Complete Guide,Gerardus Blokdyk,Paperback,"Feb 2, 2021",5STARCooks
0,https://www.amazon.com/dp/B08WSFVBM6,B08WSFVBM6,"Change how YOU think of yourself, and YOU change how YOU feel.: 6X9 Journal for Writing down Daily Habits, Diary Notebook (Inspirational, Motivational ... Empowering, Positive, Spiritual Quotes 2021.)",Algrium Publishing,Paperback,"Feb 15, 2021",Independently published
0,https://www.amazon.com/dp/B08WSFVBFS,B08WSFVBFS,"Goal Setting Planner: Owl Goal Setting Planner, Daily Goal Setting Planner Gratitude Journal Notebook Diary Log Book Organizer | To Do Today Checklist ... Setting Goals Getter, 120 pages, Size 6"" x 9",Hans-Jochen Hildebrandt,Paperback,"Feb 15, 2021",Independently published
0,https://www.amazon.com/dp/B08WSDSGQ8,B08WSDSGQ8,"Goal Setting Planner: Owl Goal Setting Planner, Daily Goal Setting Planner Gratitude Journal Notebook Diary Log Book Organizer | To Do Today Checklist ... Setting Goals Getter, 120 pages, Size 6"" x 9",Daniela Peters,Paperback,"Feb 15, 2021",Independently published
0,https://www.amazon.com/dp/B08WSDRKXX,B08WSDRKXX,"Goal Setting Planner: Owl Goal Setting Planner, Daily Goal Setting Planner Gratitude Journal Notebook Diary Log Book Organizer | To Do Today Checklist ... Setting Goals Getter, 120 pages, Size 6"" x 9",Juliane Schmitt,Paperback,"Feb 15, 2021",Independently published
0,https://www.amazon.com/dp/B08WSC5BK4,B08WSC5BK4,"Believe and you WILL Receive: 6X9 Journal for Writing down Daily Habits, Diary Notebook (Inspirational, Motivational Journal for Women, Men, Teens to ... Energizing, Positive, Spiritual Quotes 2021.)",Algrium Publishing,Paperback,"Feb 15, 2021",Independently published
0,https://www.amazon.com/dp/B08WSC5BCN,B08WSC5BCN,"Be Positive Your Focus Will Change: 6X9 Journal for Writing down Daily Habits, Diary Notebook (Inspirational, Motivational Journal for Women, Men, ... Energizing, Positive, Spiritual Quotes 2021.)",Algrium Publishing,Paperback,"Feb 15, 2021",Independently published
0,https://www.amazon.com/dp/B08WS9H3M1,B08WS9H3M1,Project Notebook,Creative Factory,Paperback,"Feb 15, 2021",Independently published
0,https://www.amazon.com/dp/B08WS9H2W1,B08WS9H2W1,"Goal Setting Planner: Owl Goal Setting Planner, Daily Goal Setting Planner Gratitude Journal Notebook Diary Log Book Organizer | To Do Today Checklist ... Setting Goals Getter, 120 pages, Size 6"" x 9",Heidemarie Weiss,Paperback,"Feb 15, 2021",Independently published
0,https://www.amazon.com/dp/B08WS9H2NW,B08WS9H2NW,"Goal Setting Planner: Cute Owls Goal Setting Planner, Daily Goal Setting Planner Gratitude Journal Notebook Diary Log Book Organizer | To Do Today ... Setting Goals Getter, 120 pages, Size 6"" x 9",Dirk Neubert,Paperback,"Feb 15, 2021",Independently published
0,https://www.amazon.com/dp/B08WS9FZN8,B08WS9FZN8,"Goal Setting Planner: Owl Goal Setting Planner, Daily Goal Setting Planner Gratitude Journal Notebook Diary Log Book Organizer | To Do Today Checklist ... Setting Goals Getter, 120 pages, Size 6"" x 9",Traute Köhler,Paperback,"Feb 15, 2021",Independently published
0,https://www.amazon.com/dp/B08WS7X6TH,B08WS7X6TH,"Daily To-Do List - Bunny with Basket Design: To-Do List Lined Notebook, Great Gift for Easter, Valentine's Day, Birthday, Just Because",Dandelion & Lemon Books,Paperback,"Feb 15, 2021",Independently published
0,https://www.amazon.com/dp/B08WS5DJB3,B08WS5DJB3,"Concentrate on abundance to attract more abundance into your life: 6X9 Journal for Writing down Daily Habits, Diary Notebook (Inspirational, ... Energizing, Positive, Spiritual Quotes 2021)",Algrium Publishing,Paperback,"Feb 15, 2021",Independently published
0,https://www.amazon.com/dp/B08WP7ZZCW,B08WP7ZZCW,"Goal Setting Planner: Funny Owls Goal Setting Planner, Daily Goal Setting Planner Gratitude Journal Notebook Diary Log Book Organizer | To Do Today ... Setting Goals Getter, 120 pages, Size 6"" x 9",Alois Schaller,Paperback,"Feb 15, 2021",Independently published
0,https://www.amazon.com/dp/1867307219,1867307219,Data Privacy A Complete Guide - 2020 Edition,Gerardus Blokdyk,Paperback,"Feb 15, 2021",5STARCooks
0,https://www.amazon.com/dp/0655928847,0655928847,AI Ethics Committee A Complete Guide,Gerardus Blokdyk,Paperback,"Feb 15, 2021",5STARCooks
0,https://www.amazon.com/dp/0655908536,0655908536,Data Oversight A Complete Guide,Gerardus Blokdyk,Paperback,"Feb 15, 2021",5STARCooks
0,https://www.amazon.com/dp/B08WSHF9X6,B08WSHF9X6,"Goal Setting Planner: Owl Goal Setting Planner, Daily Goal Setting Planner Gratitude Journal Notebook Diary Log Book Organizer | To Do Today Checklist ... Setting Goals Getter, 120 pages, Size 6"" x 9",Dirk Neubert,Paperback,"Feb 14, 2021",Independently published
0,https://www.amazon.com/dp/B08WSHF9W4,B08WSHF9W4,"Actually I Can! Lined Journal: 6x9 Notebook for the Strong Woman, or Man.",Terry Helliker,Paperback,"Feb 14, 2021",Independently published
0,https://www.amazon.com/dp/B08WSHF9NV,B08WSHF9NV,"Things I Want To Say At Work But Can't: Funny Blank Lined Notebook Journal Gag Gift For Coworkers, Employees And Office Staff",Highland Retro Press,Paperback,"Feb 14, 2021",Independently published
0,https://www.amazon.com/dp/B08WSHF9MG,B08WSHF9MG,"Times my cat was a real jerk: Funny Gag Gift Notebook Journal For Co-workers, Friends and Family | 6x9 lined Notebook, 120 Pages (Funny Office Notebooks)",Coworkers Motivation Published,Paperback,"Feb 14, 2021",Independently published
0,https://www.amazon.com/dp/B08WSHBL8S,B08WSHBL8S,"it's ok to take a break: This is a lined notebook (lined front and back). Simple and elegant. 120 pages, high quality cover and (6 x 9) inches in size.",City Book,Paperback,"Feb 14, 2021",
0,https://www.amazon.com/dp/B08WSHBL5C,B08WSHBL5C,"it's ok to take a break: This is a lined notebook (lined front and back). Simple and elegant. 120 pages, high quality cover and (6 x 9) inches in size.",City Book,Paperback,"Feb 14, 2021",Independently published
0,https://www.amazon.com/dp/B08WSHBL48,B08WSHBL48,"Times my cat was a real jerk: Funny Gag Gift Notebook Journal For Co-workers, Friends and Family | 6x9 lined Notebook, 120 Pages (Funny Office Notebooks)",Coworkers Motivation Published,Paperback,"Feb 14, 2021",Independently published
0,https://www.amazon.com/dp/B08WSH7TDF,B08WSH7TDF,"I’m a babe, I’m a boss and I’m makin’ this money: This is a lined notebook (lined front and back). Simple and elegant. 120 pages, high quality cover and (6 x 9) inches in size.",City Book,Paperback,"Feb 14, 2021",Independently published
0,https://www.amazon.com/dp/B08WSH7T52,B08WSH7T52,"Times my cat was a real jerk: Funny Gag Gift Notebook Journal For Co-workers, Friends and Family | 6x9 lined Notebook, 120 Pages (Funny Office Notebooks)",Coworkers Motivation Published,Paperback,"Feb 14, 2021",Independently published
0,https://www.amazon.com/dp/B08WSH7T4X,B08WSH7T4X,"Times my cat was a real jerk: Funny Gag Gift Notebook Journal For Co-workers, Friends and Family | 6x9 lined Notebook, 120 Pages (Funny Office Notebooks)",Coworkers Motivation Published,Paperback,"Feb 14, 2021",Independently published
0,https://www.amazon.com/dp/B08WSH7T4W,B08WSH7T4W,"Times my cat was a real jerk: Funny Gag Gift Notebook Journal For Co-workers, Friends and Family | 6x9 lined Notebook, 120 Pages (Funny Office Notebooks)",Coworkers Motivation Published,Paperback,"Feb 14, 2021",Independently published
0,https://www.amazon.com/dp/B08WSGW9ZX,B08WSGW9ZX,"Be The Change That You Wish To See In The World: Journal Notebook Change and inspirational motivational Gandhi size 6"" x 9"" 120 lined pages",josepho oweb,Paperback,"Feb 14, 2021",Independently published
0,https://www.amazon.com/dp/B08WSGRQS1,B08WSGRQS1,Just Another Magic Thursday Motivational Quote: This motivational notebook journal will keep your motivation up. 120 pages 6 * 9 size and therefore ... motivation and the notes for your motivation,Tizian Motivation,Paperback,"Feb 14, 2021",Independently published
0,https://www.amazon.com/dp/B08WSFWZP1,B08WSFWZP1,"Farewell tequila, so long margarita. And lady sativa, I hate to leave ya: This is a lined notebook (lined front and back). Simple and elegant. 120 pages, high quality cover and (6 x 9) inches in size.",City Book,Paperback,"Feb 14, 2021",Independently published
0,https://www.amazon.com/dp/B08XRV332D,B08XRV332D,Happy: Beach Themed Notebook Gift Ideas For Beach Lovers Or Ocean Lovers,Quaintrelle Publishing,Paperback,"Feb 28, 2021",Independently published
0,https://www.amazon.com/dp/B08WSFWZNY,B08WSFWZNY,"I need somebody who can take control: This is a lined notebook (lined front and back). Simple and elegant. 120 pages, high quality cover and (6 x 9) inches in size.",City Book,Paperback,"Feb 14, 2021",Independently published
0,https://www.amazon.com/dp/B08WSFNG2C,B08WSFNG2C,Just Another Magic Monday Motivational Quote: This motivational notebook journal will keep your motivation up. 120 pages 6 * 9 size and therefore the ... motivation and the notes for your motivation,Tizian Motivation,Paperback,"Feb 14, 2021",Independently published
0,https://www.amazon.com/dp/B08WSDVZS1,B08WSDVZS1,"Times my cat was a real jerk: Funny Gag Gift Notebook Journal For Co-workers, Friends and Family | 6x9 lined Notebook, 120 Pages (Funny Office Notebooks)",Coworkers Motivation Published,Paperback,"Feb 14, 2021",
0,https://www.amazon.com/dp/B08WSDSG92,B08WSDSG92,"You know what you’re doin’ to me: This is a lined notebook (lined front and back). Simple and elegant. 120 pages, high quality cover and (6 x 9) inches in size.",City Book,Paperback,"Feb 14, 2021",Independently published
0,https://www.amazon.com/dp/B08WSDSG8Q,B08WSDSG8Q,"It was you who taught me living is togetherness: This is a lined notebook (lined front and back). Simple and elegant. 120 pages, high quality cover and (6 x 9) inches in size.",City Book,Paperback,"Feb 14, 2021",Independently published
0,https://www.amazon.com/dp/B08WSDSG8C,B08WSDSG8C,Always wanted to be one of those people in the room that says something and everyone puts their hand up: This is a lined notebook (lined front and ... quality cover and (6 x 9) inches in size.,City Book,Paperback,"Feb 14, 2021",Independently published
0,https://www.amazon.com/dp/B08WSDRK2K,B08WSDRK2K,"Goal Setting Planner: Owls and Flowers Goal Setting Planner, Daily Goal Setting Planner Gratitude Journal Notebook Diary Log Book Organizer | To Do ... Setting Goals Getter, 120 pages, Size 6"" x 9",Toni Kaufmann,Paperback,"Feb 14, 2021",
0,https://www.amazon.com/dp/B08WSDRJZ7,B08WSDRJZ7,"Goal Setting Planner: Owls Goal Setting Planner, Daily Goal Setting Planner Gratitude Journal Notebook Diary Log Book Organizer | To Do Today ... Setting Goals Getter, 120 pages, Size 6"" x 9",Sibylle Mai,Paperback,"Feb 14, 2021",Independently published
0,https://www.amazon.com/dp/B08WSDNDLF,B08WSDNDLF,"Goal Setting Planner: Owls Goal Setting Planner, Daily Goal Setting Planner Gratitude Journal Notebook Diary Log Book Organizer | To Do Today ... Setting Goals Getter, 120 pages, Size 6"" x 9",Sibylle Mai,Paperback,"Feb 14, 2021",Independently published
0,https://www.amazon.com/dp/B08WSD74GF,B08WSD74GF,Just Another Magic Saturday Motivational Quote: This motivational notebook journal will keep your motivation up. 120 pages 6 * 9 size and therefore ... motivation and the notes for your motivation,Tizian Motivation,Paperback,"Feb 14, 2021",Independently published
0,https://www.amazon.com/dp/B08WSC59WH,B08WSC59WH,"it's ok to take a break: This is a lined notebook (lined front and back). Simple and elegant. 120 pages, high quality cover and (6 x 9) inches in size.",City Book,Paperback,"Feb 14, 2021",Independently published
0,https://www.amazon.com/dp/B08WSC59WD,B08WSC59WD,"it's ok to take a break: This is a lined notebook (lined front and back). Simple and elegant. 120 pages, high quality cover and (6 x 9) inches in size.",City Book,Paperback,"Feb 14, 2021",Independently published
0,https://www.amazon.com/dp/B08WSC59TR,B08WSC59TR,"it's ok to take a break: This is a lined notebook (lined front and back). Simple and elegant. 120 pages, high quality cover and (6 x 9) inches in size.",City Book,Paperback,"Feb 14, 2021",Independently published
0,https://www.amazon.com/dp/B08WSC59QJ,B08WSC59QJ,"Times my cat was a real jerk: Funny Gag Gift Notebook Journal For Co-workers, Friends and Family | 6x9 lined Notebook, 120 Pages (Funny Office Notebooks)",Coworkers Motivation Published,Paperback,"Feb 14, 2021",Independently published
0,https://www.amazon.com/dp/B08WSC599P,B08WSC599P,"Goal Setting Planner: Colorful Owls Goal Setting Planner, Daily Goal Setting Planner Gratitude Journal Notebook Diary Log Book Organizer | To Do Today ... Setting Goals Getter, 120 pages, Size 6"" x 9",Dirk Neubert,Paperback,"Feb 14, 2021",Independently published
0,https://www.amazon.com/dp/B08WSC4W9X,B08WSC4W9X,Suffer Now and Live your Life Motivational Quote: This motivational notebook journal will keep your motivation up. 120 pages 6 * 9 size and therefore ... motivation and the notes for your motivation,Tizian Motivation,Paperback,"Feb 14, 2021",Independently published
0,https://www.amazon.com/dp/B08XN7J1RB,B08XN7J1RB,Dot To Dot Mindfulness: A unique activity book for hand mind coordination in children and adults | Art for anxiety and stress,Ramya Srinivasan,Paperback,"Feb 28, 2021",Independently published
0,https://www.amazon.com/dp/B08XR18SD8,B08XR18SD8,Beach Shop Boobs,Orinoco Jones,Kindle,"Feb 28, 2021",
0,https://www.amazon.com/dp/B08XXFVK7P,B08XXFVK7P,"Pantry Inventory List: Log Book, Planner, Record And Track Food Inventory, Checklist Kitchen Stock, Supply for Freezer, Refrigerator (Pantry Inventory Log)",Toby Blunder,Paperback,"Feb 28, 2021",Independently published
0,https://www.amazon.com/dp/B08WS9XYFC,B08WS9XYFC,Just Another Magic Friday Motivational Quote: This motivational notebook journal will keep your motivation up. 120 pages 6 * 9 size and therefore the ... motivation and the notes for your motivation,Tizian Motivation,Paperback,"Feb 14, 2021",Independently published
0,https://www.amazon.com/dp/B08WS9H2BQ,B08WS9H2BQ,"it's ok to take a break: This is a lined notebook (lined front and back). Simple and elegant. 120 pages, high quality cover and (6 x 9) inches in size.""",City Book,Paperback,"Feb 14, 2021",Independently published
0,https://www.amazon.com/dp/B08WS9FYM4,B08WS9FYM4,Just Another Magic Tuesday Motivational Quote: This motivational notebook journal will keep your motivation up. 120 pages 6 * 9 size and therefore the ... motivation and the notes for your motivation,Tizian Motivation,Paperback,"Feb 14, 2021",
0,https://www.amazon.com/dp/B08WS9DWGJ,B08WS9DWGJ,"it's ok to take a break: This is a lined notebook (lined front and back). Simple and elegant. 120 pages, high quality cover and (6 x 9) inches in size.",City Book,Paperback,"Feb 14, 2021",Independently published
0,https://www.amazon.com/dp/B08WS9DWGF,B08WS9DWGF,"it's ok to take a break: This is a lined notebook (lined front and back). Simple and elegant. 120 pages, high quality cover and (6 x 9) inches in size.",City Book,Paperback,"Feb 14, 2021",Independently published
0,https://www.amazon.com/dp/B08WS9DWC8,B08WS9DWC8,"Times my cat was a real jerk: Funny Gag Gift Notebook Journal For Co-workers, Friends and Family | 6x9 lined Notebook, 120 Pages (Funny Office Notebooks)",Coworkers Motivation Published,Paperback,"Feb 14, 2021",Independently published
0,https://www.amazon.com/dp/B08WS9DW74,B08WS9DW74,"Goal Setting Planner: Cute Owl Goal Setting Planner, Daily Goal Setting Planner Gratitude Journal Notebook Diary Log Book Organizer | To Do Today ... Setting Goals Getter, 120 pages, Size 6"" x 9",Heidemarie Weiss,Paperback,"Feb 14, 2021",Independently published
0,https://www.amazon.com/dp/B08WS9DVTB,B08WS9DVTB,Just Another Magic Sunday Motivational Quote: This motivational notebook journal will keep your motivation up. 120 pages 6 * 9 size and therefore the ... motivation and the notes for your motivation,Tizian Motivation,Paperback,"Feb 14, 2021",Independently published
0,https://www.amazon.com/dp/B08WS991BS,B08WS991BS,"It’s a hard time finding your freedom: This is a lined notebook (lined front and back). Simple and elegant. 120 pages, high quality cover and (6 x 9) inches in size.",City Book,Paperback,"Feb 14, 2021",Independently published
0,https://www.amazon.com/dp/B08WS98ZJM,B08WS98ZJM,"Goal Setting Planner: Cute Owls Goal Setting Planner, Daily Goal Setting Planner Gratitude Journal Notebook Diary Log Book Organizer | To Do Today ... Setting Goals Getter, 120 pages, Size 6"" x 9",Hans-Jochen Hildebrandt,Paperback,"Feb 14, 2021",Independently published
0,https://www.amazon.com/dp/B08WS97217,B08WS97217,"Goal Setting Planner: Owls Goal Setting Planner, Daily Goal Setting Planner Gratitude Journal Notebook Diary Log Book Organizer | To Do Today ... Setting Goals Getter, 120 pages, Size 6"" x 9",Monique Gross,Paperback,"Feb 14, 2021",Independently published
0,https://www.amazon.com/dp/B08WS8PS4R,B08WS8PS4R,How Far Can I Push Myself Motivational Quote: This motivational notebook journal will keep your motivation up. 120 pages 6 * 9 size and therefore the ... motivation and the notes for your motivation,Tizian Motivation,Paperback,"Feb 14, 2021",Independently published
0,https://www.amazon.com/dp/B08WS8N2DC,B08WS8N2DC,Never Give up Motivational Quote Unbeatable: This motivational notebook journal will keep your motivation up. 120 pages 6 * 9 size and therefore the ... motivation and the notes for your motivation,Tizian Motivation,Paperback,"Feb 14, 2021",Independently published
0,https://www.amazon.com/dp/B08WS8DS92,B08WS8DS92,Motivational Quote Give Up what Weighs you Down: This motivational notebook journal will keep your motivation up. 120 pages 6 * 9 size and therefore ... motivation and the notes for your motivation,Tizian Motivation,Paperback,"Feb 14, 2021",Independently published
0,https://www.amazon.com/dp/B08WS883S9,B08WS883S9,"Stars Can't Shine Without Darkness: Motivational & Inspirational Notebook / Journal to Take Notes Ideal Gift for Kids and Adults size 6"" x 9"" 120 lined pages",Joseph Oweb,Paperback,"Feb 14, 2021",Independently published
0,https://www.amazon.com/dp/B08WS883NY,B08WS883NY,"I would sell my soul for a bit more time: This is a lined notebook (lined front and back). Simple and elegant. 120 pages, high quality cover and (6 x 9) inches in size.",City Book,Paperback,"Feb 14, 2021",Independently published
0,https://www.amazon.com/dp/B08XQ4DLBK,B08XQ4DLBK,Gains & Gasses,Brad Jade,Kindle,"Feb 28, 2021",
0,https://www.amazon.com/dp/B08XS5LB34,B08XS5LB34,"Baby Hand & Footprint: First Year Memory Book , notebook , album , Baby Journal for Boys or Girls , Keepsake & Photo Journal.",Lina's editions,Paperback,"Feb 28, 2021",Independently published
0,https://www.amazon.com/dp/B08Y4FHKWF,B08Y4FHKWF,"I Don’t Need A Prince To Be A Princess . When I'm The Daughter Of A King: Blank Journal - Notebook for Women of all Ages & Teenage Girls to Write In , ... Inspirational Quote, Motivational Journal",Special One Design,Paperback,"Feb 28, 2021",Independently published
0,https://www.amazon.com/dp/B08WS883NL,B08WS883NL,"I’ve loved and I’ve lost but that’s not what I see: This is a lined notebook (lined front and back). Simple and elegant. 120 pages, high quality cover and (6 x 9) inches in size.",City Book,Paperback,"Feb 14, 2021",Independently published
0,https://www.amazon.com/dp/B08WS883FQ,B08WS883FQ,"Times my cat was a real jerk: Funny Gag Gift Notebook Journal For Co-workers, Friends and Family | 6x9 lined Notebook, 120 Pages (Funny Office Notebooks)",Coworkers Motivation Published,Paperback,"Feb 14, 2021",Independently published
0,https://www.amazon.com/dp/B08WS882TK,B08WS882TK,Shake The World in a Gentle Way Motivational Quote: This motivational notebook journal will keep your motivation up. 120 pages 6 * 9 size and ... motivation and the notes for your motivation,Tizian Motivation,Paperback,"Feb 14, 2021",Independently published
0,https://www.amazon.com/dp/B08WS882T9,B08WS882T9,Attitude for a good day Motivational Quote: This motivational notebook journal will keep your motivation up. 120 pages 6 * 9 size and therefore the ... motivation and the notes for your motivation,Tizian Motivation,Paperback,"Feb 14, 2021",Independently published
0,https://www.amazon.com/dp/B08WS7X5Y7,B08WS7X5Y7,"Keep switchin’ your alibi, or stutterin’ when you reply. You can’t even look me in the eye. Oh, I can tell, I know you’re lyin: This is a lined ... quality cover and (6 x 9) inches in size.",City Book,Paperback,"Feb 14, 2021",Independently published
0,https://www.amazon.com/dp/B08WS7X5SV,B08WS7X5SV,"it's ok to take a break: This is a lined notebook (lined front and back). Simple and elegant. 120 pages, high quality cover and (6 x 9) inches in size.",City Book,Paperback,"Feb 14, 2021",Independently published
0,https://www.amazon.com/dp/B08WS77YCB,B08WS77YCB,"Goal Setting Planner: Owls Goal Setting Planner, Daily Goal Setting Planner Gratitude Journal Notebook Diary Log Book Organizer | To Do Today ... Setting Goals Getter, 120 pages, Size 6"" x 9",Cathrin Stephan,Paperback,"Feb 14, 2021",Independently published
0,https://www.amazon.com/dp/B08WS77YBM,B08WS77YBM,"Goal Setting Planner: Owl and Flowers Goal Setting Planner, Daily Goal Setting Planner Gratitude Journal Notebook Diary Log Book Organizer | To Do ... Setting Goals Getter, 120 pages, Size 6"" x 9",Mathias Mertens,Paperback,"Feb 14, 2021",Independently published
0,https://www.amazon.com/dp/B08WS77Y8F,B08WS77Y8F,"Goal Setting Planner: Owl and Flowers Goal Setting Planner, Daily Goal Setting Planner Gratitude Journal Notebook Diary Log Book Organizer | To Do ... Setting Goals Getter, 120 pages, Size 6"" x 9",Sina Seidel,Paperback,"Feb 14, 2021",Independently published
0,https://www.amazon.com/dp/B08WS7721J,B08WS7721J,"I’m Not Bossy I Just Know What You Should Be Doing: Hilarious Gag Gifts for Men and Women, Blank Lined Journal to Write In for Him or Her",LITTLE B.B.,Paperback,"Feb 14, 2021",Independently published
0,https://www.amazon.com/dp/B08WS5KHL1,B08WS5KHL1,"Goal Setting Planner: Owl and Flowers Goal Setting Planner, Daily Goal Setting Planner Gratitude Journal Notebook Diary Log Book Organizer | To Do ... Setting Goals Getter, 120 pages, Size 6"" x 9",Vera Lohmann,Paperback,"Feb 14, 2021",Independently published
0,https://www.amazon.com/dp/B08WS5KH7Y,B08WS5KH7Y,"Be Smart NoteBook: Notebook / Journal Gift to Take Notes Ideal Gift for all Smart People size 6"" x 9"" 120 lined pages",NoteyBook Be Smart,Paperback,"Feb 14, 2021",Independently published
0,https://www.amazon.com/dp/B08WS5KGXV,B08WS5KGXV,"Goal Setting Planner: Cartoon Owls Goal Setting Planner, Daily Goal Setting Planner Gratitude Journal Notebook Diary Log Book Organizer | To Do Today ... Setting Goals Getter, 120 pages, Size 6"" x 9",Francesco Krause,Paperback,"Feb 14, 2021",Independently published
0,https://www.amazon.com/dp/B08WS5DHL1,B08WS5DHL1,"it's ok to take a break: This is a lined notebook (lined front and back). Simple and elegant. 120 pages, high quality cover and (6 x 9) inches in size.",City Book,Paperback,"Feb 14, 2021",Independently published
0,https://www.amazon.com/dp/B08WS5DHDP,B08WS5DHDP,"Times my cat was a real jerk: Funny Gag Gift Notebook Journal For Co-workers, Friends and Family | 6x9 lined Notebook, 120 Pages (Funny Office Notebooks)",Coworkers Motivation Published,Paperback,"Feb 14, 2021",Independently published
0,https://www.amazon.com/dp/B08WS5DGZ4,B08WS5DGZ4,Just Another Magic Wednesday Motivational Quote: This motivational notebook journal will keep your motivation up. 120 pages 6 * 9 size and therefore ... motivation and the notes for your motivation,Tizian Motivation,Paperback,"Feb 14, 2021",Independently published
0,https://www.amazon.com/dp/B08XQPJLJK,B08XQPJLJK,FM 6-27 COMMANDER'S HANDBOOK ON THE LAW OF LAND WARFARE,Luc Boudreaux,Paperback,"Feb 28, 2021",
0,https://www.amazon.com/dp/B08XNVDG5X,B08XNVDG5X,100 LINQ PUZZLES: for Job Interviews and Certification Exams,Cristian Scutaru,Paperback,"Feb 28, 2021",Independently published
0,https://www.amazon.com/dp/B08XXC4CST,B08XXC4CST,El desafío de la fotografía de 30 días: 30 ejercicios prácticos de fotografía que desafían tu creatividad para disparar y mejorar tu habilidad. ... fotógrafos. Hombres mujeres (Spanish Edition),Rogelio Yniguez,Paperback,"Feb 28, 2021",
0,https://www.amazon.com/dp/B08XNDNSKC,B08XNDNSKC,"EASTER Coloring Book: Rabbits, Eggs, Baskets and Many More Coloring Pages for Kids Ages 3-6",Simon Christian,Paperback,"Feb 28, 2021",Independently published
0,https://www.amazon.com/dp/B08WS2WNF9,B08WS2WNF9,"Goal Setting Planner: Owls Goal Setting Planner, Daily Goal Setting Planner Gratitude Journal Notebook Diary Log Book Organizer | To Do Today ... Setting Goals Getter, 120 pages, Size 6"" x 9",Juliane Schmitt,Paperback,"Feb 14, 2021",Independently published
0,https://www.amazon.com/dp/B08WS2W9Q4,B08WS2W9Q4,"Goal Setting Planner: Owls Goal Setting Planner, Daily Goal Setting Planner Gratitude Journal Notebook Diary Log Book Organizer | To Do Today ... Setting Goals Getter, 120 pages, Size 6"" x 9",Stefanie Jansen,Paperback,"Feb 14, 2021",Independently published
0,https://www.amazon.com/dp/B08WS2L3ZB,B08WS2L3ZB,"Goal Setting Planner: Owl and Flowers Goal Setting Planner, Daily Goal Setting Planner Gratitude Journal Notebook Diary Log Book Organizer | To Do ... Setting Goals Getter, 120 pages, Size 6"" x 9",Daniela Peters,Paperback,"Feb 14, 2021",Independently published
0,https://www.amazon.com/dp/B08WS4YM3R,B08WS4YM3R,"Goal Setting Planner: Owls Goal Setting Planner, Daily Goal Setting Planner Gratitude Journal Notebook Diary Log Book Organizer | To Do Today ... Setting Goals Getter, 120 pages, Size 6"" x 9",Mathias Mertens,Paperback,"Feb 13, 2021",Independently published
0,https://www.amazon.com/dp/B08WRYD8Y4,B08WRYD8Y4,"Goal Setting Planner: Owls Goal Setting Planner, Daily Goal Setting Planner Gratitude Journal Notebook Diary Log Book Organizer | To Do Today ... Setting Goals Getter, 120 pages, Size 6"" x 9",Juliane Schmitt,Paperback,"Feb 13, 2021",Independently published
0,https://www.amazon.com/dp/B08WRYCG4S,B08WRYCG4S,"Goal Setting Planner: Cartoon Owls Goal Setting Planner, Daily Goal Setting Planner Gratitude Journal Notebook Diary Log Book Organizer | To Do Today ... Setting Goals Getter, 120 pages, Size 6"" x 9",Monique Gross,Paperback,"Feb 13, 2021",Independently published
0,https://www.amazon.com/dp/B08WRWT9LJ,B08WRWT9LJ,"Goal Setting Planner: Owls Goal Setting Planner, Daily Goal Setting Planner Gratitude Journal Notebook Diary Log Book Organizer | To Do Today ... Setting Goals Getter, 120 pages, Size 6"" x 9",Vera Lohmann,Paperback,"Feb 13, 2021",Independently published
0,https://www.amazon.com/dp/B08WP9GJDV,B08WP9GJDV,"Goal Setting Planner: Owls Goal Setting Planner, Daily Goal Setting Planner Gratitude Journal Notebook Diary Log Book Organizer | To Do Today ... Setting Goals Getter, 120 pages, Size 6"" x 9",Simona Eder,Paperback,"Feb 13, 2021",Independently published
0,https://www.amazon.com/dp/B08WP8DSJJ,B08WP8DSJJ,"Goal Setting Planner: Cute Owls Goal Setting Planner, Daily Goal Setting Planner Gratitude Journal Notebook Diary Log Book Organizer | To Do Today ... Setting Goals Getter, 120 pages, Size 6"" x 9",Vanessa Engelmann,Paperback,"Feb 13, 2021",Independently published
0,https://www.amazon.com/dp/B08WP8CBTS,B08WP8CBTS,Podcast Planner: Journal for Planning the Perfect Podcast,Paul Brand,Paperback,"Feb 13, 2021",Independently published
0,https://www.amazon.com/dp/B08WP82T5H,B08WP82T5H,"Let's Drink Coffee and Talk About Our Co-Workers: Humorous Online Meeting Gift for Team, Boss, Co-Worker|Novelty Blank Lined Meeting ... Ideas (Funny Online Meeting Notebook/Journal)",Shells Snarky Press,Paperback,"Feb 13, 2021",Independently published
0,https://www.amazon.com/dp/B08WP82S2W,B08WP82S2W,"Goal Setting Planner: Owl Cartoon Goal Setting Planner, Daily Goal Setting Planner Gratitude Journal Notebook Diary Log Book Organizer | To Do Today ... Setting Goals Getter, 120 pages, Size 6"" x 9",Cathrin Stephan,Paperback,"Feb 13, 2021",Independently published
0,https://www.amazon.com/dp/B08WP79SS3,B08WP79SS3,"Goal Setting Planner: Cute Owls Goal Setting Planner, Daily Goal Setting Planner Gratitude Journal Notebook Diary Log Book Organizer | To Do Today ... Setting Goals Getter, 120 pages, Size 6"" x 9",Stefanie Jansen,Paperback,"Feb 13, 2021",Independently published
0,https://www.amazon.com/dp/B08WP79SD7,B08WP79SD7,"Goal Setting Planner: Colorful Owls Goal Setting Planner, Daily Goal Setting Planner Gratitude Journal Notebook Diary Log Book Organizer | To Do Today ... Setting Goals Getter, 120 pages, Size 6"" x 9",Fredi Schmidt,Paperback,"Feb 13, 2021",Independently published
0,https://www.amazon.com/dp/B08WP766HN,B08WP766HN,"My Greatest Accomplishment Today Is Not Saying What I Think Out Loud: Funny Online Meeting Gift for Team, Boss, Co-Worker|Blank Lined Meeting ... Ideas (Funny Online Meeting Notebook/Journal)",Shells Snarky Press,Paperback,"Feb 13, 2021",Independently published
0,https://www.amazon.com/dp/B08WP541C4,B08WP541C4,"Goal Setting Planner: Funny Birds Goal Setting Planner, Daily Goal Setting Planner Gratitude Journal Notebook Diary Log Book Organizer | To Do Today ... Setting Goals Getter, 120 pages, Size 6"" x 9",Hüseyin Geiger,Paperback,"Feb 13, 2021",Independently published
0,https://www.amazon.com/dp/B08XQVDB65,B08XQVDB65,Bimbo Stories: Second Collection,Nel Symington,Kindle,"Feb 28, 2021",
0,https://www.amazon.com/dp/B08WP3LM21,B08WP3LM21,"Goal Setting Planner: Floral Fishes Goal Setting Planner, Daily Goal Setting Planner Gratitude Journal Notebook Diary Log Book Organizer | To Do Today ... Setting Goals Getter, 120 pages, Size 6"" x 9",Juliane Schmitt,Paperback,"Feb 13, 2021",
0,https://www.amazon.com/dp/B08WP3LLNQ,B08WP3LLNQ,"Goal Setting Planner: Cute Owls Goal Setting Planner, Daily Goal Setting Planner Gratitude Journal Notebook Diary Log Book Organizer | To Do Today ... Setting Goals Getter, 120 pages, Size 6"" x 9",Sibylle Mai,Paperback,"Feb 13, 2021",Independently published
0,https://www.amazon.com/dp/B08WP3DCX7,B08WP3DCX7,"Goal Setting Planner: Owls Goal Setting Planner, Daily Goal Setting Planner Gratitude Journal Notebook Diary Log Book Organizer | To Do Today ... Setting Goals Getter, 120 pages, Size 6"" x 9",Sina Seidel,Paperback,"Feb 13, 2021",Independently published
0,https://www.amazon.com/dp/B08WP2BD2L,B08WP2BD2L,"Goal Setting Planner: Owl Goal Setting Planner, Daily Goal Setting Planner Gratitude Journal Notebook Diary Log Book Organizer | To Do Today Checklist ... Setting Goals Getter, 120 pages, Size 6"" x 9",Carola Michel,Paperback,"Feb 13, 2021",Independently published
0,https://www.amazon.com/dp/B08WP1YB5R,B08WP1YB5R,"Goal Setting Planner: Funny Owls Goal Setting Planner, Daily Goal Setting Planner Gratitude Journal Notebook Diary Log Book Organizer | To Do Today ... Setting Goals Getter, 120 pages, Size 6"" x 9",Hanspeter Steffens,Paperback,"Feb 13, 2021",Independently published
0,https://www.amazon.com/dp/B08WNYDB4V,B08WNYDB4V,"Goal Setting Planner: Owl Cartoon Goal Setting Planner, Daily Goal Setting Planner Gratitude Journal Notebook Diary Log Book Organizer | To Do Today ... Setting Goals Getter, 120 pages, Size 6"" x 9",Hüseyin Geiger,Paperback,"Feb 13, 2021",Independently published
0,https://www.amazon.com/dp/B08WNY5F2Y,B08WNY5F2Y,"Goal Setting Planner: Colorful Owls Goal Setting Planner, Daily Goal Setting Planner Gratitude Journal Notebook Diary Log Book Organizer | To Do Today ... Setting Goals Getter, 120 pages, Size 6"" x 9",Sibylle Mai,Paperback,"Feb 13, 2021",Independently published
0,https://www.amazon.com/dp/B08WNY5DV2,B08WNY5DV2,"Goal Setting Planner: Owls Goal Setting Planner, Daily Goal Setting Planner Gratitude Journal Notebook Diary Log Book Organizer | To Do Today ... Setting Goals Getter, 120 pages, Size 6"" x 9",Alois Schaller,Paperback,"Feb 13, 2021",Independently published
0,https://www.amazon.com/dp/B08WNY58V5,B08WNY58V5,"Ask, Believe, Receive: 6X9 Journal for Writing down Daily Habits, Diary Notebook (Inspirational, Motivational Journal for Women, Men, Teens to write ... Energizing, Positive, Spiritual Quotes 2021.)",Algrium Publishing,Paperback,"Feb 13, 2021",Independently published
0,https://www.amazon.com/dp/B08WNY58MQ,B08WNY58MQ,"Goal Setting Planner: Owl Goal Setting Planner, Daily Goal Setting Planner Gratitude Journal Notebook Diary Log Book Organizer | To Do Today Checklist ... Setting Goals Getter, 120 pages, Size 6"" x 9",Carola Michel,Paperback,"Feb 13, 2021",Independently published
0,https://www.amazon.com/dp/B08WNY4Y9J,B08WNY4Y9J,"Goal Setting Planner: Cute Owls Goal Setting Planner, Daily Goal Setting Planner Gratitude Journal Notebook Diary Log Book Organizer | To Do Today ... Setting Goals Getter, 120 pages, Size 6"" x 9",Cathrin Stephan,Paperback,"Feb 13, 2021",
0,https://www.amazon.com/dp/B08WNPQBN7,B08WNPQBN7,"Goal Setting Planner: Owl Cartoon Goal Setting Planner, Daily Goal Setting Planner Gratitude Journal Notebook Diary Log Book Organizer | To Do Today ... Setting Goals Getter, 120 pages, Size 6"" x 9",Klaudia Philipp,Paperback,"Feb 13, 2021",Independently published
0,https://www.amazon.com/dp/1869228855,1869228855,12 Lenses into Diversity in South Africa,Preeya Daya,Paperback,"Feb 12, 2021",
0,https://www.amazon.com/dp/B08WP82SBV,B08WP82SBV,"Personalized Writing Notebook Journal for Sutton Name Flowers Color Cover: A4, Budget, Over 110 Pages, Money, 21.59 x 27.94 cm, Passion, To Do, 8.5 x 11 inch, Journal, Journal",Shelley Castaneda,Paperback,"Feb 12, 2021",Independently published
0,https://www.amazon.com/dp/B08WP82RB1,B08WP82RB1,"Personalized Writing Notebook Journal for Sylvie Name Flowers Color Cover: Money, Journal, Passion, Journal, To Do, 21.59 x 27.94 cm, 8.5 x 11 inch, Over 110 Pages, A4, Budget",Shelley Castaneda,Paperback,"Feb 12, 2021",Independently published
0,https://www.amazon.com/dp/B08WP82R8Y,B08WP82R8Y,"Goal Setting Planner: Owls Goal Setting Planner, Daily Goal Setting Planner Gratitude Journal Notebook Diary Log Book Organizer | To Do Today ... Setting Goals Getter, 120 pages, Size 6"" x 9",Carola Michel,Paperback,"Feb 12, 2021",Independently published
0,https://www.amazon.com/dp/B08WP7ZYTD,B08WP7ZYTD,"Personalized Writing Notebook Journal for Sylas Name Flowers Color Cover: Passion, A4, Over 110 Pages, 21.59 x 27.94 cm, 8.5 x 11 inch, Money, Journal, To Do, Budget, Journal",Shelley Castaneda,Paperback,"Feb 12, 2021",Independently published
0,https://www.amazon.com/dp/B08WP79T6M,B08WP79T6M,"Goal Setting Planner: Cute Owls Goal Setting Planner, Daily Goal Setting Planner Gratitude Journal Notebook Diary Log Book Organizer | To Do Today ... Setting Goals Getter, 120 pages, Size 6"" x 9",Cathrin Stephan,Paperback,"Feb 12, 2021",Independently published
0,https://www.amazon.com/dp/B08WP79T2T,B08WP79T2T,"Personalized Writing Notebook Journal for Sydney Name Flowers Color Cover: 21.59 x 27.94 cm, Budget, Journal, 8.5 x 11 inch, A4, To Do, Over 110 Pages, Journal, Passion, Money",Shelley Castaneda,Paperback,"Feb 12, 2021",
0,https://www.amazon.com/dp/B08WP765Q3,B08WP765Q3,"Goal Setting Planner: Cute Owls Goal Setting Planner, Daily Goal Setting Planner Gratitude Journal Notebook Diary Log Book Organizer | To Do Today ... Setting Goals Getter, 120 pages, Size 6"" x 9",Alois Schaller,Paperback,"Feb 12, 2021",Independently published
0,https://www.amazon.com/dp/B08WP765PL,B08WP765PL,"Personalized Writing Notebook Journal for Tadeo Name Flowers Color Cover: To Do, 21.59 x 27.94 cm, Over 110 Pages, A4, 8.5 x 11 inch, Money, Budget, Passion, Journal, Journal",Shelley Castaneda,Paperback,"Feb 12, 2021",
0,https://www.amazon.com/dp/B08WP51F8F,B08WP51F8F,"You matter: Motivational Inspirational Journal, Diary (110 Pages, Blank, 6 x 9)",Kenneth Oliver,Paperback,"Feb 12, 2021",Independently published
0,https://www.amazon.com/dp/B08WP374Y3,B08WP374Y3,"Personalized Writing Notebook Journal for Sylvia Name Flowers Color Cover: Money, Journal, Journal, 8.5 x 11 inch, Passion, Over 110 Pages, To Do, A4, Budget, 21.59 x 27.94 cm",Shelley Castaneda,Paperback,"Feb 12, 2021",Independently published
0,https://www.amazon.com/dp/B08WP1Y9MW,B08WP1Y9MW,"Personalized Writing Notebook Journal for Sunny Name Flowers Color Cover: Passion, Journal, Money, 21.59 x 27.94 cm, To Do, 8.5 x 11 inch, Over 110 Pages, Journal, Budget, A4",Shelley Castaneda,Paperback,"Feb 12, 2021",Independently published
0,https://www.amazon.com/dp/B08WP1XWSM,B08WP1XWSM,"Goal Setting Planner: Owls Goal Setting Planner, Daily Goal Setting Planner Gratitude Journal Notebook Diary Log Book Organizer | To Do Today ... Setting Goals Getter, 120 pages, Size 6"" x 9",Klaudia Philipp,Paperback,"Feb 12, 2021",Independently published
0,https://www.amazon.com/dp/B08WKCZWF4,B08WKCZWF4,"Personalized Writing Notebook Journal for Spencer Name Flowers Color Cover: Money, Budget, 8.5 x 11 inch, Passion, A4, 21.59 x 27.94 cm, To Do, Over 110 Pages, Journal, Journal",Shelley Castaneda,Paperback,"Feb 12, 2021",
0,https://www.amazon.com/dp/B08WKCTWQ8,B08WKCTWQ8,BEE The Best Version Of You Notebook: Inspirational & Motivational Journal For Woman Kids Girls Great For Gifts Planner Or Diary,Colorful Butterfly,Paperback,"Feb 12, 2021",
0,https://www.amazon.com/dp/B08WKCPZ5H,B08WKCPZ5H,"Personalized Writing Notebook Journal for Sullivan Name Flowers Color Cover: Money, Budget, Over 110 Pages, A4, Journal, 8.5 x 11 inch, Passion, Journal, To Do, 21.59 x 27.94 cm",Shelley Castaneda,Paperback,"Feb 12, 2021",Independently published
0,https://www.amazon.com/dp/B08WKBGC67,B08WKBGC67,"Personalized Writing Notebook Journal for Stetson Name Flowers Color Cover: To Do, Over 110 Pages, Passion, 8.5 x 11 inch, 21.59 x 27.94 cm, Budget, Journal, Journal, Money, A4",Shelley Castaneda,Paperback,"Feb 12, 2021",Independently published
0,https://www.amazon.com/dp/B08WKB2PCF,B08WKB2PCF,"Personalized Writing Notebook Journal for Seven Name Flowers Color Cover: Money, Budget, 8.5 x 11 inch, 21.59 x 27.94 cm, Over 110 Pages, A4, Journal, Journal, Passion, To Do",Shelley Castaneda,Paperback,"Feb 12, 2021",
0,https://www.amazon.com/dp/B08XQYTPBK,B08XQYTPBK,Spasatorum Quest (The Adventures of Lord Belmundus Book 14),Edward C Patterson,Paperback,"Feb 28, 2021",
0,https://www.amazon.com/dp/B08XS7T44K,B08XS7T44K,I Am The Rainbow Easter Bunny In My Family.: Gag Gift for Gay and Lesbian Notebook. Easter Basket Stuffer or Egg Hunting Award for Gays. LGBT Gag ... Wide-Ruled Paper (Rainbow Notebooks),Gay Gifts Booqs,Paperback,"Feb 28, 2021",
0,https://www.amazon.com/dp/B08WK9YPQX,B08WK9YPQX,"Personalized Writing Notebook Journal for Sophie Name Flowers Color Cover: 21.59 x 27.94 cm, A4, Journal, Journal, 8.5 x 11 inch, Over 110 Pages, Passion, To Do, Budget, Money",Shelley Castaneda,Paperback,"Feb 12, 2021",
0,https://www.amazon.com/dp/B08WK9T19X,B08WK9T19X,"Personalized Writing Notebook Journal for Stephen Name Flowers Color Cover: To Do, Journal, 8.5 x 11 inch, Budget, Money, Passion, A4, Over 110 Pages, Journal, 21.59 x 27.94 cm",Shelley Castaneda,Paperback,"Feb 12, 2021",Independently published
0,https://www.amazon.com/dp/B08WK9QM1G,B08WK9QM1G,"Personalized Writing Notebook Journal for Solomon Name Flowers Color Cover: A4, Over 110 Pages, Budget, To Do, 8.5 x 11 inch, Money, Journal, Passion, Journal, 21.59 x 27.94 cm",Shelley Castaneda,Paperback,"Feb 12, 2021",Independently published
0,https://www.amazon.com/dp/B08WK9LFDG,B08WK9LFDG,"Of Course I Struggle I Just Don't Quit: Business Women Notebook,Motivational and Inspirational Quotes Journal Notebook Or Diary For Men Women ,120 Blank Lined Pages 6"" X 9""",SupOne Journals,Paperback,"Feb 12, 2021",Independently published
0,https://www.amazon.com/dp/B08WK9H9XM,B08WK9H9XM,Only Good Things Notebook: Inspirational & Motivational Journal For Woman Kids Girls Great For Gifts Planner Or Diary,Colorful Butterfly,Paperback,"Feb 12, 2021",
0,https://www.amazon.com/dp/B08WK9H2TY,B08WK9H2TY,"Goal Setting Planner: Vintage Owl Goal Setting Planner, Daily Goal Setting Planner Gratitude Journal Notebook Diary Log Book Organizer | To Do Today ... Setting Goals Getter, 120 pages, Size 6"" x 9",Stefanie Jansen,Paperback,"Feb 12, 2021",
0,https://www.amazon.com/dp/B08WK98ZKX,B08WK98ZKX,"Personalized Writing Notebook Journal for Summer Name Flowers Color Cover: To Do, A4, Money, Over 110 Pages, Passion, Budget, Journal, 8.5 x 11 inch, Journal, 21.59 x 27.94 cm",Shelley Castaneda,Paperback,"Feb 12, 2021",
0,https://www.amazon.com/dp/B08WK9861R,B08WK9861R,"Personalized Writing Notebook Journal for Soren Name Flowers Color Cover: Journal, Passion, Budget, Money, 21.59 x 27.94 cm, A4, 8.5 x 11 inch, Over 110 Pages, Journal, To Do",Shelley Castaneda,Paperback,"Feb 12, 2021",
0,https://www.amazon.com/dp/B08WK97NR4,B08WK97NR4,"Personalized Writing Notebook Journal for Sonny Name Flowers Color Cover: Budget, Over 110 Pages, To Do, 21.59 x 27.94 cm, A4, Money, Journal, Journal, 8.5 x 11 inch, Passion",Shelley Castaneda,Paperback,"Feb 12, 2021",
0,https://www.amazon.com/dp/B08WK94M4G,B08WK94M4G,BEE The Best Version Of You Notebook: Inspirational & Motivational Journal For Woman Kids Girls Great For Gifts Planner Or Diary,Colorful Butterfly,Paperback,"Feb 12, 2021",
0,https://www.amazon.com/dp/B08WK8MNTN,B08WK8MNTN,BEE The Best Version Of You Notebook: Inspirational & Motivational Journal For Woman Kids Girls Great For Gifts Planner Or Diary,Colorful Butterfly,Paperback,"Feb 12, 2021",Independently published
0,https://www.amazon.com/dp/B08WK8MNTM,B08WK8MNTM,Social Media Planner: For Youtubers And Video Content Creators,Paul Brand,Paperback,"Feb 12, 2021",
0,https://www.amazon.com/dp/B08WK8MNT7,B08WK8MNT7,"Personalized Writing Notebook Journal for Sophia Name Flowers Color Cover: Journal, Money, Passion, Over 110 Pages, To Do, Budget, Journal, 21.59 x 27.94 cm, 8.5 x 11 inch, A4",Shelley Castaneda,Paperback,"Feb 12, 2021",Independently published
0,https://www.amazon.com/dp/B08WK8LFQB,B08WK8LFQB,"Personalized Writing Notebook Journal for Steven Name Flowers Color Cover: 21.59 x 27.94 cm, Journal, Budget, Journal, To Do, Money, Over 110 Pages, 8.5 x 11 inch, Passion, A4",Shelley Castaneda,Paperback,"Feb 12, 2021",
0,https://www.amazon.com/dp/B08WK8L2GH,B08WK8L2GH,"Personalized Writing Notebook Journal for Stefan Name Flowers Color Cover: A4, Journal, To Do, Over 110 Pages, 8.5 x 11 inch, Journal, 21.59 x 27.94 cm, Passion, Budget, Money",Shelley Castaneda,Paperback,"Feb 12, 2021",
0,https://www.amazon.com/dp/B08WK8J5QJ,B08WK8J5QJ,"Personalized Writing Notebook Journal for Scarlet Name Flowers Color Cover: A4, 8.5 x 11 inch, Over 110 Pages, 21.59 x 27.94 cm, Journal, Money, Budget, Passion, To Do, Journal",Shelley Castaneda,Paperback,"Feb 12, 2021",
0,https://www.amazon.com/dp/B08XQGR1WM,B08XQGR1WM,"Explicit erotic Sex Stories: A Filthy Collection of Adult Taboo tales: Milf, Gangbang, Cuckold, Lesbian, Teen, Orgasmic, Forbidden sex",Liz Nero,Kindle,"Feb 28, 2021",
0,https://www.amazon.com/dp/B08XN7J1R7,B08XN7J1R7,Boatneck Blouson Top Lace Motif Crochet Pattern: A loose-fitting seamless lace crochet motif pattern with wide boatneck and belted waist.,Kristen Stein,Paperback,"Feb 28, 2021",
0,https://www.amazon.com/dp/B08XS5L9HP,B08XS5L9HP,Music Notebook Journal: Notebook for Musicians | Blank Sheet Music Journal | Music Manuscript Paper for Music Lovers | Staff Manuscript Paper for Musicians | 120 pages | 6”x9”,Gabriela OR.,Paperback,"Feb 28, 2021",
0,https://www.amazon.com/dp/B08XS5L9CX,B08XS5L9CX,Volleyball Notes: Volleyball Record Book For Tracking Progress And Strategy Planning - The Perfect Gift For Volleyball Players,Meticulous Publishing,Paperback,"Feb 28, 2021",
0,https://www.amazon.com/dp/B08XLGGF3F,B08XLGGF3F,"Sudoku Large Print With Tips and Tricks: One Puzzle Per Page Large Print Sudoku puzzle book for adults, Over 200 Puzzles & Solutions, Easy to Super Hard Puzzles for Adults. Keep Your Brain Young",ELM Adam,Paperback,"Feb 28, 2021",
0,https://www.amazon.com/dp/B08WK8GSR3,B08WK8GSR3,"Personalized Writing Notebook Journal for Skylar Name Flowers Color Cover: 21.59 x 27.94 cm, A4, To Do, Journal, Passion, Budget, Over 110 Pages, Money, Journal, 8.5 x 11 inch",Shelley Castaneda,Paperback,"Feb 12, 2021",
0,https://www.amazon.com/dp/B08WK8F57V,B08WK8F57V,"Personalized Writing Notebook Journal for Sloan Name Flowers Color Cover: 21.59 x 27.94 cm, Money, To Do, Over 110 Pages, Journal, Budget, Passion, A4, Journal, 8.5 x 11 inch",Shelley Castaneda,Paperback,"Feb 12, 2021",Independently published
0,https://www.amazon.com/dp/B08WK8BGN8,B08WK8BGN8,"Personalized Writing Notebook Journal for Simone Name Flowers Color Cover: 21.59 x 27.94 cm, Journal, Journal, Passion, A4, Budget, 8.5 x 11 inch, Over 110 Pages, Money, To Do",Shelley Castaneda,Paperback,"Feb 12, 2021",
0,https://www.amazon.com/dp/B08WK8BB8K,B08WK8BB8K,"Personalized Writing Notebook Journal for Sterling Name Flowers Color Cover: Over 110 Pages, Passion, 21.59 x 27.94 cm, Budget, Journal, Money, A4, Journal, To Do, 8.5 x 11 inch",Shelley Castaneda,Paperback,"Feb 12, 2021",Independently published
0,https://www.amazon.com/dp/B08WK896L1,B08WK896L1,"Personalized Writing Notebook Journal for Stevie Name Flowers Color Cover: A4, To Do, Money, Journal, Over 110 Pages, Journal, 8.5 x 11 inch, Budget, 21.59 x 27.94 cm, Passion",Shelley Castaneda,Paperback,"Feb 12, 2021",
0,https://www.amazon.com/dp/B08WK87H8C,B08WK87H8C,"Personalized Writing Notebook Journal for Stella Name Flowers Color Cover: Journal, Money, A4, Budget, Over 110 Pages, Passion, Journal, 8.5 x 11 inch, To Do, 21.59 x 27.94 cm",Shelley Castaneda,Paperback,"Feb 12, 2021",
0,https://www.amazon.com/dp/B08WK87H7W,B08WK87H7W,"Goal Setting Planner: Random owls Goal Setting Planner, Daily Goal Setting Planner Gratitude Journal Notebook Diary Log Book Organizer | To Do Today ... Setting Goals Getter, 120 pages, Size 6"" x 9",Natalie Eckert,Paperback,"Feb 12, 2021",Independently published
0,https://www.amazon.com/dp/B08WK82MPM,B08WK82MPM,Only Good Things Notebook: Inspirational & Motivational Journal For Woman Kids Girls Great For Gifts Planner Or Diary,Colorful Butterfly,Paperback,"Feb 12, 2021",
0,https://www.amazon.com/dp/B08WK7TGFB,B08WK7TGFB,"Personalized Writing Notebook Journal for Sloane Name Flowers Color Cover: A4, Journal, 21.59 x 27.94 cm, To Do, Journal, 8.5 x 11 inch, Passion, Over 110 Pages, Money, Budget",Shelley Castaneda,Paperback,"Feb 12, 2021",
0,https://www.amazon.com/dp/B08WK7S1MS,B08WK7S1MS,"Personalized Writing Notebook Journal for Sevyn Name Flowers Color Cover: Budget, Over 110 Pages, Passion, Money, 21.59 x 27.94 cm, Journal, Journal, 8.5 x 11 inch, To Do, A4",Shelley Castaneda,Paperback,"Feb 12, 2021",
0,https://www.amazon.com/dp/B08WK7RNDZ,B08WK7RNDZ,"Personalized Writing Notebook Journal for Skyla Name Flowers Color Cover: Money, A4, 21.59 x 27.94 cm, Journal, Over 110 Pages, Budget, To Do, Journal, Passion, 8.5 x 11 inch",Shelley Castaneda,Paperback,"Feb 12, 2021",
0,https://www.amazon.com/dp/B08WK7QVCX,B08WK7QVCX,"Personalized Writing Notebook Journal for Stephanie Name Flowers Color Cover: A4, Over 110 Pages, Budget, 8.5 x 11 inch, Journal, To Do, Journal, Money, Passion, 21.59 x 27.94 cm",Shelley Castaneda,Paperback,"Feb 12, 2021",
0,https://www.amazon.com/dp/B08WK7Q55F,B08WK7Q55F,"Personalized Writing Notebook Journal for Serenity Name Flowers Color Cover: Over 110 Pages, 8.5 x 11 inch, Passion, Journal, 21.59 x 27.94 cm, Budget, To Do, A4, Journal, Money",Shelley Castaneda,Paperback,"Feb 12, 2021",
0,https://www.amazon.com/dp/B08WK7PB4F,B08WK7PB4F,"Personalized Writing Notebook Journal for Sofia Name Flowers Color Cover: Budget, Journal, Journal, To Do, Passion, 21.59 x 27.94 cm, 8.5 x 11 inch, Money, A4, Over 110 Pages",Shelley Castaneda,Paperback,"Feb 12, 2021",
0,https://www.amazon.com/dp/B08WK7LFF2,B08WK7LFF2,"Personalized Writing Notebook Journal for Stanley Name Flowers Color Cover: Money, 21.59 x 27.94 cm, 8.5 x 11 inch, Journal, Budget, Over 110 Pages, Journal, To Do, A4, Passion",Shelley Castaneda,Paperback,"Feb 12, 2021",
0,https://www.amazon.com/dp/B08WK6VCM6,B08WK6VCM6,"Personalized Writing Notebook Journal for Sky Name Flowers Color Cover: A4, Journal, To Do, Over 110 Pages, 21.59 x 27.94 cm, Journal, 8.5 x 11 inch, Money, Passion, Budget",Shelley Castaneda,Paperback,"Feb 12, 2021",
0,https://www.amazon.com/dp/B08WK6TWJP,B08WK6TWJP,"Personalized Writing Notebook Journal for Skyler Name Flowers Color Cover: Passion, Budget, Journal, Journal, To Do, Money, Over 110 Pages, A4, 21.59 x 27.94 cm, 8.5 x 11 inch",Shelley Castaneda,Paperback,"Feb 12, 2021",Independently published
0,https://www.amazon.com/dp/B08WK6TVPS,B08WK6TVPS,"Personalized Writing Notebook Journal for Shepherd Name Flowers Color Cover: 21.59 x 27.94 cm, Over 110 Pages, Journal, To Do, Journal, Money, Budget, 8.5 x 11 inch, A4, Passion",Shelley Castaneda,Paperback,"Feb 12, 2021",
0,https://www.amazon.com/dp/B08WK6QZ49,B08WK6QZ49,"Goal Setting Planner: Cute Owls Goal Setting Planner, Daily Goal Setting Planner Gratitude Journal Notebook Diary Log Book Organizer | To Do Today ... Setting Goals Getter, 120 pages, Size 6"" x 9",Fredi Schmidt,Paperback,"Feb 12, 2021",Independently published
0,https://www.amazon.com/dp/B08WK6QTPT,B08WK6QTPT,"Personalized Writing Notebook Journal for Selah Name Flowers Color Cover: 8.5 x 11 inch, Budget, Over 110 Pages, To Do, Money, Journal, Passion, A4, Journal, 21.59 x 27.94 cm",Shelley Castaneda,Paperback,"Feb 12, 2021",Independently published
0,https://www.amazon.com/dp/B08WK6LLNS,B08WK6LLNS,"Personalized Writing Notebook Journal for Shawn Name Flowers Color Cover: Money, Over 110 Pages, Passion, 21.59 x 27.94 cm, Budget, To Do, A4, Journal, 8.5 x 11 inch, Journal",Shelley Castaneda,Paperback,"Feb 12, 2021",Independently published
0,https://www.amazon.com/dp/B08WK6KCWD,B08WK6KCWD,"Personalized Writing Notebook Journal for Savannah Name Flowers Color Cover: Over 110 Pages, To Do, Money, Passion, Journal, A4, Budget, 8.5 x 11 inch, Journal, 21.59 x 27.94 cm",Shelley Castaneda,Paperback,"Feb 12, 2021",Independently published
0,https://www.amazon.com/dp/B08WK6JWPC,B08WK6JWPC,"Personalized Writing Notebook Journal for Sekani Name Flowers Color Cover: 8.5 x 11 inch, 21.59 x 27.94 cm, Money, Passion, Budget, Journal, To Do, Over 110 Pages, A4, Journal",Shelley Castaneda,Paperback,"Feb 12, 2021",
0,https://www.amazon.com/dp/B08WK6JQ47,B08WK6JQ47,"Personalized Writing Notebook Journal for Scarlette Name Flowers Color Cover: Budget, Money, A4, Journal, 21.59 x 27.94 cm, Journal, Over 110 Pages, To Do, Passion, 8.5 x 11 inch",Shelley Castaneda,Paperback,"Feb 12, 2021",
0,https://www.amazon.com/dp/B08WK6JMWL,B08WK6JMWL,"Goal Setting Planner: Abstract Ethnic Goal Setting Planner, Daily Goal Setting Planner Gratitude Journal Notebook Diary Log Book Organizer | To Do ... Setting Goals Getter, 120 pages, Size 6"" x 9",Klaudia Philipp,Paperback,"Feb 12, 2021",
0,https://www.amazon.com/dp/B08WK6FV9H,B08WK6FV9H,"Personalized Writing Notebook Journal for Samson Name Flowers Color Cover: 21.59 x 27.94 cm, Journal, Journal, To Do, 8.5 x 11 inch, Over 110 Pages, A4, Budget, Passion, Money",Shelley Castaneda,Paperback,"Feb 12, 2021",Independently published
0,https://www.amazon.com/dp/B08WK6FLPJ,B08WK6FLPJ,"Personalized Writing Notebook Journal for Siena Name Flowers Color Cover: Journal, 21.59 x 27.94 cm, To Do, Budget, Passion, A4, 8.5 x 11 inch, Journal, Money, Over 110 Pages",Shelley Castaneda,Paperback,"Feb 12, 2021",
0,https://www.amazon.com/dp/B08WK6FL4K,B08WK6FL4K,"Personalized Writing Notebook Journal for Shiloh Name Flowers Color Cover: Journal, Money, A4, To Do, 8.5 x 11 inch, 21.59 x 27.94 cm, Journal, Budget, Over 110 Pages, Passion",Shelley Castaneda,Paperback,"Feb 12, 2021",
0,https://www.amazon.com/dp/B08WK6D84V,B08WK6D84V,"Personalized Writing Notebook Journal for Sebastian Name Flowers Color Cover: 8.5 x 11 inch, Money, 21.59 x 27.94 cm, To Do, Journal, A4, Journal, Passion, Over 110 Pages, Budget",Shelley Castaneda,Paperback,"Feb 12, 2021",
0,https://www.amazon.com/dp/B0B8MG3JSH,B0B8MG3JSH,Le Mystérieux Coffret Brun,Francis Meinsohn,Paperback,"Feb 28, 2021",
0,https://www.amazon.com/dp/B08ZLM65XS,B08ZLM65XS,Our Carbon Footprint (Children Saving our Planet Series),Carol Sutters,Paperback,"Feb 28, 2021",AuthorHouse UK
0,https://www.amazon.com/dp/B08YD9C7BD,B08YD9C7BD,The Receiver: A Novella,Samara Mae,Paperback,"Feb 28, 2021",iUniverse
0,https://www.amazon.com/dp/B08Y6RYK3K,B08Y6RYK3K,Insanity in the Church: A Powerful Delusion Sent by God,Timothy Williams,Hardcover,"Aug 2, 2020",
0,https://www.amazon.com/dp/B08WK6CG2R,B08WK6CG2R,"Personalized Writing Notebook Journal for Saylor Name Flowers Color Cover: Budget, 21.59 x 27.94 cm, Money, 8.5 x 11 inch, Journal, Journal, Passion, Over 110 Pages, A4, To Do",Shelley Castaneda,Paperback,"Feb 12, 2021",
0,https://www.amazon.com/dp/B08WK6BJPN,B08WK6BJPN,"Let's Get Ready To Stumble: Notebook I Journal I Planner I 6 x 9 in with 120 Pages, Lined Design ,for all those who celebrate Saint Patricks Day",Printex Publishing,Paperback,"Feb 12, 2021",Independently published
0,https://www.amazon.com/dp/B08WK62F5Y,B08WK62F5Y,"Personalized Writing Notebook Journal for Simeon Name Flowers Color Cover: Over 110 Pages, To Do, Journal, A4, Passion, Budget, 8.5 x 11 inch, 21.59 x 27.94 cm, Journal, Money",Shelley Castaneda,Paperback,"Feb 12, 2021",
0,https://www.amazon.com/dp/B08WK626FM,B08WK626FM,"Personalized Writing Notebook Journal for Seth Name Flowers Color Cover: A4, To Do, 8.5 x 11 inch, Budget, Journal, Money, Over 110 Pages, 21.59 x 27.94 cm, Passion, Journal",Shelley Castaneda,Paperback,"Feb 12, 2021",
0,https://www.amazon.com/dp/B08WK5XDKV,B08WK5XDKV,"Personalized Writing Notebook Journal for Sara Name Flowers Color Cover: Journal, Journal, Over 110 Pages, Budget, A4, Passion, 21.59 x 27.94 cm, To Do, 8.5 x 11 inch, Money",Shelley Castaneda,Paperback,"Feb 12, 2021",Independently published
0,https://www.amazon.com/dp/B08WK5WR4D,B08WK5WR4D,"Personalized Writing Notebook Journal for Sarai Name Flowers Color Cover: Budget, 21.59 x 27.94 cm, Over 110 Pages, Journal, Journal, To Do, Passion, 8.5 x 11 inch, Money, A4",Shelley Castaneda,Paperback,"Feb 12, 2021",
0,https://www.amazon.com/dp/B08WK5W8JW,B08WK5W8JW,"Personalized Writing Notebook Journal for Selena Name Flowers Color Cover: Journal, Money, 8.5 x 11 inch, A4, Passion, 21.59 x 27.94 cm, Journal, Over 110 Pages, Budget, To Do",Shelley Castaneda,Paperback,"Feb 12, 2021",
0,https://www.amazon.com/dp/B08WK5TVRX,B08WK5TVRX,"Personalized Writing Notebook Journal for Skye Name Flowers Color Cover: Over 110 Pages, A4, Journal, 8.5 x 11 inch, Money, Budget, 21.59 x 27.94 cm, To Do, Passion, Journal",Shelley Castaneda,Paperback,"Feb 12, 2021",Independently published
0,https://www.amazon.com/dp/B08WK5T2H5,B08WK5T2H5,"Personalized Writing Notebook Journal for Sienna Name Flowers Color Cover: 21.59 x 27.94 cm, Journal, Journal, Money, A4, 8.5 x 11 inch, To Do, Passion, Over 110 Pages, Budget",Shelley Castaneda,Paperback,"Feb 12, 2021",
0,https://www.amazon.com/dp/B08WK5SGJR,B08WK5SGJR,"Personalized Writing Notebook Journal for Sierra Name Flowers Color Cover: Money, A4, To Do, Budget, Journal, Passion, 21.59 x 27.94 cm, Over 110 Pages, 8.5 x 11 inch, Journal",Shelley Castaneda,Paperback,"Feb 12, 2021",
0,https://www.amazon.com/dp/B08WK5S4XM,B08WK5S4XM,"Personalized Writing Notebook Journal for Sincere Name Flowers Color Cover: Journal, Money, To Do, 8.5 x 11 inch, A4, Budget, Passion, Journal, 21.59 x 27.94 cm, Over 110 Pages",Shelley Castaneda,Paperback,"Feb 12, 2021",
0,https://www.amazon.com/dp/B08WK5HM3C,B08WK5HM3C,"Personalized Writing Notebook Journal for Shelby Name Flowers Color Cover: To Do, Over 110 Pages, 8.5 x 11 inch, Journal, Journal, Budget, Passion, Money, 21.59 x 27.94 cm, A4",Shelley Castaneda,Paperback,"Feb 12, 2021",
0,https://www.amazon.com/dp/B08WK51ZZS,B08WK51ZZS,"Personalized Writing Notebook Journal for Shane Name Flowers Color Cover: 8.5 x 11 inch, Journal, Passion, Over 110 Pages, Journal, A4, To Do, Budget, 21.59 x 27.94 cm, Money",Shelley Castaneda,Paperback,"Feb 12, 2021",
0,https://www.amazon.com/dp/B08WK51ZXB,B08WK51ZXB,"Personalized Writing Notebook Journal for Serena Name Flowers Color Cover: Passion, 21.59 x 27.94 cm, Over 110 Pages, Journal, To Do, 8.5 x 11 inch, Money, Budget, A4, Journal",Shelley Castaneda,Paperback,"Feb 12, 2021",
0,https://www.amazon.com/dp/B08WK51ZVV,B08WK51ZVV,"Goal Setting Planner: Random Owls Goal Setting Planner, Daily Goal Setting Planner Gratitude Journal Notebook Diary Log Book Organizer | To Do Today ... Setting Goals Getter, 120 pages, Size 6"" x 9",Edeltraud Beier,Paperback,"Feb 12, 2021",
0,https://www.amazon.com/dp/B08WK51ZTB,B08WK51ZTB,"Personalized Writing Notebook Journal for Scott Name Flowers Color Cover: Over 110 Pages, To Do, 8.5 x 11 inch, Budget, Journal, A4, 21.59 x 27.94 cm, Passion, Money, Journal",Shelley Castaneda,Paperback,"Feb 12, 2021",
0,https://www.amazon.com/dp/B08WK51ZR7,B08WK51ZR7,"Personalized Writing Notebook Journal for Sawyer Name Flowers Color Cover: Journal, Money, Over 110 Pages, Budget, To Do, Journal, 21.59 x 27.94 cm, 8.5 x 11 inch, A4, Passion",Shelley Castaneda,Paperback,"Feb 12, 2021",
0,https://www.amazon.com/dp/B08WK51ZPL,B08WK51ZPL,"Personalized Writing Notebook Journal for Sariyah Name Flowers Color Cover: A4, 21.59 x 27.94 cm, To Do, Budget, Journal, 8.5 x 11 inch, Over 110 Pages, Passion, Money, Journal",Shelley Castaneda,Paperback,"Feb 12, 2021",
0,https://www.amazon.com/dp/B08WK51ZMT,B08WK51ZMT,"Personalized Writing Notebook Journal for Saoirse Name Flowers Color Cover: Over 110 Pages, Budget, 8.5 x 11 inch, To Do, Passion, 21.59 x 27.94 cm, Journal, Journal, A4, Money",Shelley Castaneda,Paperback,"Feb 12, 2021",
0,https://www.amazon.com/dp/B08WK51ZLH,B08WK51ZLH,"Personalized Writing Notebook Journal for Sandra Name Flowers Color Cover: Journal, Money, A4, Budget, To Do, 21.59 x 27.94 cm, 8.5 x 11 inch, Journal, Passion, Over 110 Pages",Shelley Castaneda,Paperback,"Feb 12, 2021",
0,https://www.amazon.com/dp/B08WK51ZKT,B08WK51ZKT,"Personalized Writing Notebook Journal for Santana Name Flowers Color Cover: 21.59 x 27.94 cm, Passion, Journal, Money, 8.5 x 11 inch, Journal, Over 110 Pages, To Do, A4, Budget",Shelley Castaneda,Paperback,"Feb 12, 2021",
0,https://www.amazon.com/dp/B08WK51ZG3,B08WK51ZG3,"Personalized Writing Notebook Journal for Salvador Name Flowers Color Cover: Journal, To Do, Passion, Budget, A4, Journal, Over 110 Pages, 21.59 x 27.94 cm, Money, 8.5 x 11 inch",Shelley Castaneda,Paperback,"Feb 12, 2021",
0,https://www.amazon.com/dp/B08WK51ZC6,B08WK51ZC6,"Personalized Writing Notebook Journal for Sabrina Name Flowers Color Cover: Budget, 21.59 x 27.94 cm, Money, Journal, 8.5 x 11 inch, To Do, Passion, Over 110 Pages, A4, Journal",Shelley Castaneda,Paperback,"Feb 12, 2021",
0,https://www.amazon.com/dp/B08WK51Z7Z,B08WK51Z7Z,"Personalized Writing Notebook Journal for Ruth Name Flowers Color Cover: Journal, Money, A4, 8.5 x 11 inch, Passion, Budget, 21.59 x 27.94 cm, Journal, Over 110 Pages, To Do",Shelley Castaneda,Paperback,"Feb 12, 2021",
0,https://www.amazon.com/dp/B08WK51Z79,B08WK51Z79,"Personalized Writing Notebook Journal for Ruben Name Flowers Color Cover: Passion, Over 110 Pages, Money, To Do, A4, Journal, Budget, 21.59 x 27.94 cm, 8.5 x 11 inch, Journal",Shelley Castaneda,Paperback,"Feb 12, 2021",
0,https://www.amazon.com/dp/B08WK51Z33,B08WK51Z33,"Personalized Writing Notebook Journal for Rosa Name Flowers Color Cover: 8.5 x 11 inch, A4, 21.59 x 27.94 cm, Over 110 Pages, Journal, To Do, Journal, Money, Passion, Budget",Shelley Castaneda,Paperback,"Feb 12, 2021",
0,https://www.amazon.com/dp/B08WK51YTY,B08WK51YTY,"Personalized Writing Notebook Journal for Rhea Name Flowers Color Cover: Journal, To Do, Passion, 8.5 x 11 inch, A4, Journal, Budget, Over 110 Pages, Money, 21.59 x 27.94 cm",Shelley Castaneda,Paperback,"Feb 12, 2021",
0,https://www.amazon.com/dp/B08WK49GT7,B08WK49GT7,"Personalized Writing Notebook Journal for Saul Name Flowers Color Cover: Journal, Over 110 Pages, To Do, 21.59 x 27.94 cm, Money, 8.5 x 11 inch, Passion, Journal, A4, Budget",Shelley Castaneda,Paperback,"Feb 12, 2021",
0,https://www.amazon.com/dp/B08WK47H1V,B08WK47H1V,"Personalized Writing Notebook Journal for Silas Name Flowers Color Cover: To Do, 8.5 x 11 inch, Journal, Journal, Money, Budget, 21.59 x 27.94 cm, A4, Over 110 Pages, Passion",Shelley Castaneda,Paperback,"Feb 12, 2021",
0,https://www.amazon.com/dp/B08WK467BG,B08WK467BG,"Personalized Writing Notebook Journal for Scarlett Name Flowers Color Cover: Journal, 21.59 x 27.94 cm, Budget, Money, 8.5 x 11 inch, To Do, Over 110 Pages, A4, Passion, Journal",Shelley Castaneda,Paperback,"Feb 12, 2021",
0,https://www.amazon.com/dp/B08WK44YF8,B08WK44YF8,"Personalized Writing Notebook Journal for Samira Name Flowers Color Cover: 21.59 x 27.94 cm, A4, Journal, Journal, Over 110 Pages, To Do, Passion, Budget, Money, 8.5 x 11 inch",Shelley Castaneda,Paperback,"Feb 12, 2021",
0,https://www.amazon.com/dp/B08WK44R2V,B08WK44R2V,"Personalized Writing Notebook Journal for Ruby Name Flowers Color Cover: Journal, 8.5 x 11 inch, Passion, Over 110 Pages, A4, Journal, Budget, Money, To Do, 21.59 x 27.94 cm",Shelley Castaneda,Paperback,"Feb 12, 2021",
0,https://www.amazon.com/dp/B08XXL9XKK,B08XXL9XKK,"I Just Can't Even: Anxiety Workbook for You to Cope with Panic Attacks&Help You Express&Understand Emotions, Funny Gag Black Guided Mental Health ... with Tools to Improve Mood&Self Esteem",Mental Health Awareness,Paperback,"Feb 28, 2021",
0,https://www.amazon.com/dp/B08XXL9XHZ,B08XXL9XHZ,Running log book for all: The Complete Runner's Day-By-Day Log,TALKHA,Paperback,"Feb 28, 2021",
0,https://www.amazon.com/dp/B08XXFVKBP,B08XXFVKBP,"Never Underestimate An Old Man Who Is Beekeeping: Beekeeping notebook, Honey Bee gift idea for the beekeeper (Dot Grid, Dotted, 120 Pages, 6' x 9')",Alex Lang,Paperback,"Feb 28, 2021",
0,https://www.amazon.com/dp/B08XXFVK83,B08XXFVK83,"Guess What? Chicken Butt! | Funny Silly Sarcasm Joke: Journal & Notebook , 120 Pages, 6x9",rose jelia,Paperback,"Feb 28, 2021",
0,https://www.amazon.com/dp/B08XXFVK41,B08XXFVK41,Visitor Log & Contact Tracing Register: Visitor Sign in Log Book/ Visitors Log & Contact Tracing Register / For Signing In and Out Book for Business/ ... Tracing Register / Trace Book Trace Book,kokis Visitor Log Publishing,Paperback,"Feb 28, 2021",
0,https://www.amazon.com/dp/B08XX7Q9B5,B08XX7Q9B5,"Twins Baby Log Book: Twins Care Tracking For 3 Months | Record Twins Baby Feeding, Sleep, Activities, Diapers And Supplies | 6x9 Inches",BARDY Publishing,Paperback,"Feb 28, 2021",
0,https://www.amazon.com/dp/B08XX2V9N1,B08XX2V9N1,"Mi aventura con la cámara - Libro de desafío fotográfico de 52 semanas: Libro de tareas, ideas, proyectos y actividades fotográficas de fotografía ... y técnicas divertidos (Spanish Edition)",Rogelio Yniguez,Paperback,"Feb 28, 2021",
0,https://www.amazon.com/dp/B08XT9LX3B,B08XT9LX3B,"Happy Mother's Day. You May Have Failed Miserably With My Sister, But At Least You Got It Spot On With Me: Funny Mother's Day Gift: Rude Navy Blue ... Notebook), sized at 8.5"" x 11"" & 120 pages.",krimo coco,Paperback,"Feb 28, 2021",
0,https://www.amazon.com/dp/B08XSWPZMW,B08XSWPZMW,Arena A2: Arena A2: Training zur Prüfung Goethe-Zertifikat A2 (German Edition),Evangelos  Fakos,Kindle,"Feb 28, 2021",
0,https://www.amazon.com/dp/B08XSL5QQB,B08XSL5QQB,"Diabetes Food & Exercise Journal: A Daily Tracking Blood Sugar, Nutrition, Activity",Florence Wolfe,Paperback,"Feb 28, 2021",
0,https://www.amazon.com/dp/B08XSK8XQK,B08XSK8XQK,No Cost Contract Automation: Create a digital contract lifecycle management system using Microsoft 365,Henrik Hjertstedt,Hardcover,"Feb 28, 2021",LegalBot Press
0,https://www.amazon.com/dp/B08XSCXB1V,B08XSCXB1V,Bake Off Coloring Book: My Recipe Book To Write In And Peaceful Drawings To Color || Sweet Cakes Cookbook,For Life Press,Paperback,"Feb 28, 2021",
0,https://www.amazon.com/dp/B08XS9ZLGH,B08XS9ZLGH,"I Woof You Mum Grey Notebook: Cute French Bulldog Frenchie Notebook for Frenchie Mom or Dad, French Bulldog Lover Gift (French Bulldog Notebooks)",Designs of Note,Paperback,"Feb 28, 2021",
0,https://www.amazon.com/dp/B08XS7KZ6V,B08XS7KZ6V,"Just Chill & Live In The Moment: Journal/ Notebook/ Diary, Cover With Penguin Design, 6"" X 9"", Perfect for School/ Home Writing/ Note Taking/ And Many More, Blank Composition",Daily Use Publication,Paperback,"Feb 28, 2021",
0,https://www.amazon.com/dp/B08XS7GQCN,B08XS7GQCN,"Cancer Zodiac Star Sign Constellation Notebook: The Night Sky & The Stars Cover: Blank Lined Horoscope Journal (6x9, 120 Pages)",Pavi K.,Paperback,"Feb 28, 2021",
0,https://www.amazon.com/dp/B08XS6TTT8,B08XS6TTT8,"DJ Set List Notebook: 120 Pages 6 x 9 in. (15.24 x 22.86 cm) Soft Cover Planner for DJs to Arrange Songs & Tracks for an Event, Party, Podcast or Gig. ... Musicians (DJ Set List Notebooks & Planners)",Power Patterns,Paperback,"Feb 28, 2021",
0,https://www.amazon.com/dp/B08XS6TTF1,B08XS6TTF1,"Scrum Half: What a journal for you to celebrate, be mindful, give gratitude and put your thoughts to paper. Great gift for the Scrum Half in your life.",Paul Morgan,Paperback,"Feb 28, 2021",
0,https://www.amazon.com/dp/B08XS5VB74,B08XS5VB74,For SCORPIO Zodiac: Astrology Zodiac Signs-Lined Notebook/ Journal - 120 Pages - size (6 x 9 inches),Otmane horoscope signs,Paperback,"Feb 28, 2021",
0,https://www.amazon.com/dp/B08XS5V9KL,B08XS5V9KL,"Good Morning Journal: Pretty Yellow Flowers, Meadow and Bright Sky Blue Color Theme (Notebook, Diary)",Heyday Crafts,Paperback,"Feb 28, 2021",
0,https://www.amazon.com/dp/B08XS5S9GG,B08XS5S9GG,"Happy Mother's Day. You May Have Failed Miserably With My Sister, But At Least You Got It Spot On With Me: Funny Mother's Day Gift: Rude Navy Blue ... Notebook), sized at 8.5"" x 11"" & 120 pages.",tsunami chance,Paperback,"Feb 28, 2021",
0,https://www.amazon.com/dp/B08XS5S8WH,B08XS5S8WH,Baby Food Diary: Introduction To Solids / An Interactive Workbook For Introducing New Foods To Your Baby / Heart Design,Pepper Seed Prints,Paperback,"Feb 28, 2021",
0,https://www.amazon.com/dp/B08XS5L9V2,B08XS5L9V2,"Libra Zodiac Star Sign Constellation Notebook: The Night Sky & The Stars Cover: Blank Lined Horoscope Journal (6x9, 120 Pages)",Pavi K.,Paperback,"Feb 28, 2021",
0,https://www.amazon.com/dp/B08XS3ZZCW,B08XS3ZZCW,The Lucky Clover: The Clover Chronicle – CONFIDENTIAL: Large Clover Shape with Dozens of Smaller Kelly Green Clovers with a Diamond on an Elegant Silvery White Pattern 6x9 Notebook,Patrick Classics,Paperback,"Feb 28, 2021",
0,https://www.amazon.com/dp/B08WK432Y1,B08WK432Y1,"Personalized Writing Notebook Journal for Sariah Name Flowers Color Cover: 21.59 x 27.94 cm, Journal, Journal, Budget, Passion, Over 110 Pages, To Do, A4, 8.5 x 11 inch, Money",Shelley Castaneda,Paperback,"Feb 12, 2021",
0,https://www.amazon.com/dp/B08WK41W8W,B08WK41W8W,"Personalized Writing Notebook Journal for Sean Name Flowers Color Cover: Money, 8.5 x 11 inch, Passion, To Do, 21.59 x 27.94 cm, Journal, Budget, Over 110 Pages, Journal, A4",Shelley Castaneda,Paperback,"Feb 12, 2021",
0,https://www.amazon.com/dp/B08WK3WF7F,B08WK3WF7F,"Personalized Writing Notebook Journal for Sergio Name Flowers Color Cover: Journal, Budget, Journal, 21.59 x 27.94 cm, Money, To Do, Over 110 Pages, A4, 8.5 x 11 inch, Passion",Shelley Castaneda,Paperback,"Feb 12, 2021",
0,https://www.amazon.com/dp/B08WK3WD64,B08WK3WD64,"Goal Setting Planner: Cartoon Owls Goal Setting Planner, Daily Goal Setting Planner Gratitude Journal Notebook Diary Log Book Organizer | To Do Today ... Setting Goals Getter, 120 pages, Size 6"" x 9",Natalie Eckert,Paperback,"Feb 12, 2021",
0,https://www.amazon.com/dp/B08WK3W9Y1,B08WK3W9Y1,"Personalized Writing Notebook Journal for Santos Name Flowers Color Cover: Journal, To Do, 8.5 x 11 inch, Budget, Passion, Over 110 Pages, Money, 21.59 x 27.94 cm, Journal, A4",Shelley Castaneda,Paperback,"Feb 12, 2021",
0,https://www.amazon.com/dp/B08WK3W72D,B08WK3W72D,"Personalized Writing Notebook Journal for Rudy Name Flowers Color Cover: Budget, To Do, 8.5 x 11 inch, Over 110 Pages, Money, 21.59 x 27.94 cm, Passion, Journal, Journal, A4",Shelley Castaneda,Paperback,"Feb 12, 2021",
0,https://www.amazon.com/dp/B08WK3W1CK,B08WK3W1CK,"Personalized Writing Notebook Journal for Selene Name Flowers Color Cover: 21.59 x 27.94 cm, Budget, A4, Money, Journal, 8.5 x 11 inch, Passion, Journal, To Do, Over 110 Pages",Shelley Castaneda,Paperback,"Feb 12, 2021",
0,https://www.amazon.com/dp/B08WK3RG25,B08WK3RG25,"Personalized Writing Notebook Journal for Sasha Name Flowers Color Cover: 21.59 x 27.94 cm, Budget, 8.5 x 11 inch, Journal, A4, Passion, Over 110 Pages, Journal, Money, To Do",Shelley Castaneda,Paperback,"Feb 12, 2021",
0,https://www.amazon.com/dp/B08WK3QJ62,B08WK3QJ62,"Goal Setting Planner: Owls Cartoon Goal Setting Planner, Daily Goal Setting Planner Gratitude Journal Notebook Diary Log Book Organizer | To Do Today ... Setting Goals Getter, 120 pages, Size 6"" x 9",Sibylle Mai,Paperback,"Feb 12, 2021",
0,https://www.amazon.com/dp/B08WK3P3DJ,B08WK3P3DJ,"Personalized Writing Notebook Journal for Samuel Name Flowers Color Cover: To Do, Budget, 21.59 x 27.94 cm, Journal, 8.5 x 11 inch, Journal, Passion, Money, Over 110 Pages, A4",Shelley Castaneda,Paperback,"Feb 12, 2021",
0,https://www.amazon.com/dp/B08WK3H9MZ,B08WK3H9MZ,"Personalized Writing Notebook Journal for Santino Name Flowers Color Cover: 21.59 x 27.94 cm, Journal, Budget, Over 110 Pages, Journal, 8.5 x 11 inch, To Do, A4, Money, Passion",Shelley Castaneda,Paperback,"Feb 12, 2021",
0,https://www.amazon.com/dp/B08WK2LJ7B,B08WK2LJ7B,"Personalized Writing Notebook Journal for Ryker Name Flowers Color Cover: Journal, Budget, A4, 8.5 x 11 inch, To Do, Money, Journal, 21.59 x 27.94 cm, Passion, Over 110 Pages",Shelley Castaneda,Paperback,"Feb 12, 2021",
0,https://www.amazon.com/dp/B08WK2LHW6,B08WK2LHW6,"Personalized Writing Notebook Journal for River Name Flowers Color Cover: Journal, Journal, 21.59 x 27.94 cm, Money, A4, To Do, 8.5 x 11 inch, Over 110 Pages, Passion, Budget",Shelley Castaneda,Paperback,"Feb 12, 2021",
0,https://www.amazon.com/dp/B08WK2LHTB,B08WK2LHTB,"Personalized Writing Notebook Journal for Ricky Name Flowers Color Cover: A4, Budget, Passion, 21.59 x 27.94 cm, Over 110 Pages, To Do, 8.5 x 11 inch, Money, Journal, Journal",Shelley Castaneda,Paperback,"Feb 12, 2021",
0,https://www.amazon.com/dp/B08WK2LHSC,B08WK2LHSC,"Personalized Writing Notebook Journal for Rhett Name Flowers Color Cover: Money, Budget, Journal, 8.5 x 11 inch, To Do, Passion, Journal, 21.59 x 27.94 cm, Over 110 Pages, A4",Shelley Castaneda,Paperback,"Feb 12, 2021",
0,https://www.amazon.com/dp/B08WK2LHNK,B08WK2LHNK,"Personalized Writing Notebook Journal for Renata Name Flowers Color Cover: Money, 8.5 x 11 inch, Journal, To Do, 21.59 x 27.94 cm, Over 110 Pages, A4, Journal, Budget, Passion",Shelley Castaneda,Paperback,"Feb 12, 2021",
0,https://www.amazon.com/dp/B08WK2LHN2,B08WK2LHN2,"Personalized Writing Notebook Journal for Remington Name Flowers Color Cover: Budget, 8.5 x 11 inch, A4, To Do, Passion, Money, 21.59 x 27.94 cm, Journal, Journal, Over 110 Pages",Shelley Castaneda,Paperback,"Feb 12, 2021",
0,https://www.amazon.com/dp/B08WK2LHKD,B08WK2LHKD,"Personalized Writing Notebook Journal for Rebekah Name Flowers Color Cover: 8.5 x 11 inch, 21.59 x 27.94 cm, A4, Journal, To Do, Journal, Budget, Over 110 Pages, Money, Passion",Shelley Castaneda,Paperback,"Feb 12, 2021",
0,https://www.amazon.com/dp/B08WK2LHG6,B08WK2LHG6,"Personalized Writing Notebook Journal for Raul Name Flowers Color Cover: 8.5 x 11 inch, To Do, Money, Over 110 Pages, Passion, Budget, Journal, 21.59 x 27.94 cm, A4, Journal",Shelley Castaneda,Paperback,"Feb 12, 2021",
0,https://www.amazon.com/dp/B08WK2JWYP,B08WK2JWYP,"Personalized Writing Notebook Journal for Savanna Name Flowers Color Cover: Journal, Journal, 8.5 x 11 inch, Budget, 21.59 x 27.94 cm, Passion, Money, Over 110 Pages, To Do, A4",Shelley Castaneda,Paperback,"Feb 12, 2021",
0,https://www.amazon.com/dp/B08WK2JWKW,B08WK2JWKW,"Goal Setting Planner: Owl Flowers Goal Setting Planner, Daily Goal Setting Planner Gratitude Journal Notebook Diary Log Book Organizer | To Do Today ... Setting Goals Getter, 120 pages, Size 6"" x 9",Jeanette Rothe,Paperback,"Feb 12, 2021",
0,https://www.amazon.com/dp/B08WK2JWHK,B08WK2JWHK,"Personalized Writing Notebook Journal for Ryleigh Name Flowers Color Cover: Journal, 8.5 x 11 inch, A4, Journal, 21.59 x 27.94 cm, Over 110 Pages, To Do, Budget, Passion, Money",Shelley Castaneda,Paperback,"Feb 12, 2021",
0,https://www.amazon.com/dp/B08WK2JW95,B08WK2JW95,"Personalized Writing Notebook Journal for Rosie Name Flowers Color Cover: To Do, Budget, Money, Journal, Passion, Over 110 Pages, 8.5 x 11 inch, Journal, 21.59 x 27.94 cm, A4",Shelley Castaneda,Paperback,"Feb 12, 2021",
0,https://www.amazon.com/dp/B08WK2JW83,B08WK2JW83,"Personalized Writing Notebook Journal for Rosalie Name Flowers Color Cover: Passion, To Do, Over 110 Pages, 21.59 x 27.94 cm, 8.5 x 11 inch, Journal, Journal, Money, Budget, A4",Shelley Castaneda,Paperback,"Feb 12, 2021",
0,https://www.amazon.com/dp/B08WK2JW49,B08WK2JW49,"Personalized Writing Notebook Journal for Rocky Name Flowers Color Cover: 8.5 x 11 inch, A4, Over 110 Pages, Passion, Money, Budget, Journal, 21.59 x 27.94 cm, Journal, To Do",Shelley Castaneda,Paperback,"Feb 12, 2021",
0,https://www.amazon.com/dp/B08WK2JW38,B08WK2JW38,"Personalized Writing Notebook Journal for Roberto Name Flowers Color Cover: Budget, Journal, A4, Money, To Do, Over 110 Pages, 8.5 x 11 inch, Passion, Journal, 21.59 x 27.94 cm",Shelley Castaneda,Paperback,"Feb 12, 2021",
0,https://www.amazon.com/dp/B08WK2JVQP,B08WK2JVQP,"Personalized Writing Notebook Journal for Reagan Name Flowers Color Cover: Journal, 21.59 x 27.94 cm, A4, Passion, Money, Journal, Over 110 Pages, Budget, 8.5 x 11 inch, To Do",Shelley Castaneda,Paperback,"Feb 12, 2021",
0,https://www.amazon.com/dp/B08WK2JVQ1,B08WK2JVQ1,"Personalized Writing Notebook Journal for Rayna Name Flowers Color Cover: 8.5 x 11 inch, A4, 21.59 x 27.94 cm, Over 110 Pages, Journal, Money, Journal, To Do, Passion, Budget",Shelley Castaneda,Paperback,"Feb 12, 2021",
0,https://www.amazon.com/dp/B08WK2JVLJ,B08WK2JVLJ,"Personalized Writing Notebook Journal for Ramon Name Flowers Color Cover: A4, Over 110 Pages, Passion, 21.59 x 27.94 cm, Journal, Budget, Money, 8.5 x 11 inch, Journal, To Do",Shelley Castaneda,Paperback,"Feb 12, 2021",
0,https://www.amazon.com/dp/B08WK2HHYH,B08WK2HHYH,"Personalized Writing Notebook Journal for Salem Name Flowers Color Cover: Journal, Money, Journal, Over 110 Pages, To Do, A4, 21.59 x 27.94 cm, Passion, Budget, 8.5 x 11 inch",Shelley Castaneda,Paperback,"Feb 12, 2021",
0,https://www.amazon.com/dp/B08WK2HHXP,B08WK2HHXP,"Personalized Writing Notebook Journal for Saint Name Flowers Color Cover: A4, To Do, Passion, Budget, 21.59 x 27.94 cm, Journal, Money, 8.5 x 11 inch, Journal, Over 110 Pages",Shelley Castaneda,Paperback,"Feb 12, 2021",
0,https://www.amazon.com/dp/B08WK2HHQ5,B08WK2HHQ5,"Personalized Writing Notebook Journal for Ryan Name Flowers Color Cover: Budget, Passion, Journal, Journal, Over 110 Pages, 21.59 x 27.94 cm, A4, 8.5 x 11 inch, Money, To Do",Shelley Castaneda,Paperback,"Feb 12, 2021",
0,https://www.amazon.com/dp/B08XS3ZZ8B,B08XS3ZZ8B,Password logbook: Notebook/Journal for passwords,Maryta's lily login,Paperback,"Feb 28, 2021",
0,https://www.amazon.com/dp/B08XS1Z317,B08XS1Z317,"My Mother Is a Walking Miracle Notebook: Cute Moms Grandma, Grandparents And Funny Parents Journal Lined Notebook Diary For Mothers Day Gift, Present Or Suprise",Mom Giftings Press,Paperback,"Feb 28, 2021",
0,https://www.amazon.com/dp/B08XRXT862,B08XRXT862,"Notebook: lined Journal- Pantone color Design - Large (6 x 9 inches) - 101 Pages -Antique Cream: Composition Book Perfect bound, Soft Cover - Minimal style",miss chutamas suntornnan,Paperback,"Feb 28, 2021",
0,https://www.amazon.com/dp/B08XRXT119,B08XRXT119,"Manifest It: Notebook, Diary, Journal",Judy King,Paperback,"Feb 28, 2021",
0,https://www.amazon.com/dp/B08XRXQ82J,B08XRXQ82J,The Great 100 Big Easter Eggs Coloring Book For Kids Ages 2-5. Easter Basket Stuffer for Kids.: Big Easter Coloring Book for Toddlers and ... Gift Idea for Egg hunting basket and games.,Martin Easter Booqs,Paperback,"Feb 28, 2021",
0,https://www.amazon.com/dp/B08XR1YVVT,B08XR1YVVT,I lost my job in a Pandemic but I found HIPHOP within me: The new life of a young man who was in despair in a pandemic (Shinshunbooks) (Japanese Edition),Satoshi,Kindle,"Feb 28, 2021",
0,https://www.amazon.com/dp/B08XR19DJ4,B08XR19DJ4,Theresa of Ascension: Ascension Age Begins (Ascension Age Awakening Book 2),Theresa J Morris,Paperback,"Feb 28, 2021",
0,https://www.amazon.com/dp/B08XQZC6LH,B08XQZC6LH,"""God Is My Manager"": ""Letters To God"" - Volume 2",Heidi Lucky,Paperback,"Feb 28, 2021",
0,https://www.amazon.com/dp/B08WK2HHMJ,B08WK2HHMJ,"Personalized Writing Notebook Journal for Royalty Name Flowers Color Cover: Journal, Passion, 21.59 x 27.94 cm, Over 110 Pages, Budget, 8.5 x 11 inch, A4, To Do, Money, Journal",Shelley Castaneda,Paperback,"Feb 12, 2021",
0,https://www.amazon.com/dp/B08WK2HHK1,B08WK2HHK1,"Personalized Writing Notebook Journal for Rosalee Name Flowers Color Cover: Journal, To Do, A4, Budget, Journal, Passion, Over 110 Pages, 8.5 x 11 inch, Money, 21.59 x 27.94 cm",Shelley Castaneda,Paperback,"Feb 12, 2021",
0,https://www.amazon.com/dp/B08WK2HH9K,B08WK2HH9K,"Personalized Writing Notebook Journal for Ridge Name Flowers Color Cover: Budget, 8.5 x 11 inch, Money, Over 110 Pages, Passion, Journal, A4, To Do, 21.59 x 27.94 cm, Journal",Shelley Castaneda,Paperback,"Feb 12, 2021",
0,https://www.amazon.com/dp/B08WK2HH29,B08WK2HH29,"Personalized Writing Notebook Journal for Regina Name Flowers Color Cover: Journal, 21.59 x 27.94 cm, Passion, Money, A4, Over 110 Pages, Journal, To Do, 8.5 x 11 inch, Budget",Shelley Castaneda,Paperback,"Feb 12, 2021",
0,https://www.amazon.com/dp/B08WK2HGXC,B08WK2HGXC,"Personalized Writing Notebook Journal for Rayan Name Flowers Color Cover: Money, Budget, Passion, Journal, 8.5 x 11 inch, To Do, Journal, A4, Over 110 Pages, 21.59 x 27.94 cm",Shelley Castaneda,Paperback,"Feb 12, 2021",
0,https://www.amazon.com/dp/B08WK2HGSX,B08WK2HGSX,"Personalized Writing Notebook Journal for Rafael Name Flowers Color Cover: Over 110 Pages, To Do, Journal, Budget, A4, Passion, 21.59 x 27.94 cm, Money, Journal, 8.5 x 11 inch",Shelley Castaneda,Paperback,"Feb 12, 2021",
0,https://www.amazon.com/dp/B08WK299GD,B08WK299GD,"Personalized Writing Notebook Journal for Salvatore Name Flowers Color Cover: Over 110 Pages, 21.59 x 27.94 cm, Money, Journal, Passion, To Do, Journal, Budget, A4, 8.5 x 11 inch",Shelley Castaneda,Paperback,"Feb 12, 2021",
0,https://www.amazon.com/dp/B08WK295J7,B08WK295J7,"Personalized Writing Notebook Journal for Sarah Name Flowers Color Cover: To Do, Journal, 8.5 x 11 inch, Over 110 Pages, Journal, Budget, 21.59 x 27.94 cm, A4, Passion, Money",Shelley Castaneda,Paperback,"Feb 12, 2021",
0,https://www.amazon.com/dp/B08WK28QKQ,B08WK28QKQ,"Personalized Writing Notebook Journal for Samara Name Flowers Color Cover: 8.5 x 11 inch, Money, Journal, Over 110 Pages, Journal, Passion, 21.59 x 27.94 cm, A4, To Do, Budget",Shelley Castaneda,Paperback,"Feb 12, 2021",
0,https://www.amazon.com/dp/B08WK276QZ,B08WK276QZ,"Personalized Writing Notebook Journal for Rylie Name Flowers Color Cover: 21.59 x 27.94 cm, Over 110 Pages, Journal, To Do, Passion, A4, Journal, Budget, Money, 8.5 x 11 inch",Shelley Castaneda,Paperback,"Feb 12, 2021",
0,https://www.amazon.com/dp/B08WK2421K,B08WK2421K,"Goal Setting Planner: Owl Flowers Goal Setting Planner, Daily Goal Setting Planner Gratitude Journal Notebook Diary Log Book Organizer | To Do Today ... Setting Goals Getter, 120 pages, Size 6"" x 9",Vanessa Engelmann,Paperback,"Feb 12, 2021",
0,https://www.amazon.com/dp/B08WK1YYRQ,B08WK1YYRQ,"Personalized Writing Notebook Journal for Rylee Name Flowers Color Cover: Money, Journal, Budget, To Do, 21.59 x 27.94 cm, Passion, A4, Journal, Over 110 Pages, 8.5 x 11 inch",Shelley Castaneda,Paperback,"Feb 12, 2021",
0,https://www.amazon.com/dp/B08WK1XN7P,B08WK1XN7P,"Personalized Writing Notebook Journal for Sam Name Flowers Color Cover: To Do, Over 110 Pages, 8.5 x 11 inch, Journal, 21.59 x 27.94 cm, Journal, Budget, A4, Passion, Money",Shelley Castaneda,Paperback,"Feb 12, 2021",
0,https://www.amazon.com/dp/B08WK1WNS3,B08WK1WNS3,"Personalized Writing Notebook Journal for Santiago Name Flowers Color Cover: Passion, Journal, To Do, 21.59 x 27.94 cm, Money, A4, Journal, Over 110 Pages, Budget, 8.5 x 11 inch",Shelley Castaneda,Paperback,"Feb 12, 2021",
0,https://www.amazon.com/dp/B08WK1WJ91,B08WK1WJ91,"Personalized Writing Notebook Journal for Salma Name Flowers Color Cover: Journal, Money, 8.5 x 11 inch, Journal, Over 110 Pages, To Do, Budget, Passion, 21.59 x 27.94 cm, A4",Shelley Castaneda,Paperback,"Feb 12, 2021",
0,https://www.amazon.com/dp/B08WK1V645,B08WK1V645,"Personalized Writing Notebook Journal for Samantha Name Flowers Color Cover: Over 110 Pages, Journal, 8.5 x 11 inch, A4, Passion, Budget, To Do, 21.59 x 27.94 cm, Money, Journal",Shelley Castaneda,Paperback,"Feb 12, 2021",
0,https://www.amazon.com/dp/B08XQWZB9C,B08XQWZB9C,Extra Credit : Book 2 in the Pleasure Studies Series,Shelly Pink,Kindle,"Feb 28, 2021",
0,https://www.amazon.com/dp/B08XQSS5QY,B08XQSS5QY,Donald Trump Tweets Sleepy Joe!: 925 times Trump Tweets about Joe Biden!,The  Pod,Kindle,"Feb 28, 2021",
0,https://www.amazon.com/dp/B08XQSLVHP,B08XQSLVHP,The Walls of Syracuse: Book 3: The Modern Years,Alison Schwyzer,Paperback,"Feb 28, 2021",
0,https://www.amazon.com/dp/B08XQPN7HW,B08XQPN7HW,Option to Die,Hans-Peter Michael,Paperback,"Feb 28, 2021",
0,https://www.amazon.com/dp/B08WK1SK21,B08WK1SK21,"Personalized Writing Notebook Journal for Samir Name Flowers Color Cover: Journal, Over 110 Pages, 21.59 x 27.94 cm, Journal, Passion, To Do, Budget, 8.5 x 11 inch, A4, Money",Shelley Castaneda,Paperback,"Feb 12, 2021",
0,https://www.amazon.com/dp/B08WJZDFDY,B08WJZDFDY,"Personalized Writing Notebook Journal for Sadie Name Flowers Color Cover: A4, Journal, Passion, 21.59 x 27.94 cm, 8.5 x 11 inch, To Do, Budget, Over 110 Pages, Journal, Money",Shelley Castaneda,Paperback,"Feb 12, 2021",
0,https://www.amazon.com/dp/B08WJZDF5X,B08WJZDF5X,"Personalized Writing Notebook Journal for Rowen Name Flowers Color Cover: Passion, 8.5 x 11 inch, Journal, Budget, Journal, Over 110 Pages, To Do, Money, 21.59 x 27.94 cm, A4",Shelley Castaneda,Paperback,"Feb 12, 2021",
0,https://www.amazon.com/dp/B08WJZDF2R,B08WJZDF2R,"Personalized Writing Notebook Journal for Romina Name Flowers Color Cover: Budget, Over 110 Pages, To Do, Journal, 21.59 x 27.94 cm, 8.5 x 11 inch, Journal, Money, Passion, A4",Shelley Castaneda,Paperback,"Feb 12, 2021",
0,https://www.amazon.com/dp/B08WJZDDZD,B08WJZDDZD,"Personalized Writing Notebook Journal for Rodney Name Flowers Color Cover: 8.5 x 11 inch, 21.59 x 27.94 cm, To Do, A4, Journal, Money, Passion, Budget, Journal, Over 110 Pages",Shelley Castaneda,Paperback,"Feb 12, 2021",
0,https://www.amazon.com/dp/B08WJZDDVX,B08WJZDDVX,"Personalized Writing Notebook Journal for Richard Name Flowers Color Cover: To Do, Budget, Money, Journal, Passion, Journal, 21.59 x 27.94 cm, Over 110 Pages, 8.5 x 11 inch, A4",Shelley Castaneda,Paperback,"Feb 12, 2021",
0,https://www.amazon.com/dp/B08WJZDDT4,B08WJZDDT4,"Personalized Writing Notebook Journal for Reyna Name Flowers Color Cover: Journal, Passion, 8.5 x 11 inch, 21.59 x 27.94 cm, Money, Budget, To Do, Over 110 Pages, A4, Journal",Shelley Castaneda,Paperback,"Feb 12, 2021",
0,https://www.amazon.com/dp/B08WJZDDRS,B08WJZDDRS,"Personalized Writing Notebook Journal for Reuben Name Flowers Color Cover: A4, Journal, Passion, Journal, 21.59 x 27.94 cm, Money, Over 110 Pages, 8.5 x 11 inch, Budget, To Do",Shelley Castaneda,Paperback,"Feb 12, 2021",
0,https://www.amazon.com/dp/B08WJZDDLG,B08WJZDDLG,"Personalized Writing Notebook Journal for Raylan Name Flowers Color Cover: Passion, To Do, Journal, Over 110 Pages, Budget, 21.59 x 27.94 cm, Money, Journal, A4, 8.5 x 11 inch",Shelley Castaneda,Paperback,"Feb 12, 2021",
0,https://www.amazon.com/dp/B08WJZCY5F,B08WJZCY5F,"Personalized Writing Notebook Journal for Ronald Name Flowers Color Cover: Passion, Over 110 Pages, A4, Budget, To Do, Money, Journal, 8.5 x 11 inch, Journal, 21.59 x 27.94 cm",Shelley Castaneda,Paperback,"Feb 12, 2021",
0,https://www.amazon.com/dp/B08WJZCY1G,B08WJZCY1G,"Personalized Writing Notebook Journal for Robert Name Flowers Color Cover: A4, Passion, Journal, Money, To Do, 8.5 x 11 inch, Over 110 Pages, Journal, 21.59 x 27.94 cm, Budget",Shelley Castaneda,Paperback,"Feb 12, 2021",
0,https://www.amazon.com/dp/B08WJZCXKJ,B08WJZCXKJ,"Personalized Writing Notebook Journal for Ramona Name Flowers Color Cover: Journal, Budget, 21.59 x 27.94 cm, A4, Over 110 Pages, 8.5 x 11 inch, Journal, To Do, Passion, Money",Shelley Castaneda,Paperback,"Feb 12, 2021",
0,https://www.amazon.com/dp/B08WJZC8N8,B08WJZC8N8,"Goal Setting Planner: Sleeping Owl Goal Setting Planner, Daily Goal Setting Planner Gratitude Journal Notebook Diary Log Book Organizer | To Do Today ... Setting Goals Getter, 120 pages, Size 6"" x 9",Sina Seidel,Paperback,"Feb 12, 2021",
0,https://www.amazon.com/dp/B08WJZC8KB,B08WJZC8KB,"Personalized Writing Notebook Journal for Rory Name Flowers Color Cover: 8.5 x 11 inch, 21.59 x 27.94 cm, Money, Budget, To Do, A4, Passion, Journal, Over 110 Pages, Journal",Shelley Castaneda,Paperback,"Feb 12, 2021",
0,https://www.amazon.com/dp/B08WJZC8J5,B08WJZC8J5,"Personalized Writing Notebook Journal for Romeo Name Flowers Color Cover: 21.59 x 27.94 cm, Budget, To Do, Passion, Over 110 Pages, Journal, 8.5 x 11 inch, Money, A4, Journal",Shelley Castaneda,Paperback,"Feb 12, 2021",
0,https://www.amazon.com/dp/B08WJZC8HL,B08WJZC8HL,"Personalized Writing Notebook Journal for Roman Name Flowers Color Cover: Journal, 21.59 x 27.94 cm, To Do, Budget, Over 110 Pages, Journal, A4, 8.5 x 11 inch, Money, Passion",Shelley Castaneda,Paperback,"Feb 12, 2021",
0,https://www.amazon.com/dp/B08XNVDF77,B08XNVDF77,Prayers are Valuable for our Healing for One to Another BOOK 4: Have Faith through God words,Rosemary Foster,Paperback,"Feb 28, 2021",
0,https://www.amazon.com/dp/B08XN9G945,B08XN9G945,"I draw and I write my own stories, The awakening of creative writing for ages 6 and up: The essential tool to help your child practice creative writing through drawing",Inspire Life,Paperback,"Feb 28, 2021",
0,https://www.amazon.com/dp/B08XN9G8FP,B08XN9G8FP,Mindfulness Colouring Book: Geometric colouring designs and positivity excercises to calm and uplift your mind (Mindfulness colouring books for adults),Candi Designs,Paperback,"Feb 28, 2021",
0,https://www.amazon.com/dp/B08XLNTLCS,B08XLNTLCS,Lorine: Keep Calm And Let Lorine Handle It - Lorine Name Custom Gift Planner Calendar Notebook Journal,Jennie's Planners,Paperback,"Feb 28, 2021",
0,https://www.amazon.com/dp/B08WJZC8BL,B08WJZC8BL,"Goal Setting Planner: Owls Cartoon Goal Setting Planner, Daily Goal Setting Planner Gratitude Journal Notebook Diary Log Book Organizer | To Do Today ... Setting Goals Getter, 120 pages, Size 6"" x 9",Jeanette Rothe,Paperback,"Feb 12, 2021",
0,https://www.amazon.com/dp/B08WJZC867,B08WJZC867,"Personalized Writing Notebook Journal for Reign Name Flowers Color Cover: Passion, 8.5 x 11 inch, Budget, Journal, Journal, 21.59 x 27.94 cm, To Do, Money, A4, Over 110 Pages",Shelley Castaneda,Paperback,"Feb 12, 2021",
0,https://www.amazon.com/dp/B08WJZC862,B08WJZC862,"Personalized Writing Notebook Journal for Remi Name Flowers Color Cover: Journal, Budget, A4, 21.59 x 27.94 cm, Journal, Money, 8.5 x 11 inch, Over 110 Pages, Passion, To Do",Shelley Castaneda,Paperback,"Feb 12, 2021",
0,https://www.amazon.com/dp/B08WJZC7YK,B08WJZC7YK,"Personalized Writing Notebook Journal for Randy Name Flowers Color Cover: 8.5 x 11 inch, A4, Over 110 Pages, Journal, 21.59 x 27.94 cm, Budget, Passion, Money, Journal, To Do",Shelley Castaneda,Paperback,"Feb 12, 2021",
0,https://www.amazon.com/dp/B08WJZC7XP,B08WJZC7XP,"Personalized Writing Notebook Journal for Raina Name Flowers Color Cover: Money, Passion, Journal, To Do, A4, Journal, Over 110 Pages, 8.5 x 11 inch, Budget, 21.59 x 27.94 cm",Shelley Castaneda,Paperback,"Feb 12, 2021",
0,https://www.amazon.com/dp/B08WJY853N,B08WJY853N,"Personalized Writing Notebook Journal for Rylan Name Flowers Color Cover: Budget, A4, Journal, Journal, Money, Passion, 8.5 x 11 inch, To Do, Over 110 Pages, 21.59 x 27.94 cm",Shelley Castaneda,Paperback,"Feb 12, 2021",
0,https://www.amazon.com/dp/B08WJY84JV,B08WJY84JV,"Personalized Writing Notebook Journal for Reina Name Flowers Color Cover: A4, Money, 8.5 x 11 inch, To Do, Over 110 Pages, Budget, 21.59 x 27.94 cm, Journal, Journal, Passion",Shelley Castaneda,Paperback,"Feb 12, 2021",
0,https://www.amazon.com/dp/B08WJY6PQG,B08WJY6PQG,"Personalized Writing Notebook Journal for Rivka Name Flowers Color Cover: To Do, 8.5 x 11 inch, Money, 21.59 x 27.94 cm, Over 110 Pages, Passion, Journal, Journal, Budget, A4",Shelley Castaneda,Paperback,"Feb 12, 2021",
0,https://www.amazon.com/dp/B08WJY6PGH,B08WJY6PGH,"Personalized Writing Notebook Journal for Reese Name Flowers Color Cover: To Do, Journal, Passion, 21.59 x 27.94 cm, Budget, Journal, Over 110 Pages, A4, 8.5 x 11 inch, Money",Shelley Castaneda,Paperback,"Feb 12, 2021",
0,https://www.amazon.com/dp/B08WJY6K9H,B08WJY6K9H,The Untold Story Of Real Estate: Stories Happen To Tell,Babita Singh Singh,Paperback,"Feb 12, 2021",
0,https://www.amazon.com/dp/B08WJY6DBC,B08WJY6DBC,"Personalized Writing Notebook Journal for Royal Name Flowers Color Cover: Passion, Journal, Journal, A4, 21.59 x 27.94 cm, Budget, 8.5 x 11 inch, Money, To Do, Over 110 Pages",Shelley Castaneda,Paperback,"Feb 12, 2021",
0,https://www.amazon.com/dp/B08WJY6D95,B08WJY6D95,"Personalized Writing Notebook Journal for Rosalyn Name Flowers Color Cover: Budget, Journal, Passion, Journal, Money, 21.59 x 27.94 cm, A4, To Do, Over 110 Pages, 8.5 x 11 inch",Shelley Castaneda,Paperback,"Feb 12, 2021",
0,https://www.amazon.com/dp/B08WJY6D6V,B08WJY6D6V,"Personalized Writing Notebook Journal for Roland Name Flowers Color Cover: Journal, Over 110 Pages, Passion, Money, 21.59 x 27.94 cm, Budget, To Do, Journal, A4, 8.5 x 11 inch",Shelley Castaneda,Paperback,"Feb 12, 2021",
0,https://www.amazon.com/dp/B08WJY6D5P,B08WJY6D5P,"Personalized Writing Notebook Journal for Rodrigo Name Flowers Color Cover: Journal, 21.59 x 27.94 cm, Passion, Journal, 8.5 x 11 inch, Budget, Over 110 Pages, Money, A4, To Do",Shelley Castaneda,Paperback,"Feb 12, 2021",
0,https://www.amazon.com/dp/B08WJY6D1R,B08WJY6D1R,"Personalized Writing Notebook Journal for Ricardo Name Flowers Color Cover: Money, Journal, To Do, 21.59 x 27.94 cm, Journal, Passion, 8.5 x 11 inch, Budget, Over 110 Pages, A4",Shelley Castaneda,Paperback,"Feb 12, 2021",
0,https://www.amazon.com/dp/B08WJY6CQL,B08WJY6CQL,"Personalized Writing Notebook Journal for Raven Name Flowers Color Cover: A4, Over 110 Pages, Passion, Money, Journal, Budget, 21.59 x 27.94 cm, 8.5 x 11 inch, To Do, Journal",Shelley Castaneda,Paperback,"Feb 12, 2021",
0,https://www.amazon.com/dp/B08XLNTHZV,B08XLNTHZV,HAPPY BIRTHDAY GRANDMA Word Search Book: 50 Word Find Birthday Celebration Puzzles and a Special Message for Grandma,Nuletto Books,Paperback,"Feb 28, 2021",
0,https://www.amazon.com/dp/B08WJY57RN,B08WJY57RN,"Personalized Writing Notebook Journal for Russell Name Flowers Color Cover: Journal, Budget, To Do, A4, Over 110 Pages, 21.59 x 27.94 cm, Journal, Passion, Money, 8.5 x 11 inch",Shelley Castaneda,Paperback,"Feb 12, 2021",
0,https://www.amazon.com/dp/B08WJY57NC,B08WJY57NC,"Personalized Writing Notebook Journal for Rose Name Flowers Color Cover: To Do, Money, A4, Budget, Journal, 21.59 x 27.94 cm, Journal, Over 110 Pages, Passion, 8.5 x 11 inch",Shelley Castaneda,Paperback,"Feb 12, 2021",
0,https://www.amazon.com/dp/B08WJY57ML,B08WJY57ML,"Personalized Writing Notebook Journal for Ronin Name Flowers Color Cover: 8.5 x 11 inch, Budget, Journal, Over 110 Pages, To Do, 21.59 x 27.94 cm, Journal, Money, Passion, A4",Shelley Castaneda,Paperback,"Feb 12, 2021",
0,https://www.amazon.com/dp/B08WJY5791,B08WJY5791,"Personalized Writing Notebook Journal for Remy Name Flowers Color Cover: Budget, Journal, A4, Money, Passion, 21.59 x 27.94 cm, Over 110 Pages, Journal, To Do, 8.5 x 11 inch",Shelley Castaneda,Paperback,"Feb 12, 2021",
0,https://www.amazon.com/dp/B08WJY574N,B08WJY574N,"Personalized Writing Notebook Journal for Raymond Name Flowers Color Cover: A4, Journal, Passion, 21.59 x 27.94 cm, 8.5 x 11 inch, Journal, To Do, Budget, Over 110 Pages, Money",Shelley Castaneda,Paperback,"Feb 12, 2021",
0,https://www.amazon.com/dp/B08WJY52DN,B08WJY52DN,"Quotes, Summer, Four Seasons Series, Over 300 quotations from greatest philosophers: Develop positive thinking, mindfulness and freedom using this collection of greatest quotes from famous people",Well Sedd,Paperback,"Feb 12, 2021",
0,https://www.amazon.com/dp/B08WJW8ZP3,B08WJW8ZP3,"Personalized Writing Notebook Journal for Saige Name Flowers Color Cover: To Do, Money, A4, 8.5 x 11 inch, Over 110 Pages, 21.59 x 27.94 cm, Passion, Budget, Journal, Journal",Shelley Castaneda,Paperback,"Feb 12, 2021",
0,https://www.amazon.com/dp/B08WJW8ZFX,B08WJW8ZFX,"Personalized Writing Notebook Journal for Roy Name Flowers Color Cover: A4, Passion, Money, To Do, Budget, Journal, 21.59 x 27.94 cm, 8.5 x 11 inch, Over 110 Pages, Journal",Shelley Castaneda,Paperback,"Feb 12, 2021",
0,https://www.amazon.com/dp/B08WJW8Z5G,B08WJW8Z5G,"Personalized Writing Notebook Journal for Riley Name Flowers Color Cover: Over 110 Pages, Journal, 8.5 x 11 inch, 21.59 x 27.94 cm, Passion, A4, To Do, Budget, Journal, Money",Shelley Castaneda,Paperback,"Feb 12, 2021",
0,https://www.amazon.com/dp/B08WJW8Z1R,B08WJW8Z1R,"Personalized Writing Notebook Journal for Renee Name Flowers Color Cover: Journal, 21.59 x 27.94 cm, A4, Journal, Budget, 8.5 x 11 inch, Over 110 Pages, Money, Passion, To Do",Shelley Castaneda,Paperback,"Feb 12, 2021",
0,https://www.amazon.com/dp/B08WJW8YXG,B08WJW8YXG,"Personalized Writing Notebook Journal for Reece Name Flowers Color Cover: Passion, 8.5 x 11 inch, A4, Journal, To Do, Money, Journal, 21.59 x 27.94 cm, Over 110 Pages, Budget",Shelley Castaneda,Paperback,"Feb 12, 2021",
0,https://www.amazon.com/dp/B08WJW8YTN,B08WJW8YTN,"Personalized Writing Notebook Journal for Ray Name Flowers Color Cover: Passion, A4, 21.59 x 27.94 cm, Money, Journal, Over 110 Pages, Budget, Journal, To Do, 8.5 x 11 inch",Shelley Castaneda,Paperback,"Feb 12, 2021",
0,https://www.amazon.com/dp/B08WJW8YR5,B08WJW8YR5,"Personalized Writing Notebook Journal for Raiden Name Flowers Color Cover: To Do, A4, Passion, 21.59 x 27.94 cm, Journal, Budget, Over 110 Pages, 8.5 x 11 inch, Journal, Money",Shelley Castaneda,Paperback,"Feb 12, 2021",
0,https://www.amazon.com/dp/B08WJTQKLQ,B08WJTQKLQ,"Goal Setting Planner: Colorful Owls Goal Setting Planner, Daily Goal Setting Planner Gratitude Journal Notebook Diary Log Book Organizer | To Do Today ... Setting Goals Getter, 120 pages, Size 6"" x 9",Vera Lohmann,Paperback,"Feb 12, 2021",
0,https://www.amazon.com/dp/B08WJTQKH5,B08WJTQKH5,"Personalized Writing Notebook Journal for Rome Name Flowers Color Cover: Journal, Money, Over 110 Pages, Passion, A4, Journal, To Do, Budget, 21.59 x 27.94 cm, 8.5 x 11 inch",Shelley Castaneda,Paperback,"Feb 12, 2021",
0,https://www.amazon.com/dp/B08WJTQKDG,B08WJTQKDG,"Personalized Writing Notebook Journal for Rocco Name Flowers Color Cover: 8.5 x 11 inch, 21.59 x 27.94 cm, Budget, Money, Over 110 Pages, Passion, To Do, Journal, A4, Journal",Shelley Castaneda,Paperback,"Feb 12, 2021",
0,https://www.amazon.com/dp/B08WJTQK3C,B08WJTQK3C,"Personalized Writing Notebook Journal for Reed Name Flowers Color Cover: Over 110 Pages, A4, Journal, Money, Budget, Journal, 8.5 x 11 inch, To Do, 21.59 x 27.94 cm, Passion",Shelley Castaneda,Paperback,"Feb 12, 2021",
0,https://www.amazon.com/dp/B08WJTQJWY,B08WJTQJWY,"Personalized Writing Notebook Journal for Raphael Name Flowers Color Cover: Journal, Over 110 Pages, To Do, Passion, Money, 8.5 x 11 inch, A4, Budget, Journal, 21.59 x 27.94 cm",Shelley Castaneda,Paperback,"Feb 12, 2021",
0,https://www.amazon.com/dp/B08WJTQ1Z2,B08WJTQ1Z2,"Personalized Writing Notebook Journal for Sage Name Flowers Color Cover: 8.5 x 11 inch, Money, Over 110 Pages, Journal, Journal, 21.59 x 27.94 cm, To Do, A4, Passion, Budget",Shelley Castaneda,Paperback,"Feb 12, 2021",
0,https://www.amazon.com/dp/B08WJTQ1T5,B08WJTQ1T5,"Personalized Writing Notebook Journal for Ryann Name Flowers Color Cover: A4, Money, 21.59 x 27.94 cm, Over 110 Pages, To Do, Journal, Journal, Budget, 8.5 x 11 inch, Passion",Shelley Castaneda,Paperback,"Feb 12, 2021",
0,https://www.amazon.com/dp/B08WJTQ1HD,B08WJTQ1HD,"Personalized Writing Notebook Journal for Robin Name Flowers Color Cover: Journal, Journal, Passion, Money, A4, Over 110 Pages, 8.5 x 11 inch, To Do, 21.59 x 27.94 cm, Budget",Shelley Castaneda,Paperback,"Feb 12, 2021",
0,https://www.amazon.com/dp/B08WJTQ19K,B08WJTQ19K,"Personalized Writing Notebook Journal for Rex Name Flowers Color Cover: 8.5 x 11 inch, Journal, Journal, To Do, Money, 21.59 x 27.94 cm, Budget, A4, Over 110 Pages, Passion",Shelley Castaneda,Paperback,"Feb 12, 2021",
0,https://www.amazon.com/dp/B08WJTQ16X,B08WJTQ16X,"Personalized Writing Notebook Journal for Reid Name Flowers Color Cover: To Do, Passion, Journal, Journal, 21.59 x 27.94 cm, Over 110 Pages, 8.5 x 11 inch, Budget, A4, Money",Shelley Castaneda,Paperback,"Feb 12, 2021",
0,https://www.amazon.com/dp/B08WJTQ16C,B08WJTQ16C,"Personalized Writing Notebook Journal for Reginald Name Flowers Color Cover: Passion, To Do, Journal, Budget, Over 110 Pages, Journal, A4, 8.5 x 11 inch, 21.59 x 27.94 cm, Money",Shelley Castaneda,Paperback,"Feb 12, 2021",
0,https://www.amazon.com/dp/B08WJRXCR1,B08WJRXCR1,"Personalized Writing Notebook Journal for Ronnie Name Flowers Color Cover: To Do, Money, 8.5 x 11 inch, Journal, Over 110 Pages, Journal, Budget, A4, Passion, 21.59 x 27.94 cm",Shelley Castaneda,Paperback,"Feb 12, 2021",
0,https://www.amazon.com/dp/B08WJRXCQX,B08WJRXCQX,"Personalized Writing Notebook Journal for Ronan Name Flowers Color Cover: Journal, Budget, 21.59 x 27.94 cm, Over 110 Pages, A4, 8.5 x 11 inch, To Do, Journal, Money, Passion",Shelley Castaneda,Paperback,"Feb 12, 2021",
0,https://www.amazon.com/dp/B08WJRXCK1,B08WJRXCK1,"Goal Setting Planner: Owls Cartoon Goal Setting Planner, Daily Goal Setting Planner Gratitude Journal Notebook Diary Log Book Organizer | To Do Today ... Setting Goals Getter, 120 pages, Size 6"" x 9",Monique Gross,Paperback,"Feb 12, 2021",
0,https://www.amazon.com/dp/B08WJRXCJQ,B08WJRXCJQ,"Goal Setting Planner: Owls Cartoon Goal Setting Planner, Daily Goal Setting Planner Gratitude Journal Notebook Diary Log Book Organizer | To Do Today ... Setting Goals Getter, 120 pages, Size 6"" x 9",Stefanie Jansen,Paperback,"Feb 12, 2021",
0,https://www.amazon.com/dp/B08WJRXCHN,B08WJRXCHN,"Personalized Writing Notebook Journal for Rhys Name Flowers Color Cover: Passion, Journal, To Do, 8.5 x 11 inch, Money, 21.59 x 27.94 cm, Budget, Journal, A4, Over 110 Pages",Shelley Castaneda,Paperback,"Feb 12, 2021",
0,https://www.amazon.com/dp/B08WJRXCGD,B08WJRXCGD,"Personalized Writing Notebook Journal for Reyansh Name Flowers Color Cover: To Do, Money, 21.59 x 27.94 cm, 8.5 x 11 inch, Over 110 Pages, Budget, Passion, A4, Journal, Journal",Shelley Castaneda,Paperback,"Feb 12, 2021",
0,https://www.amazon.com/dp/B08WJRXC7X,B08WJRXC7X,"Personalized Writing Notebook Journal for Rebecca Name Flowers Color Cover: Over 110 Pages, Passion, 8.5 x 11 inch, A4, Money, Journal, 21.59 x 27.94 cm, Budget, Journal, To Do",Shelley Castaneda,Paperback,"Feb 12, 2021",
0,https://www.amazon.com/dp/B08WJRXC7V,B08WJRXC7V,"Personalized Writing Notebook Journal for Rayne Name Flowers Color Cover: Money, A4, 8.5 x 11 inch, Passion, Over 110 Pages, Journal, To Do, Budget, Journal, 21.59 x 27.94 cm",Shelley Castaneda,Paperback,"Feb 12, 2021",
0,https://www.amazon.com/dp/B08WJPN6C2,B08WJPN6C2,"Personalized Writing Notebook Journal for Rowan Name Flowers Color Cover: 8.5 x 11 inch, 21.59 x 27.94 cm, Journal, A4, Budget, To Do, Passion, Money, Over 110 Pages, Journal",Shelley Castaneda,Paperback,"Feb 12, 2021",
0,https://www.amazon.com/dp/B08WJPN5YL,B08WJPN5YL,"Personalized Writing Notebook Journal for Rey Name Flowers Color Cover: Money, Journal, Over 110 Pages, Journal, A4, Budget, To Do, 8.5 x 11 inch, 21.59 x 27.94 cm, Passion",Shelley Castaneda,Paperback,"Feb 12, 2021",
0,https://www.amazon.com/dp/B08WJPN5XQ,B08WJPN5XQ,"Personalized Writing Notebook Journal for Rene Name Flowers Color Cover: Over 110 Pages, 8.5 x 11 inch, A4, 21.59 x 27.94 cm, Journal, Budget, To Do, Money, Passion, Journal",Shelley Castaneda,Paperback,"Feb 12, 2021",
0,https://www.amazon.com/dp/B08WJPN5P3,B08WJPN5P3,"Personalized Writing Notebook Journal for Raquel Name Flowers Color Cover: Budget, Money, To Do, Journal, Over 110 Pages, A4, 8.5 x 11 inch, Journal, Passion, 21.59 x 27.94 cm",Shelley Castaneda,Paperback,"Feb 12, 2021",
0,https://www.amazon.com/dp/B08WJPLC74,B08WJPLC74,"Personalized Writing Notebook Journal for Ryland Name Flowers Color Cover: Budget, 8.5 x 11 inch, To Do, Journal, A4, Money, Passion, Journal, Over 110 Pages, 21.59 x 27.94 cm",Shelley Castaneda,Paperback,"Feb 12, 2021",
0,https://www.amazon.com/dp/B08WJPLC5T,B08WJPLC5T,"Personalized Writing Notebook Journal for Ryder Name Flowers Color Cover: 21.59 x 27.94 cm, 8.5 x 11 inch, Journal, Journal, A4, Budget, Money, To Do, Over 110 Pages, Passion",Shelley Castaneda,Paperback,"Feb 12, 2021",
0,https://www.amazon.com/dp/B08WJPLC3Y,B08WJPLC3Y,"Personalized Writing Notebook Journal for Royce Name Flowers Color Cover: Passion, To Do, Journal, 8.5 x 11 inch, A4, Money, Journal, Over 110 Pages, Budget, 21.59 x 27.94 cm",Shelley Castaneda,Paperback,"Feb 12, 2021",
0,https://www.amazon.com/dp/B08WJPLC24,B08WJPLC24,"Personalized Writing Notebook Journal for Roselyn Name Flowers Color Cover: A4, Passion, Over 110 Pages, 21.59 x 27.94 cm, Budget, 8.5 x 11 inch, Journal, To Do, Journal, Money",Shelley Castaneda,Paperback,"Feb 12, 2021",
0,https://www.amazon.com/dp/B08WJPLBX4,B08WJPLBX4,"Personalized Writing Notebook Journal for Rohan Name Flowers Color Cover: Passion, Journal, Journal, To Do, Money, Over 110 Pages, A4, Budget, 21.59 x 27.94 cm, 8.5 x 11 inch",Shelley Castaneda,Paperback,"Feb 12, 2021",
0,https://www.amazon.com/dp/B08WJPLBWY,B08WJPLBWY,"Personalized Writing Notebook Journal for Roger Name Flowers Color Cover: A4, To Do, Money, Journal, Over 110 Pages, 21.59 x 27.94 cm, Budget, Passion, Journal, 8.5 x 11 inch",Shelley Castaneda,Paperback,"Feb 12, 2021",
0,https://www.amazon.com/dp/B08WJPLBHP,B08WJPLBHP,"Personalized Writing Notebook Journal for Rayden Name Flowers Color Cover: Journal, Passion, Journal, Budget, Over 110 Pages, A4, 8.5 x 11 inch, 21.59 x 27.94 cm, Money, To Do",Shelley Castaneda,Paperback,"Feb 12, 2021",
0,https://www.amazon.com/dp/B08WK2JT3B,B08WK2JT3B,You will be missed it's gonna suck without you: Funny gift for coworker that is leaving for a new job .Fun Gift for Leaving Coworkers,BAHIM ANR,Paperback,"Feb 11, 2021",
0,https://www.amazon.com/dp/B08WJZC66K,B08WJZC66K,Be Bold Or Italic But Never Regular: Lined Notebook,The Stationery Co.,Paperback,"Feb 11, 2021",
0,https://www.amazon.com/dp/B08WK2JVGM,B08WK2JVGM,"I am a leader: Nice blank notebook with lines , It contains 100 pages , size 6×9 inches",Leadership Group,Paperback,"Feb 11, 2021",
0,https://www.amazon.com/dp/B08WJY6MSY,B08WJY6MSY,"Goal Setting Planner: Cute Birds Goal Setting Planner, Daily Goal Setting Planner Gratitude Journal Notebook Diary Log Book Organizer | To Do Today ... Setting Goals Getter, 120 pages, Size 6"" x 9",Sibylle Mai,Paperback,"Feb 11, 2021",
0,https://www.amazon.com/dp/B08WJY6CD9,B08WJY6CD9,Notes From Me To Me,Olivia Jacobssen,Paperback,"Feb 11, 2021",
0,https://www.amazon.com/dp/B08WJY696W,B08WJY696W,"Accounts Book Self Employed: Simple Income and Expense, Simple Bookkeeping Ledger | Pink Marble Cover",LedgerJames Studio,Paperback,"Feb 11, 2021",
0,https://www.amazon.com/dp/B08WJW8YFM,B08WJW8YFM,"Goal Setting Planner: Cute Birds Goal Setting Planner, Daily Goal Setting Planner Gratitude Journal Notebook Diary Log Book Organizer | To Do Today ... Setting Goals Getter, 120 pages, Size 6"" x 9",Sibylle Mai,Paperback,"Feb 11, 2021",
0,https://www.amazon.com/dp/B08WJW8XN2,B08WJW8XN2,"Shift Handover Log Book: perfect organiser of shift handover for Recording Duty ,",Trucker Signature,Paperback,"Feb 11, 2021",
0,https://www.amazon.com/dp/B08WSDFJLJ,B08WSDFJLJ,"Small Business Order Logbook: 120 orders for Online Business, Retail Store Compact size 8,5*11 inches.",Soukaina Talha,Paperback,"Feb 10, 2021",
0,https://www.amazon.com/dp/B08WJZD94F,B08WJZD94F,"Alone We Are Smart Together We are Awesome: lined notebook,size 6x9 inches,120 pages",motivational books,Paperback,"Feb 10, 2021",
0,https://www.amazon.com/dp/B08WJZD6XF,B08WJZD6XF,"All the good things in life are granted. It is up to YOU.: 6X9 Journal for Writing down Daily Habits, Diary Notebook (Inspirational, Motivational ... Peaceful, Uplifting, Empowering, Energizing)",Algrium Publishing,Paperback,"Feb 10, 2021",
0,https://www.amazon.com/dp/B08WJY81D7,B08WJY81D7,"One Team One Vision One Goal: Team Gifts for Employees , Staff Members ,Coworkers",casablanca brands,Paperback,"Feb 10, 2021",
0,https://www.amazon.com/dp/B08WJY68G1,B08WJY68G1,"Action Steps Project Goal Tracker: Your Personal Project Management Notebook With Action Steps - For Home, School, and Office - Floral Bloom Design (8)",P2G Innovations,Paperback,"Feb 10, 2021",
0,https://www.amazon.com/dp/B08WJY67WR,B08WJY67WR,"Money not equal to happiness: 6"" X 9"" with 120 pages Blank Lined Notebook",Sharath Tim,Paperback,"Feb 10, 2021",
0,https://www.amazon.com/dp/B08WJW8SR8,B08WJW8SR8,"Goal Setting Planner: Berry Goal Setting Planner, Daily Goal Setting Planner Gratitude Journal Notebook Diary Log Book Organizer | To Do Today ... Setting Goals Getter, 120 pages, Size 6"" x 9",Sibylle Mai,Paperback,"Feb 10, 2021",
0,https://www.amazon.com/dp/B08XLGFRQ3,B08XLGFRQ3,Three Bumblebees in the countryside,Marie-Helene Brown,Paperback,"Feb 27, 2021",
0,https://www.amazon.com/dp/B08WJTQFQJ,B08WJTQFQJ,"Goal Setting Planner: Happy Birthday Goal Setting Planner, Daily Goal Setting Planner Gratitude Journal Notebook Diary Log Book Organizer | To Do ... Setting Goals Getter, 120 pages, Size 6"" x 9",Sibylle Mai,Paperback,"Feb 10, 2021",
0,https://www.amazon.com/dp/B08WJPMZ44,B08WJPMZ44,"An Effortless Act of Gentleness Creates an Endless Wave: 6X9 Journal for Writing down Daily Habits, Diary Notebook (Inspirational, Motivational ... Uplifting, Empowering, Energizing, Positive,",Algrium Publishing,Paperback,"Feb 10, 2021",
0,https://www.amazon.com/dp/B08WK51R5W,B08WK51R5W,Master Mind typography beautiful motivational design: Write down your finances and your thoughts. 120 pages 6 * 9 notebook journal,Tizian Aktien,Paperback,"Feb 9, 2021",
0,https://www.amazon.com/dp/B08WK2H7FY,B08WK2H7FY,"Phone Call Log Book: Phone Call & Voicemail Recording Notebook, Over 570 Telephone Record Space, Inbound/Outbound Call Tracker For Personal, Home, Office and Business Use",Justin Pulisic Press,Paperback,"Feb 9, 2021",
0,https://www.amazon.com/dp/B08WJTQ9D5,B08WJTQ9D5,Call Your Mom: Daily To-Do List Notebook | Undated Planner for Goal Setting | Gift for a Daughter | Pink,Neli Notes,Paperback,"Feb 9, 2021",
0,https://www.amazon.com/dp/B08WJTQ993,B08WJTQ993,Grab Life By The Unicorns Undated Weekly Planner: For any year with weekly habit tracker and section for contacts and passwords,Rebecca Chase,Paperback,"Feb 9, 2021",
0,https://www.amazon.com/dp/B08WJPLFL8,B08WJPLFL8,"Goal Setting Planner: Watermelon Goal Setting Planner, Daily Goal Setting Planner Gratitude Journal Notebook Diary Log Book Organizer | To Do Today ... Setting Goals Getter, 120 pages, Size 6"" x 9",Sibylle Mai,Paperback,"Feb 9, 2021",
0,https://www.amazon.com/dp/B08XNBYB6M,B08XNBYB6M,Of Light and Darkness: A Time for Balance,Rodrigo Thomas,Paperback,"Feb 27, 2021",
0,https://www.amazon.com/dp/0655928391,0655928391,Privacy Impact Assessment A Complete Guide - 2020 Edition,Gerardus Blokdyk,Paperback,"Feb 8, 2021",
0,https://www.amazon.com/dp/B08WK6R928,B08WK6R928,"All in One Daily Planner for Busy Women: Over 3-Month Undated Day Planner; Sections with To-Do List, Priorities, Appointments, Daily Meals, Physical Activity and Mood Tracker",MJD,Paperback,"Feb 8, 2021",
0,https://www.amazon.com/dp/B08WJY34TN,B08WJY34TN,My Orchid Obsession - Monthly Spending Tracker: 140 pgs - 8.5 x 11 in,Suli Kim,Paperback,"Feb 8, 2021",
0,https://www.amazon.com/dp/B08W7SNKQL,B08W7SNKQL,Artificial Intelligence: Artificial Intelligence's dark side to our Labour Market & Civilisation.,Ella-Marie London,Paperback,"Feb 8, 2021",
0,https://www.amazon.com/dp/B08W7SHB7S,B08W7SHB7S,"MOTIVATIONAL NOTEBOOK, BLANK RULED JOURNAL LIFE STANDS ON HOPE",KGN PUBLISHING,Paperback,"Feb 8, 2021",
0,https://www.amazon.com/dp/B08XR37ZC9,B08XR37ZC9,FELICITY: Beautiful Felicity Present - Perfect Personalized Felicity Gift (Felicity Notebook / Felicity Journal),Vanessa Herring,Paperback,"Feb 27, 2021",
0,https://www.amazon.com/dp/B08W7SQHK3,B08W7SQHK3,"Personalized Writing Notebook Journal for Hugh Name Flowers Color Cover: Passion, 21.59 x 27.94 cm, Journal, Journal, Budget, Over 110 Pages, Money, 8.5 x 11 inch, A4, To Do",Shelley Castaneda,Paperback,"Feb 7, 2021",
0,https://www.amazon.com/dp/B08W7SQHK1,B08W7SQHK1,"Personalized Writing Notebook Journal for Howard Name Flowers Color Cover: 21.59 x 27.94 cm, To Do, Journal, Budget, Passion, 8.5 x 11 inch, Over 110 Pages, A4, Journal, Money",Shelley Castaneda,Paperback,"Feb 7, 2021",
0,https://www.amazon.com/dp/B08W7SQH9C,B08W7SQH9C,"Personalized Writing Notebook Journal for Harley Name Flowers Color Cover: Budget, Passion, A4, Money, 21.59 x 27.94 cm, Journal, Journal, Over 110 Pages, 8.5 x 11 inch, To Do",Shelley Castaneda,Paperback,"Feb 7, 2021",
0,https://www.amazon.com/dp/B08W7SQH7R,B08W7SQH7R,"Personalized Writing Notebook Journal for Hallie Name Flowers Color Cover: 21.59 x 27.94 cm, Journal, Journal, Money, To Do, 8.5 x 11 inch, Passion, Over 110 Pages, Budget, A4",Shelley Castaneda,Paperback,"Feb 7, 2021",
0,https://www.amazon.com/dp/B08W7SQH6Z,B08W7SQH6Z,"Personalized Writing Notebook Journal for Haisley Name Flowers Color Cover: Over 110 Pages, 8.5 x 11 inch, Journal, To Do, Passion, Money, 21.59 x 27.94 cm, Budget, A4, Journal",Shelley Castaneda,Paperback,"Feb 7, 2021",
0,https://www.amazon.com/dp/B08W7SQ6JP,B08W7SQ6JP,"Personalized Writing Notebook Journal for Hezekiah Name Flowers Color Cover: Journal, Over 110 Pages, Budget, 21.59 x 27.94 cm, A4, 8.5 x 11 inch, Journal, Money, Passion, To Do",Shelley Castaneda,Paperback,"Feb 7, 2021",
0,https://www.amazon.com/dp/B08W7SQ67B,B08W7SQ67B,"Personalized Writing Notebook Journal for Hadlee Name Flowers Color Cover: To Do, Journal, Money, 8.5 x 11 inch, Journal, Over 110 Pages, A4, Passion, Budget, 21.59 x 27.94 cm",Shelley Castaneda,Paperback,"Feb 7, 2021",
0,https://www.amazon.com/dp/B08W7SPN51,B08W7SPN51,"Personalized Writing Notebook Journal for Hayley Name Flowers Color Cover: Budget, 8.5 x 11 inch, Money, Over 110 Pages, Journal, Passion, 21.59 x 27.94 cm, Journal, To Do, A4",Shelley Castaneda,Paperback,"Feb 7, 2021",
0,https://www.amazon.com/dp/B08W7SPN4S,B08W7SPN4S,"Personalized Writing Notebook Journal for Hattie Name Flowers Color Cover: Budget, Over 110 Pages, Money, A4, To Do, 21.59 x 27.94 cm, 8.5 x 11 inch, Journal, Passion, Journal",Shelley Castaneda,Paperback,"Feb 7, 2021",
0,https://www.amazon.com/dp/B08W7SNMQM,B08W7SNMQM,"Personalized Writing Notebook Journal for Ismael Name Flowers Color Cover: 21.59 x 27.94 cm, Passion, A4, Budget, 8.5 x 11 inch, Journal, Money, Journal, To Do, Over 110 Pages",Shelley Castaneda,Paperback,"Feb 7, 2021",
0,https://www.amazon.com/dp/B08W7SNLV1,B08W7SNLV1,"Personalized Writing Notebook Journal for Holly Name Flowers Color Cover: 8.5 x 11 inch, A4, Budget, Journal, To Do, Journal, Passion, Over 110 Pages, 21.59 x 27.94 cm, Money",Shelley Castaneda,Paperback,"Feb 7, 2021",
0,https://www.amazon.com/dp/B08W7SNLTJ,B08W7SNLTJ,"Personalized Writing Notebook Journal for Holden Name Flowers Color Cover: 8.5 x 11 inch, Journal, Over 110 Pages, A4, Journal, Passion, To Do, Money, Budget, 21.59 x 27.94 cm",Shelley Castaneda,Paperback,"Feb 7, 2021",
0,https://www.amazon.com/dp/B08W7SH7DL,B08W7SH7DL,"Personalized Writing Notebook Journal for Isabelle Name Flowers Color Cover: Journal, Budget, 8.5 x 11 inch, Money, A4, 21.59 x 27.94 cm, Over 110 Pages, To Do, Journal, Passion",Shelley Castaneda,Paperback,"Feb 7, 2021",
0,https://www.amazon.com/dp/B08W7SH6N8,B08W7SH6N8,"Personalized Writing Notebook Journal for Huxley Name Flowers Color Cover: 8.5 x 11 inch, A4, Journal, Over 110 Pages, Budget, To Do, 21.59 x 27.94 cm, Passion, Money, Journal",Shelley Castaneda,Paperback,"Feb 7, 2021",
0,https://www.amazon.com/dp/B08W7SH6LF,B08W7SH6LF,"Personalized Writing Notebook Journal for Houston Name Flowers Color Cover: Passion, Money, To Do, A4, 8.5 x 11 inch, Over 110 Pages, Budget, Journal, 21.59 x 27.94 cm, Journal",Shelley Castaneda,Paperback,"Feb 7, 2021",
0,https://www.amazon.com/dp/B08XNVDDPS,B08XNVDDPS,Shikaku Divide by Box Puzzle Book: 200 Easy to Hard (8x8) Puzzles (Adult Brain Games Series),Dr. Khalid Alzamili,Paperback,"Feb 27, 2021",
0,https://www.amazon.com/dp/B08ZBJF2KK,B08ZBJF2KK,Most Colorful Birds,Tammy (Mara) DiCenso,Paperback,"Feb 27, 2021",
0,https://www.amazon.com/dp/B0FGQGSM6N,B0FGQGSM6N,McKinley The Baker (The McKinley Series),Jazzmyn Julius,Paperback,"Feb 27, 2021",
0,https://www.amazon.com/dp/B08W7R1GQH,B08W7R1GQH,"Personalized Writing Notebook Journal for Isabella Name Flowers Color Cover: Over 110 Pages, Passion, To Do, Journal, 21.59 x 27.94 cm, Budget, A4, Journal, Money, 8.5 x 11 inch",Shelley Castaneda,Paperback,"Feb 7, 2021",
0,https://www.amazon.com/dp/B08W7R1FV5,B08W7R1FV5,"Personalized Writing Notebook Journal for Hayes Name Flowers Color Cover: 21.59 x 27.94 cm, Budget, A4, Journal, Money, Passion, Over 110 Pages, 8.5 x 11 inch, To Do, Journal",Shelley Castaneda,Paperback,"Feb 7, 2021",
0,https://www.amazon.com/dp/B08W7JTXJM,B08W7JTXJM,"Personalized Writing Notebook Journal for Isabela Name Flowers Color Cover: Budget, To Do, 8.5 x 11 inch, Journal, Money, Journal, Passion, 21.59 x 27.94 cm, A4, Over 110 Pages",Shelley Castaneda,Paperback,"Feb 7, 2021",
0,https://www.amazon.com/dp/B08W7JTWVY,B08W7JTWVY,"Personalized Writing Notebook Journal for Idris Name Flowers Color Cover: Money, 8.5 x 11 inch, Journal, Passion, 21.59 x 27.94 cm, A4, Budget, Over 110 Pages, To Do, Journal",Shelley Castaneda,Paperback,"Feb 7, 2021",
0,https://www.amazon.com/dp/B08W7JTWV6,B08W7JTWV6,"Personalized Writing Notebook Journal for Hunter Name Flowers Color Cover: 21.59 x 27.94 cm, Passion, To Do, 8.5 x 11 inch, Budget, Over 110 Pages, Money, A4, Journal, Journal",Shelley Castaneda,Paperback,"Feb 7, 2021",
0,https://www.amazon.com/dp/B08W7JTWKR,B08W7JTWKR,"Personalized Writing Notebook Journal for Harleigh Name Flowers Color Cover: Money, 21.59 x 27.94 cm, Journal, Journal, Passion, Over 110 Pages, A4, To Do, Budget, 8.5 x 11 inch",Shelley Castaneda,Paperback,"Feb 7, 2021",
0,https://www.amazon.com/dp/B08W7JTWGP,B08W7JTWGP,"Personalized Writing Notebook Journal for Hailey Name Flowers Color Cover: Budget, To Do, A4, Journal, Journal, 21.59 x 27.94 cm, 8.5 x 11 inch, Passion, Money, Over 110 Pages",Shelley Castaneda,Paperback,"Feb 7, 2021",
0,https://www.amazon.com/dp/B08W7JNWYV,B08W7JNWYV,"Personalized Writing Notebook Journal for Israel Name Flowers Color Cover: 21.59 x 27.94 cm, A4, To Do, Journal, Money, Budget, Passion, Journal, 8.5 x 11 inch, Over 110 Pages",Shelley Castaneda,Paperback,"Feb 7, 2021",
0,https://www.amazon.com/dp/B08W7JNW4N,B08W7JNW4N,"Personalized Writing Notebook Journal for Hugo Name Flowers Color Cover: 21.59 x 27.94 cm, Budget, A4, Journal, 8.5 x 11 inch, Journal, Passion, To Do, Money, Over 110 Pages",Shelley Castaneda,Paperback,"Feb 7, 2021",
0,https://www.amazon.com/dp/B08W7JNW11,B08W7JNW11,"Personalized Writing Notebook Journal for Heidi Name Flowers Color Cover: Money, Budget, To Do, Passion, Over 110 Pages, Journal, A4, 21.59 x 27.94 cm, Journal, 8.5 x 11 inch",Shelley Castaneda,Paperback,"Feb 7, 2021",
0,https://www.amazon.com/dp/B08W7JNVR7,B08W7JNVR7,"Personalized Writing Notebook Journal for Hadassah Name Flowers Color Cover: Journal, Over 110 Pages, Budget, 21.59 x 27.94 cm, Passion, A4, 8.5 x 11 inch, Journal, To Do, Money",Shelley Castaneda,Paperback,"Feb 7, 2021",
0,https://www.amazon.com/dp/B08W7JH41R,B08W7JH41R,"Personalized Writing Notebook Journal for Isla Name Flowers Color Cover: 8.5 x 11 inch, Money, 21.59 x 27.94 cm, Journal, Budget, Journal, A4, Over 110 Pages, To Do, Passion",Shelley Castaneda,Paperback,"Feb 7, 2021",
0,https://www.amazon.com/dp/B08W7JH37M,B08W7JH37M,"Personalized Writing Notebook Journal for Hudson Name Flowers Color Cover: 21.59 x 27.94 cm, Journal, Passion, Over 110 Pages, Journal, Money, A4, 8.5 x 11 inch, To Do, Budget",Shelley Castaneda,Paperback,"Feb 7, 2021",
0,https://www.amazon.com/dp/B08W7JH36K,B08W7JH36K,"Personalized Writing Notebook Journal for Holland Name Flowers Color Cover: Journal, To Do, Budget, Over 110 Pages, 21.59 x 27.94 cm, Money, 8.5 x 11 inch, Passion, A4, Journal",Shelley Castaneda,Paperback,"Feb 7, 2021",
0,https://www.amazon.com/dp/B08W7JH31D,B08W7JH31D,"Personalized Writing Notebook Journal for Harmoni Name Flowers Color Cover: Over 110 Pages, Journal, Journal, 21.59 x 27.94 cm, Budget, Passion, To Do, A4, Money, 8.5 x 11 inch",Shelley Castaneda,Paperback,"Feb 7, 2021",
0,https://www.amazon.com/dp/B08W7JH2YS,B08W7JH2YS,"Personalized Writing Notebook Journal for Hana Name Flowers Color Cover: Passion, A4, To Do, Journal, 21.59 x 27.94 cm, Journal, 8.5 x 11 inch, Over 110 Pages, Money, Budget",Shelley Castaneda,Paperback,"Feb 7, 2021",
0,https://www.amazon.com/dp/B08W7GB5T4,B08W7GB5T4,"Personalized Writing Notebook Journal for Hope Name Flowers Color Cover: 8.5 x 11 inch, Journal, 21.59 x 27.94 cm, Journal, Budget, Passion, A4, Money, Over 110 Pages, To Do",Shelley Castaneda,Paperback,"Feb 7, 2021",
0,https://www.amazon.com/dp/B08W7GB5RW,B08W7GB5RW,"Personalized Writing Notebook Journal for Hendrix Name Flowers Color Cover: Budget, To Do, Journal, A4, Journal, Over 110 Pages, Passion, 8.5 x 11 inch, 21.59 x 27.94 cm, Money",Shelley Castaneda,Paperback,"Feb 7, 2021",
0,https://www.amazon.com/dp/B08W7GB5MZ,B08W7GB5MZ,"Personalized Writing Notebook Journal for Harry Name Flowers Color Cover: 21.59 x 27.94 cm, Budget, A4, 8.5 x 11 inch, Over 110 Pages, Passion, Journal, Journal, To Do, Money",Shelley Castaneda,Paperback,"Feb 7, 2021",
0,https://www.amazon.com/dp/B08W7DWX64,B08W7DWX64,"Personalized Writing Notebook Journal for Haylee Name Flowers Color Cover: 8.5 x 11 inch, A4, Money, 21.59 x 27.94 cm, Passion, Over 110 Pages, Journal, Journal, Budget, To Do",Shelley Castaneda,Paperback,"Feb 7, 2021",
0,https://www.amazon.com/dp/B08W7DWX5T,B08W7DWX5T,"Personalized Writing Notebook Journal for Hayden Name Flowers Color Cover: Journal, 8.5 x 11 inch, To Do, Journal, Over 110 Pages, 21.59 x 27.94 cm, A4, Money, Passion, Budget",Shelley Castaneda,Paperback,"Feb 7, 2021",
0,https://www.amazon.com/dp/B08W7DWX52,B08W7DWX52,"Personalized Writing Notebook Journal for Hassan Name Flowers Color Cover: Over 110 Pages, Money, Journal, 8.5 x 11 inch, Journal, Passion, Budget, 21.59 x 27.94 cm, To Do, A4",Shelley Castaneda,Paperback,"Feb 7, 2021",
0,https://www.amazon.com/dp/B08W7DWX3Z,B08W7DWX3Z,"Personalized Writing Notebook Journal for Harold Name Flowers Color Cover: 8.5 x 11 inch, Budget, Money, Journal, To Do, 21.59 x 27.94 cm, Journal, Passion, Over 110 Pages, A4",Shelley Castaneda,Paperback,"Feb 7, 2021",
0,https://www.amazon.com/dp/B08W7DWX3X,B08W7DWX3X,"Personalized Writing Notebook Journal for Harlow Name Flowers Color Cover: Money, A4, Journal, Journal, 8.5 x 11 inch, Budget, To Do, Over 110 Pages, 21.59 x 27.94 cm, Passion",Shelley Castaneda,Paperback,"Feb 7, 2021",
0,https://www.amazon.com/dp/B08W7DWNL3,B08W7DWNL3,sometimes you forget you're awesome so this is your reminder: Blank lined notebook / journal (6 x 9 - 120 Pages),Fox nbooks,Paperback,"Feb 7, 2021",
0,https://www.amazon.com/dp/B08W7DWMPL,B08W7DWMPL,Simple Notebook,Katie Publishing,Paperback,"Feb 7, 2021",
0,https://www.amazon.com/dp/B08W7DWLR2,B08W7DWLR2,"Personalized Writing Notebook Journal for Isabel Name Flowers Color Cover: Budget, Over 110 Pages, Journal, Journal, Money, A4, 21.59 x 27.94 cm, To Do, Passion, 8.5 x 11 inch",Shelley Castaneda,Paperback,"Feb 7, 2021",
0,https://www.amazon.com/dp/B08W7DWL2F,B08W7DWL2F,"Personalized Writing Notebook Journal for Ibrahim Name Flowers Color Cover: Journal, Money, Journal, To Do, A4, Budget, 21.59 x 27.94 cm, Over 110 Pages, 8.5 x 11 inch, Passion",Shelley Castaneda,Paperback,"Feb 7, 2021",
0,https://www.amazon.com/dp/B08W7DWKYY,B08W7DWKYY,"Personalized Writing Notebook Journal for Henrik Name Flowers Color Cover: Over 110 Pages, Budget, Journal, Passion, Journal, A4, To Do, Money, 8.5 x 11 inch, 21.59 x 27.94 cm",Shelley Castaneda,Paperback,"Feb 7, 2021",
0,https://www.amazon.com/dp/B08W7DPQ1G,B08W7DPQ1G,"Personalized Writing Notebook Journal for Henley Name Flowers Color Cover: Budget, A4, Passion, 21.59 x 27.94 cm, 8.5 x 11 inch, Journal, Journal, Over 110 Pages, To Do, Money",Shelley Castaneda,Paperback,"Feb 7, 2021",
0,https://www.amazon.com/dp/B08W7DPQ13,B08W7DPQ13,"Personalized Writing Notebook Journal for Helena Name Flowers Color Cover: A4, Passion, Journal, Over 110 Pages, 21.59 x 27.94 cm, 8.5 x 11 inch, Journal, Budget, To Do, Money",Shelley Castaneda,Paperback,"Feb 7, 2021",
0,https://www.amazon.com/dp/B08W7DPQ11,B08W7DPQ11,"Personalized Writing Notebook Journal for Helen Name Flowers Color Cover: 21.59 x 27.94 cm, A4, Money, Journal, 8.5 x 11 inch, To Do, Journal, Budget, Passion, Over 110 Pages",Shelley Castaneda,Paperback,"Feb 7, 2021",
0,https://www.amazon.com/dp/B08XRZGX85,B08XRZGX85,Sh*t Old Ladies Always Forget Password Logbook for Seniors: A Password Keeper Logbook for all the beloved Old Ladies with Bad Memory in our Lives!,Safe & Secure Printing,Paperback,"Feb 27, 2021",
0,https://www.amazon.com/dp/B08XS5L9KT,B08XS5L9KT,Territorial Bank Notes - Territory of Oklahoma - 1890-1907,Chris Steenerson,Paperback,"Feb 27, 2021",
0,https://www.amazon.com/dp/B08XR9K14V,B08XR9K14V,"Productivity Day Planner: Butterfly and Dragonfly Pattern on Blue and white - Garden Art, Large time management agenda gift",Chotiwat Ohm,Paperback,"Feb 27, 2021",
0,https://www.amazon.com/dp/B08W7DPPYL,B08W7DPPYL,"Personalized Writing Notebook Journal for Heath Name Flowers Color Cover: Money, Budget, Journal, Journal, A4, Over 110 Pages, 21.59 x 27.94 cm, 8.5 x 11 inch, Passion, To Do",Shelley Castaneda,Paperback,"Feb 7, 2021",
0,https://www.amazon.com/dp/B08W7DPPW9,B08W7DPPW9,"Personalized Writing Notebook Journal for Harrison Name Flowers Color Cover: To Do, Journal, Money, 21.59 x 27.94 cm, 8.5 x 11 inch, Over 110 Pages, Budget, A4, Passion, Journal",Shelley Castaneda,Paperback,"Feb 7, 2021",
0,https://www.amazon.com/dp/B08W7DPPVP,B08W7DPPVP,"Personalized Writing Notebook Journal for Harriet Name Flowers Color Cover: Journal, 21.59 x 27.94 cm, Budget, Money, 8.5 x 11 inch, A4, Over 110 Pages, Journal, Passion, To Do",Shelley Castaneda,Paperback,"Feb 7, 2021",
0,https://www.amazon.com/dp/B08W7DPPRN,B08W7DPPRN,"Personalized Writing Notebook Journal for Halo Name Flowers Color Cover: 8.5 x 11 inch, Over 110 Pages, Journal, To Do, Money, Journal, A4, Budget, 21.59 x 27.94 cm, Passion",Shelley Castaneda,Paperback,"Feb 7, 2021",
0,https://www.amazon.com/dp/B08W7DMV7N,B08W7DMV7N,"Personalized Writing Notebook Journal for Ian Name Flowers Color Cover: To Do, Money, 8.5 x 11 inch, Budget, Journal, Journal, Passion, 21.59 x 27.94 cm, A4, Over 110 Pages",Shelley Castaneda,Paperback,"Feb 7, 2021",
0,https://www.amazon.com/dp/B08W7DMTY9,B08W7DMTY9,"Personalized Writing Notebook Journal for Harlem Name Flowers Color Cover: Budget, To Do, A4, 21.59 x 27.94 cm, Passion, 8.5 x 11 inch, Journal, Journal, Over 110 Pages, Money",Shelley Castaneda,Paperback,"Feb 7, 2021",
0,https://www.amazon.com/dp/B08W7DMTXW,B08W7DMTXW,"Personalized Writing Notebook Journal for Harlee Name Flowers Color Cover: 21.59 x 27.94 cm, Over 110 Pages, Passion, Journal, Money, A4, 8.5 x 11 inch, To Do, Budget, Journal",Shelley Castaneda,Paperback,"Feb 7, 2021",
0,https://www.amazon.com/dp/B08W7DMTXH,B08W7DMTXH,"Personalized Writing Notebook Journal for Harlan Name Flowers Color Cover: Journal, Journal, Passion, 8.5 x 11 inch, Over 110 Pages, Budget, To Do, A4, 21.59 x 27.94 cm, Money",Shelley Castaneda,Paperback,"Feb 7, 2021",
0,https://www.amazon.com/dp/B08W7DMTTL,B08W7DMTTL,"Personalized Writing Notebook Journal for Hadleigh Name Flowers Color Cover: To Do, Money, A4, Budget, 21.59 x 27.94 cm, Journal, Passion, 8.5 x 11 inch, Over 110 Pages, Journal",Shelley Castaneda,Paperback,"Feb 7, 2021",
0,https://www.amazon.com/dp/B08W7DK78L,B08W7DK78L,"Personalized Writing Notebook Journal for Isaiah Name Flowers Color Cover: Over 110 Pages, Journal, A4, 8.5 x 11 inch, To Do, 21.59 x 27.94 cm, Passion, Money, Journal, Budget",Shelley Castaneda,Paperback,"Feb 7, 2021",
0,https://www.amazon.com/dp/B08W7DK6CY,B08W7DK6CY,"Personalized Writing Notebook Journal for Hector Name Flowers Color Cover: A4, Journal, Budget, 8.5 x 11 inch, Money, To Do, 21.59 x 27.94 cm, Over 110 Pages, Passion, Journal",Shelley Castaneda,Paperback,"Feb 7, 2021",
0,https://www.amazon.com/dp/B08W7DK6CV,B08W7DK6CV,"Personalized Writing Notebook Journal for Heavenly Name Flowers Color Cover: Passion, Journal, A4, 8.5 x 11 inch, 21.59 x 27.94 cm, Budget, Journal, Over 110 Pages, Money, To Do",Shelley Castaneda,Paperback,"Feb 7, 2021",
0,https://www.amazon.com/dp/B08W6QD8SH,B08W6QD8SH,"Personalized Writing Notebook Journal for Itzayana Name Flowers Color Cover: Passion, Journal, To Do, 8.5 x 11 inch, Over 110 Pages, Budget, Journal, Money, A4, 21.59 x 27.94 cm",Shelley Castaneda,Paperback,"Feb 7, 2021",
0,https://www.amazon.com/dp/B08W6QD8Q6,B08W6QD8Q6,"Personalized Writing Notebook Journal for Isaias Name Flowers Color Cover: Journal, Budget, Over 110 Pages, To Do, A4, Journal, Passion, 8.5 x 11 inch, Money, 21.59 x 27.94 cm",Shelley Castaneda,Paperback,"Feb 7, 2021",
0,https://www.amazon.com/dp/B08W6QD82P,B08W6QD82P,"Personalized Writing Notebook Journal for Henry Name Flowers Color Cover: Over 110 Pages, Money, 21.59 x 27.94 cm, Budget, A4, To Do, Journal, Passion, 8.5 x 11 inch, Journal",Shelley Castaneda,Paperback,"Feb 7, 2021",
0,https://www.amazon.com/dp/B08W6QD7RV,B08W6QD7RV,"Personalized Writing Notebook Journal for Hazel Name Flowers Color Cover: A4, Money, Journal, 21.59 x 27.94 cm, Journal, Budget, Passion, Over 110 Pages, 8.5 x 11 inch, To Do",Shelley Castaneda,Paperback,"Feb 7, 2021",
0,https://www.amazon.com/dp/B08XP9N9TR,B08XP9N9TR,Stringstastic Level 1 Violin: String Music Theory (Stringstastic Violin),Lorraine Chai,Paperback,"Feb 27, 2021",
0,https://www.amazon.com/dp/B08XL7Z228,B08XL7Z228,Bunny Journal and Notebook: Blank Lined Book with Window Gazing Rabbit Hare and Pussy Willows Cover,Barton Rose,Paperback,"Feb 27, 2021",
0,https://www.amazon.com/dp/B08XPT5R6X,B08XPT5R6X,"McDowell, The Spirit of Want, The Surgeon's Wife and Guardian of Deceit (Novels of William H. Coles Book 7)",William H. Coles,Kindle,"Feb 27, 2021",
0,https://www.amazon.com/dp/B08W6QD7QD,B08W6QD7QD,"Personalized Writing Notebook Journal for Harvey Name Flowers Color Cover: Passion, Budget, Journal, Journal, Over 110 Pages, A4, To Do, 8.5 x 11 inch, 21.59 x 27.94 cm, Money",Shelley Castaneda,Paperback,"Feb 7, 2021",
0,https://www.amazon.com/dp/B08W6QD76C,B08W6QD76C,"Personalized Writing Notebook Journal for Hannah Name Flowers Color Cover: Journal, Budget, Journal, To Do, Money, 21.59 x 27.94 cm, 8.5 x 11 inch, Over 110 Pages, Passion, A4",Shelley Castaneda,Paperback,"Feb 7, 2021",
0,https://www.amazon.com/dp/B08W6QD72V,B08W6QD72V,"Personalized Writing Notebook Journal for Hamza Name Flowers Color Cover: 8.5 x 11 inch, To Do, 21.59 x 27.94 cm, Money, Journal, Budget, Over 110 Pages, A4, Passion, Journal",Shelley Castaneda,Paperback,"Feb 7, 2021",
0,https://www.amazon.com/dp/B08W6QD6XZ,B08W6QD6XZ,"Personalized Writing Notebook Journal for Halle Name Flowers Color Cover: Budget, Journal, Over 110 Pages, To Do, 21.59 x 27.94 cm, A4, Journal, 8.5 x 11 inch, Passion, Money",Shelley Castaneda,Paperback,"Feb 7, 2021",
0,https://www.amazon.com/dp/B08W6QD6VS,B08W6QD6VS,"Personalized Writing Notebook Journal for Hailee Name Flowers Color Cover: Budget, Passion, 8.5 x 11 inch, 21.59 x 27.94 cm, A4, Over 110 Pages, Money, Journal, Journal, To Do",Shelley Castaneda,Paperback,"Feb 7, 2021",
0,https://www.amazon.com/dp/B08W6P2JW2,B08W6P2JW2,"Personalized Writing Notebook Journal for Issac Name Flowers Color Cover: Journal, Budget, 8.5 x 11 inch, Journal, Over 110 Pages, To Do, Passion, Money, 21.59 x 27.94 cm, A4",Shelley Castaneda,Paperback,"Feb 7, 2021",
0,https://www.amazon.com/dp/B08W6P2JTD,B08W6P2JTD,"Personalized Writing Notebook Journal for Ishaan Name Flowers Color Cover: Journal, Budget, 21.59 x 27.94 cm, A4, Passion, 8.5 x 11 inch, Money, Over 110 Pages, To Do, Journal",Shelley Castaneda,Paperback,"Feb 7, 2021",
0,https://www.amazon.com/dp/B08W6P2HX7,B08W6P2HX7,"Personalized Writing Notebook Journal for Heaven Name Flowers Color Cover: 21.59 x 27.94 cm, Money, A4, Budget, Over 110 Pages, To Do, 8.5 x 11 inch, Journal, Passion, Journal",Shelley Castaneda,Paperback,"Feb 7, 2021",
0,https://www.amazon.com/dp/B08W6P2HRT,B08W6P2HRT,"Personalized Writing Notebook Journal for Haven Name Flowers Color Cover: Journal, Money, Journal, A4, Budget, 8.5 x 11 inch, Passion, To Do, Over 110 Pages, 21.59 x 27.94 cm",Shelley Castaneda,Paperback,"Feb 7, 2021",
0,https://www.amazon.com/dp/B08W6P2HK3,B08W6P2HK3,"Personalized Writing Notebook Journal for Harper Name Flowers Color Cover: Over 110 Pages, Journal, A4, Passion, 8.5 x 11 inch, Journal, 21.59 x 27.94 cm, To Do, Budget, Money",Shelley Castaneda,Paperback,"Feb 7, 2021",
0,https://www.amazon.com/dp/B08W6P2HHT,B08W6P2HHT,"Personalized Writing Notebook Journal for Harmony Name Flowers Color Cover: 21.59 x 27.94 cm, To Do, 8.5 x 11 inch, Money, Over 110 Pages, Journal, Journal, Passion, A4, Budget",Shelley Castaneda,Paperback,"Feb 7, 2021",
0,https://www.amazon.com/dp/B08W6P2H8G,B08W6P2H8G,"Personalized Writing Notebook Journal for Hanna Name Flowers Color Cover: A4, Passion, Journal, 21.59 x 27.94 cm, Budget, To Do, Over 110 Pages, Journal, Money, 8.5 x 11 inch",Shelley Castaneda,Paperback,"Feb 7, 2021",
0,https://www.amazon.com/dp/B08W6P2H77,B08W6P2H77,"Personalized Writing Notebook Journal for Hank Name Flowers Color Cover: 8.5 x 11 inch, Journal, Budget, 21.59 x 27.94 cm, Money, Journal, To Do, Over 110 Pages, Passion, A4",Shelley Castaneda,Paperback,"Feb 7, 2021",
0,https://www.amazon.com/dp/B08W6P2GZ3,B08W6P2GZ3,"Personalized Writing Notebook Journal for Haley Name Flowers Color Cover: 8.5 x 11 inch, Passion, Journal, Budget, A4, Money, 21.59 x 27.94 cm, Journal, Over 110 Pages, To Do",Shelley Castaneda,Paperback,"Feb 7, 2021",
0,https://www.amazon.com/dp/B08W6P2GVB,B08W6P2GVB,"Personalized Writing Notebook Journal for Hadley Name Flowers Color Cover: 21.59 x 27.94 cm, To Do, Money, 8.5 x 11 inch, Over 110 Pages, A4, Budget, Journal, Passion, Journal",Shelley Castaneda,Paperback,"Feb 7, 2021",
0,https://www.amazon.com/dp/B08XPJZF96,B08XPJZF96,The Artificial Man and Other Stories (Illustrated) (The Collected Clare Winger Harris),Clare Winger Harris,Kindle,"Feb 27, 2021",
0,https://www.amazon.com/dp/B08W6P2DW2,B08W6P2DW2,Call Your Mom: Daily To-Do List Notebook | Undated Planner for Goal Setting | Gift for a Daughter or Son | Black,Neli Notes,Paperback,"Feb 6, 2021",
0,https://www.amazon.com/dp/B08W7JH1SG,B08W7JH1SG,Think for yourself: lined notbook/120pages/journal,jessica taylor,Paperback,"Feb 6, 2021",
0,https://www.amazon.com/dp/B08W7DWWMX,B08W7DWWMX,The Creatives Journal: Lipstick Lovers,Cynthia Williamston,Paperback,"Feb 6, 2021",
0,https://www.amazon.com/dp/B08W7DWVDS,B08W7DWVDS,L+R LUXURY AND ROYAL: Luxury notebook for luxury and royal personalities Blank lined notebook size: 6 x 9 inches with 120 pages,Abde Boutan,Paperback,"Feb 6, 2021",
0,https://www.amazon.com/dp/B08W7DWVD2,B08W7DWVD2,Temperature Log Book For People: 8.5x 11 inches (Specail Textre Cover) Body Temperature Health Checkup Tracker,KayLion Publishing,Paperback,"Feb 6, 2021",
0,https://www.amazon.com/dp/B08W7DWVBR,B08W7DWVBR,Temperature Log Book For People: 8.5x 11 inches(Wood Cover)Body Temperature Health Checkup Tracker,KayLion Publishing,Paperback,"Feb 6, 2021",
0,https://www.amazon.com/dp/B08W7DWV8L,B08W7DWV8L,Temperature Log Book For People: 8.5x 11 inches(Black Cover)Body Temperature Health Checkup Tracker,KayLion Publishing,Paperback,"Feb 6, 2021",
0,https://www.amazon.com/dp/B08W7DWTYJ,B08W7DWTYJ,"Notebook: Even a poor plan is better than no plan at all: Chess lined notebook with inspirational chess quote (composition, book, journal) 6x9 - 120 ... Notebook journals with inspirational quotes)",BCN . SF0 PUBLICATIONS,Paperback,"Feb 6, 2021",
0,https://www.amazon.com/dp/B08W7DK4JX,B08W7DK4JX,Temperature Log Book For People: 8.5x 11 inches(Pink Cover)Body Temperature Health Checkup Tracker,KayLion Publishing,Paperback,"Feb 6, 2021",
0,https://www.amazon.com/dp/B08W6QD45K,B08W6QD45K,"Goal Setting Planner: Butterflies Goal Setting Planner, Daily Goal Setting Planner Gratitude Journal Notebook Diary Log Book Organizer | To Do Today ... Setting Goals Getter, 120 pages, Size 6"" x 9",Hans-Georg Schumann,Paperback,"Feb 6, 2021",
0,https://www.amazon.com/dp/B08W6P2DHY,B08W6P2DHY,Temperature Log Book For People: 8.5x 11 inches(Silver Cover)Body Temperature Health Checkup Tracker,KayLion Publishing,Paperback,"Feb 6, 2021",
0,https://www.amazon.com/dp/B08XNBYC8X,B08XNBYC8X,Quantum Canticles: and Selected Poems,Dr. Jeffrey  Hale Collins,Paperback,"Feb 27, 2021",
0,https://www.amazon.com/dp/B08VX17311,B08VX17311,Evolve: Changing the Purpose of Business: A Short and Simple Business Guide to Social and Environmental Responsibility: Revised Edition,Connie Pillon,Paperback,"Feb 5, 2021",
0,https://www.amazon.com/dp/B08W7SH3TD,B08W7SH3TD,"Classic Whole White Notebook (6x9 Inches): 100 Lined Pages & White Paper, Coconut Cover (Notebooks with colored paper)",Vividly Print,Paperback,"Feb 5, 2021",
0,https://www.amazon.com/dp/B08W7HRW75,B08W7HRW75,"Goal Setting Planner: Floral Fishes Goal Setting Planner, Daily Goal Setting Planner Gratitude Journal Notebook Diary Log Book Organizer | To Do Today ... Setting Goals Getter, 120 pages, Size 6"" x 9",Hans-Georg Schumann,Paperback,"Feb 5, 2021",
0,https://www.amazon.com/dp/B08W7FCH8F,B08W7FCH8F,"Whole Yellow Notebook (6x9 Inches): 100 Lined Pages & Yellow Paper, Banana Cover (Notebooks with colored paper)",Vividly Print,Paperback,"Feb 5, 2021",
0,https://www.amazon.com/dp/B08W7DWH7B,B08W7DWH7B,"Goal Setting Planner: Stars Goal Setting Planner, Daily Goal Setting Planner Gratitude Journal Notebook Diary Log Book Organizer | To Do Today ... Setting Goals Getter, 120 pages, Size 6"" x 9",Hans-Georg Schumann,Paperback,"Feb 5, 2021",
0,https://www.amazon.com/dp/B08W6P2L28,B08W6P2L28,My get rich quick ideas: lined notebook,roben arts,Paperback,"Feb 5, 2021",
0,https://www.amazon.com/dp/B08W6J8BL8,B08W6J8BL8,Daily Planner: Simply Daily Fill-In Planner and Task Organizer,Juliette Turner,Paperback,"Feb 5, 2021",
0,https://www.amazon.com/dp/B08W3MCHZV,B08W3MCHZV,"Password Book: Mini Password Book (4x6 Inches), Coffee Cover",Coffee Books Publishing,Paperback,"Feb 5, 2021",
0,https://www.amazon.com/dp/B08W3M9XPZ,B08W3M9XPZ,"Password Book: Mini Password Book (4x6 Inches), Coffee Cover",Coffee Books Publishing,Paperback,"Feb 5, 2021",
0,https://www.amazon.com/dp/B08W3K8SFF,B08W3K8SFF,"Password Book: Mini Password Book (4x6 Inches), Coffee Cover",Coffee Books Publishing,Paperback,"Feb 5, 2021",
0,https://www.amazon.com/dp/B08VYLP3TY,B08VYLP3TY,Thank You for being such an Important Part of Our Team: Recognition Apperciation Gift For Employees - Staff Members And Coworkers - Blank Lined Notebook,Oum Motivation publishing,Paperback,"Feb 5, 2021",
0,https://www.amazon.com/dp/B08VYJKJZT,B08VYJKJZT,"Password Book: Mini Password Book (4x6 Inches), Coffee Cover",Coffee Books Publishing,Paperback,"Feb 5, 2021",
0,https://www.amazon.com/dp/B08VY771L7,B08VY771L7,Thank You for Being Such an Important Part of Our Team: Recognition Appreciation Gift For Employees - Staff Members And Coworkers - Blank Lined Notebook,Oum Motivation Pubishing,Paperback,"Feb 5, 2021",
0,https://www.amazon.com/dp/B08XLJ8YJ4,B08XLJ8YJ4,"Coloring Book for Kids: Springtime coloring book, Easter activity book for kids, Coloring book for toddlers",Coloring Book,Paperback,"Feb 27, 2021",
0,https://www.amazon.com/dp/B08VY77162,B08VY77162,"Password Book: Mini Password Book (4x6 Inches), Coffee Cover",Coffee Books Publishing,Paperback,"Feb 5, 2021",
0,https://www.amazon.com/dp/3030344037,3030344037,"Finance and Sustainability: Proceedings from the 2nd Finance and Sustainability Conference, Wroclaw 2018 (Springer Proceedings in Business and Economics)",Karolina Daszyńska-Żygadło,Paperback,"Feb 5, 2021",
0,https://www.amazon.com/dp/B08WJPN31D,B08WJPN31D,"Sketchbook and Lined Pages: 6"" X 9"" Blank Pages for Sketching",Whiz Publishing,Paperback,"Feb 4, 2021",
0,https://www.amazon.com/dp/B08W7BL8K7,B08W7BL8K7,"Work Harder Than Yesterday ,Notebook: Motivation notebook ,Dayli Journal",Work harder,Paperback,"Feb 4, 2021",
0,https://www.amazon.com/dp/B08W4SX5LG,B08W4SX5LG,NIAGARA my favorite place: Your Daily Planning. Goal Setting Planner,OneBook Concept,Paperback,"Feb 4, 2021",
0,https://www.amazon.com/dp/B08W4Q9DKD,B08W4Q9DKD,"Planner 2021-2022: Elegant Flower Cover | Two Year Planner | Yearly Goals Monthly Calendar for 24 Months |Simple planner for 2 years, Jan 2021 to Dec 2022 | 6x9, 120 pages",Miranda C. Design,Paperback,"Feb 4, 2021",
0,https://www.amazon.com/dp/B08W3T27JH,B08W3T27JH,"Goal Setting Planner: Floral Goal Setting Planner, Daily Goal Setting Planner Gratitude Journal Notebook Diary Log Book Organizer | To Do Today ... Setting Goals Getter, 120 pages, Size 6"" x 9",Hans-Georg Schumann,Paperback,"Feb 4, 2021",
0,https://www.amazon.com/dp/B08W3MCF39,B08W3MCF39,The Self Healers Journal: Blank Journal Notebook,Creative Paperback Journals,Paperback,"Feb 4, 2021",
0,https://www.amazon.com/dp/B08W3M9TSY,B08W3M9TSY,"Be Free Like ...: Positive Notebook, Journal, Diary (110 Pages, Blank, 6 x 9)",Mark Hase,Paperback,"Feb 4, 2021",
0,https://www.amazon.com/dp/B08W3M9TSQ,B08W3M9TSQ,Write Up: Blank Journal Notebook Planner 120 Pages,Creative Paperback Journals,Paperback,"Feb 4, 2021",
0,https://www.amazon.com/dp/B08W3KS2RR,B08W3KS2RR,GRAND CANYON my favorite place: Your Daily Planning. Goal Setting Planner,OneBook Concept,Paperback,"Feb 4, 2021",
0,https://www.amazon.com/dp/B08W3K8NXY,B08W3K8NXY,"Goal Setting Planner: Hearts Goal Setting Planner, Daily Goal Setting Planner Gratitude Journal Notebook Diary Log Book Organizer | To Do Today ... Setting Goals Getter, 120 pages, Size 6"" x 9",Hans-Georg Schumann,Paperback,"Feb 4, 2021",
0,https://www.amazon.com/dp/B08W3F1XTP,B08W3F1XTP,Dare to write: Blank Journal Notebook,Creative Paperback Journals,Paperback,"Feb 4, 2021",
0,https://www.amazon.com/dp/B08W3BWFNX,B08W3BWFNX,Kids Journal: Blank Journal Notebook,Creative Paperback Journals,Paperback,"Feb 4, 2021",
0,https://www.amazon.com/dp/B08XGSTR1W,B08XGSTR1W,"Dinosaur Coloring Book for Kids Age 4-8: Cute Dinosaur Coloring Book for kids - Fun Children's Coloring Book for Boys & Girls With 50 Dinosaur Designs T-rex, Triceratops, Stegosaurus, Fossils & More!",Eloise Yates,Paperback,"Feb 27, 2021",
0,https://www.amazon.com/dp/B08XPJZBQJ,B08XPJZBQJ,Erotica Shorts: The Good Stuff & Female Fun,CJ Hall,Kindle,"Feb 27, 2021",
0,https://www.amazon.com/dp/B08VYMSSBB,B08VYMSSBB,MACHU PICCHU my favorite place: Your Daily Planning. Goal Setting Planner,OneBook Concept,Paperback,"Feb 4, 2021",
0,https://www.amazon.com/dp/B08VYLP223,B08VYLP223,"Simple To-Do Lists with 3 Top Priority: 120 Pages To Do Check Lists for Daily and Weekly Planning , Planner and Daily Task Manager with Checkboxes",JL's Notebooks,Paperback,"Feb 4, 2021",
0,https://www.amazon.com/dp/B08VYJKGNC,B08VYJKGNC,TOKYO my favorite place: Your Daily Planning. Goal Setting Planner,OneBook Concept,Paperback,"Feb 4, 2021",
0,https://www.amazon.com/dp/B08VYJKG6H,B08VYJKG6H,Be The Black Queen: Blank Journal Notebook,Creative Paperback Journals,Paperback,"Feb 4, 2021",
0,https://www.amazon.com/dp/B08VYJKFXB,B08VYJKFXB,"You Are Doing A Great Fucking Job: Wall Notebook, Great Gift Idea With Funny Text On Cover, Great Motivational, Unique Notebook, Journal, Diary",Kevin Merse,Paperback,"Feb 4, 2021",
0,https://www.amazon.com/dp/B08VYFJTQ5,B08VYFJTQ5,Discovering Myself: Blank Journal Notebook,Creative Paperback Journals,Paperback,"Feb 4, 2021",
0,https://www.amazon.com/dp/B08VYFJT4V,B08VYFJT4V,MOTIVATIONAL KEYS-30 DAYS OF MOTIVATION: Extreme motivation!,MENTES LIBRES,Paperback,"Feb 4, 2021",
0,https://www.amazon.com/dp/B08VYBPS8N,B08VYBPS8N,The Joyfulness Journal: Blank Journal Notebook,Creative Paperback Journals,Paperback,"Feb 4, 2021",
0,https://www.amazon.com/dp/B08VYBN961,B08VYBN961,Mysteries Inside Me: Blank Journal Notebook,Creative Paperback Journals,Paperback,"Feb 4, 2021",
0,https://www.amazon.com/dp/B08VY76YTD,B08VY76YTD,Budget Planner 2021: Financial Organizer-Expense Tracker,Buenas Vistas,Paperback,"Feb 4, 2021",
0,https://www.amazon.com/dp/B08VXHTG5Q,B08VXHTG5Q,MOTIVE YOUR LIFE-INNER MOTIVATION: Transform your life!,MENTES LIBRES,Paperback,"Feb 4, 2021",
0,https://www.amazon.com/dp/B08VX173BS,B08VX173BS,Scientific Journal: Blank Journal Notebook,Creative Paperback Journals,Paperback,"Feb 4, 2021",
0,https://www.amazon.com/dp/B08VX173BN,B08VX173BN,The Happy Moon: Blank Journal Notebook,Creative Paperback Journals,Paperback,"Feb 4, 2021",
0,https://www.amazon.com/dp/B08VWYB1RX,B08VWYB1RX,The Amazing Writing Prompt Journal: Blank Journal Notebook,Creative Paperback Journals,Paperback,"Feb 4, 2021",
0,https://www.amazon.com/dp/B08VWYB1RS,B08VWYB1RS,Little Kids: Blank Journal Notebook,Creative Paperback Journals,Paperback,"Feb 4, 2021",
0,https://www.amazon.com/dp/B08VVKV3MY,B08VVKV3MY,THE BIG LEADER LEADERSHIP EXPERT - LIKE HAVING A WINNING ATTITUDE?: Lead your life!,MENTES LIBRES,Paperback,"Feb 4, 2021",
0,https://www.amazon.com/dp/B08XPKLPK4,B08XPKLPK4,F. Scott Fitzgerald in New York: Walking with Writers,Paul Bond,Kindle,"Feb 27, 2021",
0,https://www.amazon.com/dp/B08WK2JMSR,B08WK2JMSR,"Change Your Pespective !: Notebook, Journal, Diary",Simon Hold,Paperback,"Feb 3, 2021",
0,https://www.amazon.com/dp/B08WJY6JPR,B08WJY6JPR,My Sexy Business Magazine Issue #2,Kim White,Paperback,"Feb 3, 2021",
0,https://www.amazon.com/dp/B08W3Y34PN,B08W3Y34PN,VENICE my favorite place: Your Daily Planning. Goal Setting Planner,OneBook Concept,Paperback,"Feb 3, 2021",
0,https://www.amazon.com/dp/B08W3VZ6BR,B08W3VZ6BR,SIDNEY my favorite place: Your Daily Planning. Goal Setting Planner,OneBook Concept,Paperback,"Feb 3, 2021",
0,https://www.amazon.com/dp/B08W3TPCKT,B08W3TPCKT,Some Things Take Time Never Give Up Notebook: Inspirational & Motivational Journal For Woman Kids Girls Boys Great for Gift Planner Or Diary,Colorful Butterfly,Paperback,"Feb 3, 2021",
0,https://www.amazon.com/dp/B08W3SXYFC,B08W3SXYFC,"Goal Setting Planner: Cats Goal Setting Planner, Daily Goal Setting Planner Gratitude Journal Notebook Diary Log Book Organizer | To Do Today ... Setting Goals Getter, 120 pages, Size 6"" x 9",Hans-Georg Schumann,Paperback,"Feb 3, 2021",
0,https://www.amazon.com/dp/B08W3QZWGX,B08W3QZWGX,SAN FRANCISCO my favorite place: Your Daily Planning. Goal Setting Planner,OneBook Concept,Paperback,"Feb 3, 2021",
0,https://www.amazon.com/dp/B08W3QZW5C,B08W3QZW5C,"Password Book: Small Password Book, Purse Size, Ocean Cover (4x6 Inches)",Ocean Books Publishing,Paperback,"Feb 3, 2021",
0,https://www.amazon.com/dp/B08W3PDDQR,B08W3PDDQR,"Password Book: Small Password Book, Purse Size, Ocean Cover (4x6 Inches)",Ocean Books Publishing,Paperback,"Feb 3, 2021",
0,https://www.amazon.com/dp/B08W3LX46W,B08W3LX46W,"Boss Babe Planner: Dot Grid Journal, Notebook, Soft Matt Cover, Dotted",Dreamers Planners,Paperback,"Feb 3, 2021",
0,https://www.amazon.com/dp/B08W3F35JV,B08W3F35JV,"Password Book: Small Password Book, Purse Size, Ocean Cover (4x6 Inches)",Ocean Books Publishing,Paperback,"Feb 3, 2021",
0,https://www.amazon.com/dp/B08XLGFQWX,B08XLGFQWX,Essays by the Invisibles: Volumes 1-7,Angelyn Ray msw,Paperback,"Feb 27, 2021",
0,https://www.amazon.com/dp/B08W3F3531,B08W3F3531,Some Things Take Time Never Give Up Notebook: Inspirational & Motivational Journal With Quote for Teens Woman Girls Lined Pages,Colorful Butterfly,Paperback,"Feb 3, 2021",
0,https://www.amazon.com/dp/B08W2YG1ZJ,B08W2YG1ZJ,"Thank You For Being Awesome: Blank lined Notebook, Appreciation gifts for employees from boss, original gift for birthdays, thank you gifts for ... Birthday staff Present Idea, thank you notes",marotrips Publishing,Paperback,"Feb 3, 2021",
0,https://www.amazon.com/dp/B08VYMSQGL,B08VYMSQGL,BEE The Best Version Of You Notebook: Inspirational & Motivational Journal For Woman Kids Girls Boys Great For Gift Planner Or Diary,Colorful Butterfly,Paperback,"Feb 3, 2021",
0,https://www.amazon.com/dp/B08VYMSQFL,B08VYMSQFL,"Password Book: Small Password Book, Purse Size, Ocean Cover (4x6 Inches)",Ocean Books Publishing,Paperback,"Feb 3, 2021",
0,https://www.amazon.com/dp/B08VYLNXYJ,B08VYLNXYJ,Some Things Take Time Never Give Up Notebook: Inspiratinal & Motivatinal Journal for Kids Woman Girls Boys Great Gift For Planner Or Diary,Colorful Butterfly,Paperback,"Feb 3, 2021",
0,https://www.amazon.com/dp/B08VYFJQSW,B08VYFJQSW,"Goal Setting Planner: Cute Bunny Goal Setting Planner, Daily Goal Setting Planner Gratitude Journal Notebook Diary Log Book Organizer | To Do Today ... Setting Goals Getter, 120 pages, Size 6"" x 9",Hans-Georg Schumann,Paperback,"Feb 3, 2021",
0,https://www.amazon.com/dp/B08VYBPQ1T,B08VYBPQ1T,"Teamwork Makes The Dream Work: Blank lined Notebook, Appreciation gifts for employees from boss, original gift for birthdays, thank you gifts for ... for women funny, Birthday staff Present Idea",Marotrips Publishing,Paperback,"Feb 3, 2021",
0,https://www.amazon.com/dp/B08VYBN7WN,B08VYBN7WN,"Password Book: Small Password Book, Purse Size, Ocean Cover (4x6 Inches)",Ocean Books Publishing,Paperback,"Feb 3, 2021",
0,https://www.amazon.com/dp/B08VYBN7WL,B08VYBN7WL,"Password Book: Small Password Book, Purse Size, Ocean Cover (4x6 Inches)",Ocean Books Publishing,Paperback,"Feb 3, 2021",
0,https://www.amazon.com/dp/B08VY76VSB,B08VY76VSB,"My 90 days challenging notebook: Personal planning book , 90 days To do list",Bright Planner,Paperback,"Feb 3, 2021",
0,https://www.amazon.com/dp/B08VY76V39,B08VY76V39,"Tough Times Don’t Last, Tough Teams Do: Blank lined Notebook, Appreciation gifts for employees from boss, original gift for birthdays, thank you gifts ... for women funny, Birthday staff Present Idea",Marotrips Publishing,Paperback,"Feb 3, 2021",
0,https://www.amazon.com/dp/B08VXC22Q8,B08VXC22Q8,FINANCIAL INTELLIGENCE-HOW TO MAKE MONEY ONLINE: Start your financial revolution!,MENTES LIBRES,Paperback,"Feb 3, 2021",
0,https://www.amazon.com/dp/B08VWY9Y9W,B08VWY9Y9W,"Teamwork Makes The Dream Work: Blank lined Notebook, Appreciation gifts for employees from boss, original gift for birthdays, thank you gifts for ... for women funny, Birthday staff Present Idea",Marotrips Publishing,Paperback,"Feb 3, 2021",
0,https://www.amazon.com/dp/B08XLGFVXC,B08XLGFVXC,Take me to Paris: Take me to Paris : Cute Lined Light Pink Notebook,K.Anabels,Paperback,"Feb 27, 2021",
0,https://www.amazon.com/dp/B08XLGJSJ9,B08XLGJSJ9,"Brain Quest Kindergarten Ages 2-4: Cute Letter Tracing Notebook for Toddlers 2-4 Years Old ,dyslexia tools with calligraphy kits for kids ,scholastic ... kids and calligraphy pens for beginners kit.",Yacine ilya,Paperback,"Feb 27, 2021",
0,https://www.amazon.com/dp/B08VVW1BL5,B08VVW1BL5,PERSONAL FINANCE BASIC TIPS- INVEST WISELY BEGINNER'S GUIDE: Your financial guide!,MENTES LIBRES,Paperback,"Feb 3, 2021",
0,https://www.amazon.com/dp/B08VVCQ2FD,B08VVCQ2FD,LEADERSHIP:A LION NEVER BE CROWNED,Dr. SATYANARAYAN PANDEY,Paperback,"Feb 3, 2021",
0,https://www.amazon.com/dp/B08VV59FLH,B08VV59FLH,"Big Book of Sudoku Easy To Hard: 1,000+ Puzzles Book with Solutions for Adults Including Easy Medium and Hard Vol.2 (Sudoku 1000 Puzzles)",Burton Corner,Paperback,"Feb 3, 2021",
0,https://www.amazon.com/dp/186730595X,186730595X,Ethics And Information Technology A Complete Guide,Gerardus Blokdyk,Paperback,"Feb 3, 2021",
0,https://www.amazon.com/dp/0655913157,0655913157,Food Safety Culture A Complete Guide - 2020 Edition,Gerardus Blokdyk,Paperback,"Feb 3, 2021",
0,https://www.amazon.com/dp/1867337967,1867337967,Big Data Ethics A Complete Guide,Gerardus Blokdyk,Paperback,"Feb 2, 2021",
0,https://www.amazon.com/dp/0309678684,0309678684,Strengthening U.S. Air Force Human Capital Management: A Flight Plan for 2020-2030,"and Medicine National Academies of Sciences, Engineering",Paperback,"Feb 2, 2021",
0,https://www.amazon.com/dp/B08W2SCMMX,B08W2SCMMX,"Goal Setting Planner: Cute Unicorn Goal Setting Planner, Daily Goal Setting Planner Gratitude Journal Notebook Diary Log Book Organizer | To Do Today ... Setting Goals Getter, 120 pages, Size 6"" x 9",Hans-Georg Schumann,Paperback,"Feb 2, 2021",
0,https://www.amazon.com/dp/B08XRNP53Q,B08XRNP53Q,"Sun and Moon: Celestial Journal | Dot Grid Journal Diary Notebook, 8"" x 10"" | Sun and Moon Journal, Celestial Notebook, Boho Diary | Astronomy ... for Sun and Moon lovers | black gold cover",Celestial Horizon,Paperback,"Feb 27, 2021",
0,https://www.amazon.com/dp/B08W2SCMJ8,B08W2SCMJ8,"Best Softball Coach, Ever.: motivational quote",yo yo publisher,Paperback,"Feb 2, 2021",
0,https://www.amazon.com/dp/B08W2SCMJ4,B08W2SCMJ4,I Know I'm Your Favorite Employee. I Mean Look Around.: motivational quote,yo yo publisher,Paperback,"Feb 2, 2021",
0,https://www.amazon.com/dp/B08W2SCMHP,B08W2SCMHP,I Like My Dog and Maybe 4 People.: motivational quote,yo yo publisher,Paperback,"Feb 2, 2021",
0,https://www.amazon.com/dp/B08W2SCMHG,B08W2SCMHG,"Best CPA, Ever.: motivational quote",yo yo publisher,Paperback,"Feb 2, 2021",
0,https://www.amazon.com/dp/B08W2SCMH2,B08W2SCMH2,Human Resources Because Freaking Miracle Worker is not an Official Job Title.: motivational quote,yo yo publisher,Paperback,"Feb 2, 2021",
0,https://www.amazon.com/dp/B08W2QH5NF,B08W2QH5NF,I'm Not Bossy I Just Know What You Should Be Doing.: motivational quote,yo yo publisher,Paperback,"Feb 2, 2021",
0,https://www.amazon.com/dp/B08W2NPYZG,B08W2NPYZG,Today I will Make Things Happen.: motivational quote,yo yo publisher,Paperback,"Feb 2, 2021",
0,https://www.amazon.com/dp/B08VYV7CDK,B08VYV7CDK,"Zoom Meeting, Audio Only.: Funny Office or Virtual Meeting Notebook/Journal| A Novelty Humorous Gift for Team, Boss, Co-Worker or Yourself|6x9,100 ... Ideas (Funny Online Meeting Notebook/Journal)",Shells Snarky Press,Paperback,"Feb 2, 2021",
0,https://www.amazon.com/dp/B08VYR5Y1F,B08VYR5Y1F,Set Goals and Crush them.: motivational quote,yo yo publisher,Paperback,"Feb 2, 2021",
0,https://www.amazon.com/dp/B08VYR23GH,B08VYR23GH,2021 Planner I'm Trying to Be Awesome Today: motivational quote,yo yo publisher,Paperback,"Feb 2, 2021",
0,https://www.amazon.com/dp/B08VYR23FQ,B08VYR23FQ,I'm Busy Being Awesome.: motivational quote,yo yo publisher,Paperback,"Feb 2, 2021",
0,https://www.amazon.com/dp/B08VYMSMW1,B08VYMSMW1,Chaos Coordinator.: motivational quote,yo yo publisher,Paperback,"Feb 2, 2021",
0,https://www.amazon.com/dp/B08VYLNVVQ,B08VYLNVVQ,Believe in Yourself: motivational quote,yo yo publisher,Paperback,"Feb 2, 2021",
0,https://www.amazon.com/dp/B08VYLNVT9,B08VYLNVT9,Best Resident Assistant Ever.: motivational quote,yo yo publisher,Paperback,"Feb 2, 2021",
0,https://www.amazon.com/dp/B08VYLMH5N,B08VYLMH5N,"When you're sure somebody put the evil eye on you: Electronic Slot Machine Notebook for Casino Gamblers (123 Pages, 6x9)",Casino Gambling Publishers,Paperback,"Feb 2, 2021",
0,https://www.amazon.com/dp/B08VYKHYMH,B08VYKHYMH,Honey Do List: With a Little Bit of Motivation | Start Doing It | Complete All Tasks | Collect Your Reward | You will be looking forward to achieving your goals,Moon Tivati,Paperback,"Feb 2, 2021",
0,https://www.amazon.com/dp/B08XL9QJKL,B08XL9QJKL,Interesting (but Incomplete) History of Indigenous Peoples of the Caucasus Region (INTERESTING HISTORY OF INDIGENOUS PEOPLES – BY REGION),Emily Stehr,Paperback,"Feb 27, 2021",
0,https://www.amazon.com/dp/B08VYKHY1P,B08VYKHY1P,Prove them wrong: Blank Journal Notebook,Creative Paperback Journals,Paperback,"Feb 2, 2021",
0,https://www.amazon.com/dp/B08VYJLVJ6,B08VYJLVJ6,Some Things Take Time Never Give Up Notebook: Motivational Inspirational Journal For Writing Lined Pages Great For Planner or Diary,Colorful Butterfly,Paperback,"Feb 2, 2021",
0,https://www.amazon.com/dp/B08VYJLV6S,B08VYJLV6S,"Good morning, I see the Assassins have Failed.: motivational quote",yo yo publisher,Paperback,"Feb 2, 2021",
0,https://www.amazon.com/dp/B08VYJLTXS,B08VYJLTXS,My happy journal: Blank Journal Notebook,Creative Paperback Journals,Paperback,"Feb 2, 2021",
0,https://www.amazon.com/dp/B08VYJKB9C,B08VYJKB9C,My Favorite Boss Gave me this Book.: motivational quote,yo yo publisher,Paperback,"Feb 2, 2021",
0,https://www.amazon.com/dp/B08VYJKB95,B08VYJKB95,I never asked to be the World's Best Social Worker: motivational quote,yo yo publisher,Paperback,"Feb 2, 2021",
0,https://www.amazon.com/dp/B08VYJKB8H,B08VYJKB8H,My Get Rich Quick Ideas.: motivational quote,yo yo publisher,Paperback,"Feb 2, 2021",
0,https://www.amazon.com/dp/B08VYH2T1S,B08VYH2T1S,"Accident & Incident Report Book: Health, Security & Safety Reports Log Book | 110 Incidents Tracking Log Sheets | Large Size (8.5"" x 11"")",Hamb Logs,Paperback,"Feb 2, 2021",
0,https://www.amazon.com/dp/B08VYH2SR9,B08VYH2SR9,"Best Hospice Nurse, Ever.: motivational quote",yo yo publisher,Paperback,"Feb 2, 2021",
0,https://www.amazon.com/dp/B08VYH2SR2,B08VYH2SR2,I never asked to be the World's Best Assistant Principal: motivational quote,yo yo publisher,Paperback,"Feb 2, 2021",
0,https://www.amazon.com/dp/B08VYH2SQ4,B08VYH2SQ4,"I May Look Like Iâ€™m Doing Nothing, but in My Head Iâ€™m Quite Busy.: motivational quote",yo yo publisher,Paperback,"Feb 2, 2021",
0,https://www.amazon.com/dp/B08VYFJPTW,B08VYFJPTW,Best Aunt. Ever.: motivational quote,yo yo publisher,Paperback,"Feb 2, 2021",
0,https://www.amazon.com/dp/B08VYDWWB4,B08VYDWWB4,Let your dreams set sail: Blank Journal Notebook,Creative Paperback Journals,Paperback,"Feb 2, 2021",
0,https://www.amazon.com/dp/B08VYBPNL8,B08VYBPNL8,"Believe In Yourself: Motivational Notebook, Journal, Diary",Simon Hold,Paperback,"Feb 2, 2021",
0,https://www.amazon.com/dp/B08VYBPNH6,B08VYBPNH6,Sorry I Can't Hear You Over the Sound of How Awesome I Am.: motivational quote,yo yo publisher,Paperback,"Feb 2, 2021",
0,https://www.amazon.com/dp/B08XN9G7W4,B08XN9G7W4,Fun Word Ladders Puzzle book for kids: Spelling Workout Puzzle Book for Kids Ages 8-12,Zoubir king,Paperback,"Feb 27, 2021",
0,https://www.amazon.com/dp/B08VYBPNGV,B08VYBPNGV,My Favorite Director Gave Me This Book.: motivational quote,yo yo publisher,Paperback,"Feb 2, 2021",
0,https://www.amazon.com/dp/B08VYBN546,B08VYBN546,You got this: Blank Journal Notebook,Creative Paperback Journals,Paperback,"Feb 2, 2021",
0,https://www.amazon.com/dp/B08VY8XCT7,B08VY8XCT7,My PERSONAL GROWTH Journal: Small steps for big changes,BODY. MIND. SPIRIT.,Paperback,"Feb 2, 2021",
0,https://www.amazon.com/dp/B08VY8QP8Y,B08VY8QP8Y,ALASKA my favorite place: Your Daily Planning. Goal Setting Planner,OneBook Concept,Paperback,"Feb 2, 2021",
0,https://www.amazon.com/dp/B08VY76SCN,B08VY76SCN,I Always Give 100% at Work.: motivational quote,yo yo publisher,Paperback,"Feb 2, 2021",
0,https://www.amazon.com/dp/B08VY76SC1,B08VY76SC1,The Influence of a good Teacher can never be Erased.: motivational quote,yo yo publisher,Paperback,"Feb 2, 2021",
0,https://www.amazon.com/dp/B08VY76SBV,B08VY76SBV,I never asked to be the World's Best Mentor: motivational quote,yo yo publisher,Paperback,"Feb 2, 2021",
0,https://www.amazon.com/dp/B08VY76S9S,B08VY76S9S,Slowly Feeling Less Stabby.: motivational quote,yo yo publisher,Paperback,"Feb 2, 2021",
0,https://www.amazon.com/dp/B08VX16YGK,B08VX16YGK,A Truly Great Boss is Hard to Find Difficult to Part with & Impossible to Forget.: motivational quote,yo yo publisher,Paperback,"Feb 2, 2021",
0,https://www.amazon.com/dp/B08VX16YFS,B08VX16YFS,I am a Proud Boss of Freaking Awesome Employees.: motivational quote,yo yo publisher,Paperback,"Feb 2, 2021",
0,https://www.amazon.com/dp/B08VX16XVS,B08VX16XVS,Notebook: Color Aura Blue Lights Blank Lined Journal,Onward Books Designs,Paperback,"Feb 2, 2021",
0,https://www.amazon.com/dp/B08VX16X28,B08VX16X28,"Don't stand Here Choose your preferred destination: motivation journal , lined journal for all",motivation imad,Paperback,"Feb 2, 2021",
0,https://www.amazon.com/dp/B08VWY9Y8P,B08VWY9Y8P,Accounting Ledger Book: 4 Column Small Business Simple Accounting Ledger for Bookkeeping And Tracking Finances Record Income and Expenses Transactions Essential Small Businesses Owner,Nancy E. Alexander Accounting Tracker,Paperback,"Feb 2, 2021",
0,https://www.amazon.com/dp/B08VWY9WR6,B08VWY9WR6,Behind Every Good Girl Scout is a Great Leader.: motivational quote,yo yo publisher,Paperback,"Feb 2, 2021",
0,https://www.amazon.com/dp/B08VWY9WQR,B08VWY9WQR,Best HR Assistant. Ever.: motivational quote,yo yo publisher,Paperback,"Feb 2, 2021",
0,https://www.amazon.com/dp/B08VWY9WQP,B08VWY9WQP,Best Operating Room Nurse. Ever.: motivational quote,yo yo publisher,Paperback,"Feb 2, 2021",
0,https://www.amazon.com/dp/B08VWY9WQN,B08VWY9WQN,Teachers Change the World one Child at a time.: motivational quote,yo yo publisher,Paperback,"Feb 2, 2021",
0,https://www.amazon.com/dp/B08VRMMXLT,B08VRMMXLT,365 DAYS OF EXTREME MOTIVATION-THE ABILITY TO SOLVE PROBLEMS: Motivation to the maximum!,MENTES LIBRES,Paperback,"Feb 2, 2021",
0,https://www.amazon.com/dp/B08VLMR2PY,B08VLMR2PY,PATH TO FINANCIAL SUCCESS-HOW TO ACHIEVE TRUE FINANCIAL FREEDOM: Your guide to financial freedom!,MENTES LIBRES,Paperback,"Feb 2, 2021",
0,https://www.amazon.com/dp/1867301067,1867301067,Employee Experience Design A Complete Guide,Gerardus Blokdyk,Paperback,"Feb 2, 2021",
0,https://www.amazon.com/dp/194842634X,194842634X,Managing Business Ethics: And Your Career,Mel Fugate,Paperback,"Feb 1, 2021",
0,https://www.amazon.com/dp/B09NKL36HD,B09NKL36HD,I'm not here to be average I'm here to be awesome: Positive Quote Journal Wide Ruled College Lined Composition Notebook,Reed O'Keefe,Paperback,"Feb 1, 2021",
0,https://www.amazon.com/dp/B08YNQ5CV4,B08YNQ5CV4,"THE PANDEMIC DIVIDE: The Pandemic Is Dividing The Economy In A ""K""-Shaped Recovery",Anthony Johnson  Ph.D,Paperback,"Feb 1, 2021",
0,https://www.amazon.com/dp/B08W4WWVVP,B08W4WWVVP,"Happiness Is Easy: Motivational Notebook, Journal, Diary",Simon Hold,Paperback,"Feb 1, 2021",
0,https://www.amazon.com/dp/B08VXHPVH3,B08VXHPVH3,"Goal Setting Planner: Lobster Goal Setting Planner, Daily Goal Setting Planner Gratitude Journal Notebook Diary Log Book Organizer | To Do Today ... Setting Goals Getter, 120 pages, Size 6"" x 9",Karla Graf,Paperback,"Feb 1, 2021",
0,https://www.amazon.com/dp/B08VXFTNXR,B08VXFTNXR,Thanks A Latte For Being An Awesome Employee! Here's A Little Gift To Espresso My Gratitude!: Funny Coffee Lover Employee Appreciation Notebook With ... Practical Gift Idea For Employee From Boss,Elite Publishing,Paperback,"Feb 1, 2021",
0,https://www.amazon.com/dp/B08XPQ57HR,B08XPQ57HR,"On the Soul and the Resurrection: A Dialogue between Gregory Nyssa and his sister, St. Macrina",Madonna Sophia Compton,Paperback,"Feb 27, 2021",
0,https://www.amazon.com/dp/B08Y4R41WX,B08Y4R41WX,EXPOSE - LARGE PRINT EDITION (Eagle Tactical),Willow Fox,Paperback,"Feb 27, 2021",
0,https://www.amazon.com/dp/B08VXF965R,B08VXF965R,Be A Mad: Blank Notebook Journal Planner 6” X 9” 100 pages,Crazy Paperback Journals,Paperback,"Feb 1, 2021",
0,https://www.amazon.com/dp/B08VXCGTY9,B08VXCGTY9,Be A Mad: Blank Notebook Journal Planner 6” X 9” 100 pages,Crazy Paperback Journals,Paperback,"Feb 1, 2021",
0,https://www.amazon.com/dp/B08VXCGTY5,B08VXCGTY5,Be A Mad: Blank Notebook Journal Planner 6” X 9” 100 pages,Crazy Paperback Journals,Paperback,"Feb 1, 2021",
0,https://www.amazon.com/dp/B08VXC9WNV,B08VXC9WNV,"Thank You For Being An Essential Part Of Our Team! We Really Appreciate You: Employee Appreciation Notebook With Lined Pages, A Simple And Practical Gift Idea For Employee From Boss",Elite Publishing,Paperback,"Feb 1, 2021",
0,https://www.amazon.com/dp/B08VX16WRP,B08VX16WRP,"We Can't Mask How Much We Appreciate You! Thank You For All You Do: Employee Appreciation Notebook With Lined Pages, A Simple And Practical Gift Idea For Employee From Boss",Elite Publishing,Paperback,"Feb 1, 2021",
0,https://www.amazon.com/dp/B08VVQ4X7D,B08VVQ4X7D,PARIS my favorite place: Your Daily Planning. Goal Setting Planner,OneBook Concept,Paperback,"Feb 1, 2021",
0,https://www.amazon.com/dp/B08VVHJQS7,B08VVHJQS7,"Goal Setting Planner: Cute Unicorn Goal Setting Planner, Daily Goal Setting Planner Gratitude Journal Notebook Diary Log Book Organizer | To Do Today ... Setting Goals Getter, 120 pages, Size 6"" x 9",Karla Graf,Paperback,"Feb 1, 2021",
0,https://www.amazon.com/dp/B08VVHJQM4,B08VVHJQM4,"Your Hard Work And Dedication Are A Big Part Of Our Success. We Appreciate You!: Employee Appreciation Notebook With Lined Pages, A Simple And Practical Gift Idea For Employee From Boss",Elite Publishing,Paperback,"Feb 1, 2021",
0,https://www.amazon.com/dp/B08VVHJPP7,B08VVHJPP7,Be A Mad: Blank Notebook Journal Planner 6” X 9” 100 pages,Crazy Paperback Journals,Paperback,"Feb 1, 2021",
0,https://www.amazon.com/dp/B08VVCQ2TY,B08VVCQ2TY,Work Fuel Notebbok: The 4 drink essentials for any worker | employee team appreciation gift 8 x 10 lined book with images to color (Drink Fuel),Dinahsaur Books,Paperback,"Feb 1, 2021",
0,https://www.amazon.com/dp/B08VV8C6T3,B08VV8C6T3,BERLIN my favorite place: Your Daily Planning. Goal Setting Planner,OneBook Concept,Paperback,"Feb 1, 2021",
0,https://www.amazon.com/dp/B08VR9DSCN,B08VR9DSCN,HABITS TO STAY MOTIVATED-PERSONAL EXCELLENCE: Motivation and excellence to the MAXIMUM!,MENTES LIBRES,Paperback,"Feb 1, 2021",
0,https://www.amazon.com/dp/B08VM67WF1,B08VM67WF1,The Boss,Hency Anthony Bunner,Paperback,"Feb 1, 2021",
0,https://www.amazon.com/dp/9390488907,9390488907,Soft Skills for Seafarers,Dr  Binay Singh,Paperback,"Feb 1, 2021",
0,https://www.amazon.com/dp/B08XRCLLH8,B08XRCLLH8,"PASSWORD KEEPER: Password book for irish, st. patrick's day edition",Flint Jackson,Paperback,"Feb 27, 2021",
0,https://www.amazon.com/dp/B08XR9JZY6,B08XR9JZY6,"Composition Notebook: College Ruled Journal | Lined Workbook For Teens, Students & Adults | Abstract Rock Pattern",Tritonn,Paperback,"Feb 27, 2021",
0,https://www.amazon.com/dp/B08XR9JZT3,B08XR9JZT3,Candy Quest: The Peril to Pineapple Palace,Keira Madison Shelby,Paperback,"Feb 27, 2021",
0,https://www.amazon.com/dp/B08XR37ZLJ,B08XR37ZLJ,"PASSWORD KEEPER: Password book for irish, st. patrick's day edition",Mc Cem,Paperback,"Feb 27, 2021",
0,https://www.amazon.com/dp/B08XR1BW26,B08XR1BW26,DIABETES Registro personal Seguimientos 104 semanas disponibles: Cuaderno de monitoreo de azúcar en la sangre. Niveles de registro diabete antes y ... Portátil 15 x 23 cm (Spanish Edition),Health7 Editions,Paperback,"Feb 27, 2021",
0,https://www.amazon.com/dp/B08XR1BW1Y,B08XR1BW1Y,"Quran Reading Journal For Ramadan : A Complete Journal for Quran Readers : Ramadan Kareem: A Muslim Workbook to Record, Remember And Reflect Quran Verses, Study Notes, and Reflection",Yislam Publications,Paperback,"Feb 27, 2021",
0,https://www.amazon.com/dp/B08XPW8V1J,B08XPW8V1J,CRYPTIC ANTIPODES: CORONATION: Book - 4,Aryan  Smith,Kindle,"Feb 27, 2021",
0,https://www.amazon.com/dp/B08XPV122V,B08XPV122V,Golf A Love of the Game in History,Rich Linville,Paperback,"Feb 27, 2021",
0,https://www.amazon.com/dp/B08XPTPR9Y,B08XPTPR9Y,"A narcissist, murder and a family tragedy",Jack Coleman,Paperback,"Feb 27, 2021",
0,https://www.amazon.com/dp/B08XPTD8Z7,B08XPTD8Z7,Completed MBA Capstone Assignment: MBA Capstone Course assignment - completed,Zachary Hanna,Kindle,"Feb 27, 2021",
0,https://www.amazon.com/dp/B08XPRSTN7,B08XPRSTN7,Bailey Gets Bigger: Daddy's Hucow Hideaway,Casey Cane,Kindle,"Feb 27, 2021",
0,https://www.amazon.com/dp/B08XN9G7QW,B08XN9G7QW,Robot Coloring Book for Kids Robots Are Fun: Fun Gift for Kids! Cute robot coloring book for kids ages 4-8 | great activity book | wild robot book,RelaxBooks Editions,Paperback,"Feb 27, 2021",
0,https://www.amazon.com/dp/B08XN7J3K5,B08XN7J3K5,Will You Be My Bridesmaid Notebook: Bridesmaid Proposal Gift,NC Publishing,Paperback,"Feb 27, 2021",
0,https://www.amazon.com/dp/B08XLNTKKL,B08XLNTKKL,Happy Birthday ANGIE: DOTTED Journal 8.5x11 LARGE Notebook A4 Luxurious MATTE Cover 120 Pages Dot Grid Paper Floral Vintage Retro Name Gifts For ANGIE Dot Graph Sketchbook,Vibe Of Name,Paperback,"Feb 27, 2021",
0,https://www.amazon.com/dp/B08XLLF4BP,B08XLLF4BP,Happy Birthday ALLISON: Sketchbook A4 Thick 8.5x11 LARGE XL Notebook Luxurious MATTE Cover 200 Pages Floral & Blank Paper Birthday Name Gifts For ALLISON,Vibe Of Name,Paperback,"Feb 27, 2021",
0,https://www.amazon.com/dp/B08XLLF3LF,B08XLLF3LF,Romey University Notebook,Alexandria House,Paperback,"Feb 27, 2021",
0,https://www.amazon.com/dp/B08XLGJSWX,B08XLGJSWX,Me & My Mummies: My My Book for the first year | Boy (Ikkeboek | UK English),Anneloes Muller - van der Molen,Paperback,"Feb 27, 2021",
0,https://www.amazon.com/dp/B08XLGJS4S,B08XLGJS4S,"¡Hola, persona!: Cartas de animales para la gente (Spanish Edition)",José Roberto Saravia Vargas,Paperback,"Feb 27, 2021",
0,https://www.amazon.com/dp/B08XLGGHQ8,B08XLGGHQ8,It's a Wicca Thing: Witchcraft journal blank. Lined Grimoire journal. Large spell book diary,Kat Valentine,Paperback,"Feb 27, 2021",
0,https://www.amazon.com/dp/B08XLGGHKR,B08XLGGHKR,CLARISSA: Beautiful Clarissa Present - Perfect Personalized Clarissa Gift (Clarissa Notebook / Clarissa Journal),Vanessa Herring,Paperback,"Feb 27, 2021",
0,https://www.amazon.com/dp/B08XLGGCLW,B08XLGGCLW,Extremo Centro: Ni extrema derecha ni extrema izquierda... (Spanish Edition),Diego Fernández de Córdoba,Paperback,"Feb 27, 2021",
0,https://www.amazon.com/dp/B08XLGFQHV,B08XLGFQHV,"Easter Coloring Book for Kids: Easter activity book, Bunny kids book, Easter coloring book for kids",Coloring Book,Paperback,"Feb 27, 2021",
0,https://www.amazon.com/dp/B08XL9QLQ9,B08XL9QLQ9,"Notebook: lined Journal- Pantone color Design - Large (6 x 9 inches) - 101 Pages -Leather Brown: Composition Book Perfect bound, Soft Cover - Minimal style",Miss Chutamas Suntornnan,Paperback,"Feb 27, 2021",
0,https://www.amazon.com/dp/B08XL7Z2GT,B08XL7Z2GT,"PASSWORD KEEPER: Password book for irish, st. patrick's day edition",mac gaille vert,Paperback,"Feb 27, 2021",
0,https://www.amazon.com/dp/B08XL7Z1XY,B08XL7Z1XY,Workout Log track your fitness: Workout Log track your fitness Phrase activity gym activity journal activity notebook activity paperback apres ski bee kind sweatshirt,A.A khalaf,Paperback,"Feb 27, 2021",
0,https://www.amazon.com/dp/B08XL7Z1VP,B08XL7Z1VP,Happy Birthday KAREN: DOTTED Journal 8.5x11 LARGE Notebook Vintage Luxurious MATTE Cover 120 Pages Dot Grid Paper Name Gifts For KAREN Dot Graph Sketchbook A4 Retro Floral,Vibe Of Name,Paperback,"Feb 27, 2021",
0,https://www.amazon.com/dp/B08XL7Z1HQ,B08XL7Z1HQ,"Sketchbook notebook for drawing doodling or sketching American Map, Flag | White Marble Cover | 120 Pages, 8.5x11 (Premium American Flag/Map Cover ... Blank white pages sketchbook Marble Cover",Rahul Publishing House,Paperback,"Feb 27, 2021",
0,https://www.amazon.com/dp/B08XJNM68L,B08XJNM68L,"Tax Preparer Gifts: Blank Lined Notebook Journal Diary Paper, a Funny and Appreciation Gift for Tax Preparer to Write in (Volume 2)",CloudCorner Press,Paperback,"Feb 27, 2021",
0,https://www.amazon.com/dp/B08XNVGS71,B08XNVGS71,"Kald krig, hemmelig hær: Stay Behind i Norge",Frode Fanebust,Kindle,"Feb 26, 2021",
0,https://www.amazon.com/dp/B08XN9G6HZ,B08XN9G6HZ,BAILEY'S SCHEMAS IN AFRICAN TRADITION Volume 72,"Joseph A. Bailey II, MD FACS",Paperback,"Feb 26, 2021",
0,https://www.amazon.com/dp/B08XNDNPDT,B08XNDNPDT,La Transformación Digital y la Minería 4.0: La guía de todo profesional del futuro (Spanish Edition),Brian Pajares,Paperback,"Feb 26, 2021",
0,https://www.amazon.com/dp/B08XNBYCWH,B08XNBYCWH,LE Grand: livre Mathématiques terminale S exercices corrigés (French Edition),Alassane TRAORE,Paperback,"Feb 26, 2021",
0,https://www.amazon.com/dp/B08XNSRB9H,B08XNSRB9H,Sex Hungry Stewardess: Erotic,Quentin Watson,Kindle,"Feb 26, 2021",
0,https://www.amazon.com/dp/B08XNXJ4RS,B08XNXJ4RS,FM 6-02 SIGNAL SUPPORT TO OPERATIONS,Luc Boudreaux,Paperback,"Feb 26, 2021",
0,https://www.amazon.com/dp/B08XL7ZGST,B08XL7ZGST,Adolescenti online: pericoli e rischi del digitale (Italian Edition),Anna Maglioni,Paperback,"Feb 26, 2021",
0,https://www.amazon.com/dp/B08XN7HXJ9,B08XN7HXJ9,"Coloring Book 40 Reasons Why I Love You Mom: perfect gift for mom, perfect birthday gift, 40+ coloring pages, amazing wishes for mom",Rosalie Pubsliher,Paperback,"Feb 26, 2021",
0,https://www.amazon.com/dp/B08XMTP8G3,B08XMTP8G3,Study Guide: Nature by Ralph Waldo Emerson (SuperSummary),SuperSummary,Paperback,"Feb 26, 2021",
0,https://www.amazon.com/dp/B0C7T1NR9H,B0C7T1NR9H,Next Man Up: A Study of the Book of Joshua (Deeper Youth Ministry Bible Studies),Jeremy Myers,Paperback,"Feb 26, 2021",
0,https://www.amazon.com/dp/B08XNWL7Y1,B08XNWL7Y1,Teenage Sex Hunger: Erotic,Quentin Watson,Kindle,"Feb 26, 2021",
0,https://www.amazon.com/dp/B08XNZKW9Q,B08XNZKW9Q,True Friends : A Jack Miner Goose Tale,Jane Buttery,Kindle,"Feb 26, 2021",
0,https://www.amazon.com/dp/B0F1VR8117,B0F1VR8117,"Cine mexicano: Producción, significación y usos sociales (Spanish Edition)",Carmen Castillo,Paperback,"Feb 26, 2021",
0,https://www.amazon.com/dp/B08XL9QDRX,B08XL9QDRX,Easter Coloring Book for Kids: Bunny and Easter Egg Coloring Book,My Simple Press,Paperback,"Feb 26, 2021",
0,https://www.amazon.com/dp/B08XN7HZ7N,B08XN7HZ7N,"Pascua: Colorea y Recorta Libro para Niños 3-6 años: Cuaderno de Actividades Creativas para Aprender a Recortar y Colorear con Dibujos de Conejitos, Pollitos, Huevos (Spanish Edition)",Arte  de Ariadne,Paperback,"Feb 26, 2021",
0,https://www.amazon.com/dp/B08XL7YTNW,B08XL7YTNW,Historias de los Abuelos: Fantasmas y hechos paranormales (Spanish Edition),Sole Martínez,Paperback,"Feb 26, 2021",
0,https://www.amazon.com/dp/B08XNSQ87N,B08XNSQ87N,Party With the Neighbor: Erotic,Quentin Watson,Kindle,"Feb 26, 2021",
0,https://www.amazon.com/dp/B08XLGGDJM,B08XLGGDJM,Sign My 10th Happy Birthday Guest Book: Birthday Activity and Keepsake Guest Book for 10 year olds (Birthday Activities and Games),Vehok Worldwide Guest Book,Paperback,"Feb 26, 2021",
0,https://www.amazon.com/dp/B0DYY8SC7G,B0DYY8SC7G,Fashion Media and Sustainability: Encouraging Ethical Consumption via Journalism and Influencers,Anastasia Denisova,Kindle,"Feb 26, 2021",
0,https://www.amazon.com/dp/B08XNWRFVY,B08XNWRFVY,The Fun Group: Erotic,Quentin Watson,Kindle,"Feb 26, 2021",
0,https://www.amazon.com/dp/B08XL7ZK1T,B08XL7ZK1T,Happy Birthday Jen: DOTTED Journal 8.5x11 LARGE Notebook A4 Luxurious MATTE Cover 120 Pages Dot Grid Paper Floral Name Gifts For Jen Dot Graph Sketchbook,Vibe Of Name,Paperback,"Feb 26, 2021",
0,https://www.amazon.com/dp/B08XL7YXR7,B08XL7YXR7,"QUALITY ASSURANCE MANAGEMENT: Journal... Notes, Actions, Checklists, Log (Quality Management, Continuous Improvement, ISO, TS, Six Sigma, Lean Journals and Notebooks)",Just Visualize It,Paperback,"Feb 25, 2021",
0,https://www.amazon.com/dp/B08XH2JPFX,B08XH2JPFX,"QUALITY ASSURANCE MANAGEMENT: Journal... Notes, Actions, Checklists, Log (Quality Management, Continuous Improvement, ISO, TS, Six Sigma, Lean Journals and Notebooks)",Just Visualize It,Paperback,"Feb 25, 2021",
0,https://www.amazon.com/dp/B08XFMDNC9,B08XFMDNC9,"METROLOGY: NOTEBOOK - 200 Lined College Ruled Pages , 8.5"" x 11"" (Quality Engineering Quality Control Quality Assurance and Reliability Journals and Notebooks)",Just Visualize It,Paperback,"Feb 23, 2021",
0,https://www.amazon.com/dp/0655947345,0655947345,Total Productive Maintenance A Complete Guide,Gerardus Blokdyk,Paperback,"Feb 23, 2021",
0,https://www.amazon.com/dp/0655915591,0655915591,Overall Equipment Effectiveness A Complete Guide - 2020 Edition,Gerardus Blokdyk,Paperback,"Feb 23, 2021",
0,https://www.amazon.com/dp/186730144X,186730144X,Quality Objectives A Complete Guide,Gerardus Blokdyk,Paperback,"Feb 22, 2021",
0,https://www.amazon.com/dp/0655931880,0655931880,Cravath System A Complete Guide,Gerardus Blokdyk,Paperback,"Feb 22, 2021",
0,https://www.amazon.com/dp/B08X5ZC6XF,B08X5ZC6XF,"Pat Testing Log Book: Portable Appliance Testing, Pat Test Certificate Book, Electrical Appliance Register, Testing of Electrical Equipment",PB Brown,Paperback,"Feb 21, 2021",
0,https://www.amazon.com/dp/B08WZH54KZ,B08WZH54KZ,Action Plan Board: Simple Action plan template,SB Engineers,Paperback,"Feb 18, 2021",
0,https://www.amazon.com/dp/B08WZFPM42,B08WZFPM42,Forklift Daily Inspection Checklist Log Book: Forklift Operator Safety Logbook | Daily Forklift Inspection Form | Maintenance Forklift Checklist ... Log book | forklift logbook sheet template,AllYuss Testers,Paperback,"Feb 18, 2021",
0,https://www.amazon.com/dp/1093290463,1093290463,"CONTINUOUS IMPROVEMENT MANAGEMENT: Journal ... Notes, Ideas, Actions , Checklists, Log (Quality Management, Continuous Improvement, ISO, TS, Six Sigma, Lean Journals and Notebooks)",Just Visualize IT,Paperback,"Apr 8, 2019",Independently published
0,https://www.amazon.com/dp/B08WZ4NXPJ,B08WZ4NXPJ,Forklift Daily Inspection Checklist Log Book: Daily Forklift Inspection Form | Forklift Operator Safety Logbook | Fork Lift Truck Maintenance Log book ... sheet template | Forklift Safety Record,AllYuss Testers,Paperback,"Feb 18, 2021",
0,https://www.amazon.com/dp/1867317613,1867317613,Patient Safety Organization A Complete Guide,Gerardus Blokdyk,Paperback,"Feb 16, 2021",
0,https://www.amazon.com/dp/065591398X,065591398X,Software QMS A Complete Guide - 2020 Edition,Gerardus Blokdyk,Paperback,"Feb 16, 2021",
0,https://www.amazon.com/dp/1867343886,1867343886,Technology Management Services Design A Complete Guide,Gerardus Blokdyk,Paperback,"Feb 16, 2021",
0,https://www.amazon.com/dp/1867327384,1867327384,Design Quality Indicator A Complete Guide,Gerardus Blokdyk,Paperback,"Feb 16, 2021",
0,https://www.amazon.com/dp/1867344092,1867344092,Cost Of Poor Quality A Complete Guide - 2020 Edition,Gerardus Blokdyk,Paperback,"Feb 15, 2021",
0,https://www.amazon.com/dp/1867314436,1867314436,Quality Assurance Program A Complete Guide - 2020 Edition,Gerardus Blokdyk,Paperback,"Feb 15, 2021",
0,https://www.amazon.com/dp/1867307685,1867307685,Gemba Walks A Complete Guide,Gerardus Blokdyk,Paperback,"Feb 15, 2021",
0,https://www.amazon.com/dp/0655933794,0655933794,Laboratory Information Management System LIMS A Complete Guide,Gerardus Blokdyk,Paperback,"Feb 15, 2021",
0,https://www.amazon.com/dp/0655923802,0655923802,Iso 22000 A Complete Guide,Gerardus Blokdyk,Paperback,"Feb 15, 2021",
0,https://www.amazon.com/dp/0655914927,0655914927,ITSM A Complete Guide - 2020 Edition,Gerardus Blokdyk,Paperback,"Feb 15, 2021",
0,https://www.amazon.com/dp/B08WS1FH5H,B08WS1FH5H,Timesheet Projects Logbook: Simple notebook log to record time and manage your projects. Easy to use to record time in and time out | Timesheet log book 8x10 inches for Hourly time tracker,AssistB Publishing,Paperback,"Feb 14, 2021",
0,https://www.amazon.com/dp/B08WJPL2PS,B08WJPL2PS,"Be Your Own Kind of Beautiful, My 120-Day Girl Planner",Parchment and More,Paperback,"Feb 9, 2021",
0,https://www.amazon.com/dp/B08W7DWHZS,B08W7DWHZS,"How to create an Ishikawa diagram: Step by step methodology, Tips and tricks, practical examples",Mickaël Réquillard,Paperback,"Feb 8, 2021",
0,https://www.amazon.com/dp/1867340623,1867340623,ISO 20121 A Complete Guide,Gerardus Blokdyk,Paperback,"Feb 8, 2021",
0,https://www.amazon.com/dp/1867338807,1867338807,ISO 14644 2 A Complete Guide,Gerardus Blokdyk,Paperback,"Feb 8, 2021",
0,https://www.amazon.com/dp/1867320797,1867320797,FMEA Failure Modes A Complete Guide - 2020 Edition,Gerardus Blokdyk,Paperback,"Feb 8, 2021",
0,https://www.amazon.com/dp/1867313251,1867313251,Human Performance Technology A Complete Guide,Gerardus Blokdyk,Paperback,"Feb 8, 2021",
0,https://www.amazon.com/dp/0655932941,0655932941,IBM Maximo A Complete Guide,Gerardus Blokdyk,Paperback,"Feb 8, 2021",
0,https://www.amazon.com/dp/1867337754,1867337754,ISO 29110 A Complete Guide,Gerardus Blokdyk,Paperback,"Feb 3, 2021",
0,https://www.amazon.com/dp/1867327805,1867327805,Phase Gate Process A Complete Guide,Gerardus Blokdyk,Paperback,"Feb 3, 2021",
0,https://www.amazon.com/dp/1867323591,1867323591,Quality Systems Engineering A Complete Guide,Gerardus Blokdyk,Paperback,"Feb 3, 2021",
0,https://www.amazon.com/dp/B08XNK5WPV,B08XNK5WPV,"99+ SPEAKER SUCCESS Tips, Tactics, Strategies & “Don’t Forget” Actionable Items: Start Speaking/Presenting Like A ROCK STAR SPEAKER!!!",BART SMITH,Paperback,"Feb 26, 2021",
0,https://www.amazon.com/dp/B08XLYTPF3,B08XLYTPF3,50 WAYS FOR EFFECTIVE ANGER MANAGEMENT PRESENTATION KIT (BEST PRESENTATION KITS BUNDLE),TRAINER'S BOX,Kindle,"Feb 24, 2021",
0,https://www.amazon.com/dp/B08XKBQXNN,B08XKBQXNN,100 TRICKS OF THE TRADE FOR MENTOR TRAINING PRESENTATION KIT (BEST PRESENTATION KITS BUNDLE),TRAINER'S BOX,Kindle,"Feb 24, 2021",
0,https://www.amazon.com/dp/B08XK9WR8D,B08XK9WR8D,50 TIPS ON EXCELLENT COMMUNICATION FOR LIFE PRESENTATION KIT (BEST PRESENTATION KITS BUNDLE),TRAINER'S BOX,Kindle,"Feb 24, 2021",
0,https://www.amazon.com/dp/B08XK7SPDC,B08XK7SPDC,50 WAYS TO BE A MILLION DOLLAR SALESMAN PRESENTATION KIT (BEST PRESENTATION KITS BUNDLE),TRAINER'S BOX,Kindle,"Feb 24, 2021",
0,https://www.amazon.com/dp/B08XJVWKZ6,B08XJVWKZ6,50 IMPORTANT TACTICS FOR PERFORMANCE ENHANCEMENT PRESENTATION KIT (BEST PRESENTATION KITS BUNDLE),TRAINER'S BOX,Kindle,"Feb 24, 2021",
0,https://www.amazon.com/dp/B08XJLGRFB,B08XJLGRFB,50 SUREFIRE TOOLS TO GET WORK DONE ON TIME PRESENTATION KIT (BEST PRESENTATION KITS BUNDLE),TRAINER'S BOX,Kindle,"Feb 24, 2021",
0,https://www.amazon.com/dp/B08XJJ34JJ,B08XJJ34JJ,50 PRACTICES TO ENSURE EXCEPTIONAL CUSTOMER SERVICE PRESENTATION KIT (BEST PRESENTATION KITS BUNDLE),TRAINER'S BOX,Kindle,"Feb 24, 2021",
0,https://www.amazon.com/dp/B08XJD6FLC,B08XJD6FLC,50 TRICKS TO PERSUADE AND INFLUENCE OTHERS PRESENTATION KIT (BEST PRESENTATION KITS BUNDLE),TRAINER'S BOX,Kindle,"Feb 24, 2021",
0,https://www.amazon.com/dp/B08X4JY9XV,B08X4JY9XV,50 BASICS TO SUCCESSFUL PROJECT MANAGEMENT PRESENTATION KIT (BEST PRESENTATION KITS BUNDLE),TRAINER'S BOX,Kindle,"Feb 21, 2021",
0,https://www.amazon.com/dp/B08X64TH7J,B08X64TH7J,QUICK TESTS,TRAINER'S BOX,Kindle,"Feb 21, 2021",
0,https://www.amazon.com/dp/B08X63FXM1,B08X63FXM1,BEST-PRACTICED TEMPLATES,TRAINER'S BOX,Kindle,"Feb 21, 2021",
0,https://www.amazon.com/dp/B08X4YDDBY,B08X4YDDBY,SMART EXERCISES,TRAINER'S BOX,Kindle,"Feb 21, 2021",
0,https://www.amazon.com/dp/B0BYBKKKGF,B0BYBKKKGF,Designing Effective eLearning: A Step-by-Step Guide,Benjamin Pitman,Kindle,"Mar 12, 2023",
0,https://www.amazon.com/dp/B08X4YBSMH,B08X4YBSMH,FUN ICEBREAKERS,TRAINER'S BOX,Kindle,"Feb 21, 2021",
0,https://www.amazon.com/dp/B08X4Y1WP2,B08X4Y1WP2,TRAINING GAMES,TRAINER'S BOX,Kindle,"Feb 21, 2021",
0,https://www.amazon.com/dp/B08X4XS3Q2,B08X4XS3Q2,CASE STUDIES,TRAINER'S BOX,Kindle,"Feb 21, 2021",
0,https://www.amazon.com/dp/B08W1GTVL4,B08W1GTVL4,Tools: The Leader’s Guide to Collaborative Solutions (The Collaboration Code),Rob Evans,Kindle,"Feb 4, 2021",
0,https://www.amazon.com/dp/B08XT9LXMR,B08XT9LXMR,"Ukulele Tab notebook - Light Green Cover: 8.5"" x 11"" - 100 pages - Blank Ukulele Tablature - Blank Chords - White paper - Matte softbound cove",Character me,Paperback,"Feb 28, 2021",
0,https://www.amazon.com/dp/B08XSL5R4L,B08XSL5R4L,"Marble Composition Notebook: Beautiful White Marble with colorful matte cover- Marble Journal | 120 College-ruled Pages | 8.5 x 11 - A4 Size (Marble and composition, Journal, Notebook",Hossain & Brothers,Paperback,"Feb 28, 2021",
0,https://www.amazon.com/dp/B08XS6TTQX,B08XS6TTQX,"Rap Notebook: Blank Lined Journal for Lyrics, Songwriting, Hip Hop, Spoken Word, Poetry, Black Gloss Cover 120 pages (Streetwright)",Streetwright Publishing,Paperback,"Feb 28, 2021",
0,https://www.amazon.com/dp/B08XS5L97H,B08XS5L97H,"Ukulele Tab Sheets: Premium Rabbits And Fox Cover | Ukulele Chord Diagrams / Blank Ukulele Tablature Notebook | 120 Pages | Size 6""x9""",Corina Busch,Paperback,"Feb 28, 2021",
0,https://www.amazon.com/dp/B08XS3ZZK6,B08XS3ZZK6,Music notebook: No clef staff,webmarmusic designer,Paperback,"Feb 28, 2021",
0,https://www.amazon.com/dp/B08XS3ZZG1,B08XS3ZZG1,"Guitar Tab Notebook: Premium Cute Owls Cover Guitar Tab Notebook, Music Paper Notebook, Blank Guitar Tablature Music Note, 120 Pages - Size 6"" x 9""",Corina Busch,Paperback,"Feb 28, 2021",
0,https://www.amazon.com/dp/B08XS3YKB8,B08XS3YKB8,Music notebook: Drums and percussions (alt clef),webmarmusic designer,Paperback,"Feb 28, 2021",
0,https://www.amazon.com/dp/B08XS3YK8F,B08XS3YK8F,"Music Notebook: Cute Owls Music Notebook, Music Writing Notebook | Blank Sheet Music Notebook, 120 Pages, Size 6"" x 9""",Corina Busch,Paperback,"Feb 28, 2021",
0,https://www.amazon.com/dp/B08YFNZRTM,B08YFNZRTM,Pentecostalism and Cultism in South Africa (Christianity and Renewal - Interdisciplinary Studies),Mookgo Solomon Kgatle,Paperback,"Feb 28, 2021",
0,https://www.amazon.com/dp/B08XLGFSRJ,B08XLGFSRJ,"Invoice Book for Small Business: Sales Order Log Keep Track of Your Customer - Purchase Order Forms for Online Businesses and Retail Store... 8.5"" x 11"" 110 pages",Brilliant Large Print Journals,Paperback,"Feb 26, 2021",
0,https://www.amazon.com/dp/B08X6DRMWZ,B08X6DRMWZ,"Notebook Big Ideas By Maxine Inside Here Personalized Name Lined Journal: Stylish Paperback, 8.5 x 11 inch, A4, Work List, Business, Over 100 Pages, Hourly, Hour, 21.59 x 27.94 cm, Daily Journal",Rheanna Rice,Paperback,"Feb 20, 2021",
0,https://www.amazon.com/dp/B08X6CFMPW,B08X6CFMPW,"Notebook Big Ideas By Maya Inside Here Personalized Name Lined Journal: Business, 8.5 x 11 inch, Stylish Paperback, Work List, Over 100 Pages, 21.59 x 27.94 cm, Hourly, Daily Journal, Hour, A4",Rheanna Rice,Paperback,"Feb 20, 2021",
0,https://www.amazon.com/dp/B08X6CFMM8,B08X6CFMM8,"Notebook Big Ideas By Maximo Inside Here Personalized Name Lined Journal: Hour, 8.5 x 11 inch, Stylish Paperback, Work List, Business, A4, Over 100 Pages, Hourly, 21.59 x 27.94 cm, Daily Journal",Rheanna Rice,Paperback,"Feb 20, 2021",
0,https://www.amazon.com/dp/B08X6CFMLS,B08X6CFMLS,"Notebook Big Ideas By Maxim Inside Here Personalized Name Lined Journal: Work List, Over 100 Pages, A4, Hour, Business, Daily Journal, Stylish Paperback, 21.59 x 27.94 cm, Hourly, 8.5 x 11 inch",Rheanna Rice,Paperback,"Feb 20, 2021",
0,https://www.amazon.com/dp/B08X68L269,B08X68L269,"Notebook Big Ideas By Mauricio Inside Here Personalized Name Lined Journal: A4, 8.5 x 11 inch, Daily Journal, 21.59 x 27.94 cm, Hourly, Over 100 Pages, Work List, Business, Stylish Paperback, Hour",Rheanna Rice,Paperback,"Feb 20, 2021",
0,https://www.amazon.com/dp/B08X671434,B08X671434,"Notebook Big Ideas By Marina Inside Here Personalized Name Lined Journal: Over 100 Pages, Stylish Paperback, Hourly, Daily Journal, Hour, Business, Work List, 21.59 x 27.94 cm, 8.5 x 11 inch, A4",Rheanna Rice,Paperback,"Feb 20, 2021",
0,https://www.amazon.com/dp/B08X67142H,B08X67142H,"Notebook Big Ideas By Mariana Inside Here Personalized Name Lined Journal: Business, Daily Journal, Hourly, Over 100 Pages, Work List, Hour, 8.5 x 11 inch, A4, 21.59 x 27.94 cm, Stylish Paperback",Rheanna Rice,Paperback,"Feb 20, 2021",
0,https://www.amazon.com/dp/B08X66LCV7,B08X66LCV7,"Notebook Big Ideas By Mary Inside Here Personalized Name Lined Journal: Daily Journal, Hour, Stylish Paperback, Business, Over 100 Pages, Hourly, A4, 21.59 x 27.94 cm, Work List, 8.5 x 11 inch",Rheanna Rice,Paperback,"Feb 20, 2021",
0,https://www.amazon.com/dp/B08X66LCSP,B08X66LCSP,"Notebook Big Ideas By Marshall Inside Here Personalized Name Lined Journal: Hour, Hourly, Work List, A4, Stylish Paperback, Daily Journal, 21.59 x 27.94 cm, Over 100 Pages, 8.5 x 11 inch, Business",Rheanna Rice,Paperback,"Feb 20, 2021",
0,https://www.amazon.com/dp/B08X66KPGJ,B08X66KPGJ,"Notebook Big Ideas By Mason Inside Here Personalized Name Lined Journal: Work List, Hourly, Business, Hour, Daily Journal, 8.5 x 11 inch, Stylish Paperback, Over 100 Pages, A4, 21.59 x 27.94 cm",Rheanna Rice,Paperback,"Feb 20, 2021",
0,https://www.amazon.com/dp/B08X64NT45,B08X64NT45,"Notebook Big Ideas By Matteo Inside Here Personalized Name Lined Journal: Hourly, 21.59 x 27.94 cm, A4, Work List, Stylish Paperback, Business, Daily Journal, Over 100 Pages, 8.5 x 11 inch, Hour",Rheanna Rice,Paperback,"Feb 20, 2021",
0,https://www.amazon.com/dp/B08X64NSY6,B08X64NSY6,"Notebook Big Ideas By Marquis Inside Here Personalized Name Lined Journal: 21.59 x 27.94 cm, Hourly, Business, Stylish Paperback, 8.5 x 11 inch, Work List, Over 100 Pages, Hour, Daily Journal, A4",Rheanna Rice,Paperback,"Feb 20, 2021",
0,https://www.amazon.com/dp/B08X64NSY5,B08X64NSY5,"Notebook Big Ideas By Marlee Inside Here Personalized Name Lined Journal: Over 100 Pages, Stylish Paperback, Daily Journal, A4, 21.59 x 27.94 cm, Work List, 8.5 x 11 inch, Hourly, Hour, Business",Rheanna Rice,Paperback,"Feb 20, 2021",
0,https://www.amazon.com/dp/B08X64LRTF,B08X64LRTF,"Notebook Big Ideas By Mateo Inside Here Personalized Name Lined Journal: 8.5 x 11 inch, Stylish Paperback, Hourly, Hour, Over 100 Pages, Work List, Daily Journal, 21.59 x 27.94 cm, Business, A4",Rheanna Rice,Paperback,"Feb 20, 2021",
0,https://www.amazon.com/dp/B0DTZ4T69Z,B0DTZ4T69Z,Advanced Consumer Psychology: Hypnotic Patterns (Simple Psychology),Emily Carter,Paperback,"Jan 24, 2025",
0,https://www.amazon.com/dp/B0FH5YZNZZ,B0FH5YZNZZ,The Art Of Negotiation Workbook: Unlock the Secrets to Achieving Your Desires,Jerry Hile,Paperback,"Jul 7, 2025",
0,https://www.amazon.com/dp/B08XY3DHV1,B08XY3DHV1,Exploring the Certified Currency Plate Proofs - National Bank Note State Seals - First & Second Charter Periods,Chris Steenerson,Paperback,"Feb 28, 2021",
0,https://www.amazon.com/dp/B08XTS2HZR,B08XTS2HZR,"8 March Happy Women's Day, this notebook is Simple and elegant: 8 March Happy Women's Day, this notebook Present for Girl Women. Simple and elegant.",RJ elhench,Paperback,"Feb 28, 2021",
0,https://www.amazon.com/dp/B08XSCXB7D,B08XSCXB7D,"Exploring the Certified Currency Plate Proofs - Legal Tender (United States Notes) Plate Proofs - Census Summary, Tables & Examples",Chris Steenerson,Paperback,"Feb 28, 2021",
0,https://www.amazon.com/dp/B08XS7T48Q,B08XS7T48Q,"Vienna notebook: Vienna Notebook - Great lined Vienna Notebook - 120 lined pages to hold notes, ideas and thoughts |approx DINA5 |Gift for people from vienna and visitors but also likers",little thoughts,Paperback,"Feb 28, 2021",
0,https://www.amazon.com/dp/B08XS5V9YK,B08XS5V9YK,Exploring the Certified Currency Plate Proofs: Interest Bearing Notes - Census Summary & Examples,Chris Steenerson,Paperback,"Feb 28, 2021",
0,https://www.amazon.com/dp/B08XRXQ2BG,B08XRXQ2BG,"8 march happy international women's day, ""woman is half of society and the other half grows up in her arms"": 8 march happy international women's day, ... and the other half grows up in her arms""",RJ elhnech,Paperback,"Feb 28, 2021",
0,https://www.amazon.com/dp/B08XR9JZQZ,B08XR9JZQZ,Unjust Enrichment: The Bogus Contract and America's Long Overdue Awakening on Systemic Racism,Malcolm D Allen,Paperback,"Feb 28, 2021",
0,https://www.amazon.com/dp/B08XR1CJ8Z,B08XR1CJ8Z,"Exploring the Certified Currency Plate Proofs - Treasury or Coin Note Plate Proofs - Census Summary, Tables & Examples",Chris Steenerson,Paperback,"Feb 28, 2021",
0,https://www.amazon.com/dp/B08XNDNRHC,B08XNDNRHC,NEW YORK: Across America Series – Word Search Puzzles,Abiding Line Publishing LLC,Paperback,"Feb 28, 2021",
0,https://www.amazon.com/dp/B08XN9G8CW,B08XN9G8CW,Ireland Wordsearch - Book 3 - Irish Movies and Television: Puzzle Book - One of the Best Irish Gifts for some who loves Ireland,Ireland Buy Design,Paperback,"Feb 28, 2021",Independently published
0,https://www.amazon.com/dp/B08XN9G85B,B08XN9G85B,The Princes of Persia: Return to Order,Charles N Pope,Paperback,"Feb 28, 2021",
0,https://www.amazon.com/dp/B0GCFJG4SC,B0GCFJG4SC,Kleptocracy Unveiled: : The Economy Impact Of Mobutu's Zaire,Edward Acquaah,Paperback,"Dec 24, 2025",
0,https://www.amazon.com/dp/B08XPG29R6,B08XPG29R6,Advances in Genetics (Volume 107),Dhavendra Kumar,Hardcover,"Feb 26, 2021",Academic Press
0,https://www.amazon.com/dp/B08X16S15S,B08X16S15S,First Episode Psychosis Services Fidelity Scale (FEPS-FS 1.0) and Manual,Donald Addington,Paperback,"Feb 15, 2021",LCR Publishing Services
0,https://www.amazon.com/dp/B08VW3X4DY,B08VW3X4DY,"Psychiatry in Crisis: At the Crossroads of Social Sciences, the Humanities, and Neuroscience",Vincenzo Di Nicola,Paperback,"Feb 3, 2021",Springer
0,https://www.amazon.com/dp/B08XPX69XT,B08XPX69XT,BEYOND ORGANIC: A Guide to Food & Plants As Medicine,Dr.  Lord,Paperback,"Feb 28, 2021",
0,https://www.amazon.com/dp/B08YJ8KBJT,B08YJ8KBJT,The Enlightenment Pie Food Journal,Lisa M Gunshore,Paperback,"Feb 28, 2021",
0,https://www.amazon.com/dp/B08XSGQXYX,B08XSGQXYX,Mental Health is Just as Important as your Physical Health: Tips on How to Improve Your Mental Health,Nira Coleson,Paperback,"Feb 28, 2021",
0,https://www.amazon.com/dp/B08XS8H63T,B08XS8H63T,"Rapid Weight Loss Hypnosis: The Ultimate Self-Help Guide for Women to Lose Weight with Hypnosis, Deep Sleep Meditation and Positive Affirmations to Change your Habits",Skyler Cooper,Kindle,"Feb 28, 2021",
0,https://www.amazon.com/dp/B08XQZJ83V,B08XQZJ83V,How To Be Calmer 4 - Simple Ways To Reduce Stress: Learn 5 ways to reduce stress and discover how to calm down,Zen Michael,Kindle,"Feb 28, 2021",Zen Michael
0,https://www.amazon.com/dp/B08XQZ5BK1,B08XQZ5BK1,How To Be Calmer 2 - Simple Ways To Reduce Stress: Learn 5 ways to reduce stress and discover how to calm down,Zen Michael,Kindle,"Feb 28, 2021",
0,https://www.amazon.com/dp/B08XQZ58KV,B08XQZ58KV,How To Be Calmer 1 - Simple Ways To Reduce Stress: Learn 5 ways to reduce stress and discover how to calm down,Zen Michael,Kindle,"Feb 28, 2021",Zen Michael
0,https://www.amazon.com/dp/B091J8WXP4,B091J8WXP4,Soul Stretch Yoga & Wellness 28-Day Yoga & Mediation Journal,Mashell N. Lawson,Paperback,"Feb 28, 2021",Independently published
0,https://www.amazon.com/dp/B08XX7QFJ4,B08XX7QFJ4,Here Each Moment: A Daily Mindfulness Journal,Books N Books,Paperback,"Feb 28, 2021",
0,https://www.amazon.com/dp/B08XVL4WZT,B08XVL4WZT,The Soul of Mandala: Adult Coloring Book Featuring Amazing Mandalas Designed to feed your Soul (Mandala Coloring Book),Matt Heartwood,Paperback,"Feb 28, 2021",Independently published
0,https://www.amazon.com/dp/B08XTHYW3R,B08XTHYW3R,LIFE IS BETTER WITH A PUPPY!: Journal Notebook Diary for Puppy and Dog Lovers. Little Girl's First Puppy. Lined Pages For Writing. Blank Pages For Coloring.,JZs DESIGNs,Paperback,"Feb 28, 2021",
0,https://www.amazon.com/dp/B08XSL5FS9,B08XSL5FS9,Call Your Power. Gratitude Journal for Men: Self Help Workbook with Inspirational Quotes and Challenges | Practice Grateful 5 Minutes Daily to Lower ... (Spiritual development 1 by Kate Moon),Kate Moon Astrology,Paperback,"Feb 28, 2021",
0,https://www.amazon.com/dp/B08XSCXB9F,B08XSCXB9F,Mindful Colouring: Mindful colouring for adults with daily quotes for positivity (Mindfulness & Relaxation),Mr David Iles,Paperback,"Feb 28, 2021",Independently published
0,https://www.amazon.com/dp/B08XS7GQPH,B08XS7GQPH,"Make It Happen: Affirmation & manifestation journal, 99 days of attraction",Mahdi Romaissa,Paperback,"Feb 28, 2021",Independently published
0,https://www.amazon.com/dp/B08XS7CD3L,B08XS7CD3L,How do I feel today?: Try to write every day. Set aside a few minutes every day to write.,walaiphon Choops chareonsak,Paperback,"Feb 28, 2021",
0,https://www.amazon.com/dp/B08XS7CCX6,B08XS7CCX6,Mindfulness Meditations,Paisley Princess,Paperback,"Feb 28, 2021",
0,https://www.amazon.com/dp/B08XS6TTQN,B08XS6TTQN,It is time to remember seeing is believing: an unlined journal,Colorwheel Bookhouse,Paperback,"Feb 28, 2021",
0,https://www.amazon.com/dp/B08XS5VB6Q,B08XS5VB6Q,"Notebook: Blue Sand Waves Elegant Notebook, College Ruled, 120 Pages, 6x9 inches, Soft Cover",Amandas Papershop,Paperback,"Feb 28, 2021",
0,https://www.amazon.com/dp/B08XS5S9H9,B08XS5S9H9,"Kick Stress In The Face: Anxiety Tracker Journal For Women: Women's Anxiety Log Book & Diary for Daily Tracking of Your Triggers, Mood, Calming Methods & More",Jordan Bella Publishing,Paperback,"Feb 28, 2021",Independently published
0,https://www.amazon.com/dp/B08XS3ZZ95,B08XS3ZZ95,90 Personal Gratitude Journal: Attitude of Gratitude (Journals),Tracy Badry,Paperback,"Feb 28, 2021",Independently published
0,https://www.amazon.com/dp/B08XRZGXH3,B08XRZGXH3,Diabetes registry Register Diabetes Diary: Diabetes registry,Wonderful KHALID,Paperback,"Feb 28, 2021",
0,https://www.amazon.com/dp/1773852086,1773852086,First Episode Psychosis Services Fidelity Scale (FEPS-FS 1.0) and Manual,Donald Addington,Paperback,"Feb 15, 2021",LCR Publishing Services
0,https://www.amazon.com/dp/B0FK4PC41Z,B0FK4PC41Z,"Schizophrénie: Un guide sur les symptômes, la gestion et le traitement de la schizophrénie (French Edition)",Jessica Rose,Paperback,"Jul 27, 2025",Independently published
0,https://www.amazon.com/dp/B08XQXWYT5,B08XQXWYT5,Mindful Living : Practicing mindfulness,Anu Jos Soul,Paperback,"Feb 28, 2021",
0,https://www.amazon.com/dp/B08XQX233W,B08XQX233W,How To Be Calmer 5 - Simple Ways To Reduce Stress: Learn 5 ways to reduce stress and discover how to calm down,Zen Michael,Kindle,"Feb 28, 2021",Zen Michael
0,https://www.amazon.com/dp/B08XQWVVJ6,B08XQWVVJ6,How To Be Calmer 3 - Simple Ways To Reduce Stress: Learn 5 ways to reduce stress and discover how to calm down,Zen Michael,Kindle,"Feb 28, 2021",Zen Michael
0,https://www.amazon.com/dp/B08XQNWS2D,B08XQNWS2D,How to create change & take control of your life -: 5 simple steps to change your life - learn how to set goals and take steps required,Darcy  Wolfe,Kindle,"Feb 28, 2021",Darcy Wolfe
0,https://www.amazon.com/dp/B08XPW5N3H,B08XPW5N3H,"Beginner Meditation: Meditation Techniques, Tips, and Short Guided Meditations",Jane Kosoe,Paperback,"Feb 28, 2021",
0,https://www.amazon.com/dp/B08XPSXGLS,B08XPSXGLS,Gratitude Daily Journal,Alta H Mabin,Kindle,"Feb 27, 2021",
0,https://www.amazon.com/dp/B08XPS9S5Z,B08XPS9S5Z,Gratitude Daily Journal,Alta H  Mabin,Kindle,"Feb 27, 2021",
0,https://www.amazon.com/dp/B08XRXT13H,B08XRXT13H,"Meditation Journal: 21 days meditation practice, reflective lined journal",Andrew David Downs,Paperback,"Feb 28, 2021",
0,https://www.amazon.com/dp/B08XN7J1VB,B08XN7J1VB,Mandala Coloring Book : A stress relief coloring book for Adults : 50 Unique Designs: A Colouring Book for Adults & Teens,Zenatittude Publications,Paperback,"Feb 28, 2021",
0,https://www.amazon.com/dp/B08XLNTJ76,B08XLNTJ76,Mindfulness Colouring Book: Geometric colouring designs and positivity excercises to calm and uplift your mind (Mindfulness colouring books for adults),Candi Designs,Paperback,"Feb 28, 2021",Independently published
0,https://www.amazon.com/dp/B08XLNTHVN,B08XLNTHVN,Mindfulness Colouring Book: Geometric colouring designs and positivity excercises to calm and uplift your mind (Mindfulness colouring books for adults),Candi Designs,Paperback,"Feb 28, 2021",
0,https://www.amazon.com/dp/B08XLGFT1M,B08XLGFT1M,Mindfulness Colouring Book: Geometric colouring designs and positivity excercises to calm and uplift your mind (Mindfulness colouring books for adults),Candi Designs,Paperback,"Feb 28, 2021",
0,https://www.amazon.com/dp/B08XL9R3QJ,B08XL9R3QJ,My Little Space Of Craziness: Cute notebook jotter journal with 120 pages of lined quality paper.,Pixel Pictures,Paperback,"Feb 28, 2021",
0,https://www.amazon.com/dp/B08XH2JRHH,B08XH2JRHH,Mandala Dreams: Adult Coloring book,Sharan Arnold,Paperback,"Feb 28, 2021",
0,https://www.amazon.com/dp/1982263180,1982263180,The Enlightenment Pie Food Journal,0 Lisa M 0 Gunshore 0,Paperback,"Feb 28, 2021",
0,https://www.amazon.com/dp/173296193X,173296193X,Juice With Us: A juicing guide to healing the body and getting rid of the pain,Jasmin Tia,Paperback,"Feb 28, 2021",
0,https://www.amazon.com/dp/0367263483,0367263483,Molecular Biochemistry of Human Diseases (Routledge Revivals),George Feuer,Paperback,"Feb 27, 2021",
0,https://www.amazon.com/dp/163821137X,163821137X,Persephone's Garden: A Testimony of Survivors who Persevere with Vulvodynia,Mary  G. Powell PhD,Paperback,"Feb 27, 2021",
0,https://www.amazon.com/dp/B0FDH1H596,B0FDH1H596,Blood Pressure Reset: The 21-Day Science-Backed Protocol to Naturally Lower Your Numbers Without Medication,Yasmin Karpenko,Paperback,"Jun 17, 2025",
0,https://www.amazon.com/dp/B097F7YZMT,B097F7YZMT,Calm Your Mind: mandala art therapy coloring book,Monika Blagoeva,Paperback,"Feb 27, 2021",
0,https://www.amazon.com/dp/B08ZBJFLF4,B08ZBJFLF4,my desire is already on its way: manifesting journal 2021,Kaoutar Ait benali,Paperback,"Feb 27, 2021",
0,https://www.amazon.com/dp/B08XZTGYXK,B08XZTGYXK,"Inner Being, Journal Three (Inner Being Journal Writing Series)",Felder Official,Paperback,"Feb 27, 2021",
0,https://www.amazon.com/dp/B08XZGJ7ZT,B08XZGJ7ZT,"Inner Being, Journal Two (Inner Being Journal Writing Series)",Felder Official,Paperback,"Feb 27, 2021",
0,https://www.amazon.com/dp/B08XXL9XD9,B08XXL9XD9,Medical Surgical Nurse: Nurses Do It Better Gratitude Journal Gift,ac media publishing,Paperback,"Feb 27, 2021",
0,https://www.amazon.com/dp/B08XTS2J3C,B08XTS2J3C,Don't Give Anyone Over His Value: This Is A Great Quote To Remind You All The Time How To get Strong Personality,Mary Crisler,Paperback,"Feb 27, 2021",
0,https://www.amazon.com/dp/B08XRNP51V,B08XRNP51V,"Inner Being, Journal One (Inner Being Journal Writing Series)",Felder Official,Paperback,"Feb 27, 2021",
0,https://www.amazon.com/dp/B08XRCLLN7,B08XRCLLN7,I Have The Best Mom In The World floral journal: Best gift from Daughter Best words you can tell your Mother You love her.Journal Mother from Daughter 120 pages with inspirational quotes,NoNo &Teffa Love Journals,Paperback,"Feb 27, 2021",
0,https://www.amazon.com/dp/B08XR6RGMX,B08XR6RGMX,"Yoga day: The Five-Minute Journal, Gratitude, Balance and Inspiration, Reflections for a Powerful Life, Practice Positivity, Find Joy and Motivation, Stress Resistance",Olivia Quinn,Paperback,"Feb 27, 2021",
0,https://www.amazon.com/dp/B08XR1CJM5,B08XR1CJM5,"Notes For A Happy Self!: Cute notebook for mindfulness, wellbeing and happy thoughts.",Pixel Pictures UK,Paperback,"Feb 27, 2021",
0,https://www.amazon.com/dp/B08XR1CJH6,B08XR1CJH6,"Meditation Journal: 200 Pages of Meditation Notebook, Mindfullness Journal",JeanPaulMozart,Paperback,"Feb 27, 2021",
0,https://www.amazon.com/dp/B08XR1CHNZ,B08XR1CHNZ,"Mirror, Mirror Who Do You See: Finding Your Inner Beauty Journey Journal",Sheryll E Roberts,Paperback,"Feb 27, 2021",
0,https://www.amazon.com/dp/B08XR1BVYN,B08XR1BVYN,"Prayer And Meditation Journal For Women : Guided Meditation And Prayer journal.: Gratitude Journal, Meditation And Prayer Guide, Christian Gift For Women",IS Arts,Paperback,"Feb 27, 2021",
0,https://www.amazon.com/dp/B0GTMHVBVC,B0GTMHVBVC,Ravenwick : The Mourning Glass (Ravenwick — Lanterns Cafe Stories Book 3),J. P. Dunwinter,Kindle,"Mar 23, 2026",
0,https://www.amazon.com/dp/B08X69WXCH,B08X69WXCH,Herbal Medicine and Remedies FOR BEGINNERS,Vinny Belucci,Kindle,"Feb 22, 2021",
0,https://www.amazon.com/dp/B08X3WP3MK,B08X3WP3MK,"Essential Oils, the concepts.",Ängel  Hoister Vehek,Kindle,"Feb 20, 2021",
0,https://www.amazon.com/dp/B0GLQWQM5T,B0GLQWQM5T,Ethnopharmacology of Wild Plants,Mahendra Rai,Paperback,"Feb 14, 2021",
0,https://www.amazon.com/dp/B08WM2D699,B08WM2D699,How to Cure Bad Breath/ Mouth Odor/ Halitosis Permanently with Herbs: The Natural Remedies Guide to Eliminating Bad Breath/ Mouth Odor (Halitosis) In 30 Days,Bolaji Ijaduola,Kindle,"Feb 14, 2021",
0,https://www.amazon.com/dp/B08WKLV9VD,B08WKLV9VD,101 Myths about Herbal Medicine,Robert Rogers,Paperback,"Feb 12, 2021",
0,https://www.amazon.com/dp/B08XLNTGJH,B08XLNTGJH,"Happy Women's Day Journal for The Best Woman: 8 March Gift Idea for Yourself, Mom, Sister, Wife, Daughter, Girl | Notebook Full of Floweres",Sarah Mila McMoore,Paperback,"Feb 25, 2021",Independently published
0,https://www.amazon.com/dp/B08XLCGBXR,B08XLCGBXR,"Salon Appointment Book: Daily Planner for Salons, Spas, Hair Stylists, Nail Techs, Estheticians, Massage Therapists and More | 15 Minute Increments from 8:00 AM to 11:00 PM | Luxe Metallic Design",Hummingbird Book Publishing,Paperback,"Feb 23, 2021",
0,https://www.amazon.com/dp/B08XLC6CMK,B08XLC6CMK,"Salon Appointment Book: Daily Planner for Salons, Hair Stylists, Nail Techs, Estheticians, Massage Therapists and More | 15 Minute Increments from 8:00 AM to 11:00 PM | Luxe Black Diamond Design",Hummingbird Book Publishing,Paperback,"Feb 23, 2021",Independently published
0,https://www.amazon.com/dp/B08X6243SV,B08X6243SV,Massage Therapist Log Book: Professional Massager Organizer for Keep Track And Review All Details About Your Clients and Massage Sessions | Record ... Action Taken and More On 100 Detailed Sheets,ProfessionalMassagerOrganizer Publishing,Paperback,"Feb 22, 2021",
0,https://www.amazon.com/dp/B08XCBCJ8X,B08XCBCJ8X,Massage Therapist Log Book: Professional Massager Organizer for Keep Track And Review All Details About Your Clients and Massage Sessions | Record ... Action Taken and More On 100 Detailed Sheets,ProfessionalMassagerOrganizer Publishing,Paperback,"Feb 22, 2021",
0,https://www.amazon.com/dp/B08X6DXRXS,B08X6DXRXS,Massage Therapist Log Book: Professional Massager Organizer for Keep Track And Review All Details About Your Clients and Massage Sessions | Record ... Action Taken and More On 100 Detailed Sheets,ProfessionalMassagerOrganizer Publishing,Paperback,"Feb 22, 2021",
0,https://www.amazon.com/dp/B08X6DXB9F,B08X6DXB9F,Massage Therapist Log Book: Professional Massager Organizer for Keep Track And Review All Details About Your Clients and Massage Sessions | Record ... Action Taken and More On 100 Detailed Sheets,ProfessionalMassagerOrganizer Publishing,Paperback,"Feb 22, 2021",Independently published
0,https://www.amazon.com/dp/B08WJZCQ4K,B08WJZCQ4K,"Therapist Logbook: Organize and Record Client Appointments, Hours Log Time Sheet, Notes, Treatment Plans, Therapeutic Interventions and More... | A ... and Therapy Notebook, Log book and Planner.",Therapy Press,Paperback,"Feb 9, 2021",
0,https://www.amazon.com/dp/B08WJZCNMW,B08WJZCNMW,Gymnastics is easy,Lud Rav,Paperback,"Feb 9, 2021",
0,https://www.amazon.com/dp/B08WJZ7ZYT,B08WJZ7ZYT,"Therapist Logbook: A Counsellor and Therapy Notebook, Log book and Planner to Record and Organize Client Appointments, Hours Log Time Sheet, Notes, ... Plans, Therapeutic Interventions and More...",Therapy Press,Paperback,"Feb 9, 2021",Independently published
0,https://www.amazon.com/dp/B0GRV17CKF,B0GRV17CKF,MBLEx Study Guide 2026–2027: A Comprehensive Prep Book for Candidates Preparing for the Massage & Bodywork Licensing Examination with Practice Questions and Detailed Explanations,Nathaniel A. R. Clarke,Paperback,"Mar 8, 2026",Independently published
0,https://www.amazon.com/dp/B0DFWHLXF3,B0DFWHLXF3,RADIANT FACE WITHOUT SURGERY: Natural and Gentle Techniques to Stay Younger,Lilya De Castil,Paperback,"Sep 1, 2024",
0,https://www.amazon.com/dp/B08XLGFW5D,B08XLGFW5D,"My Yoga Diary: Personal Yoga Journal to Record Your Practice, Intentions, Gratitude | Inspiring Gift for Practitioner, Trainer, Beginner",A.A.G. Publishing,Paperback,"Feb 27, 2021",
0,https://www.amazon.com/dp/1734162317,1734162317,Inochi Energy Medicine: A Brief Guide to Kototama Medicine,Thomas E. Duckworth DKM,Paperback,"Feb 26, 2021",
0,https://www.amazon.com/dp/B08XLC6D7Q,B08XLC6D7Q,"Your Weekly Insomnia Care Checklist, 5 Year Edition: Your 5 Year Weekly Insomnia Care Checklist Workbook and Journal to Help You Manage and Improve ... and Improve the Quality of Your Life! 🌟",Better Life Journals,Paperback,"Feb 24, 2021",
0,https://www.amazon.com/dp/B08XFJ8WYW,B08XFJ8WYW,"My Prayer Journal: A 3 Month Guide to Prayer, 90 Day Guided Prayer and Gratitude Journal Notebook for Women College Girls kids Adults Teens Moms ... with God, Prayer Request 100 pages 8x10""",Nihan Publishing,Paperback,"Feb 23, 2021",
0,https://www.amazon.com/dp/6202816597,6202816597,You are not alone: DIAGNOSIS: BREAST CANCERA guidebook for persons affected (The black and white edition),Mona Elzayat,Paperback,"Feb 23, 2021",
0,https://www.amazon.com/dp/B08X6DXR7L,B08X6DXR7L,I'm like really smart: Blank Personalised Genius Pad for Geeks to Journal Thoughts On Mushrooms Consciousness Caffeine Pre Workout Thoughts Sleep ... Reviews for Capsules. Perfect for Men Women,Glitchy Monkey,Paperback,"Feb 22, 2021",Independently published
0,https://www.amazon.com/dp/B09HHKNZ4R,B09HHKNZ4R,From The Healer's Apprentice Journals: A Recipe Guide Book to Colloidal Silver,Lawrence K. Pate III,Paperback,"Feb 19, 2021",Independently published
0,https://www.amazon.com/dp/B08WZJK12Z,B08WZJK12Z,"Your Weekly High Blood Pressure Checklist: Your Weekly High Blood Pressure Checklist Workbook and Journal to Help You Manage Your High BP, Improve ... 🌟 (Health Improvement Journals Series)",Better Life Journals,Paperback,"Feb 17, 2021",
0,https://www.amazon.com/dp/B08WZ9W4W7,B08WZ9W4W7,"Fitness Log: Track Warm-Up, Exercise, Reps, Weight, Sets, Vitamins and Supplements, Cardio and Notes - Weight Lifting Journal and Exercise Notebook",Brooke Sharp,Paperback,"Feb 16, 2021",Independently published
0,https://www.amazon.com/dp/B08WZ8X767,B08WZ8X767,"Fitness Log: Track Warm-Up, Exercise, Reps, Weight, Sets, Vitamins and Supplements, Cardio and Notes - Weight Lifting Journal and Exercise Notebook",Brooke Sharp,Paperback,"Feb 16, 2021",Independently published
0,https://www.amazon.com/dp/6203332429,6203332429,Elements Of Community Nursing: Quality in primary nursing care,Tania Felipe Reyes,Paperback,"Feb 16, 2021",
0,https://www.amazon.com/dp/1637501781,1637501781,Apple Cider Vinegar: The Benefits and Uses of All-Natural Organic ACV Miracle Health System,Melinda Perry,Paperback,"Feb 15, 2021",
0,https://www.amazon.com/dp/B08WV8KMVL,B08WV8KMVL,"My Walking Journal: A Simple 52 Week Walking Tracker To Record Date, Time, Distance & Steps For Daily Walks",Alene  C Kraft,Paperback,"Feb 15, 2021",Independently published
0,https://www.amazon.com/dp/B08WV25WJY,B08WV25WJY,My Essential Oil Recipes: Blank Recipe Book to Write In,Funny Life Designs,Paperback,"Feb 15, 2021",Independently published
0,https://www.amazon.com/dp/B08WTRPLZZ,B08WTRPLZZ,My Essential Oil Recipes: Blank Recipe Book to Write In,Funny Life Designs,Paperback,"Feb 15, 2021",
0,https://www.amazon.com/dp/B08WP79S4T,B08WP79S4T,GPS Of Dental Driver’s Training: Vibrant Health & Innate Immunity For Your Mouth Health: Mouth Health Problems,Carmel Cianci,Paperback,"Feb 15, 2021",Independently published
0,https://www.amazon.com/dp/B08WK812W5,B08WK812W5,GPS & Licensed To Thrive: Take Charge Of Your Natural Health And Immunity: Oral Health Problems,Tonie Bontrager,Paperback,"Feb 15, 2021",
0,https://www.amazon.com/dp/B08WRSZ2SM,B08WRSZ2SM,Over 40 and my Body Hurts: A practical guide to taking care of you,Monica Stratford,Kindle,"Feb 15, 2021",
0,https://www.amazon.com/dp/B08WCC9BTV,B08WCC9BTV,SHOW ME THE MONEY: A Massage Therapist's Guide to Making More,Tina Coleman LMT,Kindle,"Feb 9, 2021",
0,https://www.amazon.com/dp/B08WTW69SF,B08WTW69SF,"Cannabis Review Logbook: Marijuana Review Log Book & Weed Notebook, Cannabis Journal | Great Gift Idea For Cannabis Lover",Delicious Weed Publish,Paperback,"Feb 14, 2021",Independently published
0,https://www.amazon.com/dp/B08WK2JSJW,B08WK2JSJW,"Your Weekly Brain Training Checklist, 5 Year Edition: Your 5 Year Weekly Brain Training Checklist, Workbook and Journal to Help You Improve Your Brain Health, and Your Life! 🧠",Better Life Journals,Paperback,"Feb 11, 2021",
0,https://www.amazon.com/dp/B08WJY552Z,B08WJY552Z,"Your Weekly Memory Improvement Checklist, 5 Year Edition: Your 5 Year Weekly Memory Improvement Checklist, Workbook and Journal to Help You Improve Your Memory, Career and Your Life! 🤓",Better Life Journals,Paperback,"Feb 11, 2021",
0,https://www.amazon.com/dp/B08WJPN3BT,B08WJPN3BT,"Your Weekly Brain Improvement Checklist, 3 Year Edition: Your 3 Year Weekly Brain Improvement Checklist, Workbook and Journal to Help You Improve Your Brain, and Your Life! 🧠",Better Life Journals,Paperback,"Feb 11, 2021",
0,https://www.amazon.com/dp/6203313718,6203313718,THE OLDER ADULT: Geriatric quality of life risk factors,Dayana Padrón Fumero,Paperback,"Feb 11, 2021",
0,https://www.amazon.com/dp/B08WK51R64,B08WK51R64,Sketch-Plan-Note: A multipurpose composition book with a dotted grid And a handy discreet weekly-monthly planner option. Wood cover,_ Abdelo,Paperback,"Feb 9, 2021",Independently published
0,https://www.amazon.com/dp/B08W7DWQW5,B08W7DWQW5,Diabetic log book journal: Diabetic Tracking Journal with NOTES,Aloron Publishing,Paperback,"Feb 8, 2021",
0,https://www.amazon.com/dp/B08W7SQGF6,B08W7SQGF6,Lucid Dream Journal,Lud Rav,Paperback,"Feb 6, 2021",
0,https://www.amazon.com/dp/B08VY7719S,B08VY7719S,Migraine Journal,Lud Rav,Paperback,"Feb 5, 2021",
0,https://www.amazon.com/dp/B08VYFJSNC,B08VYFJSNC,Daily Medication: Medication tracking Log Book | Medical Treatment Logbook,Aloron Press,Paperback,"Feb 3, 2021",
0,https://www.amazon.com/dp/3659889091,3659889091,Ayurveda and Female Health: Concise Interpretation of Female Health in Ayurveda,Archana Bhangare,Paperback,"Feb 2, 2021",
0,https://www.amazon.com/dp/B08WJZ7ZXQ,B08WJZ7ZXQ,"Therapist Logbook: Record Client Appointments, Treatment Plans, Hours Log Time Sheet, Notes, Therapeutic Interventions and More... | A Counsellor and Therapy Notebook, Log book and Planner.",Therapy Press,Paperback,"Feb 9, 2021",Independently published
0,https://www.amazon.com/dp/B08W3RNXVH,B08W3RNXVH,"Notes: Lined Paper with page number, 100 pages, Compact size 6x9 inches (leaf line vintage cover) : for writing, notebook, journal, diary",shuttercat studio,Paperback,"Feb 4, 2021",
0,https://www.amazon.com/dp/B08W3H4LQW,B08W3H4LQW,"The Yoga Journal Namaste: Guided Personal Yoga Practice log book with motivational quotes & poses | Tracker for lessons, asana, postures & routine | ... | For all Yoga practices: Hatha, Vinyasa...",Bemon Editions,Paperback,"Feb 3, 2021",Independently published
0,https://www.amazon.com/dp/B0CVGWRCTL,B0CVGWRCTL,Massage Therapist because Badass Miracle Worker is Not an Official Job Title (6 x 9 Inches): Blank Lined Paper Funny Notebook With Pink & Blue Floral Watercolor Cover Design,Parvasha S. Brown,Paperback,"Feb 7, 2024",Independently published
0,https://www.amazon.com/dp/B08XXC4CNC,B08XXC4CNC,"Dear Traitor, Good Luck Finding Better Coworkers Than Us: blank lined coworker gag gift funny office journal, funny coworker leaving gifts, funny ... coworkers funny, coworker leaving decorations",Marotrips Publishing,Paperback,"Feb 28, 2021",
0,https://www.amazon.com/dp/B08XS7T3YJ,B08XS7T3YJ,"I Have To Be Successful Because I Like Expensive Things: Great Gag Gift Notebook For Family, Friends And Coworkers - 6 x 9 Blank Lined Journal With Funny Sarcastic Saying On The Cover",FunnyAndCool Publishing,Paperback,"Feb 28, 2021",
0,https://www.amazon.com/dp/B08ZJK67V8,B08ZJK67V8,"Grocery lists and plans for world domination: Blank Lined Notebook For The Office , funny Snarky Sarcastic Gag Farewell Gift For family and Coworker, friends 110 pages",Funny Snarky,Paperback,"Feb 28, 2021",
0,https://www.amazon.com/dp/B08YDT8928,B08YDT8928,"Password Keeper / Logbook (8 1/2"" x 11"" )with Alphabetized Tabbed Pages Journal/Password Organizer/Password Book/Logbook/Password Keeper",marcco design,Paperback,"Feb 28, 2021",
0,https://www.amazon.com/dp/B08Y5KRQJH,B08Y5KRQJH,"""Lucky To Be Here"" Periodic Table Diary Notebook: Funny Chemistry Gift Journal",Sara Salson,Paperback,"Feb 28, 2021",Independently published
0,https://www.amazon.com/dp/B08Y5924G7,B08Y5924G7,Business Ethics: A Step-By-Step Guide to Ethical Behavior in Business for Beginners,WILLIAM J.NOAH,Paperback,"Feb 28, 2021",
0,https://www.amazon.com/dp/B08Y4RQG6X,B08Y4RQG6X,Lets Get Organized: Note Book : to Do List,sam black,Paperback,"Feb 28, 2021",Independently published
0,https://www.amazon.com/dp/B0GPN6M5RY,B0GPN6M5RY,STOP TELLING YOURSELF STORIES: Surviving Incompetence in Life and Business,M R,Paperback,"Feb 21, 2026",Independently published
0,https://www.amazon.com/dp/B08XT1LBQM,B08XT1LBQM,15 Minute Candle Power Trading : Best Day Trade for Futures,Brian Schindler,Kindle,"Feb 28, 2021",
0,https://www.amazon.com/dp/B08X3WCYLF,B08X3WCYLF,Unlock Your True Authentic Self: Overcome the Inner Force that Keeps us From Our True Potential. (Grow your business Book 8),Edward Jones,Kindle,"Feb 28, 2021",
0,https://www.amazon.com/dp/B0D1GP3P8L,B0D1GP3P8L,Sustainable Energy in Central Asia: Transition Towards Renewable Energy Sources in Uzbekistan (Central Asia Research Forum),Nigora Djalilova,Paperback,"Feb 28, 2021",
0,https://www.amazon.com/dp/B08WKGJP7Y,B08WKGJP7Y,"Shepherds of the Cash Cow, Guards of the Money tree.",Kagiso Emmanuel Moletsane,Paperback,"Feb 28, 2021",
0,https://www.amazon.com/dp/B08XTCYJJ9,B08XTCYJJ9,Women Who Empower- Phellicia S. Sorsby,Phellicia S. Sorsby,Kindle,"Feb 28, 2021",Kate Butler Books
0,https://www.amazon.com/dp/B08XT1QQQY,B08XT1QQQY,Women Who Empower- Dr. Donna Marie Hunter,Dr. Donna Marie Hunter,Paperback,"Feb 28, 2021",Kate Butler Books
0,https://www.amazon.com/dp/B08XP7N1WW,B08XP7N1WW,A-Z Mind Shift Affirmations,Songo Wokoma,Kindle,"Feb 27, 2021",
0,https://www.amazon.com/dp/B08XNZFSV8,B08XNZFSV8,The Spark Plug Motivational : Daily Revelations,Tiffany  Ealy,Kindle,"Feb 26, 2021",
0,https://www.amazon.com/dp/B08XNVLFNG,B08XNVLFNG,Picture book of Psalm 62: An Easy Nature Christian Bible Scripture Religious Activity Prayer Photo Collection for Adult Seniors (Praying with Psalms),Gedaliah Shay,Kindle,"Feb 26, 2021",
0,https://www.amazon.com/dp/B08XNSZVSX,B08XNSZVSX,Obverse: Abstract Fast,Jess Cummins,Kindle,"Feb 26, 2021",
0,https://www.amazon.com/dp/B08XJTPCTK,B08XJTPCTK,ZEN & THE ART OF RESISTANCE TRAINING:: VOLUME IV: Nutritional; Fasting; Supplements; PED's; Restoration & Rehabilitation,Vincent Faini,Kindle,"Feb 24, 2021",
0,https://www.amazon.com/dp/B08X2G1WLC,B08X2G1WLC,Prokriti O Shusthota: প্রকৃতি ও সুস্থতা,Alamgir  Alam,Kindle,"Feb 19, 2021",
0,https://www.amazon.com/dp/B08WQ15XCP,B08WQ15XCP,How to treating individual's root causes of desease,DAVID  KINDMAN,Kindle,"Feb 15, 2021",
0,https://www.amazon.com/dp/B08Y366V36,B08Y366V36,Viking: notebook for Vikings lover,aty art,Paperback,"Feb 28, 2021",
0,https://www.amazon.com/dp/B08XL9QHWC,B08XL9QHWC,"How to Quit Smoking Like a Coward: End the habit in a way that’s painless, enjoyable and for good.",Andrew Avvakoumides,Paperback,"Feb 27, 2021",Independently published
0,https://www.amazon.com/dp/0998448052,0998448052,Charlie the Therapy Dog,Sandy Clark,Paperback,"Feb 26, 2021",Rodney K Press
0,https://www.amazon.com/dp/B092M36DKR,B092M36DKR,Anti-Compulsion: Quick Methods to Cope with Obsessive-Compulsive Disorder (Bulletproof Mentality),Instafo,Paperback,"Feb 26, 2021",Independently published
0,https://www.amazon.com/dp/B08XNVDDJR,B08XNVDDJR,"Brain Dump Journal: time management notebook & diary to set appointment , priorities , to to do list , take notes and more .organize your life and Get Things Done .",Max Green,Paperback,"Feb 26, 2021",
0,https://www.amazon.com/dp/B08XLLF1M9,B08XLLF1M9,The Devil Made Me Do It: A Journal of Sins & Confessions,Masked Designer,Paperback,"Feb 26, 2021",Independently published
0,https://www.amazon.com/dp/B08XL9QJGY,B08XL9QJGY,"Brain dump journal: time management notebook & diary to ,set appointment , priorities , to to do list , take notes and more .organize your life and Get Things Done .",Max Green,Paperback,"Feb 26, 2021",Independently published
0,https://www.amazon.com/dp/1776290593,1776290593,Uprooting Drug Abuse: The Absolution,Craig Petersen,Paperback,"Feb 19, 2021",Craig Petersen
0,https://www.amazon.com/dp/B094CXWQLS,B094CXWQLS,Live Laugh Love: Mother and Daughter Journal,Mary Otheia Moore,Paperback,"Feb 17, 2021",
0,https://www.amazon.com/dp/B08WTHKS7J,B08WTHKS7J,Angry mode on. cute angry Cat Journal. notebook.: funny cat cover. Perfect gift. 100 pages (Cat Journals),Kitty Lover,Paperback,"Feb 15, 2021",
0,https://www.amazon.com/dp/B08WV27PQ7,B08WV27PQ7,"Cannabis Review Logbook: Marijuana Review Log Book & Weed Notebook, Cannabis Journal | Great Gift Idea For Cannabis Lover",Delicious Weed Publish,Paperback,"Feb 14, 2021",Independently published
0,https://www.amazon.com/dp/B08WS9DVNB,B08WS9DVNB,Notebook: Size (8.5 x 11 inches) 120 - Beautiful Cover / Simple.,Ali Oussaada Beautiful Cover,Paperback,"Feb 14, 2021",
0,https://www.amazon.com/dp/B08WK6K436,B08WK6K436,Gratitude journal for kids: Fun and easy Ways for Kids to Give Daily Grateful,Cherie Pines,Paperback,"Feb 12, 2021",Independently published
0,https://www.amazon.com/dp/1638069441,1638069441,Pocket Stories,Twisha Ray,Paperback,"Feb 10, 2021",Notion Press
0,https://www.amazon.com/dp/B08WJZCP73,B08WJZCP73,Welcome Home: 6X9 Notebook for the Traveler in your Life Perfect Gift from Mom and Dad,Melanie Designs,Paperback,"Feb 9, 2021",
0,https://www.amazon.com/dp/B08XS7H44P,B08XS7H44P,Breaking Bad Habits: Proven Ways to Build Good Habits and Break Bad Ones,Isabella Hart,Paperback,"Feb 22, 2021",Isabella Hart
0,https://www.amazon.com/dp/B08WKS9F2G,B08WKS9F2G,Living Mentally ill: Determined being Forgiving (Reformed Addict Book 5),Christopher Richards,Kindle,"Feb 12, 2021",Amazon.com
0,https://www.amazon.com/dp/B08VP1Z6R3,B08VP1Z6R3,"Why We Drink, How We Quit: Pathways To Sobriety That Work",G.K. Durant,Kindle,"Feb 1, 2021",
0,https://www.amazon.com/dp/3346265404,3346265404,Mental Stress and Alcohol Consumption. Resources that may prevent alcohol consumption,Isabella Lenz,Paperback,"Feb 18, 2021",Grin Verlag
0,https://www.amazon.com/dp/B08WZLYXK3,B08WZLYXK3,"Cannabis Day 420 20 April Notebook: Blank Lined Journal for Writing Notes, Marijuana Note Book (6 x 9 in) 100p",Bud Chase Edition,Paperback,"Feb 17, 2021",Independently published
0,https://www.amazon.com/dp/B08WZL23YS,B08WZL23YS,"Cannabis Day 420 20 April Notebook: Blank Lined Journal for Writing Notes, Marijuana Note Book (6 x 9 in) 100p",Bud Chase Edition,Paperback,"Feb 17, 2021",Independently published
0,https://www.amazon.com/dp/B08W7R1J2Q,B08W7R1J2Q,"The pleasure shape: Techniques, Tips, Spells and Analysis of human seductive behavior and sexual health.",Christian  A. López Guadalajara,Paperback,"Feb 10, 2021",Independently published
0,https://www.amazon.com/dp/B0FD3RV2B1,B0FD3RV2B1,Overcoming OnlyFans Obsession: Healing the Mind from Sexualized Digital Addiction (Addiction Denial: How to Overcome It and Reclaim Your Life),Noah Felix Bennett,Paperback,"Jun 12, 2025",Independently published
0,https://www.amazon.com/dp/B0C9S5HFRH,B0C9S5HFRH,Transcending the hidden realm: Getting a clearer picture of the psychological and emotional effects of sexual addiction. - Understanding sexual addiction - removing character defect,Michael Eklund,Paperback,"Jul 2, 2023",Independently published
0,https://www.amazon.com/dp/B08XFQXN2M,B08XFQXN2M,"Quit smoking tracker journal: Quit Smoking Journal Planner Tracker and Notebook, Habit Tracker an Inspirational Journal to Help you Quit Smoking - ... Way to Stop Smoking - Makes a Great Gift Idea",Libro cómico,Paperback,"Feb 22, 2021",Independently published
0,https://www.amazon.com/dp/B08XFQXN2B,B08XFQXN2B,"Quit smoking tracker journal for women: Keep daily logs for smoking elimination, quit smoking journal planner tracking software and diary, free smoke log notebook with daily planner",Libro cómico,Paperback,"Feb 22, 2021",Independently published
0,https://www.amazon.com/dp/B08XFP2RPL,B08XFP2RPL,"stop smoking tracker journal: Keep daily logs for smoking elimination, quit smoking journal planner tracking software and diary, free smoke log notebook with daily planner",Libro cómico,Paperback,"Feb 22, 2021",Independently published
0,https://www.amazon.com/dp/B08WYDVQGJ,B08WYDVQGJ,"CIGAR TASTING LOGBOOK: Keep Track of Every Detail: Brand, Origin, Price, Length, Ring Size, Flavour... | Tracking Notebook & Journal | Gifts for real Cigar Lovers.",C&R Editions,Paperback,"Feb 18, 2021",Independently published
0,https://www.amazon.com/dp/B08VRKK3TL,B08VRKK3TL,Smoker's sanctuary,c cheever,Paperback,"Feb 2, 2021",Independently published
0,https://www.amazon.com/dp/B08VZ174RJ,B08VZ174RJ,"Smoker Log book, Yearly Challenge: Some Tips to Quit Smoking and Find Happiness (New Gratitude Journals)",Nadine Royer,Paperback,"Feb 1, 2021",Independently published
0,https://www.amazon.com/dp/B08VY76S4J,B08VY76S4J,"Smoker Log book, Stop Smoking Now !: Weekly Challenge. Some Tips to Quit Smoking and Find Happiness (New Gratitude Journals)",Nadine Royer,Paperback,"Feb 1, 2021",Independently published
0,https://www.amazon.com/dp/B0F3PC3LY6,B0F3PC3LY6,La Dernière Cigarette (French Edition),Paul Brémond,Paperback,"Apr 3, 2025",Independently published
0,https://www.amazon.com/dp/B08XNVG1Q1,B08XNVG1Q1,"How to Quit Smoking Like a Coward: End the habit in a way that’s painless, enjoyable and for good.",Andrew Avvakoumides,Paperback,"Feb 26, 2021",
0,https://www.amazon.com/dp/B08WTPDRZ1,B08WTPDRZ1,Mindful Smoking: Another way to relate to your smoking behaviour,Oliver Bo Schmidt,Kindle,"Feb 16, 2021",
0,https://www.amazon.com/dp/B08VS443PD,B08VS443PD,5-HT Interaction with Other Neurotransmitters: Experimental Evidence and Therapeutic Relevance Part A (Progress in Brain Research Book 259) (Volume 259),Giuseppe Di Giovanni,Hardcover,"Feb 2, 2021",Elsevier
0,https://www.amazon.com/dp/B08XLJ91MM,B08XLJ91MM,Ephemeral,Robert J. Zimmer,Paperback,"Feb 28, 2021",Independently published
0,https://www.amazon.com/dp/B08XRV333Q,B08XRV333Q,Some Bunny Loves You: A Cute Lined Journal. Blank Novelty Notebook with an Adorable Bunny Hugging an Easter Egg on the Cover. Perfect as an Easter Basket Stuffer or Easter Gift.,Jammy's Print House,Paperback,"Feb 28, 2021",Independently published
0,https://www.amazon.com/dp/B08XRXQ2K7,B08XRXQ2K7,North Myrtle Beach south carolina: beach journal for writing down thoughts for anyone that loves beach vacations and surfing,positive publishing,Paperback,"Feb 28, 2021",Independently published
0,https://www.amazon.com/dp/B08XYZRP5T,B08XYZRP5T,The Cost of Electricity,Paul Breeze,Paperback,"Feb 28, 2021",Elsevier
0,https://www.amazon.com/dp/B0GSGVDXMZ,B0GSGVDXMZ,TEXTBOOK OF DIFFERENTIAL CALCULUS,AHSAN AKHTAR,Kindle,"Feb 28, 2021",PHI Learning Pvt. Ltd.
0,https://www.amazon.com/dp/B0CY5PNST1,B0CY5PNST1,Multi-Component Force Sensing Systems (Series in Sensors),Qiaokang Liang,Paperback,"Feb 28, 2021",CRC Press
0,https://www.amazon.com/dp/B08Y6GBF33,B08Y6GBF33,Application of Multi-Criteria Decision Analysis in Environmental and Civil Engineering (Professional Practice in Earth Sciences),Dilber Uzun Ozsahin,Paperback,"Feb 28, 2021",Springer
0,https://www.amazon.com/dp/B08XQW5FNJ,B08XQW5FNJ,Our Rotating Universe,Ninh Vinh  Loi,Kindle,"Feb 28, 2021",RoseDog Books
0,https://www.amazon.com/dp/B08XQDLJH7,B08XQDLJH7,Principles of Dielectric Logging Theory,Alex Kaufman,Paperback,"Feb 28, 2021",
0,https://www.amazon.com/dp/B08X51TB5H,B08X51TB5H,Who Is the Earth?,Neil Dale,Paperback,"Feb 28, 2021",
0,https://www.amazon.com/dp/B0FT1PVG8L,B0FT1PVG8L,The Balance of Reality: The Emir Theorem and a New Paradigm: Bridging Quantum Mechanics and General Relativity with a New Theoretical Framework,Ergin Ustaoğlu,Kindle,"Sep 27, 2025",
0,https://www.amazon.com/dp/B0FGKF64WD,B0FGKF64WD,La conexión inesperada: Cómo Fabian Morales y Gemini de Google resolvieron la Teoría del Todo (Spanish Edition),Fabian Morales,Kindle,"Jul 2, 2025",
0,https://www.amazon.com/dp/B0FGVRQ856,B0FGVRQ856,North Topsail Beach north carolina: beach journal for writing down thoughts for anyone that loves beach vacations and surfing,positive publishing,Paperback,"Feb 28, 2021",Independently published
0,https://www.amazon.com/dp/B08YHYPJLW,B08YHYPJLW,"Shit I Can't Remember Password Log Book with Alphabetical Tabs: Notebook for Internet Address,Username,Password Book, Blank Notebook Journal to Write In, Lined, 6 x 9, 128 pages",brahim zaaraoui,Paperback,"Feb 28, 2021",Independently published
0,https://www.amazon.com/dp/B08XZ8J8LF,B08XZ8J8LF,Meditation Journal,Mutharoot Manifesting,Paperback,"Feb 28, 2021",Independently published
0,https://www.amazon.com/dp/B08XYR2JXH,B08XYR2JXH,Notebook: CAT,malk toto,Paperback,"Feb 28, 2021",Independently published
0,https://www.amazon.com/dp/B08XY8VS7M,B08XY8VS7M,NOTEBOOK: elephant,toto bigg,Paperback,"Feb 28, 2021",Independently published
0,https://www.amazon.com/dp/B08XXYZQ22,B08XXYZQ22,"Notebook for Boys: 120 Page Lined Notebook. Cool Dinosaur Composition Notebook for Journaling, Writing Ideas, Jotting Thoughts and Doodling. Great for school.",Miss Lori Elena Harimann,Paperback,"Feb 28, 2021",Independently published
0,https://www.amazon.com/dp/B08XXY3W76,B08XXY3W76,Sudoku Large Print Puzzle Book for Adults Hard Over 500 Challenging Games from Publish Ink: Weekly Activity Logic & Brain Health Teasers Challenge Issue Number H 2021 week 1,Publish Ink,Paperback,"Feb 28, 2021",Independently published
0,https://www.amazon.com/dp/B08XXVJTJX,B08XXVJTJX,Sudoku Large Print Puzzle Book for Adults Hard Over 500 Challenging Games from Publish Ink: Weekly Activity Logic & Brain Health Teasers Challenge Issue Number H 2021 week 2,Publish Ink,Paperback,"Feb 28, 2021",Independently published
0,https://www.amazon.com/dp/B08XXTV72H,B08XXTV72H,"Sun and Moon: Celestial Journal | Dot Grid Journal Diary Notebook, 8"" x 10"" | Sun and Moon Journal, Celestial Notebook, Capricorn Journal, Boho Diary ... for Sun and Moon lovers | black gold cover",Celestial Horizon,Paperback,"Feb 28, 2021",Independently published
0,https://www.amazon.com/dp/B08XXQL1NR,B08XXQL1NR,Hunting journal: Hunting season journal for hunting lovers,Fans Of Season Hunting,Paperback,"Feb 28, 2021",Independently published
0,https://www.amazon.com/dp/B08XXL9XPQ,B08XXL9XPQ,"Oh Hey, It's Just Me Trying to Give a Fucculent: Notebook Journal for Plant Lovers Who Like to Cuss",E Studio Designs,Paperback,"Feb 28, 2021",Independently published
0,https://www.amazon.com/dp/B08XXL9XN4,B08XXL9XN4,"Puma Notebook: Animal Notebook, Journal, Planner, Diary, for children and not only (Animals Notebooks)",Oliada Publishing,Paperback,"Feb 28, 2021",Independently published
0,https://www.amazon.com/dp/B08XXL9XHG,B08XXL9XHG,Graph Paper Notebook: Large Simple Graph Paper Journal - 120 Quad Ruled 1CM Pages 8.5 x 11 inches - Grid Paper & Composition Notebook for Math and ... Cover (Notebook | Turing Patterns Series),Zakaria Elaloui,Paperback,"Feb 28, 2021",Independently published
0,https://www.amazon.com/dp/B08XXFVK5D,B08XXFVK5D,Astronomers Stargazing Log Book: Astronomy Journal For Sky Observers And Astrology Geeks Notebook And Nerds Of Constellations And Outer Cosmic Stars Logbook,Zeilly Publishing,Paperback,"Feb 28, 2021",Independently published
0,https://www.amazon.com/dp/B08SP3K633,B08SP3K633,Traditional Ecological Knowledge and Global Pandemics: Biodiversity and Planetary Health Beyond Covid-19 (Routledge Focus on Environment and Sustainability),Ngozi Finette Unuigbe,Paperback,"Feb 28, 2021",
0,https://www.amazon.com/dp/B08YJYRRKF,B08YJYRRKF,"Mathematical Modeling, Computational Intelligence Techniques and Renewable Energy: Proceedings of the First International Conference, MMCITRE 2020 (Advances ... Systems and Computing Book 1287)",Manoj Sahni,Paperback,"Feb 28, 2021",Springer
0,https://www.amazon.com/dp/B08XS7GQZD,B08XS7GQZD,Scientific Research Methods,Robert Karamagi,Paperback,"Feb 28, 2021",
0,https://www.amazon.com/dp/B08XS6R14B,B08XS6R14B,A Key to the Secret Vault: A Solution of Man's Origin,Robert Wilson Murphy,Paperback,"Feb 28, 2021",
0,https://www.amazon.com/dp/B08XQZL7FP,B08XQZL7FP,Interstellar Law: Space Transport,Brian Risman,Paperback,"Feb 28, 2021",
0,https://www.amazon.com/dp/B08XQZ6XX7,B08XQZ6XX7,I Worship His Divine Shadow: Kraken and Leviathan en Myriad (Quadrillions! Years the Universe Book 1),Nathaniel Fox,Paperback,"Feb 28, 2021",
0,https://www.amazon.com/dp/B08XQVLHPM,B08XQVLHPM,PRACTICAL MOONSIGHTING,ABDU AL AZIZU ABNA SALIHU,Paperback,"Feb 28, 2021",
0,https://www.amazon.com/dp/B08XQQ6L76,B08XQQ6L76,Nature as Impulses: Impulse Physics,Plamen Botev,Kindle,"Feb 28, 2021",
0,https://www.amazon.com/dp/B08XQNW3KM,B08XQNW3KM,Lost and Found Creeks Of Delaware County,joseph demayo,Kindle,"Feb 28, 2021",
0,https://www.amazon.com/dp/B08XQB115K,B08XQB115K,Student's Guide to Series : Learn Very Gradually How to Develop the Series Representation of the Cosine Function (Understanding Calculus Series),T O,Kindle,"Feb 28, 2021",
0,https://www.amazon.com/dp/B08XQ5THP8,B08XQ5THP8,Examples of Polar Integrals,T O,Kindle,"Feb 28, 2021",
0,https://www.amazon.com/dp/B0FWD656XX,B0FWD656XX,元認知：你從未被教過的最重要能力 (Traditional Chinese Edition),Wei Wan,Kindle,"Apr 9, 2026",
0,https://www.amazon.com/dp/B0824CMTGC,B0824CMTGC,Interstellar Jurisdiction,Brian A. Risman,Kindle,"Nov 28, 2019",
0,https://www.amazon.com/dp/B08VF89RXS,B08VF89RXS,"Accountability, Philosophy and the Natural Environment (Routledge Research in Sustainability and Business)",Glen Lehman,Paperback,"Feb 28, 2021",Routledge
0,https://www.amazon.com/dp/B08TWKQNQW,B08TWKQNQW,"I want to save my bees by myself: How to care bees with warm, the treatment of varroa with hypertermia (Beekeeping Notes Book 1)",Alessandra Arrigoni,Kindle,"Feb 28, 2021",
0,https://www.amazon.com/dp/B08SY8KFVW,B08SY8KFVW,Mennonites and Post-Colonial African Studies (Routledge African Studies),John M. Janzen,Paperback,"Feb 28, 2021",Routledge
0,https://www.amazon.com/dp/B08S9746YB,B08S9746YB,Multi-scale Spectral Analysis in Hydrology: From Theory to Practice,Adarsh S,Paperback,"Feb 28, 2021",CRC Press
0,https://www.amazon.com/dp/B08QV7H4CB,B08QV7H4CB,"Biotechnical Processing in the Food Industry: New Methods, Techniques, and Applications",Deepak Kumar Verma,Hardcover,"Feb 28, 2021",Apple Academic Press
0,https://www.amazon.com/dp/B08Y6FWK7W,B08Y6FWK7W,Nonlocal Euler–Bernoulli Beam Theories: A Comparative Study (SpringerBriefs in Applied Sciences and Technology),Jingkai Chen,Paperback,"Feb 27, 2021",Springer
0,https://www.amazon.com/dp/B08Y1G44VZ,B08Y1G44VZ,"Spatial Data and Intelligence: First International Conference, SpatialDI 2020, Virtual Event, May 8–9, 2020, Proceedings (Lecture Notes in Computer Science Book 12567)",Xiaofeng Meng,Paperback,"Feb 27, 2021",
0,https://www.amazon.com/dp/B08XXFVK53,B08XXFVK53,Astronomers Stargazing Log Book: Astronomy Journal For Sky Observers And Astrology Geeks Notebook And Nerds Of Constellations And Outer Cosmic Stars Logbook,Zeilly Publishing,Paperback,"Feb 28, 2021",Independently published
0,https://www.amazon.com/dp/B08XXC4CGV,B08XXC4CGV,"Lemur Notebook: Animal Notebook, Journal, Planner, Diary, for children and not only (Animals Notebooks)",Oliada Publishing,Paperback,"Feb 28, 2021",Independently published
0,https://www.amazon.com/dp/B08XXC4CF5,B08XXC4CF5,Hiking Logbook: Hiker's Journal for Taking Notes & Documenting Trails,Emily Reyes - Ellis,Paperback,"Feb 28, 2021",Independently published
0,https://www.amazon.com/dp/B08XXC4CDJ,B08XXC4CDJ,North Topsail Beach north carolina: beach journal for writing down thoughts for anyone that loves beach vacations and surfing,positive publishing,Paperback,"Feb 28, 2021",Independently published
0,https://www.amazon.com/dp/B08XX8FQ9N,B08XX8FQ9N,Funny Paper Airplane Airplanes Throwing Plane Gliders Aerogami Origami Notebook: 6x9 | 100 Pages | Lined Notebook |,Norugal Schreiner,Paperback,"Feb 28, 2021",Independently published
0,https://www.amazon.com/dp/B08XX7QFKG,B08XX7QFKG,"Team Tofu notebook: Team Tofu Notebook - Vegan Notebook - 120 lined pages to hold notes, ideas and thoughts |approx DINA5 |Gift for vegans and vegetarian",little thoughts,Paperback,"Feb 28, 2021",Independently published
0,https://www.amazon.com/dp/B08XX7QFJ9,B08XX7QFJ9,Do more things that make your forget to check your phone: Hiking Journal and Trail Logbook for Hikes Lovers: Trail Passport Notebook with Prompts | ... & Outdoor Sports Fans (Hiking Journals),Papermood .co,Paperback,"Feb 28, 2021",
0,https://www.amazon.com/dp/B08XX7QFG6,B08XX7QFG6,Astronomers Stargazing Log Book: Astronomy Journal For Sky Observers And Astrology Geeks Notebook And Nerds Of Constellations And Outer Cosmic Stars Logbook,Zeilly Publishing,Paperback,"Feb 28, 2021",
0,https://www.amazon.com/dp/B08XX7QFFV,B08XX7QFFV,"Sometimes I Wonder If My Cows Thinking About Me too: Cows Lovers Funny Notebook,Animals lovers funny quotes, blank lined journal",GIFTAB PUBLISHING,Paperback,"Feb 28, 2021",Independently published
0,https://www.amazon.com/dp/B08XX7QFFF,B08XX7QFFF,Thoughts: Aesthetic night sky blank lined notebook,Micro Motif,Paperback,"Feb 28, 2021",Independently published
0,https://www.amazon.com/dp/B08XX7QFBF,B08XX7QFBF,Hiker's Journal: Hiking and Trail Logbook with Prompts for easy Journey Documenting,Emily Reyes - Ellis,Paperback,"Feb 28, 2021",Independently published
0,https://www.amazon.com/dp/B08XX7QF85,B08XX7QF85,Graph Paper Notebook: Large Simple Graph Paper Journal - 120 Quad Ruled 1CM Pages 8.5 x 11 inches - Grid Paper & Composition Notebook for Math and ... Cover (Notebook | Turing Patterns Series),Zakaria Elaloui,Paperback,"Feb 28, 2021",Independently published
0,https://www.amazon.com/dp/B08XX7QF47,B08XX7QF47,"Flowers Notebook: Flowers Notebook: Beautiful Blue, Yellow and Pink Floral Notebook Blank Lined Journal Paperback: Flowers Notebook, 6"" x 9"" Size, 120 Pages.",Nice Blue Bright Star Galaxy Publishing Edit.,Paperback,"Feb 28, 2021",
0,https://www.amazon.com/dp/B08XX7Q9LC,B08XX7Q9LC,"Make It Happen: A 6”x9” pink personalized name journal notebook with inspirational and motivational quote for women, girls, and LGBTQ, with colourful ... a gift to use as a diary composition notepad.",Rainbow Press Notebooks,Paperback,"Feb 28, 2021",Independently published
0,https://www.amazon.com/dp/B08XX7Q9JX,B08XX7Q9JX,"Notebook: Sands Of Sahara Elegant Notebook, College Ruled, 120 Pages, 6x9 inches, Soft Cover",Amandas Papershop,Paperback,"Feb 28, 2021",Independently published
0,https://www.amazon.com/dp/B08XX7Q9CT,B08XX7Q9CT,Astronomers Stargazing Log Book: Astronomy Journal For Sky Observers And Astrology Geeks Notebook And Nerds Of Constellations And Outer Cosmic Stars Logbook,Zeilly Publishing,Paperback,"Feb 28, 2021",Independently published
0,https://www.amazon.com/dp/B08XX7Q9BL,B08XX7Q9BL,"Horse Notebook: Animal Notebook, Journal, Planner, Diary, for children and not only (Animals Notebooks)",Oliada Publishing,Paperback,"Feb 28, 2021",Independently published
0,https://www.amazon.com/dp/B08XX7Q99Y,B08XX7Q99Y,"Eagle: Animal Notebook, Journal, Planner, Diary, for children and not only (Animals Notebooks)",Oliada Publishing,Paperback,"Feb 28, 2021",Independently published
0,https://www.amazon.com/dp/B08XX7Q97X,B08XX7Q97X,"Hiking Logbook for Outdoor Activities: Hiker's Journal for Writing, Taking Notes and Documenting the Trail",Emily Reyes - Ellis,Paperback,"Feb 28, 2021",Independently published
0,https://www.amazon.com/dp/B08XX2V9JH,B08XX2V9JH,My Fishkeeper Journal - AQUARIUM LOG BOOK: Aquarium Care and Maintenance Records,JD Obrice,Paperback,"Feb 28, 2021",
0,https://www.amazon.com/dp/B08XX2V9FJ,B08XX2V9FJ,"Team Tofu notebook: Team Tofu Notebook - Vegan Notebook - 120 lined pages to hold notes, ideas and thoughts |approx DINA5 |Gift for vegans and vegetarian",little thoughts,Paperback,"Feb 28, 2021",
0,https://www.amazon.com/dp/B08XX2V9DD,B08XX2V9DD,Notes: Aesthetic rainbow blank lined notebook,Micro Motifs,Paperback,"Feb 28, 2021",Independently published
0,https://www.amazon.com/dp/B08XX2V9CH,B08XX2V9CH,"Space Notebook, Earth is a small town with many neighborhoods in a very big universe.– Ron Garan: Astronaut Nasa cover,120 graph paper pages",Creative Space Material,Paperback,"Feb 28, 2021",Independently published
0,https://www.amazon.com/dp/B08XX2V938,B08XX2V938,North Topsail Beach north carolina: beach journal for writing down thoughts for anyone that loves beach vacations and surfing,positive publishing,Paperback,"Feb 28, 2021",Independently published
0,https://www.amazon.com/dp/B08XX2V92S,B08XX2V92S,Funny Paper Airplane Airplanes Throwing Plane Gliders Aerogami Origami Notebook: 6x9 | 100 Pages | Lined Notebook |,Norugal Schreiner,Paperback,"Feb 28, 2021",
0,https://www.amazon.com/dp/B08XWYWXZ2,B08XWYWXZ2,"Horse writing Journal: 110 pages With 20 horse coloring pages . take notes and have fun coloring beautiful horse designs , all in one book .",Max Green,Paperback,"Feb 28, 2021",Independently published
0,https://www.amazon.com/dp/B08XWYWXLW,B08XWYWXLW,North Topsail Beach north carolina: beach journal for writing down thoughts for anyone that loves beach vacations and surfing,positive publishing,Paperback,"Feb 28, 2021",Independently published
0,https://www.amazon.com/dp/B08XWYWXLG,B08XWYWXLG,North Topsail Beach north carolina: beach journal for writing down thoughts for anyone that loves beach vacations and surfing,positive publishing,Paperback,"Feb 28, 2021",Independently published
0,https://www.amazon.com/dp/B08XWYWXLC,B08XWYWXLC,"2 in 1 -Half Graph 4x4 , 1/2 Wide Ruled Notebook- Great for collage students, adults and teens.: Black and White Cover with 100 pages 8.5''x 11'' Notebook",Beautiful Designs by Hamilton,Paperback,"Feb 28, 2021",Independently published
0,https://www.amazon.com/dp/B08XWYWX82,B08XWYWX82,"NOTEBOOK FOR GRAPH: Squares Lined Graph Paper Composition Notebook for Math and Science, Large Simple Graph Paper Journal - 120 Pages, 8.5 x 11 Grid Paper Notebook for Math and Science Students.",KOUCHIVIC MOHAMMED,Paperback,"Feb 28, 2021",Independently published
0,https://www.amazon.com/dp/B08XVL4WSM,B08XVL4WSM,Astronomy Log Book: Night Sky Observation Journal - Stargazing Notebook for Amateur Astronomy - 6x9 inch - pocket-size,SimplyTwo,Paperback,"Feb 28, 2021",Independently published
0,https://www.amazon.com/dp/B0GXW8XFWS,B0GXW8XFWS,"EXTRA LARGE PRINT SUDOKU High-Contrast Very Easy BOOK 1: Bold Grids, One Puzzle Per Page, Designed for Easy Reading",Rebecca Justice,Paperback,"Apr 17, 2026",Independently published
0,https://www.amazon.com/dp/1706456115,1706456115,Interstellar Jurisdiction,Brian A. Risman,Paperback,"Nov 28, 2019",Independently published
0,https://www.amazon.com/dp/B0D4FP42QB,B0D4FP42QB,Mars The Next Step,Smith A E,Paperback,"Feb 27, 2021",CRC Press
0,https://www.amazon.com/dp/B08Z3KL7MF,B08Z3KL7MF,Distributed Energy Resources in Local Integrated Energy Systems: Optimal Operation and Planning,Giorgio Graditi,Paperback,"Feb 27, 2021",Elsevier
0,https://www.amazon.com/dp/B08Z357PRF,B08Z357PRF,CRISPR and RNAi Systems: Nanobiotechnology Approaches to Plant Breeding and Protection (Nanobiotechnology for Plant Protection),Kamel A. Abd-Elsalam PhD,Paperback,"Feb 27, 2021",Elsevier
0,https://www.amazon.com/dp/B08YJ73DWM,B08YJ73DWM,Natural Selection: Revisiting its Explanatory Role in Evolutionary Biology (Evolutionary Biology – New Perspectives on Its Development Book 3),Richard G. Delisle,Paperback,"Feb 27, 2021",Springer
0,https://www.amazon.com/dp/B08Y7P1VMM,B08Y7P1VMM,"Learning Country in Landscape Architecture: Indigenous Knowledge Systems, Respect and Appreciation",David S. Jones,Paperback,"Feb 27, 2021",
0,https://www.amazon.com/dp/B08Y7LLHJX,B08Y7LLHJX,Non-equilibrium Evaporation and Condensation Processes: Analytical Solutions (Mathematical Engineering),Yuri B. Zudin,Paperback,"Feb 27, 2021",Springer
0,https://www.amazon.com/dp/B08Y7JVVY8,B08Y7JVVY8,"Nanomaterials and Nanotechnology: Biomedical, Environmental, and Industrial Applications (Materials Horizons: From Nature to Nanomaterials)",Ronaldo Ferreira do Nascimento,Paperback,"Feb 27, 2021",Springer
0,https://www.amazon.com/dp/B08Y5SYYNH,B08Y5SYYNH,Technical Advancements of Machine Learning in Healthcare (Studies in Computational Intelligence Book 936),Hrudaya Kumar Tripathy,Paperback,"Feb 27, 2021",Springer
0,https://www.amazon.com/dp/B08Y5NLPKG,B08Y5NLPKG,"Advances in Air Traffic Engineering: Selected Papers from 6th International Scientific Conference on Air Traffic Engineering, ATE 2020, October 2020,Warsaw, ... Transportation and Infrastructure)",Anna Kwasiborska,Hardcover,"Feb 27, 2021",Springer
0,https://www.amazon.com/dp/B08XPT2N9S,B08XPT2N9S,I love the earth big time!,Danielle Thoraldson,Kindle,"Feb 27, 2021",
0,https://www.amazon.com/dp/B08XPPB4G7,B08XPPB4G7,Closed Borders: 111 Location Independent Experiences,Vivienne Dahms,Paperback,"Feb 27, 2021",
0,https://www.amazon.com/dp/B08XPN2S82,B08XPN2S82,Top Three Pharma Company in Bangladesh,Al Saif Alshad,Paperback,"Feb 27, 2021",
0,https://www.amazon.com/dp/B0GX2ZRJNW,B0GX2ZRJNW,Quantum Computing Is Stalling : A Way Forward- The Hidden Physics Behind the Measurement Bottleneck,Larry Lim Kheng Cheong,Kindle,"Apr 17, 2026",Larry Lim Kheng Cheong
0,https://www.amazon.com/dp/B0FJ1NQMPN,B0FJ1NQMPN,"The Great Bamboozle: Featuring the Earth Gods (Egs), the One True God (OTG), and the Individual (IN)",Richard Cimbalo PhD,Kindle,"Jul 14, 2025",Archway Publishing
0,https://www.amazon.com/dp/B08XVJTSMK,B08XVJTSMK,"Nyctophile Journal: one who loves night, darkness: (diary, notebook)",Picadilly Poppycock Publishing,Paperback,"Feb 28, 2021",Independently published
0,https://www.amazon.com/dp/B08XVJTSJ1,B08XVJTSJ1,"organic chemistry notebook: Hexagonal Graph Paper Notebook, hexagon paper, notebook chem,bound graph notebook,hex grid paper-120 pages-8.5x11 in",marium print,Paperback,"Feb 28, 2021",Independently published
0,https://www.amazon.com/dp/B08XVJTS6F,B08XVJTS6F,North Topsail Beach north carolina: beach journal for writing down thoughts for anyone that loves beach vacations and surfing,positive publishing,Paperback,"Feb 28, 2021",Independently published
0,https://www.amazon.com/dp/B08XTS2HZQ,B08XTS2HZQ,"Limnophile Journal: one who loves lakes: (diary, notebook)",Picadilly Poppycock Publishing,Paperback,"Feb 28, 2021",Independently published
0,https://www.amazon.com/dp/B08XTS2HWL,B08XTS2HWL,"All You Need Is Love And Llamas: Best Lined Notebook. A perfect gift for adults, kids, artists, students, Journal, 6x9 Inches 120 Blank Pages",Independently published,Paperback,"Feb 28, 2021",Independently published
0,https://www.amazon.com/dp/B08XTS2HKZ,B08XTS2HKZ,"Nature Journal For Young Explorers: 140 Page Nature-Themed Notebook | Including: 120 College-Lined Pages , 11 Sketch Pages and 6 Word Search Puzzle Pages",Chris Harrison,Paperback,"Feb 28, 2021",Independently published
0,https://www.amazon.com/dp/B08XTS2HGK,B08XTS2HGK,Graph Paper Notebook: Large Simple Graph Paper Journal - 120 Quad Ruled 1CM Pages 8.5 x 11 inches - Grid Paper & Composition Notebook for Math and ... Cover (Notebook | Turing Patterns Series),Zakaria Elaloui,Paperback,"Feb 28, 2021",Independently published
0,https://www.amazon.com/dp/B08XTHYWHY,B08XTHYWHY,"The Anglers Fishing Log Book: Keep a Record of your Fishing Trips with this Fisherman's / Fisherwomen's Journal. Note down your Location, Equipment ... Fish List for the Species you have Caught!",Doodle BlahBlah,Paperback,"Feb 28, 2021",Independently published
0,https://www.amazon.com/dp/B08XTHYWHL,B08XTHYWHL,"Notebook Space picture cover This is one small step for a man, one giant leap for mankind.– Neil Armstrong: Astronaut Nasa cover,120 graph paper pages",Creative Space Material,Paperback,"Feb 28, 2021",Independently published
0,https://www.amazon.com/dp/B08XTHYWHK,B08XTHYWHK,Astronomers Stargazing Log Book: Astronomy Journal For Sky Observers And Astrology Geeks Notebook And Nerds Of Constellations And Outer Cosmic Stars Logbook,Zeilly Publishing,Paperback,"Feb 28, 2021",Independently published
0,https://www.amazon.com/dp/B08XTHYW7T,B08XTHYW7T,Graph Paper Notebook: Large Simple Graph Paper Journal - 120 Quad Ruled 1CM Pages 8.5 x 11 inches - Grid Paper & Composition Notebook for Math and ... Cover (Notebook | Turing Patterns Series),Zakaria Elaloui,Paperback,"Feb 28, 2021",Independently published
0,https://www.amazon.com/dp/B08XTHYW6Z,B08XTHYW6Z,Graph Paper Notebook: Large Simple Graph Paper Journal - 120 Quad Ruled 1CM Pages 8.5 x 11 inches - Grid Paper & Composition Notebook for Math and ... Cover (Notebook | Turing Patterns Series),Zakaria Elaloui,Paperback,"Feb 28, 2021",Independently published
0,https://www.amazon.com/dp/B08XTHYW5B,B08XTHYW5B,North Topsail Beach north carolina: beach journal for writing down thoughts for anyone that loves beach vacations and surfing,positive publishing,Paperback,"Feb 28, 2021",Independently published
0,https://www.amazon.com/dp/B08XTHYW1C,B08XTHYW1C,"Branches and Vines Quilted Blank Journal, 6 x 9, 150 Pages",Landon P. Proctor,Paperback,"Feb 28, 2021",Independently published
0,https://www.amazon.com/dp/B08XTHYVYD,B08XTHYVYD,North Topsail Beach north carolina: beach journal for writing down thoughts for anyone that loves beach vacations and surfing,positive publishing,Paperback,"Feb 28, 2021",Independently published
0,https://www.amazon.com/dp/B08XT9LX5K,B08XT9LX5K,Graph Paper Notebook: Large Simple Graph Paper Journal - 120 Quad Ruled 5x5 Pages 8.5 x 11 inches - Grid Paper & Composition Notebook for Math and ... Cover (Notebook | Turing Patterns Series),Zakaria Elaloui,Paperback,"Feb 28, 2021",Independently published
0,https://www.amazon.com/dp/B08XPFFXS3,B08XPFFXS3,AutistickerthanGreta (PaganMonotheism Book 4),Alexander Ohnemus,Kindle,"Feb 27, 2021",
0,https://www.amazon.com/dp/B08XPBPPNC,B08XPBPPNC,ABSTRACT BOOK ICCWTPS 2021,Dr. Sudhir Dorugade,Kindle,"Feb 27, 2021",SPD EBOOKS
0,https://www.amazon.com/dp/B08XNJ4M8K,B08XNJ4M8K,Neurobiology of Addiction and Co-Morbid Disorders (International Review of Neurobiology Book 157) (Volume 157),Erin S. Calipari,Hardcover,"Feb 27, 2021",Academic Press
0,https://www.amazon.com/dp/B08WRNHWN6,B08WRNHWN6,Ion Exchange Technology: Advances in Pollution Control,Arup K. SenGupta,Hardcover,"Feb 27, 2021",CRC Press
0,https://www.amazon.com/dp/B08WRHX8S3,B08WRHX8S3,Myanmar (Burma) since 1962: the Failure of Development,Peter John Perry,Hardcover,"Feb 27, 2021",Routledge
0,https://www.amazon.com/dp/B08WN2G2RK,B08WN2G2RK,The Patient Factor: Theories and Methods for Patient Ergonomics,Richard J. Holden,Paperback,"Feb 27, 2021",CRC Press
0,https://www.amazon.com/dp/B08W1RWGM8,B08W1RWGM8,The Patient Factor: Applications of Patient Ergonomics,Rupa S. Valdez,Paperback,"Feb 27, 2021",CRC Press
0,https://www.amazon.com/dp/B08TKP6N93,B08TKP6N93,The EU and Global Climate Justice: Normative Power Caught in Normative Battles (Routledge Studies on the European Union and Global Order),Franziskus von Lucke,Paperback,"Feb 27, 2021",Routledge
0,https://www.amazon.com/dp/B08T9J43TP,B08T9J43TP,An Introduction to Groups: A Computer Illustrated Text,D Asche,Paperback,"Feb 27, 2021",CRC Press
0,https://www.amazon.com/dp/B08S9TRMPZ,B08S9TRMPZ,Developing Strategies For Rangeland Management: A Report Prepared By The Committee On Developing Strategies For Rangeland Management,Mary Koppal,Paperback,"Feb 27, 2021",CRC Press
0,https://www.amazon.com/dp/B08S9MHTF2,B08S9MHTF2,"Models, Algebras, and Proofs (Lecture Notes in Pure and Applied Mathematics Book 203)",Xavier Caicedo,Paperback,"Feb 27, 2021",CRC Press
0,https://www.amazon.com/dp/B08S9FH77C,B08S9FH77C,"Functional Analysis with Current Applications in Science, Technology and Industry (Chapman & Hall/CRC Research Notes in Mathematics Series Book 377)",Martin Brokate,Paperback,"Feb 27, 2021",Chapman and Hall/CRC
0,https://www.amazon.com/dp/B08FG8LQZZ,B08FG8LQZZ,PDQ Statistics (PDQ Series),Geoffrey R. Norman,Kindle,"Aug 7, 2020","PMPH USA, Ltd."
0,https://www.amazon.com/dp/B08XT9L6QS,B08XT9L6QS,Graph Paper Notebook: Large Simple Graph Paper Journal - 120 Quad Ruled 5x5 Pages 8.5 x 11 inches - Grid Paper & Composition Notebook for Math and ... Cover (Notebook | Turing Patterns Series),Zakaria Elaloui,Paperback,"Feb 28, 2021",Independently published
0,https://www.amazon.com/dp/B08XSL5RD4,B08XSL5RD4,"Notebook: Wall Of Stones Elegant Notebook, College Ruled, 120 Pages, 6x9 inches, Soft Cover",Amandas Papershop,Paperback,"Feb 28, 2021",Independently published
0,https://www.amazon.com/dp/B08XSL5R6J,B08XSL5R6J,Astronomers Stargazing Log Book: Astronomy Journal For Sky Observers And Astrology Geeks Notebook And Nerds Of Constellations And Outer Cosmic Stars Logbook,Zeilly Publishing,Paperback,"Feb 28, 2021",Independently published
0,https://www.amazon.com/dp/B08XSL5R1B,B08XSL5R1B,Hexagon Graph Paper Notebook,Wendi M Davis,Paperback,"Feb 28, 2021",Independently published
0,https://www.amazon.com/dp/B08XSL5QVV,B08XSL5QVV,"MY BEST ALPHABET ANIMALS COLORING BOOK: My alphabet toddler coloring book , my first toddler coloring book , alphabet drawing a-z for kids",salah eddine coloring book,Paperback,"Feb 28, 2021",Independently published
0,https://www.amazon.com/dp/B08XSL5FPR,B08XSL5FPR,"Animals, Birds, and Flowers Textile Blank Journal, 6 x 9, 150 Pages",Landon P. Proctor,Paperback,"Feb 28, 2021",Independently published
0,https://www.amazon.com/dp/B08XSL5FKT,B08XSL5FKT,"Sun and Moon: Celestial Journal | Dot Grid Journal Diary Notebook, 8"" x 10"" | Sun and Moon Journal, Celestial Notebook, Aquarius Journal, Boho Diary | ... for Sun and Moon lovers | black gold cover",Celestial Horizon,Paperback,"Feb 28, 2021",Independently published
0,https://www.amazon.com/dp/B08XSL5FD3,B08XSL5FD3,"NOTEBOOK Mathématique for kids: Squares Lined Graph Paper Composition Notebook for Math and Science, Large Simple Graph Paper Journal - 120 Pages, 8.5 ... Paper Notebook for Math and Science Students.",kouchih med,Paperback,"Feb 28, 2021",Independently published
0,https://www.amazon.com/dp/B08XSCXB2N,B08XSCXB2N,Sometimes I Wonder If My Plants Thinking About Me too: Funny gift for plants lovers / Notebook for Plant Lovers and Gardeners /House plants lovers.,GIFTAB PUBLISHING,Paperback,"Feb 28, 2021",Independently published
0,https://www.amazon.com/dp/B08XSCX9ZQ,B08XSCX9ZQ,Astronomers Stargazing Log Book: Astronomy Journal For Sky Observers And Astrology Geeks Notebook And Nerds Of Constellations And Outer Cosmic Stars Logbook,Zeilly Publishing,Paperback,"Feb 28, 2021",Independently published
0,https://www.amazon.com/dp/B08XSCX9TB,B08XSCX9TB,North Topsail Beach north carolina: beach journal for writing down thoughts for anyone that loves beach vacations and surfing,positive publishing,Paperback,"Feb 28, 2021",Independently published
0,https://www.amazon.com/dp/B08XSCX9M7,B08XSCX9M7,"Bird watching logbook: birder's journal, great gift For birdwatchers and bird Watching lovers",Edition Sunny Coco,Paperback,"Feb 28, 2021",Independently published
0,https://www.amazon.com/dp/B08XSCX9FJ,B08XSCX9FJ,"Flamingo Address Book: Cute Address Book with Alphabetical Organizer, Names,Addresses, Mobile, Work & Home Phone Numbers, Birthdays and Social Media ... 6 x 9 inches)- Gift Ideas For Flamingo Lovers",Chor muang Design,Paperback,"Feb 28, 2021",Independently published
0,https://www.amazon.com/dp/B08XSCX9DH,B08XSCX9DH,"Sun and Moon: Celestial Journal | Dot Grid Journal Diary Notebook, 8"" x 10"" | Sun and Moon Journal, Celestial Notebook, Aquarius Journal, Boho Diary | ... for Sun and Moon lovers | black gold cover",Celestial Horizon,Paperback,"Feb 28, 2021",Independently published
0,https://www.amazon.com/dp/B08XSCRM8G,B08XSCRM8G,Astronomers Stargazing Log Book: Astronomy Journal For Sky Observers And Astrology Geeks Notebook And Nerds Of Constellations And Outer Cosmic Stars Logbook,Zeilly Publishing,Paperback,"Feb 28, 2021",Independently published
0,https://www.amazon.com/dp/B08XSCRM83,B08XSCRM83,"Journal: Fantasy beach at night under a full moon, 100 blank, lined pages",Taye Carrol Designs,Paperback,"Feb 28, 2021",Independently published
0,https://www.amazon.com/dp/B0FMPHG54T,B0FMPHG54T,Blue Belt Kakuro Puzzle Book,Adam Lawn,Paperback,"Aug 10, 2025",Independently published
0,https://www.amazon.com/dp/B08S9CN2ZN,B08S9CN2ZN,A Generalized Taylor's Formula for Functions of Several Variables and Certain of its Applications (Chapman & Hall/CRC Research Notes in Mathematics Series),J A Riestra,Paperback,"Feb 27, 2021",Chapman and Hall/CRC
0,https://www.amazon.com/dp/B08S956LPF,B08S956LPF,Spectral Theory & Computational Methods of Sturm-Liouville Problems (Lecture Notes in Pure and Applied Mathematics),Don Hinton,Paperback,"Feb 27, 2021",CRC Press
0,https://www.amazon.com/dp/B08S951Y9N,B08S951Y9N,Calculus of Variations and Optimal Control: Technion 1998 (Chapman & Hall/CRC Research Notes in Mathematics Series Book 411),Alexander Ioffe,Paperback,"Feb 27, 2021",Chapman and Hall/CRC
0,https://www.amazon.com/dp/B08S8Z3TXG,B08S8Z3TXG,Methods in Ring Theory (Lecture Notes in Pure and Applied Mathematics),Vesselin Drensky,Paperback,"Feb 27, 2021",CRC Press
0,https://www.amazon.com/dp/B08S8W11MC,B08S8W11MC,On the Application of Data Assimilation in Regional Coastal Models,Rafael Cañizares,Paperback,"Feb 27, 2021",CRC Press
0,https://www.amazon.com/dp/B08XSCRM5T,B08XSCRM5T,"Polar Bear Notebook: Animal Notebook, Journal, Planner, Diary, for children and not only (Animals Notebooks)",Oliada Publishing,Paperback,"Feb 28, 2021",Independently published
0,https://www.amazon.com/dp/B08XSCRM2X,B08XSCRM2X,Graph Paper Notebook: Large Simple Graph Paper Journal - 120 Quad Ruled 1CM Pages 8.5 x 11 inches - Grid Paper & Composition Notebook for Math and ... Cover (Notebook | Turing Patterns Series),Zakaria Elaloui,Paperback,"Feb 28, 2021",Independently published
0,https://www.amazon.com/dp/B08XS9ZLJF,B08XS9ZLJF,Astronomers Stargazing Log Book: Astronomy Journal For Sky Observers And Astrology Geeks Notebook And Nerds Of Constellations And Outer Cosmic Stars Logbook,Zeilly Publishing,Paperback,"Feb 28, 2021",Independently published
0,https://www.amazon.com/dp/B08XS8TGBJ,B08XS8TGBJ,Horse Riding Journal: an amazing horse notebook & diary for men and women to take notes . The perfect gift for horse lovers . 110 lined pages 6 by 9 .,Max Green,Paperback,"Feb 28, 2021",Independently published
0,https://www.amazon.com/dp/B08XS8TG9S,B08XS8TG9S,"Notebook: Sky and Cloud Journal, College Ruled, 120 Pages, 6x9 inches, Soft Cover",Amandas Papershop,Paperback,"Feb 28, 2021",Independently published
0,https://www.amazon.com/dp/B08XS8TFZ7,B08XS8TFZ7,Graph Paper Notebook: Large Simple Graph Paper Journal - 120 Quad Ruled 1CM Pages 8.5 x 11 inches - Grid Paper & Composition Notebook for Math and ... Cover (Notebook | Turing Patterns Series),Zakaria Elaloui,Paperback,"Feb 28, 2021",Independently published
0,https://www.amazon.com/dp/B08XS8TFJJ,B08XS8TFJJ,Make Each Day Your Best Day: Positive Quote Lined Journal. Perfect To Write In All Your Ideas,Asia Jo Publishing,Paperback,"Feb 28, 2021",Independently published
0,https://www.amazon.com/dp/B08XS7T4DP,B08XS7T4DP,"Selenophile Journal: one who loves the moon: (diary, notebook)",Picadilly Poppycock Publishing,Paperback,"Feb 28, 2021",Independently published
0,https://www.amazon.com/dp/B08XS7T3ZZ,B08XS7T3ZZ,"Always be a unicorn: Lined notebook and journals,composition notebook, college ruled for school,notebook journals girls for writing size 6 x 9 inch 120 pages",paperback,Paperback,"Feb 28, 2021",Independently published
0,https://www.amazon.com/dp/B08XS7T3KW,B08XS7T3KW,"Sun and Moon: Celestial Journal | Dot Grid Journal Diary Notebook, 8"" x 10"" | Sun and Moon Journal, Celestial Notebook, Gemini Journal, Boho Diary | ... for Sun and Moon lovers | black gold cover",Celestial Horizon,Paperback,"Feb 28, 2021",Independently published
0,https://www.amazon.com/dp/B08XS7KZ2G,B08XS7KZ2G,Graph Paper Notebook: Large Simple Graph Paper Journal - 120 Quad Ruled 1CM Pages 8.5 x 11 inches - Grid Paper & Composition Notebook for Math and ... Cover (Notebook | Turing Patterns Series),Zakaria Elaloui,Paperback,"Feb 28, 2021",Independently published
0,https://www.amazon.com/dp/B08XS7GPZ6,B08XS7GPZ6,North Myrtle Beach south carolina: beach journal for writing down thoughts for anyone that loves beach vacations and surfing,positive publishing,Paperback,"Feb 28, 2021",Independently published
0,https://www.amazon.com/dp/B08XS7GPSW,B08XS7GPSW,"FRAM RECORD: Thank you for visiting Kindle Direct Publishing. At this time, KDP is unavailable due to scheduled maintenance. We expect the site to be ... two hours. Thank you for your patience.",ZAZ bouss,Paperback,"Feb 28, 2021",Independently published
0,https://www.amazon.com/dp/B0B7QBJPBM,B0B7QBJPBM,"MATH SUBTRACTION 5TH GRADE: 5 & 6 DIGIT SUBTRACTION, 6000 PRACTICE PROBLEMS WITH SOLUTIONS # 1: MATH SUBTRACTION WORKBOOK, TIMED MATH TESTS 5TH GRADE, MATH DRILLS, 8.5 X 11 INCHES, MATH WORKSHEETS",Kumar,Paperback,"Jul 28, 2022",Independently published
0,https://www.amazon.com/dp/B0BSJFZCJN,B0BSJFZCJN,"COMMON CORE LONG DIVISION PRACTICE WORKBOOK:3-DIGITS BY 1-DIGIT PROBLEMS WITH SOLUTIONS FOR SUCCESS IN MATH: MATH DIVISION WORKBOOK, MATH WORKSHEETS, TIMED MATH TESTS GRADES: 3RD- 7TH, MATH DRILLS",Kumar,Paperback,"Jan 19, 2023",Independently published
0,https://www.amazon.com/dp/B08XS7CDLX,B08XS7CDLX,Graph Paper Notebook: Large Simple Graph Paper Journal - 120 Quad Ruled 5x5 Pages 8.5 x 11 inches - Grid Paper & Composition Notebook for Math and ... Cover (Notebook | Turing Patterns Series),Zakaria Elaloui,Paperback,"Feb 28, 2021",Independently published
0,https://www.amazon.com/dp/B08XS7CDLT,B08XS7CDLT,Graph Paper Notebook: Large Simple Graph Paper Journal - 120 Quad Ruled 5x5 Pages 8.5 x 11 inches - Grid Paper & Composition Notebook for Math and ... Cover (Notebook | Turing Patterns Series),Zakaria Elaloui,Paperback,"Feb 28, 2021",Independently published
0,https://www.amazon.com/dp/B08XS7CCZS,B08XS7CCZS,VIRGO Zodiac Star Journal and Notebook Horoscope: 6x9 inches 120 Pages Lined,Secret Star,Paperback,"Feb 28, 2021",Independently published
0,https://www.amazon.com/dp/B08XS6TV1N,B08XS6TV1N,"Notebook: Elegant Carpenters Notebook, College Ruled, 120 Pages, 6x9 inches, Soft Cover",Amandas Papershop,Paperback,"Feb 28, 2021",Independently published
0,https://www.amazon.com/dp/B08XS6TTW2,B08XS6TTW2,Astronomers Stargazing Log Book: Astronomy Journal For Sky Observers And Astrology Geeks Notebook And Nerds Of Constellations And Outer Cosmic Stars Logbook,Zeilly Publishing,Paperback,"Feb 28, 2021",Independently published
0,https://www.amazon.com/dp/B08XS6TTP9,B08XS6TTP9,Engineering Notebook: Grid Paper for Math & Science | Planner Project Design | Graph Paper Composition,Golden Patt,Paperback,"Feb 28, 2021",Independently published
0,https://www.amazon.com/dp/B08XS6TTL4,B08XS6TTL4,Funny Paper Airplane Airplanes Throwing Plane Gliders Aerogami Origami Notebook: 6x9 | 100 Pages | Lined Notebook |,Norugal Schreiner,Paperback,"Feb 28, 2021",Independently published
0,https://www.amazon.com/dp/B08XS6TTJX,B08XS6TTJX,North Myrtle Beach south carolina: beach journal for writing down thoughts for anyone that loves beach vacations and surfing,positive publishing,Paperback,"Feb 28, 2021",Independently published
0,https://www.amazon.com/dp/B08XS6Q5X6,B08XS6Q5X6,"NOTEBOOK GRAPH: Squares Lined Graph Paper Composition Notebook for Math and Science, Large Simple Graph Paper Journal - 120 Pages, 8.5 x 11 Grid Paper Notebook for Math and Science Students.",KOUCHIVIC Mohammed,Paperback,"Feb 28, 2021",Independently published
0,https://www.amazon.com/dp/B08XS5V9S8,B08XS5V9S8,Bird watching: Logbook to fill for record record bird sightings and list species,Edition Sunny Coco,Paperback,"Feb 28, 2021",Independently published
0,https://www.amazon.com/dp/B08XS5V9Q6,B08XS5V9Q6,North Myrtle Beach south carolina: beach journal for writing down thoughts for anyone that loves beach vacations and surfing,positive publishing,Paperback,"Feb 28, 2021",Independently published
0,https://www.amazon.com/dp/B08XS5V9GN,B08XS5V9GN,"NOTEBOOK GRAPHING: Squares Lined Graph Paper Composition Notebook for Math and Science, Large Simple Graph Paper Journal - 120 Pages, 8.5 x 11 Grid Paper Notebook for Math and Science Students",KOUCHIVIC MED,Paperback,"Feb 28, 2021",Independently published
0,https://www.amazon.com/dp/B08XS5S8ZY,B08XS5S8ZY,"Graph Paper Composition Notebook: Grid Paper Notebook, Quad Ruled With Cute Owls Cover Design | 100 Sheets, Size 8.5"" x 11""",Corina Busch,Paperback,"Feb 28, 2021",Independently published
0,https://www.amazon.com/dp/B08XS5L9YN,B08XS5L9YN,Astronomy Journal: Night Sky Observation Log Book - Stargazing Notebook for Amateur Astronomy - 6x9 inch - pocket-size,SimplyTwo,Paperback,"Feb 28, 2021",Independently published
0,https://www.amazon.com/dp/B08XS5L9N5,B08XS5L9N5,"Sudoku Off The Grid Puzzle Book for Adults Edition #3: LARGE PRINT 16x16 grid sized Sudoku Puzzles. 100 puzzles over 3 levels, Normal, Medium, HARD!",Captain Peter Books,Paperback,"Feb 28, 2021",Independently published
0,https://www.amazon.com/dp/B09ZCYX269,B09ZCYX269,"3RD GRADE MATH MULTIPLICATION AND DIVISION: MATH PROBLEMS WITH SOLUTIONS, 8.5 X 11 INCHES, MATH WORKSHEETS",Kumar,Paperback,"May 2, 2022",Independently published
0,https://www.amazon.com/dp/B09SL18Z5Y,B09SL18Z5Y,"BOTTOM LINE LARGE PRINT TWO-DIGIT BY TWO-DIGIT MULTIPLICATION FOR 4TH AND 5TH GRADE , MATH WORKBOOK, MATH DRILLS, PRACTICE PROBLEMS, PROBLEMS WITH SOLUTIONS, 8.5 X 11 INCHES, MATH WORKSHEETS",Kumar,Paperback,"Feb 15, 2022",Independently published
0,https://www.amazon.com/dp/B0DT4YWDQ3,B0DT4YWDQ3,More Than Machines?: The Attribution of (In)Animacy to Robot Technology (Science Studies),Laura Voss,Paperback,"Feb 26, 2021",transcript Verlag
0,https://www.amazon.com/dp/B08XNXR1HH,B08XNXR1HH,Basics of Structural Equation Modeling with Basic Steps in SPSS® Amos,Usman Zafar Paracha,Kindle,"Feb 26, 2021",
0,https://www.amazon.com/dp/B08XNZR3FF,B08XNZR3FF,"Why We are Free: Consciousness, Free Will and Creativity in A Unified Scientific Worldview",David  Layzer,Paperback,"Feb 26, 2021",I-Phi Press
0,https://www.amazon.com/dp/B0FMKKB84Z,B0FMKKB84Z,"Bushmen, Botany and Baking Bread: Mary Pocock's record of a journey with Dorothea Bleek across Angola in 1925",Dold Tony Dold Tony,Paperback,"Feb 26, 2021",NISC (Pty) Ltd
0,https://www.amazon.com/dp/B08XQ58F45,B08XQ58F45,Advances in Seed Production and Management,Ajay Kumar Tiwari,Paperback,"Feb 26, 2021",Springer
0,https://www.amazon.com/dp/B08ZKJMPKX,B08ZKJMPKX,Green Synthetic Approaches for Biologically Relevant Heterocycles: Volume 2: Green Catalytic Systems and Solvents (Advances in Green and Sustainable Chemistry),Goutam Brahmachari,Paperback,"Feb 26, 2021",Elsevier
0,https://www.amazon.com/dp/B08YNPZ4D1,B08YNPZ4D1,Microfluidics for Assisted Reproduction in Animals,Vinod Kumar Yata,Paperback,"Feb 26, 2021",Springer
0,https://www.amazon.com/dp/B08Y7NY6KC,B08Y7NY6KC,Geostatistics and Geospatial Technologies for Groundwater Resources in India (Springer Hydrogeology),Partha Pratim Adhikary,Paperback,"Feb 26, 2021",Springer
0,https://www.amazon.com/dp/B08Y7NNBT7,B08Y7NNBT7,Evo-SETI: Life Evolution Statistics on Earth and Exoplanets,Claudio Maccone,Paperback,"Feb 26, 2021",Springer
0,https://www.amazon.com/dp/B08Y7MY7RN,B08Y7MY7RN,"Smart Modelling For Engineering Systems: Proceedings of the International Conference on Computational Methods in Continuum Mechanics (CMCM 2021), Volume ... Systems and Technologies Book 214)",Margarita N. Favorskaya,Paperback,"Feb 26, 2021",Springer
0,https://www.amazon.com/dp/B08Y7L2K26,B08Y7L2K26,Orchid Species from Himalaya and Southeast Asia Vol. 1 (A - E),Eng Soon Teoh,Paperback,"Feb 26, 2021",Springer
0,https://www.amazon.com/dp/B08Y6L5CV7,B08Y6L5CV7,Computational Mechanics with Neural Networks (Lecture Notes on Numerical Methods in Engineering and Sciences),Genki Yagawa,Paperback,"Feb 26, 2021",Springer
0,https://www.amazon.com/dp/B08XXYCX47,B08XXYCX47,Climate Change: Observed Impacts on Planet Earth,Trevor Letcher,Paperback,"Feb 26, 2021",Elsevier
0,https://www.amazon.com/dp/B08XQ5MNT8,B08XQ5MNT8,Data and Decision Sciences in Action 2: Proceedings of the ASOR/DORS Conference 2018 (Lecture Notes in Management and Industrial Engineering),Andreas T. Ernst,Paperback,"Feb 26, 2021",Springer
0,https://www.amazon.com/dp/B08XP88GW7,B08XP88GW7,Computational Advances of Rh-Catalyzed C–H Functionalization: From Elementary Reaction to Mechanism (SpringerBriefs in Molecular Science),Yu Lan,Paperback,"Feb 26, 2021",Springer
0,https://www.amazon.com/dp/B08XP4NPZP,B08XP4NPZP,Food Formulation: Novel Ingredients and Processing Techniques (IFST Advances in Food Science),Shivani Pathania,Hardcover,"Feb 26, 2021",Wiley-Blackwell
0,https://www.amazon.com/dp/B08XP2LQRK,B08XP2LQRK,"F.A.A.N.G: February 26, 2021: Facebook, Apple, Amazon, Netflix & Google Weekly Price Pattern Coordinates Charts (F.A.A.N.G: Facebook, Apple, Amazon, Netflix ... Price Pattern Coordinates Charts Book 61)",Edward Weigel,Kindle,"February 26, 2021",
0,https://www.amazon.com/dp/B08XP19W4S,B08XP19W4S,"BEHAVIOLOGY REVOLUTION IN PSYCHOLOGY : Recent discoveries in psychology, Recent discoveries in human behavior, How to change people's attitude, Advanced psychology, Best psychology book",Eddie Rafii,Paperback,"Feb 26, 2021",
0,https://www.amazon.com/dp/B08XNWTR2M,B08XNWTR2M,"ESSENTIALS In ELASTOMER SCIENCE: Volume 3: Science in Mixing, Process Control and Filler Reinforcement",Sunil  Fernando,Kindle,"Feb 26, 2021",
0,https://www.amazon.com/dp/9811508003,9811508003,ISBI 2019 C-NMC Challenge: Classification in Cancer Cell Imaging: Select Proceedings (Lecture Notes in Bioengineering),Anubha Gupta,Paperback,"Feb 4, 2021",Springer
0,https://www.amazon.com/dp/3030649768,3030649768,"Nonlinear Blind Source Separation and Blind Mixture Identification: Methods for Bilinear, Linear-quadratic and Polynomial Mixtures (SpringerBriefs in Electrical and Computer Engineering)",Yannick Deville,Paperback,"Feb 3, 2021",Springer
0,https://www.amazon.com/dp/B08XNVKS5P,B08XNVKS5P,Random Thoughts and the Wisdom of Nature,Tilly Rodriguez-Reyes,Paperback,"Feb 26, 2021",
0,https://www.amazon.com/dp/B08XNL55XT,B08XNL55XT,Annual Reports on NMR Spectroscopy (Volume 102),Graham A. Webb,Hardcover,"Feb 26, 2021",Academic Press
0,https://www.amazon.com/dp/B08XNGY9PN,B08XNGY9PN,Nonlinear Analysis and Global Optimization (Springer Optimization and Its Applications Book 167),Themistocles M. Rassias,Paperback,"Feb 26, 2021",Springer
0,https://www.amazon.com/dp/B08XNFT7QV,B08XNFT7QV,Software Reliability Growth Models (Infosys Science Foundation Series),David D. Hanagal,Paperback,"Feb 26, 2021",Springer
0,https://www.amazon.com/dp/B08XN4F1BQ,B08XN4F1BQ,Plant Propagation: Practical Techniques for Multiplying Plants in the Tropics (CALYX VOCATIONAL AGRICULTURE SERIES: Practical Farming Skills for the Tropics),Thelma McCatty Cover,Kindle,"Feb 26, 2021",
0,https://www.amazon.com/dp/B08XN1PXB8,B08XN1PXB8,Crop Production and Harvesting: Sustainable Food Crop Production for Tropical Regions (CALYX VOCATIONAL AGRICULTURE SERIES: Practical Farming Skills for the Tropics),Thelma McCatty Cover,Kindle,"Feb 26, 2021",Calyx Consulting Company Ltd
0,https://www.amazon.com/dp/B08WHN48S7,B08WHN48S7,"Shadow Sophia: The Evolution of Wisdom, Volume II",Celia E. Deane-Drummond,Hardcover,"Feb 25, 2021",OUP Oxford
0,https://www.amazon.com/dp/B08R6HB9FB,B08R6HB9FB,"Midwives in Mexico: Situated Politics, Politically Situated (Social Science Perspectives on Childbirth and Reproduction)",Hanna Laako,Paperback,"Feb 25, 2021",Routledge
0,https://www.amazon.com/dp/B08XS5L9BT,B08XS5L9BT,"Check Register Book: Check Register Book Cute Owls Cover, A Book to Keep Track of the Checks in Your Accounts, Checkbook Register Books Large Print, ... Register Book, Check Register Book Journal",Corina Busch,Paperback,"Feb 28, 2021",Independently published
0,https://www.amazon.com/dp/B08XS5L98V,B08XS5L98V,GEMINI Zodiac Star Journal and Notebook Horoscope: 6x9 inches 120 Pages Lined,Secret Star,Paperback,"Feb 28, 2021",Independently published
0,https://www.amazon.com/dp/B08XS57VMB,B08XS57VMB,SAGITTARIUS Zodiac Star Journal and Notebook Horoscope: 6x9 inches 120 Pages Lined,Secret Star,Paperback,"Feb 28, 2021",Independently published
0,https://www.amazon.com/dp/B08XS3ZZNJ,B08XS3ZZNJ,Astronomy Log Book: Night Sky Observation Journal - Stargazing Notebook for Amateur Astronomy - 6x9 inch - pocket-size,SimplyTwo,Paperback,"Feb 28, 2021",Independently published
0,https://www.amazon.com/dp/B08XS3ZZFP,B08XS3ZZFP,"My Dinosaur Notebook: Dinosaur Notebook for kids 3-5 - Size 6 x 9 - 120 lined white pages (composition book, gratitude journal) - Funny dinosaur notebook college ruled.",BCN · SFO PUBLICATIONS,Paperback,"Feb 28, 2021",Independently published
0,https://www.amazon.com/dp/B08XS3YKS7,B08XS3YKS7,Graph Paper Notebook: Large Simple Graph Paper Journal - 120 Quad Ruled 5x5 Pages 8.5 x 11 inches - Grid Paper & Composition Notebook for Math and ... Cover (Notebook | Turing Patterns Series),Zakaria Elaloui,Paperback,"Feb 28, 2021",Independently published
0,https://www.amazon.com/dp/B08XS3YK7D,B08XS3YK7D,Newport Beach rhode island: beach journal for writing down thoughts for anyone that loves beach vacations and surfing,positive publishing,Paperback,"Feb 28, 2021",Independently published
0,https://www.amazon.com/dp/B08XS3YK79,B08XS3YK79,ARIES Zodiac Star Journal and Notebook Horoscope: 6x9 inches 120 Pages Lined,Secret Star,Paperback,"Feb 28, 2021",Independently published
0,https://www.amazon.com/dp/B08XS3YK3L,B08XS3YK3L,"Unicorn Mermaid Composition Notebook: Lined white paper Notebook For kids, teens, and adults - Cute Unicorn Mermaid with Rainbow and Stars",mermaid Unicorn Press,Paperback,"Feb 28, 2021",Independently published
0,https://www.amazon.com/dp/B08XS264QQ,B08XS264QQ,Graph Paper Notebook: Large Simple Graph Paper Journal - 120 Quad Ruled 5x5 Pages 8.5 x 11 inches - Grid Paper & Composition Notebook for Math and ... Cover (Notebook | Turing Patterns Series),Zakaria Elaloui,Paperback,"Feb 28, 2021",Independently published
0,https://www.amazon.com/dp/B08XS264QM,B08XS264QM,Graph Paper Notebook: Large Simple Graph Paper Journal - 120 Quad Ruled 5x5 Pages 8.5 x 11 inches - Grid Paper & Composition Notebook for Math and ... Cover (Notebook | Turing Patterns Series),Zakaria Elaloui,Paperback,"Feb 28, 2021",Independently published
0,https://www.amazon.com/dp/B08XS26449,B08XS26449,TAURUS Zodiac Star Journal and Notebook Horoscope: 6x9 inches 120 Pages Lined,Secret Star,Paperback,"Feb 28, 2021",Independently published
0,https://www.amazon.com/dp/B08XS26437,B08XS26437,AQUARIUS Zodiac Star Journal and Notebook Horoscope: 6x9 inches 120 Pages Lined,Secfret Star,Paperback,"Feb 28, 2021",Independently published
0,https://www.amazon.com/dp/B08XS26423,B08XS26423,"Beer Tasting Journal: Beer Tasting Journal Cute Owls Cover, Beer tasting journal makes a great beer lovers gift, 120 Pages, Size 8"" x 10""",Corina Busch,Paperback,"Feb 28, 2021",Independently published
0,https://www.amazon.com/dp/B08XS1Z5PR,B08XS1Z5PR,"Bird watching: Logbook, gifts for bird lovers",Edition Sunny Coco,Paperback,"Feb 28, 2021",Independently published
0,https://www.amazon.com/dp/B08XS1Z5LN,B08XS1Z5LN,Graph Paper Notebook: Large Simple Graph Paper Journal - 120 Quad Ruled 5x5 Pages 8.5 x 11 inches - Grid Paper & Composition Notebook for Math and ... Cover (Notebook | Turing Patterns Series),Zakaria Elaloui,Paperback,"Feb 28, 2021",Independently published
0,https://www.amazon.com/dp/B0G2BJ7QJK,B0G2BJ7QJK,"The Mathematics of EUV Lithography: PDEs, Stochastic Optics, and Variational Inverse Problems for Semiconductor Manufacturing In Python (Computational Mathematics Library)",H Wu,Paperback,"Nov 14, 2025",Independently published
0,https://www.amazon.com/dp/B08KTNWSXT,B08KTNWSXT,"The Routledge Companion to Contemporary Art, Visual Culture, and Climate Change (Routledge Art History and Visual Studies Companions)",T. J. Demos,Paperback,"Feb 25, 2021",Routledge
0,https://www.amazon.com/dp/B00SC7T7WU,B00SC7T7WU,Paediatric Clinical Pharmacology,Evelyne Jacqz-Aigrain,Paperback,"Feb 25, 2021",CRC Press
0,https://www.amazon.com/dp/B08TRMJXBR,B08TRMJXBR,"Pathologies of Climate Governance: International Relations, National Politics and Human Nature",Paul G. Harris,Paperback,"Feb 25, 2021",Cambridge University Press
0,https://www.amazon.com/dp/B0D183PTRD,B0D183PTRD,Economic Analysis of Oil and Gas Engineering Operations,Hussein K. Abdel-Aal,Paperback,"Feb 25, 2021",CRC Press
0,https://www.amazon.com/dp/B0D4F9K5GT,B0D4F9K5GT,"Methods, Measures, and Theories in Eyewitness Identification Tasks",Andrew M. Smith,Paperback,"Feb 25, 2021",Routledge
0,https://www.amazon.com/dp/B0GRSKJ1DM,B0GRSKJ1DM,The General Theory of Electrodynamic Structure (Electrodynamic Continuum Papers),IAN HILLS,Kindle,"Mar 8, 2026",
0,https://www.amazon.com/dp/B0GTV95XST,B0GTV95XST,The Science of Technology (The Science Project),Rick Trick,Kindle,"Mar 25, 2026",
0,https://www.amazon.com/dp/B08XS1Z4YJ,B08XS1Z4YJ,"Cute Owl Happy First Day Of School and Loving It: Journal / Notebook / Diary, 120 Blank Lined Pages, 6 x 9 inches, Matte Finish Cover, Great Gift For Kids And Adults",Christian Mhlbauer,Paperback,"Feb 28, 2021",Independently published
0,https://www.amazon.com/dp/B08XS1Z3Q9,B08XS1Z3Q9,Graph Paper Notebook: Large Simple Graph Paper Journal - 120 Quad Ruled 5x5 Pages 8.5 x 11 inches - Grid Paper & Composition Notebook for Math and ... Cover (Notebook | Turing Patterns Series),Zakaria Elaloui,Paperback,"Feb 28, 2021",Independently published
0,https://www.amazon.com/dp/B08XS1Z363,B08XS1Z363,"Inventory Log Book: Cute Owls Cover inventory list notebook, Large Inventory Log Book - 120 Pages, Size 8.5"" x 11"" for Business and Home - inventory log book cute",Corina Busch,Paperback,"Feb 28, 2021",Independently published
0,https://www.amazon.com/dp/B08XS1Z35X,B08XS1Z35X,North Myrtle Beach south carolina: beach journal for writing down thoughts for anyone that loves beach vacations and surfing,positive publishing,Paperback,"Feb 28, 2021",Independently published
0,https://www.amazon.com/dp/B08XRZLGS2,B08XRZLGS2,"Be Aware of the chilli notebook: Be aware Of The Chilli Tiger Notebook - Great lined Chilly Tiger Notebook - 120 lined pages to hold notes, ideas and ... DINA5 |Gift for chilli fans and hot guys",little thoughts,Paperback,"Feb 28, 2021",Independently published
0,https://www.amazon.com/dp/B08XRZLGL2,B08XRZLGL2,Hiking Logbook for Adventurers: Hiker's Journal with Prompts and Notes so You can Easy Document Your Journey,Emily Reyes - Ellis,Paperback,"Feb 28, 2021",Independently published
0,https://www.amazon.com/dp/B08XRZLGJC,B08XRZLGJC,North Topsail Beach north carolina: beach journal for writing down thoughts for anyone that loves beach vacations and surfing,positive publishing,Paperback,"Feb 28, 2021",Independently published
0,https://www.amazon.com/dp/B08XRZLGJB,B08XRZLGJB,North Topsail Beach north carolina: beach journal for writing down thoughts for anyone that loves beach vacations and surfing,positive publishing,Paperback,"Feb 28, 2021",Independently published
0,https://www.amazon.com/dp/B08XRZLGJ3,B08XRZLGJ3,Graph Paper Notebook: Large Simple Graph Paper Journal - 120 Quad Ruled 1CM Pages 8.5 x 11 inches - Grid Paper & Composition Notebook for Math and ... Cover (Notebook | Turing Patterns Series),Zakaria Elaloui,Paperback,"Feb 28, 2021",Independently published
0,https://www.amazon.com/dp/B08XRZLGH1,B08XRZLGH1,North Topsail Beach north carolina: beach journal for writing down thoughts for anyone that loves beach vacations and surfing,positive publishing,Paperback,"Feb 28, 2021",Independently published
0,https://www.amazon.com/dp/B08XRZLGDR,B08XRZLGDR,Funny Paper Airplane Airplanes Throwing Plane Gliders Aerogami Origami Notebook: 6x9 | 100 Pages | Lined Notebook |,Norugal Schreiner,Paperback,"Feb 28, 2021",Independently published
0,https://www.amazon.com/dp/B08XRZLGDQ,B08XRZLGDQ,12 Week Food Journal: Track of Your Workouts and Body Measurements,Laurel Paige,Paperback,"Feb 28, 2021",Independently published
0,https://www.amazon.com/dp/B08XRZLG89,B08XRZLG89,"Sun and Moon: Celestial Journal | Dot Grid Journal Diary Notebook, 8"" x 10"" | Sun and Moon Journal, Celestial Notebook, Pisces Journal, Boho Diary | ... for Sun and Moon lovers | black gold cover",Celestial Horizon,Paperback,"Feb 28, 2021",Independently published
0,https://www.amazon.com/dp/B08XRZLG47,B08XRZLG47,"Flamingo Address Book: Cute Address Book with Alphabetical Organizer, Names,Addresses, Mobile, Work & Home Phone Numbers, Birthdays and Social Media ... 6 x 9 inches)- Gift Ideas For Flamingo Lovers",Chor muang Design,Paperback,"Feb 28, 2021",Independently published
0,https://www.amazon.com/dp/B08XRZGY1J,B08XRZGY1J,Astronomy Journal: Night Sky Observation Log Book - Stargazing Notebook for Amateur Astronomy - 6x9 inch - pocket-size,SimplyTwo,Paperback,"Feb 28, 2021",Independently published
0,https://www.amazon.com/dp/B08XRZGXDF,B08XRZGXDF,North Myrtle Beach south carolina: beach journal for writing down thoughts for anyone that loves beach vacations and surfing,positive publishing,Paperback,"Feb 28, 2021",Independently published
0,https://www.amazon.com/dp/B08XRXT8C5,B08XRXT8C5,"JUST A GIRL WHO LOVES CATS AND PHYSICS: WHITE notebook/journal for Girls and Women who Loves Cats and Physics, funny Gifts for girls",Normina Publisher,Paperback,"Feb 28, 2021",Independently published
0,https://www.amazon.com/dp/B08XRXT87R,B08XRXT87R,Graph Paper Notebook: Large Simple Graph Paper Journal - 120 Quad Ruled 1CM Pages 8.5 x 11 inches - Grid Paper & Composition Notebook for Math and ... Cover (Notebook | Turing Patterns Series),Zakaria Elaloui,Paperback,"Feb 28, 2021",Independently published
0,https://www.amazon.com/dp/B08XRXSZS1,B08XRXSZS1,"Notebook WRITE NO STOP: Funny Gift For Someone Who Has Been Working From Home , Notebook Size (8.5 x 11 inches) 120 Pages : Lined Paper.",KOUCHIH MED,Paperback,"Feb 28, 2021",Independently published
0,https://www.amazon.com/dp/B08XRXSZH1,B08XRXSZH1,Newport Beach rhode island: beach journal for writing down thoughts for anyone that loves beach vacations and surfing,positive publishing,Paperback,"Feb 28, 2021",Independently published
0,https://www.amazon.com/dp/B08XRXSZGD,B08XRXSZGD,CAPRICORN Zodiac Star Journal and Notebook Horoscope: 6x9 inches 120 Pages Lined,Secret Star,Paperback,"Feb 28, 2021",Independently published
0,https://www.amazon.com/dp/B08XRXSZCJ,B08XRXSZCJ,CANCER Zodiac Star Journal and Notebook Horoscope: 6x9 inches 120 Pages Lined,Secret Star,Paperback,"Feb 28, 2021",Independently published
0,https://www.amazon.com/dp/B08XRXQ8CD,B08XRXQ8CD,Graph Paper Notebook: Large Simple Graph Paper Journal - 120 Quad Ruled 5x5 Pages 8.5 x 11 inches - Grid Paper & Composition Notebook for Math and ... Cover (Notebook | Turing Patterns Series),Zakaria Elaloui,Paperback,"Feb 28, 2021",Independently published
0,https://www.amazon.com/dp/B08XRXQ7VK,B08XRXQ7VK,North Myrtle Beach south carolina: beach journal for writing down thoughts for anyone that loves beach vacations and surfing,positive publishing,Paperback,"Feb 28, 2021",Independently published
0,https://www.amazon.com/dp/B08XRXQ7RT,B08XRXQ7RT,SCORPIO Zodiac Star Journal and Notebook Horoscope: 6x9 inches 120 Pages Lined,Secret Star,Paperback,"Feb 28, 2021",Independently published
0,https://www.amazon.com/dp/B08XRXQ7QT,B08XRXQ7QT,LEO Zodiac Star Journal and Notebook Lined Horoscope: 6x9 inches 120 Pages,Secret Star,Paperback,"Feb 28, 2021",Independently published
0,https://www.amazon.com/dp/B08XRXQ7M9,B08XRXQ7M9,"Cute Pink and Marble Composition Notebook: College Ruled Composition Notebook for Women, Teens, and Girls - 110 Sheets/220 Pages - 7.5 X 9.25 Dimensions",Kona Designs,Paperback,"Feb 28, 2021",Independently published
0,https://www.amazon.com/dp/B08XRXQ3B8,B08XRXQ3B8,"Pinguin: Children's animal notebook, Lined journal for kids",Delightful Spot,Paperback,"Feb 28, 2021",Independently published
0,https://www.amazon.com/dp/B08XRXQ39F,B08XRXQ39F,"NOTEBOOK FOR MATH: Squares Lined Graph Paper Composition Notebook for Math and Science - 120 Pages, 8.5 x 11 with thick solid lines.",kouchih mohammed,Paperback,"Feb 28, 2021",Independently published
0,https://www.amazon.com/dp/B08XN52TP9,B08XN52TP9,"Encyclopedia of Glass Science, Technology, History, and Culture",Pascal Richet,Hardcover,"Feb 25, 2021",Wiley-American Ceramic Society
0,https://www.amazon.com/dp/B08XN51NPR,B08XN51NPR,Recognition and Perception of Images: Fundamentals and Applications,Iftikhar B. Abbasov,Hardcover,"Feb 25, 2021",Wiley-Scrivener
0,https://www.amazon.com/dp/B08XMRZD2K,B08XMRZD2K,THE NEW ELEMENTARY PROCEDURE TO ARTIFICIAL INTELLIGENCE AND ROBOTICS FOR BEGINNERS,Philips  Coleman PH.D,Paperback,"Feb 25, 2021",
0,https://www.amazon.com/dp/B08XM7V65X,B08XM7V65X,Soil Spectral Inference with R: Analysing Digital Soil Spectra using the R Programming Environment (Progress in Soil Science),Alexandre M.J.-C. Wadoux,Paperback,"Feb 25, 2021",Springer
0,https://www.amazon.com/dp/B08XLKQX6N,B08XLKQX6N,Search for tt̄H Production in the H → bb̅ Decay Channel: Using Deep Learning Techniques with the CMS Experiment (Springer Theses),Marcel Rieger,Paperback,"Feb 25, 2021",Springer
0,https://www.amazon.com/dp/B08XLDQYZQ,B08XLDQYZQ,Lebesgue Integral (Compact Textbooks in Mathematics),Liviu C. Florescu,Paperback,"Feb 25, 2021",Birkhäuser
0,https://www.amazon.com/dp/B08XJKVJSM,B08XJKVJSM,"Nontraditional Activation Methods in Green and Sustainable Applications: Microwaves; Ultrasounds; Photo-, Electro- and Mechanochemistry and High Hydrostatic ... in Green and Sustainable Chemistry)",Bela Torok,Paperback,"Feb 25, 2021",Elsevier
0,https://www.amazon.com/dp/B08WJN3PYS,B08WJN3PYS,Kinship and Social Organisation (LSE Monographs on Social Anthropology Book 87),W. H. R. Rivers,Paperback,"Jan 11, 1968",Routledge
0,https://www.amazon.com/dp/B08TRL3CYF,B08TRL3CYF,Rational Choice Using Imprecise Probabilities and Utilities (Elements in Decision Theory and Philosophy),Paul Weirich,Paperback,"Feb 25, 2021",Cambridge University Press
0,https://www.amazon.com/dp/B08TRK3FD3,B08TRK3FD3,The Chromium Isotope System as a Tracer of Ocean and Atmosphere Redox (Elements in Geochemical Tracers in Earth System Science),Kohen W. Bauer,Paperback,"Feb 25, 2021",Cambridge University Press
0,https://www.amazon.com/dp/B08TF6QK3W,B08TF6QK3W,Critical Psychology Praxis: Psychosocial Non-Alignment to Modernity/Coloniality (Advances in Theoretical and Philosophical Psychology),Robert Beshara,Paperback,"Feb 25, 2021",Routledge
0,https://www.amazon.com/dp/B08XRXQ2K9,B08XRXQ2K9,North Myrtle Beach south carolina: beach journal for writing down thoughts for anyone that loves beach vacations and surfing,positive publishing,Paperback,"Feb 28, 2021",Independently published
0,https://www.amazon.com/dp/B08XRXLY9N,B08XRXLY9N,Handwriting Notebook: Blank Handwriting Book (Handwriting Practice Sheets for Kids),Busy Life Books,Paperback,"Feb 28, 2021",Independently published
0,https://www.amazon.com/dp/B08XRXLY3L,B08XRXLY3L,PISCES Zodiac Star Journal and Notebook Horoscope: 6x9 inches 120 Pages Lined,Secret Star,Paperback,"Feb 28, 2021",Independently published
0,https://www.amazon.com/dp/B08XRXLY3C,B08XRXLY3C,LIBRA Zodiac Star Journal and Notebook Horoscope: 6x9 inches 120 Pages Lined,Secret Star,Paperback,"Feb 28, 2021",Independently published
0,https://www.amazon.com/dp/B08XRV8DSM,B08XRV8DSM,"Pinguin: Dotted Animal Notebook, School Notebook, Journal, Diary, Daily Notebook",Delightful Spot,Paperback,"Feb 28, 2021",Independently published
0,https://www.amazon.com/dp/B08XRV8D1H,B08XRV8D1H,Just Hanging With My Chicks: A Cute Lined Journal. Blank Novelty Notebookwith Adorable Chicks in Easter Eggs on the Cover. Perfect as an Easter Basket Stuffer or Easter Gift.,Jammy's Print House,Paperback,"Feb 28, 2021",Independently published
0,https://www.amazon.com/dp/B08XR97L8L,B08XR97L8L,"300 Sudoku Medium Puzzles Book Vol.3: Sudoku medium book, puzzles for adults 300 puzzles",Jeff Cherry,Paperback,"Feb 28, 2021",Independently published
0,https://www.amazon.com/dp/B08XNVDG51,B08XNVDG51,"Sudoku Off The Grid Puzzle Book for Adults Edition #2: Large Print 16x16 grid sized Sudoku Puzzles, 100 puzzles over 4 levels, Easy, Less Easy, Normal, Hard",Captain Peter Books,Paperback,"Feb 28, 2021",Independently published
0,https://www.amazon.com/dp/B08XNVDFF5,B08XNVDFF5,A Level Maths: Statistics,Lynn Clark,Paperback,"Feb 28, 2021",Independently published
0,https://www.amazon.com/dp/B08XNDNSGJ,B08XNDNSGJ,Closed Borders: 111 Location Independent Experiences,Vivienne Dahms,Paperback,"Feb 28, 2021",Independently published
0,https://www.amazon.com/dp/B08XNDNRNL,B08XNDNRNL,"Chameleon Coloring Book: Stress Relieving Chameleon Coloring Book for Adults, Chameleon Gifts for Women",Real Illustrations,Paperback,"Feb 28, 2021",Independently published
0,https://www.amazon.com/dp/B08XNBYDJN,B08XNBYDJN,"300 Sudoku Medium Puzzles Book Vol.4: Sudoku medium book, puzzles for adults 300 puzzles",Jeff Cherry,Paperback,"Feb 28, 2021",Independently published
0,https://www.amazon.com/dp/B08XNBYDF4,B08XNBYDF4,Dinosaur Coloring Book,Sheena Publishing,Paperback,"Feb 28, 2021",Independently published
0,https://www.amazon.com/dp/B0G51MX51S,B0G51MX51S,"OSAT Physics (114) Study Guide 2025–2026: Pass the Oklahoma Subject Area Tests with Detailed Content Review, Test-Taking Strategies, and Two ... Tests for Physics Teacher Certification",Test  Treasure Publication,Paperback,"Dec 3, 2025",Independently published
0,https://www.amazon.com/dp/B08XN9G95Q,B08XN9G95Q,Sudoku 10 x 10 Level 1: Very Easy Vol. 12: Play Sudoku 10x10 Ten Grid With Solutions Easy Level Volumes 1-40 Sudoku Cross Sums Variation Travel Paper ... Mathematics Challenge All Ages Kids to Adults,Sophia Numerik,Paperback,"Feb 28, 2021",Independently published
0,https://www.amazon.com/dp/B08XN9G8L2,B08XN9G8L2,"Bird Coloring Book For Kids: This Book For A Kids With Cute Bird collection, Stress Remissive And Relaxation.",SR BOOK HOUSE,Paperback,"Feb 28, 2021",Independently published
0,https://www.amazon.com/dp/B08XN7HZZY,B08XN7HZZY,"300 Sudoku Hard Puzzles Book Vol.6: Sudoku hard book, puzzles for adults 300 puzzles",Jeff Cherry,Paperback,"Feb 28, 2021",Independently published
0,https://www.amazon.com/dp/B08XN7HZXL,B08XN7HZXL,Chameleon Coloring Book: 40 Single-Sided Unique Chameleon Coloring Pages in Mandala Style with Intricate Patterns to Release Stress,Traylor Illustrations,Paperback,"Feb 28, 2021",Independently published
0,https://www.amazon.com/dp/B08XLNTJLB,B08XLNTJLB,Dinosaur Coloring Book,Sheena Publishing,Paperback,"Feb 28, 2021",Independently published
0,https://www.amazon.com/dp/B08XLNTJL7,B08XLNTJL7,Dinosaur Coloring Book,Sheena Publishing,Paperback,"Feb 28, 2021",Independently published
0,https://www.amazon.com/dp/B08XLLF5FF,B08XLLF5FF,"Graph Paper Composition Notebook: Grid Paper Notebook, Quad Ruled With Rabbits And Fox Cover Design | 100 Sheets, Size 8.5"" x 11""",Corina Busch,Paperback,"Feb 28, 2021",Independently published
0,https://www.amazon.com/dp/B08XLJ94CT,B08XLJ94CT,Preschool math at home: Ages 2-4 Beginner Math Preschool Learning Book with Number,S&S Publishing,Paperback,"Feb 28, 2021",Independently published
0,https://www.amazon.com/dp/B08XLJ9236,B08XLJ9236,Top Three Pharma Company in Bangladesh,Al Saif Alshad,Paperback,"Feb 28, 2021",Independently published
0,https://www.amazon.com/dp/B08XLJ91RT,B08XLJ91RT,"Space Coloring Book for Kids: Space Coloring and Activity Book for Kids, Rocket Coloring Book, Coloring Book for Kids, Amazing Outer Space Coloring ... Coloring Book, Little Space Coloring Books",ASH Publication,Paperback,"Feb 28, 2021",Independently published
0,https://www.amazon.com/dp/B08XLGJS3Y,B08XLGJS3Y,Sudoku 8 x 8 Level 2: Easy Vol. 32: Play Sudoku 8x8 Eight Grid With Solutions Easy Level Volumes 1-40 Sudoku Cross Sums Variation Travel Paper Logic ... Mathematics Challenge All Ages Kids to Adults,Sophia Numerik,Paperback,"Feb 28, 2021",Independently published
0,https://www.amazon.com/dp/B08XLGJRBC,B08XLGJRBC,"300 Sudoku Hard Puzzles Book Vol.5: Sudoku hard book, puzzles for adults 300 puzzles",Jeff Cherry,Paperback,"Feb 28, 2021",Independently published
0,https://www.amazon.com/dp/B08XLGGFZR,B08XLGGFZR,Dinosaur Coloring Book,Sheena Publishing,Paperback,"Feb 28, 2021",Independently published
0,https://www.amazon.com/dp/B08PKM8RBY,B08PKM8RBY,Parenting Across Cultures from Childhood to Adolescence: Development in Nine Countries (Studies in Parenting Series),Jennifer E. Lansford,Paperback,"Feb 25, 2021",Routledge
0,https://www.amazon.com/dp/B0958H7PV5,B0958H7PV5,African Seminars: Scholarship from the International African Institute,Various Authors,Hardcover,"Feb 25, 2021",Routledge
0,https://www.amazon.com/dp/B08ZLN7P26,B08ZLN7P26,The Oceans and Coral (Children Saving our Planet Series),Carol Sutters,Paperback,"Feb 25, 2021",AuthorHouse UK
0,https://www.amazon.com/dp/B08ZKJV556,B08ZKJV556,Water Conservation in the Era of Global Climate Change,Binota Thokchom,Paperback,"Feb 25, 2021",Elsevier
0,https://www.amazon.com/dp/B08YGSFWYD,B08YGSFWYD,Greenhouse Gas Emissions from Ecotechnologies for Wastewater Treatment,Juan Pablo Silva Vinasco,Paperback,"Feb 25, 2021",CRC Press
0,https://www.amazon.com/dp/B08Y5RPKYT,B08Y5RPKYT,Oxide Thin Films and Nanostructures,Falko P. Netzer,Hardcover,"Feb 25, 2021",OUP Oxford
0,https://www.amazon.com/dp/B08XLGFT2G,B08XLGFT2G,Let's get to know the SHAPES: Learning Shapes Book for Toddlers,Stephanie Miracle,Paperback,"Feb 28, 2021",Independently published
0,https://www.amazon.com/dp/B08XL9R1P6,B08XL9R1P6,"300 Sudoku Medium Puzzles Book Vol.2: Sudoku medium book, puzzles for adults 300 puzzles",Jeff Cherry,Paperback,"Feb 28, 2021",Independently published
0,https://www.amazon.com/dp/B08XL9QL2D,B08XL9QL2D,"300 Sudoku Medium Puzzles Book Vol.1: Sudoku medium book, puzzles for adults 300 puzzles",Jeff Cherry,Paperback,"Feb 28, 2021",Independently published
0,https://www.amazon.com/dp/B08XL9QKYG,B08XL9QKYG,Dinosaur Coloring Book,Sheena Publishing,Paperback,"Feb 28, 2021",Independently published
0,https://www.amazon.com/dp/B08XL9QK4S,B08XL9QK4S,Otter Coloring Book: 40 Single-Sided Unique Sea Otter Coloring Pages in Mandala Style with Intricate Patterns to Release Stress,Traylor Illustrations,Paperback,"Feb 28, 2021",Independently published
0,https://www.amazon.com/dp/B08XL7ZK8M,B08XL7ZK8M,"Bird mandalas coloring book for Adults: Creative and Beautiful Bird Mandalas Coloring Book, Fun Bird coloring pages of different kind of birds",Teekota ACB,Paperback,"Feb 28, 2021",Independently published
0,https://www.amazon.com/dp/B08XL7ZK7J,B08XL7ZK7J,Sudoku 10 x 10 Level 1: Very Easy Vol. 11: Play Sudoku 10x10 Ten Grid With Solutions Easy Level Volumes 1-40 Sudoku Cross Sums Variation Travel Paper ... Mathematics Challenge All Ages Kids to Adults,Sophia Numerik,Paperback,"Feb 28, 2021",Independently published
0,https://www.amazon.com/dp/B08XL7ZK7H,B08XL7ZK7H,Sudoku 8 x 8 Level 2: Easy Vol. 31: Play Sudoku 8x8 Eight Grid With Solutions Easy Level Volumes 1-40 Sudoku Cross Sums Variation Travel Paper Logic ... Mathematics Challenge All Ages Kids to Adults,Sophia Numerik,Paperback,"Feb 28, 2021",Independently published
0,https://www.amazon.com/dp/B08XL7ZJ99,B08XL7ZJ99,"Otter Coloring Book: Stress Relieving Sea Otter Coloring Book for Adults, Otter Gifts for Women",Real Illustrations,Paperback,"Feb 28, 2021",Independently published
0,https://www.amazon.com/dp/B08XL7Z2YM,B08XL7Z2YM,"Pretty Pink and Marble Composition Notebook: College Ruled Composition Notebook for Women, Teens, and Girls - 110 Sheets/220 Pages - 7.5 X 9.25 Dimensions",Kona Designs,Paperback,"Feb 28, 2021",Independently published
0,https://www.amazon.com/dp/B08XL7YZTN,B08XL7YZTN,"300 Sudoku Medium Puzzles Book Vol.5: Sudoku medium book, puzzles for adults 300 puzzles",Jeff Cherry,Paperback,"Feb 28, 2021",Independently published
0,https://www.amazon.com/dp/B08XL7YZQW,B08XL7YZQW,Dinosaur Coloring Book,Sheena Publishing,Paperback,"Feb 28, 2021",Independently published
0,https://www.amazon.com/dp/B08XL7YZ19,B08XL7YZ19,"300 Sudoku Hard Puzzles Book Vol.4: Sudoku hard book, puzzles for adults 300 puzzles",Jeff Cherry,Paperback,"Feb 28, 2021",Independently published
0,https://www.amazon.com/dp/B08XKNQF2P,B08XKNQF2P,"10 Cute Kawaii Whales Species: Journal / Notebook / Diary, 120 Blank Lined Pages, 6 x 9 inches, Matte Finish Cover, Great Gift For Kids And Adults",Christian Mhlbauer,Paperback,"Feb 28, 2021",Independently published
0,https://www.amazon.com/dp/B08XH2JRJ1,B08XH2JRJ1,"300 Sudoku Medium Puzzles Book Vol.6: Sudoku medium book, puzzles for adults 300 puzzles",Jeff Cherry,Paperback,"Feb 28, 2021",Independently published
0,https://www.amazon.com/dp/B0BF31R86R,B0BF31R86R,"MATH OLYMPIAD CONTEST PROBLEMS:ORDER OF OPERATIONS MATH WORKBOOK VOL.2: PEMDAS PRACTICE PROBLEMS WITH SOLUTIONS, 8.5 X 11 INCHES, MATH WORKSHEETS",Kumar,Paperback,"Sep 12, 2022",Independently published
0,https://www.amazon.com/dp/B08XN631TF,B08XN631TF,Forests for human health and well-being: Strengthening the forest–health–nutrition nexus,Food and Agriculture Organization of the United Nations,Kindle,"Feb 25, 2021",
0,https://www.amazon.com/dp/B08XN5D1JX,B08XN5D1JX,Hybrid Renewable Energy Systems,Umakanta Sahoo,Hardcover,"Feb 25, 2021",Wiley-Scrivener
0,https://www.amazon.com/dp/B08XN55VY4,B08XN55VY4,Administrative Records for Survey Methodology (Wiley Series in Survey Methodology),Asaph Young Chun,Hardcover,"Feb 25, 2021",Wiley
0,https://www.amazon.com/dp/B08XMZZM3V,B08XMZZM3V,"Feasts, Fasts, Famine: Food for Thought (Berg Occasional Papers in Anthropology Book 2)",Pat Caplan,Paperback,"Jan 20, 1994",Routledge
0,https://www.amazon.com/dp/B08XMQ4LGJ,B08XMQ4LGJ,Geology of the Oban Massif,Barth Ekwueme,Kindle,"Feb 25, 2021",
0,https://www.amazon.com/dp/B08XMC1HFD,B08XMC1HFD,"Morphological Research in Planning, Urban Design and Architecture (The Urban Book Series)",Vítor Oliveira,Paperback,"Feb 25, 2021",Springer
0,https://www.amazon.com/dp/B08XLZSD4X,B08XLZSD4X,Soil Water Deficit and Physiological Issues in Plants,Amitav Bhattacharya,Paperback,"Feb 25, 2021",Springer
0,https://www.amazon.com/dp/B08XLZ64HV,B08XLZ64HV,Eureka! Discoveries by Archimedes: You too can move the world (A year of books),Patrick Cooney,Paperback,"Feb 25, 2021",
0,https://www.amazon.com/dp/B08XLVRZNV,B08XLVRZNV,Semiconductor Photovoltaic Cells,Chunfu Zhang,Paperback,"Feb 25, 2021",Springer
0,https://www.amazon.com/dp/B08WTYL85H,B08WTYL85H,The Political Economy of Legal Information: The New Landscape (Legal Reference Services (Hardcover) Book 17),Samuel E Trosow,Paperback,"Mar 22, 2019",Routledge
0,https://www.amazon.com/dp/B08WTHTYMK,B08WTHTYMK,Routledge Library Editions: Women in Islamic Societies,Various Authors,Hardcover,"Feb 25, 2021",Routledge
0,https://www.amazon.com/dp/B08WT2NB7X,B08WT2NB7X,Awe and Trembling: Psychotherapy of Unusual States,E Mark Stern,Paperback,"Feb 25, 2021",Routledge
0,https://www.amazon.com/dp/B08WR51KTD,B08WR51KTD,The Botanic Garden by Erasmus Darwin (The Pickering Masters),Adam Komisaruk,Hardcover,"Feb 25, 2021",Routledge
0,https://www.amazon.com/dp/B08WNLXCN7,B08WNLXCN7,Modelling Human-Flood Interactions: A Coupled Flood-Agent-Institution Modelling Framework for Long-Term Flood Risk Management (IHE Delft PhD Thesis Series),Yared Abayneh Abebe,Paperback,"Feb 25, 2021",CRC Press
0,https://www.amazon.com/dp/B08WNL6H2S,B08WNL6H2S,Effectiveness of Bank Filtration for Water Supply in Arid Climates (IHE Delft PhD Thesis Series),Ahmed Ragab Abdelrady Mahmoud,Paperback,"Feb 25, 2021",CRC Press
0,https://www.amazon.com/dp/B08WN922R1,B08WN922R1,Optimizing the Operation of a Multiple Reservoir System in the Eastern Nile Basin Considering Water and Sediment Fluxes (IHE Delft PhD Thesis Series),Reem Fikri Mohamed Osman Digna,Paperback,"Feb 25, 2021",CRC Press
0,https://www.amazon.com/dp/B08WN26B3P,B08WN26B3P,Assessment of the Fate of Surrogates for Enteric Pathogens Resulting From the Surcharging of Combined Sewer Systems (IHE Delft PhD Thesis Series),Iosif Marios Scoullos,Paperback,"Feb 25, 2021",CRC Press
0,https://www.amazon.com/dp/B08WJMWP3F,B08WJMWP3F,Continental Rift Formation and its Prehistory (Russian Translations Series Book 87),A.V. Razvalyaev,Hardcover,"Feb 25, 2021",Routledge
0,https://www.amazon.com/dp/B08WJMMBYX,B08WJMMBYX,Routledge Library Editions: Urban History,Various Authors,Hardcover,"Feb 25, 2021",Routledge
0,https://www.amazon.com/dp/B08WJM4W26,B08WJM4W26,"Modelling of Mine Structures: Proceedings of the 10th plenary session of the International Bureau of Strata Mechanics, World Mining Congress, Stockholm, 4 June 1987",A. Kidybinski,Hardcover,"Feb 25, 2021",CRC Press
0,https://www.amazon.com/dp/B08WH4HH65,B08WH4HH65,"Urban Metabolism and Ecological Management:: Vision, tools, practices and beyond",Gengyuan LIU,Paperback,"Feb 25, 2021",EDP Sciences
0,https://www.amazon.com/dp/B08WCXBQ4C,B08WCXBQ4C,"Land Degradation in the Dinder and Rahad Basins: Interactions Between Hydrology, Morphology and Ecohydrology in the Dinder National Park, Sudan (IHE Delft PhD Thesis Series)",Khalid Elnoor Ali Hassaballah,Paperback,"Feb 25, 2021",CRC Press
0,https://www.amazon.com/dp/B08W9XHRH5,B08W9XHRH5,"Climate Change and Development Impacts on Groundwater Resources in the Nile Delta Aquifer, Egypt (IHE Delft PhD Thesis Series)",Marmar Badr Mohamed Ahmed,Paperback,"Feb 25, 2021",CRC Press
0,https://www.amazon.com/dp/B08W9DYZJK,B08W9DYZJK,Community-Based Monitoring Initiatives of Water and Environment: Evaluation of Establishment Dynamics and Results (IHE Delft PhD Thesis Series),Mohammad Gharesifard,Paperback,"Feb 25, 2021",CRC Press
0,https://www.amazon.com/dp/B08W6GDZTH,B08W6GDZTH,Pro-Poor Strategies in Urban Water Provisioning: What Kenyan Water Utilities Do and Why They Do It (IHE Delft PhD Thesis Series),Akosua Sarpong Boakye-Ansah,Paperback,"Feb 25, 2021",CRC Press
0,https://www.amazon.com/dp/B08V1KYYMW,B08V1KYYMW,"Nanosensors: Physical, Chemical, and Biological (Series in Sensors)",Vinod Kumar Khanna,Paperback,"Feb 25, 2021",CRC Press
0,https://www.amazon.com/dp/B08TRLYBP7,B08TRLYBP7,Cooperation and Conflict: The Interaction of Opposites in Shaping Social Behavior,Walter Wilczynski,Hardcover,"Feb 25, 2021",Cambridge University Press
0,https://www.amazon.com/dp/B08SSMBWGX,B08SSMBWGX,An Introduction to Acceptance Sampling and SPC with R,John Lawson,Paperback,"Feb 25, 2021",Chapman and Hall/CRC
0,https://www.amazon.com/dp/B08S951H7S,B08S951H7S,"Generalized Functions, Operator Theory, and Dynamical Systems (Chapman & Hall/CRC Research Notes in Mathematics Series Book 399)",I Antoniou,Paperback,"Feb 25, 2021",Chapman and Hall/CRC
0,https://www.amazon.com/dp/B08R6HQQL8,B08R6HQQL8,Spaces of Religion in Urban South Asia (Routledge South Asian Religion Series),István Keul,Paperback,"Feb 25, 2021",Routledge
0,https://www.amazon.com/dp/B08QRPD9V9,B08QRPD9V9,"Modern Mechanobiology: Convergence of Biomechanics, Development, and Genomics",Juhyun Lee,Hardcover,"Feb 25, 2021",Jenny Stanford Publishing
0,https://www.amazon.com/dp/B08QCSTVN8,B08QCSTVN8,Cerium Anomalies and Paleoredox (Elements in Geochemical Tracers in Earth System Science),Rosalie Tostevin,Paperback,"Feb 25, 2021",Cambridge University Press
0,https://www.amazon.com/dp/B08WJBJ68G,B08WJBJ68G,Humboldt Redwoods State Park: Avenue of the Giants (California's Premier Redwood Parks),Gerald Beranek,Kindle,"Feb 24, 2021",Beranek Publications
0,https://www.amazon.com/dp/B08XH2JQWF,B08XH2JQWF,"Dinosaur Coloring Book: A Fun Cutting And Coloring Practice Activity Book for Toddlers and Kids ages 4-8: Scissor Practice for Preschool Almost 40 Pages of Epic Dinosauras, Shapes and Patterns",Rafal Boryn,Paperback,"Feb 28, 2021",Independently published
0,https://www.amazon.com/dp/B08XH2JQNF,B08XH2JQNF,Moth Adult Coloring Book: An Adult Coloring Book For 30 Zentangle Moth Designs,Prity Book House,Paperback,"Feb 28, 2021",Independently published
0,https://www.amazon.com/dp/B08XGSTSC6,B08XGSTSC6,Mandalas Coloring Book: 50 Unique Hand Drawn Mandala Designs | Adult Coloring Book for Stress Relief and Relaxation | Hours Of Peace and Relaxation,CoolBook Press,Paperback,"Feb 28, 2021",Independently published
0,https://www.amazon.com/dp/B08XLNTGDW,B08XLNTGDW,Straights Puzzle Book (Str8ts): 200 Easy to Hard (8x8) Puzzles (Adult Brain Games Series),Dr. Khalid Alzamili,Paperback,"Feb 27, 2021",Independently published
0,https://www.amazon.com/dp/B08XJKYP7N,B08XJKYP7N,Exploring Creation with Mathematics - Level 3: Teaching Guide and Answer Key,Kathryn Gomes,Kindle,"Feb 24, 2021",Apologia Educational Ministries
0,https://www.amazon.com/dp/B08WKWX182,B08WKWX182,Jedediah Smith & Del Norte Redwoods: National and State Parks (California's Premier Redwood Parks),Gerald Beranek,Kindle,"Feb 24, 2021",
0,https://www.amazon.com/dp/B08XJWV5V5,B08XJWV5V5,Exploring Creation with Mathematics - Level 1: Teaching Guide and Answer Key,Kathryn Gomes,Kindle,"Feb 24, 2021",Apologia Educational Ministries
0,https://www.amazon.com/dp/B08XJCWTV5,B08XJCWTV5,Exploring Creation with Mathematics - Level 2: Teaching Guide and Answer Key,Kathryn Gomes,Kindle,"Feb 24, 2021",Apologia Educational Ministries
0,https://www.amazon.com/dp/B08WVKVVXV,B08WVKVVXV,Affiliate Marketing Without A Website: Learn and model my proven system for success as an affiliate. (Grow your business Book 7),Edward Jones,Kindle,"Feb 24, 2021",
0,https://www.amazon.com/dp/B08Z3FTWDD,B08Z3FTWDD,High Temperature Gas-cooled Reactors (JSME Series in Thermal and Nuclear Power Generation Book 5) (Volume 5),Tetsuaki Takeda,Paperback,"Feb 24, 2021",Elsevier
0,https://www.amazon.com/dp/B08XNFLKZN,B08XNFLKZN,Intelligent Data-Analytics for Condition Monitoring: Smart Grid Applications,Hasmat Malik,Paperback,"Feb 24, 2021",Academic Press
0,https://www.amazon.com/dp/B08XJZ7S3R,B08XJZ7S3R,"Machine Learning and Knowledge Discovery in Databases: Applied Data Science Track: European Conference, ECML PKDD 2020, Ghent, Belgium, September 14–18, ... Notes in Computer Science Book 12460)",Yuxiao Dong,Paperback,"Feb 24, 2021",Springer
0,https://www.amazon.com/dp/B08XJTT4L1,B08XJTT4L1,Enzyme Cascade Design and Modelling,Selin Kara,Paperback,"Feb 24, 2021",Springer
0,https://www.amazon.com/dp/B08XJPYZ38,B08XJPYZ38,Durability of Springs,Vladimir Kobelev,Paperback,"Feb 24, 2021",Springer
0,https://www.amazon.com/dp/B08XNVDCJ9,B08XNVDCJ9,"Creative Adult Coloring Book with Succulent, Cactus and Flowers: Desert Coloring Books with Wildflowers",Color Ur World,Paperback,"Feb 27, 2021",Independently published
0,https://www.amazon.com/dp/B0FGVM5N63,B0FGVM5N63,Newport Beach rhode island: beach journal for writing down thoughts for anyone that loves beach vacations and surfing,positive publishing,Paperback,"Feb 27, 2021",Independently published
0,https://www.amazon.com/dp/B091WJHD1X,B091WJHD1X,"Vintage Vibe: Internet Password LogBook Series: 19 Password Notebook /Logbooks; designs of Victorian keys, locks, owls and florals (Vintage Vibe: Internet Password LogBook / Notebook Series)",Ms. Creative Solutions,Paperback,"Feb 27, 2021",Independently published
0,https://www.amazon.com/dp/B091WJ524V,B091WJ524V,"Vintage Vibe: Internet Password LogBook Series: 19 Password Notebook /Logbooks; designs of Victorian keys, locks, owls and florals (Vintage Vibe: Internet Password LogBook / Notebook Series)",Ms. Creative Solutions,Paperback,"Feb 27, 2021",Independently published
0,https://www.amazon.com/dp/B08Y3XFR4G,B08Y3XFR4G,"Engineer I'm Not Arguing I'm Just Explaining Why I'm Right: lined Notebook / journal Gift, 120 Pages, 6*9, Soft Cover",dross mix books,Paperback,"Feb 27, 2021",Independently published
0,https://www.amazon.com/dp/B08XZGJHKK,B08XZGJHKK,Dinosaur Era - Primary Story Journal: Grades K-2 Composition School Exercise Book | Handwriting Practice Paper | 100 Story Pages,Classic Books,Paperback,"Feb 27, 2021",Independently published
0,https://www.amazon.com/dp/B08XXZ81LR,B08XXZ81LR,"Beer Tasting Journal: Rabbits And Fox Cover | The Perfect Companion to Take with You During Beer Tasting Trips or Sessions, 120 Pages, Size 8"" x 10""",Corina Busch,Paperback,"Feb 27, 2021",Independently published
0,https://www.amazon.com/dp/B08XXL9XJL,B08XXL9XJL,"Elephant Notebook: Animal Notebook, Journal, Planner, Diary, for children and not only (Animals Notebooks)",Oliada Publishing,Paperback,"Feb 27, 2021",Independently published
0,https://www.amazon.com/dp/B08XVJTS6V,B08XVJTS6V,"Bear Notebook: Animal Notebooks, Journal, Planner, Diary, for children and not only (Animals Notebooks)",Oliada Publishing,Paperback,"Feb 27, 2021",Independently published
0,https://www.amazon.com/dp/B08XTS2HK1,B08XTS2HK1,"Hare Notebook: Animal Notebook, Journal, Planner, Diary, for children and not only. (Animals Notebooks)",Oliada Publishing,Paperback,"Feb 27, 2021",Independently published
0,https://www.amazon.com/dp/B08XSCX9VS,B08XSCX9VS,"Deer Notebook: Animal Notebook, Journal, Planner, Diary, for children and not only (Animals Notebooks)",Oliada Publishing,Paperback,"Feb 27, 2021",Independently published
0,https://www.amazon.com/dp/B08XS9ZLDY,B08XS9ZLDY,"Camel Notebook: Animal Notebook, Journal, Planner, Diary, for children and not only (Animals Notebooks)",Oliada Publishing,Paperback,"Feb 27, 2021",Independently published
0,https://www.amazon.com/dp/B08XS7T42W,B08XS7T42W,"Tiger Notebook: Animal Notebook, Journal, Planner, Diary, for children and not only (Animals Notebooks)",Oliada Publishing,Paperback,"Feb 27, 2021",Independently published
0,https://www.amazon.com/dp/B08XXTPL5Y,B08XXTPL5Y,Modern Sample Preparation for Chromatography,Serban C. Moldoveanu,Paperback,"Feb 24, 2021",Elsevier
0,https://www.amazon.com/dp/B08XNLBBBC,B08XNLBBBC,Waste Biorefinery: Value Addition through Resource Utilization,Thallada Bhaskar,Kindle,"Feb 24, 2021",Elsevier
0,https://www.amazon.com/dp/B08XM8M7PK,B08XM8M7PK,Tinnitus - An Interdisciplinary Approach Towards Individualized Treatment (Progress in Brain Research Book 260) (Volume 260),Berthold Langguth,Hardcover,"Feb 24, 2021",Elsevier
0,https://www.amazon.com/dp/B08XKBHWVD,B08XKBHWVD,Critical Thinking Skills for Engineers—Book 5: On Problem Solving,Sridhar  Ramanathan,Kindle,"Feb 24, 2021",IEEE-USA
0,https://www.amazon.com/dp/B08XK84F76,B08XK84F76,Maths Untangled: From Scary to Simple with an Advanced Skills Maths Teacher,Ann Moore,Kindle,"Feb 24, 2021",ShieldCrest Publishing
0,https://www.amazon.com/dp/B08XK6CLSL,B08XK6CLSL,"Poems, Sunsets, and Affirmations",Dysheeka Boyd,Kindle,"Feb 24, 2021",
0,https://www.amazon.com/dp/B08XK52YJ7,B08XK52YJ7,"Machine Learning and Knowledge Discovery in Databases: European Conference, ECML PKDD 2020, Ghent, Belgium, September 14–18, 2020, Proceedings, Part III (Lecture Notes in Computer Science Book 12459)",Frank Hutter,Paperback,"Feb 24, 2021",Springer
0,https://www.amazon.com/dp/B08XK1TYLK,B08XK1TYLK,"Machine Learning and Knowledge Discovery in Databases: European Conference, ECML PKDD 2020, Ghent, Belgium, September 14–18, 2020, Proceedings, Part II (Lecture Notes in Computer Science Book 12458)",Frank Hutter,Paperback,"Feb 24, 2021",Springer
0,https://www.amazon.com/dp/B08XS5S8Z5,B08XS5S8Z5,"Amazing Animals Adult Coloring Book Stress Relieving Mandala Animal Designs: Mandala Coloring Book for Adults, Stress Relief, FunnuyAnimal Mandalas ( ... Book for men,for women and Beginners",Mandalas Emotions,Paperback,"Feb 27, 2021",Independently published
0,https://www.amazon.com/dp/B08XS3ZZMW,B08XS3ZZMW,"Amazing Animals Adult Coloring Book Stress Relieving Mandala Animal Designs: Mandala Coloring Book for Adults, Stress Relief, FunnuyAnimal Mandalas ( ... Book for men,for women and Beginners",Mandalas Emotions,Paperback,"Feb 27, 2021",Independently published
0,https://www.amazon.com/dp/B08XS3ZZH4,B08XS3ZZH4,"Amazing Animals Adult Coloring Book Stress Relieving Mandala Animal Designs: Mandala Coloring Book for Adults, Stress Relief, FunnuyAnimal Mandalas ( ... Book for men,for women and Beginners",Mandalas Emotions,Paperback,"Feb 27, 2021",Independently published
0,https://www.amazon.com/dp/B08XS26424,B08XS26424,"Need More Plants Notebook, Funny Plants Humor Notebook For Plants Lovers: A Lined Plant Journal Notebook To Track And Organize Your Gardening And Your Plants",GR84RT Studio,Paperback,"Feb 27, 2021",Independently published
0,https://www.amazon.com/dp/B08XS1Z328,B08XS1Z328,"Science Notebook For School, Scientific Notebook For Notes, Science Composition Notebook: Wide Ruled Lined Paper Notebook Journal For Science Lovers And Science Students",GR84RT Studio,Paperback,"Feb 27, 2021",Independently published
0,https://www.amazon.com/dp/B08XRZLGWH,B08XRZLGWH,"All You Need is Love And Llamas: All You Need is love & Llamas: Best Lined Notebook. A perfect gift for adults, kids, artists, students, Journal, 6x9 Inches 120 Blank Pages",Independently published,Paperback,"Feb 27, 2021",Independently published
0,https://www.amazon.com/dp/B08XRZLGRH,B08XRZLGRH,"Dinosaur Primary Composition Notebook: Dinosaur Era - Primary Story journal, Kids Jurassic Composition Notebook, Grade K-2 School Exercise Book, ... kids, 100 Pages, 6x9in, Soft Cover, Matte fin",KidsBooks Publishing,Paperback,"Feb 27, 2021",Independently published
0,https://www.amazon.com/dp/B08XRXT895,B08XRXT895,"Hedgehog: Animal Notebook, Journal, Planner, Diary, for children and not only (Animals Notebooks)",Oliada Publishing,Paperback,"Feb 27, 2021",Independently published
0,https://www.amazon.com/dp/B08XRXSZC1,B08XRXSZC1,"Plant Notes With A Plant Pot Design, And An Awesome Interior Full Of Flowers: A Plant Journal Notebook To Organize Your Gardening And Track Your Plants",GR84RT Studio,Paperback,"Feb 27, 2021",Independently published
0,https://www.amazon.com/dp/B08XRNP5HV,B08XRNP5HV,"Fire Safety Log Book: Fire maintenance and inspections Testing Log book | Fire Register Log Book | Health Compliance Record Book | Fire Alarms Testing ... Business, Schools | 6x9, 110 pages",Firy publishing,Paperback,"Feb 27, 2021",Independently published
0,https://www.amazon.com/dp/B08XRNP5CS,B08XRNP5CS,Notebook: The Perfect Journal for Star Lovers of all Ages,Leofa B,Paperback,"Feb 27, 2021",Independently published
0,https://www.amazon.com/dp/B08XRNP4RK,B08XRNP4RK,Newport Beach rhode island: beach journal for writing down thoughts for anyone that loves beach vacations and surfing,positive publishing,Paperback,"Feb 27, 2021",Independently published
0,https://www.amazon.com/dp/B08XRNP4NP,B08XRNP4NP,"Graph Paper Composition Notebook: Large Simple Graph Paper Journal - 120 Quad Ruled 5 squares per inch Pages 8.5 x 11 inches - Grid Paper Composition Notebook, Journal, Diary, multipurpose notebook.",EDU Empire,Paperback,"Feb 27, 2021",Independently published
0,https://www.amazon.com/dp/B08XRBHG3N,B08XRBHG3N,"Check Register Book: Premium Rabbits And Fox Cover Check Register Book, A Simple Checking Account Transaction Register | Payment Record Accounting Ledger Book, 120 Pages, Size 8.5"" x 11""",Corina Busch,Paperback,"Feb 27, 2021",Independently published
0,https://www.amazon.com/dp/B08XRBHG3J,B08XRBHG3J,Bird Watchers Log & Notebook: Must-Have for Birders | Gift Idea for Teens and Adults or All Nature Lovers,Jane Owl,Paperback,"Feb 27, 2021",Independently published
0,https://www.amazon.com/dp/B08XJYL9BW,B08XJYL9BW,Mr. Turtle's Ecological Advices. Kids Guide to Eco-Friendly Living : Environmental book for kids ages 4 - 8.,Inka Pralinka,Paperback,"Feb 24, 2021",
0,https://www.amazon.com/dp/B08XJXX7B9,B08XJXX7B9,Beyond Agile Boundaries: Comparative Analysis of different Agile Methodologies in success of globally distributed teams,Muhammad Zeeshan Ali,Paperback,"Feb 24, 2021",OGMC Publications
0,https://www.amazon.com/dp/B08XJXMCBB,B08XJXMCBB,Ecology and Conservation of Pinnipeds in Latin America,Gisela Heckel,Paperback,"Feb 24, 2021",Springer
0,https://www.amazon.com/dp/B08XJQQPM4,B08XJQQPM4,"Machine Learning and Knowledge Discovery in Databases: European Conference, ECML PKDD 2020, Ghent, Belgium, September 14–18, 2020, Proceedings, Part I (Lecture Notes in Computer Science Book 12457)",Frank Hutter,Paperback,"Feb 24, 2021",Springer
0,https://www.amazon.com/dp/B08XJHV79X,B08XJHV79X,"Machine Learning and Knowledge Discovery in Databases. Applied Data Science and Demo Track: European Conference, ECML PKDD 2020, Ghent, Belgium, September ... Notes in Computer Science Book 12461)",Yuxiao Dong,Paperback,"Feb 24, 2021",Springer
0,https://www.amazon.com/dp/B08XJCW4Y5,B08XJCW4Y5,Environmental and Human Impact of Buildings: An Energetics Perspective (Springer Tracts in Civil Engineering),Ligia Moga,Paperback,"Feb 24, 2021",Springer
0,https://www.amazon.com/dp/B08XHM3S81,B08XHM3S81,How to start a telecoms company?: The INFO Bookmakers Group,Thobani Majola,Kindle,"Feb 24, 2021",
0,https://www.amazon.com/dp/B08XH3BKRP,B08XH3BKRP,A Synopsis of the Metazoan Parasites of Silurus glanis.,Anthony Udchitz,Kindle,"Feb 24, 2021",
0,https://www.amazon.com/dp/B08XGQHGNT,B08XGQHGNT,Transactions on Petri Nets and Other Models of Concurrency XV (Lecture Notes in Computer Science Book 12530),Maciej Koutny,Paperback,"Feb 24, 2021",Springer
0,https://www.amazon.com/dp/B08XR9K194,B08XR9K194,"Cute Animal Notebook: 8,5 x 11 Inches 110 College Ruled Pages | Notebooks for Boys Girls Teens Women | School Home | Writing Notes Journal Diary | Golden Animals Notebook",Rose Ashford Publishing,Paperback,"Feb 27, 2021",Independently published
0,https://www.amazon.com/dp/B08XR9JZTH,B08XR9JZTH,"Irish I Was Napping Sloths Lover Shamrock St Patrick's Day: Journal / Notebook / Diary, 120 Blank Lined Pages, 6 x 9 inches, Matte Finish Cover, Great Gift For Kids And Adults",Christian Mhlbauer,Paperback,"Feb 27, 2021",Independently published
0,https://www.amazon.com/dp/B08XR9JZSV,B08XR9JZSV,Mushroom blank diary journal notebook,Alicia Fox,Paperback,"Feb 27, 2021",Independently published
0,https://www.amazon.com/dp/B08XR97M28,B08XR97M28,"Lab Notebook: 100 Pages | Science Lab Notebook | Perfect for Biology, Chemistry Students.",Succulent Press,Paperback,"Feb 27, 2021",Independently published
0,https://www.amazon.com/dp/B08XR97LY3,B08XR97LY3,"Check Register Book: Check Register Book Butterflies Cover 120 Pages, Size 8.5"" x 11"" To Check Bank Transaction and Debit Card Register |Log book for Checking Account",Corina Busch,Paperback,"Feb 27, 2021",Independently published
0,https://www.amazon.com/dp/B08XR97LM3,B08XR97LM3,Mermaid Primary Story Journal Composition Book: Grades K-2 Composition School Exercise Book | Dotted Midline and Picture Space | 140 Story Pages,Classic Books,Paperback,"Feb 27, 2021",Independently published
0,https://www.amazon.com/dp/B08XR97LJX,B08XR97LJX,Just A Girl Who Loves Mushroom: Perfect Notebook for Mushroom Lovers,Rakib Cute House,Paperback,"Feb 27, 2021",Independently published
0,https://www.amazon.com/dp/B08XR6RGVV,B08XR6RGVV,"Cute Animal Notebook: 8,5 x 11 Inches 100 Dot Grid Pages | Notebooks for Boys Girls Teens Women | School Home | Writing Notes Journal Diary | Golden Animals Notebook | 5 Dots Per Inch",Rose Ashford Publishing,Paperback,"Feb 27, 2021",Independently published
0,https://www.amazon.com/dp/B08XR37ZSP,B08XR37ZSP,"Math Notebook: Large Simple Graph Paper Notebook / Mathematics Notebook / 120 Quad ruled 5x5 pages 8.5 x 11 / Grid Paper Notebook for Math Students / ... (""Back to school"" graph paper notebooks)",Daemon Nash,Paperback,"Feb 27, 2021",Independently published
0,https://www.amazon.com/dp/B08XR37ZQ1,B08XR37ZQ1,"Math Notebook: Large Simple Graph Paper Notebook / Mathematics Notebook / 120 Quad ruled 5x5 pages 8.5 x 11 / Grid Paper Notebook for Math Students / ... (""Back to school"" graph paper notebooks)",Daemon Nash,Paperback,"Feb 27, 2021",Independently published
0,https://www.amazon.com/dp/B08XR37ZBM,B08XR37ZBM,personal expense tracker: notebook,ismail boussaid,Paperback,"Feb 27, 2021",Independently published
0,https://www.amazon.com/dp/B08XR37Z7D,B08XR37Z7D,"Graph Paper Composition: Grid Paper Notebook, Quad Ruled, 110 Sheets (Large, 8.5 x 11)",Phimabe Designs,Paperback,"Feb 27, 2021",Independently published
0,https://www.amazon.com/dp/B08XR1CJ86,B08XR1CJ86,"Luxury Checkered Dot-Grid Notebook Journal: Large (8.5 x 11 inches) || 120 Dotted Pages || Premium stylish Black Dotted Notebook [Office, Home & ... Anniversary Work Employee Appreciation Gift].",Jador Designz,Paperback,"Feb 27, 2021",Independently published
0,https://www.amazon.com/dp/B08XR1CJ4J,B08XR1CJ4J,"8th Grade Science Notebook: Primary Composition Lined Pages with College Ruled Papers for Writing Notes: Reminder of Due Date for Assignment, ... 8 Boy‘s Study of Living and Non Living Things",MARJB Stellar Papers Publishing,Paperback,"Feb 27, 2021",Independently published
0,https://www.amazon.com/dp/B08XR1BWBW,B08XR1BWBW,"Math Notebook: Large Simple Graph Paper Notebook / Mathematics Notebook / 120 Quad ruled 5x5 pages 8.5 x 11 / Grid Paper Notebook for Math Students / ... (""Back to school"" graph paper notebooks)",Daemon Nash,Paperback,"Feb 27, 2021",Independently published
0,https://www.amazon.com/dp/B08T12PDS5,B08T12PDS5,Bitter Shade: The Ecological Challenge of Human Consciousness (Yale Agrarian Studies Series),Michael R. Dove,Paperback,"Feb 1, 2021",Yale University Press
0,https://www.amazon.com/dp/B08XR1BWB1,B08XR1BWB1,"Math Notebook: Large Simple Graph Paper Notebook / Mathematics Notebook / 120 Quad ruled 5x5 pages 8.5 x 11 / Grid Paper Notebook for Math Students / ... (""Back to school"" graph paper notebooks)",Daemon Nash,Paperback,"Feb 27, 2021",Independently published
0,https://www.amazon.com/dp/B08XR1BVMP,B08XR1BVMP,"Lama: Dotted Animal Notebook, School Notebook, Journal, Diary, Daily Notebook",Delightful Spot,Paperback,"Feb 27, 2021",Independently published
0,https://www.amazon.com/dp/B08XR19P1N,B08XR19P1N,Bird Watching Log Book: Easy Bird Watching Notebook | Birding Journal to Record Bird Sightings | Perfect Gift for Bird Lover,Helen  C. Seventh,Paperback,"Feb 27, 2021",Independently published
0,https://www.amazon.com/dp/B08XR19N9Z,B08XR19N9Z,"(Cover) Password Book: Internet Password Organizer: 5"" x 8"" Small Password Journal | Password Logbook | Logbook To Protect Usernames: Password Book: Internet Password Organize",Auto Yaimai,Paperback,"Feb 27, 2021",Independently published
0,https://www.amazon.com/dp/B08XR19N4F,B08XR19N4F,"My journal: (Journal, Diary, Notebook) Watercolor Flowers, 8.5 x 11 150 pages (Empty Journals To Write In)",Samu notes,Paperback,"Feb 27, 2021",Independently published
0,https://www.amazon.com/dp/B08XNVDDRP,B08XNVDDRP,Outside Sudoku Level 4: Hard Vol. 39: Play Outside Sudoku 9x9 Nine Grid With Solutions Hard Level Volumes 1-40 Sudoku Cross Sums Variation Travel ... Mathematics Challenge All Ages Kids to Adults,Sophia Numerik,Paperback,"Feb 27, 2021",Independently published
0,https://www.amazon.com/dp/B08XNDNRBQ,B08XNDNRBQ,"100 Timed Tests: ADDITION SUBSTRACTION: Grades K-2, Math Drills, Practice Problems Paperback",KIM TAYRI,Paperback,"Feb 27, 2021",Independently published
0,https://www.amazon.com/dp/B08XNBYG7P,B08XNBYG7P,"IT'S A BIT FISHY IN HERE: Beautiful Calming Fish & Seaweed Themed Blank Medium Ruled Notebook. Ideal Gag Gift For Students, Teachers, Office Workers, ... Biologists, or For General Journal Writing",FISHY OCEAN PRESS,Paperback,"Feb 27, 2021",Independently published
0,https://www.amazon.com/dp/B08XNBYG5N,B08XNBYG5N,"Math Notebook: Large Simple Graph Paper Notebook / Mathematics Notebook / 120 Quad ruled 5x5 pages 8.5 x 11 / Grid Paper Notebook for Math Students / ... (""Back to school"" graph paper notebooks)",Daemon Nash,Paperback,"Feb 27, 2021",Independently published
0,https://www.amazon.com/dp/B08XNBYG3W,B08XNBYG3W,"Math Notebook: Large Simple Graph Paper Notebook / Mathematics Notebook / 120 Quad ruled 5x5 pages 8.5 x 11 / Grid Paper Notebook for Math Students / ... (""Back to school"" graph paper notebooks)",Daemon Nash,Paperback,"Feb 27, 2021",Independently published
0,https://www.amazon.com/dp/B08XNBYFRW,B08XNBYFRW,Newport Beach rhode island: beach journal for writing down thoughts for anyone that loves beach vacations and surfing,positive publishing,Paperback,"Feb 27, 2021",Independently published
0,https://www.amazon.com/dp/B08XNBYF5X,B08XNBYF5X,Primary Composition Notebook Story Paper Journal: Dotted Midline and Picture Space | Grades K-2 Composition School Exercise Book | 8.5 x 11 Inches,Classic Books,Paperback,"Feb 27, 2021",Independently published
0,https://www.amazon.com/dp/B08XNBYDLF,B08XNBYDLF,"Notebook: Large Size (8.5 x 11), 116 Lined Pages, Elegant cover design",Raid Books,Paperback,"Feb 27, 2021",Independently published
0,https://www.amazon.com/dp/B08XNBY9GL,B08XNBY9GL,"St. Patrick's Day Coloring Book For Kids: A Fun Kid Workbook Game For Learning, Irish Shamrock Coloring, Mazes, Word Search and More!",Trendy Coloring,Paperback,"Feb 27, 2021",Independently published
0,https://www.amazon.com/dp/B08XNBY9FN,B08XNBY9FN,"St. Patrick's Day Coloring Book For Kids: A Fun Kid Workbook Game For Learning, Irish Shamrock Coloring, Mazes, Word Search and More!",Trendy Coloring,Paperback,"Feb 27, 2021",Independently published
0,https://www.amazon.com/dp/B08XN9G7R7,B08XN9G7R7,Outside Sudoku Level 4: Hard Vol. 40: Play Outside Sudoku 9x9 Nine Grid With Solutions Hard Level Volumes 1-40 Sudoku Cross Sums Variation Travel ... Mathematics Challenge All Ages Kids to Adults,Sophia Numerik,Paperback,"Feb 27, 2021",Independently published
0,https://www.amazon.com/dp/B08XN7J2W5,B08XN7J2W5,Bird Watching Log Book: Easy Bird Watching Notebook | Birding Journal to Record Bird Sightings | Perfect Gift for Bird Lover,Helen  C. Seventh,Paperback,"Feb 27, 2021",Independently published
0,https://www.amazon.com/dp/B08XN7J2J2,B08XN7J2J2,"Cute Animal Notebook: 8,5 x 11 Inches 100 Dot Grid Pages | Notebooks for Boys Girls Teens Women | School Home | Writing Notes Journal Diary | Golden Animals Notebook | 5 Dots Per Inch",Rose Ashford Publishing,Paperback,"Feb 27, 2021",Independently published
0,https://www.amazon.com/dp/B08XN7HZB1,B08XN7HZB1,"300 Sudoku Hard Puzzles Book Vol.3: Sudoku hard book, puzzles for adults 300 puzzles",Jeff Cherry,Paperback,"Feb 27, 2021",Independently published
0,https://www.amazon.com/dp/B08XLNTGJD,B08XLNTGJD,Windoku Puzzle Book (Hyper Sudoku): 200 Easy to Hard Puzzles (Adult Brain Games Series),Dr. Khalid Alzamili,Paperback,"Feb 27, 2021",Independently published
0,https://www.amazon.com/dp/B08XLNTFL6,B08XLNTFL6,"St. Patrick's Day Coloring Book For Kids: A Fun Kid Workbook Game For Learning, Irish Shamrock Coloring, Mazes, Word Search and More!",Trendy Coloring,Paperback,"Feb 27, 2021",Independently published
0,https://www.amazon.com/dp/B08XLLF59H,B08XLLF59H,Notebook: Floral Notebook Journal - College Ruled - Composition Notebook -120 Pages - Large (8.5 x 11) Lined Paper flowers Cover,Elegant-Arts Publishing,Paperback,"Feb 27, 2021",Independently published
0,https://www.amazon.com/dp/B08XLLF568,B08XLLF568,"Put Your Hair Up In A Bun, Drink Some Coffee And Handle It: Awesome Guide Book For Women - Projects To Complete - Motivational Quote - 6×9 inches 120 ... Planner - Setting goals- achieve dreams",the future is female,Paperback,"Feb 27, 2021",Independently published
0,https://www.amazon.com/dp/B08XLLF4ZL,B08XLLF4ZL,"Math Notebook: Large Simple Graph Paper Notebook / Mathematics Notebook / 120 Quad ruled 5x5 pages 8.5 x 11 / Grid Paper Notebook for Math Students / ... (""Back to school"" graph paper notebooks)",Daemon Nash,Paperback,"Feb 27, 2021",Independently published
0,https://www.amazon.com/dp/B08XLLF4LQ,B08XLLF4LQ,"Sun and Moon: Celestial Journal | Dot Grid Journal Diary Notebook, 8"" x 10"" | Sun and Moon Journal, Celestial Notebook, Boho Diary | Astronomy ... for Sun and Moon lovers | black gold cover",Celestial Horizon,Paperback,"Feb 27, 2021",Independently published
0,https://www.amazon.com/dp/B08XLLF48W,B08XLLF48W,My Gardening Journal : Log Book and Planner for Gardeners: Gardener’s Logbook: Gardening lover’s large (8.5”x 11”) with 120 pages,Scopy Daft Publications,Paperback,"Feb 27, 2021",Independently published
0,https://www.amazon.com/dp/B08XLLDZ9R,B08XLLDZ9R,"Wolf Coloring Book: Wolf Coloring Book for Adults - 40 Mandala Style Wolf Illustrations to Release Stress, Wolf Gifts for Women",Riaz Publications,Paperback,"Feb 27, 2021",Independently published
0,https://www.amazon.com/dp/B08XLJ942V,B08XLJ942V,"Math Notebook: Large Simple Graph Paper Notebook / Mathematics Notebook / 120 Quad ruled 5x5 pages 8.5 x 11 / Grid Paper Notebook for Math Students / ... (""Back to school"" graph paper notebooks)",Daemon Nash,Paperback,"Feb 27, 2021",Independently published
0,https://www.amazon.com/dp/B08SHS2Y28,B08SHS2Y28,Growing Pains!: How I Grew Hemp,Dora Wilson-Jefferson,Paperback,"Feb 23, 2021",Taxmaster 2020 LLC
0,https://www.amazon.com/dp/B0D1W1L6RT,B0D1W1L6RT,Autonomous Safety Control of Flight Vehicles,Xiang Yu,Paperback,"Feb 23, 2021",CRC Press
0,https://www.amazon.com/dp/B0CZP7Z2FZ,B0CZP7Z2FZ,Acid Mine Drainage: From Waste to Resources,Geoffrey S. Simate,Paperback,"Feb 23, 2021",CRC Press
0,https://www.amazon.com/dp/B08XNWHXKB,B08XNWHXKB,"Draining the Swamp, Southern Style: North Carolina and Florida Wetlands and the Wright Report Scandal, 1896-1926",Bruce D. Epperson,Paperback,"Feb 23, 2021",McFarland
0,https://www.amazon.com/dp/B08XBV8L14,B08XBV8L14,Understanding the behaviour and improving the welfare of dairy cattle (Burleigh Dodds Series in Agricultural Science Book 98),Prof Marcia Endres,Hardcover,"Feb 23, 2021",Burleigh Dodds Science Publishing
0,https://www.amazon.com/dp/B08XBKFNTR,B08XBKFNTR,Excel 2019 for Marketing Statistics: A Guide to Solving Practical Problems (Excel for Statistics),Thomas J. Quirk,Paperback,"Feb 23, 2021",Springer
0,https://www.amazon.com/dp/B08XBFDG8D,B08XBFDG8D,Quantum Field Theory: A quantum computation approach (IOP ebooks),Professor Yannick Meurice,Paperback,"Feb 23, 2021",Institute of Physics Publishing
0,https://www.amazon.com/dp/B08XB3MZ98,B08XB3MZ98,Political Ecology: Deconstructing Capital and Territorializing Life,Enrique Leff,Paperback,"Feb 23, 2021",Palgrave Macmillan
0,https://www.amazon.com/dp/B08WR5X67J,B08WR5X67J,Real-World Software Projects for Computer Science and Engineering Students,Varun Gupta,Paperback,"Feb 23, 2021",CRC Press
0,https://www.amazon.com/dp/B0D1GPFRXQ,B0D1GPFRXQ,"Perspectives on Environmental History in East Asia: Changes in the Land, Water and Air (Academia Sinica on East Asia)",Ts'ui-jung Liu,Paperback,"Feb 23, 2021",Routledge
0,https://www.amazon.com/dp/B08Z3LG4HM,B08Z3LG4HM,Sustaining Tomorrow Via Innovative Engineering,David S-K Ting,Hardcover,"Feb 23, 2021",World Scientific
0,https://www.amazon.com/dp/B08Z329KWQ,B08Z329KWQ,Thermoelectric Energy Conversion Devices And Systems (Wspc Series In Advanced Integration And Packaging Book 7),Kazuaki Yazawa,Hardcover,"Feb 23, 2021",World Scientific
0,https://www.amazon.com/dp/B08XF8693S,B08XF8693S,Organic Pest Management Homes and Landscapes For Pest Professionals,Tom Pote,Paperback,"Feb 23, 2021",
0,https://www.amazon.com/dp/B08XDH43TP,B08XDH43TP,8th Edition Stewart Early Transcendentals Or Regular Calculus Section 11.1 Question 17: Written + Video Solution (Solved Calculus Questions With Written and Video Answers),M S,Kindle,"Feb 23, 2021",
0,https://www.amazon.com/dp/B08XD5Y94C,B08XD5Y94C,Cat Egyptian Pekhet: In Bronze Age England Part Two,Dean  Clarke,Kindle,"Feb 23, 2021",
0,https://www.amazon.com/dp/B08XC7ZXTR,B08XC7ZXTR,8th Edition Stewart Early Transcendentals Or Regular Calculus Section 11.1 Question : Written + Video Solution (Solved Calculus Questions With Written and Video Answers),H B,Kindle,"Feb 23, 2021",
0,https://www.amazon.com/dp/B08XC7DRWC,B08XC7DRWC,8th Edition Stewart Early Transcendentals Or Regular Calculus Section 11.1 Question 18: Written + Video Solution (Solved Calculus Questions With Written and Video Answers),Happyston,Kindle,"Feb 23, 2021",
0,https://www.amazon.com/dp/B08XC3XS63,B08XC3XS63,AWAKENING: It’s Your Time To Remember Who You Really Are!,Julie Capri,Kindle,"Feb 23, 2021",
0,https://www.amazon.com/dp/B08XBYSCTY,B08XBYSCTY,Mathematical Analysis | Theory and Solved Exercises with Practice Book : Complex Higher Maths Made Easy,Sudica Semedo,Paperback,"Feb 23, 2021",
0,https://www.amazon.com/dp/B08XBYC5VD,B08XBYC5VD,How to Learn-Master Your Brain: 25 Proven Simple Habits to Skyrocket your learning skills in just 30 days: How to Learn Anything,I.K. Khan,Kindle,"Feb 23, 2021",
0,https://www.amazon.com/dp/B08XBXJDRZ,B08XBXJDRZ,Reactive Oxygen Species: Network Pharmacology and Therapeutic Applications (Handbook of Experimental Pharmacology 264),Harald H. H. W. Schmidt,Paperback,"Feb 23, 2021",Springer
0,https://www.amazon.com/dp/B0GHYWBM5P,B0GHYWBM5P,"Blockchain from First Principles: A Mathematical and Systems Introduction to Ledgers, Consensus, and Security",Juan Luis Vargas Molina,Kindle,"Apr 20, 2026",
0,https://www.amazon.com/dp/B08XLJ93GL,B08XLJ93GL,Rustic Log Guest Book for Vacation Home Cabin edition: Welcome guest book for vacation home - Visitor Sign In book (100 Pages),Love Rustic Press,Paperback,"Feb 27, 2021",Independently published
0,https://www.amazon.com/dp/B08XLJ93D3,B08XLJ93D3,"Graph Paper Composition Notebook green.: Lined notebook for Math & Science Students,(8.5×11) inch ,120 page.",youssef bakkal,Paperback,"Feb 27, 2021",Independently published
0,https://www.amazon.com/dp/B08XLJ939R,B08XLJ939R,Sudoku Puzzle Book for Adults Large Print Medium Hard Over 1000 Challenging Games from Publish Ink: Weekly Activity Logic & Brain Health Teasers Challenge Issue Number MH 2021 week 3,Publish Ink,Paperback,"Feb 27, 2021",Independently published
0,https://www.amazon.com/dp/B08XLJ92XR,B08XLJ92XR,"365 Days Undated Planner With Cute Cactus Designed: Yearly Plan, Calendar and Monthly Plan With Monthly Goals, And Daily Plan With To-do list For One ... Can Start Your Plan Anytime! (6x9, 223 Pages)",Pavi K.,Paperback,"Feb 27, 2021",Independently published
0,https://www.amazon.com/dp/B08XLJ92XC,B08XLJ92XC,"Cute Animal Notebook: 8,5 x 11 Inches 110 College Ruled Pages | Notebooks for Boys Girls Teens Women | School Home | Writing Notes Journal Diary | Golden Animals Notebook",Rose Ashford Publishing,Paperback,"Feb 27, 2021",Independently published
0,https://www.amazon.com/dp/B08XLJ92QT,B08XLJ92QT,"Graph Paper Notebook: Math and Science Students - Blank Quad Ruled 4x4 Pages (4 squares per inch) | 8.5"" x 11"" - 120 Pages",Sumon Journals,Paperback,"Feb 27, 2021",Independently published
0,https://www.amazon.com/dp/B08XLJ92QN,B08XLJ92QN,"The 5-Minute Journal: Gratitude, Balance and Inspiration, Reflections for a Powerful Life, Practice Positivity, Find Joy and Motivation, Stress Resistance",Olivia Quinn,Paperback,"Feb 27, 2021",Independently published
0,https://www.amazon.com/dp/B08XLJ92L4,B08XLJ92L4,"Inventory Log Book: Leafs Cover Inventory Log Book, Inventory Log Book For Business | Simple Inventory Tracker, 120 Pages, Size 8.5"" x 11""",Corina Busch,Paperback,"Feb 27, 2021",Independently published
0,https://www.amazon.com/dp/B08XLJ8ZVY,B08XLJ8ZVY,A Wonderful Winter of Kakuro 14 x 14 Round 4: Hard Volume 20: Play Kakuro Japanese Puzzle Game Book Numbers Mathematical Cross Sums Addition Based ... Kids to Adults Beginner Hard Level Christmas,Stella Zahlenspiel,Paperback,"Feb 27, 2021",Independently published
0,https://www.amazon.com/dp/B08XLGJTBJ,B08XLGJTBJ,"The outside world: Blue Ocean Summer Notebook, Lined Notebook Journal,Planner or Diary | 120 Pages | Ruled Notebook ( 6"" x 9"" )",Jasmin Publishing,Paperback,"Feb 27, 2021",Independently published
0,https://www.amazon.com/dp/B08XLGJSYH,B08XLGJSYH,Engineering Notebook: 100 Pages of Computational Grid Pages | Perfect for Engineers and Designers.,Succulent Press,Paperback,"Feb 27, 2021",Independently published
0,https://www.amazon.com/dp/B08XLGJSSC,B08XLGJSSC,"Cute Animal Notebook: 8,5 x 11 Inches 110 College Ruled Pages | Notebooks for Boys Girls Teens Women | School Home | Writing Notes Journal Diary | Golden Animals Notebook",Rose Ashford Publishing,Paperback,"Feb 27, 2021",Independently published
0,https://www.amazon.com/dp/B08XLGJS85,B08XLGJS85,"NOTEBOOK; Sky, star, themed lined notebook for kids, girls, boys and adults: 120 Pages with blue accents notebook",Sky Star,Paperback,"Feb 27, 2021",Independently published
0,https://www.amazon.com/dp/B08XLGJQ4Y,B08XLGJQ4Y,"300 Sudoku Hard Puzzles Book Vol.1: sudoku hard book, puzzles for adults 300 puzzles",Jeff Cherry,Paperback,"Feb 27, 2021",Independently published
0,https://www.amazon.com/dp/B08XLGJP1P,B08XLGJP1P,"Wolf Coloring Book: Stress Relieving Wolf Coloring Book for Adults, Wolf Gifts for Women with Stress Relieving Mandala Designs",Real Illustrations,Paperback,"Feb 27, 2021",Independently published
0,https://www.amazon.com/dp/B08XLGGH86,B08XLGGH86,"Graph Paper Composition Notebook green.: Lined notebook for Math & Science Students,(8.5×11) inch,120 page.",youssef bakkal,Paperback,"Feb 27, 2021",Independently published
0,https://www.amazon.com/dp/B08XLGGGXB,B08XLGGGXB,"Inventory Log Book: inventory list notebook Butterflies Cover, Large Inventory Log Book - 120 Pages, Size 8.5"" x 11"" for Business and Home -inventory log book for home",Corina Busch,Paperback,"Feb 27, 2021",Independently published
0,https://www.amazon.com/dp/B08XLGGDNG,B08XLGGDNG,A Wonderful Winter of Kakuro 14 x 14 Round 4: Hard Volume 19: Play Kakuro Japanese Puzzle Game Book Numbers Mathematical Cross Sums Addition Based ... Kids to Adults Beginner Hard Level Christmas,Stella Zahlenspiel,Paperback,"Feb 27, 2021",Independently published
0,https://www.amazon.com/dp/B08XLGGCTS,B08XLGGCTS,Guinea Pig Coloring Book: 40 Single-Sided Unique Guinea Pig Coloring Pages in Mandala Style with Intricate Patterns to Release Stress,Traylor Illustrations,Paperback,"Feb 27, 2021",Independently published
0,https://www.amazon.com/dp/B08XLGFW57,B08XLGFW57,"Fire Safety Log Book: Fire maintenance and inspections Testing Log book | Fire Register Log Book | Health Compliance Record Book | Fire Alarm Testing ... Business, Schools | 6x9, 110 pages",Firy publishing,Paperback,"Feb 27, 2021",Independently published
0,https://www.amazon.com/dp/B08XLGFVK2,B08XLGFVK2,"Inventory Log Book: Rabbits And Fox Cover inventory list notebook, Large Inventory Log Book - 120 Pages, Size 8.5"" x 11"" for Business and Home - inventory log book cute",Corina Busch,Paperback,"Feb 27, 2021",Independently published
0,https://www.amazon.com/dp/B08XLGFV31,B08XLGFV31,"Graph Paper Composition Notebook: Butterflies Cover | Grid Paper Notebook, Quad Ruled, 100 Sheets, Size 8.5"" x 11""",Corina Busch,Paperback,"Feb 27, 2021",Independently published
0,https://www.amazon.com/dp/B08XLGFNWY,B08XLGFNWY,zoo animals: coloring book for kids ages 1-3 (Dover Little Activity Books),The Future Coloring Box,Paperback,"Feb 27, 2021",Independently published
0,https://www.amazon.com/dp/B08XL9R3LN,B08XL9R3LN,Pi Day: Gifts | Graph Paper Notebook Horizontal with 2D Geometric Formulas | Grid Notebook,Karolina Perlinska,Paperback,"Feb 27, 2021",Independently published
0,https://www.amazon.com/dp/B08XL9R3DM,B08XL9R3DM,"Math Notebook: Large Simple Graph Paper Notebook / Mathematics Notebook / 120 Quad ruled 5x5 pages 8.5 x 11 / Grid Paper Notebook for Math Students / ... (""Back to school"" graph paper notebooks)",Daemon Nash,Paperback,"Feb 27, 2021",Independently published
0,https://www.amazon.com/dp/B08XL9R2FQ,B08XL9R2FQ,"Cute Animal Notebook: 8,5 x 11 Inches 100 Dot Grid Pages | Notebooks for Boys Girls Teens Women | School Home | Writing Notes Journal Diary | Golden Animals Notebook | 5 Dots Per Inch",Rose Ashford Publishing,Paperback,"Feb 27, 2021",Independently published
0,https://www.amazon.com/dp/B08XL9QMRK,B08XL9QMRK,"Math Notebook: Large Simple Graph Paper Notebook / Mathematics Notebook / 120 Quad ruled 5x5 pages 8.5 x 11 / Grid Paper Notebook for Math Students / ... (""Back to school"" graph paper notebooks)",Daemon Nash,Paperback,"Feb 27, 2021",Independently published
0,https://www.amazon.com/dp/B08XL9QMK7,B08XL9QMK7,"Grade 8 Science Notebook: Primary Composition Lined Pages with College Ruled Papers for Note-Taking: Reminder of Due Date for Assignment, Homework, ... Boy’s Study of Living and Non Living Things",MARJB Stellar Papers Publishing,Paperback,"Feb 27, 2021",Independently published
0,https://www.amazon.com/dp/B08XL9QM3H,B08XL9QM3H,Sudoku Puzzle Book for Adults Large Print Medium Hard Over 1000 Challenging Games from Publish Ink: Weekly Activity Logic & Brain Health Teasers Challenge Issue Number MH 2021 week 4,Publish Ink,Paperback,"Feb 27, 2021",Independently published
0,https://www.amazon.com/dp/B08XL9QLPC,B08XL9QLPC,"Cute Animal Notebook: 8,5 x 11 Inches 110 College Ruled Pages | Notebooks for Boys Girls Teens Women | School Home | Writing Notes Journal Diary | Golden Animals Notebook",Rose Ashford Publishing,Paperback,"Feb 27, 2021",Independently published
0,https://www.amazon.com/dp/B08XL9QLGH,B08XL9QLGH,Graph Paper Composition Book: 100 Pages Black Quad Ruled | Notebook For Math And Science Students,Vijay Sharma,Paperback,"Feb 27, 2021",Independently published
0,https://www.amazon.com/dp/B08XL9QL3Q,B08XL9QL3Q,"heart or Rose both need care: (Journal, Diary, Notebook) Watercolor Flowers, 8.5 x 11 150 pages (Empty Journals To Write In)",samu notes,Paperback,"Feb 27, 2021",Independently published
0,https://www.amazon.com/dp/B08XL9QH15,B08XL9QH15,"St. Patrick's Day Activity Book For Kids: A Fun Kid Workbook Game For Learning, Irish Shamrock Coloring, Mazes, Word Search and More!",Trendy Coloring,Paperback,"Feb 27, 2021",Independently published
0,https://www.amazon.com/dp/B08XL7ZK79,B08XL7ZK79,"Sudoku Off The Grid Puzzle Book for Adults Edition #1: 16x16 grid sized Sudoku Puzzles, Beginners Edition,180 puzzles over 3 levels, Very easy, Less Easy, More Difficult",Captain Peter Books,Paperback,"Feb 27, 2021",Independently published
0,https://www.amazon.com/dp/B08XL7ZHRC,B08XL7ZHRC,"Caticorn Coloring Book For Kids Ages 4-8: Adorable Caticorn Coloring Book for Kids With Cute Designs Of Caticorns, Rainbows Girls color books",Caticorn funn Publishing,Paperback,"Feb 27, 2021",Independently published
0,https://www.amazon.com/dp/B08XL7ZH8V,B08XL7ZH8V,Hyper Sudoku Puzzle Book (Windoku): 200 Easy to Hard Puzzles (Adult Brain Games Series),Dr. Khalid Alzamili,Paperback,"Feb 27, 2021",Independently published
0,https://www.amazon.com/dp/B08XL7ZG33,B08XL7ZG33,"St. Patrick's Day Activity Book For Kids: A Fun Kid Workbook Game For Learning, Irish Shamrock Coloring, Mazes, Word Search and More!",Trendy Coloring,Paperback,"Feb 27, 2021",Independently published
0,https://www.amazon.com/dp/B08XL7Z2KD,B08XL7Z2KD,"Graph Paper Notebook: Large Simple Graph Paper Journal - Quad Ruled, 120 Sheets (Large, 8.5 x 11 inches) - Grid Paper Notebook for Math and Science Students Paperback",Aodtava Designer,Paperback,"Feb 27, 2021",Independently published
0,https://www.amazon.com/dp/B08XL7Z26L,B08XL7Z26L,Newport Beach rhode island: beach journal for writing down thoughts for anyone that loves beach vacations and surfing,positive publishing,Paperback,"Feb 27, 2021",Independently published
0,https://www.amazon.com/dp/B08XL7Z22P,B08XL7Z22P,A Mother's Journey: A Journal for Mothers to Record their Daily Misadventures.,Mom's First Printing,Paperback,"Feb 27, 2021",Independently published
0,https://www.amazon.com/dp/B08XL7YZVN,B08XL7YZVN,"notebook: (Journal, Diary, Notebook) Watercolor Flowers, 8.5 x 11 150 pages (Empty Journals To Write In)",samu flowers notes,Paperback,"Feb 27, 2021",Independently published
0,https://www.amazon.com/dp/B08XK6LSTQ,B08XK6LSTQ,"Grade 8 Science Notebook: Primary Composition Lined Pages with College Ruled Papers for Note-Taking: Reminder of Due Date for Assignment, Homework, ... Girl’s Study of Living and Non Living Things",MARJB Stellar Papers Publishing,Paperback,"Feb 27, 2021",Independently published
0,https://www.amazon.com/dp/B08XJT5C84,B08XJT5C84,"Horse Notebook: Colorful Horse Notebook , A Horse Riding Journal, Equestrian Sport , Lined Journal Notebook | 120 Pages | 6"" x 9""",Jasmin Publishing,Paperback,"Feb 27, 2021",Independently published
0,https://www.amazon.com/dp/B08XJNZXXX,B08XJNZXXX,"A4 Exercise Book: 100 pages 90gsm, 10mm Squared Exercise Book Ruled Grid White Paper for Schools and Colleges -Blue Paperback",SAMSAROLA,Paperback,"Feb 27, 2021",Independently published
0,https://www.amazon.com/dp/B08XJ8PX32,B08XJ8PX32,"Graph Paper Composition Lined notebook brouwn.: Lined notebook for Math & Science Students ,(8.5×11) inch,120 page.",youssef  bakkal,Paperback,"Feb 27, 2021",Independently published
0,https://www.amazon.com/dp/B08XJ3MFSH,B08XJ3MFSH,"Beer Tasting Journal: Beer Tasting Journal Butterflies Cover, Beer tasting journal makes a great beer lovers gift, 120 Pages, Size 8"" x 10""",Corina Busch,Paperback,"Feb 27, 2021",Independently published
0,https://www.amazon.com/dp/B08XH2JRWC,B08XH2JRWC,"Graph Paper Composition Notebook: Leafs Graph Paper Composition, Grid Paper Notebook, Quad Ruled, 100 Sheets, Size 8.5"" x 11""",Corina Busch,Paperback,"Feb 27, 2021",
0,https://www.amazon.com/dp/B08XGSTQXM,B08XGSTQXM,"300 Sudoku Hard Puzzles Book Vol.2: Sudoku hard book, puzzles for adults 300 puzzles",Jeff Cherry,Paperback,"Feb 27, 2021",
0,https://www.amazon.com/dp/B08XL9QX6T,B08XL9QX6T,Suguru Puzzle Book: 200 Easy to Hard (14x14) Puzzles (Adult Brain Games Series),Dr. Khalid Alzamili,Paperback,"Feb 26, 2021",
0,https://www.amazon.com/dp/B08XBTXBPX,B08XBTXBPX,Agri-food and Forestry Sectors for Sustainable Development: Innovations to Address the Ecosystems-Resources-Climate-Food-Health Nexus (Sustainable Development Goals Series),Francesco Meneguzzo,Paperback,"Feb 23, 2021",
0,https://www.amazon.com/dp/B08XBR5RSL,B08XBR5RSL,8th Edition Stewart Early Transcendentals Or Regular Calculus Section 11.1 Question 24: Written + Video Solution (Solved Calculus Questions With Written and Video Answers),t o,Kindle,"Feb 23, 2021",
0,https://www.amazon.com/dp/B08XBP8FGL,B08XBP8FGL,Arithmetic and Algebraic Circuits (Intelligent Systems Reference Library Book 201),Antonio Lloris Ruiz,Paperback,"Feb 23, 2021",
0,https://www.amazon.com/dp/B08XBMVLB6,B08XBMVLB6,Time-dependent Problems in Imaging and Parameter Identification,Barbara Kaltenbacher,Paperback,"Feb 23, 2021",
0,https://www.amazon.com/dp/B08XBMTB68,B08XBMTB68,"Neutrosophic Sets and Systems: An International Journal in Information Science and Engineering, Vol 37",Florentin  Smarandache,Kindle,"Feb 23, 2021",
0,https://www.amazon.com/dp/B08XBLZ9L4,B08XBLZ9L4,Obesity and its Impact on Health,Methil Kannan Kutty,Paperback,"Feb 23, 2021",
0,https://www.amazon.com/dp/B08XBLVB4X,B08XBLVB4X,"Neutrosophic Sets and Systems: An International Journal in Information Science and Engineering, Vol 32",Florentin  Smarandache,Kindle,"Feb 23, 2021",
0,https://www.amazon.com/dp/B08XBLHZ7D,B08XBLHZ7D,The Rise of Astrophysics in Modern Spain: From Dictatorship to Democracy (Astronomers' Universe),Francisco Sánchez,Paperback,"Feb 23, 2021",
0,https://www.amazon.com/dp/B08XBL8J1N,B08XBL8J1N,"Mathematics of Uncertainty for Coping with World Challenges: Climate Change, World Hunger, Modern Slavery, Coronavirus, Human Trafficking (Studies in Systems, Decision and Control Book 353)",John N. Mordeson,Paperback,"Feb 23, 2021",
0,https://www.amazon.com/dp/B08XBHD163,B08XBHD163,Superconductivity and Electromagnetism (Springer Series in Solid-State Sciences Book 195),Teruo Matsushita,Paperback,"Feb 23, 2021",
0,https://www.amazon.com/dp/B08XBF32RN,B08XBF32RN,Nanotechnology in Edible Food Packaging: Food Preservation Practices for a Sustainable Future (Materials Horizons: From Nature to Nanomaterials),Vimal Katiyar,Paperback,"Feb 23, 2021",
0,https://www.amazon.com/dp/B08XBDQH6T,B08XBDQH6T,Quadruple Neutrosophic Theory Vol 1,Florentin  Smarandache,Kindle,"Feb 23, 2021",
0,https://www.amazon.com/dp/B08XBDK8Q7,B08XBDK8Q7,"Light Metals 2021: 50th Anniversary Edition (The Minerals, Metals & Materials Series)",Linus Perander,Paperback,"Feb 23, 2021",
0,https://www.amazon.com/dp/B08XBCQTZS,B08XBCQTZS,"Neutrosophic Sets and Systems: An International Journal in Information Science and Engineering, Vol 33",Florentin  Smarandache,Kindle,"Feb 23, 2021",
0,https://www.amazon.com/dp/B08XBCDGS1,B08XBCDGS1,Physiology of Human Female Lactation,Nikolai Petrovitch Alekseev,Paperback,"Feb 23, 2021",
0,https://www.amazon.com/dp/B08XB9VM2H,B08XB9VM2H,Advances in Heterocyclic Chemistry (Volume 133),Eric F.V. Scriven,Hardcover,"Feb 23, 2021",
0,https://www.amazon.com/dp/B08XB9JQCG,B08XB9JQCG,Technology-Assisted Guided Discovery to Support Learning: Investigating the Role of Parameters in Quadratic Functions (Essener Beiträge zur Mathematikdidaktik),Lisa Göbel,Paperback,"Feb 23, 2021",Springer Spektrum
0,https://www.amazon.com/dp/B08XB7SBZ3,B08XB7SBZ3,Fighting Campylobacter Infections: Towards a One Health Approach (Current Topics in Microbiology and Immunology Book 431),Steffen Backert,Paperback,"Feb 23, 2021",
0,https://www.amazon.com/dp/B08XB51WKM,B08XB51WKM,Applied Mathematics for Environmental Problems (SEMA SIMAI Springer Series Book 6),María Isabel Asensio,Paperback,"Feb 23, 2021",
0,https://www.amazon.com/dp/B08XB4GBLW,B08XB4GBLW,Collectanea Librorum Smarandache`s Books,Florentin  Smarandache,Kindle,"Feb 23, 2021",
0,https://www.amazon.com/dp/B08XB3V5TT,B08XB3V5TT,SCIENTIA MAGNA: An international journal,Edited : School of Mathematics Northwest University P.R. China,Kindle,"Feb 23, 2021",
0,https://www.amazon.com/dp/B08X9YG6KS,B08X9YG6KS,"China Internet Development Report 2019: Blue Book for World Internet Conference, Translated by CCTB Translation Service",Publishing House of Electronics Industry,Paperback,"Feb 23, 2021",
0,https://www.amazon.com/dp/B08X9XGJJ2,B08X9XGJJ2,"TMS 2021 150th Annual Meeting & Exhibition Supplemental Proceedings (The Minerals, Metals & Materials Series)",Metals & Materials Society The Minerals,Paperback,"Feb 23, 2021",
0,https://www.amazon.com/dp/B08X9XDT5K,B08X9XDT5K,Heart and Neurologic Disease (Handbook of Clinical Neurology 177) (Volume 177),Jose Biller MD  FACP  FAAN  FANA  FAHA,Hardcover,"Feb 23, 2021",
0,https://www.amazon.com/dp/B08X9TYD9P,B08X9TYD9P,Plithogenic Graphs,W. B. Vasantha  Kandasamy,Kindle,"Feb 23, 2021",
0,https://www.amazon.com/dp/B08WNFN9LM,B08WNFN9LM,Entrepreneurship and Work in the Gig Economy: The Case of the Western Balkans (Routledge Focus on Business and Management),Mirjana Radović – Marković,Paperback,"Feb 23, 2021",
0,https://www.amazon.com/dp/B08W27QX8S,B08W27QX8S,Hard Rock Hydraulics: An Introduction to Modeling,Fernando Olavo Franciss,Paperback,"Feb 23, 2021",
0,https://www.amazon.com/dp/B08VQ4Z93V,B08VQ4Z93V,Spatial Dynamics and Pattern Formation in Biological Populations,Ranjit Kumar Upadhyay,Hardcover,"Feb 23, 2021",
0,https://www.amazon.com/dp/B08T7QRKR9,B08T7QRKR9,"Monastery for the Ibex, A: Conservation, State, and Conflict on the Gran Paradiso, 1919-1949",Wilko Graf von Hardenberg,Hardcover,"Feb 23, 2021",
0,https://www.amazon.com/dp/B09M4CF8HL,B09M4CF8HL,Algebraic Combinatorics,Eiichi Bannai,Hardcover,"Feb 22, 2021",De Gruyter
0,https://www.amazon.com/dp/B09H37VCN8,B09H37VCN8,Digital Humanities and Research Methods in Religious Studies: An Introduction (Introductions to Digital Humanities – Religion),Christopher D. Cantwell,Paperback,"Feb 22, 2021",
0,https://www.amazon.com/dp/B08X6DZQ2C,B08X6DZQ2C,"6th International Symposium of Space Optical Instruments and Applications: Delft, the Netherlands, September 24–25, 2019 (Space Technology Proceedings Book 7)",H. Paul Urbach,Paperback,"Feb 22, 2021",Springer
0,https://www.amazon.com/dp/B0D1GQGLFG,B0D1GQGLFG,Gender Inequalities: GIS Approaches to Gender Analysis,Esra Ozdenerol,Paperback,"Feb 22, 2021",
0,https://www.amazon.com/dp/B08XL7YYB6,B08XL7YYB6,Penguin Notebook: The Winter Penguin Cute Notebook (6 x 9) - 100 Pages,Whimsical Animal Stationary,Paperback,"Feb 26, 2021",
0,https://www.amazon.com/dp/B08XLJ8WWW,B08XLJ8WWW,Wolf Coloring Book: 40 Single-Sided Unique Wolf Coloring Pages in Mandala Style with Intricate Patterns to Release Stress,Traylor Illustrations,Paperback,"Feb 26, 2021",
0,https://www.amazon.com/dp/B08XL7ZJDC,B08XL7ZJDC,THE NEW ELEMENTARY PROCEDURE TO ARTIFICIAL INTELLIGENCE AND ROBOTICS FOR BEGINNERS,Philips Coleman PH.D,Paperback,"Feb 26, 2021",
0,https://www.amazon.com/dp/B08XL9QJMP,B08XL9QJMP,Systems Thinking in a Complex World,Susan Johnson,Paperback,"Feb 26, 2021",
0,https://www.amazon.com/dp/B0FGVMGCFG,B0FGVMGCFG,Newport Beach rhode island: beach journal for writing down thoughts for anyone that loves beach vacations and surfing,positive publishing,Paperback,"Feb 26, 2021",
0,https://www.amazon.com/dp/B08ZBJF6CT,B08ZBJF6CT,"Journal: Celestial Journal, Celestial Notebook, Zodiac Journal, Lined Notebook, Lined pages, gold sun moon and stars",LululikesU Chang,Paperback,"Feb 26, 2021",
0,https://www.amazon.com/dp/B08Y35YPNV,B08Y35YPNV,"Deer Notebook: 100 Page Notebook A5, Extra Chunky 100 page Journal in multicolor , 100 pages - 50 sheets, Classic Lined pages, College Ruled paper , ... Cover: 6''9'' in 100 pages Notebook Notepad",Ali Turkben,Paperback,"Feb 26, 2021",
0,https://www.amazon.com/dp/B08XXY3WCH,B08XXY3WCH,"Creature of the deep - Octopus Notebook: Softcover Ocean Journal, Sea Life Monster Diary, Logbook (High Art, Pop Art, Low Art, Pirates and the French)",S&P Creative Labs,Paperback,"Feb 26, 2021",
0,https://www.amazon.com/dp/B08XXY2J8X,B08XXY2J8X,"Sketch book: Space Galaxy Universe cover Practice Drawing , writing, sketching and doodling, wide papers | 7.44"" x9.69"" inches, with 120 blank white ... for boys, girls, fathers, mothers, adults",medox Edition,Paperback,"Feb 26, 2021",
0,https://www.amazon.com/dp/B08XRXQ82K,B08XRXQ82K,Adult Coloring Book Over 40 Stress Relieving Animal Designs: Beautiful Artwork and Designs | Perfect For Those Who Love Animals,Thomas Parker,Paperback,"Feb 26, 2021",
0,https://www.amazon.com/dp/B08XR9K1MK,B08XR9K1MK,"Notebook: Rainy Umbrelly Notebook for all those that enjoy a bit of rain, great Christmas of Birthday gift",Cute Fashionable Notebooks,Paperback,"Feb 26, 2021",
0,https://www.amazon.com/dp/B08XNVDFV6,B08XNVDFV6,Science Notebook: Large Simple Graph Paper Notebook / Science Notebook / 120 Quad ruled 5x5 pages 8.5 x 11 / Grid Paper Notebook for Science Students,Daemon Nash,Paperback,"Feb 26, 2021",
0,https://www.amazon.com/dp/B08XNVDFQL,B08XNVDFQL,Natural Artificial (The Message),Being of Beings,Paperback,"Feb 26, 2021",
0,https://www.amazon.com/dp/B08XNVDFJL,B08XNVDFJL,Graph Paper Notebook: Large Simple Graph Paper Journal - 120 Quad Ruled 4x4 Pages 8.5 x 11 inches - Grid Paper & Composition Notebook for Math and ... Cover (Notebook | Turing Patterns Series),Zakaria Elaloui,Paperback,"Feb 26, 2021",
0,https://www.amazon.com/dp/B08XNVDF1J,B08XNVDF1J,"Composition Book: Kids Dinosaur Dotted Midline and Picture Space to Create Stories, Practice Writing and Develop Creativity",PHOENIX BURTON,Paperback,"Feb 26, 2021",
0,https://www.amazon.com/dp/B08X6LBD6S,B08X6LBD6S,The Impact of Scale on Children’s Spatial Thought: A Quantitative Study for Two Settings in Geometry Education (Studien zur theoretischen und empirischen Forschung in der Mathematikdidaktik),Cathleen Heil,Paperback,"Feb 22, 2021",
0,https://www.amazon.com/dp/B08S59RHCG,B08S59RHCG,"Social Work, Young Migrants and the Act of Listening: Becoming an Unaccompanied Child (Routledge Advances in Social Work)",Marcus Herz,Paperback,"Feb 22, 2021",
0,https://www.amazon.com/dp/B08R5W8M5J,B08R5W8M5J,Energy Transition,Bertrand Cassoret,Paperback,"Feb 23, 2021",
0,https://www.amazon.com/dp/B09M4DNZ4K,B09M4DNZ4K,Recent Developments in Sturm-Liouville Theory,Anton Zettl,Kindle,"Feb 22, 2021",
0,https://www.amazon.com/dp/B09M4DLR2F,B09M4DLR2F,Protecting Electrical Equipment: New Practices for Preventing High Altitude Electromagnetic Pulse Impacts,Vladimir Gurevich,Hardcover,"Feb 22, 2021",De Gruyter
0,https://www.amazon.com/dp/B09M4CP68G,B09M4CP68G,Middle Assyrian Seal Motifs from Tell Fekheriye (Syria),Dominik Bonatz,Hardcover,"Feb 22, 2021",
0,https://www.amazon.com/dp/B09M4BGNHM,B09M4BGNHM,Elliptic and Parabolic Equations Involving the Hardy-Leray Potential,Ireneo Peral Alonso,Hardcover,"Feb 22, 2021",
0,https://www.amazon.com/dp/B09M4B7PP7,B09M4B7PP7,Beyond Documentary Realism: Aesthetic Transgressions in British Verbatim Theatre (Contemporary Drama in English Studies Book 30),Cyrielle Garson,Hardcover,"Feb 22, 2021",De Gruyter
0,https://www.amazon.com/dp/B09M497HF2,B09M497HF2,"Superabsorbent Polymers: Chemical Design, Processing and Applications (De Gruyter STEM)",Sandra Van Vlierberghe,Paperback,"Feb 22, 2021",De Gruyter
0,https://www.amazon.com/dp/B08XMVMJCY,B08XMVMJCY,"Sustainable Materials Science - Environmental Metallurgy: Volume 2 : Pollution and emissions, biodiversity, toxicology and ecotoxicology, economics and social roles, foresight",Jean-Pierre BIRAT,Paperback,"Feb 22, 2021",
0,https://www.amazon.com/dp/B08X9SHVRL,B08X9SHVRL,PROJECTING THE IMPACTS OF CLIMATE CHANGE ON MALARIA TRANSMISSION IN AFRICA,Elfatih Eltahir,Paperback,"Feb 22, 2021",
0,https://www.amazon.com/dp/B08X96PK5Q,B08X96PK5Q,On Sex: A Promiscuous Past and A Fragile Future,Peter Anthony,Paperback,"Feb 22, 2021",
0,https://www.amazon.com/dp/B08X8LHS5X,B08X8LHS5X,Anthropogenic Climate Change: The Conflict Between Science and Political Law,Garry Hartle,Paperback,"Feb 22, 2021",
0,https://www.amazon.com/dp/B08X7LHHPN,B08X7LHHPN,MAN ~ DELOREAN: The Original Artists,Steve Burke,Kindle,"Feb 22, 2021",
0,https://www.amazon.com/dp/B08X7J23PF,B08X7J23PF,Essential General Chemistry: Second Edition,Michael Starzak,Kindle,"Feb 22, 2021",
0,https://www.amazon.com/dp/B08X7DHXCS,B08X7DHXCS,8th Edition Stewart Early Transcendentals Or Regular Calculus Section 11.1 Question 15: Written + Video Solution (Solved Calculus Questions With Written and Video Answers),T Anstey,Kindle,"Feb 22, 2021",
0,https://www.amazon.com/dp/B08X7BBGTM,B08X7BBGTM,8th Edition Stewart Early Transcendentals Or Regular Calculus Section 2.6 Question 16: Written + Video Solution (Solved Calculus Questions With Written and Video Answers),Mary Smithsonton,Kindle,"Feb 22, 2021",
0,https://www.amazon.com/dp/B08X7B2VKH,B08X7B2VKH,Regulating the Marine Environment of Africa Towards A Sustainable Blue Economy: The Nigerian Scenario,Felicia Chinwe  Mogo,Paperback,"Feb 22, 2021",
0,https://www.amazon.com/dp/B08X751QMW,B08X751QMW,Accounting for livestock water productivity: How and why?,Food and Agriculture Organization of the United Nations,Kindle,"Feb 22, 2021",
0,https://www.amazon.com/dp/B08XNVDDJ7,B08XNVDDJ7,"Sun and Moon: Celestial Journal | Dot Grid Journal Diary Notebook, 6"" x 9"" | Sun and Moon Journal, Celestial Notebook, Scorpio Journal, Boho Diary | ... for Sun and Moon lovers | black gold cover",Celestial Horizon,Paperback,"Feb 26, 2021",
0,https://www.amazon.com/dp/B08XNVDD8Z,B08XNVDD8Z,Lightning Fractal Notebook: Lightning Fractal Design,James Wilson,Paperback,"Feb 26, 2021",
0,https://www.amazon.com/dp/B08XNVDCRG,B08XNVDCRG,Question Everything (The Message),Being of Beings,Paperback,"Feb 26, 2021",
0,https://www.amazon.com/dp/B08XNVDB9M,B08XNVDB9M,Puzzle Book of Sudoku Easy to Hard with Solutions for Adults: 160 Big Format Puzzles with Large Numbers for People with Low Vision,GARUDA DESIGN,Paperback,"Feb 26, 2021",
0,https://www.amazon.com/dp/B08XNDNS45,B08XNDNS45,"Graph Paper Composition Lined notebook Pink.: Lined notebook for Math & Science Students,(8.5×11) inch,120 page.",youssef  bakkal,Paperback,"Feb 26, 2021",
0,https://www.amazon.com/dp/B08XNDNS3M,B08XNDNS3M,"Graph Paper Composition Notebook: Quad Ruled 5 x 5 | 100 Pages | Large 8.5""X11""",Bladimir Choqque,Paperback,"Feb 26, 2021",
0,https://www.amazon.com/dp/B08XNDNRZ7,B08XNDNRZ7,"Notebook: Large Size (8.5 x 11), 100 Lined Pages, Elegant cover design",Raid Books,Paperback,"Feb 26, 2021",
0,https://www.amazon.com/dp/B08XNDNRXR,B08XNDNRXR,Outer Space Composition Journal Notebook: A space Trip To Mars From Apple Earth Journal Composition Notebook For Youngest Astronauts,Astronaut Press,Paperback,"Feb 26, 2021",
0,https://www.amazon.com/dp/B08XNDNRH7,B08XNDNRH7,Math & Science Graph Paper Composition Notebook Best Cover for School and College Students Square grid Journal: Large (8.5 x 11) Quad Ruled 5 squares ... Pages Blank Quad Ruled for write drawing note,artesis studio,Paperback,"Feb 26, 2021",
0,https://www.amazon.com/dp/B08XNDNRDW,B08XNDNRDW,Graph Paper Composition Notebook Math & Science Quad Ruled 5x5 Grid Paper for Students: (8.5 x 11) 5 squares per inch 100 Pages Notepad subject color pattern cover,artesis studio,Paperback,"Feb 26, 2021",
0,https://www.amazon.com/dp/B08XNDNRDP,B08XNDNRDP,"Gas & Mileage Log Book: Car and Bike Mileage Tracker for Personal or Small Business Expense Auditing, Mileage Tracker For Taxes, Daily Tracking Your ... Business or Personal, Vehicle Mileage Journal",Katrina  De Huff,Paperback,"Feb 26, 2021",
0,https://www.amazon.com/dp/B08XNDNR9V,B08XNDNR9V,"Zebra Notebook: Journal-Cute Gift Idea For Zebra Lovers | 120 pages, 6 x 9 inches",Chor muang Design,Paperback,"Feb 26, 2021",
0,https://www.amazon.com/dp/B08XNDNR92,B08XNDNR92,Graph Paper Composition Notebook blue: Lined notebook for Math & Science Students (8.5 x 11) 120 page.,youssef  bakkal,Paperback,"Feb 26, 2021",
0,https://www.amazon.com/dp/B08XNDNR4B,B08XNDNR4B,Shit I Forgot Again: Social media organizer . Internet Password Keeper . Password log book . Logbook To Protect Usernames and password,Shila Publication,Paperback,"Feb 26, 2021",
0,https://www.amazon.com/dp/B08XNDNR1Q,B08XNDNR1Q,Cornell Notebook: A4 200 Pages - Ruled Composition Paper for Taking Notes - gray cover,Jonas Jas College Publishing,Paperback,"Feb 26, 2021",
0,https://www.amazon.com/dp/B08XNDNQZ3,B08XNDNQZ3,If You Have A Bad Day Just Remember At Least I Don't Have Ugly Children: Funny Mother's Day Notebook Journal Lock Down Gift Ideas For Mum Grandma Nan ... Present - Better Than a Card! Made in UK,Sam Handwich,Paperback,"Feb 26, 2021",
0,https://www.amazon.com/dp/B08XNDNQMW,B08XNDNQMW,"Graph Paper Notebook: Math and Science Students, Engineers, Architects and Artists",Collin Wood Publishing,Paperback,"Feb 26, 2021",
0,https://www.amazon.com/dp/B08XNBYD48,B08XNBYD48,Finite And Infinite (The Message),Being of Beings,Paperback,"Feb 26, 2021",
0,https://www.amazon.com/dp/B08XNBYCV7,B08XNBYCV7,Chemistry Notebook: Large Simple Graph Paper Notebook / 120 Quad ruled 5x5 pages 8.5 x 11 / Grid Paper Notebook for Chemistry Students (Chemistry Notebooks),Daemon Nash,Paperback,"Feb 26, 2021",
0,https://www.amazon.com/dp/B08XNBYCH9,B08XNBYCH9,"Gas & Mileage Log Book: Car and Bike Mileage Tracker for Personal or Small Business Expense Auditing, Mileage Tracker For Taxes, Daily Tracking Your ... Business or Personal, Vehicle Mileage Journal",Katrina Huff,Paperback,"Feb 26, 2021",
0,https://www.amazon.com/dp/B08XNBYBVX,B08XNBYBVX,"Sun and Moon: Celestial Journal | Dot Grid Journal Diary Notebook, 6"" x 9"" | Sun and Moon Journal, Celestial Notebook, Pisces Journal, Boho Diary | ... for Sun and Moon lovers | black gold cover",Celestial Horizon,Paperback,"Feb 26, 2021",
0,https://www.amazon.com/dp/B08XNBYBS1,B08XNBYBS1,"WEEKLY TIME SHEET LOG BOOK: 6""×9"" | 120 Pages | WORKING HOURS TRACKER | WORK TIME LOG BOOK",SAG Publications,Paperback,"Feb 26, 2021",
0,https://www.amazon.com/dp/B08XNBY8BD,B08XNBY8BD,Caticorn Coloring Book For Kids Ages 4-8: Adorable Caticorn Coloring Book for Kids With Cute Designs Of Caticorns a Cat Books for Kids Ages 6-8,Caticorn funn Publishing,Paperback,"Feb 26, 2021",
0,https://www.amazon.com/dp/B08XN9G923,B08XN9G923,Sudoku Puzzle Book for Adults Large Print Medium Hard Over 1000 Challenging Games from Publish Ink: Weekly Activity Logic & Brain Health Teasers Challenge Issue Number MH 2021 week 1,Publish Ink,Paperback,"Feb 26, 2021",
0,https://www.amazon.com/dp/B08XN9G8SW,B08XN9G8SW,Science Notebook: Large Simple Graph Paper Notebook / Science Notebook / 120 Quad ruled 5x5 pages 8.5 x 11 / Grid Paper Notebook for Science Students,Daemon Nash,Paperback,"Feb 26, 2021",
0,https://www.amazon.com/dp/B08XN9G8PM,B08XN9G8PM,"Graph Paper Notebook for Students: Graph Ruled, 120 Sheets of Paper, 8.5 x 11 Inches - Math & Science",Uncle Sams B.P.,Paperback,"Feb 26, 2021",
0,https://www.amazon.com/dp/B08XN9G8PG,B08XN9G8PG,"Bird Watching Logbook: Birders journal and logbook for animal watchers | Bird watching for beginners, advanced, children and adults",Margo Blackmore,Paperback,"Feb 26, 2021",
0,https://www.amazon.com/dp/B08XN9G8FN,B08XN9G8FN,"Notebook for Mother: Useful beautiful present: Floral notebook/journal gift for all Mums, a beautiful enchanting gift that she will treasure.",Toulla Prints,Paperback,"Feb 26, 2021",
0,https://www.amazon.com/dp/B08XN9G7XG,B08XN9G7XG,"Password Book With Alphabetical Tabs: Flora and leaf, Large Print /font Internet Address & Password Organizer Logbook, 8.5 x11 inch, 110 pages",XandYart Publishing,Paperback,"Feb 26, 2021",
0,https://www.amazon.com/dp/B08XN9G7RW,B08XN9G7RW,Don't touch my Password Book Because It's secret: Password Book . Logbook To Protect Usernames and password . Internet Organizer J,Shila Publication,Paperback,"Feb 26, 2021",
0,https://www.amazon.com/dp/B08XN9G7F9,B08XN9G7F9,"Sun and Moon: Celestial Journal | Dot Grid Journal Diary Notebook, 6"" x 9"" | Sun and Moon Journal, Celestial Notebook, Leo Journal, Boho Diary | ... for Sun and Moon lovers | black gold cover",Celestial Horizon,Paperback,"Feb 26, 2021",
0,https://www.amazon.com/dp/3346314650,3346314650,Future India using Embedded Systems in Technology,Ashutosh Deshwal,Paperback,"Feb 10, 2021",
0,https://www.amazon.com/dp/3030674444,3030674444,"Model-Driven Engineering and Software Development: 8th International Conference, MODELSWARD 2020, Valletta, Malta, February 25–27, 2020, Revised ... in Computer and Information Science)",Slimane Hammoudi,Paperback,"Feb 2, 2021",
0,https://www.amazon.com/dp/B08XN9G7BZ,B08XN9G7BZ,"Keep Calm And Love Cheetahs: Cute Cheetah Notebook - Cheetah Lover Gift For Girls, Boys And Kids. Thanks Giving And Birthday Gift Blank Lined Notebook Journal.",Cheetah Mirak,Paperback,"Feb 26, 2021",
0,https://www.amazon.com/dp/B08XN9G7B9,B08XN9G7B9,"Graph Paper Notebook: Math and Science Students, Engineers, Architects and Artists",Collin Wood Publishing,Paperback,"Feb 26, 2021",
0,https://www.amazon.com/dp/B08XN9G6K8,B08XN9G6K8,"We are surrounded by poetry on all sides...: BLANK LINED JOURNAL. Nature Theme and an Inspirational, Positive Quote. Diary, Composition book, Notebook. Perfect Gift for Women",Gold Rooster Publishing,Paperback,"Feb 26, 2021",
0,https://www.amazon.com/dp/B08XN7XMFJ,B08XN7XMFJ,Children's Colouring Books: Nojis Books,Nojis Books,Paperback,"Feb 26, 2021",
0,https://www.amazon.com/dp/B08XN7J1M3,B08XN7J1M3,Be eco,Ewa M,Paperback,"Feb 26, 2021",
0,https://www.amazon.com/dp/B08XN7J1KC,B08XN7J1KC,Science Notebook: Large Simple Graph Paper Notebook / Science Notebook / 120 Quad ruled 5x5 pages 8.5 x 11 / Grid Paper Notebook for Science Students,Daemon Nash,Paperback,"Feb 26, 2021",
0,https://www.amazon.com/dp/B08XN7J1FR,B08XN7J1FR,"Graph Paper Composition Notebook: Quad Ruled 5 x 5 | 100 Pages | Large 8.5""X11""",Bladimir Choqque,Paperback,"Feb 26, 2021",
0,https://www.amazon.com/dp/B08XN7J1FP,B08XN7J1FP,"NEVER FEAR THE BLANK PAGE: Quad Ruled Notebook for 1 Subject, Square/Grid Computational Book, For Students in College to use and for Professionals ... Fearless Looking Tiger, 6""x 9"", 120 Sheets.",Sgimo Swaki,Paperback,"Feb 26, 2021",
0,https://www.amazon.com/dp/B08XN7J1CW,B08XN7J1CW,Funny Notebook: Just A girl Who Loves Goats Cute Notebook (6 x 9) - 100 Pages,Sparkle Happy Stationary,Paperback,"Feb 26, 2021",
0,https://www.amazon.com/dp/B08XN7J1C1,B08XN7J1C1,Composition Notebook: Perfect notebook journal to write in for Wolf Lovers,Bewitching Animal,Paperback,"Feb 26, 2021",
0,https://www.amazon.com/dp/B08XN7J19D,B08XN7J19D,"Sketch book: 120 Large blank white pages , 7.44"" x 9.69"" inch for Notes, for painting, drawing, writing, sketching and doodling, with premium art Galaxy Universe cover ,(Anglais) Broché",medox Edition,Paperback,"Feb 26, 2021",
0,https://www.amazon.com/dp/B08XN7J16X,B08XN7J16X,Graph Paper Notebook: Large Simple Graph Paper Journal - 120 Quad Ruled 4x4 Pages 8.5 x 11 inches - Grid Paper & Composition Notebook for Math and ... Cover (Notebook | Turing Patterns Series),Zakaria Elaloui,Paperback,"Feb 26, 2021",
0,https://www.amazon.com/dp/B08XN7HZV7,B08XN7HZV7,"Gas & Mileage Log Book: Car and Bike Mileage Tracker for Personal or Small Business Expense Auditing, Mileage Tracker For Taxes, Daily Tracking Your ... Business or Personal, Vehicle Mileage Journal",Katrina De Huff,Paperback,"Feb 26, 2021",
0,https://www.amazon.com/dp/B08XN7HZT7,B08XN7HZT7,"Gas & Mileage Log Book: Car and Bike Mileage Tracker for Personal or Small Business Expense Auditing, Mileage Tracker For Taxes, Daily Tracking Your ... Business or Personal, Vehicle Mileage Journal",Katrina De Huff,Paperback,"Feb 26, 2021",
0,https://www.amazon.com/dp/B08XN7HZKM,B08XN7HZKM,"Shamrockasaurus Rex - Happy Pat Rex Day: St Patrick's day Dinosaur Notebook, 120 pages 6 x9 inches St Patty T-rex Dino Cover For Lined Notebook",diy_amateurarmorermerch Book Publishing,Paperback,"Feb 26, 2021",
0,https://www.amazon.com/dp/B08XN7HYY8,B08XN7HYY8,"Graph Paper Notebook: Math and Science Students, Engineers, Architects and Artists",Collin Wood Publishing,Paperback,"Feb 26, 2021",
0,https://www.amazon.com/dp/B08WWJZY1T,B08WWJZY1T,"Electric Circuits: A Concise, Conceptual Tutorial",Gengsheng Lawrence Zeng,Paperback,"Feb 17, 2021",
0,https://www.amazon.com/dp/B08WPTL7CB,B08WPTL7CB,Advances in Smart Communication Technology and Information Processing: OPTRONIX 2020 (Lecture Notes in Networks and Systems Book 165),Soumen Banerjee,Paperback,"Feb 15, 2021",
0,https://www.amazon.com/dp/B08W33DTCN,B08W33DTCN,"Technical Foundations of Embedded Systems: Electronics, System theory, Components and Analysis (Lecture Notes in Electrical Engineering Book 732)",Karsten Berns,Paperback,"Feb 5, 2021",Springer
0,https://www.amazon.com/dp/B08VHYZ1F9,B08VHYZ1F9,"Model-Driven Engineering and Software Development: 8th International Conference, MODELSWARD 2020, Valletta, Malta, February 25–27, 2020, Revised ... Computer and Information Science Book 1361)",Slimane Hammoudi,Paperback,"Feb 1, 2021",
0,https://www.amazon.com/dp/B08X716G9F,B08X716G9F,Gas-Phase Photoprocesses (Springer Series in Chemical Physics Book 123),Anatoly Pravilov,Paperback,"Feb 22, 2021",
0,https://www.amazon.com/dp/B08X6Y5RK6,B08X6Y5RK6,"Space Fostering African Societies: Developing the African Continent through Space, Part 2 (Southern Space Studies)",Annette Froehlich,Paperback,"Feb 22, 2021",
0,https://www.amazon.com/dp/B08X6W8N1V,B08X6W8N1V,Emulsion‐based Encapsulation of Antioxidants: Design and Performance (Food Bioactive Ingredients),M. Ali Aboudzadeh,Paperback,"Feb 22, 2021",
0,https://www.amazon.com/dp/B08X6VLCNS,B08X6VLCNS,Protein Kinases in Drug Discovery (Advances in Protein Chemistry and Structural Biology Book 124) (Volume 124),Rossen Donev,Hardcover,"Feb 22, 2021",Academic Press
0,https://www.amazon.com/dp/B08X6TX7FD,B08X6TX7FD,Financial Data Resampling for Machine Learning Based Trading: Application to Cryptocurrency Markets (SpringerBriefs in Applied Sciences and Technology),Tomé Almeida Borges,Paperback,"Feb 22, 2021",Springer
0,https://www.amazon.com/dp/B08X6QRBT1,B08X6QRBT1,"Sustainable Waste Utilization in Bricks, Concrete, and Cementitious Materials: Characteristics, Properties, Performance, and Applications (Lecture Notes in Civil Engineering Book 129)",Aeslina Abdul Kadir,Paperback,"Feb 22, 2021",
0,https://www.amazon.com/dp/B08X6M4CTJ,B08X6M4CTJ,Transformation of Transportation (EcoProduction),Marjana Petrović,Paperback,"Feb 22, 2021",
0,https://www.amazon.com/dp/B08X6J5B4J,B08X6J5B4J,"Pattern Recognition. ICPR International Workshops and Challenges: Virtual Event, January 10–15, 2021, Proceedings, Part II (Lecture Notes in Computer Science Book 12662)",Alberto Del Bimbo,Paperback,"Feb 22, 2021",Springer
0,https://www.amazon.com/dp/B08X6HX45K,B08X6HX45K,Blended Learning for Inclusive and Quality Higher Education in Asia,Cher Ping Lim,Paperback,"Feb 22, 2021",
0,https://www.amazon.com/dp/B08X6HQ962,B08X6HQ962,Energy in Perspective,Mark Cronshaw,Paperback,"Feb 22, 2021",
0,https://www.amazon.com/dp/B08X659PJJ,B08X659PJJ,Quantum Superﬁeld Supersymmetry (Fundamental Theories of Physics Book 202),Albert Petrov,Paperback,"Feb 22, 2021",
0,https://www.amazon.com/dp/B08X627XC4,B08X627XC4,Water Security and Sustainability: Proceedings of Down To Earth 2019 (Lecture Notes in Civil Engineering Book 115),Chandrashekhar Bhuiyan,Paperback,"Feb 22, 2021",
0,https://www.amazon.com/dp/B08X41BY6R,B08X41BY6R,"Language and Automata Theory and Applications: 15th International Conference, LATA 2021, Milan, Italy, March 1–5, 2021, Proceedings (Lecture Notes in Computer Science Book 12638)",Alberto Leporati,Paperback,"Feb 22, 2021",
0,https://www.amazon.com/dp/B08WWS8S4Z,B08WWS8S4Z,Educine Tales of Quantum Concepts: For Beginners,Abdulateef Pedro-Salvador,Paperback,"Feb 22, 2021",
0,https://www.amazon.com/dp/1911531247,1911531247,Arm(R) Helium(TM) Technology M-Profile Vector Extension (MVE) for Arm(R) Cortex(R)-M Processors: Reference Book,Jon Marsh,Paperback,"Feb 12, 2021",
0,https://www.amazon.com/dp/B08XN7HYY6,B08XN7HYY6,"Graph Paper Notebook: Math and Science Students, Engineers, Architects and Artists",Collin Wood Publishing,Paperback,"Feb 26, 2021",
0,https://www.amazon.com/dp/B08XN7HYY4,B08XN7HYY4,Composition Notebook: Fish Composition Notebook with Lined Paper to Write In – College Ruled,Little Gems Publishing,Paperback,"Feb 26, 2021",
0,https://www.amazon.com/dp/B08XLNTJJD,B08XLNTJJD,Sudoku Puzzle Book for Adults Large Print Medium Hard Over 1000 Challenging Games from Publish Ink: Weekly Activity Logic & Brain Health Teasers Challenge Issue Number MH 2021 week 2,Publish Ink,Paperback,"Feb 26, 2021",
0,https://www.amazon.com/dp/B08XLNTJD1,B08XLNTJD1,"Graph Paper Composition Notebook: Quad Ruled 5 squares per inch: Math and Science Composition Notebook for Students and Artist Workbook ... Assorted Color Covers, 110 pages |Large, 8.5 x 11|",Akkach Math & Science Press,Paperback,"Feb 26, 2021",Independently published
0,https://www.amazon.com/dp/B08XLNTJ88,B08XLNTJ88,Notebook: with a cool cover,Mohammad Ali,Paperback,"Feb 26, 2021",
0,https://www.amazon.com/dp/B08XLNTJ7C,B08XLNTJ7C,"Graph Paper Composition Lined Notebook Black.: Lined notebook for Math & Science Students,(6×9) inches,120 page",youddef  bakk,Paperback,"Feb 26, 2021",
0,https://www.amazon.com/dp/B08XLNTJ5M,B08XLNTJ5M,"Graph Paper Composition Lined notebook With.: Lined notebook for Math & Science Students, (8.5×11) inch,120 page.",youssef book,Paperback,"Feb 26, 2021",
0,https://www.amazon.com/dp/B08XLNTJ1X,B08XLNTJ1X,Graph Paper Notebook: Large Simple Graph Paper Journal - 120 Quad Ruled 4x4 Pages 8.5 x 11 inches - Grid Paper & Composition Notebook for Math and ... Cover (Notebook | Turing Patterns Series),Zakaria Elaloui,Paperback,"Feb 26, 2021",
0,https://www.amazon.com/dp/B08XLNTJ13,B08XLNTJ13,Graph Paper Notebook: Large Simple Graph Paper Journal - 120 Quad Ruled 4x4 Pages 8.5 x 11 inches - Grid Paper & Composition Notebook for Math and ... Cover (Notebook | Turing Patterns Series),Zakaria Elaloui,Paperback,"Feb 26, 2021",
0,https://www.amazon.com/dp/B08XLNTHZQ,B08XLNTHZQ,Graph Paper Notebook: Large Simple Graph Paper Journal - 120 Quad Ruled 4x4 Pages 8.5 x 11 inches - Grid Paper & Composition Notebook for Math and ... Cover (Notebook | Turing Patterns Series),Zakaria Elaloui,Paperback,"Feb 26, 2021",
0,https://www.amazon.com/dp/B08XLNTHF5,B08XLNTHF5,"Graph Paper Composition Notebook Red cover: Lined notebook for Math & Science Students (8.5 x 11),120 page.",youssef  bakkal,Paperback,"Feb 26, 2021",
0,https://www.amazon.com/dp/B08XLNTGV7,B08XLNTGV7,"Graph Paper Notebook: Math and Science Students, Engineers, Architects and Artists",Collin Wood Publishing,Paperback,"Feb 26, 2021",
0,https://www.amazon.com/dp/B08XLNTG3H,B08XLNTG3H,"There is no path to happiness: happiness is the path: BLANK LINED JOURNAL. Nature Theme and an Inspirational, Positive Quote. Diary, Composition book, Notebook. Perfect Gift for Women",Gold Rooster Publishing,Paperback,"Feb 26, 2021",
0,https://www.amazon.com/dp/B08XLNTG27,B08XLNTG27,"If we could see the miracle of a single flower clearly our whole life would change: BLANK LINED JOURNAL. Nature Theme and an Inspirational, Positive ... book, Notebook. Perfect Gift for Women",Gold Rooster Publishing,Paperback,"Feb 26, 2021",
0,https://www.amazon.com/dp/B08XLLF2P4,B08XLLF2P4,Chemistry Notebook: Large Simple Graph Paper Notebook / 120 Quad ruled 5x5 pages 8.5 x 11 / Grid Paper Notebook for Chemistry Students (Chemistry Notebooks),Daemon Nash,Paperback,"Feb 26, 2021",
0,https://www.amazon.com/dp/B08XLLF2NL,B08XLLF2NL,"""LIFE BEST GIFT EVER"" Notizbuch - Blackbook - Malbuch - Skizzenbuch - Agenda - Planer: Notizbuch A5 ähnlich, Blackbook Graffiti -ready, Malbuch für ... Sammelstationen für Ideen | Platz für Poesie)",depbey publishing,Paperback,"Feb 26, 2021",
0,https://www.amazon.com/dp/B08L5L54PX,B08L5L54PX,Natural Pharmaceuticals and Green Microbial Technology: Health Promotion and Disease Prevention,Debarshi Kar Mahapatra,Hardcover,"Feb 22, 2021",
0,https://www.amazon.com/dp/B08X45YRN8,B08X45YRN8,Quasi-Dimensionality: An Accidental Blueprint of the Infinite Improbability Field,Mykel Waggoner,Paperback,"Feb 21, 2021",
0,https://www.amazon.com/dp/B08QX86BWW,B08QX86BWW,Towards Rational Education: A Social Framework of Moral Values and Practices (Routledge Research in Education),Demetris Katsikis,Paperback,"Feb 21, 2021",
0,https://www.amazon.com/dp/B08XWG81RH,B08XWG81RH,Recent Advances in iPSC-Derived Cell Types (Advances in Stem Cell Biology Book 4) (Volume 4),Alexander Birbrair,Paperback,"Feb 21, 2021",
0,https://www.amazon.com/dp/B08X6HCWXY,B08X6HCWXY,Convex Set Approximation Problems in Quantum Information,Eric Fernandes,Kindle,"Feb 21, 2021",
0,https://www.amazon.com/dp/B08X6BDW2N,B08X6BDW2N,Farm animals,Paulina Januszkiewicz,Kindle,"Feb 21, 2021",
0,https://www.amazon.com/dp/B08X51L2D7,B08X51L2D7,8th Edition Stewart Early Transcendentals Section 11.1 Question 14: Written + Video Solution (Solved Calculus Questions With Written and Video Answers),n o,Kindle,"Feb 21, 2021",
0,https://www.amazon.com/dp/B0GG9JMYT6,B0GG9JMYT6,"UPPER LEVEL ISEE 2026: The Essential Resource for Acing the Grade 9–12 Independent School Entrance Examination, with Practice Tests and Simulations",Kasanak  Bliss,Kindle,"Jan 12, 2026",
0,https://www.amazon.com/dp/B0DGV8DHFK,B0DGV8DHFK,From Silicon To Money: The World's Greatest Semiconductor Companies,Alexander Bugeja,Kindle,"Jul 16, 2025",
0,https://www.amazon.com/dp/B0FB492XXC,B0FB492XXC,Programming the ESP32-S3: Tips and tricks,Ranulfo Acir de Oliveira Resende,Kindle,"Mar 31, 2026",
0,https://www.amazon.com/dp/B08XLLF1WH,B08XLLF1WH,Penguin Notebook: The Winter Ice Penguin Cute Notebook (6 x 9) - 100 Pages,Whimsical Animal Stationary,Paperback,"Feb 26, 2021",
0,https://www.amazon.com/dp/B08XLLF1K3,B08XLLF1K3,Dolphin Sketchbook | Dolphin Notebook for Drawing | Dolphin Gifts for Women,Barbara Anaman Moore,Paperback,"Feb 26, 2021",
0,https://www.amazon.com/dp/B08XLLDZV6,B08XLLDZV6,Newport Beach rhode island: beach journal for writing down thoughts for anyone that loves beach vacations and surfing,positive publishing,Paperback,"Feb 26, 2021",
0,https://www.amazon.com/dp/B08XLLDZTQ,B08XLLDZTQ,A Wonderful Winter of Kakuro 16 x 16 Round 5: Super Hard Volume 14: Play Kakuro Japanese Puzzle Game Book Numbers Mathematical Cross Sums Addition ... Ages Kids to Adults Beginner Very Hard Level,Stella Zahlenspiel,Paperback,"Feb 26, 2021",
0,https://www.amazon.com/dp/B08XLLDY48,B08XLLDY48,Baby Animal Picture Book: 100 Cute Images of Baby Animals - Perfect Gift or Coffee Table Book,Kampelstone,Paperback,"Feb 26, 2021",
0,https://www.amazon.com/dp/B08XLLDXCV,B08XLLDXCV,Eureka! Discoveries by Archimedes: You too can move the world,Patrick Michael Cooney,Paperback,"Feb 26, 2021",
0,https://www.amazon.com/dp/B08XLJ91TW,B08XLJ91TW,Sun Fractal Notebook: Fun Fractal Design,James Wilson,Paperback,"Feb 26, 2021",
0,https://www.amazon.com/dp/B08XLJ91MV,B08XLJ91MV,Graph Paper Notebook: Large Simple Graph Paper Journal - 120 Quad Ruled 4x4 Pages 8.5 x 11 inches - Grid Paper & Composition Notebook for Math and ... Cover (Notebook | Turing Patterns Series),Zakaria Elaloui,Paperback,"Feb 26, 2021",
0,https://www.amazon.com/dp/B08XLJ8ZXQ,B08XLJ8ZXQ,Penguin Notebook: The Winter Penguin and Snowman Cute Notebook (6 x 9) - 100 Pages,Whimsical Animal Stationary,Paperback,"Feb 26, 2021",
0,https://www.amazon.com/dp/B08XLJ8ZPW,B08XLJ8ZPW,Notebook: Cute Inspiring Zen Journal Blank Lined Diary Notepad,Searching For Nothing Publishing,Paperback,"Feb 26, 2021",
0,https://www.amazon.com/dp/B08XLJ8ZMB,B08XLJ8ZMB,"Sun and Moon: Celestial Journal | Dot Grid Journal Diary Notebook, 6"" x 9"" | Sun and Moon Journal, Celestial Notebook, Taurus Journal, Boho Diary | ... for Sun and Moon lovers | black gold cover",Celestial Horizon,Paperback,"Feb 26, 2021",
0,https://www.amazon.com/dp/B08XLJ8ZJW,B08XLJ8ZJW,"Sun and Moon: Celestial Journal | Dot Grid Journal Diary Notebook, 6"" x 9"" | Sun and Moon Journal, Celestial Notebook, Libra Journal, Boho Diary | ... for Sun and Moon lovers | black gold cover",Celestial Horizon,Paperback,"Feb 26, 2021",
0,https://www.amazon.com/dp/B08XLJ8ZDY,B08XLJ8ZDY,"Graph Paper Notebook: Math and Science Students, Engineers, Architects and Artists",Collin Wood Publishing,Paperback,"Feb 26, 2021",
0,https://www.amazon.com/dp/B08XLGJRRT,B08XLGJRRT,"Planner 2021-2022: 1-Year Planner: 12 Month Calendar , Phone Book, Notes, Diary, and Organizer, With elegant Cover Design",Raid Books,Paperback,"Feb 26, 2021",
0,https://www.amazon.com/dp/B08XLGJR26,B08XLGJR26,"Black Queen Journal. Notebook. 100 pages. 6"" x 9"" in (15.24 cm x 22.86 cm) A5 format.: Black Lives Matter. Blm. Proud. Black Power. Melanin Queen. African.",Black Contributor,Paperback,"Feb 26, 2021",
0,https://www.amazon.com/dp/B08X4V8TT4,B08X4V8TT4,"Stewarts 8th Edition, Early Trascendentals, Question 13, Section 11.1: Written + Video Solution (Solved Calculus Questions With Written and Video Answers)",Mynamus Max,Kindle,"Feb 21, 2021",
0,https://www.amazon.com/dp/B08X4PCLSH,B08X4PCLSH,THE GEOMETRY OF THE ORTHOLOGICAL TRIANGLES,Ion  Pătrașcu,Kindle,"Feb 21, 2021",
0,https://www.amazon.com/dp/B08X47Y451,B08X47Y451,ALASKA: The Snowbound World: A photoalbum by Florentin Smarandache,Florentin Smarandache,Kindle,"Feb 21, 2021",
0,https://www.amazon.com/dp/B08X47LYY4,B08X47LYY4,Music and Fuzzy Logic: The Dialectics of Idea and Realizations in the Artwork Process (Studies in Fuzziness and Soft Computing Book 406),Hanns-Werner Heister,Hardcover,"Feb 21, 2021",
0,https://www.amazon.com/dp/B08X46W2YX,B08X46W2YX,Emerging Trends in Nanotechnology,Zishan Husain Khan,Paperback,"Feb 21, 2021",
0,https://www.amazon.com/dp/B08X43XZZ9,B08X43XZZ9,"Not in Service: The Series presents: Gage Kirby, the insurrectionist against the LGBT+ community.",ShinAe Ahn,Paperback,"Feb 21, 2021",
0,https://www.amazon.com/dp/B08WPNFV58,B08WPNFV58,Biovalorisation of Liquid and Gaseous Effluents of Oil Refinery and Petrochemical Industry (IHE Delft PhD Thesis Series),Samayita Chakraborty,Paperback,"Feb 21, 2021",CRC Press
0,https://www.amazon.com/dp/B08QLHYQDS,B08QLHYQDS,Intra-Africa Migrations: Reimaging Borders and Migration Management (Border Regions Series),Inocent Moyo,Paperback,"Feb 21, 2021",
0,https://www.amazon.com/dp/B08NRXBY4J,B08NRXBY4J,Natural Products Pharmacology and Phytochemicals for Health Care: Methods and Principles in Medicinal Chemistry,Debarshi Kar Mahapatra,Hardcover,"Feb 21, 2021",Apple Academic Press
0,https://www.amazon.com/dp/B08X6XJ3Y5,B08X6XJ3Y5,Basic Statistics with R: Reaching Decisions with Data,Stephen C. Loftus,Paperback,"Feb 20, 2021",
0,https://www.amazon.com/dp/B0B2F2WMP1,B0B2F2WMP1,Amakomiti: Grassroots Democracy in South African Shack Settlements (Wildcat),Trevor Ngwane,Paperback,"Feb 20, 2021",Pluto Press
0,https://www.amazon.com/dp/B08XLGJQBS,B08XLGJQBS,Flower Arrangement Journal: Flower Arrangements for Dining Room Table and Bouquets Diary Logbook,Rushing Leaves,Paperback,"Feb 26, 2021",
0,https://www.amazon.com/dp/B08XLGJMZ4,B08XLGJMZ4,"Coloring Book Dinosaurs: Fanny Dinosaurs Coloring Book for Kids Ages 4-8/ Great Gift for Boys & Girls, Large size 8.5”x11” 100 pages Paperback",Mery Touch,Paperback,"Feb 26, 2021",
0,https://www.amazon.com/dp/B08XLGGFR2,B08XLGGFR2,Science Notebook: Large Simple Graph Paper Notebook / Science Notebook / 120 Quad ruled 5x5 pages 8.5 x 11 / Grid Paper Notebook for Science Students,Daemon Nash,Paperback,"Feb 26, 2021",
0,https://www.amazon.com/dp/B08XLGGFM4,B08XLGGFM4,"Graph Paper Composition Lined notebook Pink.: Lined notebook for Math & Science Students,(8.5×11)inch,120 page.",youssef  bakkal,Paperback,"Feb 26, 2021",
0,https://www.amazon.com/dp/B08XLGGFM3,B08XLGGFM3,"Quality Engineer I'm Not Arguing I'm Just Explaining Why I'm Right;Gift: Linde notebook,Journal Gift,120 pages,6*9 soft cover mode finish",Good Quality Engineer Gradin,Paperback,"Feb 26, 2021",
0,https://www.amazon.com/dp/B08XLGGFKT,B08XLGGFKT,MARSACE A5 Notebook Cover Diaries Books Personal journal Sketchbook Space Secret Daily Daily Planner Agenda Notepad 100 Sheets 6''9 '' inch Boy Girl Astronaut: 6''9'' 100 pages Notebook,moskof store,Paperback,"Feb 26, 2021",
0,https://www.amazon.com/dp/B08XLGGFFM,B08XLGGFFM,Bird Watching Log Book: Easy Bird Watching Notebook | Birding Journal to Record Bird Sightings | Perfect Gift for Bird Lover,Helen  C. Seventh,Paperback,"Feb 26, 2021",
0,https://www.amazon.com/dp/B08XLGGFF1,B08XLGGFF1,Graph Paper Notebook: Large Simple Graph Paper Journal - 120 Quad Ruled 4x4 Pages 8.5 x 11 inches - Grid Paper & Composition Notebook for Math and ... Cover (Notebook | Turing Patterns Series),Zakaria Elaloui,Paperback,"Feb 26, 2021",
0,https://www.amazon.com/dp/B08XLGGFC2,B08XLGGFC2,Chemistry Notebook: Large Simple Graph Paper Notebook / 120 Quad ruled 5x5 pages 8.5 x 11 / Grid Paper Notebook for Chemistry Students (Chemistry Notebooks),Daemon Nash,Paperback,"Feb 26, 2021",
0,https://www.amazon.com/dp/B08XLGGFBP,B08XLGGFBP,Letter A: Lined Notebook with Personalized Initial A and Pink Flowers Cover. Ideal as a Gift or Present,Aspirewell Publishing,Paperback,"Feb 26, 2021",
0,https://www.amazon.com/dp/B08XLGGDV6,B08XLGGDV6,"Graph Paper Composition Lined notebook blue: Lined notebook for Math & Science Students,(8.5×11) inch ,120 page.",youssef bakkal,Paperback,"Feb 26, 2021",
0,https://www.amazon.com/dp/B08XLGGDSB,B08XLGGDSB,"Password Book With Alphabetical Tabs: Yellow small floral design, Large Print /font Internet Address & Password Organizer Logbook, 8.5 x11 inch, 110 pages",XandYart Publishing,Paperback,"Feb 26, 2021",
0,https://www.amazon.com/dp/B08XLGGDMW,B08XLGGDMW,Password Keeper Log Book: Password log book . Logbook To Protect Usernames and password .,Shila Publication,Paperback,"Feb 26, 2021",
0,https://www.amazon.com/dp/B08XLGGD7K,B08XLGGD7K,Life On Mars: Funny Mars Mission Notebook,BK Publishing,Paperback,"Feb 26, 2021",
0,https://www.amazon.com/dp/B08XLGGD75,B08XLGGD75,"Graph Paper Notebook: Math and Science Students, Engineers, Architects and Artists",Collin Wood Publishing,Paperback,"Feb 26, 2021",
0,https://www.amazon.com/dp/B08X6WXNWS,B08X6WXNWS,Phytomedicine: A Treasure of Pharmacologically Active Products from Plants,Rouf Ahmad Bhat PhD,Paperback,"Feb 20, 2021",Academic Press
0,https://www.amazon.com/dp/B08X47MMBR,B08X47MMBR,Deep Learning for Hyperspectral Image Analysis and Classification (Engineering Applications of Computational Methods Book 5),Linmi Tao,Paperback,"Feb 20, 2021",Springer
0,https://www.amazon.com/dp/B08X46Q32B,B08X46Q32B,Evolutionary Data Clustering: Algorithms and Applications (Algorithms for Intelligent Systems),Ibrahim Aljarah,Paperback,"Feb 20, 2021",
0,https://www.amazon.com/dp/B08X46M9Q8,B08X46M9Q8,"Fieldwork in Humanities Education in Singapore (Studies in Singapore Education: Research, Innovation & Practice Book 2)",Teddy Y.H. Sim,Paperback,"Feb 20, 2021",
0,https://www.amazon.com/dp/B08X3XFJQ5,B08X3XFJQ5,Technology Transfer : - Black Magic or Whitewash?,Dr. Arthur Maret,Kindle,"Feb 20, 2021",
0,https://www.amazon.com/dp/B08X3WV77R,B08X3WV77R,"Animal Encounters, Mountain Mysteries 4",Judith Victoria  Hensley,Paperback,"Feb 20, 2021",
0,https://www.amazon.com/dp/B08X3W5SP4,B08X3W5SP4,How to hack facebook account,Mubashir  Shakoor,Kindle,"Feb 20, 2021",
0,https://www.amazon.com/dp/B08X3V8ZT7,B08X3V8ZT7,Interstice and Boundary,William Miller,Paperback,"Feb 20, 2021",
0,https://www.amazon.com/dp/B08X3L3CY3,B08X3L3CY3,design and technology,emıly turkan,Kindle,"Feb 20, 2021",
0,https://www.amazon.com/dp/B08X3HXBK1,B08X3HXBK1,GUIDING KIDS TO LOVE MATHEMATICS,AYODELE  OLAGOKE,Paperback,"Feb 20, 2021",
0,https://www.amazon.com/dp/B08X3DWJWV,B08X3DWJWV,The Best Mother Ever,Gemmah Stone,Paperback,"Feb 20, 2021",
0,https://www.amazon.com/dp/B08X3DJGZ9,B08X3DJGZ9,"Parallel and Distributed Computing, Applications and Technologies: 21st International Conference, PDCAT 2020, Shenzhen, China, December 28–30, 2020, ... ... Notes in Computer Science Book 12606)",Yong Zhang,Paperback,"Feb 20, 2021",Springer
0,https://www.amazon.com/dp/B08X3BNR69,B08X3BNR69,"A Social History of Sheffield Boxing, Volume I: Rings of Steel, 1720–1970 (Palgrave Studies in Urban Anthropology Book 1)",Matthew Bell,Paperback,"Feb 20, 2021",
0,https://www.amazon.com/dp/B08X3956DK,B08X3956DK,Advances in Sustainable Construction and Resource Management (Lecture Notes in Civil Engineering Book 144),Hemanta Hazarika,Paperback,"Feb 20, 2021",
0,https://www.amazon.com/dp/B08X379CMS,B08X379CMS,"CODEPENDENT: Stop Controlling Others, Stop Struggling With Codependent Relationships And Start Caring For Yourself",YUSUF IDRIS,Paperback,"Feb 20, 2021",
0,https://www.amazon.com/dp/B08X2ZBSWD,B08X2ZBSWD,2020 An Astronomer's Year: Third Edition,Philip Pugh,Kindle,"Feb 20, 2021",
0,https://www.amazon.com/dp/B093L846CK,B093L846CK,Adventures With Insects (World Of Science Book 0),Karen Kwek,Paperback,"Feb 19, 2021",
0,https://www.amazon.com/dp/B093L7NLVQ,B093L7NLVQ,Adventures In The Human Body (World Of Science Book 0),Karen Kwek,Paperback,"Feb 19, 2021",
0,https://www.amazon.com/dp/B093L6G75W,B093L6G75W,Adventures With Plants And Fungi (World Of Science Book 0),Karen Kwek,Paperback,"Feb 19, 2021",Co-published With Ws Education
0,https://www.amazon.com/dp/3030387984,3030387984,Adaptive Digital Circuits for Power-Performance Range beyond Wide Voltage Scaling: From the Clock Path to the Data Path,Saurabh Jain,Paperback,"Feb 28, 2021",
0,https://www.amazon.com/dp/3030379647,3030379647,Data-Driven Modeling of Cyber-Physical Systems using Side-Channel Analysis,Sujit Rokka Chhetri,Paperback,"Feb 9, 2021",
0,https://www.amazon.com/dp/9811600090,9811600090,"Parallel Architectures, Algorithms and Programming: 11th International Symposium, PAAP 2020, Shenzhen, China, December 28–30, 2020, Proceedings (Communications in Computer and Information Science)",Li Ning,Paperback,"Feb 7, 2021",
0,https://www.amazon.com/dp/3030680347,3030680347,"High Performance Computing: 7th Latin American Conference, CARLA 2020, Cuenca, Ecuador, September 2–4, 2020, Revised Selected Papers (Communications in Computer and Information Science)",Sergio Nesmachnow,Paperback,"Feb 3, 2021",
0,https://www.amazon.com/dp/B0GW5V2TW3,B0GW5V2TW3,Bare Metal Computing ARM & RISC Edition: Cross Architecture Instruction Level Engineering,Gareth Thomas,Paperback,"Apr 5, 2026",
0,https://www.amazon.com/dp/B08XLGGD5V,B08XLGGD5V,"Cute Cats Pi Teacher & Student Cat Lovers Pi Day: Journal / Notebook / Diary, 120 Blank Lined Pages, 6 x 9 inches, Glossy Finish Cover, Great Gift For Kids And Adults",Lina Nguyen,Paperback,"Feb 26, 2021",
0,https://www.amazon.com/dp/B08XLGGCGD,B08XLGGCGD,"When you feel a peaceful joy, that's when you are near truth: BLANK LINED JOURNAL. Nature Theme and an Inspirational, Positive Quote. Diary, Composition book, Notebook. Perfect Gift for Women",Gold Rooster Publishing,Paperback,"Feb 26, 2021",
0,https://www.amazon.com/dp/B08XLGGCDJ,B08XLGGCDJ,"Nothing is to be rated higher than the value of the day: BLANK LINED JOURNAL. Nature Theme and an Inspirational, Positive Quote. Diary, Composition book, Notebook. Perfect Gift for Women",Gold Rooster Publishing,Paperback,"Feb 26, 2021",
0,https://www.amazon.com/dp/B08XLGGCCJ,B08XLGGCCJ,A Wonderful Winter of Kakuro 16 x 16 Round 5: Super Hard Volume 15: Play Kakuro Japanese Puzzle Game Book Numbers Mathematical Cross Sums Addition ... Ages Kids to Adults Beginner Very Hard Level,Stella Zahlenspiel,Paperback,"Feb 26, 2021",
0,https://www.amazon.com/dp/B08XLGFT15,B08XLGFT15,Past Present Future (The Message),Being of Beings,Paperback,"Feb 26, 2021",
0,https://www.amazon.com/dp/B08XLGFSXQ,B08XLGFSXQ,Science Notebook: Large Simple Graph Paper Notebook / Science Notebook / 120 Quad ruled 5x5 pages 8.5 x 11 / Grid Paper Notebook for Science Students,Daemon Nash,Paperback,"Feb 26, 2021",
0,https://www.amazon.com/dp/B08XLGFSTH,B08XLGFSTH,Science Notebook: Large Simple Graph Paper Notebook / Science Notebook / 120 Quad ruled 5x5 pages 8.5 x 11 / Grid Paper Notebook for Science Students,Daemon Nash,Paperback,"Feb 26, 2021",
0,https://www.amazon.com/dp/B08XLGFSQ1,B08XLGFSQ1,"Graph Paper Notebook: Great for Students - Graph Ruled, 120 Sheets of Paper, 8.5 x 11 Inches - Math & Science",Uncle Sams B.P.,Paperback,"Feb 26, 2021",
0,https://www.amazon.com/dp/B08XLGFS47,B08XLGFS47,Learning Diary: For students - Keep track of your tasks and plan your day,Kalto Books,Paperback,"Feb 26, 2021",
0,https://www.amazon.com/dp/B08XLGFQXH,B08XLGFQXH,Suguru Puzzle Book: 200 Medium to Very Hard (14x14) Puzzles (Adult Brain Games Series),Dr. Khalid Alzamili,Paperback,"Feb 26, 2021",
0,https://www.amazon.com/dp/B08XLGFQJF,B08XLGFQJF,"I want to sing like the birds sing, not worrying about who hears or what they think: BLANK LINED JOURNAL. Nature Theme and an Inspirational, Positive ... book, Notebook. Perfect Gift for Women",Gold Rooster Publishing,Paperback,"Feb 26, 2021",
0,https://www.amazon.com/dp/B08XLGFQFR,B08XLGFQFR,A Wonderful Winter of Kakuro 14 x 14 Round 4: Hard Volume 15: Play Kakuro Japanese Puzzle Game Book Numbers Mathematical Cross Sums Addition Based ... Kids to Adults Beginner Hard Level Christmas,Stella Zahlenspiel,Paperback,"Feb 26, 2021",
0,https://www.amazon.com/dp/B08XL9R1CM,B08XL9R1CM,Science Notebook: Large Simple Graph Paper Notebook / Science Notebook / 120 Quad ruled 5x5 pages 8.5 x 11 / Grid Paper Notebook for Science Students,Daemon Nash,Paperback,"Feb 26, 2021",
0,https://www.amazon.com/dp/B08XL9R16T,B08XL9R16T,Concealed Revealed (The Message),Being of Beings,Paperback,"Feb 26, 2021",
0,https://www.amazon.com/dp/B08XL9R13W,B08XL9R13W,"Busy Doing Nothing Panda: Perfect Panda Journal For Food & Animal Lovers, 120 Pages 6 x 9 inches Lined Journal",Beginners Publishing,Paperback,"Feb 26, 2021",
0,https://www.amazon.com/dp/B08XL9R124,B08XL9R124,"sketchbook: meteors and stars in space cover | 7.44"" x 9.69"" inches | 120 blank white pages with premium art for painting, drawing, writing, sketching and doodling",medox Edition,Paperback,"Feb 26, 2021",
0,https://www.amazon.com/dp/B08W3Z9NQK,B08W3Z9NQK,"Parallel Architectures, Algorithms and Programming: 11th International Symposium, PAAP 2020, Shenzhen, China, December 28–30, 2020, Proceedings (Communications ... Computer and Information Science Book 1362)",Li Ning,Paperback,"Feb 6, 2021",
0,https://www.amazon.com/dp/B08W1RDRDC,B08W1RDRDC,"Hardware Supply Chain Security: Threat Modelling, Emerging Attacks and Countermeasures",Basel Halak,Paperback,"Feb 4, 2021",
0,https://www.amazon.com/dp/B08VRJHKKN,B08VRJHKKN,"High Performance Computing: 7th Latin American Conference, CARLA 2020, Cuenca, Ecuador, September 2–4, 2020, Revised Selected Papers (Communications in Computer and Information Science Book 1327)",Sergio Nesmachnow,Paperback,"Feb 2, 2021",
0,https://www.amazon.com/dp/B08X47QB85,B08X47QB85,"Gender, Embodiment, and the History of the Scholarly Persona: Incarnations and Contestations",Kirsti Niskanen,Paperback,"Feb 19, 2021",
0,https://www.amazon.com/dp/B08WZ5NTK3,B08WZ5NTK3,Property and Energy Conversion Technology of Solid Composite Sorbents (Engineering Materials),Liwei Wang,Paperback,"Feb 19, 2021",
0,https://www.amazon.com/dp/B0BWDJTZ9H,B0BWDJTZ9H,Mouse Genetics: Methods and Protocols (Methods in Molecular Biology Book 2224),Shree Ram Singh,Paperback,"Feb 19, 2021",
0,https://www.amazon.com/dp/B0BW8JRT9R,B0BW8JRT9R,Germline Development in the Zebrafish: Methods and Protocols (Methods in Molecular Biology Book 2218),Roland Dosch,Paperback,"Feb 19, 2021",
0,https://www.amazon.com/dp/B0BVZ32DLM,B0BVZ32DLM,Deep Sequencing Data Analysis (Methods in Molecular Biology Book 2243),Noam Shomron,Paperback,"Feb 19, 2021",Humana
0,https://www.amazon.com/dp/B093L87DG5,B093L87DG5,Adventures With Birds (World Of Science Book 0),Karen Kwek,Paperback,"Feb 19, 2021",
0,https://www.amazon.com/dp/B093L5JV57,B093L5JV57,Adventures With Aquatic Creatures (World Of Science Book 0),Karen Kwek,Paperback,"Feb 19, 2021",
0,https://www.amazon.com/dp/B08ZLK4BNL,B08ZLK4BNL,Travelling to a Holiday by the Sea (Children Saving our Planet Series),Carol Sutters,Paperback,"Feb 19, 2021",AuthorHouse UK
0,https://www.amazon.com/dp/B08ZLJSPCY,B08ZLJSPCY,Shopping at the Farm Shop (Children Saving our Planet Series),Carol Sutters,Paperback,"Feb 19, 2021",
0,https://www.amazon.com/dp/B08X4D7MHB,B08X4D7MHB,Thermodynamic Analysis and Optimization of Geothermal Power Plants,Can Ozgur Colpan,Hardcover,"Feb 19, 2021",
0,https://www.amazon.com/dp/B08X478SP5,B08X478SP5,The Nile Waters: Weighed from Space,Joseph Awange,Hardcover,"Feb 19, 2021",
0,https://www.amazon.com/dp/B08X46L5K1,B08X46L5K1,The Soils of Aotearoa New Zealand (World Soils Book Series),Allan E. Hewitt,Hardcover,"Feb 19, 2021",
0,https://www.amazon.com/dp/B08X46C8KX,B08X46C8KX,Imperfect Inventory Systems: Inventory and Production Management,Ata Allah Taleizadeh,Paperback,"Feb 19, 2021",
0,https://www.amazon.com/dp/B08XL9R113,B08XL9R113,"Space Sketchbook: Practice Drawing, Paint, Write, Doodle, 120 Large blank white pages , 7.44"" x 9.69"" inch for Notes, for painting, drawing, writing, ... art Galaxy Universe cover ,(Anglais) Broché",medox Edition,Paperback,"Feb 26, 2021",
0,https://www.amazon.com/dp/B08XL9QZ8Z,B08XL9QZ8Z,It's Lock for a reason: Password log book . Logbook To Protect Usernames and password . Internet Organizer .,Shila Publication,Paperback,"Feb 26, 2021",
0,https://www.amazon.com/dp/B08XL9QZ4Q,B08XL9QZ4Q,Penguin Notebook: The Candy Cane Winter Penguin Cute Notebook (6 x 9) - 100 Pages,Whimsical Animal Stationary,Paperback,"Feb 26, 2021",
0,https://www.amazon.com/dp/B08XL9QYX9,B08XL9QYX9,Graph Paper Notebook: Large Simple Graph Paper Journal - 200 Quad Ruled 4x4 Pages 8.5 x 11 inches: Large Grid Paper Notebook for Math and Science Students,Masked Designer,Paperback,"Feb 26, 2021",
0,https://www.amazon.com/dp/B08XL9QYTW,B08XL9QYTW,"Isometric Notebook, Isometric graph paper notebook: 150 pages drawing pad, 1/4 inch equilateral triangle",Liton debnath,Paperback,"Feb 26, 2021",
0,https://www.amazon.com/dp/B08XL9QYSN,B08XL9QYSN,"Graph Paper Notebook: Math and Science Students, Engineers, Architects and Artists",Collin Wood Publishing,Paperback,"Feb 26, 2021",
0,https://www.amazon.com/dp/B08XL9QYSH,B08XL9QYSH,"Graph Paper Notebook: Math and Science Students, Engineers, Architects and Artists",Collin Wood Publishing,Paperback,"Feb 26, 2021",
0,https://www.amazon.com/dp/B08XL9QYRB,B08XL9QYRB,"Graph Paper Notebook: Large Simple Composition Graph Paper Journal: 120 Quad Ruled 4x4 Pages 8.5 x 11 Inches - Grid Paper Notebook for Math, Design and Science Students",Ink Publish,Paperback,"Feb 26, 2021",
0,https://www.amazon.com/dp/B08XL9QKTB,B08XL9QKTB,"Notebook: Large Size (8.5 x 11), 116 Lined Pages, Elegant cover design",Raid Books,Paperback,"Feb 26, 2021",
0,https://www.amazon.com/dp/B08XL9QKS9,B08XL9QKS9,Science Notebook: Large Simple Graph Paper Notebook / Science Notebook / 120 Quad ruled 5x5 pages 8.5 x 11 / Grid Paper Notebook for Science Students,Daemon Nash,Paperback,"Feb 26, 2021",
0,https://www.amazon.com/dp/B08XL9QKR7,B08XL9QKR7,"Graph Paper Composition Notebook New Edition: Quad Ruled 5 squares per inch: Math and Science Composition Notebook for Students and Artist Workbook ... Color Covers, 110 pages |Large, 8.5 x 11|",Akkach Math & Science Press,Paperback,"Feb 26, 2021",Independently published
0,https://www.amazon.com/dp/B08XL9QKLG,B08XL9QKLG,"Birds Watching Logbook: Birders journal and logbook for animal watchers | Bird watching for beginners, advanced, children and adults",Margo Blackmore,Paperback,"Feb 26, 2021",
0,https://www.amazon.com/dp/B08XL9QKJ5,B08XL9QKJ5,Astronomy Log Book: Best astronomy log book,Rich Like Her,Paperback,"Feb 26, 2021",
0,https://www.amazon.com/dp/B08XL9QKG8,B08XL9QKG8,Graph Paper Notebook: Large Simple Graph Paper Journal - 120 Quad Ruled 4x4 Pages 8.5 x 11 inches - Grid Paper & Composition Notebook for Math and ... Cover (Notebook | Turing Patterns Series),Zakaria Elaloui,Paperback,"Feb 26, 2021",
0,https://www.amazon.com/dp/B08X3F72DP,B08X3F72DP,"Magnesium Technology 2021 (The Minerals, Metals & Materials Series)",Victoria M. Miller,Paperback,"Feb 19, 2021",Springer
0,https://www.amazon.com/dp/B08X3C2VRL,B08X3C2VRL,"Proceedings of the International Conference on Paradigms of Computing, Communication and Data Sciences: PCCDS 2020 (Algorithms for Intelligent Systems)",Mayank Dave,Paperback,"Feb 19, 2021",
0,https://www.amazon.com/dp/B08X31GHBD,B08X31GHBD,Reading the Landscapes of Colorado: Understanding the natural world along the state's major highways,Alan Carpenter,Kindle,"Feb 19, 2021",
0,https://www.amazon.com/dp/B08X2Z4J9S,B08X2Z4J9S,New Methods for Conserving the Environment Safely and Wisely,A. E.  Arslan,Kindle,"Feb 19, 2021",
0,https://www.amazon.com/dp/B08X2Y8MTT,B08X2Y8MTT,"F.A.A.N.G: February 19, 2021: Facebook, Apple, Amazon, Netflix & Google Weekly Price Pattern Coordinates Charts (F.A.A.N.G: Facebook, Apple, Amazon, Netflix ... Price Pattern Coordinates Charts Book 60)",Edward Weigel,Kindle,"February 19, 2021",
0,https://www.amazon.com/dp/B08X2VBD1Y,B08X2VBD1Y,"Late-Night Experiments with Science Trivia: 99 Questions for A Fun Trivia Challenge to Test Your Physics, Chemistry, and Biology Skills Across All Ages",Dexter Jacobs,Kindle,"Feb 19, 2021",
0,https://www.amazon.com/dp/B08X29ZBBH,B08X29ZBBH,Chemistry of Functional Materials Surfaces and Interfaces: Fundamentals and Applications,Andrei Honciuc,Paperback,"Feb 19, 2021",
0,https://www.amazon.com/dp/B08X27KP7Z,B08X27KP7Z,Bio-valorization of Waste: Trends and Perspectives (Environmental and Microbial Biotechnology),Shachi Shah,Paperback,"Feb 19, 2021",
0,https://www.amazon.com/dp/B08X22RVS3,B08X22RVS3,Networks in the Global World V: Proceedings of NetGloW 2020 (Lecture Notes in Networks and Systems Book 181),Artem Antonyuk,Paperback,"Feb 19, 2021",Springer
0,https://www.amazon.com/dp/B08X1ZNNXD,B08X1ZNNXD,Coffee researches: Pesquisa em café (versão em inglês-English version),Decio Zylbersztajn,Kindle,"Feb 19, 2021",Pasavento
0,https://www.amazon.com/dp/B08X1G3T2J,B08X1G3T2J,3x+1 Problem for integer numbers,Yury Aleksandrovskiy,Kindle,"Feb 19, 2021",
0,https://www.amazon.com/dp/B08X17P68Q,B08X17P68Q,"Climate Change Facts: The Science, Truth, Fiction, Hoax, Effects and Solutions everyone should know.",Frank  Baethe,Kindle,"Feb 19, 2021",
0,https://www.amazon.com/dp/B08XL9QKFZ,B08XL9QKFZ,Letter C: Lined Notebook with Personalized Initial C and Pink Flowers Cover. Perfect as a Gift or Present,Aspirewell Publishing,Paperback,"Feb 26, 2021",
0,https://www.amazon.com/dp/B08XL9QKFB,B08XL9QKFB,Graph Paper Notebook: Large Simple Graph Paper Journal - 120 Quad Ruled 4x4 Pages 8.5 x 11 inches - Grid Paper & Composition Notebook for Math and ... Cover (Notebook | Turing Patterns Series),Zakaria Elaloui,Paperback,"Feb 26, 2021",
0,https://www.amazon.com/dp/B08XL9QKDV,B08XL9QKDV,Chemistry Notebook: Large Simple Graph Paper Notebook / 120 Quad ruled 5x5 pages 8.5 x 11 / Grid Paper Notebook for Chemistry Students (Chemistry Notebooks),Daemon Nash,Paperback,"Feb 26, 2021",
0,https://www.amazon.com/dp/B08XL9QK37,B08XL9QK37,"Gas & Mileage Log Book: Car and Bike Mileage Tracker for Personal or Small Business Expense Auditing, Mileage Tracker For Taxes, Daily Tracking Your ... Business or Personal, Vehicle Mileage Journal",Katrina De Huff,Paperback,"Feb 26, 2021",
0,https://www.amazon.com/dp/B08XL9QK2P,B08XL9QK2P,"Gas & Mileage Log Book: Car and Bike Mileage Tracker for Personal or Small Business Expense Auditing, Mileage Tracker For Taxes, Daily Tracking Your ... Business or Personal, Vehicle Mileage Journal",Katrina De Huff,Paperback,"Feb 26, 2021",
0,https://www.amazon.com/dp/B08XL9QJR5,B08XL9QJR5,Penguin Notebook: The Christmas Winter Penguin Cute Notebook (6 x 9) - 100 Pages,Whimsical Animal Stationary,Paperback,"Feb 26, 2021",
0,https://www.amazon.com/dp/B08XL9QJMM,B08XL9QJMM,Bird Notebook: Pretty Bird Cute Notebook (6 x 9) - 100 Pages,Whimsical Life Stationary,Paperback,"Feb 26, 2021",
0,https://www.amazon.com/dp/B08XL9QJ9V,B08XL9QJ9V,"Graph Paper Notebook: Math and Science Students, Engineers, Architects and Artists",Collin Wood Publishing,Paperback,"Feb 26, 2021",
0,https://www.amazon.com/dp/B08XL9QJ6C,B08XL9QJ6C,Math it's Really Easy as Pi Square Graph Composition Notebook,FAN BOOKS,Paperback,"Feb 26, 2021",
0,https://www.amazon.com/dp/B08XL9QHSD,B08XL9QHSD,Springtime With My Dog Notebook: Blank Lined Journal for Dog Lovers /120-page lined notebook.,Amira notebooks,Paperback,"Feb 26, 2021",
0,https://www.amazon.com/dp/B08XL9QHKB,B08XL9QHKB,Sudoku 8 x 8 Level 2: Easy Vol. 23: Play Sudoku 8x8 Eight Grid With Solutions Easy Level Volumes 1-40 Sudoku Cross Sums Variation Travel Paper Logic ... Mathematics Challenge All Ages Kids to Adult,Sophia Numerik,Paperback,"Feb 26, 2021",
0,https://www.amazon.com/dp/B08XL9QF4T,B08XL9QF4T,Preschool Math For Toddlers Ages 2-5: Preschool Learning Book with Number Tracing and Matching Activities,SMART MINDS BIG DREAMS,Paperback,"Feb 26, 2021",
0,https://www.amazon.com/dp/B08XL7ZJXX,B08XL7ZJXX,Science Notebook: Large Simple Graph Paper Notebook / Science Notebook / 120 Quad ruled 5x5 pages 8.5 x 11 / Grid Paper Notebook for Science Students,Daemon Nash,Paperback,"Feb 26, 2021",
0,https://www.amazon.com/dp/B08XL7ZJWP,B08XL7ZJWP,Science Notebook: Large Simple Graph Paper Notebook / Science Notebook / 120 Quad ruled 5x5 pages 8.5 x 11 / Grid Paper Notebook for Science Students,Daemon Nash,Paperback,"Feb 26, 2021",
0,https://www.amazon.com/dp/B08XL7ZJW8,B08XL7ZJW8,Science Notebook: Large Simple Graph Paper Notebook / Science Notebook / 120 Quad ruled 5x5 pages 8.5 x 11 / Grid Paper Notebook for Science Students,Daemon Nash,Paperback,"Feb 26, 2021",
0,https://www.amazon.com/dp/B08XL7ZJS2,B08XL7ZJS2,"Birds Watching Logbook: Birders journal and logbook for animal watchers | Bird watching for beginners, advanced, children and adults",Margo Blackmore,Paperback,"Feb 26, 2021",Independently published
0,https://www.amazon.com/dp/B08XL7ZJP8,B08XL7ZJP8,"Graphing Paper Book: Grid Paper Notebook - Quad Ruled 120 pages (Large, 8.5 x 11) Graph Paper Notebooks",Sumon Journals,Paperback,"Feb 26, 2021",
0,https://www.amazon.com/dp/B08XL7ZJ79,B08XL7ZJ79,Aircraft Mechanic Journal: AMT Logbook Aircraft Engineer Operation & Technician Log Book for Aircraft Repairs and Mechanical Record for Mechanics Aviation Maintenance Technician & Mechanic Log book,Laixe Publication,Paperback,"Feb 26, 2021",
0,https://www.amazon.com/dp/B08XL7ZHZY,B08XL7ZHZY,"Zebra Notebook: Composition Notebook - Cute Gift Idea For Zebra Lovers | 120 pages, 6 x 9 inches",Chor muang Design,Paperback,"Feb 26, 2021",
0,https://www.amazon.com/dp/B08XL7ZHY5,B08XL7ZHY5,Penguin Notebook: The Penguins and Christmas Stars Cute Notebook (6 x 9) - 100 Pages,Whimsical Animal Stationary,Paperback,"Feb 26, 2021",
0,https://www.amazon.com/dp/B08XL7ZHVJ,B08XL7ZHVJ,Whiskey Tasting Logbook: For Men and Women to Record what they Think about the Whiskies that they Taste. Find out which ones they like best and might like to sample again.,Michael O'Connell,Paperback,"Feb 26, 2021",
0,https://www.amazon.com/dp/B08XL7ZHM9,B08XL7ZHM9,"Soil scientist: Notebook, gift for geologist",Camille Monelier,Paperback,"Feb 26, 2021",
0,https://www.amazon.com/dp/B08XL7ZGL6,B08XL7ZGL6,Sudoku 8 x 8 Level 2: Easy Vol. 24: Play Sudoku 8x8 Eight Grid With Solutions Easy Level Volumes 1-40 Sudoku Cross Sums Variation Travel Paper Logic ... Mathematics Challenge All Ages Kids to Adult,Sophia Numerik,Paperback,"Feb 26, 2021",
0,https://www.amazon.com/dp/B08XL7ZF24,B08XL7ZF24,"Dinosaur Coloring Book: For Kids Ages 2-8 Dinosaurs, Dangerous and Extinct Animals. A Jumbo Gift Kids Activity Coloring Book.",Dino Books,Paperback,"Feb 26, 2021",
0,https://www.amazon.com/dp/B08XL7YZ9C,B08XL7YZ9C,Graph Paper Notebook: Large Simple Graph Paper Journal - 120 Quad Ruled 4x4 Pages 8.5 x 11 inches - Grid Paper & Composition Notebook for Math and ... Cover (Notebook | Turing Patterns Series),Zakaria Elaloui,Paperback,"Feb 26, 2021",
0,https://www.amazon.com/dp/B08XL7YZ7F,B08XL7YZ7F,Letter B: Lined Notebook with Personalized Initial B and Pink Flowers Cover. Ideal as a Gift or Present,Aspirewell Publishing,Paperback,"Feb 26, 2021",
0,https://www.amazon.com/dp/B08XL7YYSD,B08XL7YYSD,"Gas & Mileage Log Book: Car and Bike Mileage Tracker for Personal or Small Business Expense Auditing, Mileage Tracker For Taxes, Daily Tracking Your ... Business or Personal, Vehicle Mileage Journal",Katrina  De Huff,Paperback,"Feb 26, 2021",
0,https://www.amazon.com/dp/B08XL7YYLL,B08XL7YYLL,"Password Book With Alphabetical Tabs: Pink small floral design, Large Print /font Internet Address & Password Organizer Logbook, 8.5 x11 inch, 110 pages",XandYart Publishing,Paperback,"Feb 26, 2021",
0,https://www.amazon.com/dp/B08XL7YYJ2,B08XL7YYJ2,Penguin Notebook: The Winter Christmas Penguin Cute Notebook (6 x 9) - 100 Pages,Whimsical Animal Stationary,Paperback,"Feb 26, 2021",
0,https://www.amazon.com/dp/B08XL7YYBP,B08XL7YYBP,I Love You Mom: Flower Notebook Gifts For Mom,Gratitude Show Press,Paperback,"Feb 26, 2021",
0,https://www.amazon.com/dp/B08XL7YXX8,B08XL7YXX8,"Zebra Notebook: Journal-Cute Gift Idea For Zebra Lovers | 120 pages, 6 x 9 inches",Chor muang Design,Paperback,"Feb 26, 2021",
0,https://www.amazon.com/dp/B08X16FJGJ,B08X16FJGJ,You were wrong Scarecrow: Mistakes made in Oz (A year of books),Patrick Cooney,Paperback,"Feb 19, 2021",
0,https://www.amazon.com/dp/B08QDCQ46L,B08QDCQ46L,Singularly Perturbed Methods for Nonlinear Elliptic Problems (Cambridge Studies in Advanced Mathematics),Daomin Cao,Hardcover,"Feb 18, 2021",Cambridge University Press
0,https://www.amazon.com/dp/B08XQP7NPK,B08XQP7NPK,Boundary Value Problems For Fractional Differential Equations And Systems (Trends In Abstract And Applied Analysis Book 9),Bashir Ahmad,Hardcover,"Feb 18, 2021",
0,https://www.amazon.com/dp/B08XL7YX6L,B08XL7YX6L,Order Between Chaos (The Message),Being of Beings,Paperback,"Feb 26, 2021",
0,https://www.amazon.com/dp/B08XL7YX5K,B08XL7YX5K,"Don't be satisfied with stories, how things have gone with others. Unfold your own myth: BLANK LINED JOURNAL. Nature Theme and an Inspirational, ... book, Notebook. Perfect Gift for Women",Gold Rooster Publishing,Paperback,"Feb 26, 2021",
0,https://www.amazon.com/dp/B08XL7YWRS,B08XL7YWRS,"BEHAVIOLOGY REVOLUTION IN PSYCHOLOGY: Recent discoveries in psychology, Recent discoveries in human behavior, How to change people’s attitude, Advanced psychology, Best psychology book",Eddie Rafii,Paperback,"Feb 26, 2021",
0,https://www.amazon.com/dp/B08XL7YTPN,B08XL7YTPN,"cool flowers mandalas coloring book for adults stress- relief: Coloring Book Stress Relieving Designs, 50 Intricate mandala adults with Detailed ... Relaxation, creative art, crafts for children",espace mandala,Paperback,"Feb 26, 2021",
0,https://www.amazon.com/dp/B08XH2JRB2,B08XH2JRB2,Gardening Journal And Planner : A professional gardening planner: Gardening Schedule,Smart plant Publications,Paperback,"Feb 26, 2021",
0,https://www.amazon.com/dp/B08XH2JR3M,B08XH2JR3M,Leaves Notebook: with a lovely cover,Mohammad Ali,Paperback,"Feb 26, 2021",
0,https://www.amazon.com/dp/B08XH2JQYP,B08XH2JQYP,Graph Paper Notebook: Large Simple Graph Paper Journal - 120 Half Graph 4x4/ Half College-Ruled Pages 8.5 x 11 inches: Grid Paper Notebook for Math and Science Students,Masked Designer,Paperback,"Feb 26, 2021",
0,https://www.amazon.com/dp/B08XH2JQRW,B08XH2JQRW,Composition Notebook: Shark Rainbow Journal Blank Lined Ruled,Chotiwat Ohm,Paperback,"Feb 26, 2021",
0,https://www.amazon.com/dp/B08XH2JQQZ,B08XH2JQQZ,Bird Watching Journal: Birders Logbook to Record Sightings and Hotspots,Family LIfe Publishing,Paperback,"Feb 26, 2021",
0,https://www.amazon.com/dp/B08XH2JQF5,B08XH2JQF5,Notebook For Math Lovers | Equal Is Greater Than Division,Smart LifeStyle Journals,Paperback,"Feb 26, 2021",Independently published
0,https://www.amazon.com/dp/B08XH2JQCS,B08XH2JQCS,Isometric Graph paper notebook 1/4 inch equilateral triangle: 8.5 x 11 Inches Engineering paper,Liton debnath,Paperback,"Feb 26, 2021",
0,https://www.amazon.com/dp/B08XH2JQ95,B08XH2JQ95,Notebook for School and College Students Square grid Journal Large (8.5 x 11): Graph Paper for write drawing note Quad Ruled 5x5 squares inch (Graph Paper Composition Notebook),artesis studio,Paperback,"Feb 26, 2021",
0,https://www.amazon.com/dp/B08XH2JPRY,B08XH2JPRY,Notebook: Beautiful Purple Ocean Wave Against a Blue Sky,David G. Sabin,Paperback,"Feb 26, 2021",
0,https://www.amazon.com/dp/B08XH2JNVR,B08XH2JNVR,"Let the beauty of what you love be what you do: BLANK LINED JOURNAL. Nature Theme and an Inspirational, Positive Quote. Diary, Composition book, Notebook. Perfect Gift for Women",Gold Rooster Publishing,Paperback,"Feb 26, 2021",
0,https://www.amazon.com/dp/B08XGSTS6Q,B08XGSTS6Q,Physics Notebook: Large Simple Graph Paper Notebook / Science Notebook / 120 Quad ruled 5x5 pages 8.5 x 11 / Grid Paper Notebook for Science Students,Daemon Nash,Paperback,"Feb 26, 2021",
0,https://www.amazon.com/dp/B08X23LVJG,B08X23LVJG,A Synthesis of Quantum Gravity,Dr. Robert Nieves,Paperback,"Feb 18, 2021",
0,https://www.amazon.com/dp/B08X19CPZX,B08X19CPZX,Data Science and Internet of Things: Research and Applications at the Intersection of DS and IoT,Giancarlo Fortino,Paperback,"Feb 18, 2021",
0,https://www.amazon.com/dp/B08WZBRGVN,B08WZBRGVN,Urban Health and Wellbeing Programme: Policy Briefs: Volume 2,Franz W. Gatzweiler,Paperback,"Feb 18, 2021",Springer
0,https://www.amazon.com/dp/B08WYKSV97,B08WYKSV97,Special Functions in Physics with MATLAB,Wolfgang Schweizer,Paperback,"Feb 18, 2021",Springer
0,https://www.amazon.com/dp/B08QD6RRNG,B08QD6RRNG,Nitrogen Isotopes in Deep Time (Elements in Geochemical Tracers in Earth System Science),Colin Mettam,Paperback,"Feb 18, 2021",
0,https://www.amazon.com/dp/B08QD5J66W,B08QD5J66W,Ecosemiotic Landscape: A Novel Perspective for the Toolbox of Environmental Humanities (Elements in Environmental Humanities),Almo Farina,Paperback,"Feb 18, 2021",Cambridge University Press
0,https://www.amazon.com/dp/B08QCVSM9G,B08QCVSM9G,Action and Inaction in a Social World: Predicting and Changing Attitudes and Behavior,Dolores Albarracín,Paperback,"Feb 18, 2021",Cambridge University Press
0,https://www.amazon.com/dp/B08XGSTRVP,B08XGSTRVP,Beekeeper Log Book - Beekeeping Journal: Perfect Notebook for Beginners or Professionals to track their Beehives,IAM Publishing,Paperback,"Feb 26, 2021",
0,https://www.amazon.com/dp/B08XGSTR8F,B08XGSTR8F,"Zebra Composition Notebook: Journal-Cute Gift Idea For Zebra Lovers | 120 pages, 6 x 9 inches",Chor muang Design,Paperback,"Feb 26, 2021",
0,https://www.amazon.com/dp/B08XGSTR49,B08XGSTR49,My Climbing Book,Blue Faculty,Paperback,"Feb 26, 2021",
0,https://www.amazon.com/dp/B08XGSTR3J,B08XGSTR3J,"The Sea Journal: Journal and Notebook for Sailing and Fishing Lovers, and Sea Lovers in general. 120 pages 6x9in",SATA Arts,Paperback,"Feb 26, 2021",
0,https://www.amazon.com/dp/B08XGSTQMN,B08XGSTQMN,"Keep Calm And Love Cheetahs: Cute Cheetah Notebook - Cheetah Lover Gift For Girls, Boys And Kids. Thanks Giving And Birthday Gift Blank Lined Notebook Journal.",Mirak Cheetah,Paperback,"Feb 26, 2021",
0,https://www.amazon.com/dp/B08XGSTQ4D,B08XGSTQ4D,"English Is Important But Math Is Importanter: Notebook: Lined Notebook / journal Gift,120 Pages,6x9,Soft Cover,Matte Finish , composition Blank ruled ... to use it in school or for you to use at home",Independently published,Paperback,"Feb 26, 2021",
0,https://www.amazon.com/dp/B08XGSTPSN,B08XGSTPSN,A Wonderful Winter of Kakuro 14 x 14 Round 4: Hard Volume 14: Play Kakuro Japanese Puzzle Game Book Numbers Mathematical Cross Sums Addition Based ... Kids to Adults Beginner Hard Level Christmas,Stella Zahlenspiel,Paperback,"Feb 26, 2021",
0,https://www.amazon.com/dp/B0D1VZ1BVV,B0D1VZ1BVV,"Computational Social Science: Proceedings of the 1st International Conference on New Computational Social Science (ICNCSS 2020), September 25-27, 2020, Guangzhou, China",Wei Luo,Paperback,"Feb 18, 2021",
0,https://www.amazon.com/dp/B0CZP832L6,B0CZP832L6,"Hybrid Power: Generation, Storage, and Grids (Sustainable Energy Strategies)",Yatish T. Shah,Paperback,"Feb 18, 2021",CRC Press
0,https://www.amazon.com/dp/B0B654CMFG,B0B654CMFG,Next Generation Culture Platforms for Reliable In Vitro Models: Methods and Protocols (Methods in Molecular Biology Book 2273),Tiziana A.L. Brevini,Paperback,"Feb 18, 2021",
0,https://www.amazon.com/dp/B08YNRB8K8,B08YNRB8K8,GPS and GNSS Technology in Geosciences,George P. Petropoulos,Paperback,"Feb 18, 2021",
0,https://www.amazon.com/dp/B08XQPMLW4,B08XQPMLW4,Applications Of Field Theory Methods In Statistical Physics Of Nonequilibrium Systems,Bohdan I Lev,Hardcover,"Feb 18, 2021",
0,https://www.amazon.com/dp/B08X6CC1PS,B08X6CC1PS,"Constitutive Modeling of Engineering Materials: Theory, Computer Implementation, and Parameter Identification",Vladimir Buljak,Paperback,"Feb 18, 2021",Academic Press
0,https://www.amazon.com/dp/B08X4YQYK5,B08X4YQYK5,Semi-inverse Method In Nonlinear Problems Of Axisymmetric Shells Forming,Anatoly S Yudin,Hardcover,"Feb 18, 2021",World Scientific Publishing Europe Ltd
0,https://www.amazon.com/dp/B08X21K8CW,B08X21K8CW,Vitamins and Their Importance to Plant Health,Jeff Haag,Kindle,"Feb 18, 2021",
0,https://www.amazon.com/dp/B08X1YM9QT,B08X1YM9QT,More Observations,R.w. Foster,Kindle,"Feb 18, 2021",
0,https://www.amazon.com/dp/B08X1K5RFQ,B08X1K5RFQ,Process Safety and Big Data,Sagit Valeev,Paperback,"Feb 18, 2021",Elsevier
0,https://www.amazon.com/dp/B08X1HK57C,B08X1HK57C,Historical and Geographical Atlas of the Tietê — Jacaré Watershed,Diego  Peruchi Trevisan,Paperback,"Feb 18, 2021",
0,https://www.amazon.com/dp/B08X1CZLBK,B08X1CZLBK,Prologue: Experiments in Hydraulics and Fluid Mechanics: A compilation of experiments along with theoretical background in Hydraulics and Fluid Mechanics,Dr. Sarma Seemanapalli,Kindle,"Feb 18, 2021",
0,https://www.amazon.com/dp/B08X19NCK5,B08X19NCK5,My Favorite Dog Viora,Gelyssa Rankin,Paperback,"Feb 18, 2021",
0,https://www.amazon.com/dp/B08X18SVC8,B08X18SVC8,Who Created the Creator of the Universe? : The Cause of the First Cause,USA ta Mondomuni,Paperback,"Feb 18, 2021",
0,https://www.amazon.com/dp/B08X18BDK2,B08X18BDK2,"ECLIPSE ON TEXANS: TEXAS POWER OUTAGE 2021,THE WAY FORWARD AND THE POSSIBLE OUTCOME",MARCUS GREATMAN,Kindle,"Feb 18, 2021",
0,https://www.amazon.com/dp/B08X14RQM1,B08X14RQM1,Second-Order Consensus of Continuous-Time Multi-Agent Systems,Huaqing Li PhD,Paperback,"Feb 18, 2021",
0,https://www.amazon.com/dp/B08X116VHM,B08X116VHM,"Artificial Intelligence for Communications and Networks: Second EAI International Conference, AICON 2020, Virtual Event, December 19-20, 2020, Proceedings ... Telecommunications Engineering Book 356)",Shuo Shi,Paperback,"Feb 18, 2021",Springer
0,https://www.amazon.com/dp/B08WZW6SSQ,B08WZW6SSQ,"Advances in Internet, Data and Web Technologies: The 9th International Conference on Emerging Internet, Data & Web Technologies (EIDWT-2021) (Lecture Notes ... and Communications Technologies Book 65)",Leonard Barolli,Paperback,"Feb 18, 2021",
0,https://www.amazon.com/dp/B08WZM7PX1,B08WZM7PX1,"Recent Trends in Manufacturing and Materials Towards Industry 4.0: Selected Articles from iM3F 2020, Malaysia (Lecture Notes in Mechanical Engineering)",Muhammed Nafis Osman Zahid,Paperback,"Feb 18, 2021",Springer
0,https://www.amazon.com/dp/B08WZF1JBK,B08WZF1JBK,Language Policy in Ethiopia: The Interplay Between Policy and Practice in Tigray Regional State,Mekonnen Alemu Gebre Yohannes,Paperback,"Feb 18, 2021",Springer
0,https://www.amazon.com/dp/B08WZ12PHH,B08WZ12PHH,Quality of Water Resources in Poland (Springer Water),Martina Zeleňáková,Paperback,"Feb 18, 2021",
0,https://www.amazon.com/dp/B08WYYXZ5T,B08WYYXZ5T,Further Advances in Internet of Things in Biomedical and Cyber Physical Systems (Intelligent Systems Reference Library Book 193),Valentina E. Balas,Paperback,"Feb 18, 2021",Springer
0,https://www.amazon.com/dp/B08WYYQ7PX,B08WYYQ7PX,Cartesian CFD Methods for Complex Applications (SEMA SIMAI Springer Series Book 3),Ralf Deiterding,Paperback,"Feb 18, 2021",
0,https://www.amazon.com/dp/B08WYYF955,B08WYYF955,"Advances in Vision Research, Volume III: Genetic Eye Research around the Globe (Essentials in Ophthalmology Book 3)",Gyan Prakash,Paperback,"Feb 18, 2021",Springer
0,https://www.amazon.com/dp/B08WYRXLVJ,B08WYRXLVJ,"Recent Trends in Image Processing and Pattern Recognition: Third International Conference, RTIP2R 2020, Aurangabad, India, January 3–4, 2020, Revised ... Computer and Information Science Book 1381)",K. C. Santosh,Paperback,"Feb 18, 2021",
0,https://www.amazon.com/dp/B08XL9QTQP,B08XL9QTQP,Suguru Math Logic Number Puzzle: 200 Easy (14x14) Puzzles (Suguru Puzzle Books for Adults),Dr. Khalid Alzamili,Paperback,"Feb 25, 2021",
0,https://www.amazon.com/dp/B08XL9QJL9,B08XL9QJL9,"Warm-Ups, Online Activities & Homework Shorts for use with Withgott & Laposata's Environment: The Science Behind the Stories+ 6th AP* edition (2018): ... to the textbook (Tamm's Textbook Tools)",David Tamm,Paperback,"Feb 25, 2021",
0,https://www.amazon.com/dp/B08XL7ZCLS,B08XL7ZCLS,Suguru Math Logic Number Puzzle: 200 Very Hard (14x14) Puzzles (Suguru Puzzle Books for Adults),Dr. Khalid Alzamili,Paperback,"Feb 25, 2021",
0,https://www.amazon.com/dp/B0FGVNBFPG,B0FGVNBFPG,Narragansett Beach rhode island: beach journal for writing down thoughts for anyone that loves beach vacations and surfing,positive publishing,Paperback,"Feb 25, 2021",
0,https://www.amazon.com/dp/B093RZJK4K,B093RZJK4K,"I love maths: learn the numbers from 1 to 10 , learning to add , Part 1",Emzi ColorInc,Paperback,"Feb 25, 2021",
0,https://www.amazon.com/dp/B08YQCQWWN,B08YQCQWWN,"Composition Dot Grid: Dinosaur Tyrannosaurus Rex, Blue Ferns, Dot Grid, Notebook Home Office School Student Teacher Homeschool",Chotiwat Ohm,Paperback,"Feb 25, 2021",
0,https://www.amazon.com/dp/B08XXV1MQ9,B08XXV1MQ9,Dot Grid Butterfly: Huge Dot Grid Book For Journaling with blue background,Chotiwat Ohm,Paperback,"Feb 25, 2021",
0,https://www.amazon.com/dp/B08XT9LX7P,B08XT9LX7P,"Cat journal, My cat journal (name): cat notebook for writing, black cat journal notebook, cat journals, cat journal diary",Hala Publishing,Paperback,"Feb 25, 2021",
0,https://www.amazon.com/dp/B08XNVDD5T,B08XNVDD5T,"Best Green Notebook, Leaf Design, Green & Nature Lovers 2021: 120 Paper 6 x 9",Leaf Life,Paperback,"Feb 25, 2021",
0,https://www.amazon.com/dp/B08XNVDCQK,B08XNVDCQK,"Beekeeping Logbook: Beekeeping Log Book, Bee Journal Notebook, Beekeepers Journal, Bee Farming Tracker, Beehive health tracker 110 Pages 8.5 by 11 Inches",Moorish Blue Press,Paperback,"Feb 25, 2021",
0,https://www.amazon.com/dp/B08XNVDCL2,B08XNVDCL2,"Stingray: Dotted Animal Notebook, School Notebook, Journal, Diary, Daily Notebook",Delightful Spot,Paperback,"Feb 25, 2021",
0,https://www.amazon.com/dp/B0C2SG2F5L,B0C2SG2F5L,"COMMON CORE 6 DIGIT SUBTRACTION GRADE LEVELS 3RD -7TH SIMPLE MATH WORKBOOK FOR SENIORS: MIXED PRACTICE PROBLEMS WITH SOLUTIONS TO BOOST IQ , PREVENT DEMENTIA MATH DRILLS #H1",Kumar,Paperback,"Apr 24, 2023",
0,https://www.amazon.com/dp/B08XNDNQG5,B08XNDNQG5,Eat Healthy: Diary for The Healthy Body 120 Blank Pages 8.5 x 11 Dimension,Grateful Nzenwa,Paperback,"Feb 25, 2021",
0,https://www.amazon.com/dp/B08XNDNQFW,B08XNDNQFW,"NOTEBOOK: Journal for everyone , Simple and beautiful, (6 x 9) inches and 120 pages which offer enough space for thoughts and notes.",Marouane Snatchib,Paperback,"Feb 25, 2021",
0,https://www.amazon.com/dp/B08XNDNQ95,B08XNDNQ95,"Amazing Animals Adult Coloring Book Stress Relieving Mandala Animal Designs: Mandala Coloring Book for Adults, Stress Relief, FunnuyAnimal Mandalas ( ... Book for men,for women and Beginners",Mandalas Emotions,Paperback,"Feb 25, 2021",
0,https://www.amazon.com/dp/B08XNDNPZJ,B08XNDNPZJ,"Grade 8 Math Notebook: Primary Composition Lined Pages with College Ruled Papers for Note-Taking: Reminder of Due Date for Assignment, Homework, Group ... For 8th Grade Boy’s Arithmetic Class Subject",MARJB Stellar Papers Publishing,Paperback,"Feb 25, 2021",
0,https://www.amazon.com/dp/B08XNDNPPK,B08XNDNPPK,Composition Notebook: Daily lined notebook/ Beautiful Nature Cover / For Kids and Teens Who Love Nature,Adventures With Nature,Paperback,"Feb 25, 2021",
0,https://www.amazon.com/dp/B08XNDNPCQ,B08XNDNPCQ,"I Just Really Like eagles OK ?: Journal Notebook to Write In for Birds Lovers 120 Pages , 6 x 9",SOUFIANE El,Paperback,"Feb 25, 2021",
0,https://www.amazon.com/dp/B08XNDNN9W,B08XNDNN9W,"Cute Notebook: 8,5 x 11 Inches 110 Dot Grid pages | Flowers Pattern Softcover| School Home Work | Writing Notes Journal Diary Sketchbook | For Woman, Girls, Teens",Rose Ashford Publishing,Paperback,"Feb 25, 2021",
0,https://www.amazon.com/dp/B08XNDNN8Y,B08XNDNN8Y,"Cute Notebook: 8,5 x 11 Inches 110 Dot Grid pages | Flowers Pattern Softcover| School Home Work | Writing Notes Journal Diary Sketchbook | For Woman, Girls, Teens",Rose Ashford Publishing,Paperback,"Feb 25, 2021",
0,https://www.amazon.com/dp/B08XNDNN5L,B08XNDNN5L,Narragansett Beach rhode island: beach journal for writing down thoughts for anyone that loves beach vacations and surfing,positive publishing,Paperback,"Feb 25, 2021",
0,https://www.amazon.com/dp/B08XNBY9V3,B08XNBY9V3,"Hunting Journal | Diary for Hunter to fill | with checklist, diary and space for notes | 100 pages with templates, 8,27 x 11,69: Huntingjournal with prompts",The Outdoor Guide,Paperback,"Feb 25, 2021",
0,https://www.amazon.com/dp/B08XNBY9MM,B08XNBY9MM,"When a man says he has a wife, it means that a wife has him: BLANK LINED JOURNAL - 6 x 9 inches with 110 pages to write in. Funny animal theme - ... quote. Diary, Composition book, Notebook",Gold Rooster Publishing,Paperback,"Feb 25, 2021",
0,https://www.amazon.com/dp/B08XNBY9L7,B08XNBY9L7,"Ant Notebook: 6X9"" 100 Blank Pages",Crazy Paperback Journals,Paperback,"Feb 25, 2021",
0,https://www.amazon.com/dp/B08XN9G766,B08XN9G766,Graph Paper: Graph Notebook for Lovers of the Night Sky,Leofa B,Paperback,"Feb 25, 2021",
0,https://www.amazon.com/dp/B08XN9G741,B08XN9G741,"Gardening Journal And Planner : A professional gardening journal: A professional planner and Log Book for Gardeners: The perfect prompt journal for ... your gardening activities, projects and ideas",Mad Plant Publications,Paperback,"Feb 25, 2021",
0,https://www.amazon.com/dp/B08XN9G659,B08XN9G659,"Ant Notebook: 6X9"" 100 Blank Pages",Crazy Paperback Journals,Paperback,"Feb 25, 2021",
0,https://www.amazon.com/dp/B08NXTVH5R,B08NXTVH5R,Comparative Thinking in Biology (Elements in the Philosophy of Biology),Adrian Currie,Paperback,"Feb 18, 2021",
0,https://www.amazon.com/dp/B077G7BL91,B077G7BL91,Acoustic Analysis and Design of Short Elliptical End-Chamber Mufflers: Elliptical Mufflers (SpringerBriefs in Applied Sciences and Technology),Akhilesh Mimani,Paperback,"Feb 18, 2021",Springer
0,https://www.amazon.com/dp/B08HGVN2ZL,B08HGVN2ZL,"Convulsed States: Earthquakes, Prophecy, and the Remaking of Early America",Jonathan Todd Hancock,Paperback,"Apr 12, 2021",
0,https://www.amazon.com/dp/B08WYJSZYC,B08WYJSZYC,"Wildlife, Endangered Species, and Science: A Collection of essays from the Western Livestock Journal, 2019-2020",MATTHEW A. CRONIN,Kindle,"Feb 17, 2021",
0,https://www.amazon.com/dp/B08X15V6DZ,B08X15V6DZ,Emergency Chest Radiology,Tae Jung Kim,Paperback,"Feb 17, 2021",
0,https://www.amazon.com/dp/B08XN9G4XL,B08XN9G4XL,"Ultimate UAS / Drone Pilot Logbook: Safety Checklist, Repair Logbook |Drone Pilot Operators Notebook | Drone Flight Time & Flight Map Record | Drone ... Logbook FOR Drone Pilot Ultimate UAS Operator",Mary Shelby,Paperback,"Feb 25, 2021",
0,https://www.amazon.com/dp/B08XN7HX3C,B08XN7HX3C,Beetle Fighting Guru Notebook: Customized Lined Journal Gift For Somebody Who Enjoys Beetle Fighting,Melanie P. Shortpants,Paperback,"Feb 25, 2021",
0,https://www.amazon.com/dp/B08XN7HWJQ,B08XN7HWJQ,"Password Book With Alphabetical Tabs: Cute Cow Large Internet Address & Password Organizer Logbook, 6 x 9 inch, 105 pages",XandYart Publishing,Paperback,"Feb 25, 2021",
0,https://www.amazon.com/dp/B08XN7HWJ7,B08XN7HWJ7,"Password Book With Alphabetical Tabs: Cute Highland Cow Large Internet Address & Password Organizer Logbook, 6 x 9 inch, 105 pages",XandYart Publishing,Paperback,"Feb 25, 2021",
0,https://www.amazon.com/dp/B08XN7HVYB,B08XN7HVYB,Notebook: Minimal lined notebook journal,Keenyn B,Paperback,"Feb 25, 2021",
0,https://www.amazon.com/dp/B08XN7HVY6,B08XN7HVY6,"Math & Science Graph Paper Composition Notebook Best Cover for School and College Students: Square grid Journal Large (8.5 x 11) Quad Ruled 100 Pages ... Ruled: Graph , Paper for write drawing note",artesis studio,Paperback,"Feb 25, 2021",
0,https://www.amazon.com/dp/B08XLNTGNY,B08XLNTGNY,"Wholeness. Get your power back. Health, Mindfulness and Gratitude. A wellness journal and planner.: 100-day transformation wellness journal with prompts and adult coloring activity.",Blooming House Publishers,Paperback,"Feb 25, 2021",
0,https://www.amazon.com/dp/B08XLNTGKB,B08XLNTGKB,Monogram Notebook Journal - Letter M (Monogrammed Notebook Journals),JD Obrice,Paperback,"Feb 25, 2021",
0,https://www.amazon.com/dp/B08XLNTFT8,B08XLNTFT8,"Baby Shower Memories: Baby Shower Guest Book, Keepsake with Woodland Animals for Boy or Girl or Neutral",Cora Showers,Paperback,"Feb 25, 2021",
0,https://www.amazon.com/dp/B08XLNTDD3,B08XLNTDD3,"My Honey: Cute Bear and Honey Bee Diary for Kids, Birthday Gifts for Children, Blank Pages Journal",SAMMY DESIGN,Paperback,"Feb 25, 2021",
0,https://www.amazon.com/dp/B08XLNTD9D,B08XLNTD9D,"Baby Bear: Cute Little Bear Diary for Kids, Birthday Gifts for Children, Blank Pages Journal",SAMMY DESIGN,Paperback,"Feb 25, 2021",
0,https://www.amazon.com/dp/B08XLLF1FF,B08XLLF1FF,"Gardening Journal And Planner: A professional planner and Log Book for Gardeners: The perfect prompt journal for recording all your gardening activities, projects and ideas",Scop Publications,Paperback,"Feb 25, 2021",
0,https://www.amazon.com/dp/B08XLLF1F8,B08XLLF1F8,"Graph Paper Composition Notebook: Simple Grid Paper Notebook Large (8,5 x 11) with 4 Squares per Inch – 100 Pages for Math, Engineering and Science ... Artists, Making Plans, Printing and MORE",Martin Pretzl,Paperback,"Feb 25, 2021",
0,https://www.amazon.com/dp/B0GSVSX3HH,B0GSVSX3HH,"100 Days of Timed Tests: Division with Remainders: Advanced Math Drills for Grades 3-4, Ages 8-10 | Step-by-Step Division Practice Workbook",Daniel Bennett,Paperback,"Mar 16, 2026",
0,https://www.amazon.com/dp/B0BYLXL1VB,B0BYLXL1VB,SIMPLE MATH WORKBOOK FOR SENIORS: MIXED MATH WORKBOOK ADDITION MULTIPLICATION: PRACTICE PROBLEMS WITH SOLUTIONS TO PREVENT DEMENTIA DRILL#7L9,Kumar,Paperback,"Mar 15, 2023",
0,https://www.amazon.com/dp/B08X1NHP7G,B08X1NHP7G,Coal-Fired Power Generation Handbook,James G. Speight,Hardcover,"Feb 17, 2021",
0,https://www.amazon.com/dp/B08X1H4DVY,B08X1H4DVY,"Anglo-Indian Identity: Past and Present, in India and the Diaspora",Robyn Andrews,Paperback,"Feb 17, 2021",
0,https://www.amazon.com/dp/B08WYP2GT8,B08WYP2GT8,Transcritical CO2 Heat Pump: Fundamentals and Applications,Xin-rong Zhang,Hardcover,"Feb 17, 2021",
0,https://www.amazon.com/dp/B08WYMRKQH,B08WYMRKQH,Wonders of Math: Fascinating world of mathematics,Ajay Chaudhuri,Paperback,"Feb 17, 2021",
0,https://www.amazon.com/dp/B08WX8L3TD,B08WX8L3TD,Riemannian Optimization and Its Applications (SpringerBriefs in Electrical and Computer Engineering),Hiroyuki Sato,Paperback,"Feb 17, 2021",
0,https://www.amazon.com/dp/B08WX855TB,B08WX855TB,"Materials Processing Fundamentals 2021 (The Minerals, Metals & Materials Series)",Jonghyun Lee,Paperback,"Feb 17, 2021",
0,https://www.amazon.com/dp/B08WWK183F,B08WWK183F,"Ni-Co 2021: The 5th International Symposium on Nickel and Cobalt (The Minerals, Metals & Materials Series)",Corby Anderson,Paperback,"Feb 17, 2021",
0,https://www.amazon.com/dp/B08Z39R51N,B08Z39R51N,Artificial Intelligence in Data Mining: Theories and Applications,D. Binu,Paperback,"Feb 17, 2021",
0,https://www.amazon.com/dp/B08XLLDZHB,B08XLLDZHB,"Ant Notebook: 6X9"" 100 Blank Pages",Crazy Paperback Journals,Paperback,"Feb 25, 2021",
0,https://www.amazon.com/dp/B08XLLDZGN,B08XLLDZGN,"Ant Notebook: 6X9"" 100 Blank Pages",Crazy Paperback Journals,Paperback,"Feb 25, 2021",
0,https://www.amazon.com/dp/B08XLLDYF7,B08XLLDYF7,Owl Notebook: The Woodland Owls Cute Notebook (6 x 9) - 100 Pages,Whimsical Sparkle,Paperback,"Feb 25, 2021",
0,https://www.amazon.com/dp/B08XLLDY8W,B08XLLDY8W,Work Time Tracker,SAG Publications,Paperback,"Feb 25, 2021",
0,https://www.amazon.com/dp/B08XLLBZ7T,B08XLLBZ7T,Negative o Positive (The Message),Being of Beings,Paperback,"Feb 25, 2021",
0,https://www.amazon.com/dp/B08XLJ8Z4J,B08XLJ8Z4J,Sunny Notebook: Summer Vacation Journal 120 Blank Pages 8.5 x 11 Dimension,Grateful Nzenwa,Paperback,"Feb 25, 2021",
0,https://www.amazon.com/dp/B08XLJ8Z3P,B08XLJ8Z3P,Chemistry Notebook: Large Simple Graph Paper Notebook / 120 Quad ruled 5x5 pages 8.5 x 11 / Grid Paper Notebook for Chemistry Students (Chemistry Notebooks),Daemon Nash,Paperback,"Feb 25, 2021",
0,https://www.amazon.com/dp/B08XLJ8YNZ,B08XLJ8YNZ,"Grade 8 Math Notebook: Primary Composition Lined Pages with College Ruled Papers for Note-Taking: Reminder of Due Date for Assignment, Homework, Group and Individual Projects: 8th Grade Class Subject",MARJB Stellar Papers Publishing,Paperback,"Feb 25, 2021",
0,https://www.amazon.com/dp/B08XLJ8YC8,B08XLJ8YC8,Composition Notebook: Daily lined notebook/ Beautiful Nature Cover / For Kids and Teens Who Love Nature,Adventures With Nature,Paperback,"Feb 25, 2021",
0,https://www.amazon.com/dp/B08XLJ8Y69,B08XLJ8Y69,"Ant Notebook: 6X9"" 100 Blank Pages",Crazy Paperback Journals,Paperback,"Feb 25, 2021",
0,https://www.amazon.com/dp/B08XLJ8WZ5,B08XLJ8WZ5,"Password Book With Alphabetical Tabs: Cute Zebra Large Internet Address & Password Organizer Logbook, 6 x 9 inch, 105 pages",XandYart Publishing,Paperback,"Feb 25, 2021",
0,https://www.amazon.com/dp/B08XLJ8VTK,B08XLJ8VTK,A few thoughts on a universal perspective,Ryan Grambling,Paperback,"Feb 25, 2021",
0,https://www.amazon.com/dp/B08X18KGKM,B08X18KGKM,Carotenoids: Structure and Function in the Human Body,Muhammad Zia-Ul-Haq,Paperback,"Feb 17, 2021",Springer
0,https://www.amazon.com/dp/B08WZFCNQ2,B08WZFCNQ2,Tuco-Tucos: An Evolutionary Approach to the Diversity of a Neotropical Subterranean Rodent,Thales Renato Ochotorena de Freitas,Paperback,"Feb 17, 2021",Springer
0,https://www.amazon.com/dp/B08WZ9JZXZ,B08WZ9JZXZ,Hybrid Renewable Energy Systems for Remote Telecommunication Stations,Adel A. Elbaset,Paperback,"Feb 17, 2021",Springer
0,https://www.amazon.com/dp/B08WYYKG88,B08WYYKG88,Absolute Value Equations Workbook,Tom Glorisan,Kindle,"Feb 17, 2021",
0,https://www.amazon.com/dp/B08WYY18W8,B08WYY18W8,"Vibration Assisted Machining: Theory, Modelling and Applications (Wiley-ASME Press Series)",Lu Zheng,Paperback,"Feb 17, 2021",
0,https://www.amazon.com/dp/B08WYV7G8R,B08WYV7G8R,"Imagining the Past, Constructing the Future",Maria C.D.P. Lyra,Paperback,"Feb 17, 2021",
0,https://www.amazon.com/dp/B08WYMZD3Q,B08WYMZD3Q,"Cyber-Physical Security for Critical Infrastructures Protection: First International Workshop, CPS4CIP 2020, Guildford, UK, September 18, 2020, Revised ... Notes in Computer Science Book 12618)",Habtamu Abie,Paperback,"September 18, 2020",
0,https://www.amazon.com/dp/B08WYLGW94,B08WYLGW94,A Date With A Bird: A birdwatcher's life,Alan Vittery,Paperback,"Feb 17, 2021",
0,https://www.amazon.com/dp/B08WXFHPC7,B08WXFHPC7,"Introduction to Mathematical Systems Theory: Discrete Time Linear Systems, Control and Identification",Christiaan Heij,Paperback,"Feb 17, 2021",
0,https://www.amazon.com/dp/B08WX18CRK,B08WX18CRK,Landscape Empowerment: A Participatory Design Approach to Create Restorative Environments for Assembly Line Workers in the Foxconn Factory,Bin Jiang,Paperback,"Feb 17, 2021",
0,https://www.amazon.com/dp/B08WWXNNGM,B08WWXNNGM,Generative Adversarial Networks for Image Generation,Xudong Mao,Paperback,"Feb 17, 2021",
0,https://www.amazon.com/dp/B08WWXHR9V,B08WWXHR9V,Microbial Nanobiotechnology: Principles and Applications (Materials Horizons: From Nature to Nanomaterials),Agbaje Lateef,Paperback,"Feb 17, 2021",
0,https://www.amazon.com/dp/B08WWG43R5,B08WWG43R5,Materials Design and Applications III (Advanced Structured Materials Book 149),Lucas F. M. da Silva,Paperback,"Feb 17, 2021",
0,https://www.amazon.com/dp/B08XLGJQ4N,B08XLGJQ4N,"Gardening Journal And Planner : Let's garden Totgether: A professional planner and Log Book for Gardeners: The perfect prompt journal for recording all your gardening activities, projects and ideas",Maskot Publications,Paperback,"Feb 25, 2021",
0,https://www.amazon.com/dp/B08XLGJQ2C,B08XLGJQ2C,Chemistry Notebook: Large Simple Graph Paper Notebook / 120 Quad ruled 5x5 pages 8.5 x 11 / Grid Paper Notebook for Chemistry Students (Chemistry Notebooks),Daemon Nash,Paperback,"Feb 25, 2021",
0,https://www.amazon.com/dp/B08XLGJQ1Y,B08XLGJQ1Y,Chemistry Notebook: Large Simple Graph Paper Notebook / 120 Quad ruled 5x5 pages 8.5 x 11 / Grid Paper Notebook for Chemistry Students (Chemistry Notebooks),Daemon Nash,Paperback,"Feb 25, 2021",
0,https://www.amazon.com/dp/B08XLGJPVP,B08XLGJPVP,"Notebook: Bunny, Birds, and Eggs Notebook",Icicles X Ink,Paperback,"Feb 25, 2021",
0,https://www.amazon.com/dp/B08XLGJP68,B08XLGJP68,"I don't do any exercises, except sleeping and resting: Blank Lined Journal - 6 x 9 inches with 110 pages to write in. Funny animal theme - A CUTE DRONE. Diary, Composition book, Notebook",Gold Rooster Publishing,Paperback,"Feb 25, 2021",
0,https://www.amazon.com/dp/B08XLGJNSG,B08XLGJNSG,Time Travel Guru Notebook: Customized Lined Journal Gift For Somebody Who Enjoys Time Travel,Melanie P. Shortpants,Paperback,"Feb 25, 2021",
0,https://www.amazon.com/dp/B08XLGJNHQ,B08XLGJNHQ,Work Time Tracker,SAG Publications,Paperback,"Feb 25, 2021",
0,https://www.amazon.com/dp/B08XLGJN6K,B08XLGJN6K,Bee Lover Notebook: Golden Bees Notebook (6 x 9) - 100 Pages,Whimsical Sparkle,Paperback,"Feb 25, 2021",
0,https://www.amazon.com/dp/B08XLGJMBZ,B08XLGJMBZ,Graph Paper Notebook: Large Simple Composition Graph Paper Journal - 120 Quad Ruled 4x4 Pages 8.5 x 11 inches - Grid Paper Notebook for Math and Science Students,Ink Publish,Paperback,"Feb 25, 2021",
0,https://www.amazon.com/dp/B08XLGJLM6,B08XLGJLM6,Mermaid Scissor Skill: Activity Book For Kids.,SH Press,Paperback,"Feb 25, 2021",
0,https://www.amazon.com/dp/B08XLGGD1C,B08XLGGD1C,"Graph Paper Composition Notebook: Simple Grid Paper Notebook Large (8,5 x 11) with 4 Squares per Inch – 100 Pages for Math, Engineering and Science ... Artists, Making Plans, Printing and MORE",Martin Pretzl,Paperback,"Feb 25, 2021",
0,https://www.amazon.com/dp/B08XLGGCYL,B08XLGGCYL,Chemistry Notebook: Large Simple Graph Paper Notebook / 120 Quad ruled 5x5 pages 8.5 x 11 / Grid Paper Notebook for Chemistry Students (Chemistry Notebooks),Daemon Nash,Paperback,"Feb 25, 2021",
0,https://www.amazon.com/dp/B08XLGGCYJ,B08XLGGCYJ,"Best Mechanical Engineer In The Galaxy: Journal, Notebook, Diary, 6""x9"" Lined Pages, 110 Pages",Casa Book,Paperback,"Feb 25, 2021",
0,https://www.amazon.com/dp/B08XLGGCW7,B08XLGGCW7,Chemistry Notebook: Large Simple Graph Paper Notebook / 120 Quad ruled 5x5 pages 8.5 x 11 / Grid Paper Notebook for Chemistry Students (Chemistry Notebooks),Daemon Nash,Paperback,"Feb 25, 2021",
0,https://www.amazon.com/dp/B08XLGGCTJ,B08XLGGCTJ,Penguin Notebook: Winter Penguin Cute Notebook (6 x 9) - 100 Pages,Whimsical Animal Stationary,Paperback,"Feb 25, 2021",
0,https://www.amazon.com/dp/B08R83SLSH,B08R83SLSH,A World Otherwise: Environmental Praxis in Minamata,Yuki Miyamoto,Hardcover,"Feb 17, 2021",
0,https://www.amazon.com/dp/B08WX86S4D,B08WX86S4D,Evolutionary Developmental Biology (Current Topics in Developmental Biology Book 141) (Volume 141),Scott Gilbert,Hardcover,"Feb 16, 2021",
0,https://www.amazon.com/dp/B08XLGG9QC,B08XLGG9QC,"Hi: Cute Bear Diary for Kids, Birthday Gifts for Children, Blank Pages Journal",SAMMY DESIGN,Paperback,"Feb 25, 2021",
0,https://www.amazon.com/dp/B08XLGG99K,B08XLGG99K,"Dinosaur Shamrock Cute St Patricks Day: Journal / Notebook / Diary, 120 Blank Lined Pages, 6 x 9 inches, Glossy Finish Cover, Great Gift For Kids And Adults",Lina Nguyen,Paperback,"Feb 25, 2021",
0,https://www.amazon.com/dp/B08XLGG8CL,B08XLGG8CL,Suguru Math Logic Number Puzzle: 200 Medium (14x14) Puzzles (Suguru Puzzle Books for Adults),Dr. Khalid Alzamili,Paperback,"Feb 25, 2021",
0,https://www.amazon.com/dp/B08XLGFR5B,B08XLGFR5B,"Gardening Journal And Planner: A professional planner and Log Book for Gardeners: The perfect prompt journal for recording all your gardening activities, projects and ideas",Stony Publications,Paperback,"Feb 25, 2021",
0,https://www.amazon.com/dp/B08XLGFR58,B08XLGFR58,"Gardening Journal And Planner: A professional planner and Log Book for Gardeners: The perfect prompt journal for recording all your gardening activities, projects and ideas",Stony Matt Publications,Paperback,"Feb 25, 2021",
0,https://www.amazon.com/dp/B08XLGFQQY,B08XLGFQQY,That Fish Was So Big Fishing Log Book For Kids and Adults: Fishing Journal Notebook Kids Journal Diary for Fishing,Happy Harmony Design,Paperback,"Feb 25, 2021",
0,https://www.amazon.com/dp/B08XLGFP31,B08XLGFP31,"Notebook for School and College Students Math & Science Graph Paper Composition Notebook: Square grid Journal Large (8.5 x 11) Quad Ruled 5x5 , 100 Pages Graph , for writing note",artesis studio,Paperback,"Feb 25, 2021",
0,https://www.amazon.com/dp/B08XLGFNZR,B08XLGFNZR,"Password Book With Alphabetical Tabs: Cute Penguin Large Internet Address & Password Organizer Logbook, 6 x 9 inch, 105 pages",XandYart Publishing,Paperback,"Feb 25, 2021",
0,https://www.amazon.com/dp/B08XLGFNY6,B08XLGFNY6,"Cute Notebook: 8,5 x 11 Inches 110 Dot Grid pages | Flowers Pattern Softcover| School Home Work | Writing Notes Journal Diary Sketchbook | For Woman, Girls, Teens",Rose Ashford Publishing,Paperback,"Feb 25, 2021",
0,https://www.amazon.com/dp/B08XLGFNPL,B08XLGFNPL,Astronomy LogBook,Rakibulislam Shifat,Paperback,"Feb 25, 2021",
0,https://www.amazon.com/dp/B08XLGFNK5,B08XLGFNK5,"Notebook beautiful flower: Lined Journal Notebook Inspirational , Journal, notes, ideas",pimnana design,Paperback,"Feb 25, 2021",
0,https://www.amazon.com/dp/B08XLGFMVF,B08XLGFMVF,Crazy World of Dinosaurs and Monster Trucks | Funny Coloring Book | For Boys Ages 4-8: Color the Dinosaur and his Truck! | Which Dinosaur Will Win the ... Dialogs | Creative Idea for a Souvenir |,Phil Simon Hanflower,Paperback,"Feb 25, 2021",
0,https://www.amazon.com/dp/B08XLGFML9,B08XLGFML9,Suguru Math Logic Number Puzzle: 200 Hard (14x14) Puzzles (Suguru Puzzle Books for Adults),Dr. Khalid Alzamili,Paperback,"Feb 25, 2021",
0,https://www.amazon.com/dp/B08XLCXXVX,B08XLCXXVX,Cute Cactus Coloring Book: Funny Cute Cactus Types Coloring Book,cactus art,Paperback,"Feb 25, 2021",
0,https://www.amazon.com/dp/B08XLCCZ8H,B08XLCCZ8H,"Happy animal coloring book for kids: Fun Children's Coloring Book, with 30 Adorable Animal Pages for Toddlers & Kids to Learn and Color",yacine book,Paperback,"Feb 25, 2021",
0,https://www.amazon.com/dp/B08WRX1H83,B08WRX1H83,Surrendering Your Survival: A Conscious Path to Eating Disorder Recovery,Robin Woodall,Paperback,"Feb 16, 2021",
0,https://www.amazon.com/dp/B08X1RZK79,B08X1RZK79,The Molecular Immunology of Neurological Diseases,Sunil Kumar,Paperback,"Feb 16, 2021",
0,https://www.amazon.com/dp/B08WWT1XCB,B08WWT1XCB,Emerging Nanotechnologies for Renewable Energy (Micro and Nano Technologies),Waqar Ahmed,Paperback,"Feb 16, 2021",Elsevier
0,https://www.amazon.com/dp/B0GWX3ZRCM,B0GWX3ZRCM,"Calculus 1 For Beginners Made Fun: Limits, Derivatives, and Integrals",Heritage Nest Academy,Kindle,"Apr 12, 2026",
0,https://www.amazon.com/dp/B08XLCBN3Q,B08XLCBN3Q,Caticorn Coloring Book For Kids Ages 4-8: Unlimited Fun Cute and Magical Unicorn Cat Coloring Pages For Kids a Great Cat color book For Kids,Caticorn funn Publishing,Paperback,"Feb 25, 2021",
0,https://www.amazon.com/dp/B08XLBHYR5,B08XLBHYR5,happy easter coloring book for kids 4-8 ages: Coloring book for kids and preschoolers. For boys and girls.,AS AS,Paperback,"Feb 25, 2021",
0,https://www.amazon.com/dp/B08XLB3FT5,B08XLB3FT5,Software Knowledge,Debojit Acharjee,Paperback,"Feb 25, 2021",
0,https://www.amazon.com/dp/B08XL9QZ2W,B08XL9QZ2W,Penguin Notebook: The Winter and Snow Penguins Cute Notebook (6 x 9) - 100 Pages,Whimsical Animal Stationary,Paperback,"Feb 25, 2021",
0,https://www.amazon.com/dp/B08XL9QXTP,B08XL9QXTP,"Zebra Notebook: Journal-Cute Gift Idea For Zebra Lovers | 120 pages, 6 x 9 inches",Chor muang Design,Paperback,"Feb 25, 2021",
0,https://www.amazon.com/dp/B08XL9QXN9,B08XL9QXN9,"Ant Notebook: 6X9"" 100 Blank Pages",Crazy Paperback Journals,Paperback,"Feb 25, 2021",
0,https://www.amazon.com/dp/B08XL9QWDL,B08XL9QWDL,Bee Notebook: Aqua Blue with Purple and Golden Bees Pattern Notebook (6 x 9) - 100 Pages,Whimsical Sparkle,Paperback,"Feb 25, 2021",
0,https://www.amazon.com/dp/B08XL9QL5J,B08XL9QL5J,Order in the Universe,Henry L. Ohlef,Paperback,"Feb 25, 2021",
0,https://www.amazon.com/dp/B08XL9QJ3R,B08XL9QJ3R,Chemistry Notebook: Large Simple Graph Paper Notebook / 120 Quad ruled 5x5 pages 8.5 x 11 / Grid Paper Notebook for Chemistry Students (Chemistry Notebooks),Daemon Nash,Paperback,"Feb 25, 2021",
0,https://www.amazon.com/dp/B08XL9QHLP,B08XL9QHLP,Composition Notebook for School and Home: Cool notebook/ Beautiful Nature Cover / For Kids and Teens Who Love Nature (Cute Coloured Notebook),Adventures With Nature,Paperback,"Feb 25, 2021",
0,https://www.amazon.com/dp/B08XL9QHLG,B08XL9QHLG,Birdwatching Log Book with Pictures of American Birds: Mini Backyard Guide & Notebook | Gift Idea for Adults and Teens | 40 Full Color Birds & Log Sheet Section for Notes and Sketch,Jane Owl,Paperback,"Feb 25, 2021",
0,https://www.amazon.com/dp/B08XL9QHB9,B08XL9QHB9,Composition Notebook: Daily lined notebook/ Beautiful Nature Cover / For Kids and Teens Who Love Nature,Adventures With Nature,Paperback,"Feb 25, 2021",
0,https://www.amazon.com/dp/B08XL9QH6N,B08XL9QH6N,"Ant Notebook: 6X9"" 100 Blank Pages",Crazy Paperback Journals,Paperback,"Feb 25, 2021",
0,https://www.amazon.com/dp/B08XL9QH68,B08XL9QH68,"Ant Notebook: 6X9"" 100 Blank Pages",Crazy Paperback Journals,Paperback,"Feb 25, 2021",
0,https://www.amazon.com/dp/B08XL9QGS5,B08XL9QGS5,"Password Book With Alphabetical Tabs: Cute Polar Bear Large Internet Address & Password Organizer Logbook, 6 x 9 inch, 105 pages",XandYart Publishing,Paperback,"Feb 25, 2021",
0,https://www.amazon.com/dp/B08XL9QGBD,B08XL9QGBD,Nature Notebook: In The Woodlands Notebook (6 x 9) - 100 Pages,Whimsical Sparkle,Paperback,"Feb 25, 2021",
0,https://www.amazon.com/dp/B08TV4RMG5,B08TV4RMG5,The Edible Gardens of Ethiopia: An Ethnographic Journey into Beauty and Hunger (biodiversity in small spaces),Valentina Peveri,Paperback,"Feb 16, 2021",University of Arizona Press
0,https://www.amazon.com/dp/B08B74T317,B08B74T317,"Contextual Social Psychology: Reanalyzing Prejudice, Voting, and Intergroup Contact",Thomas F. Pettigrew,Paperback,"Feb 23, 2021",American Psychological Association
0,https://www.amazon.com/dp/B08X15XM46,B08X15XM46,Sorbents Materials for Controlling Environmental Pollution: Current State and Trends,Avelino Nunez-Delgado,Paperback,"Feb 16, 2021",Elsevier
0,https://www.amazon.com/dp/B08WZH2JM6,B08WZH2JM6,"China’s Resources, Energy and Sustainable Development: 2020",Energy and Sustainable Development,Paperback,"Feb 16, 2021",Springer
0,https://www.amazon.com/dp/B08WWNB7JX,B08WWNB7JX,"Drought and Water Scarcity in the UK: Social Science Perspectives on Governance, Knowledge and Outreach (Global Challenges in Water Governance)",Kevin Grecksch,Hardcover,"Feb 16, 2021",Palgrave Macmillan
0,https://www.amazon.com/dp/B08WWFZGHR,B08WWFZGHR,Test Techniques for Flight Control Systems of Large Transport Aircraft,Yakui Gao,Paperback,"Feb 16, 2021",
0,https://www.amazon.com/dp/B08WVJ4BNG,B08WVJ4BNG,ANTARCTIC OCEAN EXPLORATION,Vernon Finney,Paperback,"Feb 16, 2021",
0,https://www.amazon.com/dp/B08WVFT3KL,B08WVFT3KL,Dynamo Earth,Marsel Denise,Paperback,"Feb 16, 2021",
0,https://www.amazon.com/dp/B08WS8PYK2,B08WS8PYK2,Real Analysis: Foundations (Universitext),Sergei Ovchinnikov,Paperback,"Feb 16, 2021",
0,https://www.amazon.com/dp/B08WS4S4BL,B08WS4S4BL,Responsible investments in agriculture and food systems – A practical handbook for parliamentarians and parliamentary advisors,Food and Agriculture Organization of the United Nations,Kindle,"Feb 16, 2021",
0,https://www.amazon.com/dp/B08XL9QG94,B08XL9QG94,"Ultimate UAS / Drone Pilot Logbook: Safety Checklist, Repair Logbook |Drone Pilot Operators Notebook | Drone Flight Time & Flight Map Record | Drone ... Logbook FOR Drone Pilot Ultimate UAS Operator",Mary shelby,Paperback,"Feb 25, 2021",
0,https://www.amazon.com/dp/B08XL9QG2X,B08XL9QG2X,"Ultimate UAS / Drone Pilot Logbook: Safety Checklist, Repair Logbook |Drone Pilot Operators Notebook | Drone Flight Time & Flight Map Record | Drone ... Logbook FOR Drone Pilot Ultimate UAS Operator",Mary Shelby,Paperback,"Feb 25, 2021",
0,https://www.amazon.com/dp/B08XL9QG2Q,B08XL9QG2Q,"SEE YOU See You soon: Thanks wifi I have found you, See You soon",Jintana Pei.,Paperback,"Feb 25, 2021",Independently published
0,https://www.amazon.com/dp/B08XL7ZFPN,B08XL7ZFPN,Pi Makes Me Hungry Journal: Awsome Pi day Gift Notebook Journal for Math Lover Teacher Student Blank Line Notebook Log Book Journal 6x9 120 pages,Hassan Creation,Paperback,"Feb 25, 2021",Independently published
0,https://www.amazon.com/dp/B08XL7ZDZY,B08XL7ZDZY,Sloth Notebook: Sloths and Rainbows Cute Notebook (6 x 9) - 100 Pages,Whimsical Sparkle Stationary,Paperback,"Feb 25, 2021",
0,https://www.amazon.com/dp/B08XL7ZDYB,B08XL7ZDYB,"Password Book With Alphabetical Tabs: Cute Triceratops Dinosaur Large Internet Address & Password Organizer Logbook, 6 x 9 inch, 105 pages",XandYart Publishing,Paperback,"Feb 25, 2021",Independently published
0,https://www.amazon.com/dp/B08XL7ZDY5,B08XL7ZDY5,"Password Book With Alphabetical Tabs: Cute Watercolor Kiwi Large Internet Address & Password Organizer Logbook, 6 x 9 inch, 105 pages",XandYart Publishing,Paperback,"Feb 25, 2021",Independently published
0,https://www.amazon.com/dp/B08XL7ZDY3,B08XL7ZDY3,"Password Book With Alphabetical Tabs: Cute Owl Large Internet Address & Password Organizer Logbook, 6 x 9 inch, 105 pages",XandYart Publishing,Paperback,"Feb 25, 2021",
0,https://www.amazon.com/dp/B08XL7ZCQZ,B08XL7ZCQZ,"Preschool Math Workbook for Toddlers Ages 2-4: Beginner Math ,Learn Numbers 0-10, Addition & Subtraction ,Numbers Tracing, Counting, Math Puzzles & Activities (More than 100 Pages ).",I AM SMART,Paperback,"Feb 25, 2021",
0,https://www.amazon.com/dp/B08XL7ZCDY,B08XL7ZCDY,"Poems, Sunsets, and Affirmations",Dysheeka Boyd,Paperback,"Feb 25, 2021",Independently published
0,https://www.amazon.com/dp/B08XL7YXRF,B08XL7YXRF,Mums Notebook - Best mum in the World: Floral Journal pretty notebook,Toulla Print,Paperback,"Feb 25, 2021",Independently published
0,https://www.amazon.com/dp/B08XL7YXPQ,B08XL7YXPQ,Monogram Notebook Journal - Letter O (Monogrammed Notebook Journals),JD Obrice,Paperback,"Feb 25, 2021",Independently published
0,https://www.amazon.com/dp/B08XL7YXP5,B08XL7YXP5,Notebook: Dogwood Flower Notebook,Icicles X Ink,Paperback,"Feb 25, 2021",Independently published
0,https://www.amazon.com/dp/B08XL7YXGR,B08XL7YXGR,Notebook: Bunny and Carrots Notebook,Icicles X Ink,Paperback,"Feb 25, 2021",Independently published
0,https://www.amazon.com/dp/B08XL7YWBR,B08XL7YWBR,Elephant Themed Funny Notebook: For Elephant Lovers With Bad Memory. Simple Lined Journal For Stuff You Can't Remember. Notebook Log Book Journal.,Four Perception,Paperback,"Feb 25, 2021",Independently published
0,https://www.amazon.com/dp/B08XL7YVMY,B08XL7YVMY,"Password Book With Alphabetical Tabs: Cute Quokka Large Internet Address & Password Organizer Logbook, 6 x 9 inch, 105 pages",XandYart Publishing,Paperback,"Feb 25, 2021",
0,https://www.amazon.com/dp/B08WS1TMWF,B08WS1TMWF,"In Search of Lost Futures: Anthropological Explorations in Multimodality, Deep Interdisciplinarity, and Autoethnography",Magdalena Kazubowski-Houston,Paperback,"Feb 16, 2021",Palgrave Macmillan
0,https://www.amazon.com/dp/B08WRXLLFV,B08WRXLLFV,"Friction Stir Welding and Processing XI (The Minerals, Metals & Materials Series Book 11)",Yuri Hovanski,Paperback,"Feb 16, 2021",Springer
0,https://www.amazon.com/dp/B08WRW7TM9,B08WRW7TM9,Birds Kingdom : Book for Children with a Meaning,Elena Pankey,Paperback,"Feb 16, 2021",
0,https://www.amazon.com/dp/B08WRT8PYJ,B08WRT8PYJ,Management of Irrigation and Water Supply Under Climatic Extremes: Empirical Analysis and Policy Lessons from India (Global Issues in Water Policy Book 25),M. Dinesh Kumar,Paperback,"Feb 16, 2021",
0,https://www.amazon.com/dp/B08WRSFVNB,B08WRSFVNB,Average Value of a Function Exercises,Markus Peoples,Kindle,"Feb 16, 2021",
0,https://www.amazon.com/dp/B08WRRYCFF,B08WRRYCFF,"Characterization of Minerals, Metals, and Materials 2021 (The Minerals, Metals & Materials Series)",Jian Li,Paperback,"Feb 16, 2021",Springer
0,https://www.amazon.com/dp/B08WRRN24T,B08WRRN24T,The Catalogue of Computational Material Models: Basic Geometrically Linear Models in 1D,Paul Steinmann,Paperback,"Feb 16, 2021",Springer
0,https://www.amazon.com/dp/B08WRRGHX5,B08WRRGHX5,Balancing the Tension between Digital Technologies and Learning Sciences (Cognition and Exploratory Learning in the Digital Age),Dirk Ifenthaler,Paperback,"Feb 16, 2021",Springer
0,https://www.amazon.com/dp/B08WRQTZDR,B08WRQTZDR,Collingham and East of the Trent: Ice Age to the Romans,Jeremy Lodge,Paperback,"Feb 16, 2021",
0,https://www.amazon.com/dp/B08WRPZ58Y,B08WRPZ58Y,Medicinal Plants methods and protocols: Phytochemical Drug Development: Lab to Market,Dr. Sana  Riaz PhD.,Kindle,"Feb 16, 2021",
0,https://www.amazon.com/dp/B08WRP89LB,B08WRP89LB,The Palgrave Handbook of Gender and Migration,Claudia Mora,Paperback,"Feb 16, 2021",Palgrave Macmillan
0,https://www.amazon.com/dp/B08WRM3GHR,B08WRM3GHR,"Energy Technology 2021: Carbon Dioxide Management and Other Technologies (The Minerals, Metals & Materials Series)",Alafara Abdullahi Baba,Paperback,"Feb 16, 2021",Springer
0,https://www.amazon.com/dp/B08WRKKL4Z,B08WRKKL4Z,"Metal-Matrix Composites: Advances in Analysis, Measurement, and Observations (The Minerals, Metals & Materials Series)",T. S. Srivatsan,Paperback,"Feb 16, 2021",Springer
0,https://www.amazon.com/dp/B08XL7YV5V,B08XL7YV5V,"Astronomy Logbook for Pug Lover: To Observations Night Sky, Track, Record, And Sketch For Beginners, Medium, And Highly Skilled Astronomers Paperback 8.5""x11"" Log Book Paperback",Cathe Publishing,Paperback,"Feb 25, 2021",
0,https://www.amazon.com/dp/B08XL7YT39,B08XL7YT39,"Sudoku 500 Puzzle Books for Adults Edition #3: 500 puzzles - 4 levels Intermediate, Hard & INSANE & Increase the Pane!",Captain Peter Books,Paperback,"Feb 25, 2021",Independently published
0,https://www.amazon.com/dp/B08XH2JPGD,B08XH2JPGD,Chemistry Notebook: Large Simple Graph Paper Notebook / 120 Quad ruled 5x5 pages 8.5 x 11 / Grid Paper Notebook for Chemistry Students (Chemistry Notebooks),Daemon Nash,Paperback,"Feb 25, 2021",
0,https://www.amazon.com/dp/B08XH2JPGB,B08XH2JPGB,Chemistry Notebook: Large Simple Graph Paper Notebook / 120 Quad ruled 5x5 pages 8.5 x 11 / Grid Paper Notebook for Chemistry Students (Chemistry Notebooks),Daemon Nash,Paperback,"Feb 25, 2021",Independently published
0,https://www.amazon.com/dp/B08XH2JNQR,B08XH2JNQR,Composition Notebook: Daily lined notebook/ Beautiful Nature Cover / For Kids and Teens Who Love Nature,Adventures With Nature,Paperback,"Feb 25, 2021",Independently published
0,https://www.amazon.com/dp/B08XH2JNJW,B08XH2JNJW,"Ant Notebook: 6X9"" 100 Blank Pages",Crazy Paperback Journals,Paperback,"Feb 25, 2021",Independently published
0,https://www.amazon.com/dp/B08XH2JMRJ,B08XH2JMRJ,"Ultimate UAS / Drone Pilot Logbook: Safety Checklist, Repair Logbook |Drone Pilot Operators Notebook | Drone Flight Time & Flight Map Record | Drone ... Logbook FOR Drone Pilot Ultimate UAS Operator",Mary Shelby,Paperback,"Feb 25, 2021",Independently published
0,https://www.amazon.com/dp/B08XGSTQGZ,B08XGSTQGZ,The Bird Journal,William Watson,Paperback,"Feb 25, 2021",
0,https://www.amazon.com/dp/B08XGSTQCS,B08XGSTQCS,Chemistry Notebook: Large Simple Graph Paper Notebook / 120 Quad ruled 5x5 pages 8.5 x 11 / Grid Paper Notebook for Chemistry Students (Chemistry Notebooks),Daemon Nash,Paperback,"Feb 25, 2021",
0,https://www.amazon.com/dp/B08XGSTQB1,B08XGSTQB1,Chemistry Notebook: Large Simple Graph Paper Notebook / 120 Quad ruled 5x5 pages 8.5 x 11 / Grid Paper Notebook for Chemistry Students (Chemistry Notebooks),Daemon Nash,Paperback,"Feb 25, 2021",Independently published
0,https://www.amazon.com/dp/B08XGSTPX2,B08XGSTPX2,"8th Grade Math Notebook: Primary Composition Lined Pages with College Ruled Papers for Writing Notes: Reminder of Due Date for Assignment, Homework, ... For Grade 8 Girl’s Arithmetic Class Subject",MARJB Stellar Papers Publishing,Paperback,"Feb 25, 2021",
0,https://www.amazon.com/dp/B08XGSTPM5,B08XGSTPM5,"Africa: Fabulous Notes Travel Magazine, African Souvenirs, Africa The Notebook Lined Paper Notebook, Hard Cover journal Diary, red Color , Medium 6 x 9 in , 100 Pages: 6''9'' 100 pages notebook",moskof store,Paperback,"Feb 25, 2021",Independently published
0,https://www.amazon.com/dp/B08XGSTPJ2,B08XGSTPJ2,"Ant Notebook: 6X9"" 100 Blank Pages",Crazy Paperback Journals,Paperback,"Feb 25, 2021",
0,https://www.amazon.com/dp/B08WRGPQVK,B08WRGPQVK,Novel enzymes for functional carbohydrates production: From scientific research to application in health food industry,Wanmeng Mu,Paperback,"Feb 16, 2021",Springer
0,https://www.amazon.com/dp/B08WRFHZ2K,B08WRFHZ2K,X-ray Phase-Contrast Imaging Using Near-Field Speckles (Springer Theses),Marie-Christine Zdora,Paperback,"Feb 16, 2021",
0,https://www.amazon.com/dp/B08WRFFJ1V,B08WRFFJ1V,Your Passport to a Career in Bioinformatics,Prashanth N. Suravajhala,Paperback,"Feb 16, 2021",
0,https://www.amazon.com/dp/B08WRD6T69,B08WRD6T69,"Arithmetic of Finite Fields: 8th International Workshop, WAIFI 2020, Rennes, France, July 6–8, 2020, Revised Selected and Invited Papers (Lecture Notes in Computer Science Book 12542)",Jean Claude Bajard,Paperback,"Feb 16, 2021",Springer
0,https://www.amazon.com/dp/B08WRBZG3W,B08WRBZG3W,Waste to Energy: Prospects and Applications,Brijendra Kumar Kashyap,Paperback,"Feb 16, 2021",Springer
0,https://www.amazon.com/dp/B08WRBLQ45,B08WRBLQ45,"Turbulence and Interactions: Proceedings of the TI 2018 Conference, June 25-29, 2018, Les Trois-Îlets, Martinique, France (Notes on Numerical Fluid Mechanics and Multidisciplinary Design Book 149)",Michel Deville,Paperback,"Feb 16, 2021",Springer
0,https://www.amazon.com/dp/B08WR83L1F,B08WR83L1F,Quantizing Emotions : (The Basic Mathematics of Psychology),Mohammad Hasan Algarhy,Paperback,"Feb 16, 2021",
0,https://www.amazon.com/dp/B08WR81J8K,B08WR81J8K,New Frontiers of Nanomaterials in Environmental Science,Rajeev Kumar,Paperback,"Feb 16, 2021",Springer
0,https://www.amazon.com/dp/B08WR7TY1S,B08WR7TY1S,Divergence/Convergence Of Series Practice,Homus Globus,Kindle,"Feb 16, 2021",
0,https://www.amazon.com/dp/B08WQ9F4NF,B08WQ9F4NF,Electrostatics of Atoms and Molecules,S R Gadre,Paperback,"Feb 16, 2021",Universities Press (India) Private Limited
0,https://www.amazon.com/dp/B08WQ7VGH3,B08WQ7VGH3,A Gateway to Modern Mathematics: Adverntures in Iteration II,Shailesh A Shirali,Kindle,"Feb 16, 2021",
0,https://www.amazon.com/dp/B08XGSTP91,B08XGSTP91,"Woodland Notebook: The Woodland Bear, Bunny, Fox and Owl Cute Notebook (6 x 9) - 100 Pages",Whimsical Sparkle,Paperback,"Feb 25, 2021",Independently published
0,https://www.amazon.com/dp/B08XGSTN49,B08XGSTN49,"Password Book With Alphabetical Tabs: Cute Orca Large Internet Address & Password Organizer Logbook, 6 x 9 inch, 105 pages",XandYart Publishing,Paperback,"Feb 25, 2021",
0,https://www.amazon.com/dp/B08XG2WV3K,B08XG2WV3K,Journey To The Jungle Coloring Book: Journey To The Jungle Coloring Book: Let go to the jungle together for finding many animals in there. this ... and Adults. 40 single coloring pages.,Nok Creation,Paperback,"Feb 25, 2021",
0,https://www.amazon.com/dp/B08XFXLHTW,B08XFXLHTW,Marine Creatures Coloring Book: A Coloring Book for Kids!,Ann Marine,Paperback,"Feb 25, 2021",
0,https://www.amazon.com/dp/B08XFP1V2K,B08XFP1V2K,"Optical Illusions Coloring Book: For Adults, Kids and Senior with 30 Unique Pages to Color On Opticals Geometric Illusions Shapes, Amazing Visual Art ... | Creative Activity And Relaxation At Home",IllusionsColoring Publishing,Paperback,"Feb 24, 2021",
0,https://www.amazon.com/dp/B08XNVBRPN,B08XNVBRPN,"mushroom hunting log book: Wild Mushroom Hunter's Journal Tracking Notebook, A record book for the wild mushroom hunter, Foraging Logbook to Record ... Gifts for Mushroom Lovers Hunters & Foragers",Arh Arts,Paperback,"Feb 24, 2021",
0,https://www.amazon.com/dp/B08WPXJXNF,B08WPXJXNF,Of One who set out to do Science (Salt Junkies),Hans Oberleithner,Paperback,"Feb 16, 2021",
0,https://www.amazon.com/dp/B08WPW8G9F,B08WPW8G9F,"WALCOM: Algorithms and Computation: 15th International Conference and Workshops, WALCOM 2021, Yangon, Myanmar, February 28 – March 2, 2021, Proceedings (Lecture Notes in Computer Science Book 12635)",Ryuhei Uehara,Paperback,"March 2, 2021",
0,https://www.amazon.com/dp/B08WPVBJ64,B08WPVBJ64,Birds in Our Lives (1 Edition),Asish Kothari,Paperback,"Feb 16, 2021",
0,https://www.amazon.com/dp/B08WPHSTQC,B08WPHSTQC,Introduction to Medical Microbiology,R. Ananthanarayan,Paperback,"Feb 16, 2021",
0,https://www.amazon.com/dp/B08941V83S,B08941V83S,Critical Perspectives on Open Development: Empirical Interrogation of Theory Construction (International Development Research Centre),Arul Chib,Paperback,"Feb 16, 2021",
0,https://www.amazon.com/dp/B08WPY6NWR,B08WPY6NWR,Decolonising Blue Spaces in the Anthropocene: Freshwater management in Aotearoa New Zealand (Palgrave Studies in Natural Resource Management),Meg Parsons,Paperback,"Feb 15, 2021",Palgrave Macmillan
0,https://www.amazon.com/dp/B08XL9QFBZ,B08XL9QFBZ,My Bucket List Journal - CHICAGO (Ultimate Bucket List Books!),JD Obrice,Paperback,"Feb 24, 2021",
0,https://www.amazon.com/dp/B08XLC6DH3,B08XLC6DH3,Dragonfly and Ladybug Notebook: Pretty Pink Insect and Bug Illustrated Cover | 120 Dot Grid Pages | Perfect Gift for Gardener or Nature Lover,Frost & Frill Press,Paperback,"Feb 24, 2021",Independently published
0,https://www.amazon.com/dp/B0FGVNCL7J,B0FGVNCL7J,Narragansett Beach rhode island: beach journal for writing down thoughts for anyone that loves beach vacations and surfing,positive publishing,Paperback,"Feb 24, 2021",Independently published
0,https://www.amazon.com/dp/B0D9YXNZKT,B0D9YXNZKT,"Deer Notebook 100 page 6x9 in handwriting journal notepad for school college university or travel best deer gift for kids teenagers adults & deer lovers: 6''9'' 100 pages deer notepad , notebook",moskof store,Paperback,"Feb 24, 2021",Independently published
0,https://www.amazon.com/dp/B08XZ44QPJ,B08XZ44QPJ,Dreams are the first step to success: Notebook (Castles With Motivational Quotes),Oliada Publishing,Paperback,"Feb 24, 2021",Independently published
0,https://www.amazon.com/dp/B08XYCQ7G6,B08XYCQ7G6,Elephants Notebook: Cute Composition Book for Animal Lovers,Bewitching Animal,Paperback,"Feb 24, 2021",
0,https://www.amazon.com/dp/B08XNVBRQP,B08XNVBRQP,"Notebook: for writing lessons, practical exercises and lab notes…ect, Large 200 pages size 8.5 x 11 inch Notebook for students and professors.",med ouanini,Paperback,"Feb 24, 2021",
0,https://www.amazon.com/dp/B08XNBYC2B,B08XNBYC2B,Sketchbook: Drawing Doodling,Caroline Flowerbed,Paperback,"Feb 24, 2021",
0,https://www.amazon.com/dp/B08XNBW8R9,B08XNBW8R9,Lauren: Red Rose Personalised Notebook (Small),Colormazen,Paperback,"Feb 24, 2021",Independently published
0,https://www.amazon.com/dp/B08XNBW8NV,B08XNBW8NV,Courtney: Grey Horse Personalised Notebook (Large),Colormazen,Paperback,"Feb 24, 2021",
0,https://www.amazon.com/dp/B08XN9G8QD,B08XN9G8QD,"Space Astronaut image Notebook.: Notebook, 6x9 Inches, 120 Pages, Perfect Space Gift for friends and space lover",Sketch book Edition,Paperback,"Feb 24, 2021",
0,https://www.amazon.com/dp/B08XN9CS9X,B08XN9CS9X,"SKETCH BOOK: Water Lily Aquatic Plant Flower Themed Beautiful Cover College Unuled Notebook For Kids , Boys, Girls, Students, Gift, Home, School, College Cute (blank unrule notebook journal) 6*9",DOCTOR NINJA,Paperback,"Feb 24, 2021",
0,https://www.amazon.com/dp/B08XN9CS6L,B08XN9CS6L,Sophie: Red Rose Personalised Notebook (Small),Colormazen,Paperback,"Feb 24, 2021",Independently published
0,https://www.amazon.com/dp/B08XN9CMT7,B08XN9CMT7,Notebook: Arid Mountains Notebook Journal,Whatmore,Paperback,"Feb 24, 2021",
0,https://www.amazon.com/dp/B0C9946X3V,B0C9946X3V,World Oceans: A Reference Handbook (Contemporary World Issues),David E. Newton,Paperback,"Feb 15, 2021",
0,https://www.amazon.com/dp/B08X3QLW4H,B08X3QLW4H,"Good Chemistry: Methodological, Ethical, and Social Dimensions",Jan Mehlich,Hardcover,"Feb 15, 2021",Royal Society of Chemistry
0,https://www.amazon.com/dp/B08WQ2LH3C,B08WQ2LH3C,"The Hitchhiker's Guide to the Mankind: The answer to the ultimate Question of Life, the Universe and Everything",Kendran Brooks,Paperback,"Feb 15, 2021",
0,https://www.amazon.com/dp/B08W4PSNX4,B08W4PSNX4,Meat!: A Transnational Analysis (ANIMA: Critical Race Studies Otherwise),Sushmita Chatterjee,Paperback,"Feb 15, 2021",Duke University Press Books
0,https://www.amazon.com/dp/B08QZZCMGG,B08QZZCMGG,Developing Grounded Theory: The Second Generation Revisited (Developing Qualitative Inquiry),Janice M. Morse,Paperback,"Feb 15, 2021",
0,https://www.amazon.com/dp/B08QCYMFTB,B08QCYMFTB,"Neo-Confucianism and Science in Korea: Humanity and Nature, 1706-1814 (Routledge Studies in the Modern History of Asia)",Sang-ho Ro,Paperback,"Feb 15, 2021",
0,https://www.amazon.com/dp/B08XN9CMQT,B08XN9CMQT,Kirsten: Personalised California Poppy Notebook (Small),Colormazen,Paperback,"Feb 24, 2021",
0,https://www.amazon.com/dp/B08XN9CMMS,B08XN9CMMS,May: Black Horse Personalised Notebook (Large) (Black Horse Personalised Notebooks),Colormazen,Paperback,"Feb 24, 2021",
0,https://www.amazon.com/dp/B08XN8G4P6,B08XN8G4P6,MARSACE A5 Notebook Cover Diaries Books Personal journal Sketchbook Space Secret Daily Daily Planner Agenda Notepad 100 Sheets 6''9 '' inch Boy Girl Astronaut: 6''9'' 100 pages Notebook,MOSKOF STORE,Paperback,"Feb 24, 2021",
0,https://www.amazon.com/dp/B08XN7HXFV,B08XN7HXFV,Classified Top Secret 2021: Spy Journal For Kids boys; secrets Blank Journal Pages Unique Notebook For Boys Or Girls journal (6x9_120 pages),Arther secrets,Paperback,"Feb 24, 2021",
0,https://www.amazon.com/dp/B08XN35LLL,B08XN35LLL,June: Chestnut Horse Personalised Notebook (Large) (Chestnut Horse Personalised Notebooks),Colormazen,Paperback,"Feb 24, 2021",
0,https://www.amazon.com/dp/B08XN35LKL,B08XN35LKL,"Graph Paper Composition Notebook, Workbook for Math, engineering and Science.: Quad Ruled (4x4)120 Pages ( 8.5 x 11 in / 21.59 x 27.94 cm).",BOOK STUDIO,Paperback,"Feb 24, 2021",
0,https://www.amazon.com/dp/B08XLP7RKQ,B08XLP7RKQ,"Mum's Sudoku Puzzle Book, Over 90 puzzles and solutions from easy to insane: Perfect Mother's Day or birthday gift for the mum or grandma that loves relaxing with sudoku puzzles",Little Rainbow Press,Paperback,"Feb 24, 2021",Independently published
0,https://www.amazon.com/dp/B08XLP7RGS,B08XLP7RGS,Grace: Red Rose Personalised Notebook (Small),Colormazen,Paperback,"Feb 24, 2021",
0,https://www.amazon.com/dp/B08XLNZW8J,B08XLNZW8J,"Camping Journal for Families: Notebook for your Camping Memories - Road Trip Planner, Glamping Diary, or Adventure Journal & Log Book",Midnight Canvas,Paperback,"Feb 24, 2021",
0,https://www.amazon.com/dp/B08XLNZVY6,B08XLNZVY6,"Bird Watching Log Book: Bird Watching Journal/ Bird Journal to record List of Bird Species and Bird Sightings - 100 pages, 8.5"" x 11""",Everylog Press,Paperback,"Feb 24, 2021",
0,https://www.amazon.com/dp/B08XLNZVVV,B08XLNZVVV,"Hexagonal graph paper notebook: Organic chemistry notebook, 120 pages (8.5"" x 11"" Inches)",Sumon Journals,Paperback,"Feb 24, 2021",
0,https://www.amazon.com/dp/B08XLNZVNX,B08XLNZVNX,"Bunny Eat Chocolate Eggs Will Trade Sister For Easter Candy: Journal / Notebook / Diary, 120 Blank Lined Pages, 6 x 9 inches, Glossy Finish Cover, Great Gift For Kids And Adults",Lina Nguyen,Paperback,"Feb 24, 2021",
0,https://www.amazon.com/dp/B08XLNZVN3,B08XLNZVN3,"Math & Science Graph Paper Composition Notebook for Students Quad Ruled 5x5, Grid Paper: (8.5 x 11) 5 Squares Per inch 100 Pages Notepad With Color Pattern Cover",artesis studio,Paperback,"Feb 24, 2021",
0,https://www.amazon.com/dp/B08XLNZVL4,B08XLNZVL4,Graph Paper Composition Notebook Math & Science Pattern Cover Elements Quad Ruled 5x5: Grid Paper for Students 5 squares per inch 100 Pages Notepad,artesis studio,Paperback,"Feb 24, 2021",
0,https://www.amazon.com/dp/B08XLNTBZ1,B08XLNTBZ1,"Astronomy Logbook for Women: To Observations Night Sky, Track, Record, And Sketch For Beginners, Medium, And Highly Skilled Astronomers Paperback 8.5""x11"" Log Book Paperback",Cathe Publishing,Paperback,"Feb 24, 2021",
0,https://www.amazon.com/dp/B08XLLDWJ6,B08XLLDWJ6,"Simple 5-Column Notebook: SIZE: 8.5""x 11"" | 12 Pages | Perfect Binding | Durable Softcover | Lined With 5-Column Template",Adam's Bush,Paperback,"Feb 24, 2021",
0,https://www.amazon.com/dp/B08WRM2Q5S,B08WRM2Q5S,Forward and Inverse Scattering Algorithms Based on Contrast Source Integral Equations,Peter M. van den Berg,Hardcover,"Feb 15, 2021",
0,https://www.amazon.com/dp/B08WQ7NPLP,B08WQ7NPLP,Mobile Communication Networks: 5G and a Vision of 6G (Lecture Notes in Electrical Engineering Book 751),Mladen Božanić,Paperback,"Feb 15, 2021",Springer
0,https://www.amazon.com/dp/B08WQ25F42,B08WQ25F42,Secure Control of Networked Control Systems and Its Applications,Dong Yue,Paperback,"Feb 15, 2021",Springer
0,https://www.amazon.com/dp/B08WPZSX32,B08WPZSX32,Nanocarriers for Drug Delivery: Concepts and Applications (Nanomedicine and Nanotoxicology),Josimar O. Eloy,Paperback,"Feb 15, 2021",Springer
0,https://www.amazon.com/dp/B08WPZD3CG,B08WPZD3CG,Cooperative Optimal Control of Hybrid Energy Systems,Dong Yue,Paperback,"Feb 15, 2021",
0,https://www.amazon.com/dp/B08WPZ7CPY,B08WPZ7CPY,Food Bioactives and Health (Food Bioactive Ingredients),Charis M. Galanakis,Paperback,"Feb 15, 2021",Springer
0,https://www.amazon.com/dp/B08WPYB56Y,B08WPYB56Y,Photon Counting Detectors for X-ray Imaging: Physics and Applications,Hiroaki Hayashi,Paperback,"Feb 15, 2021",
0,https://www.amazon.com/dp/B08WPXC3RW,B08WPXC3RW,Cognitive Theoretical Foundations of Creativity: How Creativity Evolves in the Mind,Karl Testor,Paperback,"Feb 15, 2021",
0,https://www.amazon.com/dp/B08WPWQFTB,B08WPWQFTB,Pheno-phospholipids and Lipo-phenolics: Novel Structured Antioxidants,Mohamed Fawzy Ramadan,Paperback,"Feb 15, 2021",Springer
0,https://www.amazon.com/dp/B08WPR5R3N,B08WPR5R3N,A Guide to the 21st century : World of Computers - How computers work and how to use them,Winston Lothbrok,Kindle,"Feb 15, 2021",
0,https://www.amazon.com/dp/B08WPQJV8F,B08WPQJV8F,"Tom the Atom, Book 2: Comics",Dr. MUM,Paperback,"Feb 15, 2021",
0,https://www.amazon.com/dp/B08WPPGQNF,B08WPPGQNF,THEORY OF RELATIVITY - CRITICISM OF A NONSENSE : ANALYZED IN SEVEN FASCICLES,ENRIQUE MARTINEZ VILADESAU  INTELLECTUAL PROPERTY REGISTRATION B-767-20,Paperback,"Feb 15, 2021",
0,https://www.amazon.com/dp/B08XLLBYXR,B08XLLBYXR,MY BUCKET LIST: A goal can only be sustainable if you have chosen the RIGHT reasons why (Bucket List Journals),Fun Designs,Paperback,"Feb 24, 2021",
0,https://www.amazon.com/dp/B08XLLBYK6,B08XLLBYK6,Rose: Bay Horse Personalised Notebook (Large),Colormazen,Paperback,"Feb 24, 2021",
0,https://www.amazon.com/dp/B08XLL4X1X,B08XLL4X1X,"Bird Watching Log Book: Bird Watching Journal/ Bird Journal to record List of Bird Species and Bird Sightings - 100 pages, 8.5"" x 11""",Everylog Press,Paperback,"Feb 24, 2021",
0,https://www.amazon.com/dp/B08XLL4X11,B08XLL4X11,"Bird Watching Log Book: Bird Watching Journal/ Bird Journal to record List of Bird Species and Bird Sightings - 100 pages, 8.5"" x 11""",Everylog Press,Paperback,"Feb 24, 2021",
0,https://www.amazon.com/dp/B08XLL4WQY,B08XLL4WQY,"Just A Girl Who Loves Birds Birding Bird Watching Gift: Journal / Notebook / Diary, 120 Blank Lined Pages, 6 x 9 inches, Glossy Finish Cover, Great Gift For Kids And Adults",Lina Nguyen,Paperback,"Feb 24, 2021",
0,https://www.amazon.com/dp/B08XLL4WM7,B08XLL4WM7,"Graph Paper Composition Notebook, Workbook for Math, engineering and Science.: Quad Ruled (4x4)120 Pages ( 8.5 x 11 in / 21.59 x 27.94 cm).",BOOK STUDIO,Paperback,"Feb 24, 2021",
0,https://www.amazon.com/dp/B08XLJTCG3,B08XLJTCG3,Caitlin: Personalised California Poppy Notebook (Small),Colormazen,Paperback,"Feb 24, 2021",
0,https://www.amazon.com/dp/B08XLJTCDM,B08XLJTCDM,"Notebook: Water Lily Aquatic Plant Flower Themed Beautiful Cover College Ruled Notebook For Kids , Boys, Girls, Students, Gift, Home, School, College Cute (notebook journal) 6*9",DOCTOR NINJA,Paperback,"Feb 24, 2021",
0,https://www.amazon.com/dp/B08XLJ9496,B08XLJ9496,"MY FIRST LEARN to Count & Write Numbers STEP-by-STEP Workbook: Math Activities for Preschoolers Ages 3-7 | 100 Worksheets | My First Maths Practice | ... Tracing, Adding, Grouping, Drawing, Coloring",Adina Graphics,Paperback,"Feb 24, 2021",
0,https://www.amazon.com/dp/B08XLJ8WCT,B08XLJ8WCT,"CAMPUTER PROGRAMMING The Defintive Guide to Programming Professionally: camputer journal,Note book,120 Pages, notepad Gift Paperback, Lined Pages, 6.9 inches,, White Paper Journal,for men and women",nory dias,Paperback,"Feb 24, 2021",
0,https://www.amazon.com/dp/B08XLJ8VZC,B08XLJ8VZC,You Were Created to do Magical Things Journal,Jacqueline Agar,Paperback,"Feb 24, 2021",
0,https://www.amazon.com/dp/B08XLJ8VV5,B08XLJ8VV5,"Busy Doing Nothing Panda: Perfect Panda Journal For Food & Animal Lovers, 120 Pages 6 x 9 inches Lined Journal",Beginners Publishing,Paperback,"Feb 24, 2021",
0,https://www.amazon.com/dp/B08XLJ8VDW,B08XLJ8VDW,Dinosaurs era - legend fans nootbook: Kids Jurassic Composition Notebooks | Dinosaur Marble Pattern School Notebook | 100 Blank Lined Writing Exercise Journal For Boys and Girls | Gift For Students,Hemmi Saharaman,Paperback,"Feb 24, 2021",
0,https://www.amazon.com/dp/B08XLGSK6T,B08XLGSK6T,Notepad: Floral and insect design,Mike Colwill,Paperback,"Feb 24, 2021",
0,https://www.amazon.com/dp/B08XLGJM9K,B08XLGJM9K,"Save the forests Journal: Forests Journal, 100 Pages 6 x 9 inches Mountain, Nature Lovers Lined Notebook",HighAltitude Publishing,Paperback,"Feb 24, 2021",
0,https://www.amazon.com/dp/B08XLGJM8P,B08XLGJM8P,MUMMY LETS SPOT BIRDS TODAY : Mummy/Child Bird Log : Bird Journal for Kids: Spot Birds with Mummy : 50 Pages to record bird sightings including spare drawing pages,peebeepublishing,Paperback,"Feb 24, 2021",
0,https://www.amazon.com/dp/B08WPM66GB,B08WPM66GB,Optimization Under Uncertainty with Applications to Aerospace Engineering,Massimiliano Vasile,Paperback,"Feb 15, 2021",Springer
0,https://www.amazon.com/dp/B08WPK5RZQ,B08WPK5RZQ,Time-Resolved Soft X-Ray Absorption Spectroscopy of Molecules in the Gas and Liquid Phases (Springer Theses),Cédric Schmidt,Paperback,"Feb 15, 2021",
0,https://www.amazon.com/dp/B08WPJM9J9,B08WPJM9J9,Mini_Chemometrics tutorial using Simca,Sidonie  Tankeu Yankam,Kindle,"Feb 15, 2021",
0,https://www.amazon.com/dp/B08WPHHBFV,B08WPHHBFV,The Banquet Devotional,David Ene,Paperback,"Feb 15, 2021",
0,https://www.amazon.com/dp/B08WPFQVQH,B08WPFQVQH,Mathematical Modeling of Biosensors (Springer Series on Chemical Sensors and Biosensors Book 9),Romas Baronas,Paperback,"Feb 15, 2021",
0,https://www.amazon.com/dp/B08WPFNCVS,B08WPFNCVS,Climate Change and Water Resources in Africa: Perspectives and Solutions Towards an Imminent Water Crisis,Salif Diop,Paperback,"Feb 15, 2021",
0,https://www.amazon.com/dp/B08WPDHH28,B08WPDHH28,Researching People and the Sea: Methodologies and Traditions,Madeleine Gustavsson,Paperback,"Feb 15, 2021",
0,https://www.amazon.com/dp/B08WPD55VG,B08WPD55VG,Interaction Matters : From Materials to Mind,Goutam  Ghosh,Paperback,"Feb 15, 2021",
0,https://www.amazon.com/dp/B08WPBXLVR,B08WPBXLVR,BASICS OF EBOOK PUBLISHING,Olugbenga Ajayi,Paperback,"Feb 15, 2021",
0,https://www.amazon.com/dp/B08WPB795B,B08WPB795B,"Norms, Storytelling and International Institutions in China: The Imperative to Narrate (St Antony's Series)",Xiaoyu Lu,Paperback,"Feb 15, 2021",
0,https://www.amazon.com/dp/B08WP92KW4,B08WP92KW4,Electrospinning for Advanced Energy Storage Applications (Materials Horizons: From Nature to Nanomaterials),Neethu T. M. Balakrishnan,Paperback,"Feb 15, 2021",
0,https://www.amazon.com/dp/B08WP8ZQ9C,B08WP8ZQ9C,Distributed Cooperative Control and Communication for Multi-agent Systems,Dong Yue,Paperback,"Feb 15, 2021",
0,https://www.amazon.com/dp/B08WLND88J,B08WLND88J,"Interdigital Sensors: Progress over the Last Two Decades (Smart Sensors, Measurement and Instrumentation Book 36)",Subhas Chandra Mukhopadhyay,Paperback,"Feb 15, 2021",Springer
0,https://www.amazon.com/dp/B08WLN1HBM,B08WLN1HBM,"Data Analysis and Rationality in a Complex World (Studies in Classification, Data Analysis, and Knowledge Organization)",Theodore Chadjipadelis,Paperback,"Feb 15, 2021",
0,https://www.amazon.com/dp/B08XLGJM73,B08XLGJM73,"MY LITTLE BLAKE NOTEBOOK FOR WORK: Perfect Notebook Journal for Busy Days, Creatives Ideas, Amazing Life Stories, Important Memories and More !",Ivan Green,Paperback,"Feb 24, 2021",
0,https://www.amazon.com/dp/B08XLGJL98,B08XLGJL98,"Graph Paper Notebook: 1/4 Inch Squares Quad Ruled - 4 Squares Per Inch - Blank Graphing Paper Notebook - Large 8.5"" x 11"" - 100 pages",Sumon Journals,Paperback,"Feb 24, 2021",
0,https://www.amazon.com/dp/B08XLGJL84,B08XLGJL84,Rose: Black Horse Personalised Notebook (Large) (Black Horse Personalised Notebooks),Colormazen,Paperback,"Feb 24, 2021",
0,https://www.amazon.com/dp/B08XLGG96Z,B08XLGG96Z,"Me And My Lovely Animals In Farm: Lined Notebook / Gratitude Journal , 120 pages , 6*9 , Soft Cover Matte Finish",Radi Hunter,Paperback,"Feb 24, 2021",
0,https://www.amazon.com/dp/B08XLGG87V,B08XLGG87V,My journal for pigeon: Pigeons hatching their eggs & Raising their chicks - Racing pigeons - The secret of increasing pigeon production,Pigeon CHAKIR,Paperback,"Feb 24, 2021",
0,https://www.amazon.com/dp/B08XLGG879,B08XLGG879,Notebook: Birdseye View of Beach & Blue Sea Notebook / Journal,Whatmore,Paperback,"Feb 24, 2021",
0,https://www.amazon.com/dp/B08XLGG859,B08XLGG859,Courtney: Black Horse Personalised Notebook (Large),Colormazen,Paperback,"Feb 24, 2021",
0,https://www.amazon.com/dp/B08XLGG81X,B08XLGG81X,"Composition Notebook: Water Lily Aquatic Plant Flower Themed Beautiful Cover Wide Ruled Composition Notebook For Kids , Boys, Girls, Students, Gift, ... Cute ( Notebook Journal ) 7.5*9.25 Paperback",DOCTOR NINJA,Paperback,"Feb 24, 2021",
0,https://www.amazon.com/dp/B08XLGFNB3,B08XLGFNB3,Are You Thirsty? Black and Green Journal: Are You Thirsty? Journal 100 Pages 6 x 9 inches Nature and Enviroment Lovers Lined Notebook,HighAltitude Publishing,Paperback,"Feb 24, 2021",
0,https://www.amazon.com/dp/B08XLGFMFJ,B08XLGFMFJ,Rose: Chestnut Horse Personalised Notebook (Large),Colormazen,Paperback,"Feb 24, 2021",
0,https://www.amazon.com/dp/B08XLGFM86,B08XLGFM86,Stargazing Guru Notebook: Customized Lined Journal Gift For Somebody Who Enjoys Stargazing,Melanie N. Shortpants,Paperback,"Feb 24, 2021",
0,https://www.amazon.com/dp/B08XLGFM7P,B08XLGFM7P,June: Bay Horse Personalised Notebook (Large),Colormazen,Paperback,"Feb 24, 2021",
0,https://www.amazon.com/dp/B08XLGFM78,B08XLGFM78,June: Grey Horse Personalised Notebook (Large) (Grey Horse Personalised Notebooks),Colormazen,Paperback,"Feb 24, 2021",
0,https://www.amazon.com/dp/B08XLG5YHZ,B08XLG5YHZ,"Bird Watching Log Book: Bird Watching Journal/ Bird Journal to record List of Bird Species and Bird Sightings - 100 pages, 8.5"" x 11""",Everylog Press,Paperback,"Feb 24, 2021",
0,https://www.amazon.com/dp/B08XLG5YHY,B08XLG5YHY,"Bird Watching Log Book: Bird Watching Journal/ Bird Journal to record List of Bird Species and Bird Sightings - 100 pages, 8.5"" x 11""",Everylog Press,Paperback,"Feb 24, 2021",
0,https://www.amazon.com/dp/B08XLG5YHT,B08XLG5YHT,My Fishkeep Journal - Aquarium Log Book: Aquarium Care and Maintenance Records,JD Obrice,Paperback,"Feb 24, 2021",
0,https://www.amazon.com/dp/B08QXFHK54,B08QXFHK54,Everyday Crisis-Living in Contemporary Zimbabwe (Routledge Contemporary Africa),Kirk Helliker,Paperback,"Feb 15, 2021",
0,https://www.amazon.com/dp/B08QL6YRQ1,B08QL6YRQ1,"Germs in the English Workplace, c.1880–1945 (Routledge Studies in the History of Science, Technology and Medicine)",Laura Newman,Paperback,"Feb 15, 2021",
0,https://www.amazon.com/dp/B08QDSPLYD,B08QDSPLYD,"Cycling Societies: Innovations, Inequalities and Governance (Routledge Studies in Transport, Environment and Development)",Dennis Zuev,Paperback,"Feb 15, 2021",Routledge
0,https://www.amazon.com/dp/B08LVHZ3YY,B08LVHZ3YY,SDG14 - Life Below Water: Towards Sustainable Management of our Oceans (Concise Guides to the United Nations Sustainable Development Goals),Umesh Chandra Pandey,Paperback,"Feb 15, 2021",
0,https://www.amazon.com/dp/B08KJMX4LQ,B08KJMX4LQ,"Convergence of More Moore, More than Moore and Beyond Moore: Materials, Devices, and Nanosystems (Jenny Stanford Series on Intelligent Nanosystems)",Simon Deleonibus,Hardcover,"Feb 15, 2021",
0,https://www.amazon.com/dp/B08SSNH711,B08SSNH711,Environmental Risk Communication: Principles and Practices for Industry,Susan Zummo Forney,Paperback,"Feb 14, 2021",CRC Press
0,https://www.amazon.com/dp/B08XLG5Y8V,B08XLG5Y8V,My Bucket List Journal - FRESNO (Ultimate Bucket List Books!),JD Obrice,Paperback,"Feb 24, 2021",
0,https://www.amazon.com/dp/B08XLDDC5F,B08XLDDC5F,Leah: Personalised California Poppy Notebook (Small),Colormazen,Paperback,"Feb 24, 2021",
0,https://www.amazon.com/dp/B08XLDBY2C,B08XLDBY2C,June: Black Horse Personalised Notebook (Large) (Black Horse Personalised Notebooks),Colormazen,Paperback,"Feb 24, 2021",
0,https://www.amazon.com/dp/B08XLD3NRK,B08XLD3NRK,Rose: Grey Horse Personalised Notebook (Large) (Grey Horse Personalised Notebooks),Colormazen,Paperback,"Feb 24, 2021",
0,https://www.amazon.com/dp/B08XLD3NMS,B08XLD3NMS,May: Bay Horse Personalised Notebook (Large) (Bay Horse Personalised Notebooks),Colormazen,Paperback,"Feb 24, 2021",
0,https://www.amazon.com/dp/B08XLD3NMK,B08XLD3NMK,"Graph Paper Composition Notebook, Workbook for Math, engineering and Science.: Quad Ruled (4x4)120 Pages ( 8.5 x 11 in / 21.59 x 27.94 cm).",BOOK STUDIO,Paperback,"Feb 24, 2021",
0,https://www.amazon.com/dp/B08XLD3NM4,B08XLD3NM4,May: Grey Horse Personalised Notebook (Large),Colormazen,Paperback,"Feb 24, 2021",
0,https://www.amazon.com/dp/B08XLD3NKZ,B08XLD3NKZ,Teresa: Red Rose Personalised Notebook (Small),Colormazen,Paperback,"Feb 24, 2021",
0,https://www.amazon.com/dp/B08XLCXXWX,B08XLCXXWX,All You Need is Love and a Llama,Posh London,Paperback,"Feb 24, 2021",
0,https://www.amazon.com/dp/B08XLCXXWS,B08XLCXXWS,"Sun and Moon: Celestial Journal | Dot Grid Journal Diary Notebook, 6"" x 9"" | Sun and Moon Journal, Celestial Notebook, Gemini Journal, Boho Diary | ... for Sun and Moon lovers | black gold cover",Celestial Horizon,Paperback,"Feb 24, 2021",
0,https://www.amazon.com/dp/B08XLCXXPB,B08XLCXXPB,"Graph Paper Composition Notebook 8.5 x 11, 120 Sheets: Grid Paper Notebook, Quad Ruled, 120 Sheets (Large, 8.5 x 11) (Graph Paper Notebooks), 4 squares per cm",Michael Seisenberger,Paperback,"Feb 24, 2021",
0,https://www.amazon.com/dp/B08XLCGCKT,B08XLCGCKT,"Bird Watching Log Book: Bird Watching Journal/ Bird Journal to record List of Bird Species and Bird Sightings - 100 pages, 8.5"" x 11""",Everylog Press,Paperback,"Feb 24, 2021",
0,https://www.amazon.com/dp/B08XLCGCHM,B08XLCGCHM,Narragansett Beach rhode island: beach journal for writing down thoughts for anyone that loves beach vacations and surfing,positive publishing,Paperback,"Feb 24, 2021",
0,https://www.amazon.com/dp/B08XLCGC5V,B08XLCGC5V,Notebook: Lined Journal,Catalina Luna,Paperback,"Feb 24, 2021",
0,https://www.amazon.com/dp/B08XLCG4W1,B08XLCG4W1,"Graph Paper: Quad Ruled Notebook 5x5, Grid Paper for Math & Science Students (8.5 x 11) 120 pages",Sumon Journals,Paperback,"Feb 24, 2021",
0,https://www.amazon.com/dp/B08L5L4FDY,B08L5L4FDY,Corrosion Protection of Metals and Alloys Using Graphene and Biopolymer Based Nanocomposites,Hatem M.A. Amin,Paperback,"Feb 14, 2021",
0,https://www.amazon.com/dp/B0D1VYQN5N,B0D1VYQN5N,Abiotic Stress Tolerance Mechanisms in Plants,Gyanendra Kumar Rai,Hardcover,"Feb 14, 2021",
0,https://www.amazon.com/dp/B08WQ2YV4K,B08WQ2YV4K,Multilevel Inverters: Introduction and Emergent Topologies,Ersan Kabalci,Paperback,"Feb 14, 2021",
0,https://www.amazon.com/dp/B08WN52J55,B08WN52J55,Covid rhyme,Jack McGirr,Kindle,"Feb 14, 2021",
0,https://www.amazon.com/dp/B08WM1WZLC,B08WM1WZLC,The Digital Ape: Philosophical Warm-Up Stories,Andreas Brey,Kindle,"Feb 14, 2021",
0,https://www.amazon.com/dp/B08WLWDZPL,B08WLWDZPL,Think! EARTH,John Cantellow,Paperback,"Feb 14, 2021",
0,https://www.amazon.com/dp/B08WLSRRY2,B08WLSRRY2,The Weight Loss Strategies: Find The Best Weight Loss Strategy That Suits You,Coach M,Kindle,"Feb 14, 2021",
0,https://www.amazon.com/dp/B08WLQNVT2,B08WLQNVT2,Pure Love Ideology,John Cantellow,Paperback,"Feb 14, 2021",
0,https://www.amazon.com/dp/B08WLP3KV4,B08WLP3KV4,Rescue Vs Devils' Platforms: Many Are Called But Only A Few Spirits Chosen,Kemetian Church Of Krsts,Kindle,"Feb 14, 2021",
0,https://www.amazon.com/dp/B08XLCG4P6,B08XLCG4P6,"Bird Watching Log Book: Bird Watching Journal/ Bird Journal to record List of Bird Species and Bird Sightings - 100 pages, 8.5"" x 11""",Everylog Press,Paperback,"Feb 24, 2021",
0,https://www.amazon.com/dp/B08XLCBNBY,B08XLCBNBY,"Red Cover Graph Paper Composition Notebook: Quad Ruled 4x4, Grid Paper for Math & Science Students (8.5 x 11)",Sumon Journals,Paperback,"Feb 24, 2021",
0,https://www.amazon.com/dp/B08XLCBNBC,B08XLCBNBC,"Graph Paper Composition Notebook, Workbook for Math, engineering and Science.: Quad Ruled (4x4)120 Pages ( 8.5 x 11 in / 21.59 x 27.94 cm).",BOOK STUDIO,Paperback,"Feb 24, 2021",
0,https://www.amazon.com/dp/B08XLCBMTM,B08XLCBMTM,Cornell Notebook: A4 College Ruled Composition Paper for Taking Notes - cover 4,Elpida Edition,Paperback,"Feb 24, 2021",
0,https://www.amazon.com/dp/B08XLCBH6D,B08XLCBH6D,"Graph Paper Composition Notebook, Workbook for Math, engineering and Science.: Quad Ruled (4x4)120 Pages ( 8.5 x 11 in / 21.59 x 27.94 cm).",BOOK STUDIO,Paperback,"Feb 24, 2021",
0,https://www.amazon.com/dp/B08XLC6D92,B08XLC6D92,"Sun and Moon: Celestial Journal | Dot Grid Journal Diary Notebook, 6"" x 9"" | Sun and Moon Journal, Celestial Notebook, Aries Journal, Boho Diary | ... for Sun and Moon lovers | black gold cover",Celestial Horizon,Paperback,"Feb 24, 2021",
0,https://www.amazon.com/dp/B08XLC6CWM,B08XLC6CWM,Cornell Notebook: A4 College Ruled Composition Paper for Taking Notes - cover 5,Elpida Edition,Paperback,"Feb 24, 2021",
0,https://www.amazon.com/dp/B08XLC6CWH,B08XLC6CWH,Cornell Notebook: A4 College Ruled Composition Paper for Taking Notes - cover 3,Elpida Edition,Paperback,"Feb 24, 2021",
0,https://www.amazon.com/dp/B08XLC6CW7,B08XLC6CW7,"I Just Really Like eagles Ok ?: A special gift perfect for journaling, writing notes For Eagle lovers with 120 pages .",SOUFIANE El,Paperback,"Feb 24, 2021",
0,https://www.amazon.com/dp/B08XLBJMTM,B08XLBJMTM,"Neurologist: Journal, gift for neurologist",Mike Howenes,Paperback,"Feb 24, 2021",
0,https://www.amazon.com/dp/B08XLBHYRB,B08XLBHYRB,May: Chestnut Horse Personalised Notebook (Large),Colormazen,Paperback,"Feb 24, 2021",
0,https://www.amazon.com/dp/B08XL9QZZB,B08XL9QZZB,"Sketchbook: Best blank white pages with poppy field cover for painting, drawing, writing, sketching and doodling, wide papers 8.5 x 11, 120. Use for children, kids, mom, dad, teacher, friends",AJV Books,Paperback,"Feb 24, 2021",
0,https://www.amazon.com/dp/B08WLMTBPS,B08WLMTBPS,AI and Machine Learning Paradigms for Health Monitoring System: Intelligent Data Analytics (Studies in Big Data Book 86),Hasmat Malik,Paperback,"Feb 14, 2021",
0,https://www.amazon.com/dp/B08WLM1BBY,B08WLM1BBY,Meet the Cat Family!: Latin America's Ocelot Lineage,B. J. Deming,Paperback,"Feb 14, 2021",
0,https://www.amazon.com/dp/B08WL9KDY9,B08WL9KDY9,THE EYE OF TIGER : Discover Untold Secrets of the World of Tigers!,Dr. C.H. Basappanavar,Paperback,"Feb 14, 2021",Notion Press
0,https://www.amazon.com/dp/B08W82YSC2,B08W82YSC2,The Theory of Everything Too,Martin  Acevedo,Kindle,"Feb 14, 2021",
0,https://www.amazon.com/dp/B08PDQXLBB,B08PDQXLBB,Inland Fisheries: Conservation and Processing,Satish Chander Agarwal,Hardcover,"Feb 14, 2021",
0,https://www.amazon.com/dp/B08PC9LPRY,B08PC9LPRY,The Whens and Wheres of a Scientific Life (Global Science Education),John R. Helliwell,Paperback,"Feb 14, 2021",
0,https://www.amazon.com/dp/B0B6521FMS,B0B6521FMS,Biophysics of Membrane Proteins: Methods and Protocols (Methods in Molecular Biology Book 2168),Vincent L. G. Postis,Paperback,"Feb 13, 2021",
0,https://www.amazon.com/dp/B08WLHM6BZ,B08WLHM6BZ,Series Questions,Nominus Glorius,Kindle,"Feb 13, 2021",
0,https://www.amazon.com/dp/B08XL9QTVK,B08XL9QTVK,"HOUSE PLANT JOURNAL & LOG: Personal Plant Care Journal; Because if your friends and kids hate you, at least you have your plants!",Plant Publications,Paperback,"Feb 24, 2021",
0,https://www.amazon.com/dp/B08XL9QTS9,B08XL9QTS9,Courtney: Bay Horse Personalised Notebook (Large) (Bay Horse Personalised Notebooks),Colormazen,Paperback,"Feb 24, 2021",
0,https://www.amazon.com/dp/B08XL9QDGJ,B08XL9QDGJ,Jessica: Red Rose Personalised Notebook (Small),Colormazen,Paperback,"Feb 24, 2021",
0,https://www.amazon.com/dp/B08XL9QDFW,B08XL9QDFW,Courtney: Chestnut Horse Personalised Notebook (Large),Colormazen,Paperback,"Feb 24, 2021",
0,https://www.amazon.com/dp/B08XL9QD6L,B08XL9QD6L,Notebook: Cute Wildflower Notebook Blank Lined Journal,Julz Journals,Paperback,"Feb 24, 2021",
0,https://www.amazon.com/dp/B08XL7YTXW,B08XL7YTXW,WITH PERSEVERANCE WE CAN SUCESS: IN MEMORY OF ROVER LANDING IN MARS 18/02/2021,Kan Boutan,Paperback,"Feb 24, 2021",
0,https://www.amazon.com/dp/B08XL7YTW4,B08XL7YTW4,Too Hot?! Save the Planet Journal: Too Hot?! Journal 100 Pages 6 x 9 inches Nature and Enviroment Lovers Lined Notebook,HighAltitude Publishing,Paperback,"Feb 24, 2021",
0,https://www.amazon.com/dp/B08XL7YTGW,B08XL7YTGW,Beef Calving Log Book: Beef Calving Record Book Record Book to Track your Calves 150 Pages. (6x9),art log book,Paperback,"Feb 24, 2021",
0,https://www.amazon.com/dp/B08XL7YSYV,B08XL7YSYV,ZEBRAS: Zebra Notebook: Black and White Zebra Notebook,ART,Paperback,"Feb 24, 2021",
0,https://www.amazon.com/dp/B08XL7YSYB,B08XL7YSYB,Notebook: Arid Mountain Path Notebook Journal,Whatmore,Paperback,"Feb 24, 2021",
0,https://www.amazon.com/dp/B08XL7PS3L,B08XL7PS3L,"Sketchbook: Colorful Flowers Large Blank Sketchbook for Kids, 200 Pages, 8.5"" x 11"" Blank Sheets for Drawing, Doodling, Sketching & Crayon Coloring ... Book| Activity or Scrapbook for Children",Infinity Publishing,Paperback,"Feb 24, 2021",
0,https://www.amazon.com/dp/B08XL7PRXS,B08XL7PRXS,"Graph Paper Composition Notebook, Workbook for Math, engineering and Science.: Quad Ruled (4x4)120 Pages ( 8.5 x 11 in / 21.59 x 27.94 cm).",BOOK STUDIO,Paperback,"Feb 24, 2021",
0,https://www.amazon.com/dp/B08XL7PMNL,B08XL7PMNL,"Notes, Comments and Speculation Regarding Evolution of the Genome: a compilation of other publications",Geoge Parris,Paperback,"Feb 24, 2021",
0,https://www.amazon.com/dp/B08XL7PM8Z,B08XL7PM8Z,Cornell Notebook: A4 College Ruled Composition Paper for Taking Notes - cover 1,Elpida Edition,Paperback,"Feb 24, 2021",
0,https://www.amazon.com/dp/B0BXNF2KCK,B0BXNF2KCK,"MATH OPERATIONS WORKBOOK: GRADES: 4TH - 8TH, ORDER OF OPERATIONS WITH PARENTHESES VOL.2: EXPRESSIONS WITH BRACKETS MIXED PRACTICE PROBLEMS WITH SOLUTIONS, MATH DRILLS, 8.5 X 11 INCHES, MATH WORKSHEETS",Kumar,Paperback,"Mar 6, 2023",
0,https://www.amazon.com/dp/B08WLG3NF4,B08WLG3NF4,"Eugenics: The Spoof ! (Futuristic: Plans, Escapes Book 4)",Mike B. Blake,Kindle,"Feb 13, 2021",
0,https://www.amazon.com/dp/B08WL7611G,B08WL7611G,BLUE CHIAR,PRINCE EBA,Kindle,"Feb 13, 2021",
0,https://www.amazon.com/dp/B08WL5RZ8V,B08WL5RZ8V,On Sacred Number: A Study in Relationships,Keith Armstrong,Kindle,"Feb 13, 2021",
0,https://www.amazon.com/dp/B08WL559ZV,B08WL559ZV,Simple Approach to Academic Research and Publication: Standards of Reporting Chi- Square Test in Original Article and Thesis,Mehrdad Jalalian,Kindle,"Feb 13, 2021",
0,https://www.amazon.com/dp/B08WL3X128,B08WL3X128,Genetics: The Complete Guide,Himanshu  Garg,Kindle,"Feb 13, 2021",
0,https://www.amazon.com/dp/B08WL3231Y,B08WL3231Y,Microbial Cell Factories Engineering for Production of Biomolecules,Vijai Singh Ph.D.,Paperback,"Feb 13, 2021",
0,https://www.amazon.com/dp/B08WL1D929,B08WL1D929,CYTOLOGY: The Complete Guide,Himanshu Garg,Kindle,"Feb 13, 2021",
0,https://www.amazon.com/dp/B08WKZWM5Z,B08WKZWM5Z,Geological Resources of Tierra del Fuego (Springer Geology),Rogelio Daniel Acevedo,Paperback,"Feb 13, 2021",Springer
0,https://www.amazon.com/dp/B08XL6J6L5,B08XL6J6L5,"Mother's Day Notebook Gift: Love You to the Moon and Back: Blank, Lined Journal Notebook with Cute Mother Penguin and Chick Illustration on Cover for ... Mothers-in-Law, Sisters, Aunts, Animal Lovers",Golden Publishing,Paperback,"Feb 24, 2021",
0,https://www.amazon.com/dp/B08XL6J6F5,B08XL6J6F5,"Graph paper composition notebook: Grid paper notebook, Quad ruled, 120 pages (8.5 x 11 inches) graphing paper notebook large",Sumon Journals,Paperback,"Feb 24, 2021",
0,https://www.amazon.com/dp/B08XL6J6CX,B08XL6J6CX,"Bird Watching Log Book: Bird Watching Journal/ Bird Journal to record List of Bird Species and Bird Sightings - 100 pages, 8.5"" x 11""",Everylog Press,Paperback,"Feb 24, 2021",
0,https://www.amazon.com/dp/B08XL6J6CT,B08XL6J6CT,"Bird Watching Log Book: Bird Watching Journal/ Bird Journal to record List of Bird Species and Bird Sightings - 100 pages, 8.5"" x 11""",Everylog Press,Paperback,"Feb 24, 2021",
0,https://www.amazon.com/dp/B08XL6J69D,B08XL6J69D,"Astronomy Logbook for Women: Observations Journal Night Sky To Track, Record, And Sketch For Beginners, Medium, And Highly Skilled Astronomers Paperback 6""x9"" Log Book Paperback",Cathe Publishing,Paperback,"Feb 24, 2021",
0,https://www.amazon.com/dp/B08XL6H5DQ,B08XL6H5DQ,"Sun and Moon: Celestial Journal | Dot Grid Journal Diary Notebook, 6"" x 9"" | Sun and Moon Journal, Celestial Notebook, Cancer Journal, Boho Diary | ... for Sun and Moon lovers | black gold cover",Celestial Horizon,Paperback,"Feb 24, 2021",
0,https://www.amazon.com/dp/B08XL6H5D8,B08XL6H5D8,"Black Cover Graph Paper Notebook: Large Simple Graph Paper Journal, 120 Quad Ruled 4x4 Pages 8.5 x 11 inches, Grid Paper Notebook for Math and Science Students",Sumon Journals,Paperback,"Feb 24, 2021",
0,https://www.amazon.com/dp/B08XL6H5CQ,B08XL6H5CQ,"Sun and Moon: Celestial Journal | Dot Grid Journal Diary Notebook, 6"" x 9"" | Sun and Moon Journal, Celestial Notebook, Virgo Journal, Boho Diary | ... for Sun and Moon lovers | black gold cover",Celestial Horizon,Paperback,"Feb 24, 2021",
0,https://www.amazon.com/dp/B08XL6H59R,B08XL6H59R,"Sun and Moon: Celestial Journal | Dot Grid Journal Diary Notebook, 6"" x 9"" | Sun and Moon Journal, Celestial Notebook, Cancer Journal, Boho Diary | ... for Sun and Moon lovers | black gold cover",Celestial Horizon,Paperback,"Feb 24, 2021",
0,https://www.amazon.com/dp/B08XL6H59H,B08XL6H59H,"Sun and Moon: Celestial Journal | Dot Grid Journal Diary Notebook, 6"" x 9"" | Sun and Moon Journal, Celestial Notebook, Capricorn Journal, Boho Diary | ... for Sun and Moon lovers | black gold cover",Celestial Horizon,Paperback,"Feb 24, 2021",
0,https://www.amazon.com/dp/B08XL6H4VS,B08XL6H4VS,Cornell Notebook: A4 College Ruled Composition Paper for Taking Notes - cover 2,Elpida Edition,Paperback,"Feb 24, 2021",
0,https://www.amazon.com/dp/B08XKVWZZH,B08XKVWZZH,Outside Sudoku Level 4: Hard Vol. 30: Play Outside Sudoku 9x9 Nine Grid With Solutions Hard Level Volumes 1-40 Sudoku Cross Sums Variation Travel ... Mathematics Challenge All Ages Kids to Adults,Sophia Numerik,Paperback,"Feb 24, 2021",
0,https://www.amazon.com/dp/B0DYVKMFWT,B0DYVKMFWT,Common Core Math: The Order of Operations (PEMDAS) Workbook #1: Problems with Solutions to Prepare Students for Success in Math,Pradeep Mishra,Paperback,"Feb 25, 2025",
0,https://www.amazon.com/dp/B08WKZSB5F,B08WKZSB5F,"Technical Safety, Reliability and Resilience: Methods and Processes",Ivo Häring,Paperback,"Feb 13, 2021",
0,https://www.amazon.com/dp/B08WKZQTWH,B08WKZQTWH,"The Role of the State in China’s Urban System Development: Government Capacity, Institution and Policy",Jiejing Wang,Paperback,"Feb 13, 2021",
0,https://www.amazon.com/dp/B08WKZKDVR,B08WKZKDVR,Protein Phosphorylation and Meat Quality,Dequan Zhang,Paperback,"Feb 13, 2021",
0,https://www.amazon.com/dp/B08WKYXQCS,B08WKYXQCS,Empirical Analyses on Rice Yield Determinants of Smart Farming in Japan,Dongpo Li,Paperback,"Feb 13, 2021",
0,https://www.amazon.com/dp/B08WKYH6QB,B08WKYH6QB,"Graph Drawing and Network Visualization: 28th International Symposium, GD 2020, Vancouver, BC, Canada, September 16–18, 2020, Revised Selected Papers (Lecture Notes in Computer Science Book 12590)",David Auber,Paperback,"Feb 13, 2021",Springer
0,https://www.amazon.com/dp/B08WKYCYBM,B08WKYCYBM,Solved Questions on Sequences: Work Packet On Sequences,Nopimus Greatus,Kindle,"Feb 13, 2021",
0,https://www.amazon.com/dp/B08WKWP1FQ,B08WKWP1FQ,Australian Nature Illustrations: Line drawings of wild Australia,Robert Price,Kindle,"Feb 13, 2021",
0,https://www.amazon.com/dp/B08WHM5Y5K,B08WHM5Y5K,The Oxford Handbook of Entertainment Theory (Oxford Handbooks),Peter Vorderer,Hardcover,"Mar 1, 2021",Oxford University Press
0,https://www.amazon.com/dp/B08XH2JLC1,B08XH2JLC1,"Save The Glaciers - light blue Journal: Save The Glaciers Journal, 100 Pages 6 x 9 inches Nature, Mountains and Enviromenatl Justice Lovers Lined Notebook",HighAltitude Publishing,Paperback,"Feb 24, 2021",
0,https://www.amazon.com/dp/B08XH2JKYT,B08XH2JKYT,"Notes: Lavender & Honey Bees College Ruled Lined Notebook For Women | Pretty Lilac Lavender Blooms & Delightful Honey Bees | For Notes, Writing and Journaling | 6"" X 9"" Cream Paper 120 Pages",Heuglin & Hedgepig,Paperback,"Feb 24, 2021",
0,https://www.amazon.com/dp/B08XH2JKXH,B08XH2JKXH,Spider Evicting Guru Notebook: Customized Lined Journal Gift For Somebody Who Enjoys Spider Evicting,Melanie O. Shortpants,Paperback,"Feb 24, 2021",
0,https://www.amazon.com/dp/B08XH2JK2Q,B08XH2JK2Q,Notebook: Simple Smart The Sun Will Rise Series No:1 120 Pages Unlined Notebook and Journal,Simple Smart Design,Paperback,"Feb 24, 2021",
0,https://www.amazon.com/dp/B08XH2JK26,B08XH2JK26,"Sketchbook: Dinosaur Sketchbook for kids with 20 Dinosaur coloring pages .100 blank pages for Drawing, sketching , painting , writing and Doodling",Max Green,Paperback,"Feb 24, 2021",
0,https://www.amazon.com/dp/B08XH2JJZW,B08XH2JJZW,"Graph Paper Composition Notebook, Workbook for Math, engineering and Science.: Quad Ruled (4x4)120 Pages ( 8.5 x 11 in / 21.59 x 27.94 cm).",BOOK STUDIO,Paperback,"Feb 24, 2021",
0,https://www.amazon.com/dp/B08XH2JJXH,B08XH2JJXH,"Sun and Moon: Celestial Journal | Dot Grid Journal Diary Notebook, 6"" x 9"" | Sun and Moon Journal, Celestial Notebook, Aries Journal, Boho Diary | ... for Sun and Moon lovers | black gold cover",Celestial Horizon,Paperback,"Feb 24, 2021",
0,https://www.amazon.com/dp/B08XH2JJRH,B08XH2JJRH,"Dissertation Notebook: Simple Dissertation diary,Lined Notebook and space for sketch | 200 pages, 8.5 x 11 inches| Log | Journal",Chor muang Design,Paperback,"Feb 24, 2021",
0,https://www.amazon.com/dp/B08XH2JJPN,B08XH2JJPN,Monogram Notebook Journal - Letter K (Monogrammed Notebook Journals),JD Obrice,Paperback,"Feb 24, 2021",
0,https://www.amazon.com/dp/B08XGTNCJR,B08XGTNCJR,Let's Play Adding And Subtracting: Addition and Subtraction 5-7 Games,belasri imad,Paperback,"Feb 24, 2021",
0,https://www.amazon.com/dp/B08XGTLX2N,B08XGTLX2N,"Adults Leaf Coloring Book: This Book For An Adult With Easy Leaf Collection, Stress Remissive And Relaxation.",SR BOOK HOUSE,Paperback,"Feb 24, 2021",
0,https://www.amazon.com/dp/B08XGSTRXY,B08XGSTRXY,"My Smart Note: Suitable for you, Note 2021",MARIA NOTE,Paperback,"Feb 24, 2021",
0,https://www.amazon.com/dp/B08XGSTMC8,B08XGSTMC8,"Protect The Mountain - Save the Wildlife - Orange Journal: Protect the Planet Earth Notebook, 100 Pages 6 x 9 inches Adventure, Mountain and Nature Lovers Lined Notebook",HighAltitude Publishing,Paperback,"Feb 24, 2021",
0,https://www.amazon.com/dp/B08XGSTMBN,B08XGSTMBN,"Save The Glaciers - Blue Journal: Save The Glaciers Journal, 100 Pages 6 x 9 inches Nature Lovers and Environmental Climate Activists Lined Notebook",HighAltitude Publishing,Paperback,"Feb 24, 2021",
0,https://www.amazon.com/dp/B08XGSTM8Y,B08XGSTM8Y,Isometric Graph Paper: Isometric Notebook For Engineering And 3D Drawing,Creative Minds Press,Paperback,"Feb 24, 2021",
0,https://www.amazon.com/dp/B0BW6YSGK7,B0BW6YSGK7,Fluorescence In-Situ Hybridization (FISH) for Microbial Cells: Methods and Concepts (Methods in Molecular Biology Book 2246),Nuno F. Azevedo,Paperback,"Feb 12, 2021",
0,https://www.amazon.com/dp/B08XC5C6TG,B08XC5C6TG,"Ecology of Coastal Marine Sediments: Form, Function, and Change in the Anthropocene",Simon Thrush,Paperback,"Feb 12, 2021",
0,https://www.amazon.com/dp/B08WWXXX2K,B08WWXXX2K,Sustainable Materials for Transitional and Alternative Energy (Modern Materials and Sensors for the Oil and Gas Industry),Mufrettin Murat Sari,Paperback,"Feb 12, 2021",
0,https://www.amazon.com/dp/B08WWWW3JL,B08WWWW3JL,Sustainable Materials for Oil and Gas Applications (Modern Materials and Sensors for the Oil and Gas Industry),Cenk Temizel,Paperback,"Feb 12, 2021",Gulf Professional Publishing
0,https://www.amazon.com/dp/B08WL1MHK1,B08WL1MHK1,"Snow and Ice-Related Hazards, Risks, and Disasters",Wilfried Haeberli,Paperback,"Feb 12, 2021",
0,https://www.amazon.com/dp/B08WK5H85V,B08WK5H85V,Technology Standard of Pipe Rehabilitation,Lu Wang,Paperback,"Feb 12, 2021",
0,https://www.amazon.com/dp/B08XGSTLDK,B08XGSTLDK,Pamela: Red Rose Personalised Notebook (Small),Colormazen,Paperback,"Feb 24, 2021",
0,https://www.amazon.com/dp/B08XGSTL99,B08XGSTL99,"Simple 5-Column Notebook: SIZE: 8.5""x 11"" | 12 Pages | Perfect Binding | Durable Softcover | Lined With 5-Column Template",Adam's Bush,Paperback,"Feb 24, 2021",
0,https://www.amazon.com/dp/B08XGSTL7B,B08XGSTL7B,"Graph Paper Composition Notebook, Workbook for Math, engineering and Science.: Quad Ruled (4x4)120 Pages ( 8.5 x 11 in / 21.59 x 27.94 cm).",BOOK STUDIO,Paperback,"Feb 24, 2021",
0,https://www.amazon.com/dp/B08XGSTL1T,B08XGSTL1T,"Graph paper notebook: Grid paper notebook, Quad ruled, 120 pages (8.5 x 11 inches) graph paper 4x4",Sumon Journals,Paperback,"Feb 24, 2021",
0,https://www.amazon.com/dp/B08XGSTKYL,B08XGSTKYL,"Blank Manga Comic Book With Variety Of Templates: 8.5x11"" Anime Comic Book To Draw And Create Your Own Manga & Anime comics & cartoons of 120 Pages | ... | Perfect For Kids, Adults, Teen etc...",Jack Minimal,Paperback,"Feb 24, 2021",
0,https://www.amazon.com/dp/B08XGSTKY4,B08XGSTKY4,"Bird Watching Log Book: Bird Watching Journal/ Bird Journal to record List of Bird Species and Bird Sightings - 100 pages, 8.5"" x 11""",Everylog Press,Paperback,"Feb 24, 2021",
0,https://www.amazon.com/dp/B08XGSTJSZ,B08XGSTJSZ,"Sudoku 500 Puzzle Books for Adults Edition #2: 500 puzzles - 3 levels Intermediate, Hard & INSANE!",Captain Peter Books,Paperback,"Feb 24, 2021",
0,https://www.amazon.com/dp/B08XG2WDR2,B08XG2WDR2,Black Heroines and Heroes That Have Excelled in Intellectual Endeavors,Dr. Rufus O. Jimerson,Paperback,"Feb 24, 2021",
0,https://www.amazon.com/dp/B08XG2WDQP,B08XG2WDQP,Outside Sudoku Level 4: Hard Vol. 29: Play Outside Sudoku 9x9 Nine Grid With Solutions Hard Level Volumes 1-40 Sudoku Cross Sums Variation Travel ... Mathematics Challenge All Ages Kids to Adults,Sophia Numerik,Paperback,"Feb 24, 2021",
0,https://www.amazon.com/dp/B08XG2WD2F,B08XG2WD2F,"Flowers and Butterflies Coloring Book | Stress Relieving Designs for Adults 50 Great Designs: Beautiful Butterflies and Flower Pictures to Colour | Anxiety Coloring Books for Women, Girls, Teens",Xpert Coloring,Paperback,"Feb 24, 2021",
0,https://www.amazon.com/dp/B08XFXLJ45,B08XFXLJ45,A Wonderful Winter of Kakuro 14 x 14 Round 4: Hard Volume 9: Play Kakuro Japanese Puzzle Game Book Numbers Mathematical Cross Sums Addition Based ... Kids to Adults Beginner Hard Level Christmas,Stella Zahlenspiel,Paperback,"Feb 24, 2021",
0,https://www.amazon.com/dp/B08XFSRC9G,B08XFSRC9G,big preschool ages 2-4 workbook: Preschool home learning activities for children,AS AS,Paperback,"Feb 24, 2021",
0,https://www.amazon.com/dp/B08XFP9CZY,B08XFP9CZY,"Under The Sea Coloring Book For Kids: under the sea coloring book, sea book , sea life coloring book, sea life coloring book for kids , the sea book , ... for kids, sea animals coloring book for kids",ASH Publication,Paperback,"Feb 24, 2021",
0,https://www.amazon.com/dp/B08XFP8MVJ,B08XFP8MVJ,"toddler coloring book numbers, colors and shapes: Preschool educational book with number tracking, matching, and homeschooling activities.",AS AS,Paperback,"Feb 24, 2021",
0,https://www.amazon.com/dp/B08XFP1V93,B08XFP1V93,Caticorn Coloring Book For Kids Ages 4-8: Colorful Animal Coloring Cat Books For Kids 6-8 Who Loved Unicorn Caticorn And Magic,Caticorn funn Publishing,Paperback,"Feb 24, 2021",
0,https://www.amazon.com/dp/B0CQ2X6KJT,B0CQ2X6KJT,COMMON CORE PEMDAS MATH WORKBOOK TO SUCCEED IN MATH: ORDER OF OPERATIONS ALGEBRA PRACTICE PROBLEMS WITH ANSWERS # D8,Kumar,Paperback,"Dec 9, 2023",
0,https://www.amazon.com/dp/B08WJ9VD3L,B08WJ9VD3L,Trends in Wheat Breeding,S. Singh,Paperback,"Feb 6, 2006",
0,https://www.amazon.com/dp/B08WJ6MVQ6,B08WJ6MVQ6,"Protein Instability at Interfaces During Drug Product Development: Fundamental Understanding, Evaluation, and Mitigation (AAPS Advances in the Pharmaceutical Sciences Series Book 43)",Jinjiang Li,Paperback,"Feb 12, 2021",
0,https://www.amazon.com/dp/B0BVQJF2NK,B0BVQJF2NK,Pericytes: Methods and Protocols (Methods in Molecular Biology Book 2235),Bruno M. Péault,Paperback,"Feb 12, 2021",Humana
0,https://www.amazon.com/dp/B08WKQ83CS,B08WKQ83CS,"F.A.A.N.G: February 12, 2021: Facebook, Apple, Amazon, Netflix & Google Weekly Price Pattern Coordinates Charts (F.A.A.N.G: Facebook, Apple, Amazon, Netflix ... Price Pattern Coordinates Charts Book 59)",Edward Weigel,Kindle,"February 12, 2021",
0,https://www.amazon.com/dp/B08WKPJ7PH,B08WKPJ7PH,Analyze x=t^2-5 and y=2sin(t),Griffs,Kindle,"Feb 12, 2021",
0,https://www.amazon.com/dp/B08XFMTM5C,B08XFMTM5C,"Safari coloring book for adults: Mandala Style For Birds, Elephants,Tiger and Big Cats. 8.5 x11 Pages Stress Relieving Designs that are Great for Relaxation.",The Future Coloring Box,Paperback,"Feb 24, 2021",
0,https://www.amazon.com/dp/B08XFMBPQY,B08XFMBPQY,"Birds & Parrots: Colorring pages for adults and kids, beautiful birds high quality pictures with lots of details.",Omer Dahan PsyD,Paperback,"Feb 24, 2021",
0,https://www.amazon.com/dp/B08XFK9M85,B08XFK9M85,"Optical Illusions Coloring Book: For Adults, Kids and Senior with 30 Unique Pages to Color On Opticals Geometric Illusions Shapes, Amazing Visual Art ... | Creative Activity And Relaxation At Home",IllusionsColoring Publishing,Paperback,"Feb 24, 2021",
0,https://www.amazon.com/dp/B08XFJ782C,B08XFJ782C,Let's Add And Subtract: Addition And Subtraction Tables,belasri imad,Paperback,"Feb 24, 2021",
0,https://www.amazon.com/dp/B08XFJ77KQ,B08XFJ77KQ,Dinosaur Scissor Skill: Activity And Coloring Book For Kids.,SH Press,Paperback,"Feb 24, 2021",
0,https://www.amazon.com/dp/B08XFJ2MF1,B08XFJ2MF1,"Adult Coloring Book: 60 Mandalas,Animals,Stress Relieving Designsand relaxing mandalas for boys , Girls, and information about each animal, and Beginners And useful information about every animal",samarato jiji,Paperback,"Feb 24, 2021",
0,https://www.amazon.com/dp/B08X69SLKV,B08X69SLKV,"Check Register Book: Leafs Check Register Book, A Simple Checking Account Transaction Register | Payment Record Accounting Ledger Book, 120 Pages, Size 8.5"" x 11""",Corina Busch,Paperback,"Feb 24, 2021",
0,https://www.amazon.com/dp/B08WKDMGLN,B08WKDMGLN,Australia's Unique Landscapes and Wildlife,Robert Price,Paperback,"Feb 12, 2021",
0,https://www.amazon.com/dp/B08WK9BLVF,B08WK9BLVF,Protocol Handbook for Cancer Biology,Gauri Misra,Paperback,"Feb 12, 2021",
0,https://www.amazon.com/dp/B08WK8XQBM,B08WK8XQBM,Data Science: Theory and Applications (Handbook of Statistics 44) (Volume 44),C.R. Rao,Hardcover,"Feb 12, 2021",North Holland
0,https://www.amazon.com/dp/B08WK8X8D8,B08WK8X8D8,"Logic-Based Program Synthesis and Transformation: 30th International Symposium, LOPSTR 2020, Bologna, Italy, September 7–9, 2020, Proceedings (Lecture Notes in Computer Science Book 12561)",Maribel Fernández,Paperback,"Feb 12, 2021",Springer
0,https://www.amazon.com/dp/B08WK7Z3LB,B08WK7Z3LB,"Renewable Energy Transition in Asia: Policies, Markets and Emerging Issues",Nandakumar Janardhanan,Hardcover,"Feb 12, 2021",
0,https://www.amazon.com/dp/B08WK6YNXQ,B08WK6YNXQ,Emerging Issues in Internal Displacement in Africa (SpringerBriefs in Law),Romola Adeola,Paperback,"Feb 12, 2021",Springer
0,https://www.amazon.com/dp/B08WK6SFTZ,B08WK6SFTZ,Marine Power Plant,Zongming Yang,Paperback,"Feb 12, 2021",
0,https://www.amazon.com/dp/B08WK5W58C,B08WK5W58C,"Emerging Trends in Terahertz Engineering and System Technologies: Devices, Materials, Imaging, Data Acquisition and Processing",Arindam Biswas,Paperback,"Feb 12, 2021",
0,https://www.amazon.com/dp/B08WK5NZWB,B08WK5NZWB,Sclerotia Grains in Soils: A New Perspective from Pedosclerotiology (Progress in Soil Science),Makiko Watanabe,Paperback,"Feb 12, 2021",
0,https://www.amazon.com/dp/B08WK5NVT9,B08WK5NVT9,"New Challenges and Solutions for Renewable Energy: Japan, East Asia and Northern Europe (International Political Economy Series)",Paul Midford,Paperback,"Feb 12, 2021",
0,https://www.amazon.com/dp/B08WK5F62W,B08WK5F62W,Proceedings of the 3rd International Seminar on Non-Ideal Compressible Fluid Dynamics for Propulsion and Power: NICFD 2020 (ERCOFTAC Series Book 28),Matteo Pini,Paperback,"Feb 12, 2021",
0,https://www.amazon.com/dp/B08WK54CVY,B08WK54CVY,Potato Seed Production,Sergey V. Zhevora,Paperback,"Feb 12, 2021",Springer
0,https://www.amazon.com/dp/B08WK4W692,B08WK4W692,"Differential Geometry, Differential Equations, and Mathematical Physics: The Wisła 19 Summer School (Tutorials, Schools, and Workshops in the Mathematical Sciences)",Maria Ulan,Paperback,"Feb 12, 2021",
0,https://www.amazon.com/dp/B08WK4TRLW,B08WK4TRLW,The Geography and Remote Sensing Analysis of Sri Lanka,Xianhu Wei,Paperback,"Feb 12, 2021",
0,https://www.amazon.com/dp/B08WK4S9R7,B08WK4S9R7,Liouville-Riemann-Roch Theorems on Abelian Coverings (Lecture Notes in Mathematics Book 2245),Minh Kha,Paperback,"Feb 12, 2021",
0,https://www.amazon.com/dp/B08XLGJPXG,B08XLGJPXG,The 1918 Spanish Flu Pandemic in America: A Short History: Large Print Edition,Doug West,Paperback,"Feb 23, 2021",
0,https://www.amazon.com/dp/B0FGVN2VLY,B0FGVN2VLY,Narragansett Beach rhode island: beach journal for writing down thoughts for anyone that loves beach vacations and surfing,positive publishing,Paperback,"Feb 23, 2021",
0,https://www.amazon.com/dp/B0FGVLPL3G,B0FGVLPL3G,Narragansett Beach rhode island: beach journal for writing down thoughts for anyone that loves beach vacations and surfing,positive publishing,Paperback,"Feb 23, 2021",
0,https://www.amazon.com/dp/B0CX1F5Z5C,B0CX1F5Z5C,Snake Coloring Book For Kids: 50 Creative And Unique Drawings With Quotes On Every Other Page To Color In - Snake Coloring Book For Kids And Toddlers ... Relax ) Cute And Scary Snake Coloring Pages,To The Color,Paperback,"Feb 23, 2021",
0,https://www.amazon.com/dp/B0C9SF29D4,B0C9SF29D4,Storm Chasing Guru Notebook: Customized Lined Journal Gift For Somebody Who Enjoys Storm Chasing,Melanie K. Longpants,Paperback,"Feb 23, 2021",
0,https://www.amazon.com/dp/B08XNVDFPL,B08XNVDFPL,Planets in our solar system for kids: Explore the awesome neighbors of our planet Earth. A combination of interesting facts and fun activities. White and black version,T. Imene,Paperback,"Feb 23, 2021",
0,https://www.amazon.com/dp/B08XNDNQC1,B08XNDNQC1,Bears 101. Learn how to color 5 species of bears.,Omer Dahan PsyD,Paperback,"Feb 23, 2021",
0,https://www.amazon.com/dp/B08XN9G6JV,B08XN9G6JV,Forests are important to me: Forest notebook,Amanda Herrera,Paperback,"Feb 23, 2021",
0,https://www.amazon.com/dp/B08XN7HYPV,B08XN7HYPV,Jellyfish Notebook: Purple Jellyfish Softcover Notebook,CJ Szabo,Paperback,"Feb 23, 2021",
0,https://www.amazon.com/dp/B08XN7HY65,B08XN7HY65,I care about forests: Forest notebook,Amanda Herrera,Paperback,"Feb 23, 2021",
0,https://www.amazon.com/dp/B08XLNPT86,B08XLNPT86,"Busy Doing Nothing Panda: Perfect Panda Journal For Food & Animal Lovers, 120 Pages 6 x 9 inches Lined Journal",Beginners Publishing,Paperback,"Feb 23, 2021",
0,https://www.amazon.com/dp/B08XLNPT82,B08XLNPT82,"I just like Raccoons, ok?: Notebook • Format: A5 (6x9 inches) • 110 pages • Dot grid • With page numbers • Diary • Notebook • Homework notebook • Original FD-DESIGN",FD-DESIGN Publishing,Paperback,"Feb 23, 2021",
0,https://www.amazon.com/dp/B08XLNPT7R,B08XLNPT7R,"Busy Doing Nothing Panda: Perfect Panda Journal For Food & Animal Lovers, 120 Pages 6 x 9 inches Lined Journal",Beginners Publishing,Paperback,"Feb 23, 2021",
0,https://www.amazon.com/dp/B08XLLF39W,B08XLLF39W,Bears Educational coloring pages.: for both newbies and experts.,Omer Dahan PsyD,Paperback,"Feb 23, 2021",
0,https://www.amazon.com/dp/B08WK3T7MG,B08WK3T7MG,"Modelling and Development of Intelligent Systems: 7th International Conference, MDIS 2020, Sibiu, Romania, October 22–24, 2020, Revised Selected Papers ... Computer and Information Science Book 1341)",Dana Simian,Paperback,"Feb 12, 2021",Springer
0,https://www.amazon.com/dp/B08WK2TQX6,B08WK2TQX6,Cosmic Space is God and Physical Universe is God's Dream - 12 (Cosmic Space Series),Dr. Chandra Bhan Gupta,Paperback,"Feb 12, 2021",
0,https://www.amazon.com/dp/B08WJC1X87,B08WJC1X87,Genetic Basis and Methods of Plant Breeding,S. Singh,Paperback,"Apr 6, 2019",CBS PUBLISHERS AND DISTRIBUTORS PVT LTD
0,https://www.amazon.com/dp/B08WJBNZ7R,B08WJBNZ7R,Budgetary Control: Scientific Perfection Business Economics,Jan Jacobs,Paperback,"Feb 12, 2021",
0,https://www.amazon.com/dp/B08WJ7VS17,B08WJ7VS17,Modelling in Engineering 2020: Applied Mechanics (Advances in Intelligent Systems and Computing Book 1336),Arkadiusz Mężyk,Paperback,"Feb 12, 2021",Springer
0,https://www.amazon.com/dp/B08WJ7F7M2,B08WJ7F7M2,Environmental Flotation Engineering (Handbook of Environmental Engineering 21),Lawrence K. Wang,Paperback,"Feb 12, 2021",
0,https://www.amazon.com/dp/B08WJ76MVT,B08WJ76MVT,Artificial Intelligence and IoT: Smart Convergence for Eco-friendly Topography (Studies in Big Data Book 85),Kalaiselvi Geetha Manoharan,Paperback,"Feb 12, 2021",
0,https://www.amazon.com/dp/B08WHWCWC8,B08WHWCWC8,"Polymer Nanocomposites Based on Silver Nanoparticles: Synthesis, Characterization and Applications (Engineering Materials)",Hiran Mayookh Lal,Paperback,"Feb 12, 2021",Springer
0,https://www.amazon.com/dp/B08WHR5J9G,B08WHR5J9G,Sounding Jewish in Berlin: Klezmer Music and the Contemporary City,Phil Alexander,Hardcover,"Feb 5, 2021",Oxford University Press
0,https://www.amazon.com/dp/B08XLL65NQ,B08XLL65NQ,Raccoon Party: Notebook • Format: A5 (6x9 inches) • 110 pages • Checkered • With page numbers • Diary • Notebook • Homework notebook • Original FD-DESIGN,FLOPSI Publishing,Paperback,"Feb 23, 2021",
0,https://www.amazon.com/dp/B08XLL65MH,B08XLL65MH,"Snake Notebook:Lined Journal, Softcover (6x9 inches) with 100 Pages: Notebook Birthday Gift",bio logy,Paperback,"Feb 23, 2021",
0,https://www.amazon.com/dp/B08XLL4WH8,B08XLL4WH8,"Notebook: Large Size (8.5 x 11), 116 Lined Pages, Elegant cover design",Raid Books,Paperback,"Feb 23, 2021",
0,https://www.amazon.com/dp/B08XLL4WGX,B08XLL4WGX,Notebook: Alpine Notebook Journal,Whatmore,Paperback,"Feb 23, 2021",
0,https://www.amazon.com/dp/B08XLL4WBV,B08XLL4WBV,Notes: Cute and Fun Panda Notebook Lined Journal,The Cute Bears,Paperback,"Feb 23, 2021",
0,https://www.amazon.com/dp/B08XLL4WBT,B08XLL4WBT,Good milk: Cow notebook. Cool idea for gift.,Thorton Wuers,Paperback,"Feb 23, 2021",
0,https://www.amazon.com/dp/B08XLL4W9V,B08XLL4W9V,Cow are amongst the gentlest creatures: Cow notebook. Cool idea for gift.,Thorton Wuers,Paperback,"Feb 23, 2021",
0,https://www.amazon.com/dp/B08XLGJPHJ,B08XLGJPHJ,Forests matter to me: Forest notebook,Amanda Herrera,Paperback,"Feb 23, 2021",
0,https://www.amazon.com/dp/B08XLG5XY9,B08XLG5XY9,Are You Thirsty?: Are You Thirsty? Save the Planet Light Journal 100 Pages 6 x 9 inches Earth Lover Lined Notebook,HighAltitude Publishing,Paperback,"Feb 23, 2021",
0,https://www.amazon.com/dp/B08XLG5XW9,B08XLG5XW9,Notebook: Small Notebook to Take Anywhere (4x6 Inches) | Unlined Mini Notebook,Simple Publishing,Paperback,"Feb 23, 2021",
0,https://www.amazon.com/dp/B08XLG5XSF,B08XLG5XSF,Raccoon Party: Notebook • Format: A5 (6x9 inches) • 110 pages • Dot grid • With page numbers • Diary • Notebook • Homework notebook • Original FD-DESIGN,FD-DESIGN Publishing,Paperback,"Feb 23, 2021",
0,https://www.amazon.com/dp/B08XLD5KK6,B08XLD5KK6,"Notebook: Blank Lined Journal,6 x 9 inches,120 pages,inspiral notebook . Perfect for taking note. Gift/ present for special occasions for men and women",Idou Flowers Publishing,Paperback,"Feb 23, 2021",
0,https://www.amazon.com/dp/B08XLCXWZK,B08XLCXWZK,Notebook: Small Notebook to Take Anywhere (4x6 Inches) | Unlined Mini Notebook,Simple Publishing,Paperback,"Feb 23, 2021",
0,https://www.amazon.com/dp/B08XLCXWZG,B08XLCXWZG,Notebook: Small Notebook to Take Anywhere (4x6 Inches) | Unlined Mini Notebook,Simple Publishing,Paperback,"Feb 23, 2021",
0,https://www.amazon.com/dp/B08XLCXWZ9,B08XLCXWZ9,Get out of my way cow: Cow notebook. Cool idea for gift.,Thorton Wuers,Paperback,"Feb 23, 2021",
0,https://www.amazon.com/dp/B08XLCGC54,B08XLCGC54,"Composition Notebook - College Ruled, 8.5 x 11, 120 Pages: Unique And Trendy Leopard Red Print Journal",Sassy Publishing House,Paperback,"Feb 23, 2021",
0,https://www.amazon.com/dp/B0GQSZVVYL,B0GQSZVVYL,The Science of Perception (The Science Project),Rick Trick,Paperback,"Mar 2, 2026",
0,https://www.amazon.com/dp/B08WJK8NPN,B08WJK8NPN,"Cosmological Balance Universe: Triune Dynamic Equilibrium, A Unified Theory",Mark Calvo,Paperback,"Feb 11, 2021",
0,https://www.amazon.com/dp/B08WHYVFBM,B08WHYVFBM,“The Shifting Wormholes of North America”: Volume 6 1978-1982,George Mitrovic,Paperback,"Feb 11, 2021",
0,https://www.amazon.com/dp/B08WHBDV87,B08WHBDV87,The Ethics of Rapid Tissue Donation (RTD): Constructing a Formal and Substantial Informed Consent Process (The International Library of Bioethics Book 85),Chiara Mannelli,Paperback,"Feb 11, 2021",
0,https://www.amazon.com/dp/B08WH7RYRP,B08WH7RYRP,"Digital Forensics and Watermarking: 19th International Workshop, IWDW 2020, Melbourne, VIC, Australia, November 25–27, 2020, Revised Selected Papers (Lecture Notes in Computer Science Book 12617)",Xianfeng Zhao,Paperback,"Feb 11, 2021",
0,https://www.amazon.com/dp/B08XLCGBTV,B08XLCGBTV,My cow my buisness: Cow notebook. Cool idea for gift.,Thorton Wuers,Paperback,"Feb 23, 2021",
0,https://www.amazon.com/dp/B08XLCG3ZJ,B08XLCG3ZJ,"I just like Raccoons, ok?: Notebook • Format: A5 (6x9 inches) • 110 pages • Checkered • With page numbers • Diary • Notebook • Homework notebook • Original FD-DESIGN",FLOPSI Publishing,Paperback,"Feb 23, 2021",
0,https://www.amazon.com/dp/B08XLCG3ZD,B08XLCG3ZD,Raccoon Notebook: Notebook • Format: A5 (6x9 inches) • 110 pages • Dot grid • With page numbers • Diary • Notebook • Homework book • Original FD-DESIGN,FD-DESIGN Publishing,Paperback,"Feb 23, 2021",
0,https://www.amazon.com/dp/B08XLCG3YH,B08XLCG3YH,Hexagonal Notebook: Lab notebook chemistry and graphing composition notebook,Book Sence,Paperback,"Feb 23, 2021",
0,https://www.amazon.com/dp/B08XLCCYQF,B08XLCCYQF,"Graph Paper Composition Notebook, Workbook for Math, engineering and Science.: Quad Ruled (4x4)120 Pages ( 8.5 x 11 in / 21.59 x 27.94 cm).",BOOK STUDIO,Paperback,"Feb 23, 2021",
0,https://www.amazon.com/dp/B08XLCCYPL,B08XLCCYPL,Graph Paper Composition: (8.5x11) Inch Notebook With 120 Pages and Lined papers .,youssef  bakkal,Paperback,"Feb 23, 2021",
0,https://www.amazon.com/dp/B08XLCCYLP,B08XLCCYLP,Notebook: Cute and Fun Floral Notebook to write in Lined Journal,The Cute Bears,Paperback,"Feb 23, 2021",
0,https://www.amazon.com/dp/B08XLCCYHJ,B08XLCCYHJ,Notebook: Small Notebook to Take Anywhere (4x6 Inches) | Unlined Mini Notebook,Simple Publishing,Paperback,"Feb 23, 2021",
0,https://www.amazon.com/dp/B08XLCCYF1,B08XLCCYF1,"Busy Doing Nothing Panda: Perfect Panda Journal For Food & Animal Lovers, 120 Pages 6 x 9 inches Lined Journal",Beginners Publishing,Paperback,"Feb 23, 2021",
0,https://www.amazon.com/dp/B08XLCCYDT,B08XLCCYDT,"Busy Doing Nothing Panda: Perfect Panda Journal For Food & Animal Lovers, 120 Pages 6 x 9 inches Lined Journal",Beginners Publishing,Paperback,"Feb 23, 2021",
0,https://www.amazon.com/dp/B08XLCCYCX,B08XLCCYCX,Math book: Bubble fish math book graph paper 8.5x11 a4 (Mathematics notebooks),SaymenSayz Original Art,Paperback,"Feb 23, 2021",
0,https://www.amazon.com/dp/B08XLCCGXG,B08XLCCGXG,Raccoon Notebook: Notebook • Format: A5 (6x9 inches) • 110 pages • Lined • With page numbers • Diary • Notebook • Homework book • Original FD-DESIGN,FD-DESIGN Publishing,Paperback,"Feb 23, 2021",
0,https://www.amazon.com/dp/B08XLCCGXD,B08XLCCGXD,Raccoon Party: Notebook • Format: A5 (6x9 inches) • 110 pages • Lined • With page numbers • Diary • Notebook • Homework notebook • Original FD-DESIGN,FD-DESIGN Publishing,Paperback,"Feb 23, 2021",
0,https://www.amazon.com/dp/B08XLCCGX8,B08XLCCGX8,"Busy Doing Nothing Panda: Perfect Panda Journal For Food & Animal Lovers, 120 Pages 6 x 9 inches Lined Journal",Beginners Publishing,Paperback,"Feb 23, 2021",
0,https://www.amazon.com/dp/B08XLCCGWL,B08XLCCGWL,This was more than just a cow: Cow notebook. Cool idea for gift.,Thorton Wuers,Paperback,"Feb 23, 2021",
0,https://www.amazon.com/dp/B08QCWHY31,B08QCWHY31,Unity of Science (Elements in the Philosophy of Science),Tuomas E. Tahko,Paperback,"Feb 11, 2021",
0,https://www.amazon.com/dp/B08L9MF2TS,B08L9MF2TS,Downscaling Techniques for High-Resolution Climate Projections: From Global Change to Local Impacts,Rao Kotamarthi,Hardcover,"Feb 11, 2021",
0,https://www.amazon.com/dp/B0BWMMHZ35,B0BWMMHZ35,Metabotropic Glutamate Receptor Technologies (Neuromethods Book 164),M Foster Olive,Paperback,"Feb 11, 2021",Humana
0,https://www.amazon.com/dp/B0917WYCZ2,B0917WYCZ2,"Ecology, Artificial Intelligence, and Virtual Reality: Life in the Digital Dark Ages (Environment and Society)",Sing C. Chew,Hardcover,"Feb 11, 2021",Lexington Books
0,https://www.amazon.com/dp/B08ZLMN93M,B08ZLMN93M,Our Neighbourhood Houses (Children Saving our Planet Series),Carol Sutters,Paperback,"Feb 11, 2021",AuthorHouse UK
0,https://www.amazon.com/dp/B08ZLKBF66,B08ZLKBF66,The Coronavirus and Saving the Planet (Children Saving our Planet Series),Carol Sutters,Paperback,"Feb 11, 2021",AuthorHouse UK
0,https://www.amazon.com/dp/B08ZLHHL62,B08ZLHHL62,Our Neighbourhood Roads (Children Saving our Planet Series),Carol Sutters,Paperback,"Feb 11, 2021",
0,https://www.amazon.com/dp/B08WRWD5YQ,B08WRWD5YQ,Simple Atomic and Molecular Systems: New results and applications (IOP ebooks),Eugene Oks,Hardcover,"Feb 11, 2021",Institute of Physics Publishing
0,https://www.amazon.com/dp/B08WJTJW63,B08WJTJW63,Fermentation Processes: Emerging and Conventional Technologies: Application of Conventional and Emerging Technologies,Mohamed Koubaa,Hardcover,"Feb 11, 2021",
0,https://www.amazon.com/dp/B08WJRXGQ2,B08WJRXGQ2,Blueprint for a Quantum Internet: Building a Nationwide Quantum Internet,Office of Advanced Scientific Computing Research  Department of Energy,Kindle,"Feb 11, 2021",
0,https://www.amazon.com/dp/B0DR22KJW4,B0DR22KJW4,Mycology for Beginners Made Fun: A Guide to the Fantastic Fungal Kingdom,Heritage Nest Academy,Kindle,"Apr 4, 2026",
0,https://www.amazon.com/dp/B0F5HCMLGV,B0F5HCMLGV,PharmaZeta Algorithms: Computational Integration of the Riemann Zeta Function in Drug Design: Harnessing the Riemann Zeta Function with Python for Next‑Generation ... Drug Discovery (Computational Pharmacology),Emily Carter,Kindle,"Apr 17, 2025",
0,https://www.amazon.com/dp/B08XLCBMKN,B08XLCBMKN,Why cow don't understand: Cow notebook. Cool idea for gift.,Thorton Wuers,Paperback,"Feb 23, 2021",
0,https://www.amazon.com/dp/B08XLCBMHZ,B08XLCBMHZ,Only the cow knows: Cow notebook. Cool idea for gift.,Thorton Wuers,Paperback,"Feb 23, 2021",
0,https://www.amazon.com/dp/B08XLCBMHN,B08XLCBMHN,"Saint Pat-Rex: Saint Patrick's Day Dinosaur Blank Journal, 120 Pages 6 x 9 Inches Irish Dino Themed St Paddys Day Lined Notebook",Giacob Journals Publishing,Paperback,"Feb 23, 2021",
0,https://www.amazon.com/dp/B08XLCBGHQ,B08XLCBGHQ,Quantum Possibilities: Large Composition Notebook - 8.5 x 11 - 110 Pages,Volk Press,Paperback,"Feb 23, 2021",Independently published
0,https://www.amazon.com/dp/B08XLCBG8G,B08XLCBG8G,Where is the cow: Cow notebook. Cool idea for gift.,Thorton Wuers,Paperback,"Feb 23, 2021",Independently published
0,https://www.amazon.com/dp/B08XLC6CRX,B08XLC6CRX,"Space notebook: dotted notebook, Math, Art, astronomy are a high quality brand Best Gift for friend OR Blank Notebooks: Space Notebook: Dotted pages ... astrology, Splash earth Galaxy Motif Cover",CREATIVES THINK,Paperback,"Feb 23, 2021",Independently published
0,https://www.amazon.com/dp/B08XLC6CKN,B08XLC6CKN,"I just like Raccoons, ok?: Notebook • Format: A5 (6x9 inches) • 110 pages • Lined • With page numbers • Diary • Notebook • Homework notebook • Original FD-DESIGN",FD-DESIGN Publishing,Paperback,"Feb 23, 2021",Independently published
0,https://www.amazon.com/dp/B08XLC6CK6,B08XLC6CK6,Math book: Bubble fish math book graph paper 6x9 a5 (Mathematics notebooks),SaymenSayz Original Art,Paperback,"Feb 23, 2021",
0,https://www.amazon.com/dp/B08XLB3F2H,B08XLB3F2H,Notebook: Small Notebook to Take Anywhere (4x6 Inches) | Unlined Mini Notebook,Simple Publishing,Paperback,"Feb 23, 2021",Independently published
0,https://www.amazon.com/dp/B08XLB3F1G,B08XLB3F1G,We love cows: Cow notebook. Cool idea for gift.,Thorton Wuers,Paperback,"Feb 23, 2021",Independently published
0,https://www.amazon.com/dp/B08XL9RFBZ,B08XL9RFBZ,"Snake Notebook:Lined Journal, Softcover (6x9 inches) with 100 Pages: Herpetologists notebook",bio logy,Paperback,"Feb 23, 2021",
0,https://www.amazon.com/dp/B08XL9RFBJ,B08XL9RFBJ,"Snake Notebook:Lined Journal, Softcover (6x9 inches) with 100 Pages",bio logy,Paperback,"Feb 23, 2021",
0,https://www.amazon.com/dp/B08XL7PRNP,B08XL7PRNP,Notebook: Small Notebook to Take Anywhere (4x6 Inches) | Unlined Mini Notebook,Simple Publishing,Paperback,"Feb 23, 2021",
0,https://www.amazon.com/dp/B08XL7PRLH,B08XL7PRLH,"Snake Notebook:Lined Journal, Softcover (6x9 inches) with 100 Pages: Snake Notebook",bio logy,Paperback,"Feb 23, 2021",
0,https://www.amazon.com/dp/B08XL7PM81,B08XL7PM81,The Tiger Lover: For The Tiger Lovers Who Admire This Beautiful Creature,Mary Crisler,Paperback,"Feb 23, 2021",
0,https://www.amazon.com/dp/B0GSMNR1HZ,B0GSMNR1HZ,"100 Days of Timed Tests: Double-Digit Multiplication: Step-by-Step Math Drills for Grade 3, Ages 8-9 | Advanced Multiplication Practice Workbook",Daniel Bennett,Paperback,"Mar 15, 2026",
0,https://www.amazon.com/dp/B08XL6J5N4,B08XL6J5N4,Raccoon Notebook: Notebook • Format: A5 (6x9 inches) • 110 pages • Checkered • With page numbers • Diary • Notebook • Homework book • Original FD-DESIGN,FD-DESIGN Publishing,Paperback,"Feb 23, 2021",
0,https://www.amazon.com/dp/B08XL6H4MR,B08XL6H4MR,notebook: paperback,ismail boussaid,Paperback,"Feb 23, 2021",
0,https://www.amazon.com/dp/B08XKYGP9T,B08XKYGP9T,Apple cider vinegar for regulating blood sugar: Weekly blood sugar log book at Home,Ummun Press,Paperback,"Feb 23, 2021",
0,https://www.amazon.com/dp/B08XKRTB7C,B08XKRTB7C,"Snake Notebook:Lined Journal, Softcover (6x9 inches) with 100 Pages: Notebook Birthday Gift",bio logy,Paperback,"Feb 23, 2021",
0,https://www.amazon.com/dp/B08XKRTB5F,B08XKRTB5F,"i just really like Ants ok ?: Funny Journal gift, 120 pages, 6 x 9, This notebook is Perfect for ant lovers",SOUFIANE El,Paperback,"Feb 23, 2021",
0,https://www.amazon.com/dp/B08XKRTB4J,B08XKRTB4J,"Snake Notebook:Lined Journal, Softcover (6x9 inches) with 100 Pages: Snake Notebook gift",bio logy,Paperback,"Feb 23, 2021",
0,https://www.amazon.com/dp/B08XKRDB2D,B08XKRDB2D,"Snake Notebook:Lined Journal, Softcover (6x9 inches) with 100 Pages: Notebook Birthday Gift",bio logy,Paperback,"Feb 23, 2021",
0,https://www.amazon.com/dp/B08XKRD9YV,B08XKRD9YV,"Can't Mask My Love For You Administrator: Administrator Notebook Gift,Teacher Notebook-eacher Student Gift Journal Blank Lined Notebook-Students ... For administrator High School For Students",student,Paperback,"Feb 23, 2021",
0,https://www.amazon.com/dp/B08XKRD9MM,B08XKRD9MM,Justine: Bay Horse Personalised Notebook (Large) (Bay Horse Personalised Notebooks),Colormazen,Paperback,"Feb 23, 2021",
0,https://www.amazon.com/dp/B08XKRD9LZ,B08XKRD9LZ,Justine: Grey Horse Personalised Notebook (Large),Colormazen,Paperback,"Feb 23, 2021",
0,https://www.amazon.com/dp/B08XKMQX8F,B08XKMQX8F,"Composition Notebook - College Ruled, 8.5 x 11, 120 Pages Be Beautiful: Unique And Trendy Cute Llama Journal To Write In",Sassy Publishing House,Paperback,"Feb 23, 2021",
0,https://www.amazon.com/dp/B08XKMQWS3,B08XKMQWS3,Justine: Chestnut Horse Personalised Notebook (Large),Colormazen,Paperback,"Feb 23, 2021",
0,https://www.amazon.com/dp/B08XKMQWRY,B08XKMQWRY,Sudoku for Biginners: 100 Sudoku Puzzles with Solutions for Beginners,Maryana007 Print,Paperback,"Feb 23, 2021",
0,https://www.amazon.com/dp/B08XKMQWRW,B08XKMQWRW,Rosemary: Bay Horse Personalised Notebook (Large) (Bay Horse Personalised Notebooks),Colormazen,Paperback,"Feb 23, 2021",
0,https://www.amazon.com/dp/B08XKMQWRH,B08XKMQWRH,Rosemary: Grey Horse Personalised Notebook (Large) (Grey Horse Personalised Notebooks),Colormazen,Paperback,"Feb 23, 2021",
0,https://www.amazon.com/dp/B08XKMQWR4,B08XKMQWR4,Justine: Black Horse Personalised Notebook (Large) (Black Horse Personalised Notebooks),Colormazen,Paperback,"Feb 23, 2021",
0,https://www.amazon.com/dp/B08WJQHX5F,B08WJQHX5F,for the lovers of TEA: Cornelis Bontekoe 1678,Joost wj Gielen,Paperback,"Feb 11, 2021",
0,https://www.amazon.com/dp/B08WJL1K87,B08WJL1K87,Show That r=acos(t)+bsin(t) Represents a Circle,B D,Kindle,"Feb 11, 2021",
0,https://www.amazon.com/dp/B08WJKHK2H,B08WJKHK2H,"Stewart's Early Transcendentals Section 3.4 (Chain Rule) Solutions To Questions 1 to 24: From Calculus, Early Transcendentals, Section 3.4, Chain Rule ... Questions With Written and Video Answers)",P G.,Kindle,"Feb 11, 2021",
0,https://www.amazon.com/dp/B08WJ949KQ,B08WJ949KQ,Dr Abhay’s Reference MCQs Book on Influenza (Orthomyxoviridae) from Zero to Infinity : Total Number of Questions: >2000(solved) + > 9o (unsolved),Abhay Kumar  Ashok,Kindle,"Feb 11, 2021",
0,https://www.amazon.com/dp/B08WHZWB7S,B08WHZWB7S,Orthogonal Polynomials: Current Trends and Applications: Proceedings of the 7th EIBPOA Conference (SEMA SIMAI Springer Series Book 22),Francisco Marcellán,Hardcover,"Feb 11, 2021",
0,https://www.amazon.com/dp/B08WHZN3F3,B08WHZN3F3,Research and Innovation Forum 2020: Disruptive Technologies in Times of Change (Springer Proceedings in Complexity),Anna Visvizi,Paperback,"Feb 11, 2021",
0,https://www.amazon.com/dp/B08WHWBLHG,B08WHWBLHG,Gold and its Complexes in Anticancer Chemotherapy,Mohmmad Younus Wani,Paperback,"Feb 11, 2021",
0,https://www.amazon.com/dp/B08WHV7W4Q,B08WHV7W4Q,Integrated Natural Resources Management (Handbook of Environmental Engineering 20),Lawrence K. Wang,Paperback,"Feb 11, 2021",
0,https://www.amazon.com/dp/B08WHNV52M,B08WHNV52M,"A Simple Guide To Mucoviscidosis (Cystic Fibrosis), Diagnosis, Treatment And Related Conditions",Kenneth Kee,Kindle,"Feb 11, 2021",
0,https://www.amazon.com/dp/B08WHMG161,B08WHMG161,70 Chain Rule Exercises: Master Chain Rule Differentation,T O,Kindle,"Feb 11, 2021",
0,https://www.amazon.com/dp/B08WHLZG5H,B08WHLZG5H,unknown phenomena and futuristic technology: a scientific report,luo shu,Paperback,"Feb 11, 2021",
0,https://www.amazon.com/dp/B08WHGSJMY,B08WHGSJMY,Proceedings of the International Conference Industrial and Civil Construction 2021 (Lecture Notes in Civil Engineering Book 147),Sergey Vasil'yevich Klyuev,Paperback,"Feb 11, 2021",Springer
0,https://www.amazon.com/dp/B08WHFXS7T,B08WHFXS7T,The field of the universal cosmological model,Flavien Phanzu Mwaka,Paperback,"Feb 11, 2021",
0,https://www.amazon.com/dp/B08WHFW24S,B08WHFW24S,Ecology of Common Care: The Ecosocial Approach as a Theory of Social Work and Human Service (SpringerBriefs in Social Work),Wolf Rainer Wendt,Paperback,"Feb 11, 2021",
0,https://www.amazon.com/dp/B08XKMQWPB,B08XKMQWPB,Math book: Dolphin math book graph paper 8.5x11 a4 (Mathematics notebooks),SaymenSayz Original Art,Paperback,"Feb 23, 2021",
0,https://www.amazon.com/dp/B08XKHS55J,B08XKHS55J,"My Password Is The Last 8 Digits: Pi Day Gift , 6x9 Journal To Write In , 120 Pages",New Beginnings Publishing,Paperback,"Feb 23, 2021",
0,https://www.amazon.com/dp/B08XKHRZLX,B08XKHRZLX,"Snake Notebook:Lined Journal, Softcover (6x9 inches) with 100 Pages: Notebook Birthday Gift",bio logy,Paperback,"Feb 23, 2021",
0,https://www.amazon.com/dp/B08XKHRZ87,B08XKHRZ87,Sue: Personalised California Poppy Notebook (Small),Colormazen,Paperback,"Feb 23, 2021",
0,https://www.amazon.com/dp/B08XKHRZ35,B08XKHRZ35,Protect the Mountain: Protect the Mountains Simple Light 100 Pages 6 x 9 inches Mountain Lover Hiking Logbook,HighAltitude Publishing,Paperback,"Feb 23, 2021",
0,https://www.amazon.com/dp/B08XH2JPHF,B08XH2JPHF,"Draw a Bear, over 50 coloring pages, 5 species of bears.: Very detailed, high quality pictures of the wild modified for coloring book.",Omer Dahan PsyD,Paperback,"Feb 23, 2021",
0,https://www.amazon.com/dp/B08XH2JJ8R,B08XH2JJ8R,"National Parks Bucket Journal: USA National Parks Bucket Journal, Bucket List Activities Log Book, US Travel Adventure Guide Log Book & Planner.",JAZ Mine,Paperback,"Feb 23, 2021",
0,https://www.amazon.com/dp/B08XH2JJ88,B08XH2JJ88,Graph Paper Composition Student Notebook Math & Science and Chemistry Quad Ruled 5x5 Grid Paper: 5 squares per inch 100 Pages Notepad subject color cover 8.5 x 11,artesis studio,Paperback,"Feb 23, 2021",
0,https://www.amazon.com/dp/B08XH2JJ2L,B08XH2JJ2L,"Busy Doing Nothing Panda: Perfect Panda Journal For Food & Animal Lovers, 120 Pages 6 x 9 inches Lined Journal",Beginners Publishing,Paperback,"Feb 23, 2021",
0,https://www.amazon.com/dp/B08XH2JHVQ,B08XH2JHVQ,Composition Notebook: Galaxy Stars Outer Space College Ruled Journal | Home Office Diary Lined Paper,Sunrise to Sunset Publishing,Paperback,"Feb 23, 2021",
0,https://www.amazon.com/dp/B08XGTLX8W,B08XGTLX8W,Composition Notebook: Butterfly College Ruled Journal | Home Office Classroom Homeschool (Butterfly Composition Notebooks),Sunrise to Sunset Publishing,Paperback,"Feb 23, 2021",
0,https://www.amazon.com/dp/B08XGSTKDD,B08XGSTKDD,"Cacti & Succulents Planner for Tracking All Your Indoor Plant Care: A Plant Logbook to Record & Track Watering, Fertilizing, Care Tips and More To Create the Lush Indoor Oasis of Your Dreams!",Quiet Nature Press,Paperback,"Feb 23, 2021",Independently published
0,https://www.amazon.com/dp/B08XGSTJJ5,B08XGSTJJ5,Rosemary: Chestnut Horse Personalised Notebook (Large) (Chestnut Horse Personalised Notebooks),Colormazen,Paperback,"Feb 23, 2021",Independently published
0,https://www.amazon.com/dp/B08XGSTJCW,B08XGSTJCW,"Happy Mother's Day Notebook: Best Mom Ever: Blank, Lined Journal Notebook with Cute Mother Bear and Cub For Moms, Grandmas, Mothers-in-Law, Sisters, Aunts, Women Animal Lovers",Golden Publishing,Paperback,"Feb 23, 2021",
0,https://www.amazon.com/dp/B08WHFPZKF,B08WHFPZKF,What Really Happened in Genesis One: Interpretations of Creation,Tom Croley,Kindle,"Feb 11, 2021",
0,https://www.amazon.com/dp/B08WH8TNFK,B08WH8TNFK,“The Shifting Wormholes of North America”: Volume 5 1974-1977,George Mitrovic,Paperback,"Feb 11, 2021",
0,https://www.amazon.com/dp/B08WH712RH,B08WH712RH,"Food biopolymers: Structural, functional and nutraceutical properties",Adil Gani,Paperback,"Feb 11, 2021",Springer
0,https://www.amazon.com/dp/B08WH4MBCM,B08WH4MBCM,Environmental and Natural Resources Engineering (Handbook of Environmental Engineering 19),Lawrence K. Wang,Paperback,"Feb 11, 2021",
0,https://www.amazon.com/dp/B08WH4KKM4,B08WH4KKM4,The Universe: Poincaré Seminar 2015 (Progress in Mathematical Physics Book 76),Bertrand Duplantier,Paperback,"Feb 11, 2021",
0,https://www.amazon.com/dp/B08WH3WDQK,B08WH3WDQK,Full-Scale Field Tests of Different Types of Piles: Project-Based Study (Advanced Topics in Science and Technology in China Book 62),Jialin Zhou,Paperback,"Feb 11, 2021",
0,https://www.amazon.com/dp/B08TRK9349,B08TRK9349,"Echinoderm Morphological Disparity: Methods, Patterns, and Possibilities (Elements of Paleontology)",Bradley Deline,Paperback,"Feb 11, 2021",
0,https://www.amazon.com/dp/B08TRJYXXL,B08TRJYXXL,Functional Micromorphology of the Echinoderm Skeleton (Elements of Paleontology),Przemyslaw Gorzelak,Paperback,"Feb 11, 2021",Cambridge University Press
0,https://www.amazon.com/dp/B08TR7JB49,B08TR7JB49,Nuclear Power and Human Rights in Japan: The Fallout of Fukushima,Emrah Akyüz,Hardcover,"Feb 11, 2021",Lexington Books
0,https://www.amazon.com/dp/B08R98ZDV6,B08R98ZDV6,"Composite Materials: Properties, Characterisation, and Applications",Amit Sachdeva,Paperback,"Feb 11, 2021",
0,https://www.amazon.com/dp/B08PVLSH4C,B08PVLSH4C,"Law and the Kinetic Environment: Regulating Dynamic Landscapes (Space, Materiality and the Normative)",Sarah Marusek,Paperback,"Feb 11, 2021",Routledge
0,https://www.amazon.com/dp/B0F4R8FDTF,B0F4R8FDTF,Neuroscience For Beginners Made Fun: Unlock the Secrets of Your Brain,Heritage Nest Academy,Kindle,"Apr 3, 2026",
0,https://www.amazon.com/dp/B08XGSTJ9H,B08XGSTJ9H,"They Call Me π: Pi Day Gift , 6x9 Journal To Write In , 120 Pages",New Beginnings Publishing,Paperback,"Feb 23, 2021",Independently published
0,https://www.amazon.com/dp/B08XGSTJ81,B08XGSTJ81,Nags Head Beach north carolina: beach journal for writing down thoughts for anyone that loves beach vacations and surfing,positive publishing,Paperback,"Feb 23, 2021",
0,https://www.amazon.com/dp/B08XGSTJ59,B08XGSTJ59,Nags Head Beach north carolina: beach journal for writing down thoughts for anyone that loves beach vacations and surfing,positive publishing,Paperback,"Feb 23, 2021",Independently published
0,https://www.amazon.com/dp/B08XGSTJ4R,B08XGSTJ4R,"Graph Paper Composition Notbook, Workbook for Math, engineering and Science.: Quad Ruled 120 Pages ( 8.5 x 11 in / 21.59 x 27.94 cm).",Book studio,Paperback,"Feb 23, 2021",
0,https://www.amazon.com/dp/B08XG2WTNF,B08XG2WTNF,Composition Notebook: Butterfly College Ruled Journal | Home Office Classroom Homeschool (Butterfly Composition Notebooks),Sunrise to Sunset Publishing,Paperback,"Feb 23, 2021",Independently published
0,https://www.amazon.com/dp/B08XG2WDNJ,B08XG2WDNJ,Weather Watching Guru Notebook: Customized Lined Journal Gift For Somebody Who Enjoys Weather Watching,Melanie K. Longpants,Paperback,"Feb 23, 2021",
0,https://www.amazon.com/dp/B08XG2WDMC,B08XG2WDMC,"Snake Notebook:Lined Journal, Softcover (6x9 inches) with 100 Pages: Notebook gift",bio logy,Paperback,"Feb 23, 2021",
0,https://www.amazon.com/dp/B08XG2WCW1,B08XG2WCW1,"Graph Paper Composition Notbook, Workbook for Math, engineering and Science.: Quad Ruled 120 Pages ( 8.5 x 11 in / 21.59 x 27.94 cm).",Book studio,Paperback,"Feb 23, 2021",Independently published
0,https://www.amazon.com/dp/B08XFY9PVR,B08XFY9PVR,Nags Head Beach north carolina: beach journal for writing down thoughts for anyone that loves beach vacations and surfing,positive publishing,Paperback,"Feb 23, 2021",Independently published
0,https://www.amazon.com/dp/B08XFXLJ41,B08XFXLJ41,Composition Notebook: Galaxy Stars Outer Space College Ruled Journal | Home Office Diary Lined Paper,Sunrise to Sunset Publishing,Paperback,"Feb 23, 2021",Independently published
0,https://www.amazon.com/dp/B08XFXLHRB,B08XFXLHRB,French Bulldog Vs Wine Notebook: 6x9 | 100 Pages | Lined Notebook |,Norugal Schreiner,Paperback,"Feb 23, 2021",Independently published
0,https://www.amazon.com/dp/B08XFX5B8M,B08XFX5B8M,Composition Notebook: Cactus College Ruled Desert Journal Notebook,Sunrise to Sunset Publishing,Paperback,"Feb 23, 2021",
0,https://www.amazon.com/dp/B08XFVWXVH,B08XFVWXVH,I made a chemistry joke. There was no reactions. 100 pages Notebook: Organic chemisty. Hexagonal Graph Paper. 6x9 inches,Silinush Med,Paperback,"Feb 23, 2021",
0,https://www.amazon.com/dp/B08XFVWXFG,B08XFVWXFG,"4 The Love Of: Pi Day Gift , 6x9 Journal To Write In , 120 Pages",New Beginnings Publishing,Paperback,"Feb 23, 2021",Independently published
0,https://www.amazon.com/dp/B08XFSRBTP,B08XFSRBTP,Narragansett Beach rhode island: beach journal for writing down thoughts for anyone that loves beach vacations and surfing,positive publishing,Paperback,"Feb 23, 2021",Independently published
0,https://www.amazon.com/dp/B08XK2DYJ8,B08XK2DYJ8,Angus: A Is for Anole,L.E. Hinkley,Paperback,"Feb 10, 2021",
0,https://www.amazon.com/dp/B08X4Y3JW4,B08X4Y3JW4,Manifolds And Local Structures: A General Theory,Marco Grandis,Hardcover,"Feb 10, 2021",
0,https://www.amazon.com/dp/B08WHQ47RH,B08WHQ47RH,COVID-19 Pandemic Dynamics: Mathematical Simulations,Igor Nesteruk,Paperback,"Feb 10, 2021",Springer
0,https://www.amazon.com/dp/B08WHNRK44,B08WHNRK44,Brindley Out Telford Home Vol.2: Made In Smethwick Near Birmingham (British Canal Studies),Ted Hiscock,Paperback,"Feb 10, 2021",APS Books
0,https://www.amazon.com/dp/B08SNMJ3RR,B08SNMJ3RR,"Smart Agriculture: Emerging Pedagogies of Deep Learning, Machine Learning and Internet of Things",Govind Singh Patel,Paperback,"Feb 10, 2021",CRC Press
0,https://www.amazon.com/dp/B08XFSRBT9,B08XFSRBT9,"Come To The Math Side: Pi Day Gift , 6x9 Journal To Write In , 120 Pages",New Beginnings Publishing,Paperback,"Feb 23, 2021",
0,https://www.amazon.com/dp/B08XFSRBMN,B08XFSRBMN,Composition Notebook: Butterfly College Ruled Journal | Home Office Classroom Homeschool (Butterfly Composition Notebooks),Sunrise to Sunset Publishing,Paperback,"Feb 23, 2021",Independently published
0,https://www.amazon.com/dp/B08XFQXN7X,B08XFQXN7X,Composition Notebook: Mermaid Journals for Writing with Cute Mermaid and Coral Pattern for School or journaling - College Ruled,Little Gems Publishing,Paperback,"Feb 23, 2021",Independently published
0,https://www.amazon.com/dp/B08XFQ4JGT,B08XFQ4JGT,Composition Notebook: Cactus College Ruled Desert Journal Notebook,Sunrise to Sunset Publishing,Paperback,"Feb 23, 2021",Independently published
0,https://www.amazon.com/dp/B08XFP9384,B08XFP9384,My Cat's Medical Records: My Cat's Medical Records Paperback,My Cat's Records,Paperback,"Feb 23, 2021",Independently published
0,https://www.amazon.com/dp/B08XFP92TB,B08XFP92TB,Rosemary: Black Horse Personalised Notebook (Large) (Black Horse Personalised Notebooks),Colormazen,Paperback,"Feb 23, 2021",Independently published
0,https://www.amazon.com/dp/B08XFP92G3,B08XFP92G3,"Graph Paper Composition Notbook, Workbook for Math, engineering and Science.: Quad Ruled 120 Pages ( 8.5 x 11 in / 21.59 x 27.94 cm).",Book studio,Paperback,"Feb 23, 2021",Independently published
0,https://www.amazon.com/dp/B08XFP8MTQ,B08XFP8MTQ,"Family Camping Journal Log book: Camping Journal & RV Travel Logbook To Write In , Camper , Hiker Gift Ideas, Keepsake Diary. Unique Cover Design.",Grace Brown,Paperback,"Feb 23, 2021",Independently published
0,https://www.amazon.com/dp/B08XFP6BGS,B08XFP6BGS,Composition Notebook: Cute Octopus Notebook and Seaweed Pattern for Writing - College Ruled,Little Gems Publishing,Paperback,"Feb 23, 2021",Independently published
0,https://www.amazon.com/dp/B08XFP1VH6,B08XFP1VH6,Composition Notebook: Cute Hedgehog And Grass College Rule Notebook For Writing (Hedgehog Notebook) - College Ruled,Little Gems Publishing,Paperback,"Feb 23, 2021",Independently published
0,https://www.amazon.com/dp/B08XFMTMBZ,B08XFMTMBZ,"I Love It When She Bends Over: Fishing Log Book for Professional Fishermen, Fishing Journal Notebook Tracker, Perfect Gift for Fishing lovers Men and Women",fosco Sicario Log Book Publishing,Paperback,"Feb 23, 2021",Independently published
0,https://www.amazon.com/dp/B08XFMTM91,B08XFMTM91,"Snake Notebook:Lined Journal, Softcover (6x9 inches) with 100 Pages: Snake Notebook Birthday Gift",bio logy,Paperback,"Feb 23, 2021",Independently published
0,https://www.amazon.com/dp/B08XFMTLRY,B08XFMTLRY,"Graph Paper Composition Notbook, Workbook for Math, engineering and Science.: Quad Ruled 120 Pages ( 8.5 x 11 in / 21.59 x 27.94 cm).",Book studio,Paperback,"Feb 23, 2021",Independently published
0,https://www.amazon.com/dp/B08XFMTLRH,B08XFMTLRH,"Graph Paper Composition Notbook, Workbook for Math, engineering and Science.: Quad Ruled 120 Pages ( 8.5 x 11 in / 21.59 x 27.94 cm).",Book studio,Paperback,"Feb 23, 2021",Independently published
0,https://www.amazon.com/dp/B08XFMTLNV,B08XFMTLNV,Composition Notebook: Galaxy Stars Outer Space College Ruled Journal | Home Office Diary Lined Paper,Sunrise to Sunset Publishing,Paperback,"Feb 23, 2021",
0,https://www.amazon.com/dp/B08XFMDNGP,B08XFMDNGP,"Family Camping Journal Log book: Camping Journal & RV Travel Logbook To Write In , Camper , Hiker Gift Ideas, Keepsake Diary. Unique Cover Design.",Grace Brown,Paperback,"Feb 23, 2021",Independently published
0,https://www.amazon.com/dp/B08XJVTK21,B08XJVTK21,Functional Materials For Next-generation Rechargeable Batteries,Jiangfeng Ni,Hardcover,"Feb 10, 2021",World Scientific
0,https://www.amazon.com/dp/B08WHX6QLL,B08WHX6QLL,Enzymatic Plastic Degradation (Methods in Enzymology Book 648) (Volume 648),Gert Weber,Hardcover,"Feb 10, 2021",Academic Press
0,https://www.amazon.com/dp/B08WHWMSTT,B08WHWMSTT,Aquatic Physiosphere-Biosphere Dynamics and Modelling: A Reference for Studies of the Coupled System,Aike Beckmann,Paperback,"Feb 10, 2021",Springer
0,https://www.amazon.com/dp/B08WHWCBBH,B08WHWCBBH,2019-20 MATRIX Annals (MATRIX Book Series 4),Jan de Gier,Paperback,"Feb 10, 2021",Springer
0,https://www.amazon.com/dp/B08WHPYQ9C,B08WHPYQ9C,Deep Energy Retrofit—A Guide for Decision Makers (SpringerBriefs in Applied Sciences and Technology),Alexander Zhivov,Paperback,"Feb 10, 2021",Springer
0,https://www.amazon.com/dp/B08WHPP2P5,B08WHPP2P5,As it is,Hiro Hiro,Kindle,"Feb 10, 2021",
0,https://www.amazon.com/dp/B08WHKWKT3,B08WHKWKT3,George E. Andrews 80 Years of Combinatory Analysis (Trends in Mathematics),Krishnaswami Alladi,Paperback,"Feb 10, 2021",Birkhäuser
0,https://www.amazon.com/dp/B08WHGLJPR,B08WHGLJPR,Drug Discovery and Drug Development: The Indian Narrative,Madhu Dikshit,Paperback,"Feb 10, 2021",Springer
0,https://www.amazon.com/dp/B08WHGFHLT,B08WHGFHLT,Foundations of Conscious Foraging: A beginner's guide to responsible foraging,B Freund,Paperback,"Feb 10, 2021",B Freund
0,https://www.amazon.com/dp/B08WHGDVCK,B08WHGDVCK,GREEN SYNTHESIS OF TITANIA DOPED MAGNESIUM OXIDE FOR THE REMOVAL OF PHENOL FROM REFINERY WASTE WATER,FATAI A. ADERIBIGBE,Kindle,"Feb 10, 2021",
0,https://www.amazon.com/dp/B08WHF8LQC,B08WHF8LQC,Ages of Mars and Venus (AP Emotionality): QRI Resource,Aman  C. Nyota,Kindle,"Feb 10, 2021",
0,https://www.amazon.com/dp/B08WH9SY69,B08WH9SY69,The Headscarf as a Business Card: A Qualitative Case Study on Styles and Expressions of Berlin Muslim Women,Juliane Kanitz,Paperback,"Feb 10, 2021",Springer VS
0,https://www.amazon.com/dp/B08XFMDK45,B08XFMDK45,"Family Camping Journal Log book: Camping Journal & RV Travel Logbook To Write In , Camper , Hiker Gift Ideas, Keepsake Diary. Unique Cover Design.",Grace Brown,Paperback,"Feb 23, 2021",Independently published
0,https://www.amazon.com/dp/B08XFMC2JM,B08XFMC2JM,Notebook: Misty Landscape Notebook Journal,Whatmore Publishing,Paperback,"Feb 23, 2021",Independently published
0,https://www.amazon.com/dp/B08XFMC2B9,B08XFMC2B9,"Can't Stop: Pi Day Gift , 6x9 Journal To Write In , 120 Pages",New Beginnings Publishing,Paperback,"Feb 23, 2021",
0,https://www.amazon.com/dp/B08XFMC28Q,B08XFMC28Q,"Graph Paper Composition Notbook, Workbook for Math, engineering and Science.: Quad Ruled 120 Pages ( 8.5 x 11 in / 21.59 x 27.94 cm).",Book studio,Paperback,"Feb 23, 2021",
0,https://www.amazon.com/dp/B08XFMBQCR,B08XFMBQCR,"Composition Notebook: Seashell notebook. High quality Ocean, shells, mussels clams & sea life dictionary print style notebook college ruled. Shell ... (Ocean Sea life & sea creatures notebooks.)",Mad Hatter Stationeries,Paperback,"Feb 23, 2021",Independently published
0,https://www.amazon.com/dp/B08XFMBPVM,B08XFMBPVM,Are You Thirsty?: Are You Thirsty? Save the Planet Dark Journal 100 Pages 6 x 9 inches Earth Lover Lined Notebook,HighAltitude Publishing,Paperback,"Feb 23, 2021",
0,https://www.amazon.com/dp/B08XFMBPPN,B08XFMBPPN,"Graph Paper Composition Notbook, Workbook for Math, engineering and Science.: Quad Ruled 120 Pages ( 8.5 x 11 in / 21.59 x 27.94 cm).",Book studio,Paperback,"Feb 23, 2021",Independently published
0,https://www.amazon.com/dp/B08XFMBPNB,B08XFMBPNB,"Graph Paper Composition Notbook, Workbook for Math, engineering and Science.: Quad Ruled 120 Pages ( 8.5 x 11 in / 21.59 x 27.94 cm).",Book studio,Paperback,"Feb 23, 2021",Independently published
0,https://www.amazon.com/dp/B08XFMBPK7,B08XFMBPK7,Composition Notebook: Butterfly College Ruled Journal | Home Office Classroom Homeschool (Butterfly Composition Notebooks),Sunrise to Sunset Publishing,Paperback,"Feb 23, 2021",
0,https://www.amazon.com/dp/B08XFM9NJT,B08XFM9NJT,Protect the Mountains Hiking Logbook: Protect the Mountains Dark 100 Pages 6 x 9 inches Mountain Lover Hiking Logbook,HighAltitude Publishing,Paperback,"Feb 23, 2021",Independently published
0,https://www.amazon.com/dp/B08XFM7NWR,B08XFM7NWR,Protect the Mountains Hiking Logbook: Protect the Mountains Light 100 Pages 6 x 9 inches Mountain Lover Hiking Logbook,HighAltitude Publishing,Paperback,"Feb 23, 2021",
0,https://www.amazon.com/dp/B08XFL3QSP,B08XFL3QSP,French Bulldog Vs Wine Notebook: 6x9 | 100 Pages | Lined Notebook |,Norugal Schreiner,Paperback,"Feb 23, 2021",Independently published
0,https://www.amazon.com/dp/B08XFL3QB8,B08XFL3QB8,"I Might Look Like I'm Listening To You But: Pi Day Gift , 6x9 Journal To Write In , 120 Pages",New Beginnings Publishing,Paperback,"Feb 23, 2021",Independently published
0,https://www.amazon.com/dp/B08XFKHCJ6,B08XFKHCJ6,Math book: Dolphin math book graph paper 6x9 a5 (Mathematics notebooks),SaymenSayz Original Art,Paperback,"Feb 23, 2021",Independently published
0,https://www.amazon.com/dp/B08XFJ8XH7,B08XFJ8XH7,"Notebook Journal: Composition Book, Journal (6x9inches,100 white pages, college ruled) Seaside Photography Design",PCS Systems Group,Paperback,"Feb 23, 2021",Independently published
0,https://www.amazon.com/dp/B08WH7VLRJ,B08WH7VLRJ,Advances in Critical Flow Dynamics Involving Moving/Deformable Structures with Design Applications: Proceedings of the IUTAM Symposium on Critical Flow ... and Multidisciplinary Design Book 147),Marianna Braza,Paperback,"Feb 10, 2021",Springer
0,https://www.amazon.com/dp/B08WFYLTZQ,B08WFYLTZQ,Email: You've Got (Too Much) Mail! 38 Do's and Don'ts to Tame Your Inbox,"A. Baird, Chris",Paperback,"Feb 10, 2021",Urgesta AS
0,https://www.amazon.com/dp/B08WCJH5KX,B08WCJH5KX,Mechanisms and Therapy of Liver Cancer (Advances in Cancer Research Book 149) (Volume 149),Paul B. Fisher,Hardcover,"Feb 10, 2021",Academic Press
0,https://www.amazon.com/dp/B08XFJ55XX,B08XFJ55XX,"Sketchbook: Large Sketch Notebook with High Quality Pages, 8.5''x11''",Solomon Academy,Paperback,"Feb 23, 2021",Independently published
0,https://www.amazon.com/dp/B08XFFPFZC,B08XFFPFZC,My First Sketchbook Draw and Fun Cosmic Space: Blank Notebook for Drawing and Painting,Dreamy Drawing,Paperback,"Feb 23, 2021",
0,https://www.amazon.com/dp/B08XFFPFLX,B08XFFPFLX,Protect the Mountains: Protect the Mountains Simpe Dark 100 Pages 6 x 9 inches Mountain Lover Hiking Logbook,HighAltitude Publishing,Paperback,"Feb 23, 2021",Independently published
0,https://www.amazon.com/dp/B08XFFPFJJ,B08XFFPFJJ,Nags Head Beach north carolina: beach journal for writing down thoughts for anyone that loves beach vacations and surfing,positive publishing,Paperback,"Feb 23, 2021",Independently published
0,https://www.amazon.com/dp/B08XFFPFDR,B08XFFPFDR,Nags Head Beach north carolina: beach journal for writing down thoughts for anyone that loves beach vacations and surfing,positive publishing,Paperback,"Feb 23, 2021",Independently published
0,https://www.amazon.com/dp/B08XFFPFDJ,B08XFFPFDJ,Nags Head Beach north carolina: beach journal for writing down thoughts for anyone that loves beach vacations and surfing,positive publishing,Paperback,"Feb 23, 2021",
0,https://www.amazon.com/dp/B08XFFFXKT,B08XFFFXKT,Composition Notebook: Cactus College Ruled Desert Journal Notebook,Sunrise to Sunset Publishing,Paperback,"Feb 23, 2021",
0,https://www.amazon.com/dp/B08XFFFXJ5,B08XFFFXJ5,"Family Camping Journal Log book: Camping Journal & RV Travel Logbook To Write In , Camper , Hiker Gift Ideas, Keepsake Diary. Unique Cover Design.",Grace Brown,Paperback,"Feb 23, 2021",Independently published
0,https://www.amazon.com/dp/B08XCK5FTN,B08XCK5FTN,Outside Sudoku Level 4: Hard Vol. 24: Play Outside Sudoku 9x9 Nine Grid With Solutions Hard Level Volumes 1-40 Sudoku Cross Sums Variation Travel ... Mathematics Challenge All Ages Kids to Adults,Sophia Numerik,Paperback,"Feb 23, 2021",Independently published
0,https://www.amazon.com/dp/B08XCK5FTL,B08XCK5FTL,"Sudoku 500 Puzzle Book for Adults: 500 puzzles - 4 levels, Easy, Intermediate, Hard & INSANE!",Captain Peter Books,Paperback,"Feb 23, 2021",Independently published
0,https://www.amazon.com/dp/B08X7XKDG8,B08X7XKDG8,"Happy Earth Day: Activity book, Cut and Paste Workbook for Preschool, Scissors Skill and Coloring Book for kids",yanis hchoma Publishing,Paperback,"Feb 23, 2021",Independently published
0,https://www.amazon.com/dp/B08X6KNG7C,B08X6KNG7C,Snake Coloring Book For Kids: 50 Creative And Unique Drawings With Quotes On Every Other Page To Color In - Snake Coloring Book For Kids And Toddlers ... Relax ) Cute And Scary Snake Coloring Pages,To The Color,Paperback,"Feb 23, 2021",Independently published
0,https://www.amazon.com/dp/B08X6DX9MK,B08X6DX9MK,A Wonderful Winter of Kakuro 14 x 14 Round 4: Hard Volume 4: Play Kakuro Japanese Puzzle Game Book Numbers Mathematical Cross Sums Addition Based ... Kids to Adults Beginner Hard Level Christmas,Stella Zahlenspiel,Paperback,"Feb 23, 2021",Independently published
0,https://www.amazon.com/dp/B08X6DX8JH,B08X6DX8JH,"Earth Day: Scissors Skill and Coloring Book for kids, Cut and Paste Workbook for Preschool, Activity book",hatina gh0a Publishing,Paperback,"Feb 23, 2021",
0,https://www.amazon.com/dp/B08X6DRQWC,B08X6DRQWC,God's Icebox: Stories From The True South - Deluxe Edition With Color Photos,Steven H Gardner,Paperback,"Feb 23, 2021",Independently published
0,https://www.amazon.com/dp/B08X6CFR1P,B08X6CFR1P,A “SIMPLY SCIENTIFIC” APRIL: An unfortunate reputation for unreliability,Gary McCallister,Paperback,"Feb 23, 2021",Independently published
0,https://www.amazon.com/dp/B08X6CFPY9,B08X6CFPY9,Caticorn Coloring Book For Kids: Adorable Animal Coloring Cat Books For Kids 6-8 Who Loved Unicorn Caticorn And Magic,Caticorn funn Publishing,Paperback,"Feb 23, 2021",
0,https://www.amazon.com/dp/B08X6CFPXK,B08X6CFPXK,"Caticorn Coloring Book For Kids Ages 4-8: Fun, Cute and Magical Unicorn Cat Coloring Pages For Kids a Great Coloring Books for Girls ages 6-8",Caticorn funn Publishing,Paperback,"Feb 23, 2021",Independently published
0,https://www.amazon.com/dp/B08X6CFN5X,B08X6CFN5X,Snake Coloring Book For Kids: 50 Creative And Unique Drawings With Quotes On Every Other Page To Color In - Snake Coloring Book For Kids And Toddlers ... Relax ) Cute And Scary Snake Coloring Pages,To The Color,Paperback,"Feb 23, 2021",Independently published
0,https://www.amazon.com/dp/B08X69SMC4,B08X69SMC4,Houseplants For You: Indoor Plants Coloring Book For Adults Succulents Love & Care Plant Jungle,Camila Johnson,Paperback,"Feb 23, 2021",Independently published
0,https://www.amazon.com/dp/B08X69SK2M,B08X69SK2M,Snake Coloring Book For Kids: 50 Creative And Unique Drawings With Quotes On Every Other Page To Color In - Snake Coloring Book For Kids And Toddlers ... Relax ) Cute And Scary Snake Coloring Pages,To The Color,Paperback,"Feb 23, 2021",Independently published
0,https://www.amazon.com/dp/B08X65PM1F,B08X65PM1F,God's Icebox: Stories From The True South,Steven H Gardner,Paperback,"Feb 23, 2021",
0,https://www.amazon.com/dp/B08X65PJ16,B08X65PJ16,Snake Coloring Book For Kids: 50 Creative And Unique Drawings With Quotes On Every Other Page To Color In - Snake Coloring Book For Kids And Toddlers ... Relax ) Cute And Scary Snake Coloring Pages,To The Color,Paperback,"Feb 23, 2021",
0,https://www.amazon.com/dp/B08X65NNNF,B08X65NNNF,Dinosaurs Dot To Dot Coloring Book for Kids: My First Dot to Dot Coloring Book | Connect the Dots for Kids | Coloring Book Dinosaurs | Fun for Kids | Dinosaurs Gifts for Kids,Gold Artist,Paperback,"Feb 23, 2021",
0,https://www.amazon.com/dp/B08X65NLKR,B08X65NLKR,Snake Coloring Book For Kids: 50 Creative And Unique Drawings With Quotes On Every Other Page To Color In - Snake Coloring Book For Kids And Toddlers ... Relax ) Cute And Scary Snake Coloring Pages,To The Color,Paperback,"Feb 23, 2021",Independently published
0,https://www.amazon.com/dp/B08X65NL2N,B08X65NL2N,Snake Coloring Book For Kids: 50 Creative And Unique Drawings With Quotes On Every Other Page To Color In - Snake Coloring Book For Kids And Toddlers ... Relax ) Cute And Scary Snake Coloring Pages,To The Color,Paperback,"Feb 23, 2021",
0,https://www.amazon.com/dp/B08WC243XV,B08WC243XV,Risk Management for Pension Funds: A Continuous Time Approach with Applications in R (EURO Advanced Tutorials on Operational Research),Francesco Menoncin,Paperback,"Feb 9, 2021",
0,https://www.amazon.com/dp/B0893ZSSQ9,B0893ZSSQ9,"Email and the Everyday: Stories of Disclosure, Trust, and Digital Labor",Esther Milne,Paperback,"Feb 9, 2021",The MIT Press
0,https://www.amazon.com/dp/B0913JFK4D,B0913JFK4D,Salt in Eastern North America and the Caribbean: History and Archaeology (Archaeology of Food),Ashley A. Dumas,Hardcover,"Feb 9, 2021",University Alabama Press
0,https://www.amazon.com/dp/B08X63FL18,B08X63FL18,"Happy Earth Day: Scissors Skill and Coloring Book for kids, Cut and Paste Workbook for Preschool, Activity book",chargeur wrams Publishing,Paperback,"Feb 23, 2021",
0,https://www.amazon.com/dp/B08X63FJMY,B08X63FJMY,Snake Coloring Book For Kids: 50 Creative And Unique Drawings With Quotes On Every Other Page To Color In - Snake Coloring Book For Kids And Toddlers ... Relax ) Cute And Scary Snake Coloring Pages,To The Color,Paperback,"Feb 23, 2021",
0,https://www.amazon.com/dp/B08X63FJ7P,B08X63FJ7P,Snake Coloring Book For Kids: 50 Creative And Unique Drawings With Quotes On Every Other Page To Color In - Snake Coloring Book For Kids And Toddlers ... Relax ) Cute And Scary Snake Coloring Pages,To The Color,Paperback,"Feb 23, 2021",
0,https://www.amazon.com/dp/B08X63F1V2,B08X63F1V2,A Wonderful Winter of Kakuro 14 x 14 Round 4: Hard Volume 5: Play Kakuro Japanese Puzzle Game Book Numbers Mathematical Cross Sums Addition Based ... Kids to Adults Beginner Hard Level Christmas,Stella Zahlenspiel,Paperback,"Feb 23, 2021",Independently published
0,https://www.amazon.com/dp/B08X63F19H,B08X63F19H,"Flowers Coloring Book for Adults and Seniors: Beautiful Flower Designs for Stress Relief, Relaxation, and Creativity and Good Vibes",Feneack Ghan,Paperback,"Feb 23, 2021",
0,https://www.amazon.com/dp/B08X623ZD6,B08X623ZD6,Snake Coloring Book For Kids: 50 Creative And Unique Drawings With Quotes On Every Other Page To Color In - Snake Coloring Book For Kids And Toddlers ... Relax ) Cute And Scary Snake Coloring Pages,To The Color,Paperback,"Feb 23, 2021",
0,https://www.amazon.com/dp/B08X623YTM,B08X623YTM,Snake Coloring Book For Kids: 50 Creative And Unique Drawings With Quotes On Every Other Page To Color In - Snake Coloring Book For Kids And Toddlers ... Relax ) Cute And Scary Snake Coloring Pages,To The Color,Paperback,"Feb 23, 2021",Independently published
0,https://www.amazon.com/dp/B08X5ZFKT6,B08X5ZFKT6,Snake Coloring Book For Kids: 50 Creative And Unique Drawings With Quotes On Every Other Page To Color In - Snake Coloring Book For Kids And Toddlers ... Relax ) Cute And Scary Snake Coloring Pages,To The Color,Paperback,"Feb 23, 2021",Independently published
0,https://www.amazon.com/dp/B08X5ZC57G,B08X5ZC57G,Snake Coloring Book For Kids: 50 Creative And Unique Drawings With Quotes On Every Other Page To Color In - Snake Coloring Book For Kids And Toddlers ... Relax ) Cute And Scary Snake Coloring Pages,To The Color,Paperback,"Feb 23, 2021",
0,https://www.amazon.com/dp/B08X5ZC57D,B08X5ZC57D,Snake Coloring Book For Kids: 50 Creative And Unique Drawings With Quotes On Every Other Page To Color In - Snake Coloring Book For Kids And Toddlers ... Relax ) Cute And Scary Snake Coloring Pages,To The Color,Paperback,"Feb 23, 2021",
0,https://www.amazon.com/dp/B08X5ZC571,B08X5ZC571,Snake Coloring Book For Kids: 50 Creative And Unique Drawings With Quotes On Every Other Page To Color In - Snake Coloring Book For Kids And Toddlers ... Relax ) Cute And Scary Snake Coloring Pages,To The Color,Paperback,"Feb 23, 2021",Independently published
0,https://www.amazon.com/dp/B08X5WCWDH,B08X5WCWDH,"Happy Earth Day: Coloring Book for kids, Scissors Skill Activity book, Cut and Paste Workbook for Preschool",saokoba7A Publishing,Paperback,"Feb 23, 2021",
0,https://www.amazon.com/dp/B08X5WCT11,B08X5WCT11,Snake Coloring Book For Kids: 50 Creative And Unique Drawings With Quotes On Every Other Page To Color In - Snake Coloring Book For Kids And Toddlers ... Relax ) Cute And Scary Snake Coloring Pages,To The Color,Paperback,"Feb 23, 2021",
0,https://www.amazon.com/dp/B08X6CFN5W,B08X6CFN5W,"Hard to Extreme Sudoku - 300 Challenging Puzzles - Volume 3: Hard, Very Hard and Extremely Hard Puzzles for Advanced Players and Experts",BrainWhale,Paperback,"Feb 22, 2021",
0,https://www.amazon.com/dp/B08W9KSXKD,B08W9KSXKD,Nonlinear Ocean Dynamics: Synthetic Aperture Radar,Maged Marghany,Kindle,"Feb 9, 2021",Elsevier
0,https://www.amazon.com/dp/B08XJSCY5Q,B08XJSCY5Q,"Advent Of Relativity, The",Voldemar Smilga,Hardcover,"Feb 9, 2021",World Scientific
0,https://www.amazon.com/dp/B08WJ43HCS,B08WJ43HCS,"Macromolecular Engineering: Design, Synthesis and Application of Polymers",Alex Lubnin,Paperback,"Feb 9, 2021",
0,https://www.amazon.com/dp/B08WCRQGJZ,B08WCRQGJZ,Complex Analysis (Hindustan Publishing Corporation),Andrei Bourchtein,Paperback,"Feb 9, 2021",Springer
0,https://www.amazon.com/dp/B08WC81JN4,B08WC81JN4,The Zeroth Book of Graph Theory: An Annotated Translation of Les Réseaux (ou Graphes)—André Sainte-Laguë (1926) (Lecture Notes in Mathematics 2261),Martin Charles Golumbic,Paperback,"Feb 9, 2021",Springer
0,https://www.amazon.com/dp/B08MBFTWFC,B08MBFTWFC,Hindu Javanese: Tengger Tradition and Islam,Robert W. Hefner,Paperback,"Feb 13, 1990",Princeton University Press
0,https://www.amazon.com/dp/B08X6DXRQL,B08X6DXRQL,To Do List: - Buy Plants - Dream About Plants - Talk About Plants - Buy More Plants: Plant Lover Notebook With Funny Quote For Crazy Plant Lady Or Plant Addict,Plant Lady Publishing,Paperback,"Feb 22, 2021",
0,https://www.amazon.com/dp/B08X5ZFLBX,B08X5ZFLBX,Calcudoku Puzzle Book: 200 Medium to Very Hard (9x9) Puzzles (Adult Brain Games Series),Dr. Khalid Alzamili,Paperback,"Feb 22, 2021",
0,https://www.amazon.com/dp/B08WZH8PK8,B08WZH8PK8,Quasi-Dimensionality: An Accidental Blueprint of the Infinite Improbability Field,Mykel Alexander Waggoner,Paperback,"Feb 22, 2021",Independently published
0,https://www.amazon.com/dp/B0FGVPY7R3,B0FGVPY7R3,Nevada Beach nevada: beach journal for writing down thoughts for anyone that loves beach vacations and surfing,positive publishing,Paperback,"Feb 22, 2021",
0,https://www.amazon.com/dp/B0FGVMV9N5,B0FGVMV9N5,Nags Head Beach north carolina: beach journal for writing down thoughts for anyone that loves beach vacations and surfing,positive publishing,Paperback,"Feb 22, 2021",
0,https://www.amazon.com/dp/B08XXMW6ZC,B08XXMW6ZC,NOTEBOOK: cactus composition notebook with lines for women or girls,Chotiwat Ohm,Paperback,"Feb 22, 2021",Independently published
0,https://www.amazon.com/dp/B08XLNTDK3,B08XLNTDK3,I Love flowers/ Lined Notebook,Ceteras Bogdan,Paperback,"Feb 22, 2021",Independently published
0,https://www.amazon.com/dp/B08XL6J6C4,B08XL6J6C4,"Dinosaurs Coloring Book for Kids Ages 4-8: Great Gift for Boys & Girls, Ages 4-8 ,Big Dinosaur Coloring Book with 55 Unique Illustrations Including ... Triceratops, Stegosaurus, and More",Faycal Designs,Paperback,"Feb 22, 2021",Independently published
0,https://www.amazon.com/dp/B08XH2JQNS,B08XH2JQNS,"DINOSAUR COLORING BOOK FOR KIDS AGES 4-8: Dinosaur Coloring Book: For kids ages 4-8, 60 epic coloring pages of realistic dinosaurs, prehistoric scenes and cool graphics",Serena Publisher,Paperback,"Feb 22, 2021",Independently published
0,https://www.amazon.com/dp/B08XGTNCF5,B08XGTNCF5,"I Love Colorado Coloring & Activity Book: Nature, wildlife, historic, outdoor and sight seeing coloring and activity sheets for fun and relaxation",Kyle Evans,Paperback,"Feb 22, 2021",
0,https://www.amazon.com/dp/B08XGTNCF4,B08XGTNCF4,Composition Notebook: Daily lined notebook/ Beautiful Nature Cover / For Kids and Teens Who Love Nature,Adventures With Nature,Paperback,"Feb 22, 2021",Independently published
0,https://www.amazon.com/dp/B08XGTNBVG,B08XGTNBVG,Protect the Mountains: Protect the Mountains Light Journal 100 Pages 6 x 9 inches Mountain Lover Lined Notebook,HighAltitude Publishing,Paperback,"Feb 22, 2021",Independently published
0,https://www.amazon.com/dp/B08XGTLWWK,B08XGTLWWK,Protect the Mountains: Protect the Mountains Dark Blue Journal 100 Pages 6 x 9 inches Mountain Lover Lined Notebook,HighAltitude Publishing,Paperback,"Feb 22, 2021",Independently published
0,https://www.amazon.com/dp/B0GWV6NYX5,B0GWV6NYX5,Advanced Mathematics for Ages 2-8: Meet Fractal: A Story of Patterns in Nature,Holly Lonsdale,Paperback,"Apr 10, 2026",Independently published
0,https://www.amazon.com/dp/B08Y8ZKC4P,B08Y8ZKC4P,Copositive And Completely Positive Matrices,Naomi Shaked-monderer,Hardcover,"Feb 9, 2021",World Scientific
0,https://www.amazon.com/dp/B08WZ43SLT,B08WZ43SLT,Action Gravity: The True Cause of Gravity Revealed,Jeff Lee,Paperback,"Feb 9, 2021",Archway Publishing
0,https://www.amazon.com/dp/B08WYMN8B4,B08WYMN8B4,Monster Fruit Trees: Comic,Ruby Burchette,Paperback,"Feb 9, 2021",AuthorHouse
0,https://www.amazon.com/dp/B08WK93HPL,B08WK93HPL,Biotechnology and its Applications: Using Cells to Change the World,W.T. Godbey,Paperback,"Feb 9, 2021",Academic Press
0,https://www.amazon.com/dp/B08WHV8SV8,B08WHV8SV8,Structural Mechanics with a Pen: A Guide to Solve Finite Difference Problems,Andreas Öchsner,Paperback,"Feb 9, 2021",Springer
0,https://www.amazon.com/dp/B08WH7TM77,B08WH7TM77,"Nuclear Decommissioning Case Studies: Volume One - Accidental Impacts on Workers, the Environment and Society",Michele Laraia,Kindle,"Feb 9, 2021",Academic Press
0,https://www.amazon.com/dp/B08WGNN1DM,B08WGNN1DM,Meet the Cat Family!: Asia's Small Wild Cats,B. J. Deming,Paperback,"Feb 9, 2021",
0,https://www.amazon.com/dp/B08WGC21DB,B08WGC21DB,Practical Atomic Model,David Michalets,Paperback,"Feb 9, 2021",
0,https://www.amazon.com/dp/B08WFSJKYJ,B08WFSJKYJ,Unbreakable Encryption,Rosemary Price,Kindle,"Feb 9, 2021",
0,https://www.amazon.com/dp/B08WF9JRCX,B08WF9JRCX,Lifespan Breakthrough: Aging Backwards - The Real Science Behind This Longevity Paradox,Mike KL,Kindle,"Feb 9, 2021",
0,https://www.amazon.com/dp/B08WCYK7TG,B08WCYK7TG,Arithmetic,Félix González,Kindle,"Feb 9, 2021",
0,https://www.amazon.com/dp/B08WCWL1SY,B08WCWL1SY,Tumor Microenvironment: The Role of Interleukins – Part B (Advances in Experimental Medicine and Biology Book 1290),Alexander Birbrair,Paperback,"Feb 9, 2021",Springer
0,https://www.amazon.com/dp/B0D18BF8N6,B0D18BF8N6,A Roadmap to Climate Recovery: Part 1 : Benefits of the First Calibration,Alan Watson,Kindle,"Apr 8, 2024",W5 Writings Ltd
0,https://www.amazon.com/dp/B08XGSTJZX,B08XGSTJZX,"Amazing Animals Adult Coloring Book Stress Relieving Mandala Animal Designs: Mandala Coloring Book for Adults, Stress Relief, FunnuyAnimal Mandalas ( ... Book for men,for women and Beginners",Mandalas Emotions,Paperback,"Feb 22, 2021",Independently published
0,https://www.amazon.com/dp/B08XFQXMBX,B08XFQXMBX,"Math Notebook: Squares Lined Graph Paper Composition Notebook 120 Page , Size 6x9 Green Cover",Sirichai Chaipadtum,Paperback,"Feb 22, 2021",Independently published
0,https://www.amazon.com/dp/B08XFP939Z,B08XFP939Z,Composition Notebook: Galaxy Stars Outer Space College Ruled Journal | Home Office Diary Lined Paper,Sunrise to Sunset Publishing,Paperback,"Feb 22, 2021",Independently published
0,https://www.amazon.com/dp/B08XFP6B7F,B08XFP6B7F,"Pantry Inventory List: Log Book, Planner, Record And Track Food Inventory, Checklist Kitchen Stock, Supply for Freezer, Refrigerator (Pantry Inventory Log)",Toby Blunder,Paperback,"Feb 22, 2021",Independently published
0,https://www.amazon.com/dp/B08XFP2RMX,B08XFP2RMX,Protect the Mountains: Protect the Mountains Retro Colors Journal 100 Pages 6 x 9 inches Mountain Lover Lined Notebook,HighAltitude Publishing,Paperback,"Feb 22, 2021",Independently published
0,https://www.amazon.com/dp/B08XFP2QYZ,B08XFP2QYZ,"I have visited all patches of Earth, except for Mars, and will be going there in 2021 Note Book: Lined notebook, White, Size (6×9)inches, 118 Pages.",youssef bakkal,Paperback,"Feb 22, 2021",Independently published
0,https://www.amazon.com/dp/B08XFMDN9R,B08XFMDN9R,"Amazing Animals Adult Coloring Book Stress Relieving Mandala Animal Designs: Mandala Coloring Book for Adults, Stress Relief, FunnuyAnimal Mandalas ( ... Book for men,for women and Beginners",Mandalas Emotions,Paperback,"Feb 22, 2021",Independently published
0,https://www.amazon.com/dp/B08XFMDMW4,B08XFMDMW4,"Hexagonal Graph Paper Notebook 1/4 and 1/2 inch hexagons: Organic Chemistry and Biochemistry Workbook, with table of content and numbered pages.",Carla Reineman,Paperback,"Feb 22, 2021",Independently published
0,https://www.amazon.com/dp/B08XFMDMLG,B08XFMDMLG,Evolution goes on: Keep track of your clients' data and appointment meetings,Paper World,Paperback,"Feb 22, 2021",Independently published
0,https://www.amazon.com/dp/B08XFM9NBW,B08XFM9NBW,Protect the Mountains: Protect the Mountains Colorful Journal 100 Pages 6 x 9 inches Mountain Lover Lined Notebook,HighAltitude Publishing,Paperback,"Feb 22, 2021",
0,https://www.amazon.com/dp/B08XFM9MYQ,B08XFM9MYQ,notebook 120 pages 6x9: paperback lined pages,ismail boussaid,Paperback,"Feb 22, 2021",Independently published
0,https://www.amazon.com/dp/B08XFM7N7G,B08XFM7N7G,Protect the Mountains: Protect the Mountains Blue Journal 100 Pages 6 x 9 inches Mountain Lover Lined Notebook,HighAltitude Publishing,Paperback,"Feb 22, 2021",Independently published
0,https://www.amazon.com/dp/B08XFK9V6K,B08XFK9V6K,Notebook: Simple Smart Design Baby It's Cold Outside 120 Pages Unlined Notebook and Journal,Simple Smart Design,Paperback,"Feb 22, 2021",Independently published
0,https://www.amazon.com/dp/B08XFJ77Y1,B08XFJ77Y1,"The Bird Watcher's Journal: Compact sized 6x9 inches great gift for bird watchers, bird lovers all seasons",Dianne Terry,Paperback,"Feb 22, 2021",Independently published
0,https://www.amazon.com/dp/B08WCQ6KY8,B08WCQ6KY8,"Mathematics, Logic, and their Philosophies: Essays in Honour of Mohammad Ardeshir (Logic, Epistemology, and the Unity of Science Book 49)",Mojtaba Mojtahedi,Paperback,"Feb 9, 2021",Springer
0,https://www.amazon.com/dp/B08WCNXYSX,B08WCNXYSX,"The RTS Interviews Volume 3: Perspective On God, Sacred Scripture, And Life After Death",Leon James,Paperback,"Feb 9, 2021",Regeneration Media Kailua
0,https://www.amazon.com/dp/B08WCK345H,B08WCK345H,Coalbed Methane in China: Geological Theory and Development,Yan Song,Paperback,"Feb 9, 2021",Springer
0,https://www.amazon.com/dp/B08WCH3Q8T,B08WCH3Q8T,"Databases Theory and Applications: 32nd Australasian Database Conference, ADC 2021, Dunedin, New Zealand, January 29 – February 5, 2021, Proceedings (Lecture Notes in Computer Science Book 12610)",Miao Qiao,Paperback,"February 5, 2021",Springer
0,https://www.amazon.com/dp/B08WCFCZHH,B08WCFCZHH,BIPARYAYASACHETANATA,Sukanta Kishor Mohanty,Kindle,"Feb 9, 2021",
0,https://www.amazon.com/dp/B08WCCVW9F,B08WCCVW9F,Easy Data Analysis: Qualitative Analysis Project : A flowchart for organising and carrying out your project with explanation,A J Brimicombe,Kindle,"Feb 9, 2021",Terra Cognita Ltd
0,https://www.amazon.com/dp/B08WC61G9B,B08WC61G9B,Quantitative Physiology: Systems Approach,Shangbin Chen,Paperback,"Feb 9, 2021",Springer
0,https://www.amazon.com/dp/B08WC5LVBR,B08WC5LVBR,"Advances and Challenges in Pharmaceutical Technology: Materials, Process Development and Drug Delivery Strategies",Amit Kumar Nayak PhD,Paperback,"Feb 9, 2021",Academic Press
0,https://www.amazon.com/dp/B08WC5KH76,B08WC5KH76,What is Earth? Hindi: A Flat Earth Book,AbdulAziz AlNazari,Kindle,"Feb 9, 2021",
0,https://www.amazon.com/dp/B08WC4G2ZC,B08WC4G2ZC,The Comet of 1861,Robert McCrea,Kindle,"Feb 9, 2021",Defenestration Press
0,https://www.amazon.com/dp/B08WBYSMQQ,B08WBYSMQQ,Phasors for Measurement and Control (Power Systems),Gerard Ledwich,Paperback,"Feb 9, 2021",Springer
0,https://www.amazon.com/dp/B08WBVX63S,B08WBVX63S,Complexity and Complex Chemo-Electric Systems,Stanislaw Sieniutycz,Paperback,"Feb 9, 2021",Elsevier
0,https://www.amazon.com/dp/B08W8L2HK2,B08W8L2HK2,Paradox of the invariance of the speed of light,Philippe de Bellescize,Paperback,"Feb 9, 2021",Les Editions Chapitre.com
0,https://www.amazon.com/dp/B08XFJ77BN,B08XFJ77BN,Ladybug Notebook: Composition Notebook for animal lovers,Bewitching Animal,Paperback,"Feb 22, 2021",Independently published
0,https://www.amazon.com/dp/B08XFJ55R1,B08XFJ55R1,"Planner: Planner 2021-2022: 1-Year Planner: 12 Month Calendar , Phone Book, Notes, Diary, and Organizer, With Flowers Cover Design",Raid Books,Paperback,"Feb 22, 2021",Independently published
0,https://www.amazon.com/dp/B08XFJ5551,B08XFJ5551,Protect the Mountains: Protect the Mountains Light Blue Journal 100 Pages 6 x 9 inches Mountain Lover Lined Notebook,HighAltitude Publishing,Paperback,"Feb 22, 2021",
0,https://www.amazon.com/dp/B08XFJ2M27,B08XFJ2M27,"Hexagonal Graph Paper Notebook 1/2 inch hexagons: Organic Chemistry and Biochemistry Workbook, with table of content and numbered pages.",Carla Reineman,Paperback,"Feb 22, 2021",
0,https://www.amazon.com/dp/B08XFJ2LY9,B08XFJ2LY9,"Bird Watching Journal: Compact sized 6x9 inches great gift for bird watchers, bird lovers all seasons",Dianne Terry,Paperback,"Feb 22, 2021",Independently published
0,https://www.amazon.com/dp/B08XFFFXDH,B08XFFFXDH,"Graph Paper Composition Notbook, Workbook for Math, engineering and Science.: Quad Ruled 120 Pages ( 8.5 x 11 in / 21.59 x 27.94 cm).",Book studio,Paperback,"Feb 22, 2021",Independently published
0,https://www.amazon.com/dp/B08XFFFX1F,B08XFFFX1F,Math book note,Wojciech Dejk,Paperback,"Feb 22, 2021",Independently published
0,https://www.amazon.com/dp/B08XFFFWXD,B08XFFFWXD,"Graph Paper Notebook: Blank Quad Ruled Cream Graph Paper for Role Playing Games. Quadrille paper for campaigns, drawing maps, spells, designing ... Paper Journal - 120 Quad Ruled 4x4 Pages",Rhyanon Pascheine Griffin,Paperback,"Feb 22, 2021",Independently published
0,https://www.amazon.com/dp/B08XFFFWV7,B08XFFFWV7,"Primary Composition Notebook: Dinosaur Primary Composition Notebook with picture space , top half blank ,Handwriting Practice Paper, blue Composition Notebook for boys ,120 pages",naima loub,Paperback,"Feb 22, 2021",
0,https://www.amazon.com/dp/B08XCZWLQ6,B08XCZWLQ6,"Anywhere But Here: 6x9 Journal for Writing about leaving earth behind for mars. An ideal Diary, Notebook for school, college work revision and note taking. (Gift / present for Space Traveler)",ND Publishing,Paperback,"Feb 22, 2021",Independently published
0,https://www.amazon.com/dp/B08XCPRNHM,B08XCPRNHM,"10 mm Square Exercise Book A4: 10 mm (1 cm) Squared Quad Ruled Grid Paper Notebook for Mathematics (Math), Science, Graph, Writing Pad 200 Pages A4. grid paper notebook. Red Cover",Leslie Paul,Paperback,"Feb 22, 2021",Independently published
0,https://www.amazon.com/dp/B08XCN96WS,B08XCN96WS,"10 mm Square Exercise Book: 200 Pages A4 10 mm (1 cm) Squared Quad Ruled Grid Paper Notebook for Mathematics (Math), Science, Graph, Writing Pad . grid paper notebook.Blue green Cover",Leslie Paul,Paperback,"Feb 22, 2021",Independently published
0,https://www.amazon.com/dp/B08XCL4RB8,B08XCL4RB8,Notebook: Inspirational Mountain Notebook / Journal,Whatmore Publishing,Paperback,"Feb 22, 2021",Independently published
0,https://www.amazon.com/dp/B08XCL4QWJ,B08XCL4QWJ,Nevada Beach nevada: beach journal for writing down thoughts for anyone that loves beach vacations and surfing,positive publishing,Paperback,"Feb 22, 2021",Independently published
0,https://www.amazon.com/dp/B08SR2G6F7,B08SR2G6F7,A Monograph of the genus Microtoena (Lamiaceae) (Current natural sciences),Qiang WANG,Paperback,"Feb 9, 2021",EDP Sciences
0,https://www.amazon.com/dp/B08SQTBMPM,B08SQTBMPM,Phytohortology (Current natural sciences),Shanan HE,Paperback,"Feb 9, 2021",EDP Sciences
0,https://www.amazon.com/dp/B08SQGS75H,B08SQGS75H,Chinese Plants Names Index 2010-2017,Cheng DU,Paperback,"Feb 9, 2021",
0,https://www.amazon.com/dp/B08SPXHND5,B08SPXHND5,Chinese Plants Names Index 2000-2009,Cheng DU,Paperback,"Feb 9, 2021",EDP Sciences
0,https://www.amazon.com/dp/B08PVLVKQC,B08PVLVKQC,Engineering Economy in Upstream Oil & Gas Field Development: A Concise Appraisal Technique for Investment Decision in Upstream Oil/Gas Projects,Menglan Duan,Paperback,"Feb 9, 2021",
0,https://www.amazon.com/dp/B08PVKP3F8,B08PVKP3F8,Space Fault Tree Theory and System Reliability Analysis,Tiejun CUI,Paperback,"Feb 9, 2021",EDP Sciences
0,https://www.amazon.com/dp/B08NFL88R2,B08NFL88R2,"Matters of Life and Death: Perspectives on Public Health, Molecular Biology, Cancer, and the Prospects for the Human Race",John Cairns,Hardcover,"Sep 13, 1998",
0,https://www.amazon.com/dp/B08NFKG1NG,B08NFKG1NG,Indigenous Movements and Their Critics: Pan-Maya Activism in Guatemala,Kay B. Warren,Paperback,"Dec 27, 1998",Princeton University Press
0,https://www.amazon.com/dp/B08L5JGHML,B08L5JGHML,Winemaking: Basics and Applied Aspects (Food Biology Series),V. K. Joshi,Paperback,"Feb 9, 2021",
0,https://www.amazon.com/dp/B08XCL4QVT,B08XCL4QVT,Nevada Beach nevada: beach journal for writing down thoughts for anyone that loves beach vacations and surfing,positive publishing,Paperback,"Feb 22, 2021",
0,https://www.amazon.com/dp/B08XCK5G5G,B08XCK5G5G,My notebook,Vostinar Ovidiu,Paperback,"Feb 22, 2021",
0,https://www.amazon.com/dp/B08XCH571P,B08XCH571P,Nags Head Beach north carolina: beach journal for writing down thoughts for anyone that loves beach vacations and surfing,positive publishing,Paperback,"Feb 22, 2021",
0,https://www.amazon.com/dp/B08XCH56VM,B08XCH56VM,"Grade 7 Science Notebook: Primary Composition Lined Pages with College Ruled Papers for Note-Taking: Reminder of Due Date for Assignment, Homework, ... Girl’s Study of Living and Non Living Things",MARJB Stellar Papers Publishing,Paperback,"Feb 22, 2021",
0,https://www.amazon.com/dp/B08XCH56T6,B08XCH56T6,Newport Beach rhode island: beach journal for writing down thoughts for anyone that loves beach vacations and surfing,positive publishing,Paperback,"Feb 22, 2021",
0,https://www.amazon.com/dp/B08XCFG3J7,B08XCFG3J7,Why Do We Have Hands? There Are Many Reasons: - Pat the Plant - Hold the Plant - Cherish the Plant - Hand Over Money for the Plant: Plant Lover ... Quote on Cover For Every Crazy Plant Lady,Plant Lady Publishing,Paperback,"Feb 22, 2021",
0,https://www.amazon.com/dp/B08XCFBW46,B08XCFBW46,Nags Head Beach north carolina: beach journal for writing down thoughts for anyone that loves beach vacations and surfing,positive publishing,Paperback,"Feb 22, 2021",
0,https://www.amazon.com/dp/B08XCFBVWM,B08XCFBVWM,Newport Beach rhode island: beach journal for writing down thoughts for anyone that loves beach vacations and surfing,positive publishing,Paperback,"Feb 22, 2021",
0,https://www.amazon.com/dp/B08XCFBVMQ,B08XCFBVMQ,Nevada Beach nevada: beach journal for writing down thoughts for anyone that loves beach vacations and surfing,positive publishing,Paperback,"Feb 22, 2021",
0,https://www.amazon.com/dp/B08XCCRSHY,B08XCCRSHY,Dream Journal: Daily Analyze Interpretation Dairy Tracking Notebook,Lucy Moon,Paperback,"Feb 22, 2021",
0,https://www.amazon.com/dp/B08XCCP5B9,B08XCCP5B9,"Be A Proton, Always Positive - Bold: 6x9 Journal for writing about staying positive like a proton. An ideal Diary, Notebook for school, college work ... present for the science and positivist lover)",ND Publishing,Paperback,"Feb 22, 2021",
0,https://www.amazon.com/dp/B08XCCP568,B08XCCP568,"GRAPH PAPER NOTEBOOK: GRAY AND WHITE GRAPH PAPER IMAGE DESIGN COVER | GRAPHING COMPOSITION WORKBOOK NOTEBOOK 8"" X 11"" 5x5 Grid Pape",COOL DIMENSION DESIGN,Paperback,"Feb 22, 2021",
0,https://www.amazon.com/dp/B08XCCP54R,B08XCCP54R,I love Geography notebook: A4 size | 80 pages | lined with margin,Ian Jeffery,Paperback,"Feb 22, 2021",
0,https://www.amazon.com/dp/B08XCCP4WV,B08XCCP4WV,"Pink Hibiscus Floral Notebook: Tropical Floral Ruled Notebook. A cute pink lined journal with a white Hawaiian Hibiscus flower on the cover, perfect as a gift.",Jammy's Print House,Paperback,"Feb 22, 2021",
0,https://www.amazon.com/dp/B0F8R7C7RP,B0F8R7C7RP,A History of the Theories of Rain,Stephen Collis,Paperback,"Feb 8, 2021",Talonbooks
0,https://www.amazon.com/dp/B08WCTC1HK,B08WCTC1HK,Reflections on Medical Ethics: A Search for Categories of Medical Ethics (Philosophy and Medicine Book 138),Jean-Pierre Cléro,Paperback,"Feb 8, 2021",Springer
0,https://www.amazon.com/dp/B08WC6RYFQ,B08WC6RYFQ,Fruits of the Brazilian Cerrado: Composition and Functional Benefits,Fernando Freitas de Lima,Paperback,"Feb 8, 2021",Springer
0,https://www.amazon.com/dp/B08W6W9KQR,B08W6W9KQR,Witchcraft and Second Sight in the Highlands,J. G. Campbell,Kindle,"Feb 8, 2021",Books on Demand
0,https://www.amazon.com/dp/B08W3P4Y2C,B08W3P4Y2C,Birds and Other Beast,R.H. PEAKE,Paperback,"Feb 8, 2021",
0,https://www.amazon.com/dp/B0BW6ZRC66,B0BW6ZRC66,Human Cytomegaloviruses: Methods and Protocols (Methods in Molecular Biology Book 2244),Andrew D. Yurochko,Paperback,"Feb 8, 2021",Humana
0,https://www.amazon.com/dp/B09M4CC1ST,B09M4CC1ST,Nonlinear Problems with Lack of Compactness,Giovanni Molica Bisci,Hardcover,"Feb 8, 2021",
0,https://www.amazon.com/dp/B08X84J7FQ,B08X84J7FQ,I Know You Probably Dropped Me On My Head But I Still Love You: Funny Mother's Day Notebook Journal Lock Down Gift Ideas For Mum Grandma Nan Nanny ... Present - Better Than a Card! Made in UK,Sam Handwich,Paperback,"Feb 22, 2021",
0,https://www.amazon.com/dp/B08X84J76Y,B08X84J76Y,Newport Beach rhode island: beach journal for writing down thoughts for anyone that loves beach vacations and surfing,positive publishing,Paperback,"Feb 22, 2021",
0,https://www.amazon.com/dp/B08X84J75N,B08X84J75N,Accounting Ledger Book: Simple and Beautiful Ledger Book for your Financial Transactions,Ian Smith,Paperback,"Feb 22, 2021",
0,https://www.amazon.com/dp/B08X84J6VT,B08X84J6VT,Notebook: Flower Notebook,Icicles x Ink,Paperback,"Feb 22, 2021",
0,https://www.amazon.com/dp/B08X84J6NH,B08X84J6NH,"notebook biogreen 120 Lined Pages. Large Size (8.5 x 11): lined notebook / journal gift, 120 pages 6x9 soft cover, Matte finish",toroturindesign design,Paperback,"Feb 22, 2021",
0,https://www.amazon.com/dp/B08X84J6ML,B08X84J6ML,"Blank Storyboard Notebook: Storyboard notebook, 8.5 x 11 perfect size and 200 pages with panels, for writing, sketching, film making and more",Mobeen Hazem,Paperback,"Feb 22, 2021",
0,https://www.amazon.com/dp/B08X7RLT8V,B08X7RLT8V,A Wonderful Winter of Kakuro 12 x 12 Round 3: Medium Volume 25: Play Kakuro Japanese Puzzle Game Book Numbers Mathematical Cross Sums Addition Based ... to Adults Beginner Medium Level Christmas,Stella Zahlenspiel,Paperback,"Feb 22, 2021",
0,https://www.amazon.com/dp/B08X6KNJ25,B08X6KNJ25,"Address Books with Alphabet Index: Floral Cover address book for names, addresses, phone numbers, email, Notebook for Contact, Alphabetical Organizer Journal ... 6x9 Inches",Brilliant Small Print Journals,Paperback,"Feb 22, 2021",
0,https://www.amazon.com/dp/B08X6KNHW6,B08X6KNHW6,Nags Head Beach north carolina: beach journal for writing down thoughts for anyone that loves beach vacations and surfing,positive publishing,Paperback,"Feb 22, 2021",
0,https://www.amazon.com/dp/B08X6KNHNG,B08X6KNHNG,Newport Beach rhode island: beach journal for writing down thoughts for anyone that loves beach vacations and surfing,positive publishing,Paperback,"Feb 22, 2021",
0,https://www.amazon.com/dp/B08X6KNHKR,B08X6KNHKR,Newport Beach oregon: beach journal for writing down thoughts for anyone that loves beach vacations and surfing,positive publishing,Paperback,"Feb 22, 2021",
0,https://www.amazon.com/dp/B08X6KNHGC,B08X6KNHGC,Nevada Beach nevada: beach journal for writing down thoughts for anyone that loves beach vacations and surfing,positive publishing,Paperback,"Feb 22, 2021",
0,https://www.amazon.com/dp/B08X6KNHDX,B08X6KNHDX,Nevada Beach nevada: beach journal for writing down thoughts for anyone that loves beach vacations and surfing,positive publishing,Paperback,"Feb 22, 2021",
0,https://www.amazon.com/dp/B08X6KNHCT,B08X6KNHCT,Hello Cutie Pi: Small Journal Plain Notebook College Ruled Blank Lined Composition Book,My Simple Press,Paperback,"Feb 22, 2021",
0,https://www.amazon.com/dp/B0GXDZ91DZ,B0GXDZ91DZ,"CSP Exam Study Guide: All-In-One Prep for the BCSP Certified Safety Professional Examination with 3 Full-Length Practice Tests, 500+ Questions & ... | Free Online Timed Practice Tests Included",CertPath Publishing,Paperback,"Apr 15, 2026",
0,https://www.amazon.com/dp/B09M4BN72Y,B09M4BN72Y,Artificial Intelligence for Data-Driven Medical Diagnosis,Deepak Gupta,Kindle,"Feb 8, 2021",
0,https://www.amazon.com/dp/B08WM12X4V,B08WM12X4V,Concepts of Small-scale Food Processing,Donald G Mercer,Hardcover,"Feb 8, 2021",Royal Society of Chemistry
0,https://www.amazon.com/dp/B08WL8XPBH,B08WL8XPBH,Surface Chemistry of Colloidal Nanocrystals (Nanoscience),Ana Luísa Daniel-da-Silva,Hardcover,"Feb 8, 2021",Royal Society of Chemistry
0,https://www.amazon.com/dp/B08WCYMKMV,B08WCYMKMV,Bioelectrochemical Systems: Vol.2 Current and Emerging Applications,Prasun Kumar,Paperback,"Feb 8, 2021",
0,https://www.amazon.com/dp/B08WCKPTRJ,B08WCKPTRJ,Mitigating Environmental Stresses for Agricultural Sustainability in Egypt (Springer Water),Hassan Awaad,Paperback,"Feb 8, 2021",
0,https://www.amazon.com/dp/B08WCKD1QG,B08WCKD1QG,"Enabling Systems for Intelligent Manufacturing in Industry 4.0: Sensing, Smart and Sustainable Systems for the Design of S3 Products, Processes, Manufacturing Systems, and Enterprises",Arturo Molina,Paperback,"Feb 8, 2021",
0,https://www.amazon.com/dp/B08WCK6475,B08WCK6475,Drosophila suzukii Management,Flávio Roberto Mello Garcia,Paperback,"Feb 8, 2021",
0,https://www.amazon.com/dp/B08WCJCNQL,B08WCJCNQL,Compound-Nuclear Reactions: Proceedings of the 6th International Workshop on Compound-Nuclear Reactions and Related Topics CNR*18 (Springer Proceedings in Physics Book 310),Jutta Escher,Paperback,"Feb 8, 2021",Springer
0,https://www.amazon.com/dp/B08WCFWG75,B08WCFWG75,Corporate Environmental Strategies and Value Creation: Challenges and Opportunities (SpringerBriefs in Business),Rosita Capurro,Paperback,"Feb 8, 2021",Springer
0,https://www.amazon.com/dp/B08WCBQFX3,B08WCBQFX3,"Probability, Random Variables, and Data Analytics with Engineering Applications",P. Mohana Shankar,Paperback,"Feb 8, 2021",
0,https://www.amazon.com/dp/B08WC8VSH9,B08WC8VSH9,Conference Proceedings of ICDLAIR2019 (Lecture Notes in Networks and Systems Book 175),Meenakshi Tripathi,Paperback,"Feb 8, 2021",
0,https://www.amazon.com/dp/B08WC6KL5X,B08WC6KL5X,Uchuva (Physalis peruviana L.) Reproductive Biology,Fernando Ramírez,Paperback,"Feb 8, 2021",Springer
0,https://www.amazon.com/dp/B08WC4QDWV,B08WC4QDWV,Earthly Quietus: EXTINCTION,Mike Pearce,Paperback,"Feb 8, 2021",
0,https://www.amazon.com/dp/B08WC4HCD6,B08WC4HCD6,Proceedings of the 8th International Multidisciplinary Conference on Optofluidics (IMCO 2018) (Lecture Notes in Electrical Engineering Book 531),Lei Xu,Hardcover,"Feb 8, 2021",
0,https://www.amazon.com/dp/B08WBY3PM7,B08WBY3PM7,Fungal Siderophores: From Mineral―Microbe Interactions to Anti-Pathogenicity (Fungal Biology),Kalyani Dhusia,Paperback,"Feb 8, 2021",Springer
0,https://www.amazon.com/dp/B08W9TNPJ4,B08W9TNPJ4,Oil and Natural Gas Economy in Argentina: The case of Fracking (The Latin American Studies Book Series),Victor Bravo,Paperback,"Feb 8, 2021",Springer
0,https://www.amazon.com/dp/B08W9RKKZS,B08W9RKKZS,Distribution Theory Applied to Differential Equations,Adina Chirilă,Paperback,"Feb 8, 2021",Springer
0,https://www.amazon.com/dp/B08W9PHXRC,B08W9PHXRC,"Sensible Decarbonization: Regulation, Risk, and Relative Benefits in Different Approaches to Energy Use, Climate Policy, and Environmental Impact",Kent C. Stewart,Paperback,"Feb 8, 2021",
0,https://www.amazon.com/dp/B08W9MHFJ2,B08W9MHFJ2,Artificial Intelligence in China: Proceedings of the 2nd International Conference on Artificial Intelligence in China (Lecture Notes in Electrical Engineering Book 653),Qilian Liang,Paperback,"Feb 8, 2021",
0,https://www.amazon.com/dp/B08W9GXZ26,B08W9GXZ26,Proceedings of the First International Forum on Financial Mathematics and Financial Technology (Financial Mathematics and Fintech),Zhiyong Zheng,Paperback,"Feb 8, 2021",Springer
0,https://www.amazon.com/dp/B08W8QVLZZ,B08W8QVLZZ,Studies in Natural Products Chemistry (Volume 68),Atta-ur Rahman,Hardcover,"Feb 22, 2021",Elsevier
0,https://www.amazon.com/dp/B08W8MHKJV,B08W8MHKJV,Approaches to the Remediation of Inorganic Pollutants,Mirza Hasanuzzaman,Paperback,"Feb 8, 2021",Springer
0,https://www.amazon.com/dp/B08W8JFXRQ,B08W8JFXRQ,Oil Shales: A Complete Story,Miryam Glikson-Simpson,Paperback,"Feb 8, 2021",
0,https://www.amazon.com/dp/B08W8DBXLG,B08W8DBXLG,"Everything you need to know about keeping chickens : Eggs, Feathers, Fertilisers and a free alarm clock",Jack Woodgate,Kindle,"Feb 8, 2021",
0,https://www.amazon.com/dp/B08XH2JR66,B08XH2JR66,"Stronger Than You Think: Chronic illness Management Journal for Invisible Diseases and Chronic Pain/Fatigue Support with Symptom Tracker, Pain Scale, Medications Log and all Health Activities.",We.Are.Visible Publishing,Paperback,"Feb 26, 2021",
0,https://www.amazon.com/dp/B08S7C2TSC,B08S7C2TSC,Food Systems in Africa: Rethinking the Role of Markets (Africa Development Forum),GaÃ«lle Balineau,Paperback,"Feb 8, 2021",World Bank Publications
0,https://www.amazon.com/dp/B08R99NJX7,B08R99NJX7,Environmental Postcolonialism: A Literary Response (Ecocritical Theory and Practice),Shubhanku Kochar,Paperback,"Feb 8, 2021",Lexington Books
0,https://www.amazon.com/dp/B08W4T3K7Q,B08W4T3K7Q,AVITOPIA - Birds of the Netherlands (AVITOPIA - Birds of the Kingdom of the Netherlands),Wolfgang Daunicht,Paperback,"Feb 7, 2021",
0,https://www.amazon.com/dp/B08W4XXF16,B08W4XXF16,"Detecting Trust and Deception in Group Interaction (Terrorism, Security, and Computation)",V. S. Subrahmanian,Paperback,"Feb 7, 2021",
0,https://www.amazon.com/dp/B08Y49S88R,B08Y49S88R,"International Women's Day 2021 Notebook: 8 March Notebook for Women, Amazing International Women's Day gift, Pages Journal For Women, Journal gift ... for National Women's Day. | (""6 x 9"") inches.",Art life Publishing,Paperback,"Feb 28, 2021",Independently published
0,https://www.amazon.com/dp/B08XXL9XRH,B08XXL9XRH,Behind You All Your Memories:: 30th Birthday Journal | Lined Journal | Notebook 30th Birthday Gift for Boys and Girls,birtdhay publishing,Paperback,"Feb 28, 2021",Independently published
0,https://www.amazon.com/dp/B08XX7Q9BF,B08XX7Q9BF,Behind You All Your Memories: 23th Birthday Journal | Lined Journal | Notebook 23th Birthday Gift for Boys and Girls,birthday publishing,Paperback,"Feb 28, 2021",Independently published
0,https://www.amazon.com/dp/B08XVJTS9X,B08XVJTS9X,Behind You All Your Memories: 24th Birthday Journal | Lined Journal | Notebook 24th Birthday Gift for Boys and Girls,birthday pablishing,Paperback,"Feb 28, 2021",
0,https://www.amazon.com/dp/B08XTHYWJQ,B08XTHYWJQ,Behind You All Your Memories: 29th Birthday Journal | Lined Journal | Notebook 29th Birthday Gift for Boys and Girls,birthday publishing,Paperback,"Feb 28, 2021",Independently published
0,https://www.amazon.com/dp/B08XTHYW83,B08XTHYW83,Behind You All Your Memories: 23th Birthday Journal de | Lined Journal | Notebook 23th Birthday Gift for Boys and Girls,birthday publishing,Paperback,"Feb 28, 2021",
0,https://www.amazon.com/dp/B08XSCXB1L,B08XSCXB1L,Behind You All Your Memories: 28th Birthday Journal | Lined Journal | Notebook 28th Birthday Gift for Boys and Girls,birthday publishing,Paperback,"Feb 28, 2021",Independently published
0,https://www.amazon.com/dp/B08XSCRMBF,B08XSCRMBF,"Notebook M. Custom Notebook. Personalized Journal with the Letter M. Lined Notebook: A beautiful personalized gift for family, friends, business partners. 6*9, 108 custom pages",Mari Light,Paperback,"Feb 28, 2021",
0,https://www.amazon.com/dp/B08XS9ZLJK,B08XS9ZLJK,Behind You All Your Memories: 25th Birthday Journal | Lined Journal | Notebook 25th Birthday Gift for Boys and Girls,birthday publishing,Paperback,"Feb 28, 2021",
0,https://www.amazon.com/dp/B08XS7T3PT,B08XS7T3PT,We Are Meant To Be: Composition Notebook - 8.5 x 11 - College Ruled 120 Pages,Harriet Edition,Paperback,"Feb 28, 2021",
0,https://www.amazon.com/dp/B08XS7KYQ8,B08XS7KYQ8,Behind You All Your Memories: 21th Birthday Journal | Lined Journal | Notebook 21th Birthday Gift for Boys and Girls,birthday publishing,Paperback,"Feb 28, 2021",Independently published
0,https://www.amazon.com/dp/B08XS6TTK1,B08XS6TTK1,Memorial Day Notebook,Shemya Johnson,Paperback,"Feb 28, 2021",
0,https://www.amazon.com/dp/B08XS3YK4G,B08XS3YK4G,"Birthday Reminder Notebook: Cute Owls Cover Birthday Reminder Notebook, Month by month diary for recording birthdays and anniversaries, 60 Pages, Size 6"" x 9""",Corina Busch,Paperback,"Feb 28, 2021",
0,https://www.amazon.com/dp/B08XRXSZCP,B08XRXSZCP,Happy Mothers Day to My Front Line Mom: I Love You Mom,Tony Esposito,Paperback,"Feb 28, 2021",
0,https://www.amazon.com/dp/B08XNVDFK3,B08XNVDFK3,HOW TO BE AN EXTRAORDINARY WIFE: Powerful Secrets That Would Transform an Ordinary Wife to an Extraordinary Wife,MICHELLE HANNAH,Paperback,"Feb 28, 2021",
0,https://www.amazon.com/dp/B08XLGFQQS,B08XLGFQQS,The Haunts of Adelaide: Revised: Dyslexic Edition,Allen Tiller,Paperback,"Feb 27, 2021",
0,https://www.amazon.com/dp/1988592577,1988592577,Common Ground: Garden Histories Of Aotearoa,Matt Morris,Paperback,"Feb 26, 2021",
0,https://www.amazon.com/dp/1350237949,1350237949,Needlework and Women’s Identity in Colonial Australia,Lorinda Cramer,Paperback,"Feb 25, 2021",Bloomsbury Visual Arts
0,https://www.amazon.com/dp/1350183121,1350183121,"European Impact and Pacific Influence: British and German Policy in the Pacific Islands and the Indigenous Response (Library of International Relations, 13)",Hermann J. Hiery,Paperback,"Feb 25, 2021",Bloomsbury Academic
0,https://www.amazon.com/dp/0646831496,0646831496,Bangalore Dies With Me: An historical memoir,Peter Loveday,Paperback,"Feb 24, 2021",Peter Loveday
0,https://www.amazon.com/dp/9354444229,9354444229,"Some Account Of New Zealand: Particularly The Bay Of Islands, And Surrounding Country",John Savage,Paperback,"Feb 24, 2021",
0,https://www.amazon.com/dp/9354443575,9354443575,"The History Of New South Wales: Including Botany Bay, Port Jackson, Pamaratta, Sydney, And All Its Dependancies, From The Original Discovery Of The ... From Its Foundation To The Present Time",George Barrington,Paperback,"Feb 24, 2021",Alpha Edition
0,https://www.amazon.com/dp/064511040X,064511040X,Fireside Stories: Australian Family Tales,Helen Brown,Paperback,"Feb 19, 2021",Reading Stones Publishing
0,https://www.amazon.com/dp/B08WZBZ1K9,B08WZBZ1K9,Graph Paper Composition Notebook: 5x5 Grid Paper for Math & Science (7.5 x 9.25),Ruslan Borak,Paperback,"Feb 18, 2021",
0,https://www.amazon.com/dp/1760464260,1760464260,At Home in Exile: A Memoir,Helga M Griffin,Paperback,"Feb 16, 2021",
0,https://www.amazon.com/dp/B08WK7NS5H,B08WK7NS5H,WHITE JUSTICE: Aborigines and whitefella law,Alan Pope,Paperback,"Feb 15, 2021",Independently published
0,https://www.amazon.com/dp/1977405525,1977405525,Regional Responses to U.S.-China Competition in the Indo-Pacific: Australia and New Zealand,Michael S. Chase,Paperback,"Feb 15, 2021",
0,https://www.amazon.com/dp/B08WJPL9TW,B08WJPL9TW,The Way Of The Two Rivers: The River Series,Ms Eve Contencin,Paperback,"Feb 14, 2021",Independently published
0,https://www.amazon.com/dp/B08WP7H4JV,B08WP7H4JV,Guest Book Visitor Sign: Classic black cover .Simple and perfect for any guest book or special occasion.(120 Pages.),K.Smile Design,Paperback,"Feb 13, 2021",Independently published
0,https://www.amazon.com/dp/9354416411,9354416411,"History And Traditions Of The Maoris Of The West Coast, North Island Of New Zealand Prior To 1840",Stephenson Percy Smith,Paperback,"Feb 8, 2021",Alpha Edition
0,https://www.amazon.com/dp/1760464147,1760464147,Australian Travellers in the South Seas (Pacific Series),Nicholas Halter,Paperback,"Feb 8, 2021",
0,https://www.amazon.com/dp/0473481170,0473481170,McKenzies of Nesscroft,Rod McKenzie,Paperback,"Feb 6, 2021",
0,https://www.amazon.com/dp/B08VYFJTP2,B08VYFJTP2,CURTIN'S CALL 5: THE SOCIAL QUESTION,Kevin McCauley,Paperback,"Feb 5, 2021",Independently published
0,https://www.amazon.com/dp/1922464007,1922464007,A Trip to the Dominions: The Scientific Event that Changed Australia (Australian Studies),Lynette Russell,Paperback,"Mar 1, 2021",Monash University Publishing
0,https://www.amazon.com/dp/B0C2SPBV6V,B0C2SPBV6V,Discovering Fiji: Your Ultimate 2023 Travel Companion (Excursions and Experiences),Valerie M. Hawthorne,Paperback,"Apr 29, 2023",Independently published
0,https://www.amazon.com/dp/B0C14ZNN5W,B0C14ZNN5W,"Campus Talk, Volume 1",Silvana Dushku,Paperback,"Feb 28, 2021",Edinburgh University Press
0,https://www.amazon.com/dp/B08XWVJH54,B08XWVJH54,"Mothers, Mothering, and COVID-19: Dispatches from the Pandemic",Fiona J Green,Paperback,"Feb 28, 2021",Demeter Press
0,https://www.amazon.com/dp/B0C4PQ85MZ,B0C4PQ85MZ,"Campus Talk, Volume 2",Silvana Dushku,Paperback,"Feb 28, 2021",
0,https://www.amazon.com/dp/B08XSX6YGK,B08XSX6YGK,HOW TO HANDLE MEN AND UTILIZE THEIR POTENTIALS. Vol. 2: ________________________________________ A Leaders Pursuit for Successful Leadership ________________________________________,Cecilia E. Bassey,Paperback,"Feb 28, 2021",
0,https://www.amazon.com/dp/B08XQY2S1W,B08XQY2S1W,I Love my Sweet Mom: short story for kids (mother's day).,ERIC MED,Kindle,"Feb 28, 2021",
0,https://www.amazon.com/dp/B08XQRCHGZ,B08XQRCHGZ,Mom: A Book of Poetry & Memories,JC Gilmore,Kindle,"Feb 28, 2021",
0,https://www.amazon.com/dp/B08XQ9WYGN,B08XQ9WYGN,Missionary Priests in the Homeland: Our Call to Receive,Sebastian Mahfood,Paperback,"Feb 28, 2021","En Route Books & Media, LLC"
0,https://www.amazon.com/dp/B08XQ8NLVV,B08XQ8NLVV,Breaking Racial Barriers – Joseph Freeman & LDS Priesthood,Gospel Tangents Interview,Paperback,"Feb 28, 2021",
0,https://www.amazon.com/dp/B08XQ1GJ44,B08XQ1GJ44,Iranian Mafia State: Islamo-fascists Disguised as Social Justice Warriors,Majid Mohammadi,Kindle,"Feb 28, 2021",Dan & Mo Publishers
0,https://www.amazon.com/dp/B08X11BN8L,B08X11BN8L,Sexual Violence on Trial: Local and Comparative Perspectives (Routledge Studies in Crime and Society),Rachel Killean,Paperback,"Feb 28, 2021",Routledge
0,https://www.amazon.com/dp/B08WR8QFH8,B08WR8QFH8,"British Imperial Strategies in the Pacific, 1750-1900 (The Pacific World: Lands, Peoples and History of the Pacific, 1500-1900)",Jane Samson,Hardcover,"Feb 28, 2021",Routledge
0,https://www.amazon.com/dp/B08T6JPH9P,B08T6JPH9P,Understanding the Educational Experiences of Imprisoned Men: (Re)education (Routledge Frontiers of Criminal Justice),Helen Nichols,Paperback,"Feb 28, 2021",Routledge
0,https://www.amazon.com/dp/B08Y7K9HGH,B08Y7K9HGH,Reading the Early Modern English Diary,Miriam Nandi,Paperback,"Feb 27, 2021",Palgrave Macmillan
0,https://www.amazon.com/dp/B08XPTPVTB,B08XPTPVTB,Gay is Okay: Why Homosexuality is Natural and Not Sinful,Ryan CRC,Paperback,"Feb 27, 2021",
0,https://www.amazon.com/dp/B08XPQWPDN,B08XPQWPDN,News from Trumplandia: America Revisited,Tiberiu Dianu,Paperback,"Feb 27, 2021","Simurg, Singapore, Republic of Singapore"
0,https://www.amazon.com/dp/B08WTYXMSJ,B08WTYXMSJ,"Integration in the Library Organization (Journal of Library Administration, 2)",Christine E Thompson,Paperback,"Feb 27, 2021",
0,https://www.amazon.com/dp/B08WRVB85X,B08WRVB85X,"Readers, Reading, and Librarians",Bill Katz,Paperback,"Feb 27, 2021",
0,https://www.amazon.com/dp/B08WRMG1BP,B08WRMG1BP,"Teaching Students Geriatric Research (Physical & Occupational Therapy in Geriatrics, 2)",Margaret A Perkinson,Paperback,"Feb 27, 2021",Routledge
0,https://www.amazon.com/dp/B08WNCDP4X,B08WNCDP4X,Womens Travel Writing 1750-185 (Women's Travel Writing: 1750-1850 Book 5),C Franklin,Hardcover,"Feb 27, 2021",Routledge
0,https://www.amazon.com/dp/B08S9MKQL7,B08S9MKQL7,Japan Challenges America: Managing An Alliance In Crisis,Harrison M Holland,Paperback,"Feb 27, 2021",Routledge
0,https://www.amazon.com/dp/B08S8STWD2,B08S8STWD2,Components of Effective Reading Intervention: A Special Issue of scientific Studies of Reading,Barbara R. Foorman,Paperback,"Feb 27, 2021",Routledge
0,https://www.amazon.com/dp/B01FW6M6LM,B01FW6M6LM,GLIMPSES OF GLORY: Inspiring Stories of Ordinary People Achieving Extraordinary Things,SANTOSH SHAILJA,Paperback,"Feb 27, 2021",Prabhat Prakashan
0,https://www.amazon.com/dp/B08XXVFLGD,B08XXVFLGD,The Scholarly Workflow in the Digital Age,Steven Weiland,Paperback,"Feb 26, 2021","Against the Grain, LLC"
0,https://www.amazon.com/dp/B08XP39DTN,B08XP39DTN,The Handbook of Language and Speech Disorders (Blackwell Handbooks in Linguistics),Jack S. Damico,Hardcover,"Feb 26, 2021",Wiley-Blackwell
0,https://www.amazon.com/dp/B08XQYQMM1,B08XQYQMM1,The Little Encyclopedia of Modern Ignorance,Kevin Casey,Kindle,"Feb 26, 2021",Kimberley Publications
0,https://www.amazon.com/dp/B08W2DYJGF,B08W2DYJGF,On the Queerness of Early English Drama: Sex in the Subjunctive,Tison Pugh,Hardcover,"Jan 25, 2023",University of Toronto Press
0,https://www.amazon.com/dp/B0DT6MKT9B,B0DT6MKT9B,"Rivalling Disaster Experiences: The Case of the Seismo-Volcanic Crisis of El Hierro, Canary Islands (Sozial- und Kulturgeographie Book 44)",Benedikt M. Orlowski,Paperback,"Feb 26, 2021",transcript Verlag
0,https://www.amazon.com/dp/B0DT62DR1Y,B0DT62DR1Y,"Digital Culture & Society (DCS): Vol. 6, Issue 1/2020 – Alternative Histories in DIY Cultures and Maker Utopias",Cindy Kohtala,Kindle,"Feb 26, 2021",transcript Verlag
0,https://www.amazon.com/dp/B08Y7JG6RR,B08Y7JG6RR,"Policing, Mental Illness and Media: The Framing of Mental Health Crisis Encounters and Police Use of Force (Palgrave Studies in Crime, Media and Culture)",Katrina Clifford,Paperback,"Feb 26, 2021",Palgrave Macmillan
0,https://www.amazon.com/dp/B08Y5QHMVJ,B08Y5QHMVJ,Syntactic Features and the Limits of Syntactic Change (Oxford Studies in Diachronic and Historical Linguistics Book 43),Jóhannes Gísli Jónsson,Hardcover,"Feb 26, 2021",OUP Oxford
0,https://www.amazon.com/dp/B08XP8D71H,B08XP8D71H,"Engaging Modern Brunei: Research on language, literature, and culture",Hannah Ming Yit Ho,Paperback,"Feb 26, 2021",Springer
0,https://www.amazon.com/dp/B08XNY7GPC,B08XNY7GPC,The Male Logic Fallacy,K. C. Rova,Kindle,"Feb 26, 2021",
0,https://www.amazon.com/dp/B08XMW7YNV,B08XMW7YNV,Decolonial Perspectives on Entangled Inequalities: Europe and The Caribbean (Anthem Studies in Decoloniality and Migration),Encarnación Gutiérrez Rodríguez,Hardcover,"Feb 26, 2021",Anthem Press
0,https://www.amazon.com/dp/B08XBJVKPF,B08XBJVKPF,Women Theorists of Psychotherapy and Counseling,Lynn Bohecker,Hardcover,"Feb 26, 2021",Lexington Books
0,https://www.amazon.com/dp/B08XM41KR2,B08XM41KR2,"Wanghong as Social Media Entertainment in China (Palgrave Studies in Globalization, Culture and Society)",David Craig,Paperback,"Feb 25, 2021",Palgrave Macmillan
0,https://www.amazon.com/dp/B08WT9L71Q,B08WT9L71Q,The History of Chinese Animation (China Perspectives),Lijun Sun,Paperback,"Feb 25, 2021",Routledge
0,https://www.amazon.com/dp/B08WR4X982,B08WR4X982,Routledge Library Editions: Turkey,Various,Paperback,"Feb 25, 2021",Routledge
0,https://www.amazon.com/dp/B08W2VLXBH,B08W2VLXBH,A Buyer's Guide to Insurance for Fiduciaries of ESOPs and Other Benefit Plans,Theodore Becker,Kindle,"Feb 5, 2021",National Center for Employee Ownership
0,https://www.amazon.com/dp/B0GJV42SN4,B0GJV42SN4,"Insult to Injury: Insurance, Fraud, and the Big Business of Bad Faith",Ray Bourhis,Kindle,"Mar 10, 2026",Brittany Press
