Total Reviews,Product Url,ASIN,Title,Author,Format,Publication Date,Publisher
0,https://www.amazon.com/dp/B0DG5WVY4L,B0DG5WVY4L,"Guest Visit Feedback Log Record Book: Visitor Experience Journal. Detail & Track Every Review. Ideal for Hotels, Hospitality, and Businesses",Moonpeak Library,Hardcover,"Aug 31, 2024",
0,https://www.amazon.com/dp/B0DFYR9G5S,B0DFYR9G5S,"Voicemail Log Book for Office: Practical Voicemail Call Log Book for Office, Message Recording, and Tracking Voicemail Messages - Streaks Cover Design",Ira O. Pacheco,Paperback,"Aug 31, 2024",
0,https://www.amazon.com/dp/B0DFYPD8J7,B0DFYPD8J7,"Voicemail Log Book for Office: Practical Voicemail Call Log Book for Office, Message Recording, and Tracking Voicemail Messages - Pink Roses Cover Design",Ira O. Pacheco,Paperback,"Aug 31, 2024",
0,https://www.amazon.com/dp/B0DFYNJHN1,B0DFYNJHN1,"Nail Technician Client Record Book: Detailed Customer Management Organizer Logbook (100 profiles) 7""×10"" Premium floral design cover",Jini Sung,Paperback,"Aug 31, 2024",
0,https://www.amazon.com/dp/B0DFYN4BZZ,B0DFYN4BZZ,"Voicemail Log Book for Office: Practical Voicemail Call Log Book for Office, Message Recording, and Tracking Voicemail Messages - Flower Garden Cover Design",Ira O. Pacheco,Paperback,"Aug 31, 2024",
5,https://www.amazon.com/dp/B0DFXY6ZWX,B0DFXY6ZWX,Reservation Book for Restaurant 2025: Hostess Table Log Book with 25 Entries per Day from January 2025 to December 2025,Joomboo Publishing,Hardcover,"Aug 30, 2024",
0,https://www.amazon.com/dp/B0DFX23W6P,B0DFX23W6P,"Voicemail Log Book for Office: Practical Voicemail Call Log Book for Office, Message Recording, and Tracking Voicemail Messages - Blue and White Cover Design",Ira O. Pacheco,Paperback,"Aug 30, 2024",
0,https://www.amazon.com/dp/B0DFX17BBD,B0DFX17BBD,"Voicemail Log Book: Practical Voicemail Call Log Book for Office, Message Recording, and Tracking Voicemail Messages - Variety of Flowers Cover Design",Ira O. Pacheco,Paperback,"Aug 30, 2024",
0,https://www.amazon.com/dp/B0DFWYD7K9,B0DFWYD7K9,"Voicemail Log Book: Practical Voicemail Call Log Book for Office, Message Recording, and Tracking Voicemail Messages - Floral Watercolor Cover Design",Ira O. Pacheco,Paperback,"Aug 30, 2024",
0,https://www.amazon.com/dp/B0DFWXTGW2,B0DFWXTGW2,"Nail Technician Client Record Book: Detailed Customer Management Organizer Logbook (100 profiles) 7""×10"" Premium floral design cover",Jini Sung,Paperback,"Aug 30, 2024",
0,https://www.amazon.com/dp/B0DFQF1JLP,B0DFQF1JLP,"HANDLING SETBACKS AND STAGNATION AT WORK: Secrets to winning at your Workplace, Mastering Career Challenges and Breaking Through Stagnation",PAUL EDWARDS,Kindle,"Aug 30, 2024",
0,https://www.amazon.com/dp/B0DFWKJM39,B0DFWKJM39,"Voicemail Log Book: Practical Voicemail Call Log Book for Office, Message Recording, and Tracking Voicemail Messages - Orange Cover Design",Ira O. Pacheco,Paperback,"Aug 29, 2024",
0,https://www.amazon.com/dp/B0DFWKCD6Y,B0DFWKCD6Y,"Voicemail Log Book: Practical Voicemail Call Log Book for Office, Message Recording, and Tracking Voicemail Messages - Watercolor Cover Design",Ira O. Pacheco,Paperback,"Aug 29, 2024",
0,https://www.amazon.com/dp/B0DFWK4MCC,B0DFWK4MCC,"300 Guests, Guestbook: With Lines, 3 Guests in One Page, Wide Rules, Visitor Sign-in Book, Reception Supplies, Wedding, Ceremony, Graduation and more",Inham Happy Design,Paperback,"Aug 29, 2024",
0,https://www.amazon.com/dp/B0DFWHHJ66,B0DFWHHJ66,"Voicemail Log Book: Practical Voicemail Call Log Book for Office, Message Recording, and Tracking Voicemail Messages - Floral Design Cover",Ira O. Pacheco,Paperback,"Aug 29, 2024",
0,https://www.amazon.com/dp/B0DFWDKBQT,B0DFWDKBQT,"Phone Call Log book: Telephone Message Book for Office with Notes and Over 600 Call Log Spaces, Voicemail Notebook, Inbound and Outbound for Business and Personal Use",Katia R. Publisher,Paperback,"Aug 28, 2024",
3,https://www.amazon.com/dp/B0FRSDTW4M,B0FRSDTW4M,Own The Insight: Turn First-Party Data Into Revenue Faster Than Your Competition Can React,Lisa L. Fagen,Paperback,"Sep 30, 2025",
0,https://www.amazon.com/dp/B0DFVNFLN3,B0DFVNFLN3,"Voicemail Call Log: Practical Voicemail Call Log Book for Office, Message Recording, and Tracking Voicemail Messages - Teal Cover Design",Ira O. Pacheco,Paperback,"Aug 28, 2024",
0,https://www.amazon.com/dp/B0DFVM4PSM,B0DFVM4PSM,"Voicemail Call Log: Practical Voicemail Call Log Book for Office, Message Recording, and Tracking Voicemail Messages - Floral Watercolor Cover Design",Ira O. Pacheco,Paperback,"Aug 28, 2024",
0,https://www.amazon.com/dp/B0DFVLGZW1,B0DFVLGZW1,"Nail Technician Client Record Book: Detailed Customer Management Organizer Logbook (100 profiles) 7""×10"" Premium floral design cover",Jini Sung,Paperback,"Aug 28, 2024",
2,https://www.amazon.com/dp/B0DFHBXCHY,B0DFHBXCHY,OTTER: Over the Top Empathy & Rapport,David Powers,Kindle,"Aug 28, 2024",
1,https://www.amazon.com/dp/103264401X,103264401X,Selling in Customer Service,Leon Cai,Kindle,"Aug 27, 2024",
0,https://www.amazon.com/dp/B0DFTTVYNV,B0DFTTVYNV,"Voicemail Log Pad: Practical Voicemail Call Log Book for Office, Message Recording, and Tracking Voicemail Messages - Floral Design Cover",Ira O. Pacheco,Paperback,"Aug 27, 2024",
0,https://www.amazon.com/dp/B0DFTTSKB8,B0DFTTSKB8,"Client Appointment Book 2025: Dated Planner, 15-Month Daily Appointment Calendar Hourly Slots in 15-Minute Increments from 8:00 AM to 7:45 PM, Large Size 8.5""x11",Viper Grey,Paperback,"Aug 27, 2024",
0,https://www.amazon.com/dp/B0DFTN4GZ3,B0DFTN4GZ3,"Voicemail Log Pad: Practical Voicemail Call Log Book for Office, Message Recording, and Tracking Voicemail Messages - Flowers Cover Design",Ira O. Pacheco,Paperback,"Aug 27, 2024",
0,https://www.amazon.com/dp/B0DFTMKB4P,B0DFTMKB4P,"Voicemail Log Pad: Practical Voicemail Call Log Book for Office, Message Recording, and Tracking Voicemail Messages - Garden Flowers Cover Design",Ira O. Pacheco,Paperback,"Aug 27, 2024",
0,https://www.amazon.com/dp/B0DFTLN276,B0DFTLN276,"Client Appointment Book 2025: 15 Month Daily Appointment Book Hourly Slots in 15 Minute Increments from 8:00 AM to 7:45 PM, with a Calendar for salon ... Cute Rose Gold Marble Cover, Size 8.5""x11",Viper Grey,Paperback,"Aug 27, 2024",
0,https://www.amazon.com/dp/B0DFTJWXC5,B0DFTJWXC5,"Client Appointment Book 2025: Dated Planner, Daily Appointment 15-Minute Increments from 8:00 AM to 7:45 PM, for Salon Owners, Stylists, Nail, Hair, and More, Large Size 8.5""x11",Viper Grey,Paperback,"Aug 27, 2024",
0,https://www.amazon.com/dp/B0DFTD6NC4,B0DFTD6NC4,"Nail Technician Client Record Book: Detailed Customer Management Organizer Logbook (100 profiles) 7""×10"" Premium floral design cover",Jini Sung,Paperback,"Aug 27, 2024",
0,https://www.amazon.com/dp/B0DFSR7MD2,B0DFSR7MD2,"Nail Technician Client Record Book: Detailed Customer Management Organizer Logbook (100 profiles) 7""×10"" Premium floral design cover",Jini Sung,Paperback,"Aug 26, 2024",
0,https://www.amazon.com/dp/B0DFS78Y6V,B0DFS78Y6V,"Nail Technician Client Record Book: Detailed Customer Management Organizer Logbook (100 profiles) 7""×10"" Premium floral design cover",Jini Sung,Paperback,"Aug 26, 2024",
0,https://www.amazon.com/dp/B0DFPFTWDX,B0DFPFTWDX,"Dog Grooming Appointment Book 2025: Dated Planner, 15-Month Daily Appointment Calendar Hourly Slots in 15-Minute Increments from 8:00 AM to 7:45 PM, ... Owners, Veterinarian, Large Size 8.5""x11",Viper Grey,Paperback,"Aug 26, 2024",
0,https://www.amazon.com/dp/B0DFMDMTT1,B0DFMDMTT1,Social Media Foundations: A Workbook for Authentic Brand Building,Alia Sabry,Paperback,"Aug 26, 2024",
0,https://www.amazon.com/dp/B0DFHQBJH6,B0DFHQBJH6,The Power of Storytelling in Marketing: 15 Strategies to Help You Craft Your Story,Kristopher Floyd,Kindle,"Aug 26, 2024",
0,https://www.amazon.com/dp/B0DF7LMNJB,B0DF7LMNJB,Unlocking the Power of Rich Business Messaging - RBM: The Evolution in the 5G Era,Mr Sajjad Ahmad,Kindle,"Aug 25, 2024",
0,https://www.amazon.com/dp/B0DFHLHQBV,B0DFHLHQBV,"Voicemail Log Pad: Practical Voicemail Call Log Book for Office, Message Recording, and Tracking Voicemail Messages - Sunflowers Cover Design",Ira O. Pacheco,Paperback,"Aug 24, 2024",
0,https://www.amazon.com/dp/B0DFHJWH1P,B0DFHJWH1P,"Voicemail Log: Practical Voicemail Call Log Book for Office, Message Recording, and Tracking Voicemail Messages - Floral Cover Design",Ira O. Pacheco,Paperback,"Aug 24, 2024",
0,https://www.amazon.com/dp/B0DFHJ3BGL,B0DFHJ3BGL,"Voicemail Log: Practical Voicemail Call Log Book for Office, Message Recording, and Tracking Voicemail Messages - Roses Cover Design",Ira O. Pacheco,Paperback,"Aug 24, 2024",
0,https://www.amazon.com/dp/B0DFCNQBJQ,B0DFCNQBJQ,"Client Appointment Book 2025: Dated Planner, 15-Month Daily Appointment Calendar Hourly Slots in 15-Minute Increments from 8:00 AM to 7:45 PM, Large Size 8.5""x11",Viper Grey,Paperback,"Aug 23, 2024",
1,https://www.amazon.com/dp/B0DCNFRJBT,B0DCNFRJBT,"Marvels and Myths of AI (Artificial Intelligence): The Miracle, The Mystery, The Malign (Four books, that show an Enterprise how best they can Manage and Mature Their Opperation)",Bob Heath,Kindle,"Aug 23, 2024",
0,https://www.amazon.com/dp/B0DF6JR8BV,B0DF6JR8BV,"WishMerge Notebook Focus: A Detailed Grid Paper Journal for Creative Focus, Precision Planning, and Mindful Design",Wish Merge,Paperback,"Aug 21, 2024",
0,https://www.amazon.com/dp/B0DF1C1VK7,B0DF1C1VK7,"WishMerge Graph Paper Notebook Letter B: A Steampunk-Inspired Journal for Creative Design, Engineering, and Precision Planning",Wish Merge,Paperback,"Aug 19, 2024",
0,https://www.amazon.com/dp/B0DDWJJ35J,B0DDWJJ35J,Case Studies in Customer Service,Gerard Assey,Paperback,"Aug 19, 2024",
0,https://www.amazon.com/dp/B0DDL91Y4Z,B0DDL91Y4Z,Case Studies in Customer Service: #CustomerServiceCaseStudies #CustomerServiceTraining #RetailCustomerService #CustomerSatisfactionStrategies #CustomerRetentionTechniques #CustomerServiceSkillsDev,Gerard Assey,Kindle,"Aug 19, 2024",
0,https://www.amazon.com/dp/B0DDK8DZ5G,B0DDK8DZ5G,IDENTITY UNLOCKED: PERSONAL AND CORPORATE BRANDING SECRETS,Goodson Mumba,Kindle,"Aug 18, 2024",
0,https://www.amazon.com/dp/B0DDR3WK3C,B0DDR3WK3C,"A-Z Notebook with Mark Tab Print: Wide Ruled Lined Paper with Alphabetical Tab, Large Journal, Idea for Address, Contact, Customer Info, Password and more.",Inham Happy Design,Hardcover,"Aug 17, 2024",
0,https://www.amazon.com/dp/B0DDQQ3296,B0DDQQ3296,"Client Appointment Book 2025: Dated Planner, 15-Month Daily Appointment Calendar Hourly Slots in 15-Minute Increments from 8:00 AM to 7:45 PM, Cute Floral Cover,Large Size 8.5""x11",Viper Grey,Paperback,"Aug 17, 2024",
1,https://www.amazon.com/dp/B0DDQLVM9F,B0DDQLVM9F,"Dog Grooming Appointment Book 2025: Dated Planner, 15-Month Daily Appointment Calendar Hourly Slots in 15-Minute Increments from 8:00 AM to 7:45 PM, Large Size 8.5""x11",Viper Grey,Paperback,"Aug 17, 2024",
0,https://www.amazon.com/dp/B0DDVTVYXF,B0DDVTVYXF,Role Playing For Unbeatable Customer Service,Gerard Assey,Kindle,"Aug 16, 2024",
0,https://www.amazon.com/dp/B0DDMBH9ST,B0DDMBH9ST,"Client Appointment Book 2025: 15 Month Daily Appointment Diary Hourly Slots in 15 Minute Increments from 8:00 AM to 7:45 PM, for salon owners, stylists, Nail, Hair, and More. Large Size 8.5""x11",Viper Grey,Paperback,"Aug 15, 2024",
0,https://www.amazon.com/dp/B0DDM5R25V,B0DDM5R25V,"Client Appointment Book 2025: Dated Planner, 15-Month Daily Appointment Calendar Hourly Slots in 15-Minute Increments from 8:00 AM to 7:45 PM, Large Size 8.5""x11",Viper Grey,Paperback,"Aug 15, 2024",
0,https://www.amazon.com/dp/B0DD4GR3QY,B0DD4GR3QY,The FAQ Guide: (for small businesses),Dinma Nmaele,Kindle,"Aug 14, 2024",
0,https://www.amazon.com/dp/B0DDCBFQ23,B0DDCBFQ23,"Address Book: Small Address Book With A to Z Index. Organiser Notebook For Keeping All Your Important Contact Information. Track Phone Numbers, ... Media, Birthdays and Notes. A5 Address Book .",Joudia Art Print,Paperback,"Aug 12, 2024",
0,https://www.amazon.com/dp/B0DDC2XK12,B0DDC2XK12,"Address Book: Small Address Book With A to Z Index. Organiser Notebook For Keeping All Your Important Contact Information. Track Phone Numbers, Emails,Socia Media, Birthdays and Notes. A5 Address Book",Joudia Art Print,Paperback,"Aug 12, 2024",
0,https://www.amazon.com/dp/B0DDBJ2WXT,B0DDBJ2WXT,"Address Book: Small Address Book With A to Z Index. Organiser Notebook For Keeping All Your Important Contact Information. Track Phone Numbers, ... Media, Birthdays and Notes. A5 Address Book.",Joudia Art Print,Paperback,"Aug 12, 2024",
0,https://www.amazon.com/dp/B0DD6Q6JFG,B0DD6Q6JFG,"Phone Call Logbook Large: Over 600 telephone messages, an inbound and outbound voicemail recording book, business and Personal use",Sandra Priya,Paperback,"Aug 11, 2024",
1,https://www.amazon.com/dp/B0DCTQ5484,B0DCTQ5484,Restaurant Reservation Book 2025: 365 Days Table Reservation Diary | Customer Record and Tracking Log | For Restaurants Hotels Bars | Daily Dated Pages,Created With Love,Hardcover,"Aug 9, 2024",
0,https://www.amazon.com/dp/1923007823,1923007823,Unleashing the Improvement Mindset: A better strategy for adopting a culture of continuous improvement for next level performance,Darcy Mellsop,Paperback,"Aug 9, 2024",
0,https://www.amazon.com/dp/1038840341,1038840341,The Operational Excellence Library; Mastering Customer Journey Blueprint,Gerardus Blokdyk - The Art of Service,Paperback,"Aug 8, 2024",
0,https://www.amazon.com/dp/B0DCP1CMLZ,B0DCP1CMLZ,"Complaints Log Book :Customer Complaint Logbook,Complaints Log",jack uk,Paperback,"Aug 8, 2024",
0,https://www.amazon.com/dp/B0DCNZW743,B0DCNZW743,"Complaints Log Book: Customer Complaint Logbook, Clients Complaints Tracking Notebook",jack uk,Paperback,"Aug 8, 2024",
0,https://www.amazon.com/dp/103884231X,103884231X,The Operational Excellence Library; Mastering Customer Advisory Boards,Gerardus Blokdyk - The Art of Service,Paperback,"Aug 8, 2024",
0,https://www.amazon.com/dp/B0DCG23Y8K,B0DCG23Y8K,SALES AND MARKETING SYNERGY: DRIVING GROWTH TOGETHER,Goodson Mumba,Kindle,"Aug 7, 2024",
0,https://www.amazon.com/dp/1637427042,1637427042,"The Good, The Bad, and The Emoji: Mastering the Art of Review Data",Menno Beker,Kindle,"Aug 6, 2024",
2,https://www.amazon.com/dp/1032530286,1032530286,Practical Digital Marketing and AI Psychology: How to Gain Online Consumer Trust and Sales Using Technologies and Psychology,J. Jonathan Gabay,Kindle,"Aug 5, 2024",
0,https://www.amazon.com/dp/B0DCZKG3YW,B0DCZKG3YW,Find Your Unique Story: Uncover the Narrative That Sets Your Business Apart,Joy Elizabeth Brett,Paperback,"Aug 4, 2024",
0,https://www.amazon.com/dp/B0DC6C2VF6,B0DC6C2VF6,THE RIGHT WORDS of Gratitude: Done-for-You Thank Yous to Patients (The Right Words Series),Ruth Holewinski,Kindle,"Aug 4, 2024",
1,https://www.amazon.com/dp/9843569814,9843569814,"Lawn Care Client Data Log Book: A Comprehensive Detailed Client Log Book for Professionals To Keep Track, Plan and Execute with Precision of Your Lawn Care Clients & Management",Skyler T. Lawnson,Paperback,"Aug 2, 2024",
0,https://www.amazon.com/dp/B0DC4N2F6L,B0DC4N2F6L,"Appointment Book Beauty Industry Planner: Undated 52 Week Booking/ Monday-Sunday 8 AM - 8PM/ 15 minute time slots/ 7""×10"" premium glossy cover design",Jini Sung,Paperback,"Aug 2, 2024",
0,https://www.amazon.com/dp/B0DC4K8HK5,B0DC4K8HK5,"I am 105% Tired: Inspirational Notebook to Stay Organized, 6 x 9 in, 120 pages. This Journal is a Perfect Gift for Coworkers, Friends and Family",Olivia Howe,Paperback,"Aug 2, 2024",
2,https://www.amazon.com/dp/B0DC463KGK,B0DC463KGK,Getting Leads And Selling Homes: Your Complete Guide To Success In Real Estate,Daniel Jackson,Paperback,"Aug 2, 2024",
0,https://www.amazon.com/dp/B0DBF3DRYS,B0DBF3DRYS,Referral Mastery: Expanding Networks and Cultivating Leads (Standout Communication Series),Leon Goltsman,Kindle,"Aug 2, 2024",
2,https://www.amazon.com/dp/B0DFYH8CZL,B0DFYH8CZL,Headache Journal for Kids — simple log for headaches and migraines,Nannette Smith,Paperback,"Aug 31, 2024",
0,https://www.amazon.com/dp/B0DG56NV4B,B0DG56NV4B,"Recovery Journal for Teens- 100 Journal Prompts, Affirmations and Habit Trackers for Your Journey for Sobriety: 8.5 X 11- A Workbook for Relapse Prevention and Sobriety Maintenance for Teens",Julia Yungman,Paperback,"Aug 31, 2024",
1,https://www.amazon.com/dp/B0DFYB2NJG,B0DFYB2NJG,Beachy Babe Journal,Hayley Harris,Kindle,"Aug 31, 2024",
0,https://www.amazon.com/dp/B0DFY1FFRP,B0DFY1FFRP,"Chill Out! In the Countryside: A Stress Relief Coloring Book for Kids & Adults: An 8.5"" x 8.5"" Paperback Coloring Book with 60 pages and a Colorful Glossy Cover",Lorna Whitney,Paperback,"Aug 31, 2024",
1,https://www.amazon.com/dp/B0DG3H5ZVL,B0DG3H5ZVL,The Mom Tarot Dot Journal: 6x9 With 200 Dot Grid Pages,Sarah Ganaway,Paperback,"Aug 31, 2024",
0,https://www.amazon.com/dp/B0DFYLX4TX,B0DFYLX4TX,"Beautiful Mermaid Composition Notebook/Journal, College Ruled, 150 lined pages, 8.5 x 11-inch",Danelle Rodriguez,Paperback,"Aug 31, 2024",
1,https://www.amazon.com/dp/B0DFYMTSKS,B0DFYMTSKS,UnJournal: Breakthrough Goal Setting and Self-Discovery Through Non-Dominant Hand Exercises,Shannon Noni,Paperback,"Aug 31, 2024",
0,https://www.amazon.com/dp/B0DGDY9YT2,B0DGDY9YT2,The Beauty Of Life,Dylan Watson,Kindle,"Aug 31, 2024",
0,https://www.amazon.com/dp/B0DG5HX4VH,B0DG5HX4VH,"electrician pocket notepad: notebook for Electricians best Electrical Reference, 5x8 Small Note Pads",Calvin O. Ross,Paperback,"Aug 31, 2024",
0,https://www.amazon.com/dp/B0DFZ32QTT,B0DFZ32QTT,"Transylvania | Castle: Dracula's Castle Notebook Journal | 200 Lined Pages | 6x9""",MorbidMonday Publishing,Paperback,"Aug 31, 2024",
0,https://www.amazon.com/dp/B0DGC81STG,B0DGC81STG,"Halloween: Coloring Book for Adults and Teens | 50 Intricate Designs for Relaxation, Creativity, and Spooky Fun",Rhapsody Art Books,Paperback,"Aug 31, 2024",
1,https://www.amazon.com/dp/B0DGGCTW1Z,B0DGGCTW1Z,THE WISDOM WORDS OF ANCIENT TAMIL SAGES (WORKBOOK): AVVAIYAR'S MOODHURAI (Quotes from Ancient Tamil Authors),Balasubramani Palaniyandi,Kindle,"Aug 31, 2024",
0,https://www.amazon.com/dp/B0DH4VX798,B0DH4VX798,Mapping the Body's Energy Systems: A Reference Guide to self healing,Ms  Julia Teresa Longin,Kindle,"Aug 31, 2024",
0,https://www.amazon.com/dp/B0GVJB46PH,B0GVJB46PH,"Your Brain is not Broken: Why Anxiety, Overthinking, And Emotional Exhaustion Are Survival Responses (The Survival Brain Series)","Alina Smith, PMHNP-C",Paperback,"Mar 30, 2026",
2,https://www.amazon.com/dp/B0DFXC4T5B,B0DFXC4T5B,Process Empathy: The Practical Guide for Effective Bureaucrats,Ben Payne,Kindle,"Aug 31, 2024",
0,https://www.amazon.com/dp/B0DFY5J42P,B0DFY5J42P,"Halloween Horror Coloring Book: 50 Spine-Tingling and Haunting Pages ǀ Witches, Ghouls, and Haunted Houses ǀ Perfect Halloween Gift for Coloring Enthusiasts",Ray McMillan,Hardcover,"Aug 31, 2024",
1,https://www.amazon.com/dp/B0DG34DB62,B0DG34DB62,The M.D. Mouth Discipline: Words Matter,Penny Dawson,Paperback,"Aug 31, 2024",
0,https://www.amazon.com/dp/B0DG35281J,B0DG35281J,"North Dakota State Flower, Wild Prairie Rose (Rosa blanda or arkansana) Notebook, Journal, Gift for Women, Teens, Young Adults, Nature Lovers: 120 white lined pages, 6""x9""",Kelli McLaughlin,Hardcover,"Aug 31, 2024",
0,https://www.amazon.com/dp/B0DG33RFRB,B0DG33RFRB,"North Carolina State Flower, Flowering Dogwood (Cornus florida) Notebook, Journal, Gift for Nature Lovers, Women, Teens, Young Adults: 120 white lined pages, 6""x9""",Kelli McLaughlin,Hardcover,"Aug 31, 2024",
1,https://www.amazon.com/dp/B0DFX5NDJG,B0DFX5NDJG,"Stress Relief Cushy - Serene Coloring Book for Adults: Featuring Landscapes, Flowers, Patterns, Mushrooms, and More for Relaxation",Dr. Leena,Paperback,"Aug 31, 2024",
1,https://www.amazon.com/dp/B0DG5JW3CJ,B0DG5JW3CJ,The Write Affirmation: Transform Your Handwriting and Your Thoughts.,Mo Kiera,Paperback,"Aug 31, 2024",
1,https://www.amazon.com/dp/B0DFYH3G71,B0DFYH3G71,2025-2026 Two Year Planner Pocket Size: Elephant animal themed Cover 2 Page Spreads With Monthly Calendar Grids 24 Months Organizer,Folashade Publishing,Paperback,"Aug 31, 2024",
3,https://www.amazon.com/dp/B0DFXJ6924,B0DFXJ6924,Let's Excavate,Alfred  Unzell Green,Kindle,"Aug 31, 2024",
3,https://www.amazon.com/dp/B0DG33J6D8,B0DG33J6D8,Madame Ostrich Notebook,Camden Works,Hardcover,"Aug 31, 2024",
0,https://www.amazon.com/dp/B0DFY5FV14,B0DFY5FV14,"Easy Magical Autumn Fairy Family Coloring Book for All Ages: Teens, Girls, and Seniors. Large Print for Stress Relief and Relaxation.. (Large Print ... Adult Women for Stress Relief and Relaxation)",Daroz Imagination Press,Paperback,"Aug 31, 2024",
0,https://www.amazon.com/dp/B0DFYSYTF3,B0DFYSYTF3,Breaking Free: A Guided Journal for Overcoming Toxic Shame and Embracing Self-Compassion,Mr Nicholaus Sherkha,Paperback,"Aug 31, 2024",
0,https://www.amazon.com/dp/B0DFY991MF,B0DFY991MF,"Halloween Adult Coloring Book: 50 Eerie and Spooky Designs ǀ Witches, Ghouls, Haunted Houses & More ǀ Perfect Halloween Gift for Coloring Enthusiasts",Ray McMillan,Hardcover,"Aug 31, 2024",
1,https://www.amazon.com/dp/B0DGWQRS6G,B0DGWQRS6G,Teacher's Aides Make A Difference: Blank Lined Notebook - Teacher's Aide Appreciation Gifts,Happy Counselor Quill,Paperback,"Aug 31, 2024",
5,https://www.amazon.com/dp/B0F4KJ8X1R,B0F4KJ8X1R,"Just one good thought: Daily Reminders to Keep You Grounded, Hopeful, and Kind to Yourself",True Path Publishing,Paperback,"Apr 10, 2025",
0,https://www.amazon.com/dp/B0DFYNKGC4,B0DFYNKGC4,"Kids Christmas Ephemera Book: Fun and cute sticker shapes, for cutting out and creating artwork, in scrapbooks and collages",The Tattered Breeze,Paperback,"Aug 31, 2024",
1,https://www.amazon.com/dp/B0DFYJQKQX,B0DFYJQKQX,Pocket Diary 2025-2026: Small Monthly Planner for Purse Dated from January 25 to December 26 || 24 Months Appointment Book with Holidays and Inspirational Quotes || Black Cover - UK Edition,UK Press,Paperback,"Aug 31, 2024",
0,https://www.amazon.com/dp/B0DFYNN8PW,B0DFYNN8PW,"The Journal of ""I AM"" for Teenage Girls: Guided Strategies to Edify Your Mindset and Your World",Kimberly Wilkerson,Paperback,"Aug 31, 2024",
1,https://www.amazon.com/dp/B0DG61HH8T,B0DG61HH8T,"Mental Health Toolkit for Men (THE UPLIFT METHOD — Mind, Body, Spirit Wellness)",Sara Plummer Barnard,Kindle,"Aug 31, 2024",
0,https://www.amazon.com/dp/B0DG37LRF7,B0DG37LRF7,"Gardeners Notebook: A Lined Notebook for Garden Enthusiasts | Embrace the Calm in Your Garden | 110 Pages, 6x9",Robin Slee,Paperback,"Aug 31, 2024",
2,https://www.amazon.com/dp/B0DG34W4BC,B0DG34W4BC,I CAN LEARN ANYTHING: My Study Notebook for Capturing Course Content,Marie T. Rogers  Ph.D.,Paperback,"Aug 31, 2024",
0,https://www.amazon.com/dp/B0DHY3VPNM,B0DHY3VPNM,"Photographer's Field Notebook: Capture, Reflect, and Perfect Every Shoot",Corporate Biss Stationary,Paperback,"Aug 31, 2024",
1,https://www.amazon.com/dp/B0DGDKJW3X,B0DGDKJW3X,Can I Give My Love To You?,Idow Soul,Kindle,"Aug 31, 2024",
0,https://www.amazon.com/dp/B0DFXSJBHH,B0DFXSJBHH,"Noah’s Hometown Word Search Puzzles with FULL-SIZED ANSWERS included PALM COAST (FL): Includes Local Streets, Landmarks, Institutions, Businesses, and Memories (Florida - City Puzzles - Alphabetical)",Noah Houston,Paperback,"Aug 31, 2024",
1,https://www.amazon.com/dp/B0DFYMNHHR,B0DFYMNHHR,Sobriquet Planner: Oct-Dec 2024: for Beautiful Days,Chloe Bruderer,Paperback,"Aug 31, 2024",
0,https://www.amazon.com/dp/B0DG3H5CMT,B0DG3H5CMT,"Caregiver Patient Carer Record Log Book: Assisted Support Journal. Detail & Update Every Visit. Ideal for Carers, Healthcare Professionals, and Therapists",Moonpeak Library,Hardcover,"Aug 31, 2024",
0,https://www.amazon.com/dp/B0DG35WWRB,B0DG35WWRB,Notes,Kristin Villa,Paperback,"Aug 31, 2024",
0,https://www.amazon.com/dp/B0DFZW732V,B0DFZW732V,107 Quotes on Career Success and Employability,H. Canario,Kindle,"Aug 31, 2024",
0,https://www.amazon.com/dp/B0FC5TVXR4,B0FC5TVXR4,Your Guide To Modern Plastic Surgery: How To Enhance Your Natural Beauty And Avoid A Plastic Surgery Disaster (Laith Barnouti),Laith Barnouti,Kindle,"Aug 31, 2024",
0,https://www.amazon.com/dp/B0DLJG1KPV,B0DLJG1KPV,Hot Girls Color Too!: Summer Vibes & Good Times,Elainie J,Paperback,"Aug 31, 2024",
0,https://www.amazon.com/dp/B0DKT1ZN7F,B0DKT1ZN7F,Hot Girls Color Too!: V1. Free The Girls,Elainie J,Paperback,"Aug 31, 2024",
0,https://www.amazon.com/dp/B0DJW2JHNF,B0DJW2JHNF,Weekly planner,Audrey Marchand,Paperback,"Aug 31, 2024",
1,https://www.amazon.com/dp/B0DJNQG3KX,B0DJNQG3KX,Where No Man Has Gone Before,Christopher Naylor,Kindle,"Aug 31, 2024",
0,https://www.amazon.com/dp/B0DJMGXSGT,B0DJMGXSGT,"Striped Notebook – Size 6"" x 9"" 120 Lined Pages",DTL Publishing,Paperback,"Aug 31, 2024",
1,https://www.amazon.com/dp/B0DJMFXFJZ,B0DJMFXFJZ,"Toy Duck Notebook – Size 6"" x 9"" 120 Lined Pages",DTL Publishing,Paperback,"Aug 31, 2024",
1,https://www.amazon.com/dp/B0DJDJPTSN,B0DJDJPTSN,"Striped Notebook – Size 6"" x 9"" 120 Lined Pages",DTL Publishings,Paperback,"Aug 31, 2024",
0,https://www.amazon.com/dp/B0DHXXG78G,B0DHXXG78G,"Trilora Black Vintage Aesthetic Composition Notebook: Ruled 150 Pages 8.5 X 11"" For For Students, Writers, And Anyone Who Appreciates A Touch Of Old-World Sophistication.",LoveMyself,Paperback,"Aug 31, 2024",
0,https://www.amazon.com/dp/B0DHSSBX5L,B0DHSSBX5L,Daily Reflection Planner: Journaling your daily self-reflection and unleash your full potential,Arlaine Anderson,Paperback,"Aug 31, 2024",
0,https://www.amazon.com/dp/B0DHSN8ZJC,B0DHSN8ZJC,High Quality Flowers Life Quote Daily Notebook Pad Lined Paper (Inspirational quotes),Caroline Quote Blakely,Paperback,"Aug 31, 2024",
0,https://www.amazon.com/dp/B0DHPLN5VP,B0DHPLN5VP,RICH MINDSET JOURNAL,Rich Mindset IAMRICHMINDSET,Paperback,"Aug 31, 2024",
0,https://www.amazon.com/dp/B0DH8M72KQ,B0DH8M72KQ,"In My Journal Era: Notebook for Kids, Tweens and Teens/110 pages, 7.5 x 9.25",EP Publishing,Paperback,"Aug 31, 2024",
0,https://www.amazon.com/dp/B0DH51W76M,B0DH51W76M,Composition Notebook: Preppy Aesthetic Coquette Bows,mira ntbk,Paperback,"Aug 31, 2024",
0,https://www.amazon.com/dp/B0DH3CV5NB,B0DH3CV5NB,"Tis the Season: Easy Halloween Coloring Book | Fun Large Print Coloring Book | All Ages Coloring Book | Halloween Coloring Book for All ages, 7.5X9.25, 60 Unique pages",Ady Perez,Paperback,"Aug 31, 2024",
0,https://www.amazon.com/dp/B0DH284X6P,B0DH284X6P,"Notes: 120-Page Ruled Notebook: 8.5 x 11 Inches | Perfect for Class Notes, Homework, Journaling, and Study Sessions | Great for High School, College, and University Students",Cherry Fox,Paperback,"Aug 31, 2024",
0,https://www.amazon.com/dp/B0DGV5GDXL,B0DGV5GDXL,My 21-day Wellness Journal: Adopting new habits (Adaptando mis hábitos),Gabriel Gutierrez,Paperback,"Aug 31, 2024",
0,https://www.amazon.com/dp/B0DGTD8T19,B0DGTD8T19,"Ultimate Planner 2024-2025: Daily, Monthly, and Weekly",Ryan A Clark,Paperback,"Aug 31, 2024",
0,https://www.amazon.com/dp/B0DGT68V4H,B0DGT68V4H,The Notebook of New Beginnings,Miss Juveria Fatima,Paperback,"Aug 31, 2024",
0,https://www.amazon.com/dp/B0DGMC6CQS,B0DGMC6CQS,"A Photographers Field Notebook: Capture, Reflect, and Perfect Every Shoot",Corporate Bliss Stationary,Paperback,"Aug 31, 2024",
0,https://www.amazon.com/dp/B0DGLXHHSH,B0DGLXHHSH,Beyond The Veil: Recording Dreams and Visions,Blessing Uchegbu,Paperback,"Aug 31, 2024",
0,https://www.amazon.com/dp/B0DGGN95KL,B0DGGN95KL,Caution: Mind Under Construction,A Rare Jewel,Paperback,"Aug 31, 2024",
0,https://www.amazon.com/dp/B0DGGF78DV,B0DGGF78DV,"The 60""s: Daily Planner",Ruby Rae,Paperback,"Aug 31, 2024",
0,https://www.amazon.com/dp/B0DGGCXF1R,B0DGGCXF1R,Pink Time Blue Time: Unlocking the Intimate Marriage,David Richardson,Paperback,"Aug 31, 2024",
0,https://www.amazon.com/dp/B0DGGC3GJL,B0DGGC3GJL,Digital Age Skills for Analog Age Minds,J M Bray,Paperback,"Aug 31, 2024",
0,https://www.amazon.com/dp/B0DGG3JHZV,B0DGG3JHZV,"Journal Notebook, Green Cottagecore: 5x6 in, 100 lined pages",Tracy Boon,Paperback,"Aug 31, 2024",
0,https://www.amazon.com/dp/B0DGFYTBBJ,B0DGFYTBBJ,Nature-themed journal with bear: Embrace the Wild: Nature's Spirit Animal notebook,Rosehaven Publishing,Hardcover,"Aug 31, 2024",
0,https://www.amazon.com/dp/B0DGFYRDWT,B0DGFYRDWT,Gratitude Journal,Print Media,Hardcover,"Aug 31, 2024",
0,https://www.amazon.com/dp/B0DGFV28X4,B0DGFV28X4,BELIEVE,GAGAN MANDER,Paperback,"Aug 31, 2024",
0,https://www.amazon.com/dp/B0DGFD42C8,B0DGFD42C8,THE GROWTH,RUQIYA FATIMA,Paperback,"Aug 31, 2024",
0,https://www.amazon.com/dp/B0DGF6XJYP,B0DGF6XJYP,Caregiver Daily Log Book Customizable 5 Column: 120 Pages,Simple   hadram press,Paperback,"Aug 31, 2024",
0,https://www.amazon.com/dp/B0DGF22ZWK,B0DGF22ZWK,"Shine with Gratitude.: My gratitude journal with pages to be thankful and an exercise at the end of each week to reflect, let your imagination run ... cultivate a positive attitude in your life.",Elise Montmery,Paperback,"Aug 31, 2024",
0,https://www.amazon.com/dp/B0DGF1VSHN,B0DGF1VSHN,"Notes: Black, Lined 120 Notebook",Kaley G,Paperback,"Aug 31, 2024",
0,https://www.amazon.com/dp/B0DGDZDR4P,B0DGDZDR4P,Notebook: Thoughts & Musings: A Classic Lined Notebook for Capturing Your Ideas,Onix Ortiz,Paperback,"Aug 31, 2024",
3,https://www.amazon.com/dp/B0FVZ416C3,B0FVZ416C3,Life's too short to wear tight underpants,Derek Lee Olson,Paperback,"Oct 11, 2025",
0,https://www.amazon.com/dp/B0DGDVLDM9,B0DGDVLDM9,TURN ON YOUR GLOBE,EARNEST HERO,Paperback,"Aug 31, 2024",
0,https://www.amazon.com/dp/B0DGDHFK6L,B0DGDHFK6L,"Cozy Christmas Bold And Easy Coloring Book For Adults, Teens And Kids: 50 Cheerful Xmas Designs to Bring the Holiday Spirit. Ideal for Alcohol Markers (Kate Bold And Easy Coloring Book)",Kate Color Book,Paperback,"Aug 31, 2024",
1,https://www.amazon.com/dp/B0DGDCLKBY,B0DGDCLKBY,Her Heart,Pastor Gloria Hood,Paperback,"Aug 31, 2024",
0,https://www.amazon.com/dp/B0DGD76CMT,B0DGD76CMT,I’m GRATEFUL for everything: A gratitude journal for boys with daily prompts and 20 coloring pages to inspire appreciation and positivity in just 3-5 minutes a day (Gratitude jounal for kids),Nalin Sindhvananda,Paperback,"Aug 31, 2024",
0,https://www.amazon.com/dp/B0DGCLMS6M,B0DGCLMS6M,"Coquette Composition Notebook College Ruled: Floral & Butterfly Aesthetic Pink Girly For School Supplies For Girls, Teens and Women.",Lycia Emily,Paperback,"Aug 31, 2024",
0,https://www.amazon.com/dp/B0DGBWSWL8,B0DGBWSWL8,Nature-themed journal with fox: Embrace the Wild: Nature's Spirit Animal notebook,Rosehaven Publishing,Hardcover,"Aug 31, 2024",
0,https://www.amazon.com/dp/B0DG9X54HL,B0DG9X54HL,101 Serene Landscapes: A Relaxing Coloring Book for Adults: Discover Peace and Calm with 101 Stunning Landscape Designs,James Nelson,Paperback,"Aug 31, 2024",
0,https://www.amazon.com/dp/B0DG9SYDF3,B0DG9SYDF3,Becoming a successful man: 30 day guide,James E Griffin,Paperback,"Aug 31, 2024",
0,https://www.amazon.com/dp/B0DG9BPHY5,B0DG9BPHY5,Wild Wonders COLORING BOOK: Jungle Animal Patterns Coloring Book,Ten Ten De Dios,Paperback,"Aug 31, 2024",
0,https://www.amazon.com/dp/B0DG96R115,B0DG96R115,Nature-themed journal with deer: Embrace the Wild: Nature's Spirit Animal notebook,Rosehaven Publishing,Hardcover,"Aug 31, 2024",
0,https://www.amazon.com/dp/B0DG94RWD6,B0DG94RWD6,"Cute & cozy girl: Bold Coloring Book for Teens, Adults and Kids, Simple and Big Designs for Relieve stress and Relaxation.",illy scotlet,Paperback,"Aug 31, 2024",
0,https://www.amazon.com/dp/B0DG946TP9,B0DG946TP9,MEAL PLAN JOURNAL: Weekly Menu Plan organizer,DAHLIA Publishing,Paperback,"Aug 31, 2024",
0,https://www.amazon.com/dp/B0DG8RVKQP,B0DG8RVKQP,"Bold And Easy Cozy Autumn Coloring Book: Beautiful Hygge Fall-Themed Designs Including Pumpkins, Pies, Woodland Nature, Hobbies and More | Simple, ... Teens and Kids (Bold and Easy Coloring Books)",Sunday Blue Creations,Paperback,"Aug 31, 2024",
0,https://www.amazon.com/dp/B0DG8QKY62,B0DG8QKY62,"Inspirations In Ink: A Guided Christian Sermon Journal & Bible Coloring Book - Vol. 18, Purple & Pink Edition: 6"" x 9"" | Enhancing Worship Notes, ... – “James 1:3: Faith Produces Perseverance""",Amber Ink&Indigo,Hardcover,"Aug 31, 2024",
0,https://www.amazon.com/dp/B0DG8QGP51,B0DG8QGP51,ADULT COLOURING BOOK: Stress-Relieving Animal Patterns,Rickie Lynch,Paperback,"Aug 31, 2024",
0,https://www.amazon.com/dp/B0DG8J1DQ6,B0DG8J1DQ6,Cats A: Abby to Azure,C.A. Tilden,Paperback,"Aug 31, 2024",
0,https://www.amazon.com/dp/B0DG88X9W6,B0DG88X9W6,Magical Mandalas: Discover your creativity,Josy Mandson,Paperback,"Aug 31, 2024",
0,https://www.amazon.com/dp/B0DG86HK5L,B0DG86HK5L,Vivid Dreams Colouring Book,Brandon Lee Dellow,Paperback,"Aug 31, 2024",
0,https://www.amazon.com/dp/B0DG85Q66T,B0DG85Q66T,Cozy Kittens Costume Adventure: Cute Coloring Book,Cupful Collective,Paperback,"Aug 31, 2024",
0,https://www.amazon.com/dp/B0DG6BN9D4,B0DG6BN9D4,I Could Never Be More Grateful Journal: A book with 365 ruled pages (with floral designs) for journaling what you gives you daily gratitude.,Creative Africa Space Ltd,Paperback,"Aug 31, 2024",
0,https://www.amazon.com/dp/B0DG633V46,B0DG633V46,Stop Procrastinating: How to Take Action and Achieve Results: Stop Procrastinating Today: Practical Strategies to Improve Your Productivity and Achieve Your Goals,ROCIO AVILA,Paperback,"Aug 31, 2024",
0,https://www.amazon.com/dp/B0DG5ZLD78,B0DG5ZLD78,Mind and Body: A Mindfulness Colouring Book,Brandon Lee Dellow,Paperback,"Aug 31, 2024",
0,https://www.amazon.com/dp/B0DG5Y6GJR,B0DG5Y6GJR,My Childbirth Journey & Planner: Positive Glow,Edlyn Cherry,Paperback,"Aug 31, 2024",
0,https://www.amazon.com/dp/B0DG5P5F9G,B0DG5P5F9G,"Gratitude Journal: Your Pathway to Happiness, Fulfillment, and Success",M S K,Paperback,"Aug 31, 2024",
0,https://www.amazon.com/dp/B0DG5HYP7J,B0DG5HYP7J,"2025 Monthly Planner: Essential Tool for Daily and Monthly Management | Perfect for Personal and Professional Use, Features Monthly Calendars, To Do Lists, Goals and Notes Sections.",SAKEE,Paperback,"Aug 31, 2024",
0,https://www.amazon.com/dp/B0DG5D5SWF,B0DG5D5SWF,Daily Gratitude & Affirmation Journal for Tracking Your Mood and Reflect with Daily Prompts: A Mindful Activity for Personal Growth and Wellbeing.,Fernanda Albuquerque,Paperback,"Aug 31, 2024",
0,https://www.amazon.com/dp/B0DG59WVFF,B0DG59WVFF,"Colorful Ferris Wheel Folk Art Notebook – 6x9 Lined Journal with 100 Pages, Whimsical Carousel Design",PeteCo Books,Paperback,"Aug 31, 2024",
0,https://www.amazon.com/dp/B0DG599J78,B0DG599J78,6x9 Beach Sunset Surf Skeleton blank lined page journal,Carrie A Suydam,Paperback,"Aug 31, 2024",
0,https://www.amazon.com/dp/B0DG58WL2X,B0DG58WL2X,"electrician pocket notepad: notebook for Electricians best Electrical Reference, 5x8 Small Note Pads",Calvin O. Ross,Paperback,"Aug 31, 2024",
0,https://www.amazon.com/dp/B0DG58Q2B6,B0DG58Q2B6,"2025 Monthly Planner: The Ultimate Monthly Organizer | Includes Goal Setting, To-Do Lists, and Special Notes Sections, from January 2025 to December 2025, 8.5"" x 11""",SAKEE,Paperback,"Aug 31, 2024",
0,https://www.amazon.com/dp/B0DG58P7F7,B0DG58P7F7,Unlock Your Inner Talent: The Key to Unleashing Your True Potential: 120-Day Motivation Journal,MS Sadi,Paperback,"Aug 31, 2024",
0,https://www.amazon.com/dp/B0DG57BQG3,B0DG57BQG3,Mystical Mandalas: A Journey Through Colors and Calm: 50 creative mandalas that reduce your anxiety,Shade&Shine Publishing,Paperback,"Aug 31, 2024",
0,https://www.amazon.com/dp/B0DG56FXHT,B0DG56FXHT,"Pug Lover's Notebook: A Blank Lined Journal for Your Thoughts, Dreams, and Doodles",Amelia Rupsys,Paperback,"Aug 31, 2024",
0,https://www.amazon.com/dp/B0DG51VJQJ,B0DG51VJQJ,coloring book: DOG,Hoshino Hikaru,Paperback,"Aug 31, 2024",
0,https://www.amazon.com/dp/B0DG4ZDZ43,B0DG4ZDZ43,Manifestation Journal: Good things await you,Zaynab Kay,Paperback,"Aug 31, 2024",
0,https://www.amazon.com/dp/B0DG4X4494,B0DG4X4494,The Mom Tarot Journal: 6x9 With 200 Lined & Dot Pages,Sarah Ganaway,Paperback,"Aug 31, 2024",
0,https://www.amazon.com/dp/B0DG4T42ZW,B0DG4T42ZW,Drama Queen Grid Tarot Journal: 6x9 4mm Grid With 200 Pages,Sarah Ganaway,Paperback,"Aug 31, 2024",
0,https://www.amazon.com/dp/B0DG4MPYTX,B0DG4MPYTX,UNMASKING SOCIAL MEDIA,VERSUS VAULT,Kindle,"Aug 31, 2024",
0,https://www.amazon.com/dp/B0DG4M5YBN,B0DG4M5YBN,Drama Queen Tarot Journal: 6x9 With 200 Lined & Dot Pages,Sarah Ganaway,Paperback,"Aug 31, 2024",
0,https://www.amazon.com/dp/B0DG3VGM8N,B0DG3VGM8N,"2025 Academic Planner Weekly & Monthly Agenda Book: Yearly Calendar Planning, To Do List Notebook, Habit Tracker, Fitness/Workout log book",Lisa Huynh,Paperback,"Aug 31, 2024",
0,https://www.amazon.com/dp/B0DG3TV3XQ,B0DG3TV3XQ,Blake McGrath Mini Mentee Journal,Blake McGrath,Hardcover,"Aug 31, 2024",
0,https://www.amazon.com/dp/B0DG3TTW9V,B0DG3TTW9V,Dream Big: Career Focused Journal for Teens,Lily Miari Holmes,Paperback,"Aug 31, 2024",
0,https://www.amazon.com/dp/B0DG3TT566,B0DG3TT566,"Cute Little Birds Sketchbook Bullet Journal |: Perfect gift | Sized 6"" x 9"" in | 150 Grid pages | For Sketching, Drawing, Journalling",Andressa Amaral Miranda,Paperback,"Aug 31, 2024",
0,https://www.amazon.com/dp/B0DG3TRT7M,B0DG3TRT7M,"2025-2026 Habit Tracker Bullet Journal: Jan 2025 - Dec 2026 Bullet Journaling for Men and Women with Vision Board, Goals and Self Care...Greenery Floral Cover",Wonder Life Team,Paperback,"Aug 31, 2024",
0,https://www.amazon.com/dp/B0DG3RYKVP,B0DG3RYKVP,Healthful Journal’s 21 Day Weight Loss Journal,Lily Miari Holmes,Paperback,"Aug 31, 2024",
0,https://www.amazon.com/dp/B0DG3PFJ9Y,B0DG3PFJ9Y,FITNESS TRACKER,Max Power,Paperback,"Aug 31, 2024",
0,https://www.amazon.com/dp/B0DG3PF82D,B0DG3PF82D,"Warrior's Notebook: Unique Katana Sword Design | Lined Journal for Writing, Notes, and Creativity - Perfect for Martial Arts Enthusiasts, Students, and Professionals",Logan Pool,Paperback,"Aug 31, 2024",
0,https://www.amazon.com/dp/B0DG3NVH9G,B0DG3NVH9G,Don't Panic! I'm A Professional Charge Nurse Diary: Undated Planner - Start At Any Time Of Year - Weekly Organizer For A Busy Charge Nurse,Terry Sideways,Paperback,"Aug 31, 2024",
0,https://www.amazon.com/dp/B0DG3LYHQW,B0DG3LYHQW,Drama Queen Dot Journal: 6x9 With 200 Dot Grid Pages,Sarah Ganaway,Paperback,"Aug 31, 2024",
0,https://www.amazon.com/dp/B0DG3K1TGK,B0DG3K1TGK,Notebook: Floral Vibrant Patchwork Journal,Lesley J Coe,Paperback,"Aug 31, 2024",
1,https://www.amazon.com/dp/B0DG3JKB9H,B0DG3JKB9H,"Distinctly Me!: My ""Journey"" Journal",Marilyn Owens,Paperback,"Aug 31, 2024",
0,https://www.amazon.com/dp/B0DG3FSNCK,B0DG3FSNCK,Notebook: Graph Paper with Decoration,LaChoco Publishing,Paperback,"Aug 31, 2024",
0,https://www.amazon.com/dp/B0DG3BM3JS,B0DG3BM3JS,White Floral Notebook - Softcover,Thy Name,Paperback,"Aug 31, 2024",
0,https://www.amazon.com/dp/B0DG39N6FL,B0DG39N6FL,Breaking News Notebook,Erikka B,Paperback,"Aug 31, 2024",
0,https://www.amazon.com/dp/B0DG39KN2W,B0DG39KN2W,"A Yawn Is a Silent Scream for Coffee: Sarcastic Journal for Coffee Addicts – Perfect Christmas Gift for Caffeine Lovers, Office Secret Santa, and Funny Coworker Gifts",GRAPHIX REYNOLDS,Paperback,"Aug 31, 2024",
0,https://www.amazon.com/dp/B0DG39K4S4,B0DG39K4S4,Composition Book (small): Motivational journal notebook for friends and family,G Scothany,Paperback,"Aug 31, 2024",
1,https://www.amazon.com/dp/B0DG39JMBB,B0DG39JMBB,"From Chaos to Calm: A 52-Week Guided Prompts for Healing, Self discovery, and Personal Growth",Chinwe Enyinna,Paperback,"Aug 31, 2024",
0,https://www.amazon.com/dp/B0DG39GQ6N,B0DG39GQ6N,Breaking The Cycle: A Guide to Healing and Moving From Trauma & Parental Impact,Lakayla Shaw,Paperback,"Aug 31, 2024",
0,https://www.amazon.com/dp/B0DG39F59T,B0DG39F59T,Blake McGrath Pre-Professional Mentorship Journal,Blake McGrath,Hardcover,"Aug 31, 2024",
0,https://www.amazon.com/dp/B0DG395XS9,B0DG395XS9,Hustle Journal: Hustle for life,Anya Gupta,Paperback,"Aug 31, 2024",
0,https://www.amazon.com/dp/B0DG38Z5KF,B0DG38Z5KF,"Dating Journal,: Love Detective: How to Avoid Scammers in Online Dating",Ana Brown,Paperback,"Aug 31, 2024",
0,https://www.amazon.com/dp/B0DG38XHTV,B0DG38XHTV,Self Care journal for Women - 50+ Pages,Almaas Husain,Paperback,"Aug 31, 2024",
0,https://www.amazon.com/dp/B0DG38T778,B0DG38T778,Affirmations guide and journal for manifestation,Dr Swaleha Inamdar,Paperback,"Aug 31, 2024",
0,https://www.amazon.com/dp/B0DG38JG8Q,B0DG38JG8Q,"Habit Tracker 2025-2026 Bullet Journal: Jan 2025 - Dec 2026 Bullet Journaling for Men and Women with Vision Board, Goals and Self Care...Floral Design Cover",Wonder  Life Team,Paperback,"Aug 31, 2024",
0,https://www.amazon.com/dp/B0DG38BN4C,B0DG38BN4C,Leopard Composition Notebook College Ruled: Matte 120 Pages,Andrea Guadalupe Gonzales,Paperback,"Aug 31, 2024",
0,https://www.amazon.com/dp/B0DG387YYX,B0DG387YYX,The Heartfelt Moments: A Gratitude Journal,Sanika Foster-Thompson,Paperback,"Aug 31, 2024",
0,https://www.amazon.com/dp/B0DG383D9Y,B0DG383D9Y,Journal Notebook for Daily Journaling and Reflection: Original Flower Design for Adults and Teens 150 Pages Paperback 6x9,Lacey C Sonnier,Paperback,"Aug 31, 2024",
0,https://www.amazon.com/dp/B0DG381Y2G,B0DG381Y2G,"BUTTER ME UP - FUNNY POPCORN COUPLE: WIDE-LINED NOTEBOOK, DIARY, JOURNAL",JUSTINE JS DANIEL,Paperback,"Aug 31, 2024",
0,https://www.amazon.com/dp/B0DG37TNHD,B0DG37TNHD,Rawr! Notebook - 6' x 9' | Lined journal with inspirational front quote | Gift,Molls G,Paperback,"Aug 31, 2024",
0,https://www.amazon.com/dp/B0DG37T9C4,B0DG37T9C4,Keep Calm and Write Picture Books Notebook | Writers' Journal | 110 lined pages,Design by Tasha,Paperback,"Aug 31, 2024",
0,https://www.amazon.com/dp/B0DG37SVJ6,B0DG37SVJ6,Insert Habit Here: A planner to create new habits.,Daniel Lane,Paperback,"Aug 31, 2024",
0,https://www.amazon.com/dp/B0DG37RYYD,B0DG37RYYD,We Love Cats | Composition Notebook | 7.5 x 9.25'' | 110 Pages | College Ruled | Paperback: Notebook for Cat Lovers! Enjoy Writing!,Meadow Design Publisher,Paperback,"Aug 31, 2024",
0,https://www.amazon.com/dp/B0DG37QYKN,B0DG37QYKN,Finding Joy In the Journey: While being true to yourself,Lakendra Fielder,Paperback,"Aug 31, 2024",
0,https://www.amazon.com/dp/B0DG37P4BH,B0DG37P4BH,Spooky Vibes.,Zel Lan,Paperback,"Aug 31, 2024",
0,https://www.amazon.com/dp/B0DG37H1ZD,B0DG37H1ZD,6x9 Maryland Flag & crab blank lined journal,Carrie A Suydam,Paperback,"Aug 31, 2024",
0,https://www.amazon.com/dp/B0DG37D1TS,B0DG37D1TS,Don't Panic! I'm A Professional Charities Assistant Diary: Undated Planner - Start At Any Time Of Year - Weekly Organizer For A Busy Charities Assistant,Terry Sideways,Paperback,"Aug 31, 2024",
0,https://www.amazon.com/dp/B0DG3768YB,B0DG3768YB,"Black & Gray Trim Lined Paper Notebook 120 Pages 6 x 9 Inches: Gifts for Students, Workers, and Writing Down Notes",Justin Anthony Ortiz,Paperback,"Aug 31, 2024",
0,https://www.amazon.com/dp/B0DG375NT3,B0DG375NT3,Journal: Strong Woman Notebook,Lesley J Coe,Paperback,"Aug 31, 2024",
0,https://www.amazon.com/dp/B0DG371TQG,B0DG371TQG,90 Days Sobriety Journal,Erikka B Better,Paperback,"Aug 31, 2024",
0,https://www.amazon.com/dp/B0DG3714ML,B0DG3714ML,"Shit I Can't Remember My Password and More...! 200 pages: Organizer, Notebook for Passwords, Daily, Monthly Planner, Medical Appointments, and other shit",Tersia Gouws,Paperback,"Aug 31, 2024",
0,https://www.amazon.com/dp/B0DG36ZN7P,B0DG36ZN7P,Composition Notebook | For School Children | 7.5 x 9.25'' | 110 Pages | College Ruled | Paperback: Enjoy Writing!,Meadow Design Publisher,Paperback,"Aug 31, 2024",
0,https://www.amazon.com/dp/B0DG36ZL65,B0DG36ZL65,Floral Pocket Calendar 2025-2026: 2-Year Monthly Planner: Budget Tracker! Space for Notes and Perfect Size for on the Go!,PlanForYou Inc.,Paperback,"Aug 31, 2024",
1,https://www.amazon.com/dp/B0DG36VCCP,B0DG36VCCP,"Lined Journal Notebook, (Dark Gray), 120 Pages, 6x9 inch: Journaling, Note Taking, Work, School, Writing, To-Do Lists, Travel, and Gifting",Luminary Enterprises LLC,Paperback,"Aug 31, 2024",
1,https://www.amazon.com/dp/B0DG36TBND,B0DG36TBND,F*ck It Journal: A Place To Complain About Why Everyone Comes To You With Their Issues,Snark Infested Press,Paperback,"Aug 31, 2024",
0,https://www.amazon.com/dp/B0DG36SXT5,B0DG36SXT5,"Composition Notebook: Cosmic / Galaxy, Composition Notebook for School and Work, Wide Ruled 110 Pages , School Student , Teacher: Cosmic Design Journal",Jennifer Klimat,Paperback,"Aug 31, 2024",
0,https://www.amazon.com/dp/B0DG36SW96,B0DG36SW96,PEOPLE I AM STILL MAD AT FROM HIGH SCHOOL BUT CAN'T REMEMBER WHY,Benjamin,Paperback,"Aug 31, 2024",
0,https://www.amazon.com/dp/B0DG36NSQK,B0DG36NSQK,Travel Journal: Vintage Styled Blank Lined Notebook for Everyone,G J Fortune,Paperback,"Aug 31, 2024",
0,https://www.amazon.com/dp/B0DG36N6K6,B0DG36N6K6,"Graph Paper Composition Notebook: Large Size (8.5 x 11) Grid Paper, Quad Ruled, 100 Single Sided Sheets",Dakford Notes,Paperback,"Aug 31, 2024",
0,https://www.amazon.com/dp/B0DG36N1HW,B0DG36N1HW,Notebook: Lined Pages with Decoration,LaChoco Publishing,Paperback,"Aug 31, 2024",
0,https://www.amazon.com/dp/B0DG36MQC1,B0DG36MQC1,"Composition Journal Cute: Adorable Pink Cat Pattern Notebook For Writing, Note-Taking, Dairy, 120 ruled pages, 7.5x 9.25",Artspirational Creations Press,Paperback,"Aug 31, 2024",
0,https://www.amazon.com/dp/B0DG36JTLF,B0DG36JTLF,2025 Planner: Patriotic American US Flag Independence Design | Weekly and Monthly View to Organize the Days of Veterans and Military Army Dads Fathers,Sevegenarmi Plannaus,Paperback,"Aug 31, 2024",
0,https://www.amazon.com/dp/B0DG36F98X,B0DG36F98X,Border Collie Playtime Notebook,Leah Maddocks,Paperback,"Aug 31, 2024",
0,https://www.amazon.com/dp/B0DG36DDVN,B0DG36DDVN,"Dream Tracker: Big Blue Dream Journal | Interpretational Diary | Cover with Long Hair Girl with Purple Teddy Bear | for Women, Girls and Teens",Pola Frazz,Paperback,"Aug 31, 2024",
0,https://www.amazon.com/dp/B0DG36B4D9,B0DG36B4D9,You Are Exactly Where You Need to Be: Motivational journal notebook for friends and family,G Scothany,Paperback,"Aug 31, 2024",
0,https://www.amazon.com/dp/B0DG369FDY,B0DG369FDY,Romantic Dragonfly By The Full Moon Composition Notebook College Ruled: Matte Finish 120 Pages,Andrea Guadalupe Gonzales,Paperback,"Aug 31, 2024",
0,https://www.amazon.com/dp/B0DG3689B5,B0DG3689B5,Gratitude journal,Adelaide Taylor,Hardcover,"Aug 31, 2024",
0,https://www.amazon.com/dp/B0DG367KY5,B0DG367KY5,Professional Monthly/Weekly Planner: Purple with Black Flowers,Rachel Ruitberg,Paperback,"Aug 31, 2024",
0,https://www.amazon.com/dp/B0DG366RB2,B0DG366RB2,Say Yes To Your Ideas: Positive Affirmation Motivational Notebook,Pigeon Studio,Paperback,"Aug 31, 2024",
0,https://www.amazon.com/dp/B0DG35Y1YK,B0DG35Y1YK,My Journal: How I Met Your Father,Faith InDestiny,Paperback,"Aug 31, 2024",
0,https://www.amazon.com/dp/B0DG35WPGB,B0DG35WPGB,Notebook: Graph Paper with Decoration,LaChoco Publishing,Paperback,"Aug 31, 2024",
0,https://www.amazon.com/dp/B0DG35RYCY,B0DG35RYCY,"Daily Planner: A Simple, Aesthetic, Organizer for Journaling, Planning, and Boosting Productivity Throughout the Year",Prabsi Islander Diaries,Paperback,"Aug 31, 2024",
0,https://www.amazon.com/dp/B0DG35QG7N,B0DG35QG7N,Green Leaf Notebook - Soft Cover,Thy Name,Paperback,"Aug 31, 2024",
0,https://www.amazon.com/dp/B0DG35KQ67,B0DG35KQ67,Paris Style Bullet Journal,Sweet Myrtle Designs,Paperback,"Aug 31, 2024",
0,https://www.amazon.com/dp/B0DG35J64Z,B0DG35J64Z,The Art of Daily Joy: A 30-Day Journal to Cultivate Happiness: A Guided Journey to Discovering and Celebrating Joy in Everyday Life,eksa Media,Paperback,"Aug 31, 2024",
0,https://www.amazon.com/dp/B0DG35H8JW,B0DG35H8JW,Be your own hero: Jornal for medical aspirants and professionals,Medicoscopy Team,Paperback,"Aug 31, 2024",
0,https://www.amazon.com/dp/B0DG35GPFQ,B0DG35GPFQ,Love Bug: A Journal of Dreams and Doodles: The Perfect Gift for Girls to Capture Their Brightest Ideas and Biggest Dreams.,Rochelle Bell,Paperback,"Aug 31, 2024",
2,https://www.amazon.com/dp/B0DG35GJVL,B0DG35GJVL,"Lined Journal Notebook, (Turquoise & Black), 120 Pages, 6x9 inch: Journaling, Note Taking, Work, School, Writing, To-Do Lists, Travel, and Gifting",Luminary Enterprises LLC,Paperback,"Aug 31, 2024",
0,https://www.amazon.com/dp/B0DG35FGY9,B0DG35FGY9,2024-2025 Monthly Planner,A Johnson,Paperback,"Aug 31, 2024",
0,https://www.amazon.com/dp/B0DG35FDTQ,B0DG35FDTQ,One Step at a Time Health Daily Productivity Planner,James Dillon Lasagna,Paperback,"Aug 31, 2024",
0,https://www.amazon.com/dp/B0DG35DHDF,B0DG35DHDF,"Notebook: A5 Lined Journal with Cute Gnome Images and Wisdom Quotes, Several Blank Pages for Doodling, Page Numbering, a Customizable Contents Page, and a Great Novelty Gift for Gnome Lovers",Alison Carena,Paperback,"Aug 31, 2024",
0,https://www.amazon.com/dp/B0DG35DCGT,B0DG35DCGT,Summer's Notebook,Roger Desrochers,Paperback,"Aug 31, 2024",
0,https://www.amazon.com/dp/B0DG35DBMS,B0DG35DBMS,"Black and White Minimalist Journal: Premium 8.5 x 11 Inch Sketchbook with 200 Elegant Pages: The Ideal Blank Canvas for Artistic Expression, Creative Writing, and Personal Reflection",Reb S,Paperback,"Aug 31, 2024",
0,https://www.amazon.com/dp/B0DG35C6MX,B0DG35C6MX,6x9 Purple jellyfish blank journal,Carrie A Suydam,Paperback,"Aug 31, 2024",
0,https://www.amazon.com/dp/B0DG356R41,B0DG356R41,My Meal Planning Journal,Veronica P Pheonix,Paperback,"Aug 31, 2024",
0,https://www.amazon.com/dp/B0DG356BKF,B0DG356BKF,"In Your Smile, I Find a Lifetime of Love - Squared Notebook with 120 Pages: For capturing your dreams and love stories",Publishing House Blue MOON,Paperback,"Aug 31, 2024",
0,https://www.amazon.com/dp/B0DG355BGS,B0DG355BGS,"Bold & Fierce: Personal Notebook with Unique Claw Mark Design | Lined Journal for Writing, Notes, and Creativity - Perfect for Men, Women, and Teens",Logan Pool,Paperback,"Aug 31, 2024",
0,https://www.amazon.com/dp/B0DG352LHG,B0DG352LHG,"Pug Lover's Notebook: A Blank Lined Journal for Your Thoughts, Dreams, and Doodles",Amelia Rupsys,Paperback,"Aug 31, 2024",
0,https://www.amazon.com/dp/B0DG34ZDWL,B0DG34ZDWL,Manifest: Dream journal,Ms Puja Pandey,Paperback,"Aug 31, 2024",
1,https://www.amazon.com/dp/B0DG34YCKD,B0DG34YCKD,"Chaos Coordinator Notebook, Chaos Coordinator Definition, Chaos Coordinator Gift",Amber Knots,Paperback,"Aug 31, 2024",
0,https://www.amazon.com/dp/B0DG34XMLM,B0DG34XMLM,"Composition Notebook -Sunburst Aqua & Blue: 7.5"" x 9.25""; College rule lined; 130 pages; Fun gift idea for all students - kids, teens, women and men",Live Easy Publishing,Paperback,"Aug 31, 2024",
0,https://www.amazon.com/dp/B0DG34XF8K,B0DG34XF8K,Memory's Gone to Sh*t:: A Journal for the Chronically Forgetful,Theodore Wellington,Paperback,"Aug 31, 2024",
0,https://www.amazon.com/dp/B0DG34WJCB,B0DG34WJCB,Retro Stripe Journal,Sweet Myrtle Designs,Paperback,"Aug 31, 2024",
0,https://www.amazon.com/dp/B0DG34VSKV,B0DG34VSKV,"Mindful Memories: A Journal for Young Adults: Capturing Moments, Cultivating Presence",Swise One,Paperback,"Aug 31, 2024",
0,https://www.amazon.com/dp/B0DG34S6FN,B0DG34S6FN,Release- A Writing Journal,Vanessa Chica Ferreira,Paperback,"Aug 31, 2024",
0,https://www.amazon.com/dp/B0DG34RH93,B0DG34RH93,Composition Notebook: Wide Rule School Composition Note book - Purple and Pink Pineapple Print Composition,Bellas Cute Notes,Paperback,"Aug 31, 2024",
0,https://www.amazon.com/dp/B0DG34QJ7L,B0DG34QJ7L,Empower You: A Journal for Empowering Self-Reflection,Myla Saavedra,Hardcover,"Aug 31, 2024",
0,https://www.amazon.com/dp/B0DG34Q2TN,B0DG34Q2TN,Weekly Priority Planner,Deb Pal,Paperback,"Aug 31, 2024",
0,https://www.amazon.com/dp/B0DG34M16L,B0DG34M16L,Rosemary Softcover Notebook,Thy Name,Hardcover,"Aug 31, 2024",
1,https://www.amazon.com/dp/B0DG34K6F2,B0DG34K6F2,"My Daily Journal: Discover, Reflect, and Grow Daily",Bubus Books,Paperback,"Aug 31, 2024",
0,https://www.amazon.com/dp/B0DG34GGRR,B0DG34GGRR,Japanese inspired Notebook,Sir H F Hookway,Paperback,"Aug 31, 2024",
0,https://www.amazon.com/dp/B0DG34FL4N,B0DG34FL4N,Mermaid Magic V2 Notebook - 6' x 9' | Lined journal with inspirational front quote | Gift,Molls G,Paperback,"Aug 31, 2024",
0,https://www.amazon.com/dp/B0DG34DLLS,B0DG34DLLS,"Notebook Heart's Melody: 120-Page Ruled Notebook (8.5 x 11 Inches) | Perfect for Journaling, Note-Taking, Creative Writing, and Daily Reflections, Gift for him, for her, for them, valentine's day",Cherry Fox,Paperback,"Aug 31, 2024",
0,https://www.amazon.com/dp/B0DG34D3PJ,B0DG34D3PJ,Celestial Bull: The Taurus Constellation Journal,Juniper Muse Printinig Press-,Paperback,"Aug 31, 2024",
0,https://www.amazon.com/dp/B0DG34C9QJ,B0DG34C9QJ,300 PAGE LINED NOTEBOOK,CONSTANCE M.,Paperback,"Aug 31, 2024",
0,https://www.amazon.com/dp/B0DG34BYQ2,B0DG34BYQ2,"Composition Notebook - Yellow & Aqua Sunburst: 7.5"" x 9.25""; College rule lined; 130 pages; Fun gift idea for all students - kids, teens, women and men",Live Easy Publishing,Paperback,"Aug 31, 2024",
0,https://www.amazon.com/dp/B0DG34BSR5,B0DG34BSR5,Tides of Remembrance: quiet moments of reflections,Gretta Lucas,Paperback,"Aug 31, 2024",
0,https://www.amazon.com/dp/B0DG349S94,B0DG349S94,Friendship in Watercolours Notebook,Leah Maddocks,Paperback,"Aug 31, 2024",
0,https://www.amazon.com/dp/B0DG34699M,B0DG34699M,Composition Notebook | One-Subject Notebook | College Ruled | 8.5” x 11” | 125 Pages,Allison Marullo,Paperback,"Aug 31, 2024",
0,https://www.amazon.com/dp/B0DG345NRF,B0DG345NRF,Be Free: Positive Affirmational And Inspirational Notebook,Ewa Palmer,Paperback,"Aug 31, 2024",
1,https://www.amazon.com/dp/B0DG344F8F,B0DG344F8F,spiritual journey Right after coffee: I’m just explaining why I’m right—spiritually speaking,Ruth Cham,Paperback,"Aug 31, 2024",
0,https://www.amazon.com/dp/B0DG343957,B0DG343957,Border Collie in Bluebell Field Notebook,Leah Maddocks,Paperback,"Aug 31, 2024",
0,https://www.amazon.com/dp/B0DG3438SW,B0DG3438SW,Kids School Planner: The Perfect Companion for Every School Day,Thierry Primeau,Paperback,"Aug 31, 2024",
0,https://www.amazon.com/dp/B0DG33ZH76,B0DG33ZH76,Thankful Horizons:: A Journey of Gratitude and Memories,Theodore Wellington,Paperback,"Aug 31, 2024",
0,https://www.amazon.com/dp/B0DG33Z92N,B0DG33Z92N,300 PAGE LINED BOOK,CONSTANCE M.,Paperback,"Aug 31, 2024",
0,https://www.amazon.com/dp/B0DG33XFPK,B0DG33XFPK,My Somatic Therapy Journal: Increase health and mental well-being with mindful notes for self improvement,Stuart Young,Hardcover,"Aug 31, 2024",
0,https://www.amazon.com/dp/B0DG33VYV7,B0DG33VYV7,"Composition Notebook - Cherries Design: 7.5"" x 9.25""; College ruled; 130 pages; Fun gift idea for all students - kids, teens, women and men",Live Easy Publishing,Paperback,"Aug 31, 2024",
0,https://www.amazon.com/dp/B0DG33T4X7,B0DG33T4X7,Teachers Are Great,Amy  M B Booker,Paperback,"Aug 31, 2024",
0,https://www.amazon.com/dp/B0DG33RKMS,B0DG33RKMS,Notebook,Frank Paul,Paperback,"Aug 31, 2024",
0,https://www.amazon.com/dp/B0DG33NYZ4,B0DG33NYZ4,"The Coffee and Prayer Time Notebook: Sip, Savor, and Scribble Your Coffee Love Story",Shannon Linthicum,Paperback,"Aug 31, 2024",
0,https://www.amazon.com/dp/B0DG33MXNG,B0DG33MXNG,The Serenity planer: undated annual planer,Nina Zhuang,Paperback,"Aug 31, 2024",
0,https://www.amazon.com/dp/B0DG33MH2N,B0DG33MH2N,Bullet Journal / Notebook: Sleek Blue Cover,Mizuiro Kobo,Paperback,"Aug 31, 2024",
0,https://www.amazon.com/dp/B0DG33MGXY,B0DG33MGXY,Planner: Plan Your Week,Bradley M,Paperback,"Aug 31, 2024",
0,https://www.amazon.com/dp/B0DG33LFM5,B0DG33LFM5,Daily Planner-Plain,Debbie Ellis,Hardcover,"Aug 31, 2024",
1,https://www.amazon.com/dp/B0DG33L9SZ,B0DG33L9SZ,Hummingbird Journal,E. J. Garcia,Hardcover,"Aug 31, 2024",
0,https://www.amazon.com/dp/B0DG33KLJD,B0DG33KLJD,Runway Ready Productions Journal,Jules O,Paperback,"Aug 31, 2024",
0,https://www.amazon.com/dp/B0DG33H5ZZ,B0DG33H5ZZ,Success Planner Daily Roadmap,Mustapha Oubiha,Paperback,"Aug 31, 2024",
0,https://www.amazon.com/dp/B0DG33FY5T,B0DG33FY5T,Ideas & Notes Notebook,Mustapha Oubiha,Paperback,"Aug 31, 2024",
0,https://www.amazon.com/dp/B0DG33FF3Y,B0DG33FF3Y,Home Sweet home,Michael Luna,Paperback,"Aug 31, 2024",
0,https://www.amazon.com/dp/B0DG33DXQD,B0DG33DXQD,Manifestation Journal: Manifest your dreams and create a life you love,Julia Kramer,Paperback,"Aug 31, 2024",
0,https://www.amazon.com/dp/B0DG33C65B,B0DG33C65B,Mindful Reflections: A Personal Wellness Journal,Joanna Campbell,Paperback,"Aug 31, 2024",
0,https://www.amazon.com/dp/B0DG33B8MB,B0DG33B8MB,Anime Warrior Girl: Anime Manga Composition Notebook | Back to School For Students And College,Loli's Doodles,Paperback,"Aug 31, 2024",
0,https://www.amazon.com/dp/B0DG3381FF,B0DG3381FF,Self-Care Journal,Kate Kelly,Paperback,"Aug 31, 2024",
0,https://www.amazon.com/dp/B0DG3355D4,B0DG3355D4,200 PAGED LINED BOOK,CONSTANCE M.,Paperback,"Aug 31, 2024",
0,https://www.amazon.com/dp/B0DG333K2Z,B0DG333K2Z,"Ohio State Flower, Scarlet Carnation (Dianthus caryophyllus) Journal, Notebook, Gift for Women, Teens, Young Adults, Nature Lovers, Ohio Natives: 120 white lined pages, 6""x9""",Kelli McLaughlin,Hardcover,"Aug 31, 2024",
0,https://www.amazon.com/dp/B0DG32ZSYD,B0DG32ZSYD,ZenNotes Daily Productivity Planner,Matthias Winklehner,Paperback,"Aug 31, 2024",
0,https://www.amazon.com/dp/B0DG32QG4F,B0DG32QG4F,Mermaid Magic Notebook - 6' x 9' | Lined journal with Mermaid cover | Gift,Molls G,Paperback,"Aug 31, 2024",
0,https://www.amazon.com/dp/B0DG32K257,B0DG32K257,Ostrich Portrait Notebook,Camden Works,Hardcover,"Aug 31, 2024",
0,https://www.amazon.com/dp/B0DG32JFYG,B0DG32JFYG,Self-Love Journal: Accepting and Embracing Your Authentic Self,Reina London,Paperback,"Aug 31, 2024",
0,https://www.amazon.com/dp/B0DG32FTWV,B0DG32FTWV,"Pen down your thoughts: Because even your brain needs a backup-Perfect for: Students, gifts for fisherman, professionals, creative thinkers, and anyone who loves to capture their thoughts on the go.",FJR Publishing,Paperback,"Aug 31, 2024",
0,https://www.amazon.com/dp/B0DG32DT5H,B0DG32DT5H,"electrician pocket notepad: notebook for Electricians best Electrical Reference, 5x8 Small Note Pads",Calvin O. Ross,Paperback,"Aug 31, 2024",
0,https://www.amazon.com/dp/B0DG326BR5,B0DG326BR5,Self-Reflection Journal : FREE YOUR MIND: Mindfulness notebook for men and women,Mariem Abouzid,Paperback,"Aug 31, 2024",
0,https://www.amazon.com/dp/B0DG3269D7,B0DG3269D7,The Power of No: Building Boundaries for a Better Life,Monica Mason,Kindle,"Aug 31, 2024",
0,https://www.amazon.com/dp/B0DG3237PC,B0DG3237PC,Daily Journal,S. Whittington,Hardcover,"Aug 31, 2024",
0,https://www.amazon.com/dp/B0DG322W8X,B0DG322W8X,The Alchemy of Truth: Embracing Change and Transcending Time,Dan Desmarques,Kindle,"Aug 31, 2024",
0,https://www.amazon.com/dp/B0DG3217Z9,B0DG3217Z9,WITCH´S JOURNAL,THE  KINZA BOOKPLACE,Paperback,"Aug 31, 2024",
0,https://www.amazon.com/dp/B0DG31YG54,B0DG31YG54,"Nothing To Worry About: A Guided Journal To Help You Relieve Stress, Calm Anxiety And Track Your Mood, Daily Reflection Notebook",Boho Sands,Paperback,"Aug 31, 2024",
0,https://www.amazon.com/dp/B0DG31XBZW,B0DG31XBZW,My 8 MINUTE JOURNAL,Clara & Celine,Paperback,"Aug 31, 2024",
0,https://www.amazon.com/dp/B0DG31V7F7,B0DG31V7F7,The Reflection. (Chronicle Your Crazy),K M,Paperback,"Aug 31, 2024",
0,https://www.amazon.com/dp/B0DG31T98S,B0DG31T98S,"Lined Journal Notebook, 150 pages, 6x9 inches Notebook for Writing and Daily Reflection for Women and Girls: Hand Painted Print Cover Art Blue Flowers",Lacey C Sonnier,Paperback,"Aug 31, 2024",
0,https://www.amazon.com/dp/B0DG31S4ND,B0DG31S4ND,Inspirational Notebook: Motivational Journal For Everyone,Ivonne Zalevsky,Paperback,"Aug 31, 2024",
0,https://www.amazon.com/dp/B0DG31JJHQ,B0DG31JJHQ,Gratitude Planner & Calendar,Dr. Ngonzi Truth Crushshon,Paperback,"Aug 31, 2024",
0,https://www.amazon.com/dp/B0DG31HNKR,B0DG31HNKR,Mindful Scribbles: 200 Prompts to Unravel your Thoughts,Desiree  D Robinson,Paperback,"Aug 31, 2024",
0,https://www.amazon.com/dp/B0DG31DJK7,B0DG31DJK7,The Reaction. (Chronicle Your Crazy),K M,Paperback,"Aug 31, 2024",
4,https://www.amazon.com/dp/B0DG31D5VJ,B0DG31D5VJ,The Story Mom and Dad: A journal to write the memory of Mom and Dad,Zee Webster,Paperback,"Aug 31, 2024",
0,https://www.amazon.com/dp/B0DG319H9W,B0DG319H9W,Monthly Planner 2025-2026: with Holidays and Inspirational Quotes | Two Year Schedule Organizer (January 2025 through December 2026),Jennifer Planner,Paperback,"Aug 31, 2024",
0,https://www.amazon.com/dp/B0DG317FNN,B0DG317FNN,Travel journal: Daily entries,Ms Christa Olivia,Paperback,"Aug 31, 2024",
1,https://www.amazon.com/dp/B0DG3161LD,B0DG3161LD,Daybook Journal,Monroe Miller,Paperback,"Aug 31, 2024",
0,https://www.amazon.com/dp/B0DG314CG3,B0DG314CG3,The Starter's Journal: Begin Your Journey Today,Isoua store,Paperback,"Aug 31, 2024",
0,https://www.amazon.com/dp/B0DG2ZZGCH,B0DG2ZZGCH,"2025-2029 Five Year Monthly Planner: Organize Your Life and Achieve Your Dreams with 60 Monthly Calendars Featuring Focus, Goals, and To-Do Lists",Shine Gold Books,Paperback,"Aug 31, 2024",
0,https://www.amazon.com/dp/B0DG2ZYY2K,B0DG2ZYY2K,DEMURE: A Journal for Quiet Reflections,JOHNS,Paperback,"Aug 31, 2024",
0,https://www.amazon.com/dp/B0DG2ZXZX9,B0DG2ZXZX9,"Feelings + Reflections: Daily Mood Tracker for Women: Guided Journal for Emotional Well-Being – Perfect Gift for Mothers, Daughters, Girlfriends, or Yourself",The Books,Paperback,"Aug 31, 2024",
0,https://www.amazon.com/dp/B0DG2ZX355,B0DG2ZX355,Student Planner: Mythical Beasts,Rachel Ruitberg,Paperback,"Aug 31, 2024",
0,https://www.amazon.com/dp/B0DG2ZWLSV,B0DG2ZWLSV,Carnation Notebook: The Carnation Flower Journal for Thoughtful Writing,AI Niloy,Paperback,"Aug 31, 2024",
0,https://www.amazon.com/dp/B0DG2ZVFY2,B0DG2ZVFY2,Feel It Write It Move On: Stress Relief Journal,CVGB Publishing,Paperback,"Aug 31, 2024",
0,https://www.amazon.com/dp/B0DG2ZTKWG,B0DG2ZTKWG,SPOOKY HALLOWEEN NOTEBOOK,THE KINZA BOOKPLACE,Paperback,"Aug 31, 2024",
0,https://www.amazon.com/dp/B0DG2ZPLJW,B0DG2ZPLJW,Custom November 20 Birthdate Gift Journal Born on November 20 Birthday Gift Notebook Featuring Scorpio Zodiac November Birth Flower and Birthstone,Sandrine Froehle,Paperback,"Aug 31, 2024",
0,https://www.amazon.com/dp/B0DG2Z6558,B0DG2Z6558,RAPHAELA Journal,ES Publishing,Paperback,"Aug 31, 2024",
0,https://www.amazon.com/dp/B0DG2YZLCZ,B0DG2YZLCZ,Trichotillomania Recovery | Body Focused Repetitive Behaviors: 60 Days Challenge Logbook (Hair Pulling Disorder) | Easy and Effective Tracker for Hair Pull ( Pocket Size ),Dr AntiTricho Deriyah,Paperback,"Aug 31, 2024",
0,https://www.amazon.com/dp/B0DG2YY7T2,B0DG2YY7T2,Born on November 19 Custom November 19 Birthday Gift Journal Scorpio Zodiac Notebook Featuring November Birth Flower and Birthstone,Sandrine Froehle,Paperback,"Aug 31, 2024",
1,https://www.amazon.com/dp/B0DG2YVLMC,B0DG2YVLMC,Just One Life: Positive Affirmational And Inspirational Notebook,Ewa Palmer,Paperback,"Aug 31, 2024",
0,https://www.amazon.com/dp/B0DG2YRN7D,B0DG2YRN7D,Personalized November 21 Birthdate Gift Journal Born on November 21 Birthday Gift Notebook Featuring Scorpio Zodiac November Birth Flower and Birthstone,Sandrine Froehle,Paperback,"Aug 31, 2024",
0,https://www.amazon.com/dp/B0DG2YQTCQ,B0DG2YQTCQ,2025 Monthly Planner and Calendar Book: Jan. 2025 - Dec.2025,Theo Silver,Paperback,"Aug 31, 2024",
0,https://www.amazon.com/dp/B0DG2YQJTF,B0DG2YQJTF,Monthly Planner 2024-2025: Two Year Schedule Organizer (January 2024 through December 2025) with Holidays and Inspirational Quotes/ Floral Cover,Jennifer Planner,Paperback,"Aug 31, 2024",
0,https://www.amazon.com/dp/B0DG2YQH2D,B0DG2YQH2D,Cute Aesthetic Cottagecore Korean Notebook (lined): Jelly Strawberries themed,kippeo art,Paperback,"Aug 31, 2024",
0,https://www.amazon.com/dp/B0DG2YGC61,B0DG2YGC61,IVY Journal,ES Publishing,Paperback,"Aug 31, 2024",
0,https://www.amazon.com/dp/B0DG2YCV4T,B0DG2YCV4T,Notebook,Anna Retief,Paperback,"Aug 31, 2024",
0,https://www.amazon.com/dp/B0DG2Y6K26,B0DG2Y6K26,I AM Saige,Laughing Dog Press,Paperback,"Aug 31, 2024",
0,https://www.amazon.com/dp/B0DG2Y4PW4,B0DG2Y4PW4,MY WEIGHT LOSS PLANNER,LINDA M,Paperback,"Aug 31, 2024",
0,https://www.amazon.com/dp/B0DG2XP5KV,B0DG2XP5KV,Mexican Treats Coloring Book Bold and Easy,Ana Castillo,Paperback,"Aug 31, 2024",
0,https://www.amazon.com/dp/B0DG2XMMGQ,B0DG2XMMGQ,"Amazon KDP Title: Vintage Circus Dreamland Notebook – 6x9 Folk Art Journal with 100 Lined Pages on 50 Sheets, Enchanting Carnival Design",PeteCo Books,Paperback,"Aug 31, 2024",
0,https://www.amazon.com/dp/B0DG2XJX6J,B0DG2XJX6J,"Composition Notebook Wide Ruled: Cute Flowers Pattern for Girls and Women | Blank Lined Paper 120 Pages, 7.5 x 9.25 Inches",CAWII FYOUZ,Paperback,"Aug 31, 2024",
0,https://www.amazon.com/dp/B0DG2XHDB3,B0DG2XHDB3,Violet Journal: Solid Color,PD Production,Paperback,"Aug 31, 2024",
0,https://www.amazon.com/dp/B0DG2XGSD8,B0DG2XGSD8,Undated Weekly Planner: Notebook for Weekly Organization & Note-Taking,Manuela Mair,Hardcover,"Aug 31, 2024",
0,https://www.amazon.com/dp/B0DG2XBQ8P,B0DG2XBQ8P,NOTEBOOK,Anna Retief,Paperback,"Aug 31, 2024",
0,https://www.amazon.com/dp/B0DG2X5TR5,B0DG2X5TR5,Gratitude Journal,Mr  Liviu Bardel,Paperback,"Aug 31, 2024",
0,https://www.amazon.com/dp/B0DG2WT8HX,B0DG2WT8HX,Your journey starts here: Motivational notebook,Think Big,Paperback,"Aug 31, 2024",
0,https://www.amazon.com/dp/B0DG2WMR2R,B0DG2WMR2R,"Whimsical Vintage Ferris Wheel Notebook – 6x9 Folk Art Journal with 100 Lined Pages, Floral Ferris Wheel Design",PeteCo Books,Paperback,"Aug 31, 2024",
0,https://www.amazon.com/dp/B0DG2WJXPQ,B0DG2WJXPQ,STRIPES COMPOSITION NOTEBOOK,Y BON,Paperback,"Aug 31, 2024",
0,https://www.amazon.com/dp/B0DG2WJWB4,B0DG2WJWB4,"My Journal: Mysticism of Belief, Discover the Path of Joy in Your Life with My Unique Creation | 120 Pages, 6 x 9""",Blessed Wings Creation Publishing,Paperback,"Aug 31, 2024",
0,https://www.amazon.com/dp/B0DG2WHMD4,B0DG2WHMD4,2025 Planner,Heaven Rivers64,Paperback,"Aug 31, 2024",
0,https://www.amazon.com/dp/B0DG2W7D37,B0DG2W7D37,I AM Saanvi,Laughing Dog Press,Paperback,"Aug 31, 2024",
0,https://www.amazon.com/dp/B0DG2W1CN5,B0DG2W1CN5,Megan's Notebook,Roger Desrochers,Paperback,"Aug 31, 2024",
0,https://www.amazon.com/dp/B0DG2VSC16,B0DG2VSC16,Meditation Journal: 90 days,Liliana Ribeiro,Paperback,"Aug 31, 2024",
0,https://www.amazon.com/dp/B0DG2VQVNH,B0DG2VQVNH,"Cute Kawaii Cats Journal, Notebook, Diary, Planner: 120 Pages",Katarina Malone,Paperback,"Aug 31, 2024",
0,https://www.amazon.com/dp/B0DG2VKXZ2,B0DG2VKXZ2,Undated Weekly Planner: Notebook for Weekly Organization & Note-Taking,Manuela Mair,Hardcover,"Aug 31, 2024",
0,https://www.amazon.com/dp/B0DG2V98L3,B0DG2V98L3,2025 Planner: Classic Cats: Siberian: Stylish Weekly and Monthly Organization,Ink and Blooms Publishing,Paperback,"Aug 31, 2024",
0,https://www.amazon.com/dp/B0DG2V7BQ9,B0DG2V7BQ9,"Blossom and Bridle Western Cowgirl WILD WEST Journal, Notebook, Diary, Planner: 120 Pages",Katarina Malone,Paperback,"Aug 31, 2024",
1,https://www.amazon.com/dp/B0DFZZ778W,B0DFZZ778W,MANDALAS MOSAICS MINDFULNESS: COLORING BOOK,Rakkaus,Paperback,"Aug 31, 2024",
0,https://www.amazon.com/dp/B0DFZV41CC,B0DFZV41CC,The Storms Lifting,MS Sue,Paperback,"Aug 31, 2024",
0,https://www.amazon.com/dp/B0DFZTCVDP,B0DFZTCVDP,The Older You Goal Planner & Tracker: Year-Long Weekly and Monthly Personal Growth Journey,stella Neurohacker,Hardcover,"Aug 31, 2024",
3,https://www.amazon.com/dp/B0DFZJW6DJ,B0DFZJW6DJ,"Daily Affirmations for Men: A Practical Step-by-step Guide to Inspire, Motivate and Empower Your Life using Transformational Daily Affirmations that Boost Self-confidence and Create a Path to Success.",Angus Knight,Kindle,"Aug 31, 2024",
0,https://www.amazon.com/dp/B0DFZJDVP1,B0DFZJDVP1,The Self-Care Revolution,Michael Apperwind,Kindle,"Aug 31, 2024",
0,https://www.amazon.com/dp/B0DFZF777W,B0DFZF777W,"Trade, Track, Triumph: The Complete Trading Journal",Jai Sonwani,Paperback,"Aug 31, 2024",
0,https://www.amazon.com/dp/B0DFZ6DCYV,B0DFZ6DCYV,2025 Planner: Classic Cats: Shorthair: Stylish Weekly and Monthly Organization,Ink and Blooms Publishing,Paperback,"Aug 31, 2024",
3,https://www.amazon.com/dp/B0DFZ4RKH6,B0DFZ4RKH6,"Abstract Masks Pastel Painting Notebook: Novelty Multicolour Pastel Paint Effect Cover, Notebook 5.5"" x 8.5"" (13.97 cm x 21.59 cm), 90gsm Paper, ... Diary, Homework, Writing & Journaling",Design Portfolio,Hardcover,"Aug 31, 2024",
0,https://www.amazon.com/dp/B0DFZ4NDGK,B0DFZ4NDGK,"Martin & Son - Notebook: Classic Papaeback – 100 Pages for Writing and Journaling (BLACK, Lined)",Martin & Son,Paperback,"Aug 31, 2024",
0,https://www.amazon.com/dp/B0DFZ4K7FG,B0DFZ4K7FG,Turn DREAMS into SUCCESS - astronaut cover: A Simple Wide - Lined Notebook with 120 Pages for Daily Reflections and Goal Setting,@SuccessAttained,Paperback,"Aug 31, 2024",
0,https://www.amazon.com/dp/B0DFZ452DY,B0DFZ452DY,Gratitude for Miracles,Gagan Mander,Paperback,"Aug 31, 2024",
0,https://www.amazon.com/dp/B0DFZ3TG18,B0DFZ3TG18,HAILEY Journal,ES Publishing,Paperback,"Aug 31, 2024",
0,https://www.amazon.com/dp/B0DFZ3TCRX,B0DFZ3TCRX,Well-Kept Woman Planner: The Ultimate Life Organizer for Millennial Women,Koereyelle L Mallard,Paperback,"Aug 31, 2024",
0,https://www.amazon.com/dp/B0DFZ3KP1M,B0DFZ3KP1M,My 8 MINUTE JOURNAL,Clara & Celine,Paperback,"Aug 31, 2024",
0,https://www.amazon.com/dp/B0DFZ3D2HD,B0DFZ3D2HD,"Martin & Son - Notebook: Classic Papaeback – 100 Pages for Writing and Journaling (NAVE, Lined)",Martin & Son,Paperback,"Aug 31, 2024",
0,https://www.amazon.com/dp/B0DFZ394W4,B0DFZ394W4,Between Lovers; Couple's Journal,Mallory M M,Paperback,"Aug 31, 2024",
0,https://www.amazon.com/dp/B0DFZ37D7C,B0DFZ37D7C,Purple Gold Horizon: 2025-2029 Monthly Planner: 8.5x11 Inches | 60 Months | January 2025 - December 2029 |,AmeMonique Planners,Paperback,"Aug 31, 2024",
0,https://www.amazon.com/dp/B0DFZ2HZNB,B0DFZ2HZNB,"Martin & Son - Notebook: Classic Papaeback – 100 Pages for Writing and Journaling (GREEN , Lined)",Martin & Son,Paperback,"Aug 31, 2024",
0,https://www.amazon.com/dp/B0DFZ2HCNJ,B0DFZ2HCNJ,Dream Journal: Unveiling the Mysteries of Sleep,Rachel Ciarlante,Paperback,"Aug 31, 2024",
0,https://www.amazon.com/dp/B0DFZ2FQBC,B0DFZ2FQBC,Mindful Moments: A Guided Journal to Ease Anxiety and Stress: Practical Exercises and Mindfulness Techniques to Relieve Stress and Achieve Inner Peace,QuillCraft Deluxe,Paperback,"Aug 31, 2024",
0,https://www.amazon.com/dp/B0DFZ2BR9G,B0DFZ2BR9G,Turn DREAMS into SUCCESS: A Simple Wide - Lined Notebook with 120 Pages for Daily Reflections and Goal Setting,@SuccessAttained,Paperback,"Aug 31, 2024",
0,https://www.amazon.com/dp/B0DFZ29JJJ,B0DFZ29JJJ,Prayer Journal - Write your own daily prayers,Raquel Bernal,Paperback,"Aug 31, 2024",
0,https://www.amazon.com/dp/B0DFZ2832D,B0DFZ2832D,Vintage Weekly Journal: Planner/Organizer/To do list/200 pages,M JONES,Hardcover,"Aug 31, 2024",
0,https://www.amazon.com/dp/B0DFZ22TMK,B0DFZ22TMK,2025 Moon Journal,Amanda C Ainsley,Paperback,"Aug 31, 2024",
0,https://www.amazon.com/dp/B0DFZ1X7G2,B0DFZ1X7G2,A Colorblock Notebook 5.25x8 Inches 96 Pages Ruled in Green and Gold,Laura Puzic,Paperback,"Aug 31, 2024",
0,https://www.amazon.com/dp/B0DFZ1J15W,B0DFZ1J15W,"Mood Tracker Journal: Capturing My Emotions, Daily Diary and Mood Tracker with Prompts",by Laura,Paperback,"Aug 31, 2024",
0,https://www.amazon.com/dp/B0DFZ13HBM,B0DFZ13HBM,Dream Journal: A Journey Through Nighttime Vision,Rachel Ciarlante,Paperback,"Aug 31, 2024",
0,https://www.amazon.com/dp/B0DFYZXD97,B0DFYZXD97,2025 Planner: Classic Cats: Siamese: Stylish Weekly and Monthly Organization,Ink and Blooms Publishing,Paperback,"Aug 31, 2024",
0,https://www.amazon.com/dp/B0DFYZWX3Q,B0DFYZWX3Q,Wonderfully Made: A Journal For Women,Phyllis C Ferris,Paperback,"Aug 31, 2024",
1,https://www.amazon.com/dp/B0DFYZQMST,B0DFYZQMST,Self Care Journal,Laj'e France,Hardcover,"Aug 31, 2024",
0,https://www.amazon.com/dp/B0DFYZKRMM,B0DFYZKRMM,Purple Journal: Solid Color,PD Production,Paperback,"Aug 31, 2024",
1,https://www.amazon.com/dp/B0DFYZGHKF,B0DFYZGHKF,2025-2026 Monthly Planner: Elevate Your Journey with This 2-Year Unicorn-Themed Scheduler,Valeao Publishing,Paperback,"Aug 31, 2024",
0,https://www.amazon.com/dp/B0DFYZC9C6,B0DFYZC9C6,Login and Password Keeper Book | Vintage Butterfly Aesthetic Background Password Notebook | Butterfly Password Organizer and Tracker,Ida Gray,Paperback,"Aug 31, 2024",
0,https://www.amazon.com/dp/B0DFYZBWBY,B0DFYZBWBY,Gratitude & Grace: Start your journey toward a more grateful and joyful life today with our Gratitude Journal,THE KINZA BOOKPLACE,Paperback,"Aug 31, 2024",
0,https://www.amazon.com/dp/B0DFYZBNGT,B0DFYZBNGT,The Little Black Song Journal for the Keyboardist: A Notepad for Lyrics with Blank Keyboards,KLS Press,Paperback,"Aug 31, 2024",
0,https://www.amazon.com/dp/B0DFYZ7H3W,B0DFYZ7H3W,Mindful365: Your All-In-One Journey to Wellness and Serenity,Shine Mapa,Paperback,"Aug 31, 2024",
0,https://www.amazon.com/dp/B0DFYYZYYW,B0DFYYZYYW,"Notebook with Quotes: A place to waste dreams, 115 pages of ""6x9""",S. P. Fairy,Paperback,"Aug 31, 2024",
0,https://www.amazon.com/dp/B0DFYYV65Q,B0DFYYV65Q,Daily Notebook,Grace Reilly,Paperback,"Aug 31, 2024",
0,https://www.amazon.com/dp/B0DFYYPNL2,B0DFYYPNL2,My Childbirth Journey & Planner: Radiant Hope,Edlyn Cherry,Paperback,"Aug 31, 2024",
0,https://www.amazon.com/dp/B0DFYYLR6C,B0DFYYLR6C,"Journal Writing Daily Planner and Organizer, Gratitude and Affirmation Journal with Weekly and Monthly Planner",Lagandev Singh,Paperback,"Aug 31, 2024",
0,https://www.amazon.com/dp/B0DFYYKWF8,B0DFYYKWF8,"UNICORN ROCKSTAR: WIDE-LINED JOURNAL, DIARY, NOTEBOOK, WITH LITTLE TRANSPARENT IMAGES INSIDE",JUSTINE JS DANIEL,Paperback,"Aug 31, 2024",
0,https://www.amazon.com/dp/B0DFYYCQFJ,B0DFYYCQFJ,Declutter The Chaos With a Twist,Jesika Gamel,Kindle,"Aug 31, 2024",
0,https://www.amazon.com/dp/B0DFYYBLB5,B0DFYYBLB5,Notebook paperback Abstract Gelli Print design Red Pebbles,The  Silkwood Centre,Paperback,"Aug 31, 2024",
0,https://www.amazon.com/dp/B0DFYY546L,B0DFYY546L,Prayer Journal: with prayer list,T'Caro Designs,Paperback,"Aug 31, 2024",
0,https://www.amazon.com/dp/B0DFYY29MY,B0DFYY29MY,"Notebook: 120 Pages - 6"" X 9""",Vintage Beams,Paperback,"Aug 31, 2024",
0,https://www.amazon.com/dp/B0DFYXWFTJ,B0DFYXWFTJ,2025-2026 Monthly Planner: Elevate Your Journey with This 2-Year Sushi-Themed Scheduler,Valeao Publishing,Paperback,"Aug 31, 2024",
0,https://www.amazon.com/dp/B0DFYXTT74,B0DFYXTT74,"Mood and Wellness Journal: Your Path to Clarity, Calm, and Contentment",Mr John Sutcliffe,Paperback,"Aug 31, 2024",
0,https://www.amazon.com/dp/B0DFYXJ3GJ,B0DFYXJ3GJ,Dream Journal: Chronicles of the Subconscious,Rachel Ciarlante,Paperback,"Aug 31, 2024",
0,https://www.amazon.com/dp/B0DFYXGYP8,B0DFYXGYP8,"Gratitude Journal: Dedicate a few minutes daily to nurture gratitude, mindfulness, and a positive mindset",Gratitude Inspiration,Paperback,"Aug 31, 2024",
0,https://www.amazon.com/dp/B0DFYXG8BK,B0DFYXG8BK,A Colorblock Notebook 5.25x8 Inches 96 Pages Ruled Burnt Orange,Laura Puzic,Paperback,"Aug 31, 2024",
0,https://www.amazon.com/dp/B0DFYX7LWX,B0DFYX7LWX,"Notebook: 120 Pages - 6"" X 9""",Vintage Beams,Paperback,"Aug 31, 2024",
0,https://www.amazon.com/dp/B0DFYX2V99,B0DFYX2V99,A Colorblock Notebook 5.25x8 Inches 96 Pages Ruled in Maroon,Laura Puzic,Paperback,"Aug 31, 2024",
0,https://www.amazon.com/dp/B0DFYWTD76,B0DFYWTD76,"Pink Flowers Composition Notebook 120 Pages College Ruled 7,5 x 9,25 inch: Aesthetic Floral Illustration Journal for Women and Girls for School, Work and More",Miriam Sky,Paperback,"Aug 31, 2024",
0,https://www.amazon.com/dp/B0DFYWSNRZ,B0DFYWSNRZ,"The Anti-Planner: Hilarious End-of-Life Journal for Seniors – Perfect Gift for Christmas, Halloween, and Beyond! Ideal for Coworkers and Family: A Fun ... – Add Humor to the Holidays and Beyond!",Sia K,Paperback,"Aug 31, 2024",
0,https://www.amazon.com/dp/B0DFYWRZ3F,B0DFYWRZ3F,"My Prayer Journal: A Journey of Faith, Reflection, and Growth With Modern Calligraphy and Lettering",Amber Oriole,Paperback,"Aug 31, 2024",
0,https://www.amazon.com/dp/B0DFYWM6VJ,B0DFYWM6VJ,Journal: Bloom where God,JEMR Imagine Press,Paperback,"Aug 31, 2024",
0,https://www.amazon.com/dp/B0DFYWH6MH,B0DFYWH6MH,"""Daily Planner Journal: Organize Your Day with Purpose and Clarity""",Rahul Verma,Paperback,"Aug 31, 2024",
0,https://www.amazon.com/dp/B0DFYWF4CD,B0DFYWF4CD,"FAIRY TALE COLLECTION: 8.5x11 Blank Sketchbook – 120 Pages, Perfect for Drawing, Sketching, and Imaginative Creations. Bring Your Fantasies to Life ... Where Fantasy and Creativity Converge)",Artful Aura Store,Paperback,"Aug 31, 2024",
0,https://www.amazon.com/dp/B0DFYVYYLX,B0DFYVYYLX,The Everyday Journal: Daily Planner for Personal Development,Isabel BB,Paperback,"Aug 31, 2024",
0,https://www.amazon.com/dp/B0DFYVSPDF,B0DFYVSPDF,Unicorn Dreams: My Enchanted Journal - 100 pages journal with colourful unicorn watermark - perfect of gifting kids,M. D.,Paperback,"Aug 31, 2024",
0,https://www.amazon.com/dp/B0DFYVLXCW,B0DFYVLXCW,2025-2026 Monthly Planner: Elevate Your Journey with This 2-Year Vegetables-Themed Scheduler,Valeao Publishing,Paperback,"Aug 31, 2024",
0,https://www.amazon.com/dp/B0DFYTXXRG,B0DFYTXXRG,Password Tracker,Muzo Chib,Paperback,"Aug 31, 2024",
0,https://www.amazon.com/dp/B0DFYTS2B5,B0DFYTS2B5,"Composition Notebook: Fishing Boats at Choshi in Shimosa, 7.5 x 9.25, 120 pages: Authentic Japanese Illustration, Gift for Office and Back to School",Kissmih Hearte,Paperback,"Aug 31, 2024",
0,https://www.amazon.com/dp/B0DFYTL2ZB,B0DFYTL2ZB,Exploring the Shadow: A Guided Journal for Deep Self-Reflection and Healing,Mr Nicholaus Sherkha,Paperback,"Aug 31, 2024",
0,https://www.amazon.com/dp/B0DFYTF6Q6,B0DFYTF6Q6,"FAIRY TALE COLLECTION: 8.5x11 Dotted Notebook – 120 Pages, Ideal for Bullet Journaling, Note-Taking, and Creative Writing. Craft Your Tale Dot by Dot ... Where Fantasy and Creativity Converge)",Artful Aura Store,Paperback,"Aug 31, 2024",
0,https://www.amazon.com/dp/B0DFYT7M6K,B0DFYT7M6K,"EMERALD COLLECTION: 8.5x11 Blank Sketchbook – 120 Pages, Perfect for Drawing, Sketching, and Creative Projects. Unleash Your Creativity with This ... COLLECTION: Enchantment in Every Stroke)",Artful Aura Store,Paperback,"Aug 31, 2024",
0,https://www.amazon.com/dp/B0DFYT68XC,B0DFYT68XC,"Tango or Flamenco: Lined Collection: Dance Debate Quote | Perfect For Dancers, Students, And Dreamers | College Ruled | Glossy Cover",KJ Dance,Paperback,"Aug 31, 2024",
0,https://www.amazon.com/dp/B0DFYSYCTR,B0DFYSYCTR,"Lined notebook: 6x9 inches, lined pages, flexible glossy cover",Kitty Reads,Paperback,"Aug 31, 2024",
0,https://www.amazon.com/dp/B0DFYSS9SX,B0DFYSS9SX,"My Mystic Animal Cat: Magical Style, Minimalistic Illustration, Spirit Guides, Positive Vibes",Barbara Violetsoul,Hardcover,"Aug 31, 2024",
0,https://www.amazon.com/dp/B0DFYSCHS6,B0DFYSCHS6,Renewed Strength: A Guided Journal for Addiction Recovery and Personal Growth,Mr Nicholaus Sherkha,Paperback,"Aug 31, 2024",
0,https://www.amazon.com/dp/B0DFYS8QR4,B0DFYS8QR4,"Composition Notebook College Ruled: Vintage Cover Design with Vibrant Flowers and Sugar Skull | 110 pages & Wide College Ruled Paper | Ideal For Girls, Teens, College, Office, & Work",FlexiHarmony Creations,Paperback,"Aug 31, 2024",
0,https://www.amazon.com/dp/B0DFYS5PHH,B0DFYS5PHH,"Affirm | Believe | Achieve, A Daily Affirmations Journal | 120 pages | Single Line",Dhanvi Savsani,Paperback,"Aug 31, 2024",
0,https://www.amazon.com/dp/B0DFYS5BL3,B0DFYS5BL3,I Remember Us: Reflections on What We Were,Charles E. Lawrence,Paperback,"Aug 31, 2024",
0,https://www.amazon.com/dp/B0DFYS2YWD,B0DFYS2YWD,"Composition Notebook:: Cherry Blossom Scenery Teenage Boy Doodle | 100 Pages | 8"" x 10"" | Perfect for School, Journaling, Diary, or Note Taking | College Ruled",Aira Blaze,Paperback,"Aug 31, 2024",
0,https://www.amazon.com/dp/B0DFYRY8T5,B0DFYRY8T5,"I Will Be Happy Even If I Have To Draw It For Myself: Positive Affirmation, Motiviational and Inspirational line Notebook",Madison Foster,Paperback,"Aug 31, 2024",
0,https://www.amazon.com/dp/B0DFYRB3KZ,B0DFYRB3KZ,"My Journal: New Path of Being Boundless, Discover the Path of Fulfilment with My Peaceful Design | 120 Pages, 6 x 9""",Blessed Wings Creation Publishing,Paperback,"Aug 31, 2024",
0,https://www.amazon.com/dp/B0DFYR71BP,B0DFYR71BP,"I Love Dance: Lined Collection: Passionate Dance Quote | Ideal For Dancers, Students, And Creatives | College Ruled | Glossy Cover",KJ Dance,Paperback,"Aug 31, 2024",
0,https://www.amazon.com/dp/B0DFYQPQ6W,B0DFYQPQ6W,Cosmic Depths Daily Planner,QDIX Press,Paperback,"Aug 31, 2024",
0,https://www.amazon.com/dp/B0DFYQNJ7Y,B0DFYQNJ7Y,Grief Journal - Keep Going,IronButterflyHD,Paperback,"Aug 31, 2024",
0,https://www.amazon.com/dp/B0DFYQJ5FB,B0DFYQJ5FB,"Retro Sage Mist Notebook: 100 pages (8,5x11) of lined pages",Ethnoscape Art,Paperback,"Aug 31, 2024",
0,https://www.amazon.com/dp/B0DFYQH4N6,B0DFYQH4N6,"1 line a day: A Five-Year Memory Book (5 Year Journal, Daily Journal, Yearly Journal, Memory Journal)",My Personal Tales,Paperback,"Aug 31, 2024",
0,https://www.amazon.com/dp/B0DFYQ5W6T,B0DFYQ5W6T,My Throat Chakra Journal: Daily Mood Tracker with Affirmations,The Core Coach,Paperback,"Aug 31, 2024",
0,https://www.amazon.com/dp/B0DFYQ54T7,B0DFYQ54T7,Notebook,Hay Now,Paperback,"Aug 31, 2024",
0,https://www.amazon.com/dp/B0DFYQ4MCD,B0DFYQ4MCD,"Funny Giraffe Notebook: 6x9'', 120 Page Grid Journal",Alija Soul Art,Paperback,"Aug 31, 2024",
0,https://www.amazon.com/dp/B0DFYQ485G,B0DFYQ485G,Cliffs of Majesty Daily Planner,QDIX Press,Hardcover,"Aug 31, 2024",
0,https://www.amazon.com/dp/B0DFYQ1D1L,B0DFYQ1D1L,The Alchemist's Kitchen: Esoteric Pantry Quick Guide,Luna Aje,Kindle,"Aug 31, 2024",
0,https://www.amazon.com/dp/B0DFYPYWXG,B0DFYPYWXG,"2025 Ultimate Planner & Goal Setting Journal: 200-Page Daily, Weekly, Monthly Organizer with To-Do Lists, Habit Tracker, and Productivity Tools",Luv Em,Hardcover,"Aug 31, 2024",
0,https://www.amazon.com/dp/B0DFYPYML5,B0DFYPYML5,"Workout Log Book: Weight Lifting and Cardio, Exercise Log for Men and Women ( 105 Pages 6x9 Inches )",Nadia  Ramos Janice,Paperback,"Aug 31, 2024",
0,https://www.amazon.com/dp/B0DFYPSX9P,B0DFYPSX9P,Life Is Either A Daring Venture Or Nothing At All: 120 Pages Blank Lined Notebook Journal,Joyful Glorious Prints,Paperback,"Aug 31, 2024",
0,https://www.amazon.com/dp/B0DFYPPND3,B0DFYPPND3,"Gratitude Journal Planner Diary Notebook With 150 Pages | Perfect Diary Use As Office Diary, Personal Diary, Journal Diary",Lagandev Singh,Paperback,"Aug 31, 2024",
0,https://www.amazon.com/dp/B0DFYPPFJT,B0DFYPPFJT,Soar Above Your Limits: Positive Affirmation Motivational And Inspirational Notebook - Lined Paper,Amber Moss,Paperback,"Aug 31, 2024",
0,https://www.amazon.com/dp/B0DFYPNT3T,B0DFYPNT3T,The Productivity Blueprint: 200 Pages to Master Your Day,Luv Em,Hardcover,"Aug 31, 2024",
0,https://www.amazon.com/dp/B0DFYPMGPZ,B0DFYPMGPZ,"Retro Sage Mist Notebook: 100 pages (8,5x11) of lined pages",Ethnoscape Art,Paperback,"Aug 31, 2024",
0,https://www.amazon.com/dp/B0DFYPKQ2Q,B0DFYPKQ2Q,"Butterfly Journeys Lined Journal: Perfect Notebook for Journaling, Note-Taking, To-Do and Recording Your Dreams, 6"" X 9"" inches, 120 Pages of Lined Writing Space",The Tiny Achievers,Paperback,"Aug 31, 2024",
0,https://www.amazon.com/dp/B0DFYPJ3W4,B0DFYPJ3W4,Inspire & Innovate: Your Business Idea Journal: A Creative Space for Visionaries to Capture and Develop Ideas,Leif Joosepson,Paperback,"Aug 31, 2024",
0,https://www.amazon.com/dp/B0DFYPFCB8,B0DFYPFCB8,Let's Explore: Explore the Journey of Life with this Awesome Journal for Friends and Family,Cosmic Hippie,Paperback,"Aug 31, 2024",
0,https://www.amazon.com/dp/B0DFYPD2CN,B0DFYPD2CN,"Welcome to My Dance World: Lined Collection: Immersive Dance Quote | Ideal For Dancers, Students, And Creatives | College Ruled | Glossy Cover",KJ Dance,Paperback,"Aug 31, 2024",
0,https://www.amazon.com/dp/B0DFYP8RJL,B0DFYP8RJL,Pocket Planner 2025-2026: Two Year Diary Calendar for Purse Dated from January 25 to December 26 || 24 Months Appointment Book with Holidays and Inspirational Quotes || Small Size - UK Edition,UK Press,Paperback,"Aug 31, 2024",
0,https://www.amazon.com/dp/B0DFYP8JR3,B0DFYP8JR3,"College Ruled Subject Notebook: Cute and Unique Cover with Sweet & Spooky Boba | Vintage Notebook Journal | Ideal For School, College, Office, Work",FlexiHarmony Creations,Paperback,"Aug 31, 2024",
1,https://www.amazon.com/dp/1969844892,1969844892,Moving Up,Reginald Tshepo Pheqe,Paperback,"Nov 11, 2025",
0,https://www.amazon.com/dp/B0DFYP656D,B0DFYP656D,Celestial Waltz Daily Planner,QDIX Press,Hardcover,"Aug 31, 2024",
0,https://www.amazon.com/dp/B0DFYP4HKG,B0DFYP4HKG,DMMS Notebook Journal,Dr. Elizabeth Worthington,Paperback,"Aug 31, 2024",
0,https://www.amazon.com/dp/B0DFYNZPWF,B0DFYNZPWF,"Dressed Up Bear Notebook: 6x9'', 120 Lined Pages Journal",Alija Soul Art,Paperback,"Aug 31, 2024",
0,https://www.amazon.com/dp/B0DFYNXVT8,B0DFYNXVT8,The Soul Journal: A Journey to Inner Clarity and Self-Discovery by journaling your soul tides,Saurabh Bhatia,Paperback,"Aug 31, 2024",
1,https://www.amazon.com/dp/B0DFYNW3C2,B0DFYNW3C2,"Surrealism Ephemera Mini Prints Book - The Living Botanicals Edition: Junk journal, scrapbook and collage art supplies, for people passionate about the weird and strange",The Tattered Breeze,Paperback,"Aug 31, 2024",
0,https://www.amazon.com/dp/B0DFYNRVM4,B0DFYNRVM4,page of self rule : Rules for Personal Evolution,RATIKA L,Paperback,"Aug 31, 2024",
1,https://www.amazon.com/dp/B0DFYNQPMZ,B0DFYNQPMZ,"My Quotebook: Blank Lined Notebook for Recording and Remembering Your Favorite Quotes. Inspirational, Motivational, Wisdom, Success, Happiness Sayings",Clarity Cove Publishing,Paperback,"Aug 31, 2024",
0,https://www.amazon.com/dp/B0DFYNP39X,B0DFYNP39X,"Magical Unicorn Dreams: My Special Journal - 100 pages notebook for kids, girls, boys - Unruled pages with cute Unicorn watermark: A Magical Space for Dreamers, Doodles, and Endless Imagination",M. D.,Paperback,"Aug 31, 2024",
0,https://www.amazon.com/dp/B0DFYNNX2L,B0DFYNNX2L,He Who Survives Is Not The Strongest Or The Most Intelligent But The One Most Responsive To Change: 120 Pages Blank Lined Notebook Journal,Joyful Glorious Prints,Paperback,"Aug 31, 2024",
0,https://www.amazon.com/dp/B0DFYNNTCF,B0DFYNNTCF,"Composition Aesthetic Writing Notebook: Fashion And Glam Girl, Lined 120 Pages, For Creative Writers, Journaling, Self Reflection For Thoughts and Dreams, Student Notes, Diary, Gift, 8.5 X 11 Inches",Glam World Publishing,Paperback,"Aug 31, 2024",
0,https://www.amazon.com/dp/B0DFYNNBDB,B0DFYNNBDB,"Retro Sage Mist Notebook: 100 pages (8,5x11) of lined pages",Ethnoscape Art,Paperback,"Aug 31, 2024",
0,https://www.amazon.com/dp/B0DFYNJ2VK,B0DFYNJ2VK,A Couple of Connections: Workbook for Couples,Tristen Davis,Kindle,"Aug 31, 2024",
0,https://www.amazon.com/dp/B0DFYNG5TR,B0DFYNG5TR,"Destination: ""Destination?.....Wherever I want it to be"" travel enthusiast Journal for Friends and Family",Cosmic Hippie,Paperback,"Aug 31, 2024",
0,https://www.amazon.com/dp/B0DFYNDSKD,B0DFYNDSKD,Weekly Planner for Boss Moms,Laquasha Williams,Paperback,"Aug 31, 2024",
0,https://www.amazon.com/dp/B0DFYN6RZR,B0DFYN6RZR,Talk to me.: Rubber Ducky Blue Blank Lined Notebook,Deborah Kurz,Paperback,"Aug 31, 2024",
0,https://www.amazon.com/dp/B0DFYN4DJQ,B0DFYN4DJQ,Grattitude journal NoteBook: 120 page self-care grattitude,Mrs. Devi Nagaraj,Paperback,"Aug 31, 2024",
2,https://www.amazon.com/dp/B0DFYMS621,B0DFYMS621,The Story Mom and Dad: A girl's journal to write the memory of Mom and Dad,Zee Webster,Paperback,"Aug 31, 2024",
0,https://www.amazon.com/dp/B0DFYMNQTM,B0DFYMNQTM,"Lion Gift: 108 Lined Page Notebook With Lion Graphic On Every Page, Journal, Diary, Popart, 6x9 Inches",Sasha Noteworthy,Paperback,"Aug 31, 2024",
0,https://www.amazon.com/dp/B0DFYMJ7TN,B0DFYMJ7TN,Notebook,Hay Now,Paperback,"Aug 31, 2024",
1,https://www.amazon.com/dp/B0DFYMHHQ8,B0DFYMHHQ8,Daily Sparks of Gratitude: A Journal to Transform Your Life,A R,Paperback,"Aug 31, 2024",
0,https://www.amazon.com/dp/B0DFYMCQT2,B0DFYMCQT2,"Flourish with Elegance Lined Journal: Awesome Notebook for Journaling, Note-Taking, To-Do and Recording Your Dreams, 6"" X 9"" inches, 120 Pages of Lined Writing Space",The Tiny Achievers,Paperback,"Aug 31, 2024",
0,https://www.amazon.com/dp/B0DFYM6J9F,B0DFYM6J9F,Fight or Flight,Bhawna sharma,Paperback,"Aug 31, 2024",
0,https://www.amazon.com/dp/B0DFYM4445,B0DFYM4445,Daily Notebook,Grace Reilly,Paperback,"Aug 31, 2024",
0,https://www.amazon.com/dp/B0DFYM3N9H,B0DFYM3N9H,meed.: Five Star ***** Notebook,BIG GUY PRINTING,Paperback,"Aug 31, 2024",
0,https://www.amazon.com/dp/B0DFYLY7QY,B0DFYLY7QY,Ultimate Life Planner: Your 200-Page Guide to Productivity & Success,Luv Em,Hardcover,"Aug 31, 2024",
0,https://www.amazon.com/dp/B0DFYLT7YG,B0DFYLT7YG,Vintage Floral Daily Journal: Planner/Organizer/To do List/150 pages,M Jones,Hardcover,"Aug 31, 2024",
0,https://www.amazon.com/dp/B0DFYLSY16,B0DFYLSY16,"LIFE BEGINS AFTER COFFEE: Notebook, Diary.",Jeel Eliot,Paperback,"Aug 31, 2024",
0,https://www.amazon.com/dp/B0DFYLG18F,B0DFYLG18F,Healing Me: A Therapeutic Journal for Processing Generational Trauma (Healing Us),Dr. Tiffany E Wicks,Paperback,"Aug 31, 2024",
0,https://www.amazon.com/dp/B0DFYLCFZC,B0DFYLCFZC,"Lion Stocking Stuffer: 108 Lined Page Notebook With Lion Graphic On Every Page, Journal, Diary, Popart, 6x9 Inches",Sasha Noteworthy,Paperback,"Aug 31, 2024",
0,https://www.amazon.com/dp/B0DFYL2D5X,B0DFYL2D5X,Color Me Composition: Soft Flowers: 100 Pages | Wide Ruled | 7x9in | Customizable Composition Notebook,Rain Bright Publishing,Paperback,"Aug 31, 2024",
0,https://www.amazon.com/dp/B0DFYKYTPZ,B0DFYKYTPZ,Journal,Hay Now,Paperback,"Aug 31, 2024",
0,https://www.amazon.com/dp/B0DFYKWFYJ,B0DFYKWFYJ,"Composition Aesthetic Writing Notebook: Fashion And Glam Girl, Lined 120 Pages, For Creative Writers, Journaling, Self Reflection For Thoughts and Dreams, Student Notes, Diary, Gift, 8.5 X 11 Inches",Glam World Publishing,Paperback,"Aug 31, 2024",
0,https://www.amazon.com/dp/B0GTGYRDSW,B0GTGYRDSW,Debt-Free in 12 Months: A Step-by-Step Playbook to Pay Off What You Owe and Start Building Wealth (Self Help),Maxwell Stirling,Paperback,"Mar 21, 2026",
0,https://www.amazon.com/dp/B0DFYKVHX1,B0DFYKVHX1,Awake & Unwind: 30-Day Journal of Reflection & Wellness,Sasha A,Paperback,"Aug 31, 2024",
0,https://www.amazon.com/dp/B0DFYKBTVL,B0DFYKBTVL,Color Me Composition: Mandala 2: 100 Pages | Wide Ruled | 7x9in | Customizable Composition Notebook,Rain Bright Publishing,Paperback,"Aug 31, 2024",
0,https://www.amazon.com/dp/B0DFYK9FPB,B0DFYK9FPB,Summer Daily Journal: ~Large~,MX Nova Luna The Void Cryptid,Hardcover,"Aug 31, 2024",
0,https://www.amazon.com/dp/B0DFYK6JB8,B0DFYK6JB8,Kolkata journaling: city of joy,kulbir kaur,Paperback,"Aug 31, 2024",
0,https://www.amazon.com/dp/B0DFYK28C5,B0DFYK28C5,Notes From the Crypt Notebook: Nightmare Notes | Creepy Skeleton Journal | Halloween Horror | Perfect for Gothic Horror Enthusiasts,Szuki Szabo,Paperback,"Aug 31, 2024",
0,https://www.amazon.com/dp/B0DFYK22WW,B0DFYK22WW,LOVE JOURNAL,TLOVE WILLIAMS,Paperback,"Aug 31, 2024",
0,https://www.amazon.com/dp/B0DFYJZJ8S,B0DFYJZJ8S,Virgo Zodiac Journal,Dash Books LLC,Paperback,"Aug 31, 2024",
0,https://www.amazon.com/dp/B0DFYJT9PN,B0DFYJT9PN,WOMENS PRAYER JOURNAL,TLOVE WILLIAMS,Paperback,"Aug 31, 2024",
0,https://www.amazon.com/dp/B0DFYJRC9J,B0DFYJRC9J,Happiness: Notebook,Ruby Rae,Paperback,"Aug 31, 2024",
0,https://www.amazon.com/dp/B0DFYJR4D5,B0DFYJR4D5,"Daily Self Reflection Journal- Daily writing prompts for self development, Daily Reflections to cultivate peace,",Manpreet K,Paperback,"Aug 31, 2024",
0,https://www.amazon.com/dp/B0DFYJMW3X,B0DFYJMW3X,Composition Notebook | One-Subject Notebook | Wide Ruled | 7.5” x 9.25” | 125 Pages,Allison Marullo,Paperback,"Aug 31, 2024",
0,https://www.amazon.com/dp/B0DFYJJ7T6,B0DFYJJ7T6,"Mind, Body, & Spirit",Kelsey Fairbanks,Kindle,"Aug 31, 2024",
0,https://www.amazon.com/dp/B0DFYJD1KQ,B0DFYJD1KQ,Autumn Daily Journal: ~Small~,MX Nova Luna The Void Cryptid,Hardcover,"Aug 31, 2024",
0,https://www.amazon.com/dp/B0DFYJCRZH,B0DFYJCRZH,"Undated Lavender Weekly and Monthly Agenda: January to December | 8 x 10"" | 147 Pages",NVH Designs,Paperback,"Aug 31, 2024",
0,https://www.amazon.com/dp/B0DFYJCJQJ,B0DFYJCJQJ,Journal,Amber Swartz,Paperback,"Aug 31, 2024",
0,https://www.amazon.com/dp/B0DFYJ565L,B0DFYJ565L,Green glitter background with pink drip design and VOTE Sticker: Blank Lined 120 Page Journal/Notebook/Poetry Book,Shanese Shields,Paperback,"Aug 31, 2024",
0,https://www.amazon.com/dp/B0DFYJ3HXQ,B0DFYJ3HXQ,Winter Daily Journal: ~Large~,MX Nova Luna The Void Cryptid,Hardcover,"Aug 31, 2024",
0,https://www.amazon.com/dp/B0DFYJ1PJ9,B0DFYJ1PJ9,"Quotes Book, 7x7, journal, each page divided into 3 college ruled lined sections",Jackie Bolivar,Paperback,"Aug 31, 2024",
0,https://www.amazon.com/dp/B0DFYJ1GLK,B0DFYJ1GLK,Summer Daily Journal: ~Small~,MX  Nova Luna The Void Cryptid,Hardcover,"Aug 31, 2024",
0,https://www.amazon.com/dp/B0DFYHZP8R,B0DFYHZP8R,Notebook: Embroidered Gnome,Lesley J Coe,Paperback,"Aug 31, 2024",
0,https://www.amazon.com/dp/B0DFYHW34H,B0DFYHW34H,Shit I Can't Remember: The Ultimate Funny Personal Journal for Keeping Track of Everything,gavyn ross,Paperback,"Aug 31, 2024",
0,https://www.amazon.com/dp/B0DFYHVXKW,B0DFYHVXKW,Notebook by Julien D’Arnay: Blue Moon,Julien D’Arnay,Paperback,"Aug 31, 2024",
0,https://www.amazon.com/dp/B0DFYHTFN4,B0DFYHTFN4,Chronic Health Diary Notebook: Italian Greyhounds: Personal Record Log Journal: Simple-Organised-Complete: Track All Your Important Medical ... Additional Features To Optimize Your Records.,Lulubell,Paperback,"Aug 31, 2024",
0,https://www.amazon.com/dp/B0DFYHRDC6,B0DFYHRDC6,Pride LGBTQIA+ Be You Journal Notebook,Soto,Paperback,"Aug 31, 2024",
0,https://www.amazon.com/dp/B0DFYHMZNW,B0DFYHMZNW,Lion Gift,Sasha Noteworthy,Paperback,"Aug 31, 2024",
0,https://www.amazon.com/dp/B0DFYHHLMD,B0DFYHHLMD,"Beautiful Bow Composition Notebook, College Ruled, 150 lined pages, 8.5 x 11-inch",Danelle Rodriguez,Paperback,"Aug 31, 2024",
0,https://www.amazon.com/dp/B0DFYHDRH1,B0DFYHDRH1,The 369 Guided Manifestation Journal: 99 Days of Manifesting,Di Anna Ishtar,Paperback,"Aug 31, 2024",
0,https://www.amazon.com/dp/B0DFYH8V81,B0DFYH8V81,Chronic Health Diary Notebook: Catalan Sheepdogs: Personal Record Log Journal: Simple-Organised-Complete: Track All Your Important Medical Information ... Additional Features To Optimize Your Records.,Lulubell,Paperback,"Aug 31, 2024",
0,https://www.amazon.com/dp/B0DFYH7QXN,B0DFYH7QXN,Essence of my Life,Crystal B,Paperback,"Aug 31, 2024",
0,https://www.amazon.com/dp/B0DFYH582Z,B0DFYH582Z,Brown background with gold drip design and VOTE Sticker: Blank Lined 120 Page Journal/Notebook/Poetry Book,Shanese Shields,Paperback,"Aug 31, 2024",
0,https://www.amazon.com/dp/B0DFYH2CMH,B0DFYH2CMH,Taste & Thrive: A Weekly Meal Planner+ Grocery List + Recipe Notes,Pallavi K,Kindle,"Aug 31, 2024",
0,https://www.amazon.com/dp/B0DFYH2CHV,B0DFYH2CHV,Kingdom Rise: They Didn't Know We Were Seeds,Edlyn Cherry,Paperback,"Aug 31, 2024",
0,https://www.amazon.com/dp/B0DFYH17XZ,B0DFYH17XZ,LOVE WOMENS PERSONALIZED JOURNAL,TLOVE WILLIAMS,Paperback,"Aug 31, 2024",
0,https://www.amazon.com/dp/B0DFYGSQ5B,B0DFYGSQ5B,"Notes: Halloween Notebook 110 Ruled Pages 6 x 9"" Durable Matte Cover",GrateFul SandMs PressWork,Paperback,"Aug 31, 2024",
0,https://www.amazon.com/dp/B0DFYGRTRH,B0DFYGRTRH,Bhagavad-Gītā 10.10 | To those who are constantly devoted to serving Me with love: Lined Journal with Bhagavad-Gītā Quote on Cover | Notebook for ... for Spiritual Seekers | Color: Picton Blue,Bhakti Reflections,Hardcover,"Aug 31, 2024",
0,https://www.amazon.com/dp/B0DFYGPLM3,B0DFYGPLM3,Budget Journal: Path to managing self budgeting,Khyati P,Paperback,"Aug 31, 2024",
0,https://www.amazon.com/dp/B0DFYGPCZV,B0DFYGPCZV,Autumn Journal: ~Large~,MX Nova Luna The Void Cryptid,Hardcover,"Aug 31, 2024",
0,https://www.amazon.com/dp/B0DFYGHCN9,B0DFYGHCN9,Blue background with white drip design and VOTE Sticker: Blank Lined 120 Page Journal/Notebook/Poetry Book,Shanese Shields,Paperback,"Aug 31, 2024",
0,https://www.amazon.com/dp/B0DFYGDPVS,B0DFYGDPVS,2025-2026 Two Year Planner Pocket Size: Dolphin Fish themed Cover 2 Page Spreads With Monthly Calendar Grids 24 Months Organizer,Folashade Publishing,Paperback,"Aug 31, 2024",
0,https://www.amazon.com/dp/B0DFYGCP17,B0DFYGCP17,"Composition Aesthetic Writing Notebook: Fashion And Glam Girl, Lined 120 Pages, For Creative Writers, Journaling, Self Reflection For Thoughts and Dreams, Student Notes, Diary, Gift, 8.5 X 11 Inches",Glam World Publishing,Paperback,"Aug 31, 2024",
0,https://www.amazon.com/dp/B0DFYG8W11,B0DFYG8W11,"My Things to Do Book: Organize, Plan, and Achieve",Charles  E. Lawrence,Paperback,"Aug 31, 2024",
0,https://www.amazon.com/dp/B0DFYFBD1T,B0DFYFBD1T,Mom & Me Diary: An Activity Journal to Strengthen Your Bond with Heartfelt Questions,Celine MacDonald,Paperback,"Aug 31, 2024",
0,https://www.amazon.com/dp/B0DFYF4JVF,B0DFYF4JVF,Composition Notebook | One-Subject Notebook | Wide Ruled | 7.5” x 9.25” | 125 Pages,Allison Marullo,Paperback,"Aug 31, 2024",
0,https://www.amazon.com/dp/B0DFYDXPJM,B0DFYDXPJM,"Dream Journal for Girls! Dream Tracker, Emotions and More!",Almaas Husain,Paperback,"Aug 31, 2024",
0,https://www.amazon.com/dp/B0DFYDRL1Y,B0DFYDRL1Y,Journal: Sleeping Dog in his basket.,Lesley J Coe,Paperback,"Aug 31, 2024",
0,https://www.amazon.com/dp/B0DFYD3THB,B0DFYD3THB,"Journal: Notebook, 120 Pages, Medium 6 inches x 9 inches - Paperback",VerRhonda Hailey,Paperback,"Aug 31, 2024",
0,https://www.amazon.com/dp/B0DFYD1Y27,B0DFYD1Y27,fall journal,little things by riri,Paperback,"Aug 31, 2024",
0,https://www.amazon.com/dp/B0DFYCK3YP,B0DFYCK3YP,Chronic Health Diary Notebook: Rottweiller Dogs: Personal Record Log Journal: Simple-Organised-Complete: Track All Your Important Medical Information With Additional Features To Optimize Your Records.,Lulubell,Paperback,"Aug 31, 2024",
0,https://www.amazon.com/dp/B0DFY9PJX9,B0DFY9PJX9,"STAMP YOUR STYLE WITH PRECISION | NAIL ART DESIGNING BOOK: A Personalized Log Book With Blank Templates To Practice Creative Nail Inspiration. Big ... .Gift For Nail Technician,Artist & Designe",FDC Nails,Paperback,"Aug 31, 2024",
0,https://www.amazon.com/dp/B0DFY78529,B0DFY78529,"Serenity Mandala Coloring Collection: Relax and Unwind: with Beautiful 50 Intricate Designs for Mindfulness and Creativity | 8.5"" x 11"" Premium Paper",Tana Croft,Paperback,"Aug 31, 2024",
1,https://www.amazon.com/dp/B0DFY61WWB,B0DFY61WWB,Joyful Ease: Adventures In Gratitude,Nichole Scott,Paperback,"Aug 31, 2024",
0,https://www.amazon.com/dp/B0DFY4YN1F,B0DFY4YN1F,Doodle letter alphabet coloring book: For kids 5 and up,Elise Abbot,Paperback,"Aug 31, 2024",
1,https://www.amazon.com/dp/B0DFY456J8,B0DFY456J8,ADHD Art Therapy Workbook: for adults,True Justice,Paperback,"Aug 31, 2024",
0,https://www.amazon.com/dp/B0DFY3S31G,B0DFY3S31G,Gnome Adventures Coloring Book,Mr Aaron La Valley,Paperback,"Aug 31, 2024",
0,https://www.amazon.com/dp/B0DFY3JH5P,B0DFY3JH5P,ＲＡＢＢＩＴ: adult colorLing book (ウサギ),ＮＡＴＵＲＡＬ ＡＮＧＥＬ,Paperback,"Aug 31, 2024",
0,https://www.amazon.com/dp/B0DFY326JV,B0DFY326JV,"Inspirations In Ink: A Guided Christian Sermon Journal & Bible Coloring Book - Vol. 17, Red & Pink Edition: 6"" x 9"" | Enhancing Worship Notes, ... – “James 1:3: Faith Produces Perseverance""",Amber Ink&Indigo,Hardcover,"Aug 31, 2024",
0,https://www.amazon.com/dp/B0DFY2K514,B0DFY2K514,Tibetan Serenity: A Mandala Coloring Journey,Fantastic Books,Paperback,"Aug 31, 2024",
0,https://www.amazon.com/dp/B0DFY2FPBB,B0DFY2FPBB,"Inspirations In Ink: A Guided Christian Sermon Journal & Bible Coloring Book - Vol. 19, Blue & Green Edition: 6"" x 9"" | Enhancing Worship Notes, ... – “James 1:3: Faith Produces Perseverance""",Amber Ink&Indigo,Hardcover,"Aug 31, 2024",
0,https://www.amazon.com/dp/B0DFY1HVZX,B0DFY1HVZX,Creature Creations: Mandalas Inspired by Nature (Adult coloring book),Herjuagal,Paperback,"Aug 31, 2024",
0,https://www.amazon.com/dp/B0DFY156X7,B0DFY156X7,"Chill Out! In the Ocean: A Stress Relief Coloring Book for Kids & Adults: An 8.5"" x 8.5"" Paperback Coloring Book with 60 pages and a Colorful Glossy Cover",Lorna Whitney,Paperback,"Aug 31, 2024",
0,https://www.amazon.com/dp/B0DFXZN6J7,B0DFXZN6J7,You’re Impacting Their Mindset: How parents are influencing their child's mindset,Natalie Sanders,Kindle,"Aug 31, 2024",
0,https://www.amazon.com/dp/B0DFXZHBK1,B0DFXZHBK1,COLORING BOOK: FLOWER DRAWINGS TO RELIEVE STRESS,Thalita de Farias,Paperback,"Aug 31, 2024",
0,https://www.amazon.com/dp/B0DFXZ3QVN,B0DFXZ3QVN,Mandalas: 40 Bold-Easy Designs for Mindful Coloring (May Flower Designs),May Flower,Paperback,"Aug 31, 2024",
0,https://www.amazon.com/dp/B0DFXYZDKY,B0DFXYZDKY,CHRISTMAS INSPIRATIONAL QUOTES BOOK: A Collection of Uplifting Quotes to Warm Your Heart This Holiday Season,Romana IRDEB,Paperback,"Aug 31, 2024",
0,https://www.amazon.com/dp/B0DFXXVTDY,B0DFXXVTDY,"Calm Oasis Nature Coloring Book for Adults and Kids, Tropical Paradise, Jungle Animals, Relaxing Adventure and Wildlife",Colormania Publishing,Paperback,"Aug 31, 2024",
0,https://www.amazon.com/dp/B0DFXXQL4N,B0DFXXQL4N,THE HISTOY OF HARD ROCK COLOURING BOOK,MARCELA MINGRONE,Paperback,"Aug 31, 2024",
0,https://www.amazon.com/dp/B0DFXSTJ8D,B0DFXSTJ8D,"Noah’s Hometown Word Search Puzzles with FULL-SIZED ANSWERS included FORT SMITH (AR): Includes Local Streets, Landmarks, Institutions, Businesses, and Memories (Arkansas - City Puzzles - Alphabetical)",Noah Houston,Paperback,"Aug 31, 2024",
0,https://www.amazon.com/dp/B0DFXSHCD4,B0DFXSHCD4,Lovely Landscapes and Architecture Coloring Book for Adults 6: Relaxation Through Creative Expression for Anxiety and Stress Relief,Pastel Pearls,Paperback,"Aug 31, 2024",
0,https://www.amazon.com/dp/B0DFXRMWXZ,B0DFXRMWXZ,Splash & Color: Halloween Edition: 35 Intricate Halloween Designs for a Sophisticated Coloring Experience for Adults,NCL Publication,Paperback,"Aug 31, 2024",
0,https://www.amazon.com/dp/B0DFXRH3TC,B0DFXRH3TC,"Noah’s Hometown Word Search Puzzles with FULL-SIZED ANSWERS included O' FALLON (MO): Includes Local Streets, Landmarks, Institutions, Businesses, and Memories (Missouri - City Puzzles - Alphabetical)",Noah Houston,Paperback,"Aug 31, 2024",
1,https://www.amazon.com/dp/B0DFXCJ3ZN,B0DFXCJ3ZN,"From Prison to Prosperity: A journey of "" Redemption and Resilience """,Marcus Bass,Paperback,"Aug 31, 2024",
0,https://www.amazon.com/dp/B0DFX6ZXQ5,B0DFX6ZXQ5,"Trippy Love: A collection of talks on psychedelics, spirituality, & the mystery of existence",Devon R. Gilliam,Paperback,"Aug 31, 2024",
1,https://www.amazon.com/dp/B0DFX6BH2K,B0DFX6BH2K,The Authentic Me: A Journey to Authentic Living and Personal Freedom,Lisa Flynn,Paperback,"Aug 31, 2024",
0,https://www.amazon.com/dp/B0DFX5LSFF,B0DFX5LSFF,"365 Inspiration, Motivation, & Determination Quotes, Tips & Questions!: Book 3",Sue Feldman,Kindle,"Aug 31, 2024",
0,https://www.amazon.com/dp/B0DFX4WRF6,B0DFX4WRF6,"Simple, Bold And Easy Mandalas: Mindfulness Coloring Book For Adults and Teens",Kamil K Watts,Paperback,"Aug 31, 2024",
0,https://www.amazon.com/dp/B0DFX1R96W,B0DFX1R96W,"Trailblazers: Innovate, inspire, Impact",Prannay G Sharma,Kindle,"Aug 31, 2024",
0,https://www.amazon.com/dp/B0DFX14KTZ,B0DFX14KTZ,The Grateful Heart: A Journey of Reflection and Thanks,Silak Haruki,Paperback,"Aug 31, 2024",
0,https://www.amazon.com/dp/B0DFWY3R2Q,B0DFWY3R2Q,"PORTRAIT COLORING BOOK FOR BLACK WOMEN: 55 Stunning Illustrations Celebrating the Beauty of Black Women. Mindful Coloring for Relaxation and Stress Relief. Large 8.5"" x 11""",Mega-Dig Color Press,Paperback,"Aug 31, 2024",
0,https://www.amazon.com/dp/B0DFWX256B,B0DFWX256B,Puppies Colouring Book: Hand Drawn,Creative Landmarks,Paperback,"Aug 31, 2024",
1,https://www.amazon.com/dp/B0DFWSBJRC,B0DFWSBJRC,"""Vibrant"" Glossy Cover Composition Inspiring BW: College ruled lines, Bonus: 10 Coloring pages, for School, for Work",Tides TC,Paperback,"Aug 31, 2024",
0,https://www.amazon.com/dp/B0DFWRBSY4,B0DFWRBSY4,"Adults Mandala Coloring Book for Ultimate Relaxation And Stress Relief : 120 Beautiful Designs Featuring Animals, Fish, Birds and Insects",Camilla Vivian,Paperback,"Aug 31, 2024",
1,https://www.amazon.com/dp/B0DFWR2TSK,B0DFWR2TSK,Daily Wellness: A Wellness Journal Featuring Stress-Relief Coloring Activities.: Build Healthy Habits and Relieve Stress with 70 Focused Wellness Entries.,TKR Creations,Paperback,"Aug 31, 2024",
0,https://www.amazon.com/dp/B0DFWQTV4J,B0DFWQTV4J,"Personnal Notebook With Coloring pages: ""I Own It"" Inspirational and Creative Journal",Tides TC,Paperback,"Aug 31, 2024",
0,https://www.amazon.com/dp/B0DFWPR7Z7,B0DFWPR7Z7,Enchanting Word Search Fiesta: Joyous Puzzles for a Whimsical Halloween,Nova Leovin,Paperback,"Aug 31, 2024",
0,https://www.amazon.com/dp/B0DFWPFPZP,B0DFWPFPZP,Spirited Halloween Word Quest: Delightful Puzzles for an Exhilarating Night,Nova Leovin,Paperback,"Aug 31, 2024",
0,https://www.amazon.com/dp/B0DFWP8D7G,B0DFWP8D7G,Bold and Easy Coloring Book (Vol. 3): 50 Stress-Free Designs for Kids and Adults,Brenda Q Swanson,Paperback,"Aug 31, 2024",
0,https://www.amazon.com/dp/B0DFWNXVD3,B0DFWNXVD3,"Mandala Magic: A Coloring Book for Calm and Creativity (Everyone): Find joy, mindfulness, relaxation, and creativity in every page for all ages and genders.",Vin Media,Paperback,"Aug 31, 2024",
0,https://www.amazon.com/dp/B0DFWNW8K7,B0DFWNW8K7,"Composition Notebook: ""Different and Unique"": College ruled lines, 10 Coloring pages, for School, for Work",Tides TC,Paperback,"Aug 31, 2024",
0,https://www.amazon.com/dp/B0DFWN53GR,B0DFWN53GR,Narwhal Magic Coloring Book,Mariah Renee,Paperback,"Aug 31, 2024",
1,https://www.amazon.com/dp/B0DFWMCD9Z,B0DFWMCD9Z,30 Days Of Accomplishments: Practical Advice From An 11 Year Old,Aubrey  A Martin,Kindle,"Aug 31, 2024",
0,https://www.amazon.com/dp/B0DFWLK6TT,B0DFWLK6TT,Speak Life: 100 Affirmations for Embracing Uniqueness (Speak Life: Practical Affirmations for Everyday in Every Way),Demi Luna,Kindle,"Aug 31, 2024",
1,https://www.amazon.com/dp/B0DFWLJSZ7,B0DFWLJSZ7,"Stress Relief: Coloring Book, Bold & Easy for Adults and Kids, Simple and Big Designs for Relaxation (Bold & Easy Coloring Books)",Dora Tinta,Paperback,"Aug 31, 2024",
0,https://www.amazon.com/dp/B0G6RFQQ5T,B0G6RFQQ5T,Uncovering You: A Journey Into Wholeness,Evan J. Hart,Paperback,"Dec 12, 2025",
1,https://www.amazon.com/dp/B0DFWKRKP2,B0DFWKRKP2,"Stress Free Easy Pattern Coloring Book for Adults, Teens and Kids, Simple and Big Designs for Relaxation, Bold and Easy Coloring book: Simple Coloring Book, Art Therapy for All Ages",Bibi Blue,Paperback,"Aug 31, 2024",
0,https://www.amazon.com/dp/B0DFWF18V5,B0DFWF18V5,King's Cut: Trusting God in Relationships,Rahni E. Scales,Kindle,"Aug 31, 2024",
0,https://www.amazon.com/dp/B0DFW2W1CW,B0DFW2W1CW,The Indian IKIGAI: Fusion of Japanese Secrets & Indian Dharma for a Soulful Life,Navya Karun,Kindle,"Aug 31, 2024",
0,https://www.amazon.com/dp/B0DFVKMDHL,B0DFVKMDHL,Affirmations For Creativity & Success 2 IN 1 BUNDLE,Archer Sterling,Paperback,"Aug 31, 2024",
1,https://www.amazon.com/dp/B0DFWFM29F,B0DFWFM29F,The Inner Glow Up Workbook,Alicia Arlene Bilawka,Paperback,"Aug 30, 2024",
1,https://www.amazon.com/dp/B0DFW7ML22,B0DFW7ML22,"Wedding Plans Coloring Book: Bold & Easy, Simple & Big For Adults & Kids. Relax & Unwind With 50 Wedding Themed Illustrations",Simply Apexity,Paperback,"Aug 30, 2024",
4,https://www.amazon.com/dp/B0DFYQXHJX,B0DFYQXHJX,You can!: Become the best version of you,Rejoice Elikem Vorsah,Kindle,"Aug 30, 2024",
3,https://www.amazon.com/dp/B0DGDY2733,B0DGDY2733,Composition Book Coquette Notebook Wide Ruled: for Teen Girls and Women Pretty Pink Cherries Pastel Blue Aesthetic Journal Cute Anime Cherry Lollipop Girl Cover for School Writing Notes Journaling,Anime Niac,Paperback,"Aug 30, 2024",
0,https://www.amazon.com/dp/B0DFYBK29K,B0DFYBK29K,The Divorce Planner I Never Wanted: I Hate All of This (Divorce Books for Women 2025),Deidra Romero,Paperback,"Aug 30, 2024",
3,https://www.amazon.com/dp/B0DFWD5SFB,B0DFWD5SFB,A 17 year old's world-view,Krists Deivids Rumbenieks,Kindle,"Aug 30, 2024",
0,https://www.amazon.com/dp/B0DFY842BP,B0DFY842BP,Composition Notebook: Hello Sunshine! College Ruled. 120 Pages,Michelle R Fisher,Paperback,"Aug 30, 2024",
0,https://www.amazon.com/dp/B0DFXRS4S8,B0DFXRS4S8,"Do Better: A Green 6""x9"" Blank Lined Notebook",K. Foley,Paperback,"Aug 30, 2024",
0,https://www.amazon.com/dp/B0DFWXKBBF,B0DFWXKBBF,"Can I Get A Refill?: A Woman's Guide to Conserving Energy, Setting Boundaries, and Thriving with Self Love",Lakayla Shaw,Paperback,"Aug 30, 2024",
1,https://www.amazon.com/dp/B0DG5N4S9Q,B0DG5N4S9Q,Shit Marfa Taught Me: a memoir by James Ludeau,Mr. James Leland Ludeau III,Kindle,"Aug 30, 2024",
1,https://www.amazon.com/dp/B0DFXTWQ3Z,B0DFXTWQ3Z,"Sunday Scaries Journal- Feel Peaceful on Sunday, Sunday Calm, Sunday Reflection and Gratitude with Week Prep for Mindset",Heather Balent,Paperback,"Aug 30, 2024",
0,https://www.amazon.com/dp/B0DKTSNRMT,B0DKTSNRMT,Tildy's Little Book for Littles,DID we write,Paperback,"Aug 30, 2024",
2,https://www.amazon.com/dp/B0DFWWLYPM,B0DFWWLYPM,TGCF HuaLian Daily To do List Journal: In Cute animal form with size 6x9 filled with 120 pages,Weightless Sky Studio,Paperback,"Aug 30, 2024",
0,https://www.amazon.com/dp/B0DFXVQ7ZR,B0DFXVQ7ZR,50+ Words & Scriptures of Inspiration Journal_Paperback Version,Giraffe Works,Hardcover,"Aug 30, 2024",
4,https://www.amazon.com/dp/B0DFWJDZVD,B0DFWJDZVD,"Monster Mayhem: Color 25 creepy, unsettling, and horrific monsters!",Leah-Grace Dalia Meredith,Paperback,"Aug 30, 2024",
0,https://www.amazon.com/dp/B0FG9GM4D6,B0FG9GM4D6,Computers: One Click at a Time 2nd Edition,Angela Harris,Paperback,"Aug 30, 2024",
2,https://www.amazon.com/dp/B0DG93B3NH,B0DG93B3NH,THE PAUSE: FROM TRIGGER TO TRANSFORMATION: A GUIDED JOURNALING EXPERIENCE TO MASTER THE FULL SPECTRUM OF YOUR EMOTIONS,Emily Brown,Paperback,"Aug 30, 2024",
4,https://www.amazon.com/dp/B0DFWWGC9N,B0DFWWGC9N,The Producer Planner: Productivity and Mindset Planner for Music Producers: Organization is Freedom. Freedom Enables Creativity.,Adam Sliger,Paperback,"Aug 30, 2024",
1,https://www.amazon.com/dp/B0DFWVM3J5,B0DFWVM3J5,A Time For Everything Prayer Journal For Women,Timi Dunlap,Paperback,"Aug 30, 2024",
0,https://www.amazon.com/dp/B0DFWHM86D,B0DFWHM86D,"Chill Out! In the Desert: A Stress Relief Coloring Book for Kids & Adults: An 8.5"" x 8.5"" Paperback Coloring Book with 60 pages and a Colorful Glossy Cover",Lorna Whitney,Paperback,"Aug 30, 2024",
1,https://www.amazon.com/dp/B0DH3DZCTY,B0DH3DZCTY,The Chronic Illness Journal: Bonus Edition,Ms Sophie Hobley,Paperback,"Aug 30, 2024",
0,https://www.amazon.com/dp/B0DFXX492F,B0DFXX492F,Strength in Pink: My Breast Cancer Journey Journal,Onyx Keesha,Paperback,"Aug 30, 2024",
2,https://www.amazon.com/dp/B0DFVK3F6J,B0DFVK3F6J,"Healthy Living Made Fun: 60-Day Meal, Exercise, & Water Log with Easy Coloring & Large Print Word Searches",Corinne Larsen,Paperback,"Aug 30, 2024",
1,https://www.amazon.com/dp/B0DFWW9KLL,B0DFWW9KLL,"How to Park, For Dumbasses: 6x9 Notebook / Journal: Blank, Lined 100 Pages",I Said What I Said,Paperback,"Aug 30, 2024",
0,https://www.amazon.com/dp/B0DG36GGSR,B0DG36GGSR,Note To Self Today Will Be A Good Day,Kristin Villa,Paperback,"Aug 30, 2024",
0,https://www.amazon.com/dp/B0DFXTYWQ9,B0DFXTYWQ9,Golden Hour Gratitude: A Daily Journal for Sunrise and Sunset Reflections,H. R. Gordon,Paperback,"Aug 30, 2024",
0,https://www.amazon.com/dp/B0DFWZ3TR3,B0DFWZ3TR3,"The Essential Guide to Understanding Indigos for Parents: Discover the Traits, Challenges, and Spiritual Gifts of Indigo Children",Semanthie Nievarrio,Paperback,"Aug 30, 2024",
0,https://www.amazon.com/dp/B0DFYC4NZZ,B0DFYC4NZZ,"Mood Tracking Journal: Daily Mood Tracker and Mental Health Tracker - Track Habit, Daily Activity, Water and Sleep, Gratitude, Self-Reflection, and more - 7","LPCC Art Therapist, Emily Bell M.A.",Paperback,"Aug 30, 2024",
0,https://www.amazon.com/dp/B0DH8G9CP6,B0DH8G9CP6,Western-Inspired Notebook Journal for Women - Includes Empowering Women’s Quotes - 8.5 X11 120 pages,Lauren Hayward,Paperback,"Aug 30, 2024",
3,https://www.amazon.com/dp/B0DFWRD26H,B0DFWRD26H,The Ultimate Online Dating Guide for Women: Dating Tips From Someone Who Met Their Husband on an App,Jeannie Matesanz,Kindle,"Aug 30, 2024",
5,https://www.amazon.com/dp/B0DG3XVZCY,B0DG3XVZCY,Promise Me A True Story,Wayne McKillop,Hardcover,"Aug 30, 2024",
0,https://www.amazon.com/dp/B0DFWY2VRR,B0DFWY2VRR,"Do one thing every day that scares you. Eleanor Roosevelt: Quotes Motivational blank Notebook with 120 lined pages, 6""x9"", Positive Inspirational journal, perfect for a gift",Raven Notes,Paperback,"Aug 30, 2024",
5,https://www.amazon.com/dp/B0DFX1TCHY,B0DFX1TCHY,"My Sister, My Friend I Celebrate You!",Charlotte Miller-Lacy,Paperback,"Aug 30, 2024",
3,https://www.amazon.com/dp/B0DFY18CY9,B0DFY18CY9,You Are Enough: A Journal For Self Empowerment and Self Worth,Netta Reads,Paperback,"Aug 30, 2024",
1,https://www.amazon.com/dp/B0DFYYTS26,B0DFYYTS26,"SUMMON OF PRINCES: Ascend Your Throne, Wield Power With God and Men",Princess-Anne Egochinyerem Emeka-Obiajunwa,Kindle,"Aug 30, 2024",
0,https://www.amazon.com/dp/B0DFWHK7J1,B0DFWHK7J1,"Chill Out! In the Mountains: A Stress Relief Coloring Book for Kids & Adults: An 8.5"" x 8.5"" Paperback Coloring Book with 60 pages and a Colorful Glossy Cover",Lorna Whitney,Paperback,"Aug 30, 2024",
5,https://www.amazon.com/dp/B0DFW7GBS2,B0DFW7GBS2,Feelings Can't Act (No Bad Feelings),Jenni Nakken,Kindle,"Aug 30, 2024",
2,https://www.amazon.com/dp/B0DFWTMSNL,B0DFWTMSNL,"Coquette Composition Notebook Blue Pink Bow Aesthetic Journal Diary 120 Pages College Ruled for Girls, Teens, Women Cute School Supplies 7.5 x 9.25""",Jessie L Jackson,Paperback,"Aug 30, 2024",
0,https://www.amazon.com/dp/B0DFWZWM9Z,B0DFWZWM9Z,31 Mental Health and Faith Affirmations and Journal Prompts for Current and Aspiring Nurses,Sekena Moss,Paperback,"Aug 30, 2024",
2,https://www.amazon.com/dp/B0DFWPMJ8P,B0DFWPMJ8P,Dancing With Shadows,Greyson Levi,Kindle,"Aug 30, 2024",
0,https://www.amazon.com/dp/B0DFWTCZM3,B0DFWTCZM3,Chromosome Notebook: 'If I Were a Chromosome' – Science-Themed Journal for Biology Lovers: 5.5” x 8.5” Matte Notebook with Cute Chromosome Graphics – ... for Biology Students and Science Enthusiasts,Capture,Paperback,"Aug 30, 2024",
0,https://www.amazon.com/dp/B0DFWVXF67,B0DFWVXF67,Notebook: Cupcake Themed Journal,Lesley J Coe,Paperback,"Aug 30, 2024",
0,https://www.amazon.com/dp/B0DFX2CRCF,B0DFX2CRCF,Born on November 16 Custom November 16 Birthday Gift Journal Scorpio Zodiac Notebook Featuring November Birth Flower and Birthstone,Sandrine Froehle,Paperback,"Aug 30, 2024",
0,https://www.amazon.com/dp/B0DFZ2NZVG,B0DFZ2NZVG,Wellness Unleashed:: A Holistic Guide to Thriving,Andy Amborn,Kindle,"Aug 30, 2024",
2,https://www.amazon.com/dp/B0DFWX4193,B0DFWX4193,"Scribeio Notebook: A dog sprints through the surf- College Unruled paper 8.27 x 11.69 inches with a vibrant color cover page image: Joy of a day at ... Dog Running, Labrador Running, Beach",KIPPVA Pty Limited,Paperback,"Aug 30, 2024",
0,https://www.amazon.com/dp/B0DFY6YPCS,B0DFY6YPCS,Daily Planner,Phyllis C Ferris,Paperback,"Aug 30, 2024",
1,https://www.amazon.com/dp/B0DFWXGT7V,B0DFWXGT7V,The Power of Prayer: A Woman's Journey,Dr. Felecia L Fuller,Paperback,"Aug 30, 2024",
0,https://www.amazon.com/dp/B0DFYC4KSP,B0DFYC4KSP,"Doodle Break: Unwind, relax, and let your imagination flow as you relieve stress through doodling.",Judy Derby,Paperback,"Aug 30, 2024",
1,https://www.amazon.com/dp/B0DG728KX9,B0DG728KX9,Birth & Rebirth through Genesis 1-11: The Timeless Theological Conversation,Rabbi Michael Leo Samuel,Kindle,"Aug 30, 2024",
0,https://www.amazon.com/dp/B0DFY5NWJ3,B0DFY5NWJ3,"The 365 Day Self-Discovery Journal: A Question a Day for Self-Reflection, Healing, and Personal Growth",E.T. James,Paperback,"Aug 30, 2024",
1,https://www.amazon.com/dp/B0DFVRBXLS,B0DFVRBXLS,UNLOCK THE SECRETS TO LASTING LOVE: A Guide to Finding Your Perfect Match,"Davor Jedlicka, PhD",Kindle,"Aug 30, 2024",
1,https://www.amazon.com/dp/B0DFX1DLJR,B0DFX1DLJR,"My Daily Self - Care Journal: Agenda with Daily schedule, tracker and notes section to prioritize yourself",Holistic Core Wellness,Hardcover,"Aug 30, 2024",
1,https://www.amazon.com/dp/B0DFWDF874,B0DFWDF874,Cute And Spooky: Bold and Easy Coloring Book: Simple Designs for Relaxation Featuring a Variety of Halloween Moments. Perfect for both children and adults,Bloom Coloring,Paperback,"Aug 30, 2024",
0,https://www.amazon.com/dp/B0DFZLFJYP,B0DFZLFJYP,The Essentials of Memorizing Scripts,Dr. S.M. May,Kindle,"Aug 30, 2024",
0,https://www.amazon.com/dp/B0DFXQ813C,B0DFXQ813C,Blood Sugar Log Book,Jaxon Carter,Paperback,"Aug 30, 2024",
4,https://www.amazon.com/dp/B0DGG36ZB2,B0DGG36ZB2,Robo-fun Bot Buddies Coloring Book for Kids: Fun Robots Coloring Pages for Children Ages 4-12,Pink Pug Press,Paperback,"Aug 30, 2024",
0,https://www.amazon.com/dp/B0DFWTDR17,B0DFWTDR17,Composition Notebook College Ruled: Vintage Botanical Bee Illustration With A Cute Boho Aesthetic,MakingBooksOnFreeTime Publishing,Hardcover,"Aug 30, 2024",
3,https://www.amazon.com/dp/B0DLC5JJY3,B0DLC5JJY3,The Abled Little Elephant: With Coloring Pages,Sara Jean Harrison,Kindle,"Aug 30, 2024",
1,https://www.amazon.com/dp/B0DGD83739,B0DGD83739,"Daily Sunshine: A Guided Journal to Document Your Day with Positivity and Purpose: 6 x 9, 120 pages, Happy Purple Expressions",Happy Purple Expressions,Hardcover,"Aug 30, 2024",
5,https://www.amazon.com/dp/B0DG9796WF,B0DG9796WF,My Morning Gremlin,Erika Merriweather,Paperback,"Aug 30, 2024",
1,https://www.amazon.com/dp/B0DG2VCYRJ,B0DG2VCYRJ,Millennial Lyrics With Demo Songs: WITH DEMO SONGS,Dr  Olalekan Fagbola,Kindle,"Aug 30, 2024",
0,https://www.amazon.com/dp/B0DFYZJ5GZ,B0DFYZJ5GZ,"Empowered: Navigating Complex Social Dynamics, Embracing Authenticity, and Cultivating Resilience through Critical Thinking and Constructive Dialogue",Feroz Khan,Kindle,"Aug 30, 2024",
0,https://www.amazon.com/dp/B0DFYBXBH8,B0DFYBXBH8,Talk to me!,B FM,Paperback,"Aug 30, 2024",
0,https://www.amazon.com/dp/B0GT5XJPNC,B0GT5XJPNC,Activate It: Advice for Today's Activist,Lance Constantine,Paperback,"Aug 30, 2024",
0,https://www.amazon.com/dp/B0DYTFLV5W,B0DYTFLV5W,Nail Art Design Workbook | 25 Blank Templates for Creative Nail Artists: A Comprehensive Sketchbook for Recording and Developing Unique Nail Designs | ... for Professional Technicians and Enthusiasts,FDC Nails,Paperback,"Aug 30, 2024",
0,https://www.amazon.com/dp/B0DRSP3XVL,B0DRSP3XVL,"Spacious Classic Lined Journal, 100 Pages, Large 8.5 x 11 inches - Writing, Note-Taking, and Planning",Luv Em,Paperback,"Aug 30, 2024",
0,https://www.amazon.com/dp/B0DPJ3D5MN,B0DPJ3D5MN,Mindful Musings,Beth Kline-Pedersen,Paperback,"Aug 30, 2024",
0,https://www.amazon.com/dp/B0DKTP218J,B0DKTP218J,INK - SPIRATION: A Colorful Academic Planning Journey,SHARDE MORROW,Kindle,"Aug 30, 2024",
0,https://www.amazon.com/dp/B0DJVS2432,B0DJVS2432,Daily Write: Regular writing boosts creativity and aids in finding solutions to problems.,soria kakar,Paperback,"Aug 30, 2024",
0,https://www.amazon.com/dp/B0DJN5T5T1,B0DJN5T5T1,The Gratitude Journal,Donald G Ennis,Paperback,"Aug 30, 2024",
0,https://www.amazon.com/dp/B0DJLZ8KK2,B0DJLZ8KK2,"TIME to JOURNAL: Journaling helps to clarify your thoughts and emotions, leading to better self-awareness. It can reduce stress by providing an outlet to process and release your feelings.",soria kakar,Paperback,"Aug 30, 2024",
0,https://www.amazon.com/dp/B0DJHJKVFB,B0DJHJKVFB,Fundamentals Of Stoicism (Filosofia Estoica),Ramón García Meneses,Paperback,"Aug 30, 2024",
0,https://www.amazon.com/dp/B0DJ2VLM9H,B0DJ2VLM9H,52 WEEKS After You're Gone: Simple Emotional and Prayer Quotes to Guide You Through Your Healing Journey After an Heartbreak,Gillian Lipsey,Paperback,"Aug 30, 2024",
0,https://www.amazon.com/dp/B0DHXZM227,B0DHXZM227,Notebook for Creative Women Who Value Beauty and Authenticity: your minimalist diary,Magdalena Forst,Paperback,"Aug 30, 2024",
0,https://www.amazon.com/dp/B0DHPLT26S,B0DHPLT26S,School Principals Make A Difference: Blank Lined Notebook - a Gift For School Principals,Eliza Morgan,Paperback,"Aug 30, 2024",
0,https://www.amazon.com/dp/B0DHL22SL1,B0DHL22SL1,Christian Daily Planner: Powerful Disciples,Derek Guerin,Paperback,"Aug 30, 2024",
0,https://www.amazon.com/dp/B0DH3XTQQT,B0DH3XTQQT,Fury Road On a Night Drive: 100 Unlined Pages,My World Notebooks,Paperback,"Aug 30, 2024",
0,https://www.amazon.com/dp/B0DH3PY5R2,B0DH3PY5R2,Runway Ready Productions Journal,Jules O,Paperback,"Aug 30, 2024",
1,https://www.amazon.com/dp/B0DH2K451Z,B0DH2K451Z,You Are Not Fuc*ked Daily Journal and Quotes,Maureen Young,Paperback,"Aug 30, 2024",
0,https://www.amazon.com/dp/B0DGXZRP7J,B0DGXZRP7J,Men's Faux Leather Journal: A simple design to organize your thoughts,Christopher Canavan,Paperback,"Aug 30, 2024",
0,https://www.amazon.com/dp/B0DGVXNB28,B0DGVXNB28,Human Resources Meets the Bhagavad Gita,M. Lopez Carrion,Paperback,"Aug 30, 2024",
0,https://www.amazon.com/dp/B0DGT5TKYJ,B0DGT5TKYJ,"Why She Said No and What To Do Next: The art of making her want you, Mastering the game of sexual attraction and Finding the perfect match (FINDING HER)",Stacy Bernard,Kindle,"Aug 30, 2024",
0,https://www.amazon.com/dp/B0DGQ4H3HP,B0DGQ4H3HP,Gratitude Journal,Lisa Bennett,Paperback,"Aug 30, 2024",
0,https://www.amazon.com/dp/B0DGLFZLLJ,B0DGLFZLLJ,I Need Reminders!: Planner For Kids Ages 4-7,Kara Vaughn,Paperback,"Aug 30, 2024",
0,https://www.amazon.com/dp/B0DGKYWY2Y,B0DGKYWY2Y,Nothing To Everything,Sajal Sharma,Kindle,"Aug 30, 2024",
0,https://www.amazon.com/dp/B0DGGZRJRF,B0DGGZRJRF,Runway Ready Productions Journal,Jules O,Paperback,"Aug 30, 2024",
0,https://www.amazon.com/dp/B0DGGZF5R5,B0DGGZF5R5,Runway Ready Productions Journal,Jules O,Paperback,"Aug 30, 2024",
0,https://www.amazon.com/dp/B0DGGDB4VY,B0DGGDB4VY,Self-Awareness Daily Bullet Journal - Gratitude for Self Growth,Colegirl Scotty,Paperback,"Aug 30, 2024",
0,https://www.amazon.com/dp/B0DGG1C79S,B0DGG1C79S,"Appreciation Journal: Guided with Prompts, For Women, Teens and Students",Netta Reads,Paperback,"Aug 30, 2024",
0,https://www.amazon.com/dp/B0DGFTVCX4,B0DGFTVCX4,"Daily Journal Notebook: Black with monstera leaf design, Line Ruled,160 Pages (80 Sheets), 6 x 9 inches ,Matte, Paperback",Yuliia Kovtunovych,Paperback,"Aug 30, 2024",
0,https://www.amazon.com/dp/B0DGFTMNSZ,B0DGFTMNSZ,DREAMSCAPES: THE MYSTERIES OF DREAMS AND THEIR SIGNIFICANCE,MR HEM RAJ SHARMA JAYALWAL,Kindle,"Aug 30, 2024",
0,https://www.amazon.com/dp/B0DGFSP7Q5,B0DGFSP7Q5,2025 Weekly Planner: French Bulldog Lovers,Elisabeth Napier,Hardcover,"Aug 30, 2024",
0,https://www.amazon.com/dp/B0DGF9DCDG,B0DGF9DCDG,TEACHER LESSON PLANNER 2024-2025,Pat N Au,Paperback,"Aug 30, 2024",
0,https://www.amazon.com/dp/B0DGF8GQRH,B0DGF8GQRH,"I'm Just A 17 Year Old Girl Who Loves Bears: 17th Personalized Birthday Present for Animals lovers, 100 Pages Wide Blank Lined Notebook Journal 6x9",Katia Birthdays Publishing,Paperback,"Aug 30, 2024",
0,https://www.amazon.com/dp/B0DGF4NC5Y,B0DGF4NC5Y,spice chronicles Masaledar Memories,Mandeep kaur,Paperback,"Aug 30, 2024",
0,https://www.amazon.com/dp/B0DGF3T6JW,B0DGF3T6JW,Stunning Landscapes & Relaxing Nature Scenes: All Ages Coloring Book,Heartfelt Adventures,Paperback,"Aug 30, 2024",
0,https://www.amazon.com/dp/B0DGF1GGQD,B0DGF1GGQD,"Healthy Paws: Your Complete Pet' Health Record: Stay Organized, 6x9,150 pages to track every detail of your pet's care: Personal info, health records, ... grooming, training, daily care, and more.",DMD Publications,Paperback,"Aug 30, 2024",
0,https://www.amazon.com/dp/B0DGDZ98H1,B0DGDZ98H1,Breathe. You Are Brilliant!,Andrea S Wilson,Paperback,"Aug 30, 2024",
1,https://www.amazon.com/dp/B0DGDY2B5C,B0DGDY2B5C,"Happy Purple Expressions Dog Journal: 120 lines pages, 6 x 9",Happy Purple Expressions,Hardcover,"Aug 30, 2024",
0,https://www.amazon.com/dp/B0DGDXP91Q,B0DGDXP91Q,Transforming into a Better Me: My 100 Days Weight Loss Journey: A Journal and Guide to a New and Confident Self,Cho Saladaga,Paperback,"Aug 30, 2024",
0,https://www.amazon.com/dp/B0DGDWXDKS,B0DGDWXDKS,2-Year Veteran Planner,Grunt Printing Press,Paperback,"Aug 30, 2024",
0,https://www.amazon.com/dp/B0DGDSBLV3,B0DGDSBLV3,Dot Grid Dream Notebook: Softcover 6x9 (A5) with 160 pages of Dotted Grid White Paper,Chantal Weiss,Hardcover,"Aug 30, 2024",
0,https://www.amazon.com/dp/B0DGDDR2L4,B0DGDDR2L4,"The Stress Free Prima Adult Coloring Books for Anxiety and Depression Support: Blooming Flowers, Retro Patterns, and Beautiful Vixens",Calma Cruz,Paperback,"Aug 30, 2024",
0,https://www.amazon.com/dp/B0DGCT5KKR,B0DGCT5KKR,31 Journal Prompts To Deepen Your Intimacy With God,Danielle J.,Paperback,"Aug 30, 2024",
0,https://www.amazon.com/dp/B0DGC6XB65,B0DGC6XB65,Pound Dropper's Playbook: How to Track and Tackle Weight Loss Through Journaling,Heather Hessler,Paperback,"Aug 30, 2024",
0,https://www.amazon.com/dp/B0DG9LFPF5,B0DG9LFPF5,The Brazilian Charm,Vinícius Zanato Velloso,Paperback,"Aug 30, 2024",
0,https://www.amazon.com/dp/B0DG92H4L3,B0DG92H4L3,30 Days Positive Affirmations: An Inspirational Guide to Cultivating a More Positive You,Chinwe Enyinna,Paperback,"Aug 30, 2024",
0,https://www.amazon.com/dp/B0DG8Y1JF8,B0DG8Y1JF8,Pages of Peace: Coloring Anxiety,Miss Nia Gutierrez,Paperback,"Aug 30, 2024",
0,https://www.amazon.com/dp/B0DG8XBYTM,B0DG8XBYTM,Locked And Logged: PASSCODE JOURNAL,Samantha Caufield,Hardcover,"Aug 30, 2024",
0,https://www.amazon.com/dp/B0DG8TJ1GS,B0DG8TJ1GS,"Daughter Of The King Daily Prayer and Gratitude Journal For Women: : A Daily Journey of Faith, Reflection, and Spiritual Growth""",Kaye Virtue,Paperback,"Aug 30, 2024",
0,https://www.amazon.com/dp/B0DG8SQBNZ,B0DG8SQBNZ,Word Notebook,Mizuiro Kobo,Paperback,"Aug 30, 2024",
0,https://www.amazon.com/dp/B0DG8RP436,B0DG8RP436,Selecting the right spouse Muslimah journal! Best for ladies looking to get married. Detailed guidance as well as journaling pages.,Umm Umar,Paperback,"Aug 30, 2024",
0,https://www.amazon.com/dp/B0DG8R9WM5,B0DG8R9WM5,"Christmas Coloring Book: for adults and seniors, featuring 50 simple and large illustrations designed to relieve stress and relax the mind.",du ba giang,Paperback,"Aug 30, 2024",
0,https://www.amazon.com/dp/B0DG8R7KCP,B0DG8R7KCP,Mandala: Coloring Book,Lyvia Rodrigues,Paperback,"Aug 30, 2024",
0,https://www.amazon.com/dp/B0DG8P7V95,B0DG8P7V95,Ace&Spades Scribes Journal (Cute Space Theme) | 120+2 pages | 6X9 IN | Paperback | 90 GSM | Journal for daily entry.,Ace&Spades Scribes,Paperback,"Aug 30, 2024",
0,https://www.amazon.com/dp/B0DG8NXPNJ,B0DG8NXPNJ,My Spiritual Journal: A colourful blank lined notebook to record your personal journey.,Praying Mantras,Paperback,"Aug 30, 2024",
1,https://www.amazon.com/dp/B0DG6WL1ZN,B0DG6WL1ZN,"Free Palestine: Free Palestine notebook and journal, From the river to the sea, Palestine will be free, Support for Palestine, Stand with Palestine",Leftist Book,Paperback,"Aug 30, 2024",
0,https://www.amazon.com/dp/B0DG63GK2B,B0DG63GK2B,Halloween Coloring Book: Bold & Easy Designs for Adults and kids,ba du giang,Paperback,"Aug 30, 2024",
0,https://www.amazon.com/dp/B0DG61VT1X,B0DG61VT1X,"Islamic-Themed Notebook – Ideal for Personal Reflections, Prayers, and Study: A Thoughtful Space for Your Daily Devotions, Reflections, and Quranic Insights.",I G,Paperback,"Aug 30, 2024",
0,https://www.amazon.com/dp/B0DG5ZZG7W,B0DG5ZZG7W,"Rich at Heart and in Pocket: A Guided Workbook for Aligning Values, Desires, and Finances",Attis,Paperback,"Aug 30, 2024",
0,https://www.amazon.com/dp/B0DG5ZQK4X,B0DG5ZQK4X,Attract Your Ideal Partner in 84 Days: Harnessing Self-Attraction Principles and Self-Love Techniques,Attis,Paperback,"Aug 30, 2024",
0,https://www.amazon.com/dp/B0DG5ZHJJY,B0DG5ZHJJY,Gratitude Journal: Simple Prompts and Positive Affirmations,Loue Berry,Hardcover,"Aug 30, 2024",
3,https://www.amazon.com/dp/B0DG5YZ1JV,B0DG5YZ1JV,"The Game Changer: strategy, psychology, mindset of the improving table soccer player",Miguel Pereira,Kindle,"Aug 30, 2024",
0,https://www.amazon.com/dp/B0DG5YKNPQ,B0DG5YKNPQ,"Premium Graph Paper Notebook – Ideal for Math, Engineering, and Creative Design | 125 Pages of High-Quality Grid Paper: Perfect for Technical ... Go-To Notebook for Accurate and Creative Work",I G,Paperback,"Aug 30, 2024",
1,https://www.amazon.com/dp/B0DG5VF61T,B0DG5VF61T,The Warmth Within: Hygge Concepts Coloring Pages for Adults & Children,Mary Alice Deal,Paperback,"Aug 30, 2024",
0,https://www.amazon.com/dp/B0DG5SJV1Z,B0DG5SJV1Z,Pink Coquette Composition Notebook: Pink Aesthetic Journal for school,Rachelle Emma,Paperback,"Aug 30, 2024",
0,https://www.amazon.com/dp/B0DG5K4WQZ,B0DG5K4WQZ,Your Trade plan is Your Blueprint: Every trade tells a story,Casey Bennett,Paperback,"Aug 30, 2024",
0,https://www.amazon.com/dp/B0DG5DDTB8,B0DG5DDTB8,Whispers of Tranquility: A Journal for a Quiet Life,Latanna Tanae Smith,Paperback,"Aug 30, 2024",
0,https://www.amazon.com/dp/B0DG55VL5Y,B0DG55VL5Y,"Inspirations In Ink: A Guided Christian Sermon Journal & Bible Coloring Book - Vol. 13, Orange Edition: 6"" x 9"" | Enhancing Worship Notes, ... – “James 1:3: Faith Produces Perseverance""",Amber Ink&Indigo,Hardcover,"Aug 30, 2024",
0,https://www.amazon.com/dp/B0DG532NYS,B0DG532NYS,Inspirational Writing Journal,Casey Benett,Paperback,"Aug 30, 2024",
1,https://www.amazon.com/dp/B0DG4D8DT6,B0DG4D8DT6,Triumphing Through Life's Trials: God's Guiding Hands,Elaine Beverly Robinson Williams,Kindle,"Aug 30, 2024",
0,https://www.amazon.com/dp/B0DG3PLDHP,B0DG3PLDHP,Mandalas of the Wild: Relax and Unwind with Nature's Beauty: 50 Nature-Inspired Mandalas for Calm,Shade&Shine Publishing,Paperback,"Aug 30, 2024",
0,https://www.amazon.com/dp/B0DG361JBM,B0DG361JBM,Happy Elephant Journal: 200 Ruled Pages,The  Napping Panda,Hardcover,"Aug 30, 2024",
0,https://www.amazon.com/dp/B0DG34TYXC,B0DG34TYXC,Blueprint for Success: Your Ultimate Guide to Winning in Life: 7 Proven Strategies to Achieve Lasting Success and Fulfillment,Sia K,Kindle,"Aug 30, 2024",
0,https://www.amazon.com/dp/B0DG33DP6S,B0DG33DP6S,Things I Want To Say At Work But Can't - Coloring Book,Mason,Paperback,"Aug 30, 2024",
0,https://www.amazon.com/dp/B0DG31WDV4,B0DG31WDV4,Morning Coffee Journal: Reprogram Your Mindset: Daily Prompts to Orient Your Mind for the Day,Justin Wells,Paperback,"Aug 30, 2024",
0,https://www.amazon.com/dp/B0DG2X7YL6,B0DG2X7YL6,daily planner: white wavy texture and a transparent circle in the center,Hayatas MIro,Paperback,"Aug 30, 2024",
0,https://www.amazon.com/dp/B0DG2WKHKP,B0DG2WKHKP,daily planner: A sugar skull with intricate floral,Hayatas Miro,Paperback,"Aug 30, 2024",
0,https://www.amazon.com/dp/B0DG182M1T,B0DG182M1T,The Impact of Social Media Detox: Reclaiming Time and Improving Mental Health,Carmen Wilde,Kindle,"Aug 30, 2024",
0,https://www.amazon.com/dp/B0DFZT55V6,B0DFZT55V6,The Psychology of Persuasion: Understanding Influence and Decision-Making,Sloane Montgomery,Kindle,"Aug 30, 2024",
5,https://www.amazon.com/dp/B0DFZL9Q1V,B0DFZL9Q1V,This Life Matters,Sean Baptiste Neal,Kindle,"Aug 30, 2024",
0,https://www.amazon.com/dp/B0DFZ2D5SL,B0DFZ2D5SL,Daily Gratitude Journal,H J K,Paperback,"Aug 30, 2024",
0,https://www.amazon.com/dp/B0DFZ1VHMG,B0DFZ1VHMG,"The Ultimate Guide to Blended Family Success for Parents: Proven Strategies for Navigating the Complexities of Blended Families and Building a Strong, Loving Household",Semanthie Nievarrio,Paperback,"Aug 30, 2024",
0,https://www.amazon.com/dp/B0DFZ1JK1D,B0DFZ1JK1D,The Essential Virtuous Wife Guide for Newlyweds: Timeless Wisdom and Practical Advice for Building a Loving and Lasting Marriage,Semanthie Nievarrio,Paperback,"Aug 30, 2024",
0,https://www.amazon.com/dp/B0DFYZLCDD,B0DFYZLCDD,Daily Journal,Christine Lee,Paperback,"Aug 30, 2024",
0,https://www.amazon.com/dp/B0DFYXVQ92,B0DFYXVQ92,Life’s Ledger,H J K,Paperback,"Aug 30, 2024",
0,https://www.amazon.com/dp/B0DFYXV1MH,B0DFYXV1MH,"Grand Angels Journal, A Grandparents Journal of Stories and Gratitude: Grandpa & Grandma Lined Notebook with Quotes & Cartoons ,125 Pages, (6 x 9 in)",Designino Custom,Paperback,"Aug 30, 2024",
0,https://www.amazon.com/dp/B0DFYWD1GC,B0DFYWD1GC,"Winter's Grace Notebook – 6x9 Lined Journal with 100 Pages, Rustic Cross in Snowy Meadow Cover Design",PeteCo Books,Paperback,"Aug 30, 2024",
0,https://www.amazon.com/dp/B0DFYVM1YD,B0DFYVM1YD,Dream Journal:Where dreams come to life.,Puja Pandey,Paperback,"Aug 30, 2024",
0,https://www.amazon.com/dp/B0DFYSGN23,B0DFYSGN23,My Sunrise Notebook: Inspiring notebook in a line of one hundred pages for recording.,VA Love In,Paperback,"Aug 30, 2024",
0,https://www.amazon.com/dp/B0DFYQN47H,B0DFYQN47H,"Dream Journal with Prompts – Paperback,120 Pages, Guided Dream Diary for Capturing Nighttime Visions, Interpretations, and Reflections",Nadia’s Bookshelf,Paperback,"Aug 30, 2024",
0,https://www.amazon.com/dp/B0DFYQK2PX,B0DFYQK2PX,"I'M NOT COMPLAINING... I INFORM REALITY THAT IT DOES NOT MEET MY EXPECTATIONS: Funny, Motivational, Notebook For Women, Travel Daily Journal, College ... Boost Productivity at Work, 6'' X 9''",Audrey Fox,Hardcover,"Aug 30, 2024",
0,https://www.amazon.com/dp/B0DFYP541D,B0DFYP541D,"Ultimate Financial Workbook: Your Comprehensive Guide to Managing Transactions, Balance Sheets, and Income Statements (Finance for All Ages and Stages)",Nmachi Meneks,Paperback,"Aug 30, 2024",
1,https://www.amazon.com/dp/B0DFYNTLKH,B0DFYNTLKH,Your Journey: Always believe you are capable of doing anything!,Mrs Carla Smith,Paperback,"Aug 30, 2024",
0,https://www.amazon.com/dp/B0DFYNP3JD,B0DFYNP3JD,DREAM JOURNAL : Achievers are the Dreamers who believed,Ferocious Falcon,Paperback,"Aug 30, 2024",
0,https://www.amazon.com/dp/B0DFYMY4HW,B0DFYMY4HW,"Vintage Composition Notebooks: College Ruled Journal With Cover of Cyborg Skeleton In Space | Ukiyo-e Art Style | 130 pages & Wide Lines | Ideal For School, College, Office, Work",FlexiHarmony Creations,Paperback,"Aug 30, 2024",
0,https://www.amazon.com/dp/B0DFYMBGD8,B0DFYMBGD8,Forest Daily Productivity Planner,Kieran Ashcroft,Paperback,"Aug 30, 2024",
0,https://www.amazon.com/dp/B0DFYLYTWV,B0DFYLYTWV,"It Will Be Good Day Because I Said So: Positive Affirmation, Motivational and Inspirational Notebook",Madison Foster,Paperback,"Aug 30, 2024",
0,https://www.amazon.com/dp/B0DFYLCJ52,B0DFYLCJ52,Torchbearer Chronicles: Imposter Syndrome,Laura Schuch,Paperback,"Aug 30, 2024",
0,https://www.amazon.com/dp/B0DFYKQPL4,B0DFYKQPL4,Gratitude Journal: Christmas Edition,Momna M,Hardcover,"Aug 30, 2024",
0,https://www.amazon.com/dp/B0DFYDMWZS,B0DFYDMWZS,I am Capable Composition notebook,Tianda Washington,Paperback,"Aug 30, 2024",
0,https://www.amazon.com/dp/B0DFYDBJ8M,B0DFYDBJ8M,Gratitude and Complaints Journal,Alivette Vigo,Paperback,"Aug 30, 2024",
0,https://www.amazon.com/dp/B0DFYD976V,B0DFYD976V,Notebook: Aesthetic Styled Blank Lined Notebook,Aesthetic Press,Paperback,"Aug 30, 2024",
0,https://www.amazon.com/dp/B0DFYD5LJC,B0DFYD5LJC,Blue Wave Journal-Dark Cover,Debbie Ellis,Hardcover,"Aug 30, 2024",
0,https://www.amazon.com/dp/B0DFYD579X,B0DFYD579X,"Cute Watercolor Frog Composition Notebook for Students: Fun College Ruled Journal, 110 Pages, 7.5""x9.25"" | Cool Students Gift for School, Office & Personal Use",Carpede Books,Paperback,"Aug 30, 2024",
0,https://www.amazon.com/dp/B0DFYCTHMP,B0DFYCTHMP,My Journey: A Journal that records your daily thoughts,Heidi Zator,Paperback,"Aug 30, 2024",
0,https://www.amazon.com/dp/B0DFYCBN89,B0DFYCBN89,Gratitude Journal for Everyone - Mental Health Journal - Self Care Journal - Wellness Journal,Lyndsey Rhodus,Paperback,"Aug 30, 2024",
0,https://www.amazon.com/dp/B0DFYC3SSZ,B0DFYC3SSZ,Things I Hear As a College Professor: Things I Hear As a College Professor,Jennie B Essentials,Paperback,"Aug 30, 2024",
0,https://www.amazon.com/dp/B0DFYBX53Z,B0DFYBX53Z,"Doodle Magic: Unwind, relax, and let your imagination flow as you relieve stress through doodling",Judy Derby,Paperback,"Aug 30, 2024",
0,https://www.amazon.com/dp/B0DFYBX2SV,B0DFYBX2SV,"Professional Meeting Notebook for Work: Organized Note-Taking with Meeting minutes, Action Items, follow-up Sections.: Perfect organizer for Executives, managers and teams, half meeting half notes",Paper Path Print,Paperback,"Aug 30, 2024",
0,https://www.amazon.com/dp/B0DFYBRX51,B0DFYBRX51,Joyful Notes: Journal,Phyllis  C Ferris,Paperback,"Aug 30, 2024",
0,https://www.amazon.com/dp/B0DFYBRDYL,B0DFYBRDYL,A5 Purple Floral Notebook / Journal: Flower design notebook with 150 lined pages,EJ Smith,Paperback,"Aug 30, 2024",
0,https://www.amazon.com/dp/B0DFYBRBY9,B0DFYBRBY9,"The Must's, The Maybe's, and The Unplanned: Daily Priority Journal",Dr. Timogi Jckson,Paperback,"Aug 30, 2024",
1,https://www.amazon.com/dp/B0DFYBN8YX,B0DFYBN8YX,2025-2026 monthly planner: Two year Schedule Organizer from January 2025 to December 2026,Patricia Bloom,Paperback,"Aug 30, 2024",
0,https://www.amazon.com/dp/B0DFYBKQR1,B0DFYBKQR1,Ideas: I Can’t Trust My Brain to Keep: Daily Notebook: Journal to Write Down Your Ideas,Marta Notes,Paperback,"Aug 30, 2024",
0,https://www.amazon.com/dp/B0DFYBKQ51,B0DFYBKQ51,Out of the Blue: inspired guidance for the everyday moments,Susan Walliker,Paperback,"Aug 30, 2024",
0,https://www.amazon.com/dp/B0DFYBJXLZ,B0DFYBJXLZ,Things I Hear As a Twelfth Grade Teacher: Things I Hear As a College Professor,Jennie B Essentials,Paperback,"Aug 30, 2024",
0,https://www.amazon.com/dp/B0DFYBJLXF,B0DFYBJLXF,Things I Hear As an Eleventh Grade Teacher: Things I Hear As a College Professor,Jennie B Essentials,Paperback,"Aug 30, 2024",
0,https://www.amazon.com/dp/B0DFYBJKXX,B0DFYBJKXX,"Color Me Composition: Floral Zoom: 100 Pages, Wide Ruled, 7x9in, Customizable Composition Notebook",Rain Bright Publishing,Paperback,"Aug 30, 2024",
1,https://www.amazon.com/dp/B0DFYBHRTG,B0DFYBHRTG,Journey Through the Nicu: 70 (NICU Journey),Mariah Ellison,Hardcover,"Aug 30, 2024",
1,https://www.amazon.com/dp/B0DFYBG3TX,B0DFYBG3TX,Meet Me In The Clouds: Where Love and Memories Soar,La'Belle Mcgarrah,Paperback,"Aug 30, 2024",
0,https://www.amazon.com/dp/B0DFYBDZ9G,B0DFYBDZ9G,"Caffeinated Thoughts, 7x7, college ruled, journal, notebook",Jackie Bolivar,Paperback,"Aug 30, 2024",
0,https://www.amazon.com/dp/B0DFYB1R5Y,B0DFYB1R5Y,"Heal the past Live the present Dream the future: Motivation and classic notebook journal for women, friends and family",Sara Sara James,Paperback,"Aug 30, 2024",
0,https://www.amazon.com/dp/B0DFY9Z3L2,B0DFY9Z3L2,My Journey: 2025,Print Media,Hardcover,"Aug 30, 2024",
0,https://www.amazon.com/dp/B0DFY9TC2G,B0DFY9TC2G,Things I Hear As a College Professor: Things I Hear As a College Professor,Jennie B Essentials,Paperback,"Aug 30, 2024",
0,https://www.amazon.com/dp/B0DFY9RS1H,B0DFY9RS1H,"Cartoon Owl Composition Notebook for Students: Fun College Ruled Journal, 110 Pages, 7.5""x9.25"" | Cool Students Gift for School, Office & Personal Use",Carpede Books,Paperback,"Aug 30, 2024",
0,https://www.amazon.com/dp/B0DFY9QW83,B0DFY9QW83,Things I Hear As a Twelfth Grade Teacher: Things I Hear As a College Professor,Jennie B Essentials,Paperback,"Aug 30, 2024",
0,https://www.amazon.com/dp/B0DFY9QW7Z,B0DFY9QW7Z,"NAIL ART TEMPLATES SKETCHBOOK: A Personalized Log Book With Blank Templates To Practice Creative Nail Inspiration. | Big Size Sketchbook | Journal ... .Gift For Nail Technician,Artist & Designer",FDC Nails,Paperback,"Aug 30, 2024",
0,https://www.amazon.com/dp/B0DFY9P3V1,B0DFY9P3V1,"Fantasy Floral Composition Notebook | College Ruled Notebook | Composition Notebook College Ruled | Fantasy Floral Composition Notebook Journal | 7.5 ... | For kids, teens, girls, women, and adults",Winter Jane,Paperback,"Aug 30, 2024",
0,https://www.amazon.com/dp/B0DFY9JMGG,B0DFY9JMGG,"Budget Smart: Your Personal Expense Tracker – Comprehensive 24-Month Planner for Income, Expenses, Savings, and Debt Management",CSW Publishing,Paperback,"Aug 30, 2024",
1,https://www.amazon.com/dp/B0DFY9HHPZ,B0DFY9HHPZ,My ADHD Daily Productivity Planner,Mr Aaron J La Valley,Paperback,"Aug 30, 2024",
0,https://www.amazon.com/dp/B0DFY9H5BD,B0DFY9H5BD,Notebook: Graph Paper with Decoration,LaChoco Publishing,Paperback,"Aug 30, 2024",
0,https://www.amazon.com/dp/B0DFY92LNK,B0DFY92LNK,Essence of a Scorpio,C M Smith,Paperback,"Aug 30, 2024",
0,https://www.amazon.com/dp/B0DFY926CY,B0DFY926CY,"Caffeinated Thoughts, 7x7, each page divided into 4 squares with college ruled lines, for quotes, short thoughts",Jackie Bolivar,Paperback,"Aug 30, 2024",
0,https://www.amazon.com/dp/B0DFY8ZVWX,B0DFY8ZVWX,"Black & Light Gray Trim Lined Paper Notebook 120 Pages 6 x 9 Inches: Gifts for Students, Workers, and Writing Down Notes",Justin Anthony Ortiz,Paperback,"Aug 30, 2024",
0,https://www.amazon.com/dp/B0DFY8YJ24,B0DFY8YJ24,JOURNAL,Annie B Matthew,Paperback,"Aug 30, 2024",
0,https://www.amazon.com/dp/B0DFY8YDBH,B0DFY8YDBH,My Dream Journal,Alivette Vigo,Paperback,"Aug 30, 2024",
3,https://www.amazon.com/dp/B0DFY8TPTJ,B0DFY8TPTJ,Morning Moments: A 5-minute morning journal for gratitude and success.,Katlyn Matic,Paperback,"Aug 30, 2024",
0,https://www.amazon.com/dp/B0DFY8TC26,B0DFY8TC26,Daily Productivity Planner,Robert Allore,Paperback,"Aug 30, 2024",
0,https://www.amazon.com/dp/B0DFY8T2DG,B0DFY8T2DG,Things I Hear As an Eleventh Grade Teacher: Things I Hear As a College Professor,Jennie B Essentials,Paperback,"Aug 30, 2024",
0,https://www.amazon.com/dp/B0DFY8QTP7,B0DFY8QTP7,Journal,Annie B Matthew,Paperback,"Aug 30, 2024",
0,https://www.amazon.com/dp/B0DFY8PSW4,B0DFY8PSW4,MENTAL HEALTH & SELF CARE JOURNAL,LINDA M,Paperback,"Aug 30, 2024",
0,https://www.amazon.com/dp/B0DFY8MZVB,B0DFY8MZVB,Born to Be a Standout Down Syndrome Awareness Month Journal,Sophia Ma,Paperback,"Aug 30, 2024",
0,https://www.amazon.com/dp/B0DFY8GTXM,B0DFY8GTXM,"Ghost With A Balloon Composition Notebook for Kids: Fun College Ruled Journal, 110 Pages, 7.5""x9.25"" | Cool Kids Gift for School, Office & Personal Use",Carpede Books,Paperback,"Aug 30, 2024",
0,https://www.amazon.com/dp/B0DFY8D8DF,B0DFY8D8DF,Notebook: Graph Paper with Decoration,LaChoco Publishing,Paperback,"Aug 30, 2024",
0,https://www.amazon.com/dp/B0DFY8D46N,B0DFY8D46N,"Co-workers I Want to Punch in the Face: A Funny Gag Gift Notebook for Christmas – Perfect Sarcastic Office Humor for White Elephant or Secret Santa | ... Bosses, and Friends This Holiday Season",GRAPHIX REYNOLDS,Paperback,"Aug 30, 2024",
0,https://www.amazon.com/dp/B0DFY86Q3Q,B0DFY86Q3Q,"Journaling Isn't For Chickens: Be Brave, Face Your Feelings",Mr. Timothy Edward Gilliam,Paperback,"Aug 30, 2024",
0,https://www.amazon.com/dp/B0DFY84ZX3,B0DFY84ZX3,Journals for Women: Healing Journey for Women,Ms. Tancy Alston,Paperback,"Aug 30, 2024",
0,https://www.amazon.com/dp/B0DFY835FH,B0DFY835FH,"100 Days of Gratitude! A Journey to Transform Your Life, One Page at a Time",Aurora Grace,Kindle,"Aug 30, 2024",
0,https://www.amazon.com/dp/B0DFY82VFL,B0DFY82VFL,Calligraphy PEN,LADONNA J HITE,Hardcover,"Aug 30, 2024",
0,https://www.amazon.com/dp/B0DFY82JB1,B0DFY82JB1,Line Journal: Self-discovery and growth,Simranjit kaur,Paperback,"Aug 30, 2024",
5,https://www.amazon.com/dp/B0DFY7Y67V,B0DFY7Y67V,"Success Mindset: Rewiring Your Brain for Achievement, Confidence, and Lifelong Growth (Transform Your Life)",Good Books,Kindle,"Aug 30, 2024",
0,https://www.amazon.com/dp/B0DFY7XJYD,B0DFY7XJYD,Journal,MOLLY POLLY,Paperback,"Aug 30, 2024",
0,https://www.amazon.com/dp/B0DFY7XFZQ,B0DFY7XFZQ,Drawathon Daily Challenge: Animal Challenge,Aaron Myers,Paperback,"Aug 30, 2024",
0,https://www.amazon.com/dp/B0DFY7X2X1,B0DFY7X2X1,"I LOVE NAILS | NAIL ART DESIGNING BOOK: A Personalized Log Book With Blank Templates To Practice Creative Nail Inspiration. | Big Size Sketchbook | ... .Gift For Nail Technician,Artist & Designer",FDC Nails,Paperback,"Aug 30, 2024",
0,https://www.amazon.com/dp/B0DFY7VT1K,B0DFY7VT1K,Composition Notebook | One-Subject Notebook | Wide Ruled | 7.5” x 9.25” | 125 Pages,Allison Marullo,Paperback,"Aug 30, 2024",
0,https://www.amazon.com/dp/B0DFY7MDZ3,B0DFY7MDZ3,Savings Challenge: Tracker Journal for Effective Money Goals,Luova Edition,Paperback,"Aug 30, 2024",
0,https://www.amazon.com/dp/B0DFY7JQ4B,B0DFY7JQ4B,2024-2025 Weekly Planning Calendar,Marie Ryan,Paperback,"Aug 30, 2024",
0,https://www.amazon.com/dp/B0DFY7H3TK,B0DFY7H3TK,"Things I Hear As a Tenth Grade Teacher: College Ruled Journal, Lined Notebook, With Field",Jennie B Essentials,Paperback,"Aug 30, 2024",
0,https://www.amazon.com/dp/B0DFY7DZXT,B0DFY7DZXT,"Doodle Diary: Unwind, relax, and let your imagination flow as you relieve stress through doodling.",Judy Derby,Paperback,"Aug 30, 2024",
0,https://www.amazon.com/dp/B0DFY76S4Q,B0DFY76S4Q,Hello: Quarter planner 120page,Nita Prak,Paperback,"Aug 30, 2024",
0,https://www.amazon.com/dp/B0DFY6ZWCX,B0DFY6ZWCX,"Aesthetic Composition Notebook College Ruled – Cute Preppy Pink Cover in Coquette Style, Perfect for School or Work: Journal for Women and Girls, ... Cover, Large 7.5 x 9.25 inches, 120 Pages",Maya Cotter,Paperback,"Aug 30, 2024",
0,https://www.amazon.com/dp/B0DFY6ZSPC,B0DFY6ZSPC,My Emotional Support Journal,OKayy Kases,Paperback,"Aug 30, 2024",
0,https://www.amazon.com/dp/B0DFY6XLMZ,B0DFY6XLMZ,"Accept It, Good Things are Happening: A Journal for Finding Peace in the Present Moment.: The Perfect Gift for Yourself, Friends and Teens.",Rochelle Bell,Paperback,"Aug 30, 2024",
5,https://www.amazon.com/dp/B0DB8PCP3Q,B0DB8PCP3Q,"Alcohol Use Disorders: From Struggles to Strength; Recognise the Signs of Dependence, Rise Above the Addiction, and Develop Your Resilience in this Self-Help Guide",Erica May,Paperback,"Jul 26, 2024",
0,https://www.amazon.com/dp/B0DFY6TYL7,B0DFY6TYL7,"Once Upon A Time - Mom / A Mother's Guided Journal With Chapters, Epilogue, Prologue / Her Story - Memory Keepsake Book, Numbered, Index: Cover: Sage Green",TeaTime Bookz,Paperback,"Aug 30, 2024",
0,https://www.amazon.com/dp/B0DFY6T7JD,B0DFY6T7JD,SKZoo 2024-2025 Weekly Planner,Casey Gwardyak,Paperback,"Aug 30, 2024",
0,https://www.amazon.com/dp/B0DFY6F7GL,B0DFY6F7GL,Daily Journal: Ombre Brown Sunflower- 120 lined pages,Wright With A Passion,Paperback,"Aug 30, 2024",
0,https://www.amazon.com/dp/B0DFY67CFJ,B0DFY67CFJ,"Things I Hear As a Ninth Grade Teacher: College Ruled Journal, Lined Notebook, With Field",Jennie B Essentials,Paperback,"Aug 30, 2024",
0,https://www.amazon.com/dp/B0DFY65P43,B0DFY65P43,Officially Retired: No Stress! No Boss! No Job! No Pay. (Signs and Spells),Stewart Deane,Paperback,"Aug 30, 2024",
0,https://www.amazon.com/dp/B0DFY5YFYN,B0DFY5YFYN,"My Journal | Fall Autumn Pumpkin Season | College Ruled | 120 pages | 7.5 x 9.25 in | For kids, teens, and adults",Jay Val,Paperback,"Aug 30, 2024",
0,https://www.amazon.com/dp/B0DFY5LFWL,B0DFY5LFWL,Pocket Planner 2025-2026: Black and Grey Classic. Small Size 2 Year Schedule Organizer for Men.,Sara A. Bernard,Paperback,"Aug 30, 2024",
0,https://www.amazon.com/dp/B0DFY5D5SN,B0DFY5D5SN,"Can’t Keep Calm: The Ultimate Medical Student Notebook: A Must-Have Gift for Med Students | 100-Page Lined Journal 8"" x 10""",Sana G.,Paperback,"Aug 30, 2024",
0,https://www.amazon.com/dp/B0DFY5CY39,B0DFY5CY39,"Things I Hear As a Tenth Grade Teacher: College Ruled Journal, Lined Notebook, With Field",Jennie Essentials,Paperback,"Aug 30, 2024",
0,https://www.amazon.com/dp/B0DFY55RTD,B0DFY55RTD,"Things I Hear As a Ninth Grade Teacher: College Ruled Journal, Lined Notebook, With Field",Jennie B Essentials,Paperback,"Aug 30, 2024",
0,https://www.amazon.com/dp/B0DFY4WPSF,B0DFY4WPSF,"Harness Your Potential: Unleash the Power of Possibility, Motivation journal",Matt Goodwin,Paperback,"Aug 30, 2024",
0,https://www.amazon.com/dp/B0DFY4WH99,B0DFY4WH99,"2025-2029 Five Year Monthly Planner: Organize Your Life and Achieve Your Dreams with 60 Monthly Calendars Featuring Focus, Goals, and To-Do Lists",Shine Gold Books,Paperback,"Aug 30, 2024",
0,https://www.amazon.com/dp/B0DFY4RRX4,B0DFY4RRX4,"I Create the Life of my Dreams: Our 100-page lined notebook journal ""I Create the LIfe of My Dreams"" is perfect for capturing your visions, setting ... towards the life you’ve always wanted.",Love & Mantra,Paperback,"Aug 30, 2024",
0,https://www.amazon.com/dp/B0DFY4KS65,B0DFY4KS65,"Mood Tracker Journal: 8.5x11"" Daily Mood Tracker Notebook for Mental Health & Wellness & Anxiety & Depression & Self-Care Diary with Prompts | Large ... - With Table of Contents & Pre-Numbered",EvoBooks Plans,Paperback,"Aug 30, 2024",
0,https://www.amazon.com/dp/B0DFY4JR1W,B0DFY4JR1W,"2025 Planner: Annual, Monthly, and Daily Calendars",Wicked Journals,Paperback,"Aug 30, 2024",
0,https://www.amazon.com/dp/B0DFY4CZCR,B0DFY4CZCR,Libra Lined Notebook (74-pages): Very Demure. Very Mindful.,Mrs. Atribi,Paperback,"Aug 30, 2024",
0,https://www.amazon.com/dp/B0DFY49VZB,B0DFY49VZB,Say it Notebook,JA Allen,Paperback,"Aug 30, 2024",
0,https://www.amazon.com/dp/B0DFY48PQW,B0DFY48PQW,Journal: Pretty floral lined,MtnMover,Paperback,"Aug 30, 2024",
5,https://www.amazon.com/dp/B0DFY48GDN,B0DFY48GDN,The Journey Within: Exploring Your Inner Self for Personal Growth (Transform Your Life),Good Books,Kindle,"Aug 30, 2024",
2,https://www.amazon.com/dp/B0DFY4896C,B0DFY4896C,"Lined Journal Notebook, (Pink & White), 120 Pages, 6x9 inch: Journaling, Note Taking, Work, School, Writing, To-Do Lists, Travel, and Gifting",Luminary Enterprises LLC,Paperback,"Aug 30, 2024",
1,https://www.amazon.com/dp/B0DFY3YZLG,B0DFY3YZLG,"1 Subjet 7.5"" x 9.25"" Composition Notebook-lined 110 pages- Modern Art",Veronica Willow,Paperback,"Aug 30, 2024",
1,https://www.amazon.com/dp/B0DFY3S4CJ,B0DFY3S4CJ,"Lined Journal Notebook, (Magenta), 120 Pages, 6x9 inch: Journaling, Note Taking, Work, School, Writing, To-Do Lists, Travel, and Gifting",Luminary Enterprises LLC,Paperback,"Aug 30, 2024",
0,https://www.amazon.com/dp/B0DFY3R3B1,B0DFY3R3B1,Journal: Llama with Cactus Lined,MtnMover,Paperback,"Aug 30, 2024",
0,https://www.amazon.com/dp/B0DFY3K4F5,B0DFY3K4F5,"Wine-spirations: My Awesome Drunk Ideas: 160 page journal for recording ideas and thoughts, designed for the wine enthusiast who gets their best ideas after a couple of glasses of wine",Get Insipred Books,Paperback,"Aug 30, 2024",
0,https://www.amazon.com/dp/B0DFY3D2ZS,B0DFY3D2ZS,A Minimalistic Journal: Simplicity Meets Purpose,Corporate Bliss Stationary,Paperback,"Aug 30, 2024",
0,https://www.amazon.com/dp/B0DFY37YMN,B0DFY37YMN,Rose Quartz Lined Journal Notebook: The Rose Lined Notebook for Your Daily Reflections,AIN Publication,Paperback,"Aug 30, 2024",
0,https://www.amazon.com/dp/B0DFY36H76,B0DFY36H76,Black Paper Lined Notebook: Black Pages Journal For White Ink And Gel Pens,Kara Hicks,Paperback,"Aug 30, 2024",
0,https://www.amazon.com/dp/B0DFY34R8V,B0DFY34R8V,From Pen to Peace: Journal,Nayanda M Moore,Paperback,"Aug 30, 2024",
0,https://www.amazon.com/dp/B0DFY32FGK,B0DFY32FGK,Black Paper Lined Notebook: Black Pages Journal For White Ink And Gel Pens,Kara Hicks,Paperback,"Aug 30, 2024",
0,https://www.amazon.com/dp/B0DFY31B7Z,B0DFY31B7Z,"2025 Planner: Annual, Monthly, and Daily Calendars",Wicked Journals,Paperback,"Aug 30, 2024",
0,https://www.amazon.com/dp/B0DFY2Y95T,B0DFY2Y95T,Lined Journal Notebook for Women and Girls: Original Cover Art Red Flowers 150 Pages 6x9 Paperback,Lacey C Sonnier,Paperback,"Aug 30, 2024",
0,https://www.amazon.com/dp/B0DFY2TFVV,B0DFY2TFVV,Grief in my own words A Journal to Healing: A lined notebook to write love letters to your departed loved one until you heal from the loss,Rosemary Printing Press,Paperback,"Aug 30, 2024",
0,https://www.amazon.com/dp/B0DFY2P2GQ,B0DFY2P2GQ,Sleep Tracker Diary: A Practical Approach to Better Sleep Habits,Shinaza Publishers,Paperback,"Aug 30, 2024",
0,https://www.amazon.com/dp/B0DFY2NX4W,B0DFY2NX4W,"The Globetrotter's Guidebook: A Journal for your Journey (or adventure, or vacation, or staycation, or new beginnings!)",Ruby Quest,Paperback,"Aug 30, 2024",
0,https://www.amazon.com/dp/B0DFY2NTXZ,B0DFY2NTXZ,Pocket Planner 2025-2026: Small Size 2 Year Schedule Organizer for Men. Black and Gold Cover Design.,Sara A. Bernard,Paperback,"Aug 30, 2024",
0,https://www.amazon.com/dp/B0DFY2HN3P,B0DFY2HN3P,A notebook for Handwritten Letters: A gift book for lovers of old-style cards. For writing and gifting love letters.,PYM Editorial,Paperback,"Aug 30, 2024",
0,https://www.amazon.com/dp/B0DFY2C9M6,B0DFY2C9M6,Crimson & Black: A Gothic Journal for Creative Souls,Emortal Ink,Paperback,"Aug 30, 2024",
2,https://www.amazon.com/dp/B0DFY28KVN,B0DFY28KVN,The Heartfelt Ledger: A Journal to Help Process Emotions and get to the Heart.,Alisha Kowalski,Paperback,"Aug 30, 2024",
0,https://www.amazon.com/dp/B0DFY24YPV,B0DFY24YPV,Selfcare Daily,Tony T Rush,Paperback,"Aug 30, 2024",
0,https://www.amazon.com/dp/B0DFY232KK,B0DFY232KK,Gratitude Journal,Krishna Kamla M,Paperback,"Aug 30, 2024",
0,https://www.amazon.com/dp/B0DFY22F9S,B0DFY22F9S,Denim Darcy Journal,Chrissy Renee,Paperback,"Aug 30, 2024",
0,https://www.amazon.com/dp/B0DFY21PPP,B0DFY21PPP,Journal: Daily Inspiration,Cate Sullivan West,Paperback,"Aug 30, 2024",
0,https://www.amazon.com/dp/B0DFY1W8KF,B0DFY1W8KF,"2025 Planner: Annual, Monthly, and Daily Calendars",Wicked Journals,Paperback,"Aug 30, 2024",
0,https://www.amazon.com/dp/B0DFY135HB,B0DFY135HB,Composition Notebook: Wide Rule School Composition Note book - Rainbow Leopard Print Composition,Bellas Cute Notes,Paperback,"Aug 30, 2024",
0,https://www.amazon.com/dp/B0DFY11YJG,B0DFY11YJG,"cute & cozy girl: Bold Coloring Book for Teens, Adults and Kids, Simple and Big Designs for Relieve stress and Relaxation.",illy scotlet,Paperback,"Aug 30, 2024",
0,https://www.amazon.com/dp/B0DFXZVSSY,B0DFXZVSSY,"Dream Journal: Blue Wave Blank Lined Notebook 6""x9""",Dragonfly Garden Press,Paperback,"Aug 30, 2024",
0,https://www.amazon.com/dp/B0DFXZS8TQ,B0DFXZS8TQ,My Diary,Cate Sullivan West,Hardcover,"Aug 30, 2024",
0,https://www.amazon.com/dp/B0DFXZQM98,B0DFXZQM98,The Everyday Journal: Daily Planner for Personal Development,Isabel BB,Paperback,"Aug 30, 2024",
0,https://www.amazon.com/dp/B0DFXZFYQ4,B0DFXZFYQ4,"The Abstract Garden: Colorful flowers, butterflies, dragonflies",Geree McDermott,Paperback,"Aug 30, 2024",
0,https://www.amazon.com/dp/B0DFXZFMZG,B0DFXZFMZG,Rose Journal Notebook: The Perfect Rose Flower Notebook for Your Thoughts and Ideas,AI Niloy,Paperback,"Aug 30, 2024",
0,https://www.amazon.com/dp/B0DFXZ8XNV,B0DFXZ8XNV,"New York State Flower, Rose (Rosa) Notebook, Journal, Gift for Women, Nature Lovers, Teens, Young Adults: 120 white lined pages, 6""x9""",Kelli McLaughlin,Hardcover,"Aug 30, 2024",
0,https://www.amazon.com/dp/B0DFXZ7ZDH,B0DFXZ7ZDH,"A MOMENT FOR YOU: A journal encouraging self- reflection and mindfulness for your friends, family and yourself.",Dream  to Reality,Paperback,"Aug 30, 2024",
0,https://www.amazon.com/dp/B0DFXYWVZZ,B0DFXYWVZZ,"Nail Design Sketchbook: A Personalized Log Book With Blank Templates To Practice Creative Nail Inspiration. | Big Size Sketchbook | Journal Workbook ... Gift For Nail Technician, Artist & Designer",FDC Nails,Paperback,"Aug 30, 2024",
0,https://www.amazon.com/dp/B0DFXYNVZ9,B0DFXYNVZ9,The Everyday Journal: Daily Planner for Personal Development,Isabel BB,Paperback,"Aug 30, 2024",
0,https://www.amazon.com/dp/B0DFXYLBRW,B0DFXYLBRW,"DAILY JOURNAL NOTEBOOK- "" THE BEST WAY TO GET SOMETHING DONE IS TO BEGIN""",MISS NUTAN BHATIA,Paperback,"Aug 30, 2024",
0,https://www.amazon.com/dp/B0DFXYJLWW,B0DFXYJLWW,B6 Inspirational Lined Journal Notebook | Wide Ruled | 120 Pages | 5.03” x 7.16” | Fine Art Photography Soft Matte Cover of a Blooming Tree ... Victory on the Cover and on Inside Pages,"Jonathan Michael Bowman, J.D.",Paperback,"Aug 30, 2024",
0,https://www.amazon.com/dp/B0DFXY4HGV,B0DFXY4HGV,Composition Notebook: Wide Rule School Composition Note book - Bright Floral Print Composition,Bellas Cute Notes,Paperback,"Aug 30, 2024",
0,https://www.amazon.com/dp/B0DFXY452B,B0DFXY452B,"Dream Journal: Pink and White Blank Lined Notebook 6""x9""",Dragonfly Garden Press,Paperback,"Aug 30, 2024",
0,https://www.amazon.com/dp/B0DFXY3VVL,B0DFXY3VVL,Soul Evolution: A 3-Month Mindfulness & Meditation Journal for Daily Transformation (Guided Practices & Reflections),Anna Dodonova,Paperback,"Aug 30, 2024",
0,https://www.amazon.com/dp/B0DFXXZTXS,B0DFXXZTXS,"i love my Boxer 2025 Planner Weekly & Monthly: Dog Lovers Diary - Week to View on 2 Pages - January to December - 6"" x 9""",Memento Design,Hardcover,"Aug 30, 2024",
0,https://www.amazon.com/dp/B0DFXXXDJM,B0DFXXXDJM,Composition Notebook College Ruled Cute Boho Aesthetic For Students: Pastel Colors Journal For Teen Girls And Women,Molly Nanka,Paperback,"Aug 30, 2024",
0,https://www.amazon.com/dp/B0DFXXTWVF,B0DFXXTWVF,"Spirituality Journal Workbook for Self-Discovery and Growth: A Guided Exploration of Your Inner Journey - Mood and Habit Tracker, Self-Care Checklist, Meditation Log and more",Aurora Steel,Paperback,"Aug 30, 2024",
0,https://www.amazon.com/dp/B0DFXXBWGT,B0DFXXBWGT,Notebook Lined Paper: 150 Pages 6 x 9 Inches,Juxtapose Studio,Paperback,"Aug 30, 2024",
2,https://www.amazon.com/dp/B0DFXX2B43,B0DFXX2B43,Moment To Journal: Self-Calming Life,Tammy Altonen Horak,Paperback,"Aug 30, 2024",
0,https://www.amazon.com/dp/B0DFXX1PY1,B0DFXX1PY1,The Honest Couple's Journal: Building Connection and Trust Through Guided Reflection (Relationship Books for Couples),SoulBridge,Paperback,"Aug 30, 2024",
0,https://www.amazon.com/dp/B0DFXWZXC5,B0DFXWZXC5,"Graph paper Notebook: Grid paper journal for work, writing 150 pages 6 x 9 Inches",Juxtapose Studio,Paperback,"Aug 30, 2024",
0,https://www.amazon.com/dp/B0DFXWZQ9D,B0DFXWZQ9D,Composition Notebook: Black with White Brush Strokes,Dawn Bequeaith,Paperback,"Aug 30, 2024",
0,https://www.amazon.com/dp/B0DFXWY21S,B0DFXWY21S,A5 journal,Mr Jordan  Romando Mighty,Hardcover,"Aug 30, 2024",
1,https://www.amazon.com/dp/B0DFXWW63S,B0DFXWW63S,"Notebook, lined, 300 pages dairy journal for writing",Mandeep Benipal,Paperback,"Aug 30, 2024",
0,https://www.amazon.com/dp/B0DFXWSJVT,B0DFXWSJVT,"Once Upon A Time - Mom / A Mother's Guided Journal With Chapters, Epilogue, Prologue / Her Story - Memory Keepsake Book, Numbered, Index: Cover: Sky Blue",TeaTime Bookz,Paperback,"Aug 30, 2024",
0,https://www.amazon.com/dp/B0DFXWQZML,B0DFXWQZML,The Journey,Danielle Sliva,Paperback,"Aug 30, 2024",
0,https://www.amazon.com/dp/B0DFXWH7ND,B0DFXWH7ND,"Initial A - Ruled Notebook, 240 Pages, 6x8 Inches, Softcover Matt Gradient Cover",Donum Design,Paperback,"Aug 30, 2024",
0,https://www.amazon.com/dp/B0DFXW13SN,B0DFXW13SN,"Composition Notebook: Flowers and little bees, Wide Ruled Paper, Lined Paper Interion flower, 210 Pages, 7.5x9.25 Inch",Nongluk 424,Paperback,"Aug 30, 2024",
0,https://www.amazon.com/dp/B0DFXVZ48W,B0DFXVZ48W,"New Mexico State Flower, Yucca Flower Gift, Souvenir, Journal, Notebook for Nature Lovers, Collectors, Women, Teens, Young Adults: 120 white lined pages, 6""x9""",Kelli McLaughlin,Hardcover,"Aug 30, 2024",
0,https://www.amazon.com/dp/B0DFXVYQPL,B0DFXVYQPL,Time to Write #6,Lysa' Dee,Paperback,"Aug 30, 2024",
0,https://www.amazon.com/dp/B0GS5C3RZZ,B0GS5C3RZZ,"The Overloaded Man: A Practical Short Guide for Men to Beat Stress, Stop Overthinking, Reclaim Control, and Get Your Life Back",Zach Hayes,Paperback,"Mar 8, 2026",
0,https://www.amazon.com/dp/B0DFXVDFHT,B0DFXVDFHT,"Plans? What Plans? This Is Pure Improv, Funny Notebook, Gig: A 6x9 Journal with 120 Lined Pages for Your Unscripted Moments",Wish Luck,Paperback,"Aug 30, 2024",
0,https://www.amazon.com/dp/B0DFXV6RDH,B0DFXV6RDH,12 Months Undated Planner: Kinda a bullet journal.,Pather Planner,Paperback,"Aug 30, 2024",
0,https://www.amazon.com/dp/B0DFXV4STQ,B0DFXV4STQ,"""Heartbreak to Heroine: A Journey of Empowerment""",fahmida khan,Paperback,"Aug 30, 2024",
0,https://www.amazon.com/dp/B0DFXTZRLD,B0DFXTZRLD,"Warning: High Chance of Sarcasm Inside, Funny Notebook, Gig: 120 Lined Pages for Your Witty Thoughts, 6x9 Journal Perfect for Daily Musings",Wish Luck,Paperback,"Aug 30, 2024",
0,https://www.amazon.com/dp/B0DFXTZNW7,B0DFXTZNW7,Daily Task & Energy Organizer: Solar Script - Aquarius,Elowen Nightshade,Paperback,"Aug 30, 2024",
0,https://www.amazon.com/dp/B0DFXTYJ9X,B0DFXTYJ9X,His Word: Bible Notes,Shana Marie Scoggins,Paperback,"Aug 30, 2024",
0,https://www.amazon.com/dp/B0DFXTWB9N,B0DFXTWB9N,Manifestion Journal: Your Path to Self-Discovery and Success,Tristan Reed,Paperback,"Aug 30, 2024",
0,https://www.amazon.com/dp/B0DFXTVG5Q,B0DFXTVG5Q,Drawathon Daily Journal: Famous People Challenge,Aaron Myers,Paperback,"Aug 30, 2024",
0,https://www.amazon.com/dp/B0DFXTRQHQ,B0DFXTRQHQ,Be Still & Know Notebook,Sweetz By Design,Paperback,"Aug 30, 2024",
0,https://www.amazon.com/dp/B0DFXTM6WQ,B0DFXTM6WQ,My Gratitude Journal,Harman Ghataura,Paperback,"Aug 30, 2024",
0,https://www.amazon.com/dp/B0DFXTK3QN,B0DFXTK3QN,Organize My Life – Chameleon Consolidated Life Planner,Eris Gildron,Paperback,"Aug 30, 2024",
0,https://www.amazon.com/dp/B0DFXT9SKV,B0DFXT9SKV,"""Smile"" Themed A5 Notebook: Journal for Children, Teens, Adults, Students and Teachers.",Alex Zack,Paperback,"Aug 30, 2024",
0,https://www.amazon.com/dp/B0DFXT8MLJ,B0DFXT8MLJ,Daily Task & Energy Organizer: Solar Scripts - Sagittarius Journal,Elowen Nightshade,Paperback,"Aug 30, 2024",
0,https://www.amazon.com/dp/B0DFXT7DHL,B0DFXT7DHL,2024 ULTIMATE PLANNER: Your Daily Companion for Tracking Progress and Reaching Success—Perfect for Goal-Oriented and Productive People,Planner Printing Press,Paperback,"Aug 30, 2024",
0,https://www.amazon.com/dp/B0DFXT6TY7,B0DFXT6TY7,Medical Log & Appointment Notes - Sunflower,Eris Gildron,Paperback,"Aug 30, 2024",
0,https://www.amazon.com/dp/B0DFXT155C,B0DFXT155C,Time to Write #5,Lysa' Dee,Paperback,"Aug 30, 2024",
0,https://www.amazon.com/dp/B0DFXSYQH2,B0DFXSYQH2,Daily Task & Energy Organizer: Solar Scripts - Capricorn,Elowen Nightshade,Paperback,"Aug 30, 2024",
0,https://www.amazon.com/dp/B0DFXSS8MD,B0DFXSS8MD,Journal,Mr Ronald R Mahabir,Paperback,"Aug 30, 2024",
0,https://www.amazon.com/dp/B0DFXSQY83,B0DFXSQY83,OMAR: Sports Notebook,ES Publishing,Paperback,"Aug 30, 2024",
0,https://www.amazon.com/dp/B0DFXSQVGC,B0DFXSQVGC,Meditation Tracker,Fourth Junction,Paperback,"Aug 30, 2024",
0,https://www.amazon.com/dp/B0DFXSPQNW,B0DFXSPQNW,Personal Notebook,Benjamin Jarlsson Nemeth,Hardcover,"Aug 30, 2024",
0,https://www.amazon.com/dp/B0DFXSPLMK,B0DFXSPLMK,"Seafarer's Journal: A Pirate's Notebook for 7th Sea Adventures | Color Version: An Inspired Diary for Roleplaying, World-Building, and Nautical Tales",DM Jekan,Paperback,"Aug 30, 2024",
1,https://www.amazon.com/dp/B0DFXSNQQ2,B0DFXSNQQ2,Year of Tiny Transformations One Small Habit at a Time: Guided year long habit tracking journal with gratitude and yearly reflections,Victoria Lupo,Paperback,"Aug 30, 2024",
0,https://www.amazon.com/dp/B0DFXSMHYN,B0DFXSMHYN,OAKLEY Journal,ES Publishing,Paperback,"Aug 30, 2024",
0,https://www.amazon.com/dp/B0DFXSMGZC,B0DFXSMGZC,"The Premium LIGHT Journal Diary | Decent and Elegant Notebook: Preserve Every Moment – Your Journey, Your Story, Your Life",Reb S,Paperback,"Aug 30, 2024",
0,https://www.amazon.com/dp/B0DFXSLN8Z,B0DFXSLN8Z,My 8 MINUTE JOURNAL,Clara & Celine,Paperback,"Aug 30, 2024",
0,https://www.amazon.com/dp/B0DFXSHWB2,B0DFXSHWB2,Black Rose Daily Planner,QDIX Press,Hardcover,"Aug 30, 2024",
0,https://www.amazon.com/dp/B0DFXSHDLN,B0DFXSHDLN,The Actual You Daily Journal: 3 Months of Night Reflections for Personal Growth,stella Neurohacker,Hardcover,"Aug 30, 2024",
0,https://www.amazon.com/dp/B0DFXSGFB3,B0DFXSGFB3,"Monthly Planner 2025 2026: Two Year Schedule Organizer (January 2025 through December 2026) with Holidays and Inspirational Quotes- Perfect size 8.5x11"" in ( 21.6 × 27.9 cm)",Jennifer Planner,Paperback,"Aug 30, 2024",
0,https://www.amazon.com/dp/B0DFXS9TKT,B0DFXS9TKT,Fuck This Shit: Journal Notebook Diary Adult humor,Jen Perry,Hardcover,"Aug 30, 2024",
0,https://www.amazon.com/dp/B0DFXS6TJK,B0DFXS6TJK,Insights & Intuition Journal,Jamie Lynn,Paperback,"Aug 30, 2024",
0,https://www.amazon.com/dp/B0DFXS6R4H,B0DFXS6R4H,Stars Sleep Tracker and Dream Journal,Eris Gildron,Paperback,"Aug 30, 2024",
0,https://www.amazon.com/dp/B0DFXS68HN,B0DFXS68HN,My 8 MINUTE JOURNAL,Clara & Celine,Paperback,"Aug 30, 2024",
0,https://www.amazon.com/dp/B0DFXRXZSC,B0DFXRXZSC,Ruled paper notebook,Pupchenko boris Petrovich,Paperback,"Aug 30, 2024",
0,https://www.amazon.com/dp/B0DFXRWF6Z,B0DFXRWF6Z,Carnet de Notes Sagittaire | 120 Pages | Illustration Colorée Signe Astrologique sur Fond Sombre: 12 Zodiac Signs Notebooks Collection,Jason Pellen,Paperback,"Aug 30, 2024",
0,https://www.amazon.com/dp/B0DFXRTQ74,B0DFXRTQ74,Feminist Journal For Women: Wide ruled Composition Book With Hearts For Girls | Hawk Tuah Cute Notebook,Molly Nanka,Paperback,"Aug 30, 2024",
0,https://www.amazon.com/dp/B0DFXRSPDH,B0DFXRSPDH,Scribbles of a Grown-Up: A Journal of a semi-responsible Adult,Mr Daniel Marcelle,Paperback,"Aug 30, 2024",
0,https://www.amazon.com/dp/B0DFXRPGPW,B0DFXRPGPW,To-Do List Notebook: 120 Pages for List Creations and Organizing,Maywell Publishing,Paperback,"Aug 30, 2024",
0,https://www.amazon.com/dp/B0DFXRMDP4,B0DFXRMDP4,Bullet Journal: Where Marble Elegance Meets Functionality,Mizuiro Kobo,Paperback,"Aug 30, 2024",
0,https://www.amazon.com/dp/B0DFXRGCT9,B0DFXRGCT9,Carnet de Notes Scorpion | 120 Pages | Illustration Colorée Signe Astrologique sur Fond Sombre: 12 Zodiac Signs Notebooks Collection,Jason Pellen,Paperback,"Aug 30, 2024",
0,https://www.amazon.com/dp/B0DFXR6SPH,B0DFXR6SPH,Mum and Baby Ferret / Polecat Notebook: with an adorable mum and baby ferret / polecat on each of the 120 lined pages of this journal.,Willow Kamili,Paperback,"Aug 30, 2024",
0,https://www.amazon.com/dp/B0DFXR666T,B0DFXR666T,Algebraic Daily Planner,QDIX Press,Hardcover,"Aug 30, 2024",
0,https://www.amazon.com/dp/B0DFXR5DND,B0DFXR5DND,"Do Better: A Orange 6""x9"" Blank Lined Notebook",K. Foley,Paperback,"Aug 30, 2024",
1,https://www.amazon.com/dp/B0DFXR4J98,B0DFXR4J98,Notebook for Women 8.5 x 11- Flower themed Interior-Lined Notes-for Ambitious Women,Jessy Russell,Hardcover,"Aug 30, 2024",
0,https://www.amazon.com/dp/B0DFXQZS2S,B0DFXQZS2S,"2025-2029 Five Year Monthly Planner: Organize Your Life and Achieve Your Dreams with 60 Monthly Calendars Featuring Focus, Goals, and To-Do Lists",Shine Gold Books,Paperback,"Aug 30, 2024",
0,https://www.amazon.com/dp/B0DFXQY58P,B0DFXQY58P,"Journal: 5x6 Inches, 100 Pages,",Tracy Boon,Paperback,"Aug 30, 2024",
0,https://www.amazon.com/dp/B0DFXQGSFX,B0DFXQGSFX,Notebook Penguin Cover,Possum Lane,Paperback,"Aug 30, 2024",
0,https://www.amazon.com/dp/B0DFXQFRKN,B0DFXQFRKN,Balanced Life Planner: Your Guide to a Productive and Healthy Lifestyle,Anthony Colasante,Paperback,"Aug 30, 2024",
0,https://www.amazon.com/dp/B0DFXPNJGN,B0DFXPNJGN,Starry Noctune Daily Planner,QDIX Press,Hardcover,"Aug 30, 2024",
0,https://www.amazon.com/dp/B0DFXPCDD5,B0DFXPCDD5,Carnet de Notes Balance | 120 Pages | Illustration Colorée Signe Astrologique sur Fond Sombre: 12 Zodiac Signs Notebooks Collection,Jason Pellen,Paperback,"Aug 30, 2024",
0,https://www.amazon.com/dp/B0DFXP7S96,B0DFXP7S96,Mum and Baby Elephant Notebook: with an adorable mum and baby elephant on each of the 120 lined pages of this journal.,Willow Kamili,Paperback,"Aug 30, 2024",
0,https://www.amazon.com/dp/B0DFXNHN6N,B0DFXNHN6N,My Sunset Notebook: Inspiring notebook in a line of one hundred pages for recording.,VA Love In,Paperback,"Aug 30, 2024",
0,https://www.amazon.com/dp/B0DFXGQTK6,B0DFXGQTK6,"Yolanda's Farm: Coloring Book of Dogs, Cats, Penguins and Geese for Adults and Kids",Dalai Lomo,Hardcover,"Aug 30, 2024",
0,https://www.amazon.com/dp/B0DFX8QTSN,B0DFX8QTSN,Choose Well Choose Life,Monica Nkabinde,Kindle,"Aug 30, 2024",
0,https://www.amazon.com/dp/B0DFX853BS,B0DFX853BS,Thinking of your diagnosis?: An A-Z guide of common diseases,Dr. Nizaam van der Schyff,Kindle,"Aug 30, 2024",
0,https://www.amazon.com/dp/B0DFX6MZ7D,B0DFX6MZ7D,Notebook,Ewa M Kasprzak,Paperback,"Aug 30, 2024",
0,https://www.amazon.com/dp/B0DFX6DXL7,B0DFX6DXL7,catastrophic,Celinex Lopez,Paperback,"Aug 30, 2024",
0,https://www.amazon.com/dp/B0DFX4CTXF,B0DFX4CTXF,Enchanted Forest Journal,Melody Seelye,Paperback,"Aug 30, 2024",
0,https://www.amazon.com/dp/B0DFX3NZW5,B0DFX3NZW5,Drawathon Daily Journal: Style Challenge,Aaron Myers,Paperback,"Aug 30, 2024",
1,https://www.amazon.com/dp/B0DFX3DTDX,B0DFX3DTDX,Notebook,Ewa M Kasprzak,Paperback,"Aug 30, 2024",
0,https://www.amazon.com/dp/B0DFX34YCR,B0DFX34YCR,Flight of the Puffin Notebook,Leah Maddocks,Paperback,"Aug 30, 2024",
0,https://www.amazon.com/dp/B0DFX32N95,B0DFX32N95,"You Got This: Inspirational Quote Ruled Notebook, 240 Pages, 6x8 Inches, Softcover, Matte Gradient Cover (Purple)",Donum Design,Paperback,"Aug 30, 2024",
0,https://www.amazon.com/dp/B0DFX2WHVD,B0DFX2WHVD,"Vocabulary Building Planner: A Comprehensive Tool for Enhancing Your Word Power: Track, Learn, and Master New Words with Ease",siddhi palande,Paperback,"Aug 30, 2024",
0,https://www.amazon.com/dp/B0DFX2TM9K,B0DFX2TM9K,Daily Language Learning Planner: Achieve Your Language Goals with Structured Daily Planning,siddhi palande,Paperback,"Aug 30, 2024",
0,https://www.amazon.com/dp/B0DFX2H1WM,B0DFX2H1WM,"Dance With Me: Lined Collection: Playful Dance Quote | Ideal For Dancers, Students, And Dreamers | College Ruled | Glossy Cover",KJ Dance,Paperback,"Aug 30, 2024",
0,https://www.amazon.com/dp/B0DFX2D2BJ,B0DFX2D2BJ,"Notebook: Autumn-inspired Notebook: Handy A5 (6""x9"") size, lined, 120 pages - Ideal cosy composition notebook for Autumn/Fall lovers",Howling Breeze,Paperback,"Aug 30, 2024",
0,https://www.amazon.com/dp/B0DFX2CLCW,B0DFX2CLCW,I AM Rylee,Laughing Dog Press,Paperback,"Aug 30, 2024",
0,https://www.amazon.com/dp/B0DFX2BR53,B0DFX2BR53,"Journal: composition, 120 lined pages, diary, cool beach themed notebook",Valentina Miloseski,Paperback,"Aug 30, 2024",
0,https://www.amazon.com/dp/B0DFX29Z98,B0DFX29Z98,Self Care Journal,Daveyanna Byrd,Paperback,"Aug 30, 2024",
0,https://www.amazon.com/dp/B0DFX28QWP,B0DFX28QWP,"Jot it down make it happen: Turn your notes into action- ideal for work, gifts, future leaders and aspiring pioneers",FJR Publishing,Paperback,"Aug 30, 2024",
0,https://www.amazon.com/dp/B0DFX253WV,B0DFX253WV,Shadow Work Journal & Workbook,Duran Hoxhaj,Paperback,"Aug 30, 2024",
0,https://www.amazon.com/dp/B0DFX22YHB,B0DFX22YHB,ZOE Journal,ES Publishing,Paperback,"Aug 30, 2024",
1,https://www.amazon.com/dp/B0DFX22B5R,B0DFX22B5R,Mind Bloom: Seeds of Positivity: Nurturing a Positive Mindset,AE Guidry,Kindle,"Aug 30, 2024",
0,https://www.amazon.com/dp/B0DFX21WBQ,B0DFX21WBQ,Composition Notebook College Ruled: Blush Blossom Coquette Journal A Floral Notebook for Women 120 Pages,Bandhan Hardiya,Paperback,"Aug 30, 2024",
0,https://www.amazon.com/dp/B0DFX1Z74W,B0DFX1Z74W,Don't Panic! I'm A Professional Character Modeller Diary: Undated Planner - Start At Any Time Of Year - Weekly Organizer For A Busy Character Modeller,Terry Sideways,Paperback,"Aug 30, 2024",
0,https://www.amazon.com/dp/B0DFX1Z265,B0DFX1Z265,2025 Calendar Journal | Mindfulness Notebook for Goals | Gratitude Notepad for Daily Use |: Jump into New 2025 Year with Happiness and Fulfilment | Diary,Steven White,Paperback,"Aug 30, 2024",
0,https://www.amazon.com/dp/B0DFX1YW3V,B0DFX1YW3V,All The Things I should Know: That I Need To Write Down,Memoria Elephanti,Paperback,"Aug 30, 2024",
0,https://www.amazon.com/dp/B0DFX1SDXY,B0DFX1SDXY,"Password Keeper Book: Personal Internet Address & Password Logbook with Tabs | Password Book Small ""6 x 9” | Simplified Password Book | Gift your loved once a Sense of Security",Mitu Mia,Paperback,"Aug 30, 2024",
0,https://www.amazon.com/dp/B0DFX1RDXK,B0DFX1RDXK,NOTEBOOK: Black Women Wedding theme,Kala Shiv,Paperback,"Aug 30, 2024",
0,https://www.amazon.com/dp/B0DFX1R1B7,B0DFX1R1B7,SUNFLOWERS - journal,DESIGNSBYTERAB,Paperback,"Aug 30, 2024",
0,https://www.amazon.com/dp/B0DFX1QKP3,B0DFX1QKP3,Amor: Positive Affirmation Lined Notebook .Cute and Cozy .,Ewa Palmer,Paperback,"Aug 30, 2024",
0,https://www.amazon.com/dp/B0DFX1M4JK,B0DFX1M4JK,Personalized November 18 Birthdate Gift Journal Born on November 18 Birthday Gift Notebook Featuring Scorpio Zodiac November Birth Flower and Birthstone,Sandrine Froehle,Paperback,"Aug 30, 2024",
0,https://www.amazon.com/dp/B0DFX1LH6P,B0DFX1LH6P,"Dream Big: A 120-Page, 6 x 9 Inch Inspirational Journal with Modern Abstract Cover: Motivate Your Day with Every Page",Lumiere Journals,Paperback,"Aug 30, 2024",
0,https://www.amazon.com/dp/B0DFX1KXGV,B0DFX1KXGV,Heart & Soul: Your Emotional Journey Journal Notebook Mental Health for Teenage Girls,Sandra Elaine Lehr,Paperback,"Aug 30, 2024",
0,https://www.amazon.com/dp/B0DFX1KDVM,B0DFX1KDVM,SUNFLOWER - journal,DESIGNSBYTERAB,Paperback,"Aug 30, 2024",
0,https://www.amazon.com/dp/B0DFX1J2KT,B0DFX1J2KT,Burgundy/Golden Swirl Ladies Journal: Event Planner Office Organizer,original bridges,Paperback,"Aug 30, 2024",
0,https://www.amazon.com/dp/B0DFX1C4DF,B0DFX1C4DF,Let Me Be Your Woman: 120 Pages of Ruled Diary / Journal. A5 Size,Ms Lopamudra Ghosh,Paperback,"Aug 30, 2024",
0,https://www.amazon.com/dp/B0DFX1C2HJ,B0DFX1C2HJ,Enchanted Forest Journal,Melody Seelye,Paperback,"Aug 30, 2024",
0,https://www.amazon.com/dp/B0DFX17CGS,B0DFX17CGS,The Daisy Journal in Mint Green 5.25x8 Inches 140 Pages Ruled,Laura Puzic,Paperback,"Aug 30, 2024",
0,https://www.amazon.com/dp/B0DFX164LN,B0DFX164LN,5 minutes a day,Herman Fors,Paperback,"Aug 30, 2024",
0,https://www.amazon.com/dp/B0DFX15N6Y,B0DFX15N6Y,SUNFLOWER - journal,DESIGNSBYTERAB,Paperback,"Aug 30, 2024",
0,https://www.amazon.com/dp/B0DFX15LT5,B0DFX15LT5,"Composition Notebook Wide Ruled: Blank Lined Floral Journal for Kids and Teens for Elementary, Middle School Students or Teachers, Red Tulips Themed Cover",Joudia NotePrints,Paperback,"Aug 30, 2024",
0,https://www.amazon.com/dp/B0DFX147F4,B0DFX147F4,Composition Notebook,Damzy Printing press,Paperback,"Aug 30, 2024",
0,https://www.amazon.com/dp/B0DFX13HB5,B0DFX13HB5,"Notebook, Journal, Ruler, Office Product Magazine, Journaling, Stationeryaddict, for Women, for Men, College, for Gifts, Office, School Supplies, ... 8.5 in x 11 in. 100 Lined Pages Ruler",Alex Lesya,Paperback,"Aug 30, 2024",
0,https://www.amazon.com/dp/B0DFX11H4M,B0DFX11H4M,"Believe in Dance: Lined Journal: Inspiring Dance Quote | Ideal For Dancers, Students, And Dreamers | College Ruled | Glossy Cover",KJ Dance,Paperback,"Aug 30, 2024",
0,https://www.amazon.com/dp/B0DFWZY78N,B0DFWZY78N,Autism Themed Notebook - Delightfully Different,Aimee Shepherd,Paperback,"Aug 30, 2024",
0,https://www.amazon.com/dp/B0DFWZXG3J,B0DFWZXG3J,Celestial Harmony: The Cancer Constellation Journal,Juniper Muse Printing Press,Paperback,"Aug 30, 2024",
0,https://www.amazon.com/dp/B0DFWZVDY5,B0DFWZVDY5,"2026 Diary A5 Page A Day: One Page Per Day to View Planner from January 2026 to December 2026, Green Cover",Terry Stouffer,Paperback,"Aug 30, 2024",
0,https://www.amazon.com/dp/B0DFWZVCR8,B0DFWZVCR8,Notebook,Mr  Liviu Bardel,Paperback,"Aug 30, 2024",
0,https://www.amazon.com/dp/B0DFWZV386,B0DFWZV386,Journal,You,Paperback,"Aug 30, 2024",
5,https://www.amazon.com/dp/B0DFWZTZNQ,B0DFWZTZNQ,3-Minutes Anxiety Relief: Simple & Fast-Acting Technique to Find Calm When You Need It Most,Mia McCall,Kindle,"Aug 30, 2024",
0,https://www.amazon.com/dp/B0DFWZT5CJ,B0DFWZT5CJ,"NOTEBOOK: Fall theme, yellow leaves tree",Kala Shiv,Paperback,"Aug 30, 2024",
0,https://www.amazon.com/dp/B0DFWZT41Q,B0DFWZT41Q,Mum and Baby Giraffe Notebook: with an adorable mum and baby giraffe on each of the 120 lined pages of this journal.,Willow Kamili,Paperback,"Aug 30, 2024",
0,https://www.amazon.com/dp/B0DFWZSYNS,B0DFWZSYNS,We Love Dogs | Composition Notebook 7.5 x 9.25'' |110 Pages | College Ruled: Enjoy Writing!,Meadow Design Publisher,Paperback,"Aug 30, 2024",
0,https://www.amazon.com/dp/B0DFWZRK55,B0DFWZRK55,VII COLLECTIBLE JOURNAL: DUCHESS LIZBETH'S LINEN DRESS & HER CREAM Character From Novel 20th May 1820,LADY ANGELA III,Paperback,"Aug 30, 2024",
0,https://www.amazon.com/dp/B0DFWZRH6V,B0DFWZRH6V,2025 Planner: Classic Cats: Scottish Fold: Stylish Weekly and Monthly Organization,Ink and Blooms Publishing,Paperback,"Aug 30, 2024",
0,https://www.amazon.com/dp/B0DFWZRDWT,B0DFWZRDWT,Dreams,Mary Bolton,Paperback,"Aug 30, 2024",
0,https://www.amazon.com/dp/B0DFWZQ7JT,B0DFWZQ7JT,Fall Journal,Silver Clover,Paperback,"Aug 30, 2024",
0,https://www.amazon.com/dp/B0DFWZPW6X,B0DFWZPW6X,"Daily Timeboxing Planner: To-Do List, Notes, Schedule, Meal and Gratitude Journals",Timothy Pepper,Paperback,"Aug 30, 2024",
0,https://www.amazon.com/dp/B0DFWZPH31,B0DFWZPH31,Custom November 17 Birthdate Gift Journal Born on November 17 Birthday Gift Notebook Featuring Scorpio Zodiac November Birth Flower and Birthstone,Sandrine Froehle,Paperback,"Aug 30, 2024",
0,https://www.amazon.com/dp/B0DFWZP3LF,B0DFWZP3LF,Hot Balloon Diary : Elevate Your Thoughts: Ruled and Doodling Pages for your Daily Journal entries,Ms Lopamudra Ghosh,Paperback,"Aug 30, 2024",
0,https://www.amazon.com/dp/B0DFWZN5GT,B0DFWZN5GT,Birds and Flowers Planner,Debbie Ellis,Hardcover,"Aug 30, 2024",
0,https://www.amazon.com/dp/B0DFWZLRPV,B0DFWZLRPV,Notebook Journal Every Page a New Beginning: Document Your Journey and Ideas,Lagandev Singh,Paperback,"Aug 30, 2024",
0,https://www.amazon.com/dp/B0DFWZL4WN,B0DFWZL4WN,"Black, Red, and White Vote: Blank Lined 120 Page Journal/Notebook/Poetry Book",Shanese Shields,Paperback,"Aug 30, 2024",
0,https://www.amazon.com/dp/B0DFWZG2XP,B0DFWZG2XP,Personal Journal,Fourth Junction,Paperback,"Aug 30, 2024",
0,https://www.amazon.com/dp/B0DFWZFXWL,B0DFWZFXWL,Puffin Perch: A Square Notebook,Leah Maddocks,Paperback,"Aug 30, 2024",
0,https://www.amazon.com/dp/B0DFWZF18H,B0DFWZF18H,"Ruled Notebook 100 Sheets: College , Home , School and Office",Reethumol A,Paperback,"Aug 30, 2024",
0,https://www.amazon.com/dp/B0DFWZCNHZ,B0DFWZCNHZ,Moments of Stillness: A Journal of Inner Peace and Quiet Moments,Orion Bloomshade,Paperback,"Aug 30, 2024",
0,https://www.amazon.com/dp/B0DFWZB51M,B0DFWZB51M,Coral Red Journal: Solid Color,PD Production,Paperback,"Aug 30, 2024",
0,https://www.amazon.com/dp/B0DFWZ9CH4,B0DFWZ9CH4,2025 Rise+Shine Self Love and Empowerment Daily Planner: Embrace Your Transformation,Payton's PaperNotes,Paperback,"Aug 30, 2024",
0,https://www.amazon.com/dp/B0DFWZ7DR6,B0DFWZ7DR6,I AM Ryleigh,Laughing Dog Press,Paperback,"Aug 30, 2024",
0,https://www.amazon.com/dp/B0DFWZ6DV7,B0DFWZ6DV7,"Daily Journal: (Notebook, Diary)",CharleyHorse Press,Paperback,"Aug 30, 2024",
0,https://www.amazon.com/dp/B0DFWZ5TH7,B0DFWZ5TH7,"Composition Notebook Wide Ruled: Blank Lined Workbook for Kids and Teens for Elementary, Middle School Students or Teachers, Red Brick Wall Cover",Joudia NotePrints,Paperback,"Aug 30, 2024",
0,https://www.amazon.com/dp/B0DFWZ5R6F,B0DFWZ5R6F,My Sacral Chakra Journal: Daily Mood Tracker with Affirmations,The Core Coach,Paperback,"Aug 30, 2024",
0,https://www.amazon.com/dp/B0DFWZ5GJW,B0DFWZ5GJW,Don't Panic! I'm A Professional Change and Business Improvement Manager Diary: Undated Planner - Start At Any Time Of Year - Weekly Organizer For A Busy Change and Business Improvement Manager,Terry Sideways,Paperback,"Aug 30, 2024",
0,https://www.amazon.com/dp/B0DFWZ57B8,B0DFWZ57B8,"Spooky Forest | Ghost: Ghost Notebook Journal | 200 Lined Pages | 6x9""",MorbidMonday Publishing,Paperback,"Aug 30, 2024",
1,https://www.amazon.com/dp/B0DFWZ4N8V,B0DFWZ4N8V,"Trick-Or-Treat: Capture all the halloween magic, make trick-or-treating memories, and enjoy the season!",Prosperous Pages,Paperback,"Aug 30, 2024",
0,https://www.amazon.com/dp/B0DFWZ46FS,B0DFWZ46FS,List of Things to Overthink Notebook,Simply Lisa Jane,Paperback,"Aug 30, 2024",
0,https://www.amazon.com/dp/B0DFWZ2JD1,B0DFWZ2JD1,Practical Checklist Notebook: House Hunting Made Simple,Naseem khalid,Paperback,"Aug 30, 2024",
0,https://www.amazon.com/dp/B0DFWZ25B2,B0DFWZ25B2,"2025-2027 Pocket Planner: Small 3 Years Agendra ( From January To December ), Purse Size, 2 Pages Per Month And Monthly Monthly Calendar",Camille Everharts,Paperback,"Aug 30, 2024",
0,https://www.amazon.com/dp/B0DFWYZKYM,B0DFWYZKYM,Notebook for Women 8.5 x 11- Flower themed Interior-Lined Notes-for Ambitious Women,Jessy Russell,Hardcover,"Aug 30, 2024",
0,https://www.amazon.com/dp/B0DFWYZFVY,B0DFWYZFVY,My Third Eye Chakra Journal: Daily Mood Tracker with Affirmations,The Core Coach,Paperback,"Aug 30, 2024",
0,https://www.amazon.com/dp/B0DFWYYHX7,B0DFWYYHX7,"Beautiful World: ""There's no time to be Bored in a World as Beautiful as this"" Inspiring Journal for Friends and Family",Autumn Rivers,Paperback,"Aug 30, 2024",
0,https://www.amazon.com/dp/B0DFWYWHW1,B0DFWYWHW1,Gratitude Journal for Positive life,Aakash Jaiswar,Paperback,"Aug 30, 2024",
0,https://www.amazon.com/dp/B0DFWYVM5N,B0DFWYVM5N,Composition Book,Damzy Printing press,Paperback,"Aug 30, 2024",
0,https://www.amazon.com/dp/B0DFWYVJSP,B0DFWYVJSP,Bright Red Journal: Solid Color,PD Production,Paperback,"Aug 30, 2024",
0,https://www.amazon.com/dp/B0DFWYV595,B0DFWYV595,GRATITUDE JOURNAL: DAILY NOTEBOOK,Anita Korinsek Porta MA,Paperback,"Aug 30, 2024",
0,https://www.amazon.com/dp/B0DFWYTG7P,B0DFWYTG7P,"Notebook, Journal, Ruler, Office Product Magazine, Journaling, Stationeryaddict, for Women, for Men, College, for Gifts, Office, School Supplies, ... 8.5 in x 11 in. 100 Lined Pages Ruler",Alex Lesya,Paperback,"Aug 30, 2024",
0,https://www.amazon.com/dp/B0DFWYRKZ4,B0DFWYRKZ4,Ideas Bloom Here Notebook: Journal Notebook,Olive Hazel,Paperback,"Aug 30, 2024",
0,https://www.amazon.com/dp/B0DFWYQSL5,B0DFWYQSL5,ision Board: Blueprint for Success,SANA M,Paperback,"Aug 30, 2024",
0,https://www.amazon.com/dp/B0DFWYQN9C,B0DFWYQN9C,"Pastel Serenity: A 120-Page, 6 x 9 Inch Journal with a Soft Watercolor Gradient Cover: Immerse Yourself in Tranquility with Every Page",Lumiere Journals,Paperback,"Aug 30, 2024",
0,https://www.amazon.com/dp/B0DFWYPBJT,B0DFWYPBJT,A King's Game,C M Smith,Paperback,"Aug 30, 2024",
0,https://www.amazon.com/dp/B0DFWYNWBF,B0DFWYNWBF,"Composition Notebook: Stacks of Wheat, 7.5 x 9.25, 120 pages: Antique Illustration, Gift for Office and Back to School",Kissmih Hearte,Paperback,"Aug 30, 2024",
0,https://www.amazon.com/dp/B0DFWYN87Q,B0DFWYN87Q,"White Tiger Notebook: 6x9'', 120 Lined Pages Journal",Alija Soul Art,Paperback,"Aug 30, 2024",
0,https://www.amazon.com/dp/B0DFWYL1KM,B0DFWYL1KM,"2026 Diary A5 Page A Day: One Page Per Day to View Planner from January 2026 to December 2026, Purple Cover",Terry Stouffer,Paperback,"Aug 30, 2024",
0,https://www.amazon.com/dp/B0DFWYKCV4,B0DFWYKCV4,2025-2026 Monthly Planner: Elevate Your Journey with This 2-Year Starfish-Themed Scheduler,Valeao Publishing,Paperback,"Aug 30, 2024",
0,https://www.amazon.com/dp/B0DFWYGDYV,B0DFWYGDYV,My Journey: A Teen's Daily Reflection Journal.: Your personal guide to self-discovery and growth.,Valerian Black,Paperback,"Aug 30, 2024",
0,https://www.amazon.com/dp/B0DFWYG4JY,B0DFWYG4JY,2025 Rise and Shine Self-Love and Empowerment Planner: Embrace Your Transformation,Payton's PaperNotes,Paperback,"Aug 30, 2024",
0,https://www.amazon.com/dp/B0DFWYG1G3,B0DFWYG1G3,Cosmic Twins: The Gemini Constellation Journal,Juniper Muse Printing Press,Paperback,"Aug 30, 2024",
0,https://www.amazon.com/dp/B0DFWYFZHK,B0DFWYFZHK,"Daily Musings: Thoughts, Ideas, and Dreams from Today: A collection of personal reflections and creative thoughts.",Seraphina Elise,Paperback,"Aug 30, 2024",
0,https://www.amazon.com/dp/B0DFWYFZ6S,B0DFWYFZ6S,2025 Planner: Classic Cats: Ragdoll: Stylish Weekly and Monthly Organization,Ink and Blooms Publishing,Paperback,"Aug 30, 2024",
0,https://www.amazon.com/dp/B0DFWYFHLM,B0DFWYFHLM,2025-2026 Monthly Planner: Elevate Your Journey with This 2-Year Sunflower-Themed Scheduler,Valeao Publishing,Paperback,"Aug 30, 2024",
0,https://www.amazon.com/dp/B0DFWYDFTM,B0DFWYDFTM,My Solar Plexus Chakra Journal: Daily Mood Tracker with Affirmations,The Core Coach,Paperback,"Aug 30, 2024",
1,https://www.amazon.com/dp/B0DFWYCZXT,B0DFWYCZXT,"Scribeio Notebook: A vibrant explosion of colorful orbs in mid-air- College Unruled paper 8.27 x 11.69 inches with a vibrant color cover page image: ... yellow, and blue spheres, spheres, abstract",KIPPVA Pty Limited,Paperback,"Aug 30, 2024",
0,https://www.amazon.com/dp/B0DFWYCNQZ,B0DFWYCNQZ,"Scribeio Notebook: Red and Blue spheres floating in a dark- College Unruled paper 8.27 x 11.69 inches with a vibrant color cover page image: Red and Blue spheres, spheres, Floating Spheres",KIPPVA Pty Limited,Paperback,"Aug 30, 2024",
1,https://www.amazon.com/dp/B0DFWY9PXB,B0DFWY9PXB,F*ck It Journal: When You Can’t Say What You’re Thinking Aloud,Snark Infested Press,Paperback,"Aug 30, 2024",
0,https://www.amazon.com/dp/B0DFWY9M1H,B0DFWY9M1H,"Moonlight Paws: A Black Cat's Nighttime Journal Notebook | 6x9, 180 Pages, 6-Month Planner with 24 Weekly Planners, Cream Paper, Paperback, Notebook ... and Planning | Students, and Writers",DARUNITA Books,Hardcover,"Aug 30, 2024",
0,https://www.amazon.com/dp/B0DFWY93TZ,B0DFWY93TZ,Faith in Action: 31 Working Prompts to Build a Purpose-Driven Life: Daily Reflections and Bible Verses to Empower Your Journey,Beatrice Butterfinger,Paperback,"Aug 30, 2024",
0,https://www.amazon.com/dp/B0DFWY8DDJ,B0DFWY8DDJ,Bullet Journal: Bible scripture on cover,JEMR Imagine Presss,Paperback,"Aug 30, 2024",
0,https://www.amazon.com/dp/B0DFWY842S,B0DFWY842S,"I Believe in Magic: My Unicorn Lined Journal | A5 Notebook for kids | 200 Delicate Unicorn Watermarked Ruled Pages: Where Dreams, Doodles, and Magic Come to Life",M. D.,Paperback,"Aug 30, 2024",
0,https://www.amazon.com/dp/B0DFWY7G9K,B0DFWY7G9K,5 Minute Daily Journal - 100 pages - Floral Pattern,L3  Media Designs,Paperback,"Aug 30, 2024",
0,https://www.amazon.com/dp/B0DFWY68MC,B0DFWY68MC,"Ruled Notebook 100 Sheets: College , Home , School and Office",Reethumol A,Paperback,"Aug 30, 2024",
0,https://www.amazon.com/dp/B0DFWY5V6R,B0DFWY5V6R,"2026 Diary A5 Page A Day: One Page Per Day to View Planner from January 2026 to December 2026, Blue Cover",Terry Stouffer,Paperback,"Aug 30, 2024",
0,https://www.amazon.com/dp/B0DFWY4YWR,B0DFWY4YWR,"The Meeting Survival Guide : 6 x 9 Blank Lined Notebook Journal - Gift for Office Coworkers, Employees, Adults, Boss -100 pages notebook: Your Handbook for Surviving Endless Discussions",M. D.,Paperback,"Aug 30, 2024",
0,https://www.amazon.com/dp/B0DFWY4RLC,B0DFWY4RLC,"Composition Notebook, Halloween Theme: Notebook With A Group Of Cute Ghosts In The Woods Illustration On Cover, Journal with 120 Graph Pages, 6x9 inch size for Student, Office Workers.",Camille Obrien,Paperback,"Aug 30, 2024",
0,https://www.amazon.com/dp/B0DFWY372L,B0DFWY372L,I AM Rylie,Laughing Dog Press,Paperback,"Aug 30, 2024",
0,https://www.amazon.com/dp/B0DFWY368W,B0DFWY368W,"Cute Kawaii Cats Journal, Notebook, Diary, Planner: 120 Pages",Katarina Malone,Paperback,"Aug 30, 2024",
0,https://www.amazon.com/dp/B0DFWY1MX9,B0DFWY1MX9,Black and Gold background with large VOTE emblem: Blank Lined 120 Page Journal/Notebook/Poetry Book,Shanese Shields,Paperback,"Aug 30, 2024",
0,https://www.amazon.com/dp/B0DFWXZX32,B0DFWXZX32,"Daily Timeboxing Planner: To-Do List, Notes, Schedule, Meal and Gratitude Journals",Timothy Pepper,Paperback,"Aug 30, 2024",
0,https://www.amazon.com/dp/B0DFWXY2W4,B0DFWXY2W4,"Minimalist Sunflower Notebook: ひまわり |: 120 Dot Grid Pages for Journaling, Sketching | Elegant Japanese Aesthetic Design with Unique Art",Yume Dayo,Hardcover,"Aug 30, 2024",
0,https://www.amazon.com/dp/B0DFWXY14Q,B0DFWXY14Q,"Essential Buddhist Guide to Enlightenment for Beginners: A Comprehensive Introduction to Mindfulness, Compassion, and Wisdom in Daily Life",Semanthie Nievarrio,Paperback,"Aug 30, 2024",
0,https://www.amazon.com/dp/B0DFWXXNXK,B0DFWXXNXK,"Love is in the air: Notebook, Idea for gifts, Journal Writing",Author’s Choice,Paperback,"Aug 30, 2024",
0,https://www.amazon.com/dp/B0DFWXX8JR,B0DFWXX8JR,"GRATITUDE REGISTER - A Daily Dose of Gratitude, A Lifetime of Joy: 100 Pages to Harmonize: For Me - For You - For Us - For the Universe",Magiatu Mandala,Paperback,"Aug 30, 2024",
0,https://www.amazon.com/dp/B0DFWXWSV4,B0DFWXWSV4,I am Beautiful Too: 7 Strategies for Young Women to Increase their Confidence and Learn to Love Themselves From the Inside Out,Ms. Mickisha Bonner,Paperback,"Aug 30, 2024",
0,https://www.amazon.com/dp/B0DFWXWCB5,B0DFWXWCB5,My Journal,Lawana Jones-Wilson,Paperback,"Aug 30, 2024",
0,https://www.amazon.com/dp/B0DFWXVZGW,B0DFWXVZGW,"Botanical Harmony: A 120-Page, 6 x 9 Inch Journal with a Modern Abstract Leaf Design Cover: Nurture Your Creativity with Nature-Inspired Elegance",Lumiere Journals,Paperback,"Aug 30, 2024",
0,https://www.amazon.com/dp/B0DFWXV54V,B0DFWXV54V,"""The Secret Diary"": For All Age Group",Pooja Singh,Paperback,"Aug 30, 2024",
0,https://www.amazon.com/dp/B0DFWXTZ5P,B0DFWXTZ5P,"My Daily Journal : A Guided Journal for Productivity and Positivity: Track Your Day, Cultivate Gratitude, and Boost Your Mood with Simple Daily Prompts",Tanaz Sultana,Paperback,"Aug 30, 2024",
0,https://www.amazon.com/dp/B0DFWXTRB2,B0DFWXTRB2,"Ruled Notebook 100 Sheets: College , Home , School and Office",Reethumol A,Paperback,"Aug 30, 2024",
0,https://www.amazon.com/dp/B0DFWXTG1L,B0DFWXTG1L,"Notebook, Journal, Ruler, Office Product Magazine, Journaling, Stationeryaddict, for Women, for Men, College, for Gifts, Office, School Supplies, ... 8.5 in x 11 in. 100 Lined Pages Ruler",Alex Lesya,Paperback,"Aug 30, 2024",
0,https://www.amazon.com/dp/B0DFWXS26C,B0DFWXS26C,"Love is in the Air: Notebook, ideal for Gifts, Love Journal",Author’s Choice,Paperback,"Aug 30, 2024",
0,https://www.amazon.com/dp/B0DFWXR7T2,B0DFWXR7T2,Gratitude Journal 2024 -2025 Diary Planner : Embrace Every Day with Thankfulness and Joy,Lagandev Singh,Paperback,"Aug 30, 2024",
0,https://www.amazon.com/dp/B0DFWXR3P7,B0DFWXR3P7,2025-2026 Monthly Planner: Elevate Your Journey with This 2-Year Space-Themed Scheduler,Valeao Publishing,Paperback,"Aug 30, 2024",
0,https://www.amazon.com/dp/B0DFWXQ8PP,B0DFWXQ8PP,Notebook: Liferise,CD SR,Hardcover,"Aug 30, 2024",
0,https://www.amazon.com/dp/B0DFWXNY75,B0DFWXNY75,Grateful for the Little things: A Journal,Manpreet Kaur,Paperback,"Aug 30, 2024",
0,https://www.amazon.com/dp/B0DFWXMD4S,B0DFWXMD4S,100 Days Journal,Herman Fors,Paperback,"Aug 30, 2024",
0,https://www.amazon.com/dp/B0DFWXK8TQ,B0DFWXK8TQ,"Notebook: 120 Pages - 6"" X 9""",Vintage Beams,Paperback,"Aug 30, 2024",
0,https://www.amazon.com/dp/B0DFWXJWTD,B0DFWXJWTD,"Coquette composition notebook Blue: Cute Preppy Aesthetic and Blue Pastel Coquette Bows | Wide Ruled Journal for Girls, Kids, Teens | 110 Pages, Lined Paper, 8.5x11 in",Mark Oi. Easton,Paperback,"Aug 30, 2024",
0,https://www.amazon.com/dp/B0DFWXJV3X,B0DFWXJV3X,"The Note Book: A Minimalist Notebook For Everyday Use , 6"" x 9"" Inches ,120 Ruled Pages , High-Quality Ruled Paper , Cover With a Matte Finish.",Word Scribbler,Paperback,"Aug 30, 2024",
0,https://www.amazon.com/dp/B0DFWXJ9S4,B0DFWXJ9S4,My Journey: A Teen's Daily Reflection Journal.: Your personal guide to self-discovery and growth.,Valerian Black,Paperback,"Aug 30, 2024",
0,https://www.amazon.com/dp/B0DFWXHY1B,B0DFWXHY1B,"Ace&Spades Scribes Journal (Scribbling Words, Crafting Worlds) | Pink Theme | 120+2 pages | 6X9 inches | Paperback | 90 GSM | Journal Diary for daily entry.",Ace&Spade Scribes,Paperback,"Aug 30, 2024",
0,https://www.amazon.com/dp/B0DFWXFP12,B0DFWXFP12,"Scribeio Notebook: A vibrant explosion of colorful orbs in mid-air- College Ruled paper 8.27 x 11.69 inches with a vibrant color cover page image: ... yellow, and blue spheres, spheres, abstract",KIPPVA Pty Limited,Paperback,"Aug 30, 2024",
0,https://www.amazon.com/dp/B0DFWXF1LX,B0DFWXF1LX,Moments Remembered: A Journey Through Words,REO Designs,Paperback,"Aug 30, 2024",
0,https://www.amazon.com/dp/B0DFWXCXFY,B0DFWXCXFY,"Ctrl + Alt + Defeat: Self Motivated, Achievement, Goals Gift Notebook Journal for Friends and Family",Teddy Newself,Paperback,"Aug 30, 2024",
0,https://www.amazon.com/dp/B0DFWXCTKX,B0DFWXCTKX,Composition Notebook: Wide Rule School Composition Note book - Dark Forest Print Composition,Bellas Cute Notes,Paperback,"Aug 30, 2024",
0,https://www.amazon.com/dp/B0DFWXCPHM,B0DFWXCPHM,"The Notebook: A Minimalist Notebook For Everyday use , 6"" x 9"" Inches , 120 Ruled Page, High-Quality Ruled Paper, Cover With a Matte Finish.",Word Scribbler,Paperback,"Aug 30, 2024",
0,https://www.amazon.com/dp/B0DFWXBX6H,B0DFWXBX6H,"Composition Notebook, Halloween Theme: Notebook With A Group Of Cute Ghosts In The Woods Illustration On Cover, Journal with 120 Lined Pages, 6x9 inch size for Student, Office Workers.",Camille Obrien,Paperback,"Aug 30, 2024",
0,https://www.amazon.com/dp/B0DFWXB6HR,B0DFWXB6HR,"Pretty In Pink WILD WEST COWGIRL Journal, Notebook, Diary, Planner: 120 Pages",Katarina Malone,Paperback,"Aug 30, 2024",
0,https://www.amazon.com/dp/B0DFWX7R4C,B0DFWX7R4C,"It’s hard to beat a person who never gives up. Babe Ruth: Quotes Motivational blank Notebook with 120 lined pages, 6""x9"", Positive Inspirational journal, perfect for a gift",Raven Notes,Paperback,"Aug 30, 2024",
0,https://www.amazon.com/dp/B0DFWX6YP4,B0DFWX6YP4,Believe You Can And You're Halfway There: 120 Pages Blank Lined Notebook Journal,Joyful Glorious Prints,Paperback,"Aug 30, 2024",
0,https://www.amazon.com/dp/B0DFWX6TG6,B0DFWX6TG6,Don't Panic! I'm A Professional Character Rigger Diary: Undated Planner - Start At Any Time Of Year - Weekly Organizer For A Busy Character Rigger,Terry Sideways,Paperback,"Aug 30, 2024",
0,https://www.amazon.com/dp/B0DFWX5HBP,B0DFWX5HBP,Composition Notebook College Ruled Fairy Tale Mushroom Village: GLOSSY Finish 8.5 x 11,Andrea Guadalupe Gonzales,Paperback,"Aug 30, 2024",
0,https://www.amazon.com/dp/B0DFWX3H1V,B0DFWX3H1V,"Monthly Planner - 2025-2027: Undated , therefore 2026-2028, 2027-2029 - 3 Years of Diary / Organizer or Agenda for a woman",Miss W du Plooy,Hardcover,"Aug 30, 2024",
0,https://www.amazon.com/dp/B0DFWX2X9B,B0DFWX2X9B,Flower Notebook: 120 Page Blank Journal,Amily Bronte,Paperback,"Aug 30, 2024",
0,https://www.amazon.com/dp/B0DFWX2JF8,B0DFWX2JF8,2025: Planificador mensual con pájaro jilguero,Calendarios Bonitos,Paperback,"Aug 30, 2024",
0,https://www.amazon.com/dp/B0DFWX1VJH,B0DFWX1VJH,Blue glitter background with large white VOTE emblem: Blank Lined 120 Page Journal/Notebook/Poetry Book,Shanese Shields,Paperback,"Aug 30, 2024",
0,https://www.amazon.com/dp/B0DFWWY9FV,B0DFWWY9FV,"GRATITUDE REGISTER - A Daily Dose of Gratitude, A Lifetime of Joy: 100 Pages to Harmonize: For Me - For You - For Us - For the Universe",Magiatu Mandala,Paperback,"Aug 30, 2024",
0,https://www.amazon.com/dp/B0DFWWXMM5,B0DFWWXMM5,"360 GRATITUDE JOURNAL FOR TEENS: For Teens, Tweens, Boys, Girls, Kids - Cute Mindfulness Diary with Prompts - Gifts for Teenagers - for woman -for man",Brilha Bahia Brilha Bahia,Paperback,"Aug 30, 2024",
0,https://www.amazon.com/dp/B0DFWWXGX5,B0DFWWXGX5,"Line Paper Notebook with A-Z Tab Mark Printed: Size 5x11 inches This idea is for Notes, Password, Address Contact, Both Business and Personal Record. Vintage Pink Floral Arts Cover",Inham Happy Design,Paperback,"Aug 30, 2024",
0,https://www.amazon.com/dp/B0DFWWX9CH,B0DFWWX9CH,"Psychedelic Gift: 108 Lined Page Notebook With Frog Graphic On Every Page, Journal, Diary, Psychedelic, 6x9 Inches",Sasha Noteworthy,Paperback,"Aug 30, 2024",
0,https://www.amazon.com/dp/B0DFWWWSY8,B0DFWWWSY8,"The 100-Day Self-Care Challenge: Rise to the Best Version of You: A transformative self-care journal with daily prompts, weekly challenges, and ... and personal growth in just 100 days.",Witty  Writing Ink,Paperback,"Aug 30, 2024",
0,https://www.amazon.com/dp/B0DFWWWJ9V,B0DFWWWJ9V,"Scribeio Notebook: A sketch of a man’s face intertwined physics formulas and geometric diagrams- College ruled paper 8.27 x 11.69 inches with a ... geometric diagram, scientific formulas",KIPPVA Pty Limited,Paperback,"Aug 30, 2024",
1,https://www.amazon.com/dp/B0DFWWTX23,B0DFWWTX23,F*ck It Journal: A Place To Share How You Wish You Could Respond,Snark Infested Press,Paperback,"Aug 30, 2024",
0,https://www.amazon.com/dp/B0DFWWTJJH,B0DFWWTJJH,Hippie By Nature: Record Notes from the Universe... or Just from Your Brain with this Awesome Journal for Friends and Family,Cosmic Hippie,Paperback,"Aug 30, 2024",
0,https://www.amazon.com/dp/B0DFWWT4N4,B0DFWWT4N4,Gratitude Journal: A Journal for Inner Peace,Manpreet Kaur,Paperback,"Aug 30, 2024",
0,https://www.amazon.com/dp/B0DFWWS5H3,B0DFWWS5H3,From Chaos To Calm: Breaking The Cycle Of Over-Thinking,Shawn Kendrick,Kindle,"Aug 30, 2024",
0,https://www.amazon.com/dp/B0DFWWQ7SD,B0DFWWQ7SD,Thoughts and Dreams Journal,Silver Clover,Paperback,"Aug 30, 2024",
0,https://www.amazon.com/dp/B0DFWWQ2TS,B0DFWWQ2TS,The Gratitude Journal,Carrie Schroeder,Paperback,"Aug 30, 2024",
0,https://www.amazon.com/dp/B0DFWWPY8X,B0DFWWPY8X,"Composition Notebook:: Creepy & Horror Halloween Illustration | Journal For College, Students, School, Work, Office | Wide Lined",Nora Heartly Hudson,Paperback,"Aug 30, 2024",
1,https://www.amazon.com/dp/B0DFWWPNT7,B0DFWWPNT7,My Self Love Journal - Women's Edition,Kerri Trammel,Hardcover,"Aug 30, 2024",
0,https://www.amazon.com/dp/B0DFWWMD11,B0DFWWMD11,Productivity Planner,Elizabeth G.,Paperback,"Aug 30, 2024",
0,https://www.amazon.com/dp/B0DFWWMC6Z,B0DFWWMC6Z,Dream Big Write Bold: 120 Lined pages w/ Date line,Busy Print Online,Paperback,"Aug 30, 2024",
0,https://www.amazon.com/dp/B0DFWWM1G1,B0DFWWM1G1,Composition Notebook,Mpho Agnes Mosime,Paperback,"Aug 30, 2024",
0,https://www.amazon.com/dp/B0DFWWLN4T,B0DFWWLN4T,"Notebook: 120 Pages - 6"" X 9""",Vintage Beams,Paperback,"Aug 30, 2024",
0,https://www.amazon.com/dp/B0DFWWKG5L,B0DFWWKG5L,"Composition Book Wide-Ruled Notebook with 200 Sheets, Black Marble",Mohamed AbouElsoud,Paperback,"Aug 30, 2024",
3,https://www.amazon.com/dp/B0DFWWJR7R,B0DFWWJR7R,Abide in Me: Meet with Jesus: A guided journal for cultivating spiritual growth,Adriana Suyama,Paperback,"Aug 30, 2024",
0,https://www.amazon.com/dp/B0DFWWJ739,B0DFWWJ739,"IN HEAVEN THEY DON'T WANT ME... AND IN HELL THEY ARE AFRAID OF ME: Funny, Motivational, Notebook For Women, Travel Daily Journal, College Notebook ... Boost Productivity at Work, 6'' X 9''",Audrey Fox,Hardcover,"Aug 30, 2024",
0,https://www.amazon.com/dp/B0DFWWGD3R,B0DFWWGD3R,Journal / Notebook: Snake,Studio Amphibian,Hardcover,"Aug 30, 2024",
0,https://www.amazon.com/dp/B0DFWWG6W7,B0DFWWG6W7,My Notes,Angel Shub,Paperback,"Aug 30, 2024",
0,https://www.amazon.com/dp/B0DFWWFX1G,B0DFWWFX1G,The Daisy Journal Lavender with Daisy Print 5.25x8 Inches 140 Pages Ruled,Laura Puzic,Paperback,"Aug 30, 2024",
1,https://www.amazon.com/dp/B0DFWWFDD7,B0DFWWFDD7,F*ck It Journal: How You’d Actually Like To Answer Stupid Requests,Snark Infested Press,Paperback,"Aug 30, 2024",
0,https://www.amazon.com/dp/B0DFWWFCPB,B0DFWWFCPB,Visionboard Journal for Him: Goal Setting and Journaling for Men,Shelleka Powell Tomlinson,Hardcover,"Aug 30, 2024",
0,https://www.amazon.com/dp/B0DFWWF7FG,B0DFWWF7FG,"Night Garden | Skulls: Floral Skulls Notebook Journal | 200 Lined Pages | 6x9""",MorbidMonday Publishing,Paperback,"Aug 30, 2024",
0,https://www.amazon.com/dp/B0DFWWDN3K,B0DFWWDN3K,"Composition Notebook: Floral Autumn Journal, Wide Ruled, 110 pages",Cora Herring,Paperback,"Aug 30, 2024",
0,https://www.amazon.com/dp/B0DFWWCK9Q,B0DFWWCK9Q,2025-2026 Two Year Planner Pocket Size: Cat animal themed Cover 2 Page Spreads With Monthly Calendar Grids 24 Months Organizer,Folashade Publishing,Paperback,"Aug 30, 2024",
0,https://www.amazon.com/dp/B0DFWWCHRJ,B0DFWWCHRJ,Composition Notebook,Damzy Printing press,Paperback,"Aug 30, 2024",
1,https://www.amazon.com/dp/B0DFWW9JXS,B0DFWW9JXS,"Scribeio Notebook: A sketch of a woman’s face intertwined physics formulas and pink geometric diagrams-College ruled paper 8.27 x 11.69 inches with a ... geometric diagram, scientific formulas,",KIPPVA Pty Limited,Paperback,"Aug 30, 2024",
0,https://www.amazon.com/dp/B0DFWW8LV4,B0DFWW8LV4,"Mindfulness: Lotus Notebook with Alternating Dot Grid and Lined Pages for Creative Planning, Journaling, and Mindful Expression",Happy Pages By K,Paperback,"Aug 30, 2024",
0,https://www.amazon.com/dp/B0DFWW7QBB,B0DFWW7QBB,Dear Idiot,Shaggy  T Jones,Paperback,"Aug 30, 2024",
0,https://www.amazon.com/dp/B0DFWW6YLH,B0DFWW6YLH,Gratitude Journal - Find peace within.,Ashima Suri,Paperback,"Aug 30, 2024",
0,https://www.amazon.com/dp/B0DFWW6XD8,B0DFWW6XD8,"Butterfly Lined Notebook for Women – Journaling, Note-Taking, and Planning: Beautiful Butterfly Themed Journal for Women, Ideal for Writing Down Thoughts, Ideas, and Plans",Amy Kelley,Paperback,"Aug 30, 2024",
0,https://www.amazon.com/dp/B0DFWW63LN,B0DFWW63LN,"Composition Notebook Wide Ruled: Journal for Back to School, Work or Journaling Purple Daisy Design",Tattoo Rock Star Publishing,Paperback,"Aug 30, 2024",
0,https://www.amazon.com/dp/B0DFWW42RF,B0DFWW42RF,Chronic Health Diary Notebook: Shar Pei Dogs: Personal Record Log Journal: Simple-Organised-Complete: Track All Your Important Medical Information With Additional Features To Optimize Your Records.,Lulubell,Paperback,"Aug 30, 2024",
0,https://www.amazon.com/dp/B0DFWW3WB9,B0DFWW3WB9,"Scribeio: A sketch of a man's face with closed eyes is surrounded by chemical formulas and diagrams .College Unruled paper 8.27 x 11.69 inches with ... laboratory equipment, chemical equations, etc",Kippva Pty Limited,Paperback,"Aug 30, 2024",
0,https://www.amazon.com/dp/B0DFWW3V7W,B0DFWW3V7W,"Passive Aggressive Quotes For Later: Gray 6x9"" Notebook / Journal: Blank, Lined 100 Pages",I Said What I Said,Paperback,"Aug 30, 2024",
0,https://www.amazon.com/dp/B0DFWW3B96,B0DFWW3B96,Girl Boss Sh*t: Write It. Believe It. Achieve It.,REO Designs,Paperback,"Aug 30, 2024",
0,https://www.amazon.com/dp/B0DFWW258Q,B0DFWW258Q,My Journey: A Teen's Daily Reflection Journal: Your personal guide to self-discovery and growth,Valerian Black,Paperback,"Aug 30, 2024",
0,https://www.amazon.com/dp/B0DFWW1Y8Z,B0DFWW1Y8Z,"Composition Aesthetic Writing Notebook: Fashion And Glam Girl, Lined 120 Pages, For Creative Writers, Journaling, Self Reflection For Thoughts and Dreams, Student Notes, Diary, Gift, 8.5 X 11 Inches",Glam World Publishing,Paperback,"Aug 30, 2024",
0,https://www.amazon.com/dp/B0DFWW1MQP,B0DFWW1MQP,Notebook,Hay Now,Paperback,"Aug 30, 2024",
0,https://www.amazon.com/dp/B0DFWVZLMQ,B0DFWVZLMQ,The Caterpillar Journey: This is only the Beginning (Transform Her),Erika Davis,Paperback,"Aug 30, 2024",
0,https://www.amazon.com/dp/B0DFWVXG41,B0DFWVXG41,"Keep Calm And Let Karma Finish It: Dot Grid Notebook Journal, 102 pages, 6 x 9""",Julia Moron,Paperback,"Aug 30, 2024",
0,https://www.amazon.com/dp/B0DFWVXF35,B0DFWVXF35,2025-2026 Two Year Planner Pocket Size: American Bison Buffalo animal themed Cover 2 Page Spreads With Monthly Calendar Grids 24 Months Organizer,Folashade Publishing,Paperback,"Aug 30, 2024",
0,https://www.amazon.com/dp/B0DFWVWVFP,B0DFWVWVFP,Track AND Adjust Version 2: My Health and Wellness Journal,Jeannette Williams,Paperback,"Aug 30, 2024",
0,https://www.amazon.com/dp/B0DFWVW16T,B0DFWVW16T,"Scribeio Notebook: A sketch of a man’s face intertwined physics formulas and geometric diagrams- College Unruled paper 8.27 x 11.69 inches with a ... geometric diagram, scientific formulas, Blue",KIPPVA Pty Limited,Paperback,"Aug 30, 2024",
5,https://www.amazon.com/dp/B09SP8JNWW,B09SP8JNWW,Discover Your Happy Place: Your Way to Health and Wellness,David Griffiths,Paperback,"Feb 18, 2022",
0,https://www.amazon.com/dp/B0DFWVVGRZ,B0DFWVVGRZ,3D Colorful Rose Writing Pad: 150 Page College Ruled Notebook,Hannah E. Moyer,Paperback,"Aug 30, 2024",
0,https://www.amazon.com/dp/B0DFWVV8TW,B0DFWVV8TW,Fast Lane,C M Smith,Paperback,"Aug 30, 2024",
0,https://www.amazon.com/dp/B0DFWVV6T1,B0DFWVV6T1,Sobriety Journal: With Positive Affirmations For Men/NA AA/12 Step Check In,Book Designs,Paperback,"Aug 30, 2024",
0,https://www.amazon.com/dp/B0DFWVV13V,B0DFWVV13V,Manifestation Mastery Guide,Leesa Shihemi,Paperback,"Aug 30, 2024",
0,https://www.amazon.com/dp/B0DFWVTG7J,B0DFWVTG7J,Primary Composition Notebook: Hello 2nd Grade Composition Notebook for kids Dashed Midline and Drawing Story Space 110 Pages,Promo Design,Paperback,"Aug 30, 2024",
0,https://www.amazon.com/dp/B0DFWVSCCF,B0DFWVSCCF,Remember You are beautiful and you are Loved notebook,Jesse Price,Paperback,"Aug 30, 2024",
0,https://www.amazon.com/dp/B0DFWVS96F,B0DFWVS96F,The Daisy Journal in Cali Sunshine Yellow 5.25x8 Inches 140 Pages Ruled,Laura Puzic,Paperback,"Aug 30, 2024",
0,https://www.amazon.com/dp/B0DFWVRX6G,B0DFWVRX6G,I'm Bold... I know!,B FM,Paperback,"Aug 30, 2024",
0,https://www.amazon.com/dp/B0DFWVQCVC,B0DFWVQCVC,8 Day Affirmation Awakening Journal,Leesa Shihemi,Paperback,"Aug 30, 2024",
0,https://www.amazon.com/dp/B0DFWVPLZB,B0DFWVPLZB,The Best Revenge Is Massive Success: 120 Pages Blank Lined Notebook Journal,Joyful Glorious Prints,Paperback,"Aug 30, 2024",
0,https://www.amazon.com/dp/B0DFWVNXGV,B0DFWVNXGV,Blessed Everyday: Gratitude Journal for Christian Women,Michael Miller Publishing,Paperback,"Aug 30, 2024",
0,https://www.amazon.com/dp/B0DFWVLYBQ,B0DFWVLYBQ,Out of the Blue Workbook: inspired guidance for the everyday moments,susan Walliker,Paperback,"Aug 30, 2024",
0,https://www.amazon.com/dp/B0DFWVJQ2W,B0DFWVJQ2W,"Retro Sage Mist Notebook: 100 pages (8,5x11) of lined pages",Ethnoscape Art,Paperback,"Aug 30, 2024",
0,https://www.amazon.com/dp/B0DFWVHSWX,B0DFWVHSWX,"Inspire & Reflect: A Lined Journal for Your Thoughts and Ideas: Perfect for Journaling, Note-Taking, and Capturing Ideas",Amy Kelley,Paperback,"Aug 30, 2024",
0,https://www.amazon.com/dp/B0DFWVHQG5,B0DFWVHQG5,"Mindfulness: Lotus Notebook with Alternating Dot Grid and Lined Pages for Creative Planning, Journaling, and Mindful Expression",Happy Pages By K,Paperback,"Aug 30, 2024",
0,https://www.amazon.com/dp/B0DFWVH8FW,B0DFWVH8FW,"Mental Health Happy Cats Journal, Notebook, Diary, Planner: 120 Pages",Katarina Malone,Paperback,"Aug 30, 2024",
0,https://www.amazon.com/dp/B0DFWVFNBV,B0DFWVFNBV,Chronic Health Diary Notebook: Akita Inu Dogs: Personal Record Log Journal: Simple-Organised-Complete: Track All Your Important Medical Information With Additional Features To Optimize Your Records.,Lulubell,Paperback,"Aug 30, 2024",
0,https://www.amazon.com/dp/B0DFWVFC7Y,B0DFWVFC7Y,3D Glitter Rose Writing Pad: 150 Page College-Ruled Notebook,Hannah E. Moyer,Paperback,"Aug 30, 2024",
0,https://www.amazon.com/dp/B0DFWVDRCK,B0DFWVDRCK,This Is My Cooking Book: A Personal Recipe Journal,Bamazruk Works,Paperback,"Aug 30, 2024",
0,https://www.amazon.com/dp/B0DFWVBT1D,B0DFWVBT1D,"I am a Miracle Magnet: Our 100-page lined notebook journal, ""I am a Miracle Magnet"", is designed to help you harness your inner strength and align your thoughts with the miracles you wish to create.",Love & Mantra,Paperback,"Aug 30, 2024",
0,https://www.amazon.com/dp/B0DFWVBDYC,B0DFWVBDYC,Chronic Health Diary Notebook: Saint Bernard Dogs: Personal Record Log Journal: Simple-Organised-Complete: Track All Your Important Medical ... Additional Features To Optimize Your Records.,Lulubell,Paperback,"Aug 30, 2024",
0,https://www.amazon.com/dp/B0DFWV931D,B0DFWV931D,2025-2026 Monthly Planner 8.5 X 11: Two year Schedule Organizer from January 2025 to December 2026 | 24 Months Calendar & Planning | Floral Cover (126 Pages),Jennifer Planner,Paperback,"Aug 30, 2024",
0,https://www.amazon.com/dp/B0DFWV8Z5W,B0DFWV8Z5W,"The Only Way To Do Great Work Is To Love What You Do: A simple, elegant, minimalist, beautifully crafted 120-page blank lined notebook journal. 6x9"".",Joyful Glorious Prints,Paperback,"Aug 30, 2024",
0,https://www.amazon.com/dp/B0DFWV8VGJ,B0DFWV8VGJ,Journal / Notebook: Salamander,Studio Amphibian,Hardcover,"Aug 30, 2024",
0,https://www.amazon.com/dp/B0DFWV7QHM,B0DFWV7QHM,If I Were a Red Blood Cell: Unique Biology Notebook for Science Lovers: 5.5” x 8.5” Matte Journal Featuring Red Blood Cell and Hemoglobin Graphics – ... and Enthusiasts | don't forget the back cover,Capture,Paperback,"Aug 30, 2024",
0,https://www.amazon.com/dp/B0DFVCV21W,B0DFVCV21W,"Popsicle Cookbook: The Ultimate Guide to Homemade Popsicles with 100 Creative and Delicious Flavors for Kids, Adults, and Everyone in Between",Racell Deshon Lee,Kindle,"Aug 31, 2024",
2,https://www.amazon.com/dp/B0DFV9DD1Z,B0DFV9DD1Z,SLOW COOKER DOG FOOD COOKBOOK: The Ultimate Guide to Vet-Approved Healthy and Nutritious Homemade Recipes for Your Furry Companion,Helene Baker,Kindle,"Aug 31, 2024",
3,https://www.amazon.com/dp/B0DFV82N71,B0DFV82N71,"THE ULTIMATE JIFFY MIX COOKBOOK: 100 Creative and Time-Saving Recipes for Quick, Flavorful Meals (BAKING MIXES AND FLOURS)",GILBERT C.A,Kindle,"Aug 31, 2024",
1,https://www.amazon.com/dp/B0DFV9VZ8W,B0DFV9VZ8W,Vegan Asian Cookbook: The Ultimate Guide to Plant-Based Asian Cooking for Every Kitchen,BELINDA K. MARROW,Kindle,"Aug 31, 2024",
1,https://www.amazon.com/dp/B0DFTTF1QN,B0DFTTF1QN,Healthy Mocktails For Expectant Mothers: Drinking for Two (Chef Basil Series),Chef Basil,Paperback,"Aug 31, 2024",
1,https://www.amazon.com/dp/B0DFVBQ94F,B0DFVBQ94F,traditional greek cookbook: Delicious and Healthy Recipes Packed with Nutritional Value and Mediterranean Flavors,THORA G. TURNER,Kindle,"Aug 31, 2024",
1,https://www.amazon.com/dp/B0DFVDLRR6,B0DFVDLRR6,Exploring World Cultures Through Food: A Book for Young Chefs,Robert J Griffith,Kindle,"Aug 31, 2024",
0,https://www.amazon.com/dp/B0DFVML6Z9,B0DFVML6Z9,"THE COMPLETE DIABETIC RENAL DIET COOKBOOK FOR BEGINNERS: 2000 Days of Delicious, Low Sodium and Low Potassium Recipes for Preventing and Managing Type ... Disease, & Maintaining Stable Blood Sugar",Amanda K. Sanders,Hardcover,"Aug 31, 2024",
2,https://www.amazon.com/dp/B0DFZV24NV,B0DFZV24NV,THE IMPLEMENTATION OF THE FINITE ELEMENT METHOD,VIKTOR HRISTOVSKI,Kindle,"Aug 31, 2024",
0,https://www.amazon.com/dp/B0DFYC86PL,B0DFYC86PL,3ヶ月にほんご絵日記＋いろんなテーマでライティング[3-month Enikki (Visual Diary) + Writing on Various Themes in Japanese] (Japanese Edition),Sachie Ogawa,Paperback,"Aug 31, 2024",
1,https://www.amazon.com/dp/B0DFXBGCY2,B0DFXBGCY2,A Sabbath Map: Navigating Holistic Renewal for Christians (The Eremos Way Series),Joel Peed,Paperback,"Aug 31, 2024",
2,https://www.amazon.com/dp/B0DG35R37T,B0DG35R37T,Daily Examen Prayer Journal: Finding God in All Things,Living Messages,Paperback,"Aug 31, 2024",
2,https://www.amazon.com/dp/B0DFV94LHY,B0DFV94LHY,"Eucharistic Miracles for Kids: Detailed Account of the Miracles, Lessons They Teach Us, Questions and Answers in a Simple, Kid-Friendly Language",Patrick James,Kindle,"Aug 31, 2024",
0,https://www.amazon.com/dp/B0DGDXFGNT,B0DGDXFGNT,Rise Up Kings - 90 Day Mens Journal,Skylar Lewis,Paperback,"Aug 31, 2024",
0,https://www.amazon.com/dp/B0DHVMXM31,B0DHVMXM31,A Sabbatical Map: Navigating Holistic Renewal for Ministers (The Eremos Way Series),Joel Peed,Paperback,"Aug 31, 2024",
0,https://www.amazon.com/dp/B0DFXC2JCB,B0DFXC2JCB,The Prodigal Purpose,LaPaul D Crosby SR,Paperback,"Aug 31, 2024",
0,https://www.amazon.com/dp/B0DFXZTWKJ,B0DFXZTWKJ,The Romans Road: A Devotional Activity Book,J.R. Spencer,Paperback,"Aug 31, 2024",
2,https://www.amazon.com/dp/B0DFWSP7F7,B0DFWSP7F7,My Very Own Biblical Coloring Book Single Page Coloring Book with Descriptions of Biblical Characters: Easy Coloring Pages of Biblical Characters from the Old and New Testament for Ages 3 & up,Lana’s Pages Publishing,Paperback,"Aug 31, 2024",
4,https://www.amazon.com/dp/B0DFX5YFBL,B0DFX5YFBL,"First Words for Catholic Toddlers about the Holy Mass and the Church: Look, Color, Read and Learn Activities for Christian Baby",Billy James,Kindle,"Aug 31, 2024",
3,https://www.amazon.com/dp/B0F3TJYS5M,B0F3TJYS5M,The Collected Commentaries of the Epistles,Blessed Theophylact of Ochrid,Paperback,"Apr 4, 2025",
2,https://www.amazon.com/dp/B0DG62NBFT,B0DG62NBFT,Waiting On Him: Prayer Journal,Mechelle K Dunlap,Paperback,"Aug 31, 2024",
0,https://www.amazon.com/dp/B0DFV9QHRY,B0DFV9QHRY,Latin Vulgate New Testament English Bible: Translated to English (Vulgate Bible),Kristopher Allen Walker,Hardcover,"Aug 31, 2024",
0,https://www.amazon.com/dp/B0FS6XN7QM,B0FS6XN7QM,The Keys to Immortality: Reflections on the Apocalypse of Peter,Steven Van de Berg,Kindle,"Aug 31, 2024",
1,https://www.amazon.com/dp/B0DFTWV4TT,B0DFTWV4TT,The Goddesses of Ireland,A.S. Mason,Kindle,"Aug 31, 2024",
2,https://www.amazon.com/dp/B0DFVJHL1P,B0DFVJHL1P,Spiritual Experiences and Revelations II,Monica Koldyke Miller,Kindle,"Aug 31, 2024",
0,https://www.amazon.com/dp/B0DFXKNCFD,B0DFXKNCFD,God Establishes His Nation: Biblical Meditations from the Desk of a Carpenter,Paul Bearden Jr.,Kindle,"Aug 31, 2024",
0,https://www.amazon.com/dp/B0DGF14JXS,B0DGF14JXS,Prayer Journal: Praise the Lord,Alex Aguilar Designs,Paperback,"Aug 31, 2024",
0,https://www.amazon.com/dp/B0DGDZMXVG,B0DGDZMXVG,Prayer Journal: God’s Rainbow Promise,Alex Aguilar Designs,Paperback,"Aug 31, 2024",
0,https://www.amazon.com/dp/B0DFZ1LYGL,B0DFZ1LYGL,Prayer Journal: This is How I Fight My Battles,Alex Aguilar Designs,Paperback,"Aug 31, 2024",
1,https://www.amazon.com/dp/B0DFV7WSML,B0DFV7WSML,"Ask a Question to the Magic Book, It will answer you...",MAM,Paperback,"Aug 31, 2024",
0,https://www.amazon.com/dp/B0DGLD7ZBY,B0DGLD7ZBY,Noah's Ark Adventure,Dr. Denise Greaves,Paperback,"Aug 31, 2024",
1,https://www.amazon.com/dp/B0DG94P6GN,B0DG94P6GN,"Birds & Bible Blessings: Adult Christian Coloring Book with Encouraging KJV Scriptures and Beautiful Relaxing Birds - Perfect gift for Bird Lovers, ... and Inspire: KJV Bible Verse Coloring Books)",Living In the Father's Embrace Ministries,Paperback,"Aug 31, 2024",
1,https://www.amazon.com/dp/B0DFYRHF4W,B0DFYRHF4W,The Christian Victim's Guide to Forgiving the Unforgivable: A Biblical Journey to Break the Bondage of Bitterness,Lisa Schafer,Paperback,"Aug 31, 2024",
1,https://www.amazon.com/dp/B0DFVD5ND3,B0DFVD5ND3,A Novena To Venerable Patrick Peyton,Timothy Buckner,Kindle,"Aug 31, 2024",
1,https://www.amazon.com/dp/B0DFVDZ5WB,B0DFVDZ5WB,The Roots of Legacy,Sanford N. Williams,Kindle,"Aug 31, 2024",
0,https://www.amazon.com/dp/B0DJRHXVTM,B0DJRHXVTM,"Notebook: Christian ""Isaiah 43:18"" Notebook | 110 pages, 7.5 x 9.25""",I AM HIS Co.,Paperback,"Aug 31, 2024",
0,https://www.amazon.com/dp/B0DFXHLWZ3,B0DFXHLWZ3,Grow Morning Manifesto: EMBRACE YOUR MORNING EMBRACE YOUR DAY,VALINA TYLER,Hardcover,"Aug 31, 2024",
0,https://www.amazon.com/dp/B0DFVK7ZKQ,B0DFVK7ZKQ,Reflections on the Books of Ezekiel and Daniel: Devotions on the Go!,Dana K. Hagstrom,Kindle,"Aug 31, 2024",
0,https://www.amazon.com/dp/B0DFVGMC7T,B0DFVGMC7T,Discerner of Spirits,Hezekiah Phillips,Paperback,"Aug 31, 2024",
1,https://www.amazon.com/dp/B0DFVBPCND,B0DFVBPCND,Salt of the Earth,Dorothy K. Ederer,Paperback,"Aug 31, 2024",
0,https://www.amazon.com/dp/B0DFVMH437,B0DFVMH437,Deer Stands and Devotions: A Hunter's Walk with God,Joshua Rhoades,Paperback,"Aug 31, 2024",
0,https://www.amazon.com/dp/B0DFVFCX9H,B0DFVFCX9H,WHITE MAGIC SPELLS: TECHNIQUES AND APPLICATIONS,AZEDINE BELARBI,Kindle,"Aug 31, 2024",
0,https://www.amazon.com/dp/B0DFVCCGNW,B0DFVCCGNW,"Sacred Land: Finding Faith in Desert, Mountain, and Forest",James Prothero,Kindle,"Aug 31, 2024",
0,https://www.amazon.com/dp/B0DFVDFGW6,B0DFVDFGW6,Packing Pain Into Poems,Tatiaira P Herndon,Paperback,"Aug 31, 2024",
0,https://www.amazon.com/dp/B0DFZS52J5,B0DFZS52J5,A DISCOURSE OF FIRE and SALT,Blaise de Vigenère,Kindle,"Aug 31, 2024",
0,https://www.amazon.com/dp/B0DG4BGCWQ,B0DG4BGCWQ,God's Promises for Grief and Depression,Lawanda Tave,Paperback,"Aug 31, 2024",
0,https://www.amazon.com/dp/B0FFGGHSMB,B0FFGGHSMB,Do You Have Enough Oil For Your Assignment?: Will You Go?,Sharon Clark,Paperback,"Aug 31, 2024",
0,https://www.amazon.com/dp/B0DFTWYRLV,B0DFTWYRLV,Touched 2: Compilation of Testimonials,Daisy D,Paperback,"Aug 31, 2024",
3,https://www.amazon.com/dp/B0DFWYMCM8,B0DFWYMCM8,Poetry from the Heart: Searching for God in everyday life,Linda Perry,Kindle,"Aug 31, 2024",
0,https://www.amazon.com/dp/B0DRCV9BF8,B0DRCV9BF8,Soul Healing: A 30-Day Inner Healing Devotional: 3rd Book in the Morning Uplift Series,Donna Sallee',Kindle,"Aug 31, 2024",
3,https://www.amazon.com/dp/B0DFVFDRGX,B0DFVFDRGX,Don't Get Offended,Russell Hylton,Kindle,"Aug 31, 2024",
2,https://www.amazon.com/dp/B0DFVF71C2,B0DFVF71C2,An Illustrated Dictionary of Biblical Archaeology: Defining the Ancient World of the Bible,Dr. David Elton Graves,Hardcover,"Aug 31, 2024",
1,https://www.amazon.com/dp/B0DH64SFWK,B0DH64SFWK,AMAZING FAITH: Above and Beyond Extraordinary,Rev Michael  L Tyree,Paperback,"Aug 31, 2024",
0,https://www.amazon.com/dp/B0DFVF5LB5,B0DFVF5LB5,The Fly in the Ointment: Homochirality and Extraterrestrial Origin-of-Life Theories: A SCIENCE APOLOGETICS MONOGRAPH,Dr. Timothy Gordon,Kindle,"Aug 31, 2024",
0,https://www.amazon.com/dp/B0DFV9KNFT,B0DFV9KNFT,"Perfect Christmas Eve: Heartwarming Stories for Kids about Baby Jesus, Santa, Snowmen, Christmas Tree, and Holiday Fun (Special Stories for Kids)",Haly Tomy,Kindle,"Aug 31, 2024",
2,https://www.amazon.com/dp/B0DFS8Z3J3,B0DFS8Z3J3,Steps for the New Believer in Christ,Clint Lewey,Kindle,"Aug 31, 2024",
0,https://www.amazon.com/dp/B0DFY27XWD,B0DFY27XWD,Bible Word search - Bible activity book for adults containing 100 PUZZLES with extra additional challenge LARGE PRINT: Religious find a word puzzle book for seniors,Rita Barrett,Paperback,"Aug 31, 2024",
1,https://www.amazon.com/dp/B0DFVHTWLC,B0DFVHTWLC,21st Century Parables,Shamar Prophet Elissa Shellman,Paperback,"Aug 31, 2024",
1,https://www.amazon.com/dp/B0DFZXDKMB,B0DFZXDKMB,From Darkness to Light. A Story of Redemption and Resilience.,Sarah ONeill,Kindle,"Aug 31, 2024",
0,https://www.amazon.com/dp/B0DFTWKB76,B0DFTWKB76,Dealing with lack of intimacy in a marriage,Mr Vincent Gibogwe,Kindle,"Aug 31, 2024",
2,https://www.amazon.com/dp/B0DFYZRM5J,B0DFYZRM5J,Push Past The Pain,Dr. Ella Crawford,Kindle,"Aug 31, 2024",
0,https://www.amazon.com/dp/B0DG48SCLR,B0DG48SCLR,Where Butterflies Pray,McKinzie,Paperback,"Aug 31, 2024",
0,https://www.amazon.com/dp/B0DGL5568R,B0DGL5568R,Noah's Ark: The Promise In the Sky: God &The World: A Rhyming Journey Through the Wonders of God,Jill Lino,Kindle,"Aug 31, 2024",
3,https://www.amazon.com/dp/B0DFV9WHKQ,B0DFV9WHKQ,Faith; God's key to the Kingdom,John Ferranti,Paperback,"Aug 31, 2024",
0,https://www.amazon.com/dp/B0DFWSJ6P1,B0DFWSJ6P1,Unshakeable: Faith and Resilience in the Already / Not Yet Kingdom - The Book fo Daniel,Gregory M Smith,Kindle,"Aug 31, 2024",
0,https://www.amazon.com/dp/B0DFVKMK1M,B0DFVKMK1M,Manifesting with Mary: For Single Parents Who've Tried Everything Else,Mary Mary B,Paperback,"Aug 31, 2024",
0,https://www.amazon.com/dp/B0DFTMXYWD,B0DFTMXYWD,Genesis - Isaac and Jacob,Jose Elvir,Paperback,"Aug 31, 2024",
1,https://www.amazon.com/dp/B0DFVFNMGJ,B0DFVFNMGJ,A Prayer Book in Honor of Saint Mary Magdalene,GoodLife Institute,Kindle,"Aug 31, 2024",
0,https://www.amazon.com/dp/B0DFXFMPBT,B0DFXFMPBT,Vibe Check: Leveling Up Your Emotional Game: A Fun Guide for Gen Z & Gen Alfa Teens,Alma Aldana Pinto,Kindle,"Aug 31, 2024",
3,https://www.amazon.com/dp/B0DG5K5FNL,B0DG5K5FNL,PHRONESIS: THE BOOK OF JOSS,DAMIAN KRAMER,Hardcover,"Aug 31, 2024",
2,https://www.amazon.com/dp/B0DPGTCF2W,B0DPGTCF2W,Notre Dame We Hail Thee--Your Influence on a Life,John F Fisher,Kindle,"Aug 31, 2024",
0,https://www.amazon.com/dp/B0DGDYX4R5,B0DGDYX4R5,Empowered by Grace: My Spiritual Journey,Ladrena Robinson,Hardcover,"Aug 31, 2024",
3,https://www.amazon.com/dp/B0DG5PSWRH,B0DG5PSWRH,"Jesus is God, 30 Quick Proofs: An Evangelistic Tool for the Divinity of The Son (A Jesus Centered Book)",Terrance Rhodes,Kindle,"Aug 31, 2024",
0,https://www.amazon.com/dp/B0DFXFHXWB,B0DFXFHXWB,"A NEW BEGINNING, ETERNAL WHISPERS OF THE HEART: Bound by Love: A Tale of Forgiveness and New Beginnings",Mayank Agnihotri,Kindle,"Aug 31, 2024",
0,https://www.amazon.com/dp/B0DFW5S4YY,B0DFW5S4YY,POPE EMERITUS BENEDICT XVI: The 265th Supreme Pontiff of the Roman Catholic Church And Other Popes named Benedict,Dr. Kofi Aninakwa,Paperback,"Aug 31, 2024",
0,https://www.amazon.com/dp/B0DFVH4PF1,B0DFVH4PF1,Renew Your Spirit: Nine Days of Devotion with Saint Gemma Galgani (Novena of Saints),Sarah Freeh,Kindle,"Aug 31, 2024",
0,https://www.amazon.com/dp/B0DFV86BFV,B0DFV86BFV,Emma's Challenge (Worth The Effort),D. V. Linton,Kindle,"Aug 31, 2024",
0,https://www.amazon.com/dp/B0DFTLZJYQ,B0DFTLZJYQ,In the Beginning Vol. 2: The Royal House: Magicians and Healers Gods and Goddesses,Shakinah Ray,Hardcover,"Aug 31, 2024",
0,https://www.amazon.com/dp/B0GKLDWXWY,B0GKLDWXWY,Tao Teh King: The Way of the Tao,Lao Tzu,Paperback,"Aug 31, 2024",
0,https://www.amazon.com/dp/B0G53ZMP5B,B0G53ZMP5B,"A Journey into the Invisible: A true story, out of body experiences, other dimensions, spiritual worlds and space",Lucie Lehoux,Kindle,"Aug 31, 2024",
0,https://www.amazon.com/dp/B0DRP4K4H7,B0DRP4K4H7,The Adamantine Jewel Color Edition (The David Thoreau Adventure Series),Jeffrey Pears,Paperback,"Aug 31, 2024",
0,https://www.amazon.com/dp/B0DLDTRRN6,B0DLDTRRN6,Simple,Grizzly J Proctor,Paperback,"Aug 31, 2024",
0,https://www.amazon.com/dp/B0DGLJDR8P,B0DGLJDR8P,Will I See Daddy Again? What Does God Say About It?,Susan Dunn Cobb,Kindle,"Aug 31, 2024",
1,https://www.amazon.com/dp/B0DGG3GHML,B0DGG3GHML,My Prayer Journal,Jennifer Ramirez,Paperback,"Aug 31, 2024",
0,https://www.amazon.com/dp/B0DGFVJ8NR,B0DGFVJ8NR,India Holi Inspired Composition Notebook | College Ruled | 120 Pages | 7.5x9.25 | Matt Cover,AI Ai Artist,Paperback,"Aug 31, 2024",
0,https://www.amazon.com/dp/B0DGFBD1H8,B0DGFBD1H8,Spiritual Growth: Advent Reflection,Pst. Akinbola Idowu Sanuade,Kindle,"Aug 31, 2024",
0,https://www.amazon.com/dp/B0DGDYQ6N1,B0DGDYQ6N1,Prayer Journal Notebook,Cecilia Paul,Paperback,"Aug 31, 2024",
0,https://www.amazon.com/dp/B0DGDXQG7J,B0DGDXQG7J,Journal for Women with inspiring Bible Verse,Cecilia Paul,Paperback,"Aug 31, 2024",
0,https://www.amazon.com/dp/B0DGCQRVT8,B0DGCQRVT8,A Journal-A Story-Your Life,VANESSA G LAWRENCE,Paperback,"Aug 31, 2024",
0,https://www.amazon.com/dp/B0DGCLFFZ2,B0DGCLFFZ2,Dealing with assumptions instead of declaration in a marriage,Mr Vincent Gibogwe,Kindle,"Aug 31, 2024",
0,https://www.amazon.com/dp/B0DGC8BTRR,B0DGC8BTRR,Coloring Numbers in the Bible,Faithful Child LLC,Paperback,"Aug 31, 2024",
1,https://www.amazon.com/dp/B0DGBPV1VG,B0DGBPV1VG,Coloring Shapes of the Bible,Faithful Child LLC,Paperback,"Aug 31, 2024",
0,https://www.amazon.com/dp/B0DGBK2LRY,B0DGBK2LRY,The Idols of Tattooing: What Every Christian Should Know About Tattooing,Henry Nwaneri,Kindle,"Aug 31, 2024",
0,https://www.amazon.com/dp/B0DG5343QM,B0DG5343QM,Sermon Notes Journal [Floral Themed]: beautifully designed Notebook to track Your Weekly Progress and Keep Your Relationship with The Lord Close and Tight,Chouaib Mohammedi,Paperback,"Aug 31, 2024",
0,https://www.amazon.com/dp/B0DG42CFH5,B0DG42CFH5,The Magic of Templar Gold: Historical Novel with Elements of Mystery and Fantasy (The Templar Gold (New series 2024)),Yevheniia Bolibrukh,Kindle,"Aug 31, 2024",
0,https://www.amazon.com/dp/B0DG3W9Z8H,B0DG3W9Z8H,The Becoming of Jessica: Unveiling the Transformation,miss julie ann watts,Kindle,"Aug 31, 2024",
1,https://www.amazon.com/dp/B0DG3TS85V,B0DG3TS85V,Gratitude Today I am Thankful for Today... Journal,Malika Robinson,Paperback,"Aug 31, 2024",
0,https://www.amazon.com/dp/B0DG3RYNK6,B0DG3RYNK6,Inspired Planning: A Combined Homeschool Planner & Resource Notebook: 16-Months / 70-Weeks,Paper Cabin Publishing,Paperback,"Aug 31, 2024",
0,https://www.amazon.com/dp/B0DG3JT9ZK,B0DG3JT9ZK,"Brilliant Ideas I Had While Drinking Bourbon: Hilarious Bourbon-Themed Blank Lined Journal – Perfect Gag Gift for Whiskey Lovers, Bosses, Coworkers, ... White Elephant Or Secret Santa Present)",GRAPHIX REYNOLDS,Paperback,"Aug 31, 2024",
0,https://www.amazon.com/dp/B0DG3B1M9X,B0DG3B1M9X,"Christian Notebook With Bible Verse Cover: Jesus is the way, and the truth, and the life - John 14:6 (Christian Journals)",Godlipress Team,Paperback,"Aug 31, 2024",
0,https://www.amazon.com/dp/B0DG39FTFS,B0DG39FTFS,Journal for Women with inspiring Bible Verse,Cecilia Paul,Paperback,"Aug 31, 2024",
0,https://www.amazon.com/dp/B0DG388PKJ,B0DG388PKJ,THE METAMORPHOSIS OF A BUTTERFLY JOURNAL,LINDA M,Paperback,"Aug 31, 2024",
0,https://www.amazon.com/dp/B0DG381ST5,B0DG381ST5,The God Who Heals Study Guide,Julie Mae Anderson,Paperback,"Aug 31, 2024",
0,https://www.amazon.com/dp/B0DG36ZXG6,B0DG36ZXG6,Inspired Planning: A Combined Homeschool Planner & Resource Notebook: 16-Months / 70-Weeks,Paper Cabin Publishing,Paperback,"Aug 31, 2024",
0,https://www.amazon.com/dp/B0DG369H8C,B0DG369H8C,Choose Faith: Notebook,Ruby Rae,Paperback,"Aug 31, 2024",
0,https://www.amazon.com/dp/B0DG35ZKWM,B0DG35ZKWM,Bible study Notebook: I'm Jesus The Truth The way and the Light,Joshue Gomez,Paperback,"Aug 31, 2024",
0,https://www.amazon.com/dp/B0DG35XPJ2,B0DG35XPJ2,"Not Wrong, Just Different Gratitude Journal",Pogo Bailey,Hardcover,"Aug 31, 2024",
0,https://www.amazon.com/dp/B0DG35Q68N,B0DG35Q68N,Collecting Inspiration: A Homeschool Resource Notebook,Paper  Cabin Publishing,Paperback,"Aug 31, 2024",
0,https://www.amazon.com/dp/B0DG34ZYSK,B0DG34ZYSK,Purple and Green Lined Journal,Joyce Wright,Paperback,"Aug 31, 2024",
0,https://www.amazon.com/dp/B0DG34Z47V,B0DG34Z47V,Little Nugget - Flutters and Kicks: 120 Page Blank Pregnancy Journal,Heritage 818,Paperback,"Aug 31, 2024",
0,https://www.amazon.com/dp/B0DG34XZS9,B0DG34XZS9,The Last Supper Bible Study Journal: A Sacred Space for Reflection and Prayer,Holy Studies,Paperback,"Aug 31, 2024",
1,https://www.amazon.com/dp/B0DG34W5NW,B0DG34W5NW,"2025 Christian Planner & Life Organizer: Plan, Pause, Reflect.",Living Messages,Paperback,"Aug 31, 2024",
0,https://www.amazon.com/dp/B0DG34TSKM,B0DG34TSKM,"Composition Notebook: College Rule | Vintage Illustration | 7.5"" x 9.25"" | 120 Pages | Lined Paper | School, College & Work",PaperLinks Publishing,Paperback,"Aug 31, 2024",
0,https://www.amazon.com/dp/B0DG34T1TC,B0DG34T1TC,"My Holy Mass Journal: More focus, more blessings!",Rosemary Swords,Paperback,"Aug 31, 2024",
0,https://www.amazon.com/dp/B0DG34K13L,B0DG34K13L,M.O.R. journal,Shanta Mays-Carpenter,Paperback,"Aug 31, 2024",
0,https://www.amazon.com/dp/B0DG34GXH4,B0DG34GXH4,Personal Planner: Mastering Self-Organization for Success and Fulfillment,razzan taimoor khan,Paperback,"Aug 31, 2024",
0,https://www.amazon.com/dp/B0DG348DKV,B0DG348DKV,Ecclesiastes 3:1 Blank Journal: A Time For Everything Notebook,Heritage 818,Paperback,"Aug 31, 2024",
0,https://www.amazon.com/dp/B0DG344WST,B0DG344WST,Be sober 21 days Inspiration Daily Devotion & Notes,El'keturah Latesh Scandrett,Paperback,"Aug 31, 2024",
0,https://www.amazon.com/dp/B0DG33WM6Z,B0DG33WM6Z,He Speaks To Me -Wave Themed: 120 Page Blank lined Journal.,Heritage 818,Paperback,"Aug 31, 2024",
0,https://www.amazon.com/dp/B0DG336JJY,B0DG336JJY,South Africa: The Notebook,Typographies and Vulgarities,Paperback,"Aug 31, 2024",
0,https://www.amazon.com/dp/B0DG333FXS,B0DG333FXS,Minimalist Black Cover Lined Notebook College Ruled: Simple Cross Christian Notebook 8.5 x 11,Sol Books,Paperback,"Aug 31, 2024",
0,https://www.amazon.com/dp/B0DG331F8S,B0DG331F8S,Lake Tahoe: The Notebook,Typographies and Vulgarities,Paperback,"Aug 31, 2024",
0,https://www.amazon.com/dp/B0DG327MNS,B0DG327MNS,Prayer Journal,CJ Leopold,Hardcover,"Aug 31, 2024",
0,https://www.amazon.com/dp/B0DG322PBQ,B0DG322PBQ,Miami: The Notebook,Typographies and Vulgarities,Paperback,"Aug 31, 2024",
0,https://www.amazon.com/dp/B0DG2ZP43B,B0DG2ZP43B,"The Cross Before Me, The World Behind Me: Daily Journal",Amanda LeeAnn Denmark,Paperback,"Aug 31, 2024",
0,https://www.amazon.com/dp/B0DG2YL975,B0DG2YL975,Prayer Journal,CJ Leopold,Hardcover,"Aug 31, 2024",
0,https://www.amazon.com/dp/B0DG2X2Z9Q,B0DG2X2Z9Q,"Three-Month Prayer Journal for Women: Weekly Scriptures, Devotions & Guided Reflections",Alicja Klingenberg,Paperback,"Aug 31, 2024",
0,https://www.amazon.com/dp/B0DG2W2P3F,B0DG2W2P3F,"Collections agent Because Badass Miracle Worker Isn't An Official Job Title: Lined Notebook, Funny Coworker Gift Idea",Soyed Poran Publication,Paperback,"Aug 31, 2024",
0,https://www.amazon.com/dp/B0DFZXDK8N,B0DFZXDK8N,Bible journal,Jeramy  Micheal McCullough,Paperback,"Aug 31, 2024",
0,https://www.amazon.com/dp/B0DFZR4219,B0DFZR4219,365 Days of Light: Daily Bible Inspiration,Alexander Kundrát,Kindle,"Aug 31, 2024",
0,https://www.amazon.com/dp/B0DFZ2YSXQ,B0DFZ2YSXQ,"Compliance officer Because Badass Miracle Worker Isn't An Official Job Title: Lined Notebook, Funny Coworker Gift Idea",Soyed Poran Publication,Paperback,"Aug 31, 2024",
0,https://www.amazon.com/dp/B0DFZ2SKL8,B0DFZ2SKL8,Prayer Journal,CJ Leopold,Paperback,"Aug 31, 2024",
0,https://www.amazon.com/dp/B0DFZ2DWX4,B0DFZ2DWX4,Paradise Lost,JOHN MILTON,Hardcover,"Aug 31, 2024",
0,https://www.amazon.com/dp/B0DFZ2CTTL,B0DFZ2CTTL,Indra.The forgotten God,Vandhana Bharadhwaj,Kindle,"Aug 31, 2024",
2,https://www.amazon.com/dp/B0DFZ28YMG,B0DFZ28YMG,UNDEFEATED: YOU WERE BORN FOR GREATNESS,MICHELE GRACE PILLAY,Kindle,"Aug 31, 2024",
0,https://www.amazon.com/dp/B0DFYZXPRX,B0DFYZXPRX,The Star - Tarot Card Notebook (Color Ed.): A5 Ruled Lined Tarot Journal Diary Sketchbook Notebook - The Star (Hope Inspiration and Spiritual Guidance),TarotWorld Publishing,Paperback,"Aug 31, 2024",
0,https://www.amazon.com/dp/B0DFYZ9QLF,B0DFYZ9QLF,The Moon - Tarot Card Notebook (Color Ed.): A5 Ruled Lined Tarot Journal Diary Sketchbook Notebook - The Moon (Intuition and Subconscious Exploration),TarotWorld Publishing,Paperback,"Aug 31, 2024",
0,https://www.amazon.com/dp/B0DFYZ6LZM,B0DFYZ6LZM,Death - Tarot Card Notebook (Color Ed.): A5 Ruled Lined Tarot Journal Diary Sketchbook Notebook - Death (Transformation and New Beginnings),TarotWorld Publishing,Paperback,"Aug 31, 2024",
0,https://www.amazon.com/dp/B0DFYZ5JN1,B0DFYZ5JN1,The Tower - Tarot Card Notebook (Color Ed.): A5 Ruled Lined Tarot Journal Diary Sketchbook Notebook - The Tower (Sudden Upheaval and Revelation),TarotWorld Publishing,Paperback,"Aug 31, 2024",
0,https://www.amazon.com/dp/B0DFYZ1ND4,B0DFYZ1ND4,The Hermit - Tarot Card Notebook (Color Ed.): A5 Ruled Lined Tarot Journal Diary Sketchbook Notebook - The Hermit (Introspection and Inner Guidance),TarotWorld Publishing,Paperback,"Aug 31, 2024",
3,https://www.amazon.com/dp/B0DFYYPDJ8,B0DFYYPDJ8,My Gratitude ABC’s: Coloring Book For Kids,Andrew Vasquez,Paperback,"Aug 31, 2024",
0,https://www.amazon.com/dp/B0DFYYN2M1,B0DFYYN2M1,Whispers of Mercy: Seeking Allah's Forgiveness,Ihsan Supply,Kindle,"Aug 31, 2024",
0,https://www.amazon.com/dp/B0DFYYH2PF,B0DFYYH2PF,The Hanged Man - Tarot Card Notebook (Color Ed.): A5 Ruled Lined Tarot Journal Diary Sketchbook Notebook - The Hanged Man (Surrender and New Perspectives),TarotWorld Publishing,Paperback,"Aug 31, 2024",
0,https://www.amazon.com/dp/B0DFYY3YCT,B0DFYY3YCT,The World - Tarot Card Notebook (Color Ed.): A5 Ruled Lined Tarot Journal Diary Sketchbook Notebook - The World (Completion and Fulfillment),TarotWorld Publishing,Paperback,"Aug 31, 2024",
0,https://www.amazon.com/dp/B0DFYX1RBZ,B0DFYX1RBZ,The Magician - Tarot Card Notebook (Color Ed.): A5 Ruled Lined Tarot Journal Diary Sketchbook Notebook - The Magician (Creativity Skill and Manifestation),TarotWorld Publishing,Paperback,"Aug 31, 2024",
0,https://www.amazon.com/dp/B0DFYWYSLH,B0DFYWYSLH,The Emperor - Tarot Card Notebook (Color Ed.): A5 Ruled Lined Tarot Journal Diary Sketchbook Notebook - The Emperor (Authority Structure and Stability),TarotWorld Publishing,Paperback,"Aug 31, 2024",
2,https://www.amazon.com/dp/B0DFYW7VR2,B0DFYW7VR2,Gratitude & Prayer Journal for Boys: Inspire Thankfulness and Faith in Kids,Arrow Ark Publishing,Hardcover,"Aug 31, 2024",
0,https://www.amazon.com/dp/B0DFYVN4HV,B0DFYVN4HV,The Sun - Tarot Card Notebook (Color Ed.): A5 Ruled Lined Tarot Journal Diary Sketchbook Notebook - The Sun (Joy Success and Vitality),TarotWorld Publishing,Paperback,"Aug 31, 2024",
0,https://www.amazon.com/dp/B0DFYVBQVN,B0DFYVBQVN,Gratitude & Prayer Journal for Girls: Inspire Thankfulness and Faith in Kids,Arrow Ark Publishing,Hardcover,"Aug 31, 2024",
0,https://www.amazon.com/dp/B0DFYS3G79,B0DFYS3G79,"Composition notebook :: Composition Notebook : Lined pages for writing, Journaling & Notes,",Candace Smith,Paperback,"Aug 31, 2024",
0,https://www.amazon.com/dp/B0DFYRWDN4,B0DFYRWDN4,Winter Wonder Spirit: 6x9 Stylish Notebook with Framed Blank and Wide Ruled Page Pairs,Happy Pages By K,Paperback,"Aug 31, 2024",
0,https://www.amazon.com/dp/B0DFYRMMNF,B0DFYRMMNF,Notebook yoga namaste: Journal for women &men,Anca Parvu,Paperback,"Aug 31, 2024",
1,https://www.amazon.com/dp/B0DFYR8B74,B0DFYR8B74,Winter Wonder Spirit: 6x9 Stylish Notebook with Framed Blank and Wide Ruled Page Pairs,Happy Pages By K,Paperback,"Aug 31, 2024",
0,https://www.amazon.com/dp/B0DFYQ1FHW,B0DFYQ1FHW,relaxation journal,luna smith,Paperback,"Aug 31, 2024",
0,https://www.amazon.com/dp/B0DFYP3RW5,B0DFYP3RW5,Sermon Notes: A Notebook for Reflecting on God's Word,Wanda N. Walker,Paperback,"Aug 31, 2024",
0,https://www.amazon.com/dp/B0DFYNZ1YX,B0DFYNZ1YX,Winter Wonder Spirit: 6x9 Stylish Notebook with Framed Blank and Wide Ruled Page Pairs,Happy Pages By K,Paperback,"Aug 31, 2024",
0,https://www.amazon.com/dp/B0DFYHKFYX,B0DFYHKFYX,My Gratitude Journal,Joyce Wright,Paperback,"Aug 31, 2024",
0,https://www.amazon.com/dp/B0DFYGJ8JM,B0DFYGJ8JM,The Writings On My Heart (Journal),Sherika Mickens,Hardcover,"Aug 31, 2024",
0,https://www.amazon.com/dp/B0DFYFZZP2,B0DFYFZZP2,"SOAP METHOD Bible Study Journal: The Good News of Jesus (Scripture, Observation, Application & Prayer): 90 days growth book work| John Scripture for Daily Devotional| Notes pages included",Jodi-Ann God's Child,Paperback,"Aug 31, 2024",
1,https://www.amazon.com/dp/B0DFYFSXJF,B0DFYFSXJF,"There's Hope, Healing Over Painful Experiences: A journal for Overcoming Abandonment for Teens and Adults l 110 pages, 7.5x9.25""",Jamesha Johnson,Paperback,"Aug 31, 2024",
0,https://www.amazon.com/dp/B0DFY4RN7G,B0DFY4RN7G,"Serenity's Journey: Accept the Present, Peace with the Past, Dreaming the Future",Katy Swanson,Kindle,"Aug 31, 2024",
0,https://www.amazon.com/dp/B0DFY48SLK,B0DFY48SLK,"25 Days of Advent: A Journey of Hope, Peace, Joy, and Love - Bible Verse Coloring Book: A Christmas Countdown Coloring Book",Krisan Publishing,Paperback,"Aug 31, 2024",
0,https://www.amazon.com/dp/B0DFY1N67H,B0DFY1N67H,"Bible word search puzzles for kids 8-12: 40+ Word Find Puzzles with Inspirational Verses, 40 + Coloring Pages.: Fun and Faith-filled Challenges for Young Minds!",Carlos Mujica,Paperback,"Aug 31, 2024",
0,https://www.amazon.com/dp/B0DFXZS23B,B0DFXZS23B,Light in the darkness: Coloring Book with Bible Phrases,KATTYA PÉREZ,Paperback,"Aug 31, 2024",
0,https://www.amazon.com/dp/B0DFXYJ8C9,B0DFXYJ8C9,My First ABC Bible Fun Colouring Book,Little Arrows CZ Publishing,Paperback,"Aug 31, 2024",
2,https://www.amazon.com/dp/B0DFXXC83J,B0DFXXC83J,The Tree of Joy,Anthony Burt,Kindle,"Aug 31, 2024",
0,https://www.amazon.com/dp/B0DFXSFPFC,B0DFXSFPFC,Inspiring Bible Verses: A Coloring Book for Girls to Reflect and Create: Uplifting Bible Verse Coloring Book for Girls: A Creative Faith Journey,Amelia Jones,Paperback,"Aug 31, 2024",
0,https://www.amazon.com/dp/B0DFXRVBP9,B0DFXRVBP9,Color & Pray: Bible Verse Coloring Book for Girls: Bible Verses for Girls: A Coloring Journey Through Scripture,Amelia Jones,Paperback,"Aug 31, 2024",
0,https://www.amazon.com/dp/B0DFXQSLDY,B0DFXQSLDY,Bible Verses for Girls: A Coloring Book of Inspirational Scriptures: Encouraging Bible Verses: A Coloring Book for Girls,Amelia Jones,Paperback,"Aug 31, 2024",
2,https://www.amazon.com/dp/B0DFXH87KW,B0DFXH87KW,Awakening To The Unseen: My Journey Into Mediumship,Susan Staniforth,Kindle,"Aug 31, 2024",
1,https://www.amazon.com/dp/B0DFXGHHMK,B0DFXGHHMK,This is My Story Blessed Assurance: Testimonies of God's Faithfulness,Mrs  Amanda L. Aykroid,Paperback,"Aug 31, 2024",
0,https://www.amazon.com/dp/B0DFXGGLZ9,B0DFXGGLZ9,"Jesus Knows- Our Hearts, Our Responsibility",Joshua Rhoades,Paperback,"Aug 31, 2024",
1,https://www.amazon.com/dp/B0DFXC15SR,B0DFXC15SR,Big Words for Our Big God: Introducing children to the attributes of God (Big Words for my Big God),Rebecca Elena Gonzalez,Kindle,"Aug 31, 2024",
1,https://www.amazon.com/dp/B0DFX94YSL,B0DFX94YSL,Church For the Rest of Us: A Bible Study from a Sinner,Robert Butt,Kindle,"Aug 31, 2024",
0,https://www.amazon.com/dp/B0DFWZDWH1,B0DFWZDWH1,200 prayer points against divorce: My Home Must Be Saved,Andrea Roberts,Kindle,"Aug 31, 2024",
0,https://www.amazon.com/dp/B0DFWXW682,B0DFWXW682,Sanatan Dharma: A Comprehensive Exploration of Ancient Knowledge,Manohar Kumar,Kindle,"Aug 31, 2024",
0,https://www.amazon.com/dp/B0DFWTWC88,B0DFWTWC88,"Christmas Adult Coloring Book: Christmas Coloring Pages with Santa Claus, Christmas Gifts, Stockings, Trees and More. Christmas Coloring Book 50 Simple Designs",A James L. Wright,Paperback,"Aug 31, 2024",
0,https://www.amazon.com/dp/B0DFWPCZFY,B0DFWPCZFY,"My Christmas Coloring Book for Kids 4-6: 40+ Super Cute and Easy Holiday Coloring Pages Featuring Santa Claus, Snowmen, Reindeer, and More. Perfect ... Kids. (Festive Seasons Coloring Collection)",KiddyPious,Paperback,"Aug 31, 2024",
0,https://www.amazon.com/dp/B0DFWNMC55,B0DFWNMC55,Journey Through The Psalms: A Reflective Journey,Serenity Colorworks,Paperback,"Aug 31, 2024",
0,https://www.amazon.com/dp/B0DFWJ7W1J,B0DFWJ7W1J,Love God Love Others: A Truth & Dare Experience,Shannon Guinn,Paperback,"Aug 31, 2024",
0,https://www.amazon.com/dp/B0DFWCX3WD,B0DFWCX3WD,The Dance of Kamadeva: Unveiling the Mysteries of Desire,Swati Bisht,Kindle,"Aug 31, 2024",
0,https://www.amazon.com/dp/B0DFW34FGZ,B0DFW34FGZ,Are you Ready for His coming?,Deborah Ajuwape,Kindle,"Aug 31, 2024",
0,https://www.amazon.com/dp/B0DFVYWBZL,B0DFVYWBZL,Designed by the Creator: A Fundamental Christian Defense of Intelligent Design,Jonathan A. Reynolds,Kindle,"Aug 31, 2024",
0,https://www.amazon.com/dp/B0DFVSK3R4,B0DFVSK3R4,The Freedom of Forgiveness,Joshua Rhoades,Paperback,"Aug 31, 2024",
0,https://www.amazon.com/dp/B0DFVPG8P7,B0DFVPG8P7,THE BEST ADVICE,Abolfazl Sabouri,Kindle,"Aug 31, 2024",
0,https://www.amazon.com/dp/B0DFVLSHWH,B0DFVLSHWH,The Jezebel Effect - Ancient Manipulations Modern Lessons,Joshua Rhoades,Paperback,"Aug 31, 2024",
0,https://www.amazon.com/dp/B0DFVLBBKC,B0DFVLBBKC,Restoration - Setting The Bone,Joshua Rhoades,Paperback,"Aug 31, 2024",
0,https://www.amazon.com/dp/B0DFVL3953,B0DFVL3953,The Shout That Stopped The Saviour,Joshua Rhoades,Paperback,"Aug 31, 2024",
0,https://www.amazon.com/dp/B0DFVJBWKR,B0DFVJBWKR,Life is a Box of Chocolates: Finding the Sweetness of Life in Christ,Kristine Hawkins,Kindle,"Aug 31, 2024",
0,https://www.amazon.com/dp/B0DFVJB17N,B0DFVJB17N,Guided by Grace: Biblical Reflections for Christian Women,Lucas Tennyson,Kindle,"Aug 31, 2024",
0,https://www.amazon.com/dp/B0DFVJ3B96,B0DFVJ3B96,Don't Be Like Job: Fight For Your Life,Brother Emmanuel,Kindle,"Aug 31, 2024",
1,https://www.amazon.com/dp/B0DFVHY7YH,B0DFVHY7YH,Preach and Teach to Reach the Streets,Neal Tardiff,Paperback,"Aug 31, 2024",
0,https://www.amazon.com/dp/B0DFVHSDNW,B0DFVHSDNW,An Illustrated Guide to Enlightenment: Stories for Those on the Path to Spiritual Awakening,Don Lubov,Paperback,"Aug 31, 2024",
0,https://www.amazon.com/dp/B0DFVHRD6N,B0DFVHRD6N,Spiritual Formation for Leadership Development,Tunji Olasunkanmi,Kindle,"Aug 31, 2024",
0,https://www.amazon.com/dp/B0DFVHQ9B9,B0DFVHQ9B9,"The Jesus Style Life: A Practical Guide to Living in the Way of Jesus (Journey Into His Presence: Embracing Faith, Power, and Purpose)",Iann Schonken,Kindle,"Aug 31, 2024",
0,https://www.amazon.com/dp/B0DFVHKZSH,B0DFVHKZSH,An End Time Conversation,Mrs. Janice Milbourn,Kindle,"Aug 31, 2024",
0,https://www.amazon.com/dp/B0DFVH9NCT,B0DFVH9NCT,Sacred Reflections: A Novena to Saint Bernadette Soubirous (Novena of Saints),Sarah Freeh,Kindle,"Aug 31, 2024",
0,https://www.amazon.com/dp/B0DFVH7HHF,B0DFVH7HHF,Fly Away,Samantha Osborn,Kindle,"Aug 31, 2024",
0,https://www.amazon.com/dp/B0DFVH42FD,B0DFVH42FD,Prayers for Children: A Collection of Beautiful Prayers for Kids,Vijesh Cormaty,Kindle,"Aug 31, 2024",
0,https://www.amazon.com/dp/B0DFVH24YH,B0DFVH24YH,Everyday Karma: How Small Actions Shape Our Destiny,Lea Nunamaker,Paperback,"Aug 31, 2024",
0,https://www.amazon.com/dp/B0DFVH186N,B0DFVH186N,HUMAN LIFE VALUES: QUR'ANIC DIRECTIVES,Dr. Israr Ahmad Khan,Paperback,"Aug 31, 2024",
0,https://www.amazon.com/dp/B0DFVGW9BG,B0DFVGW9BG,"""Angel of Death: Confession"": Fantasy. Part Two",Tetiana Harmash,Kindle,"Aug 31, 2024",
3,https://www.amazon.com/dp/B0DFVGVMS3,B0DFVGVMS3,The Anomaly Project,P.S. Winn,Kindle,"Aug 31, 2024",
0,https://www.amazon.com/dp/B0DFVGPMBG,B0DFVGPMBG,YIN YOGA: Introduction to practice and basics of Traditional Chinese Medicine,Rossana Laura Valsecchi,Paperback,"Aug 31, 2024",
0,https://www.amazon.com/dp/B0DFVGDWD5,B0DFVGDWD5,Prayers for Health and Healing: A Journey to Renewal,Ana Samuelson,Paperback,"Aug 31, 2024",
0,https://www.amazon.com/dp/B0DFVFYPVL,B0DFVFYPVL,Ms. Origenism Presents 20 Reasons Why Freethinkers Should Visit Religious Assemblies: Flash Fiction,Andrew Bushard,Kindle,"Aug 31, 2024",
0,https://www.amazon.com/dp/B0DFVFX42K,B0DFVFX42K,20th Century Parables,Shamar Prophet Elissa Shellman,Paperback,"Aug 31, 2024",
1,https://www.amazon.com/dp/B0DFVFNG1H,B0DFVFNG1H,EPIC: The Life and Legacy of the Apostle Paul,Andrew Hetherington,Kindle,"Aug 31, 2024",
0,https://www.amazon.com/dp/B0DFVFL479,B0DFVFL479,Connect: Cultural Keys in Evangelism and Mission,Dr Dennis Teague,Paperback,"Aug 31, 2024",
0,https://www.amazon.com/dp/B0DFVFC6M4,B0DFVFC6M4,God's Rules of Engagement in Marriage,Mrs Aderinsola Adejoke Obasa,Kindle,"Aug 31, 2024",
0,https://www.amazon.com/dp/B0DFVF53MX,B0DFVF53MX,Meditations on what every “born-again” Christian should know...(Volume 2),Ephraïm BERECHIAH,Kindle,"Aug 31, 2024",
0,https://www.amazon.com/dp/B0DFVDZQK1,B0DFVDZQK1,"Morning Affirmations for Women: Boost Health, Success & Happiness with Daily Motivational Quotes & Self-Love Affirmations for Ladies (Productivity, Goal Setting, Gratitude & Mindfulness)",Dr. Joan J. Scott,Kindle,"Aug 31, 2024",
0,https://www.amazon.com/dp/B0DFVDXNZF,B0DFVDXNZF,The Templar’s Last Vow,William Calprens,Kindle,"Aug 31, 2024",
0,https://www.amazon.com/dp/B0DFVDQT4N,B0DFVDQT4N,Your First 180 Days of Church Revitalization: Top Priorities for the First Six Months in Your New Pastorate,Bart Blair,Paperback,"Aug 31, 2024",
4,https://www.amazon.com/dp/B0DFVD4N88,B0DFVD4N88,Silence Speaks: An Introduction,Jerry Thomas,Paperback,"Aug 31, 2024",
0,https://www.amazon.com/dp/B0DFVCWNC1,B0DFVCWNC1,Angel's Haven: Sentinel Shield Series Book 3,Teresa Auprey,Kindle,"Aug 31, 2024",
0,https://www.amazon.com/dp/B0DFVCP2TH,B0DFVCP2TH,Kingdom Come: The Power of Good Pastor and Church Community,Syann Wells,Paperback,"Aug 31, 2024",
1,https://www.amazon.com/dp/B0DFVC58FS,B0DFVC58FS,A Memoir of an Exemplary Leader,Rev  Emmanuel Olasupo Ajao,Kindle,"Aug 31, 2024",
0,https://www.amazon.com/dp/B0DFVBP6RY,B0DFVBP6RY,Bricks without Straw:: UNDERSTANDING THE LAW OF CALAMITY,Adrian C. Ford,Kindle,"Aug 31, 2024",
0,https://www.amazon.com/dp/B0DFVBJ9QY,B0DFVBJ9QY,"Simulated Lives: Are We Already Living in a Matrix?: Micro Book - A25 (The Matrix Unveiled: Reality, Control, and the Future of Freedom)",Ciro Irmici,Kindle,"Aug 31, 2024",
0,https://www.amazon.com/dp/B0DFVB1DF6,B0DFVB1DF6,ARE YOU MADE FROM THE DUST?: EMBRACING THE TIMELESS ESSENCE OF LIFE,Ipoola Gbayike,Kindle,"Aug 31, 2024",
0,https://www.amazon.com/dp/B0DFV9Q7MQ,B0DFV9Q7MQ,The Soul of the Scorpio: Characteristics and deeper meanings,Jerry L. Robinson,Kindle,"Aug 31, 2024",
0,https://www.amazon.com/dp/B0DFV9L28G,B0DFV9L28G,The sleeping House: Mystery-Thriller,Natascha Bialy,Paperback,"Aug 31, 2024",
1,https://www.amazon.com/dp/B0DFV9JSC4,B0DFV9JSC4,AI LOVE STORY: When Algorithms fall for you,Geoffrey Zachary,Kindle,"Aug 31, 2024",
1,https://www.amazon.com/dp/B0DFV9H976,B0DFV9H976,Angels of the Bayou: The Miracle at Thompson's Café,Carolyn Kady,Kindle,"Aug 31, 2024",
0,https://www.amazon.com/dp/B0DFV9GCRV,B0DFV9GCRV,Positive Affirmations for Confidence: Daily Affirmations to Harness the Power of Positive Thinking. Unlock Your Inner Strength and Embrace Self-Belief with Daily Affirmations for Lasting Confidence,LiTo Design,Paperback,"Aug 31, 2024",
0,https://www.amazon.com/dp/B0DFV9491C,B0DFV9491C,Raise Your Voice Today,Dean Jones,Paperback,"Aug 31, 2024",
0,https://www.amazon.com/dp/B0DFV74HKD,B0DFV74HKD,The Earth Responds: Access To The Axis,Devan D Meighan,Kindle,"Aug 31, 2024",
0,https://www.amazon.com/dp/B0DFV5Y8Z4,B0DFV5Y8Z4,CRYING MARRIAGES: Volume 9,DERICK NYAM,Kindle,"Aug 31, 2024",
0,https://www.amazon.com/dp/B0DFV4Z65H,B0DFV4Z65H,N.L. Tim IV,Kevin C. McLeod MD,Kindle,"Aug 31, 2024",
0,https://www.amazon.com/dp/B0DFTWX9JZ,B0DFTWX9JZ,The One I Love: A Romance of Healing and Everlasting Devotion,Guri Arora,Kindle,"Aug 31, 2024",
0,https://www.amazon.com/dp/B0DFTWLT2L,B0DFTWLT2L,How to Study God’s Word,William C. Graham,Kindle,"Aug 31, 2024",
0,https://www.amazon.com/dp/B0DFTWKBB6,B0DFTWKBB6,"Get in the Birthing Position and Push: ""Giving Birth to GOD's PROMISES"" (Step-by-Step Workbook included)",Apostle Paula Ferguson,Kindle,"Aug 31, 2024",
0,https://www.amazon.com/dp/B0DFTW1N6Y,B0DFTW1N6Y,Love Walk: Rooted In Love,Elvis Ehigie,Kindle,"Aug 31, 2024",
0,https://www.amazon.com/dp/B0DFTVGPCQ,B0DFTVGPCQ,Jax Learns Empathy (Jax's Adventures: A Collie Puppy's Life Lessons for Toddlers),Lorraine Sheppard,Kindle,"Aug 31, 2024",
0,https://www.amazon.com/dp/B0DFTTH4F9,B0DFTTH4F9,"Adversity & Me: SURVIVING IN MOST ODD TIMES, PUSHING MYSELF TO THE EXTREME, SRIVING TO BECOME BETTER VERSION OF MYSELF",Arya Kiran,Hardcover,"Aug 31, 2024",
0,https://www.amazon.com/dp/B0DFTSKL33,B0DFTSKL33,The Anunnaki Enigma: Unraveling the Legacy of Earth's First Gods,Claude D Rhodes 32*,Kindle,"Aug 31, 2024",
0,https://www.amazon.com/dp/B0DFTSKKKT,B0DFTSKKKT,Asteroid Impacts and the Origin of Life: Is There a Correlation?: A SCIENCE APOLOGETICS MONOGRAPH,Dr. Timothy Gordon,Kindle,"Aug 31, 2024",
0,https://www.amazon.com/dp/B0DFTSKGG3,B0DFTSKGG3,Unlock The Mysteries of Nature and Faith: Discover The Signs of Allah in Every Corner of Creation,Sh. Touqeer Ansari,Paperback,"Aug 31, 2024",
0,https://www.amazon.com/dp/B0DFTS2Q1M,B0DFTS2Q1M,The Dragon’s Breath: Mist and Fire,NICHOLE MUIR,Kindle,"Aug 31, 2024",
0,https://www.amazon.com/dp/B0DFTRFCD8,B0DFTRFCD8,"The God Quest: Journeying Into the Heart of His Divine Presence (Journey Into His Presence: Embracing Faith, Power, and Purpose)",Iann Schonken,Kindle,"Aug 31, 2024",
1,https://www.amazon.com/dp/B0DFTR8P9Z,B0DFTR8P9Z,The Golden Way: Reflections on Intimacy with Christ,Shana Dorsey,Kindle,"Aug 31, 2024",
0,https://www.amazon.com/dp/B0DFTPQY7J,B0DFTPQY7J,Diamonds in the Sand,Donna  Marie Tiberio,Paperback,"Aug 31, 2024",
1,https://www.amazon.com/dp/B0DFTPHHPN,B0DFTPHHPN,The Tale of Leo's Brilliance (The Golden Light of the HIgher-Self Series),Tanya Moore,Kindle,"Aug 31, 2024",
1,https://www.amazon.com/dp/B0DFTNH1LV,B0DFTNH1LV,Mother of Sorrows,Saint Mary,Paperback,"Aug 31, 2024",
0,https://www.amazon.com/dp/B0DFTN95S9,B0DFTN95S9,Brigid: The Goddess of the Spring,Nichole Muir,Kindle,"Aug 31, 2024",
0,https://www.amazon.com/dp/B0DFTN17SD,B0DFTN17SD,The Highland Myths: Tales of the Mountains,NICHOLE MUIR,Kindle,"Aug 31, 2024",
1,https://www.amazon.com/dp/B0DFTMZXH6,B0DFTMZXH6,"Faith-filled Confessions and Prayers September Edition 2024: 30 Days of Powerful Life-Changing Declarations and Prayers for A Happy, Stress-Free, ... daily devotional: The Daily Triumph Series)",Amos Etimighan,Kindle,"Aug 31, 2024",
0,https://www.amazon.com/dp/B0DFTHKXPK,B0DFTHKXPK,AYAN CHALAN SIDDHANT: Precession of the Equinoxes (Ayanamsha and seasonal change research confirmed by other research),Birender Kumar Nautiyal,Hardcover,"Aug 31, 2024",
1,https://www.amazon.com/dp/B0DFTH1TSM,B0DFTH1TSM,HOW TO HEAR GOD'S VOICE IN ONE SECOND,RICHMOND OGBONNA,Paperback,"Aug 31, 2024",
0,https://www.amazon.com/dp/B0DFN3DNXJ,B0DFN3DNXJ,The Testament of Enoch,Ysl Enochial,Paperback,"Aug 31, 2024",
0,https://www.amazon.com/dp/B0DFTXBH6X,B0DFTXBH6X,The Original Purple Heart: Three Realms of Spiritual Reality,Gwen La Count Meyer,Kindle,"Aug 30, 2024",
0,https://www.amazon.com/dp/B0DFTFV48Z,B0DFTFV48Z,THE LIFE AND LEGACY OF ST. ROSE OF LIMA: The First Canonized Saint of the Americas and Her Miraculous Faith,Rev. Dominic Whitaker,Kindle,"Aug 30, 2024",
3,https://www.amazon.com/dp/B0DG2LG7M4,B0DG2LG7M4,Who Governs the Church?,Jared Mellinger,Paperback,"Aug 30, 2024",
1,https://www.amazon.com/dp/B0DFY512BR,B0DFY512BR,The Last Kingdom Standing: Hope for a World in Crisis,Robert Schmidt,Kindle,"Aug 30, 2024",
0,https://www.amazon.com/dp/1476668116,1476668116,"Political Warfare in Republican Vietnam: Nexus of Army and State, 1955-1975",Robert A. Silano,Kindle,"Aug 30, 2024",
0,https://www.amazon.com/dp/B0DFTH2YZQ,B0DFTH2YZQ,"CAMPAIGN TO ATTACK THE BATTLE AT XUAN LOC April 9-22, 1975",Gerald W. Flinchum,Paperback,"Aug 30, 2024",
0,https://www.amazon.com/dp/B0DGWF85HD,B0DGWF85HD,MOTOWN & VIETNAM: “Motown’s Impact On The Troops At War”,Melvin Moy,Kindle,"Aug 26, 2024",
1,https://www.amazon.com/dp/1032155779,1032155779,The Political Economy of Education Reforms in Vietnam (Routledge Critical Studies in Asian Education),Minh Quang Nguyen,Kindle,"Aug 26, 2024",
2,https://www.amazon.com/dp/B0DFCH126F,B0DFCH126F,A Day in the Life: 7th Cavalry: A Memoir,Walt J. Madigan,Kindle,"Aug 26, 2024",
5,https://www.amazon.com/dp/0226834387,0226834387,Spiritual Criminals: How the Camden 28 Put the Vietnam War on Trial,Michelle M. Nickerson,Kindle,"Aug 23, 2024",
3,https://www.amazon.com/dp/B0D2WG73CJ,B0D2WG73CJ,"Vietnam War on Film, The (Hollywood History)",David Luhrssen,Kindle,"Aug 22, 2024",
0,https://www.amazon.com/dp/B0DDZ62DRQ,B0DDZ62DRQ,THIS NEVER ENDING JOURNEY: ONE MAN'S JOURNEY,BILL ROACH,Kindle,"Aug 19, 2024",
0,https://www.amazon.com/dp/B0DDL3X486,B0DDL3X486,"My first book of vietnamese of stories: This book is specially designed to help you learn vietnamese , with 28 fantastic short stories. vietnamese for beginners kids and adultes",MO-EDITIONS,Paperback,"Aug 19, 2024",
4,https://www.amazon.com/dp/B0DDJ46Y2Z,B0DDJ46Y2Z,All you need to know about Vietnam,Jonas Hoffmann-Schmidt,Kindle,"Aug 17, 2024",
5,https://www.amazon.com/dp/0807183792,0807183792,Segregated Soldiers: Military Training at Historically Black Colleges in the Jim Crow South,Marcus S. Cox,Kindle,"Aug 14, 2024",
4,https://www.amazon.com/dp/1009504797,1009504797,A History of East Asia: From the Origins of Civilization to the Twenty-First Century,Charles Holcombe,Paperback,"Jun 4, 2025",
5,https://www.amazon.com/dp/B0DBZ1QL1D,B0DBZ1QL1D,The Vietnam War: An American Fiasco,Scotty V. Casper,Kindle,"Aug 1, 2024",
1,https://www.amazon.com/dp/B0DFVB6YDF,B0DFVB6YDF,"THE BUSINESS SUCCESS GUIDE TO SHRIMP FARMING: Sustainable Farming Practices, Hatchery Management, Water Quality, And Disease Control For Maximizing Yields",RICHMOND HAMILL,Paperback,"Aug 31, 2024",
2,https://www.amazon.com/dp/B0DFY5C5D2,B0DFY5C5D2,"Workbook Basic Math Skills for Adults Large Print: Addition, Subtraction, Multiplication, and Division 917 Exercises with Answers",Driss Bouabidi,Paperback,"Aug 31, 2024",
0,https://www.amazon.com/dp/B0DG36P7R1,B0DG36P7R1,Hannah Arendt journal notebook to write thoughts and ideas: Lined papers 120 pages 9'6 Glossy cover,Philioso Phy,Paperback,"Aug 31, 2024",
0,https://www.amazon.com/dp/B0DG617ZZ2,B0DG617ZZ2,The Heavens AND The Earth: Excursions in Earth and Space Science,Steven M Gollmer,Paperback,"Aug 31, 2024",
0,https://www.amazon.com/dp/B0DFXR23J1,B0DFXR23J1,Math Drills Workbook Timed Tests Large Print Grades 1-3: Addition and Subtraction: Single and Double Digits 50 Days of Speed Drills 1000 Operations,Driss Bouabidi,Paperback,"Aug 31, 2024",
0,https://www.amazon.com/dp/B0DFV9872P,B0DFV9872P,"THE BUSINESS SUCCESS GUIDE TO SHEEP FARMING: Sustainable Practices, Breeding, Health Management, And Marketing Strategies For Raising Healthy Flocks",RICHMOND HAMILL,Paperback,"Aug 31, 2024",
0,https://www.amazon.com/dp/B0DFVFBN3W,B0DFVFBN3W,Florida Wilderness Safety Manual: Africanized “Killer” Honey Bees (apis mellifera scutellata lepeletier) (Florida Wilderness Safety Manuals),Brushy Bert,Kindle,"Aug 31, 2024",
0,https://www.amazon.com/dp/B0DFVDYGFT,B0DFVDYGFT,Florida Wilderness Safety Manual: Burmese Python (python bivittatus) (Florida Wilderness Safety Manuals),Brushy Bert,Kindle,"Aug 31, 2024",
0,https://www.amazon.com/dp/B0DFVCT1YT,B0DFVCT1YT,Florida Wilderness Safety Manual: Florida Rattlesnakes (crotalus) (Florida Wilderness Safety Manuals),Brushy Bert,Kindle,"Aug 31, 2024",
0,https://www.amazon.com/dp/B0DFVDZZML,B0DFVDZZML,Florida Wilderness Safety Manual: Mosquitoes (culicidae) (Florida Wilderness Safety Manuals),Brushy Bert,Kindle,"Aug 31, 2024",
0,https://www.amazon.com/dp/B0DFVHHV8P,B0DFVHHV8P,"Kinematics In 1D Physics Workbook: Motion with Constant Acceleration, Motion with Constant Velocity, Velocity Unit Conversion, Meeting and Pursuit",Driss Bouabidi,Paperback,"Aug 31, 2024",
5,https://www.amazon.com/dp/B0CHL7WS7B,B0CHL7WS7B,The Way of Machine Thinking: Volume 1: Rules of Universal Language and Fundamental Math,weili chen,Paperback,"Sep 8, 2023",
0,https://www.amazon.com/dp/B0DFVFVS87,B0DFVFVS87,What are Plants? for Kids;: Book about Plants and Planting for Beginners,Lucia Viglioni,Paperback,"Aug 31, 2024",
1,https://www.amazon.com/dp/B0DGQZJL5V,B0DGQZJL5V,TheBlondePsych Handbook: Navigating Mental Health Careers with Insight and Authenticity,Jordan Pearl Quinn,Paperback,"Aug 31, 2024",
0,https://www.amazon.com/dp/B0DGF59H7J,B0DGF59H7J,"Art Deco Graph Paper Notebook: 8.5x11 with 4x4 Grid – Perfect for Precision, Drawing, and Note-Taking",Calm & Cozy Studios,Paperback,"Aug 31, 2024",
0,https://www.amazon.com/dp/B0DFY417YB,B0DFY417YB,Our Solar System Coloring Book: A Solar System Coloring Book with Facts for Toddlers,Hjadla Jazzel Sanchez-Montas,Paperback,"Aug 31, 2024",
1,https://www.amazon.com/dp/B0DFY2LNNZ,B0DFY2LNNZ,Algebra Workbook Scientific Notation,Najwa Hirn,Kindle,"Aug 31, 2024",
1,https://www.amazon.com/dp/B0DFVC3H7R,B0DFVC3H7R,"SHTF TACTICAL DRONE MANUAL FOR PILOTING: Expert Strategies and Secrets for Passing the FAA Exam, Navigating Regulations, and Mastering Drone Flight (2024 Edition)",Kurt S. Walker,Kindle,"Aug 31, 2024",
0,https://www.amazon.com/dp/B0DFV3R25Z,B0DFV3R25Z,Digital Marketing Answer Book,David Obatomi,Kindle,"Aug 31, 2024",
0,https://www.amazon.com/dp/B0DFTSCGPB,B0DFTSCGPB,Rockhounding: 100 Must-Know Tips and Tricks: Elevate Your Rockhounding Experience Today!,Joseph Martin,Kindle,"Aug 31, 2024",
0,https://www.amazon.com/dp/B0DGF3P5N2,B0DGF3P5N2,"Quad ruled composition notebook Dog: Graph Paper Grid Journal, cute watercolor puppy",Crimson Rain,Paperback,"Aug 31, 2024",
0,https://www.amazon.com/dp/B0DGDJTTH4,B0DGDJTTH4,101 Easy to Hard Sudoku Puzzles: Volume 1,Stigma Publishing,Paperback,"Aug 31, 2024",
0,https://www.amazon.com/dp/B0DGDJD7LB,B0DGDJD7LB,Ancient Beasts: A Detailed Dinosaur Coloring Book,shikaa yoon,Paperback,"Aug 31, 2024",
0,https://www.amazon.com/dp/B0DG611T65,B0DG611T65,Composition Notebook: A College Ruled Lined Journal For Butterflies Lovers,Rissa Farm,Paperback,"Aug 31, 2024",
0,https://www.amazon.com/dp/B0DG5T2CTX,B0DG5T2CTX,Quad ruled composition notebook horse with flowers: Cute white pony Graph paper grid journal,Crimson Rain,Paperback,"Aug 31, 2024",
0,https://www.amazon.com/dp/B0DG593ZY8,B0DG593ZY8,WHEN WİLL THE GODS DİE?,ÜSAME ARSLAN,Kindle,"Aug 31, 2024",
0,https://www.amazon.com/dp/B0DG36KMC6,B0DG36KMC6,"Elegant Floral Graph Paper (Grid Paper) Notebook: 4 Square Inch Grid, 120 Pages - Ideal for Math, Design, and Note-Taking",Calm & Cozy Studios,Paperback,"Aug 31, 2024",
0,https://www.amazon.com/dp/B0DG36GGST,B0DG36GGST,Simone de Beauvoir journal philosophy notebook to write thoughts and ideas: Lined papers 120 pages 9'6 Glossy cover,Philioz Sofyy,Paperback,"Aug 31, 2024",
2,https://www.amazon.com/dp/B0DG35ZDV1,B0DG35ZDV1,Woodland Animals ‘Baby Long-tailed Tit’ - Lined Notebook Journal: 100 cream pages – adorable cute baby long-tailed tit in a woodland setting,D. A. Spencer,Paperback,"Aug 31, 2024",
2,https://www.amazon.com/dp/B0DG3551CR,B0DG3551CR,Woodland Animals ‘Hedgehog’ - Lined Notebook Journal: 100 cream pages – adorable cute hedgehog in a woodland setting,D. A. Spencer,Paperback,"Aug 31, 2024",
0,https://www.amazon.com/dp/B0DG34GXH1,B0DG34GXH1,"Pink Coquette Graph Composition Notebook:: Journal / Notepad with Quad Ruled Grid Paper, Bows, 102 Sheets (Large, 8.5 x 11)",PrettyGirl CoquetteClub,Paperback,"Aug 31, 2024",
0,https://www.amazon.com/dp/B0DG34GNC2,B0DG34GNC2,Woodland Animals ‘Baby Fawn’ - Lined Notebook Journal: 100 cream pages – adorable cute baby fawn in a woodland setting,D. A. Spencer,Paperback,"Aug 31, 2024",
0,https://www.amazon.com/dp/B0DG342HVF,B0DG342HVF,Martin Heidegger journal philosophy notebook to write thoughts and ideas: Lined papers 120 pages 9'6 Glossy cover,Philio Szofi,Paperback,"Aug 31, 2024",
0,https://www.amazon.com/dp/B0DG33TF5W,B0DG33TF5W,Daikon Radish Adventures: Cartoon-Themed Kids Journal: A Creative Space for Young Minds to Explore and Express,Nature Vibes Ash,Paperback,"Aug 31, 2024",
0,https://www.amazon.com/dp/B0DG33CYH1,B0DG33CYH1,"Composition Notebook College Ruled: 110 page Vintage Toile de Jouy Blue Bird Journal For School, College, Office, Work",Joyce Palmer,Paperback,"Aug 31, 2024",
0,https://www.amazon.com/dp/B0DG31T5JJ,B0DG31T5JJ,Lotus Root Reflection: A Unique Notebook for Creative Minds: Inspire Your Writing with a Beautifully Designed Vegetable-Themed Journal,Nature Vibes Ash,Paperback,"Aug 31, 2024",
0,https://www.amazon.com/dp/B0DG31PSK6,B0DG31PSK6,Daikon Radish Reflections: A Unique Notebook for Thoughtful Writing: Cultivate Creativity with a Beautifully Designed Nature-Inspired Journal,Nature Vibes Ash,Paperback,"Aug 31, 2024",
0,https://www.amazon.com/dp/B0DG31CY8X,B0DG31CY8X,My Organic Chemistry Notebook: Hexagonal Graph Paper Notebook 110 pages,Nahuel Di Benedetto,Paperback,"Aug 31, 2024",
1,https://www.amazon.com/dp/B0DG2ZY3KJ,B0DG2ZY3KJ,‘Mountains’ Nature Art - Lined Notebook: 100 cream pages - Cover landscape from original coloured pencil and freehand machine embroidery art by Ellie Spencer Artist,Ellie Spencer,Paperback,"Aug 31, 2024",
1,https://www.amazon.com/dp/B0DG2YSC7Z,B0DG2YSC7Z,‘Coral in Green’ Nature Art - Lined Notebook: 100 cream pages - Cover ocean themed art from original linocut by Ellie Spencer Artist,Ellie Spencer,Paperback,"Aug 31, 2024",
0,https://www.amazon.com/dp/B0DFZ4RNKS,B0DFZ4RNKS,Graph Notebook Mathematics Squares: Lined Graph For School With Multiplication Table On Last Page,Math Lovers,Paperback,"Aug 31, 2024",
0,https://www.amazon.com/dp/B0DFYZT9JW,B0DFYZT9JW,"Duck Lover Graph paper Composition Notebook - 1CM Ruled: Grid Paper Notebook | 1 CM Ruled | 8.5 x 11"" | Pink",Benji's Clubhouse,Paperback,"Aug 31, 2024",
0,https://www.amazon.com/dp/B0DFYY4RWG,B0DFYY4RWG,Black Paper Quad Ruled Graph Notebook: Black Pages Journal For White Ink And Gel Pens,Kara Hicks,Paperback,"Aug 31, 2024",
0,https://www.amazon.com/dp/B0DFYY4NM9,B0DFYY4NM9,"Math Notebook: Illusions: Graph Paper Notebook For Teens, Kids, Students, Gift",Cristina  just.me Publishing,Paperback,"Aug 31, 2024",
0,https://www.amazon.com/dp/B0DFYX8FPW,B0DFYX8FPW,"2024 World Robot Conference: All You Need to Know – The Innovations Reshaping Our Lives: How Humanoid Robots Are Taking Over Dangerous and Complex ... ... TECH, SCIENECE AND SPACE TREND UPDATES)",Tom K. Smith,Kindle,"Aug 31, 2024",
0,https://www.amazon.com/dp/B0DFYTY2LJ,B0DFYTY2LJ,"Vintage Pink Floral Composition Notebook: Aesthetic College Ruled Journal for Girls, Teens & Women | 110 Pages, 7.5 x 9.25 inches | Cottagecore School Supplies",ASFAImind Publishing,Paperback,"Aug 31, 2024",
0,https://www.amazon.com/dp/B0DFYKXJS9,B0DFYKXJS9,"Vintage Jellyfish Composition Notebook: College Ruled 110 Pages: Sea Life Aesthetic Journal for School, College & Office | 7.5 x 9.25 Inches",ASFAImind Publishing,Paperback,"Aug 31, 2024",
0,https://www.amazon.com/dp/B0DFYJVN9Q,B0DFYJVN9Q,"Wide Ruled Composition Notebook: Colorful flowers Illustration | Wide Ruled | 7.5 x 9.25 in | 120 pages | Suitable For School, College or Work | Soft Matte Cover",educational books,Paperback,"Aug 31, 2024",
0,https://www.amazon.com/dp/B0DFYHSRM9,B0DFYHSRM9,"Wide Ruled Composition Notebook: Beige stylish vintage Botanical Illustration | Wide Ruled | 7.5 x 9.25 in | 120 pages | Suitable For School, College or Work",educational books,Paperback,"Aug 31, 2024",
0,https://www.amazon.com/dp/B0DFYH4D54,B0DFYH4D54,"Wide Ruled Composition Notebook: Beige Vintage Botanical Illustration | Wide Ruled | 7.5 x 9.25 in | 120 Pages | Suitable For School, College or Work | Soft Matte Cover",educational books,Paperback,"Aug 31, 2024",
0,https://www.amazon.com/dp/B0DFY8SR44,B0DFY8SR44,Addition and Subtraction Within 120: Practice Problems with Answers.,Mr. HOCINE BOUMESSID,Paperback,"Aug 31, 2024",
0,https://www.amazon.com/dp/B0DFY49JDD,B0DFY49JDD,The Great Science Word Hunt,Bamboo - Creations,Paperback,"Aug 31, 2024",
1,https://www.amazon.com/dp/B0DFY13J3P,B0DFY13J3P,"I Spy Autumn Book for Kids Ages 2-5: Fun and Educational Fall, Interactive Guessing Game and Coloring Book for Toddlers and Preschoolers",Suzana Creations,Paperback,"Aug 31, 2024",
0,https://www.amazon.com/dp/B0DFXX8SV5,B0DFXX8SV5,Sudoku A Day 2025 - Challenge Your Brain with Medium to Hard Puzzles Daily for 365 Days: A Perfect Gift For Puzzle Lovers,Reedle Quest,Paperback,"Aug 31, 2024",
0,https://www.amazon.com/dp/B0DFXWVS12,B0DFXWVS12,"Sudoku A Day 2025 - Challenge Your Brain with Medium, Hard to Expert Puzzles Daily for 365 Days (3 A DAY): A Perfect Gift For Puzzle Lovers",Reedle Quest,Paperback,"Aug 31, 2024",
1,https://www.amazon.com/dp/B0DFXWFN4H,B0DFXWFN4H,"Dinosaur Coloring Book for Kids Ages 8-12: Fun, Adorable Illustrations for Your Boys Girls Dino Enthusiast. Explore The World Of Journey Into The Jurassic Era Of The Reptiles (Dinosaur Adventures)",Little Ginger Press,Paperback,"Aug 31, 2024",
0,https://www.amazon.com/dp/B0DFXQB5F9,B0DFXQB5F9,Math Charts for 3rd Grade: Numbers 1-10000,Mr. HOCINE BOUMESSID,Paperback,"Aug 31, 2024",
0,https://www.amazon.com/dp/B0DFWPTGV8,B0DFWPTGV8,The Art of Perfumery: A Comprehensive Guide to Creating Fragrances,Mr. Muhammad Yahya,Kindle,"Aug 31, 2024",
0,https://www.amazon.com/dp/B0DFWJQ6BJ,B0DFWJQ6BJ,1000 sudoku puzzles for adults: Over 1000 Brain-Boosting Sudoku Challenges from Simple to Complex for Grown-Ups,abderrahim yassef abdou,Paperback,"Aug 31, 2024",
0,https://www.amazon.com/dp/B0DFVLGZQY,B0DFVLGZQY,Rituality： ‘Return of Gift’ and other Essays on ‘Gift Exchange’ in the Modern World.,Peter Nesteruk,Paperback,"Aug 31, 2024",
0,https://www.amazon.com/dp/B0DFVJ2D8K,B0DFVJ2D8K,Compilation 1: Grandpa Hays Substack Posts,Robert L Hays Ph.D.,Kindle,"Aug 31, 2024",
0,https://www.amazon.com/dp/B0DFVGLGTP,B0DFVGLGTP,AI-Powered Creativity: The Future of Design and Engineering?,Dylan Anthony Westbrook,Paperback,"Aug 31, 2024",
0,https://www.amazon.com/dp/B0DFVB3FCB,B0DFVB3FCB,"THE BUSINESS SUCCESS GUIDE TO RABBIT FARMING: Profitable Techniques, Breeding, Housing, Nutrition, Sustainable Meat Production, Efficient Care, Disease Management For Beginners And Experts",RICHMOND HAMILL,Paperback,"Aug 31, 2024",
0,https://www.amazon.com/dp/B0DFV9FRWR,B0DFV9FRWR,Doctor ZACHARY,Samuel Mikael HALITE,Paperback,"Aug 31, 2024",
0,https://www.amazon.com/dp/B0DFV75SG7,B0DFV75SG7,ELIAS: The Quest for Meaning,Mahmudur Rahman Manna,Kindle,"Aug 31, 2024",
0,https://www.amazon.com/dp/B0DFTW9DD2,B0DFTW9DD2,Birdwatching: 100 Must-Know Tips and Tricks: Elevate Your Birdwatching Skills Today!,Joseph Martin,Kindle,"Aug 31, 2024",
1,https://www.amazon.com/dp/B0DDQ481KR,B0DDQ481KR,Beyond the Cycle: AI and Quantum Computing in the New Kondratieff Era,Andrea Kossig,Kindle,"Aug 31, 2024",
2,https://www.amazon.com/dp/B0DFZ15R5L,B0DFZ15R5L,"The Essential Guide to Indian Runner Ducks for Beginners: Comprehensive Care, Breeding, and Health Management for New Duck Keepers",Semanthie Nievarrio,Paperback,"Aug 30, 2024",
0,https://www.amazon.com/dp/B0GHJ81FKP,B0GHJ81FKP,Math Olympiad Contest Book Grade 6-8: 30 practice tests inspired by the style of MOEMS grade 6-8 Division M (unofficial guide),Hayk Sedrakyan,Paperback,"Aug 30, 2024",
0,https://www.amazon.com/dp/B0DFWYPW1K,B0DFWYPW1K,Essential Fruit Tree Growing Guide for Home Gardeners: A Complete Handbook for Nurturing a Bountiful Orchard with Eco-Friendly Practices,Semanthie Nievarrio,Paperback,"Aug 30, 2024",
1,https://www.amazon.com/dp/B0DFWZ5DZ6,B0DFWZ5DZ6,The Ultimate Landscape Photography Guide for Beginners: A Complete Guide to Capturing Stunning Nature Photos with Ease,Semanthie Nievarrio,Paperback,"Aug 30, 2024",
1,https://www.amazon.com/dp/B0DFXZ36S7,B0DFXZ36S7,‘Patterns of the Ocean’ Nature Art - Lined Notebook: 100 cream pages - Cover art from original freehand machine embroidery by Ellie Spencer Artist,Ellie Spencer,Paperback,"Aug 30, 2024",
0,https://www.amazon.com/dp/B0DFZJ7S92,B0DFZJ7S92,"SUCCULENT CONTAINER GARDENS FOR BEGINNERS: Indoor And Outdoor Gardening With Low-Maintenance Plants, DIY Projects, Easy Care Tips, And Urban Home Décor Ideas.",LENA OAK SILVA,Paperback,"Aug 30, 2024",
0,https://www.amazon.com/dp/B0DG619CSZ,B0DG619CSZ,Practices and Techniques in Horticulture,Ellen Peffley Harp,Paperback,"Aug 30, 2024",
1,https://www.amazon.com/dp/B0DFT3DQ2V,B0DFT3DQ2V,"GREEK TORTOISES PET OWNERS HANDBOOK: A COMPREHENSIVE GUIDE TO CARE, HABITAT, AND WELL-BEING",Dr Mick Walsh,Paperback,"Aug 30, 2024",
4,https://www.amazon.com/dp/B0DFVD9LB4,B0DFVD9LB4,"Holidays of the Vikings - Gods and Rituals: Myths, Sacrifice and Community in the far north - The Spiritual Customs of a Proud Culture (Norse Mythology)",Tim Nilsen,Kindle,"Aug 31, 2024",
3,https://www.amazon.com/dp/B0DFWB46CJ,B0DFWB46CJ,An Outline Plan for the Reorganization of Japan,Kita Ikki,Kindle,"Aug 31, 2024",
1,https://www.amazon.com/dp/B0DFVG6S82,B0DFVG6S82,"""Locked Away” The Racial Legacy of Policing and Prison in the United States: The History of Policing and the Prison System in the United States",Mark Anthony Perkins,Kindle,"Aug 31, 2024",
4,https://www.amazon.com/dp/B0DFV9S3NV,B0DFV9S3NV,Shieldmaiden - Fearless Women of the Viking Age: Myth and Reality of Nordic Heroines (Norse Mythology),Tim Nilsen,Kindle,"Aug 31, 2024",
0,https://www.amazon.com/dp/B0DFX2T7P8,B0DFX2T7P8,Large Print Word Search for Seniors: Explore Key Historical Events of the USA: A Relaxing Way to Learn and Remember Key Moments in US History,Noel Delgado,Paperback,"Aug 31, 2024",
0,https://www.amazon.com/dp/B0DFW613BT,B0DFW613BT,Bonanza & Virginia City:: The Monograph,Monette Bebow-Reinhard,Kindle,"Aug 31, 2024",
0,https://www.amazon.com/dp/B0DG95BZKZ,B0DG95BZKZ,Myths and Legends: Babylonia and Assyria: Annotated,Lewis Spence,Paperback,"Aug 31, 2024",
2,https://www.amazon.com/dp/B0DFWZ68HG,B0DFWZ68HG,The Pirates Of Newfoundland,Jason Moura,Paperback,"Aug 31, 2024",
0,https://www.amazon.com/dp/B0DFVGPYHX,B0DFVGPYHX,"News Clippings from Gallup, New Mexico: 1881-1898 (New Mexico News Clippings from the Past)",Kaylene Canfield,Paperback,"Aug 31, 2024",
4,https://www.amazon.com/dp/B0DFX4DDR7,B0DFX4DDR7,GATES FAMILY HISTORY: Descended from Stephen Gates and Simon Gates II,Donna Gates,Kindle,"Aug 31, 2024",
3,https://www.amazon.com/dp/1960142232,1960142232,God Is Proven,David Steineker,Paperback,"May 17, 2023",
0,https://www.amazon.com/dp/B0DG1DK4QY,B0DG1DK4QY,The Roman and Greek Imprint: Shaping the Modern World,Michael Andrew Lambert,Hardcover,"Aug 31, 2024",
5,https://www.amazon.com/dp/B0DFVGC1DQ,B0DFVGC1DQ,The Textbook of Weight-Lifting: New Edition with an Introduction by Luke Kraft,Arthur Saxon,Kindle,"Aug 31, 2024",
3,https://www.amazon.com/dp/B0DFTWZY5Z,B0DFTWZY5Z,"Royal, Medieval & Ancient Genealogies",Prodavus Family Trees,Kindle,"Aug 31, 2024",
0,https://www.amazon.com/dp/B0DG5YK8L2,B0DG5YK8L2,Taste of Ohio: A Culinary Journey Through the Heartland: OHIO TRAVEL GUIDE,TERRY WRIGHT,Kindle,"Aug 31, 2024",
1,https://www.amazon.com/dp/B0DG3Y4MBG,B0DG3Y4MBG,Dracula - From Knight to Vampire: Exploring the Transformation from Historical Ruler to Legendary Vampire,Alexandru Petru Dumbrava,Kindle,"Aug 31, 2024",
0,https://www.amazon.com/dp/B0DG2X64RR,B0DG2X64RR,Takamatsu Map Journal: Vintage Map Notebook,Twin Spires,Paperback,"Aug 31, 2024",
0,https://www.amazon.com/dp/B0DG2VW5W1,B0DG2VW5W1,Tokushima Map Journal: Vintage Map Notebook,Twin Spires,Paperback,"Aug 31, 2024",
0,https://www.amazon.com/dp/B0DFYKZ7MX,B0DFYKZ7MX,"Medieval Knights on Galloping Horses Cover Composition Notebook: Aesthetic Style Cover with 110 Pages College Ruled for Home and Work , School, College, University",Alyssa Rudenky,Paperback,"Aug 31, 2024",
4,https://www.amazon.com/dp/B0DFXGZ144,B0DFXGZ144,From France to Croatia: A Visual Journey,Victor DeSantis,Paperback,"Aug 31, 2024",
0,https://www.amazon.com/dp/B0DFWSMRJ7,B0DFWSMRJ7,Newton Community Scrapbook: Our 275th Anniversary Celebration,THE NEWTON  275TH ANNIVERSARY COMMITTEE,Paperback,"Aug 31, 2024",
0,https://www.amazon.com/dp/B0DFVK8VH5,B0DFVK8VH5,The Republican Agenda: Undoing 200 Years of Democracy for a Dictatorship,Adrian Rocquecliffe,Paperback,"Aug 31, 2024",
1,https://www.amazon.com/dp/B0DFVJBJFM,B0DFVJBJFM,Early Medieval Maps of the English Midlands and Wales,Björn Vernharðsson,Paperback,"Aug 31, 2024",
0,https://www.amazon.com/dp/B0DFVJ1HSJ,B0DFVJ1HSJ,"Kamala Harris: The Power of Ambition: Vice Presidency Today, White House Tomorrow?",James E. Sinclair,Kindle,"Aug 31, 2024",
0,https://www.amazon.com/dp/B0DFVFXSZD,B0DFVFXSZD,The Lying Scribe,FRANCESCO VACCARO,Kindle,"Aug 31, 2024",
0,https://www.amazon.com/dp/B0DFVFF4J3,B0DFVFF4J3,Guide to the Permanent and Select Temporary Burials in Montparnasse Cemetery: 1824-1830,Mr. Steven P. Soper,Paperback,"Aug 31, 2024",
0,https://www.amazon.com/dp/B0DFVF81WZ,B0DFVF81WZ,The Men Who Gambled with the World,Dr Ozias Marcovici,Kindle,"Aug 31, 2024",
0,https://www.amazon.com/dp/B0DFTQC15N,B0DFTQC15N,Journey Through the Echoes of Time,Asha moria,Kindle,"Aug 31, 2024",
0,https://www.amazon.com/dp/B0DFTPTCRH,B0DFTPTCRH,"Hunter's Heart, Wife's Journey: hunting",Mayhew,Paperback,"Aug 31, 2024",
0,https://www.amazon.com/dp/B0DFTN52LB,B0DFTN52LB,The History of the 3rd Michigan Infantry Veteran Volunteers 1st Organization: 1855-1927,Mr. Steven P. Soper,Paperback,"Aug 31, 2024",
0,https://www.amazon.com/dp/B0DDL4VWGP,B0DDL4VWGP,THE SECOND COMING OF CHRIST,Christopher MATTHEWS,Paperback,"Aug 31, 2024",
1,https://www.amazon.com/dp/B0DD43J5F2,B0DD43J5F2,"Trailblazers of the Twin Territories:: Formerly-Enslaved Families’ Journey from Yoakum, Texas to Tiger Mountain, Indian Territory [4-13-1903 to 11-20- 1903]",Dr. Charlotte June Evans    Bates,Paperback,"Aug 31, 2024",
0,https://www.amazon.com/dp/B0DCVKKMHR,B0DCVKKMHR,More Than Coffeyville: Emmett Dalton and the Mythology of the Dalton Gang,David Beach,Kindle,"Aug 31, 2024",
4,https://www.amazon.com/dp/B0DFVKMJFY,B0DFVKMJFY,"Seneca, on the Shortness of Life: Modern English Edition",Lucius Seneca,Kindle,"Aug 30, 2024",
0,https://www.amazon.com/dp/B0FK6CJ5DB,B0FK6CJ5DB,"The Antietam Journal, Volume 7",Pawlak,Paperback,"Aug 30, 2024",
0,https://www.amazon.com/dp/B0DFTPGLVG,B0DFTPGLVG,LENI RIEFENSTAHL: A Critical Life Of Nazi Germany's Most Controversial Filmmaker.,Goldschmidt Luft,Kindle,"Aug 30, 2024",
0,https://www.amazon.com/dp/B0DFR2YFPG,B0DFR2YFPG,Defenseless America (Classic Books),Hudson Maxim,Kindle,"Aug 30, 2024",
2,https://www.amazon.com/dp/B0DFTBFGQ1,B0DFTBFGQ1,Berserker - The Infamous Warriors: The mystical fighters of Norse mythology and their eternal legends,Tim Nilsen,Kindle,"Aug 30, 2024",
1,https://www.amazon.com/dp/B0DFQJ9VZJ,B0DFQJ9VZJ,Illustrated Catalogue of Locomotives; Baldwin Locomotive Works (Classic Books),Baldwin Locomotive Works,Kindle,"Aug 30, 2024",
0,https://www.amazon.com/dp/B0DFXSBTFX,B0DFXSBTFX,Genealogy Contacts Address Book: Track your contacts in Family Research. A - Z Tabs,Geno's Genealogy Press,Paperback,"Aug 30, 2024",
2,https://www.amazon.com/dp/B0DFQH49TC,B0DFQH49TC,Letters to the Clergy on the Lord's Prayer and the Church (Classic Books),John Ruskin,Kindle,"Aug 30, 2024",
0,https://www.amazon.com/dp/B0DFTHPSH1,B0DFTHPSH1,US Army Doctrine Smart Book July 2024,United States Government US Army,Paperback,"Aug 30, 2024",
0,https://www.amazon.com/dp/B0DFVKX7XC,B0DFVKX7XC,How to prepare for a Civil War,Soul Girshovich,Kindle,"Aug 30, 2024",
3,https://www.amazon.com/dp/B0DFTTGS3X,B0DFTTGS3X,"Baraboo, Dells, and Devil's Lake Region (Classic Books)",Harry Ellsworth Cole,Kindle,"Aug 30, 2024",
4,https://www.amazon.com/dp/B0DFVTCP6D,B0DFVTCP6D,10 Reasons Why It’s Not in the Superstitions: And I’ll Tell You Where It Is: The Real Story of the Lost Dutchman’s Mine.,Glenn Rogers,Kindle,"Aug 30, 2024",
1,https://www.amazon.com/dp/B0DFMNYMWZ,B0DFMNYMWZ,"Up Home: A Family, A Tragedy and the Holly Hill Inn",Bob Rouse,Paperback,"Aug 30, 2024",
5,https://www.amazon.com/dp/B0DFQK79TP,B0DFQK79TP,"Baltimore and the Nineteenth of April, 1861: A Study of the War (Classic Books)",George William Brown,Kindle,"Aug 30, 2024",
0,https://www.amazon.com/dp/B0DFQD4PWZ,B0DFQD4PWZ,"Mid-Atlantic American Creepy Buildings and Paranormal Spaces: Maryland, North Carolina, Pennsylvania, Virginia, West Virginia and Washington DC Sites (American Crime and Murder Series)",Marques Vickers,Kindle,"Aug 30, 2024",
4,https://www.amazon.com/dp/B0DFQJPXL9,B0DFQJPXL9,"Under Four Administrations, from Cleveland to Taft (Classic Books)",Oscar S. Straus,Kindle,"Aug 30, 2024",
0,https://www.amazon.com/dp/B0DFTKZQWD,B0DFTKZQWD,History and Culture of Coffee in 200 Pages: Expertise Condensed,Santiago Caferra,Kindle,"Aug 30, 2024",
2,https://www.amazon.com/dp/B0DFVPXD2F,B0DFVPXD2F,Indicting America,Sal DePasquale,Kindle,"Aug 30, 2024",
0,https://www.amazon.com/dp/B0DFQKNVLB,B0DFQKNVLB,"Loss of the Steamship ""Titanic"" (Classic Books)","Great Britain. Court to investigate loss of steamship ""Titanic""",Kindle,"Aug 30, 2024",
0,https://www.amazon.com/dp/B0DGB6NJR1,B0DGB6NJR1,Landmarks and Memories: Arizona,T. Rey Johnson,Paperback,"Aug 30, 2024",
0,https://www.amazon.com/dp/B0DFV8VXPR,B0DFV8VXPR,The New Mass Explained in Dialogues by the Red Priest: Communist Liturgy,Fr.  Jean Boulier,Kindle,"Aug 30, 2024",
2,https://www.amazon.com/dp/B0DFQF4SDF,B0DFQF4SDF,"Encyclopaedia Britannica, 11th Edition, ""Horticulture"" to ""Hudson Bay"" (Classic Books)",Various,Kindle,"Aug 30, 2024",
3,https://www.amazon.com/dp/B0DFVNW7HY,B0DFVNW7HY,"Fake Son, Real Daughter: A Chinese Girl's Story of Escape, Tragedy, and Finding Love as a Daughter of Christ",Sophie Chang Chien Seymore,Kindle,"Aug 30, 2024",
5,https://www.amazon.com/dp/B0DHKP474K,B0DHKP474K,Five Jewels of the Orient,Juliette T. Burton,Hardcover,"Aug 30, 2024",
0,https://www.amazon.com/dp/B0DFVNS4GK,B0DFVNS4GK,Hear Me Roar: The Untold Stories of Remarkable Female Spies Around the World,R. Michael Crossen Crossen,Kindle,"Aug 30, 2024",
0,https://www.amazon.com/dp/B0DFTTGPXJ,B0DFTTGPXJ,"Popular Technology; or, Professions and Trades. Vol. 2 (of 2) (Classic Books)",Edward Hazen,Kindle,"Aug 30, 2024",
0,https://www.amazon.com/dp/B0DFTQ8VPD,B0DFTQ8VPD,The Die Varieties of the Nesbitt Series of United States Envelopes (Classic Books),Victor Maximilian Berthold,Kindle,"Aug 30, 2024",
4,https://www.amazon.com/dp/B0DFTQ8GVV,B0DFTQ8GVV,With the Doughboy in France: A Few Chapters of an American Effort (Classic Books),Edward Hungerford,Kindle,"Aug 30, 2024",
3,https://www.amazon.com/dp/B0DFTHKWWC,B0DFTHKWWC,A Book About Doctors (Classic Books),John Cordy Jeaffreson,Kindle,"Aug 30, 2024",
3,https://www.amazon.com/dp/B0DFTFLXNL,B0DFTFLXNL,"The Gunpowder Plot and Lord Mounteagle's Letter, Being a Proof, with Moral Certitude, of the Authorship of the Document (Classic Books)",Henry Spink,Kindle,"Aug 30, 2024",
0,https://www.amazon.com/dp/B0DFTF54NY,B0DFTF54NY,"Haw-Ho-Noo; or, Records of a Tourist",Charles Lanman,Kindle,"Aug 30, 2024",
3,https://www.amazon.com/dp/B0DFT9WF2Y,B0DFT9WF2Y,Guernsey pictorial directory and stranger's guide (Classic Books),of Guernsey Thomas Bellamy,Kindle,"Aug 30, 2024",
0,https://www.amazon.com/dp/B0DFT9239Y,B0DFT9239Y,"Notes and Queries, Index of Volume 4, July-December, 1851 (Classic Books)",Various,Kindle,"Aug 30, 2024",
0,https://www.amazon.com/dp/1953786049,1953786049,The Phases of the Soul,Carlos Medina,Paperback,"Aug 31, 2024",
0,https://www.amazon.com/dp/B0DFYBGFLC,B0DFYBGFLC,"Mummy and Me Journal: 52 Weeks of Bonding Questions: Strengthen your connection with fun, engaging prompts designed to foster meaningful conversations between mums and young children.",Create with Verity,Hardcover,"Aug 31, 2024",
0,https://www.amazon.com/dp/6207479041,6207479041,Gender Representation in the Moroccan 9th Grade EFL Textbooks,Es-Said Mazizi,Paperback,"Aug 31, 2024",
1,https://www.amazon.com/dp/3348117720,3348117720,The Nature and Elements of Poetry,Edmund C. Stedman Stedman,Hardcover,"Aug 31, 2024",
0,https://www.amazon.com/dp/B0DHNTWF76,B0DHNTWF76,funny work notebook Wishes of the boss: funny lady boss notebook of organization,Ciranna Arts,Paperback,"Aug 31, 2024",
0,https://www.amazon.com/dp/B0DH8JZ5NJ,B0DH8JZ5NJ,Helping Your Child to Grow up Consciously (Zen Attitude),Cristina Rebiere,Paperback,"Aug 31, 2024",
0,https://www.amazon.com/dp/B0DG94YB7R,B0DG94YB7R,Christmas Word Search 2,Cypher Penman,Paperback,"Aug 31, 2024",
0,https://www.amazon.com/dp/B0DG32M4CJ,B0DG32M4CJ,"Mom, we need to keep your story: A Mother’s Journey: A Guided Journal to Tell Her Story",Alexa Burda,Paperback,"Aug 31, 2024",
0,https://www.amazon.com/dp/B0DG2Y3MHK,B0DG2Y3MHK,"Composition Notebook Pink and Gold Leopard: This stylish composition notebook features wide-ruled paper and includes 220 pages, perfect as a journal, ... for girls, boys, kids, teens, and students.",rida mok,Paperback,"Aug 31, 2024",
0,https://www.amazon.com/dp/B0DG2WVV26,B0DG2WVV26,Flow: Journal Notebook Diary,Jen Perry,Hardcover,"Aug 31, 2024",
0,https://www.amazon.com/dp/B0DG2W81CD,B0DG2W81CD,Antique Postage: Journal Notebook Diary,Jen Perry,Paperback,"Aug 31, 2024",
0,https://www.amazon.com/dp/B0DG2VTLV2,B0DG2VTLV2,Slate: Journal Notebook Diary,Jen Perry,Paperback,"Aug 31, 2024",
0,https://www.amazon.com/dp/0520058380,0520058380,Interpretive Social Science: A Second Look,Paul Rabinow,Paperback,"May 23, 1988",
0,https://www.amazon.com/dp/B0DFZ167NY,B0DFZ167NY,Divided We Fall,T M Tritchler,Paperback,"Aug 31, 2024",
0,https://www.amazon.com/dp/B0DFYM6BWZ,B0DFYM6BWZ,Outlaw Wanted for President: Notebook 7.5 x 9.25-120 Pages,Dusty Cowgirl,Paperback,"Aug 31, 2024",
0,https://www.amazon.com/dp/B0DFYGPWN5,B0DFYGPWN5,"Mummy and Me Journal: 52 Weeks of Bonding Questions: Strengthen your connection with fun, engaging prompts designed to foster meaningful conversations between mums and young children.",Create with Verity,Hardcover,"Aug 31, 2024",
2,https://www.amazon.com/dp/B0DFXF8NJM,B0DFXF8NJM,West: The Downfall of Western Civilization,Juan Sebastian Poveda Bolaños,Kindle,"Aug 31, 2024",
1,https://www.amazon.com/dp/B0DFVDKVZL,B0DFVDKVZL,Exposed: DARPA,Bru A1,Kindle,"Aug 31, 2024",
0,https://www.amazon.com/dp/B0DFV91HHG,B0DFV91HHG,Writing a Qualitative Research Proposal for Ethical Approval: A Guide for the Project Description and Ethical Considerations,Azher Hameed Qamar,Kindle,"Aug 31, 2024",
0,https://www.amazon.com/dp/B0DFTYG8ML,B0DFTYG8ML,"Shaken to the Core: Uncovering the Dark Secret of Shaking Baby Syndrome: A Life-Saving Guide for Abuse Prevention, Mental Health Recognition, Child Safety and Recovery Strategies",Darrell S. Davidson,Kindle,"Aug 31, 2024",
1,https://www.amazon.com/dp/B0DFTSF2VJ,B0DFTSF2VJ,The Modern Era's Dilemma: Journey from False Progress to Spiritual Retreat,Vikrant Singh Dadwal,Kindle,"Aug 31, 2024",
0,https://www.amazon.com/dp/B0DFTPV5GX,B0DFTPV5GX,Reproductive Rights In America: A Brief Overview (A Brief Overview Series),The Amateur Analyst,Kindle,"Aug 31, 2024",
0,https://www.amazon.com/dp/B0DF6ZP5VP,B0DF6ZP5VP,Kamala Harris Playbook: The Road Map to the White House,Ted Harvey,Kindle,"Aug 31, 2024",
0,https://www.amazon.com/dp/B0DDWFSGFB,B0DDWFSGFB,Law and Governance in Islamic Societies,Abd Al-Wahhab Khallaf,Paperback,"Aug 31, 2024",
0,https://www.amazon.com/dp/B0DDQJ1XTB,B0DDQJ1XTB,"Her Voice, Her Power: Essays on Feminism, Identity, and the Fight for Equality: Amplifying Women's Stories Across Cultures and Generations (Empowerment and Healing: A Journey to Mental Wellness)",Alexandra Hart,Kindle,"Aug 31, 2024",
0,https://www.amazon.com/dp/6208063671,6208063671,PUBLIC RELATIONS STRATEGIES IN MANAGING DISEASE OUTBREAK: PR STRATEGIES ADOPTED BY THE BENUE STATE ACTION COMMITTEE ON COVID-19 IN CONTROLLING THE SPREAD OF THE VIRUS IN NIGERIA,Elijah Hembanen APEV,Paperback,"Aug 31, 2024",
0,https://www.amazon.com/dp/6208063663,6208063663,"BROADCAST COMMENTARIES AND RELIGIOUS TOLERANCE IN NIGERIA: A STUDY OF FRCN LISTENERS IN BENUE STATE, NIGERIA",Elijah Hembanen APEV,Paperback,"Aug 31, 2024",
4,https://www.amazon.com/dp/177244247X,177244247X,The World as Culture: Cultivation of the Soul to the Cosmic Whole,D. Paul Schafer,Paperback,"Jan 25, 2022",
0,https://www.amazon.com/dp/6208063647,6208063647,SIGNIFICANCE OF FACEBOOK USER’S OPINION ON THE NAIRA REDESIGN POLICY: IN NIGERIA,Elijah Hembanen APEV,Paperback,"Aug 31, 2024",
0,https://www.amazon.com/dp/6208038278,6208038278,"The complex place of the reader in contemporary journalism: Potentialities, limits, dilemmas and the case of the newspaper O Globo",Larissa de Morais Ribeiro Mendes,Paperback,"Aug 31, 2024",
0,https://www.amazon.com/dp/6208035481,6208035481,PARTICIPATION IN PEACEKEEPING MISSIONS BY SENIOR FEMALE PERSONNEL: Armada Nacional del Uruguay Professional Research Paper Bachelor's Degree in Naval Systems,José Maximiliano Ceiter Fernández,Paperback,"Aug 31, 2024",
0,https://www.amazon.com/dp/6208013046,6208013046,Influence of Ratings/Parental Controls Among Primary School Pupils,Elijah Hembanen Apev,Paperback,"Aug 31, 2024",
0,https://www.amazon.com/dp/6208012988,6208012988,Celebrity Endorsement and Patronage Among Makurdi Residents,Elijah Hembanen Apev,Paperback,"Aug 31, 2024",
0,https://www.amazon.com/dp/6207479424,6207479424,Mustafa Lutfi al-Mafaluti's Echoes of the Arab Soul,Dr K M a Ahamed Zubair,Paperback,"Aug 31, 2024",
0,https://www.amazon.com/dp/3384339878,3384339878,"KitaFix-Mindmap Traffic (Ready-made thought maps for Preschool work in Daycare and Kindergarten): Improve concentration & memorization Organize ... achieve a better overview, fun in learning",Sandra Plha,Kindle,"Aug 31, 2024",
0,https://www.amazon.com/dp/3384339444,3384339444,"KitaFix-Mindmap Police, Fire and Ambulance (Ready-made thought maps for Preschool work in Daycare and Kindergarten): Improve concentration & ... achieve a better overview, fun in learning",Sandra Plha,Kindle,"Aug 31, 2024",
0,https://www.amazon.com/dp/334811005X,334811005X,Humphry Clinker,Tobias Smollett Smollett,Paperback,"Aug 31, 2024",
0,https://www.amazon.com/dp/3348104726,3348104726,Cynthia: A daughter of the Philistines,Leonard Merrick Merrick,Kindle,"Aug 31, 2024",
0,https://www.amazon.com/dp/3337811612,3337811612,The Difference between the Genitive and Dative Used with [Epi] to Denote Superposition,Lewis Leaming Forman Forman,Hardcover,"Aug 31, 2024",
0,https://www.amazon.com/dp/3031392809,3031392809,Slipping the Line: The Assembled Geographies of Gang Territories,Amelia Curran,Kindle,"Aug 31, 2024",
0,https://www.amazon.com/dp/3031374827,3031374827,The History and Future of Correctional Psychology,Philip R. Magaletta,Kindle,"Aug 31, 2024",
0,https://www.amazon.com/dp/3031363140,3031363140,"Social Work, Mental Health, and Public Policy in Diverse Contexts: Chinese and Cross-Cultural Perspectives (International Perspectives on Social Policy, Administration, and Practice)",Sheying Chen,Kindle,"Aug 31, 2024",
0,https://www.amazon.com/dp/3031361881,3031361881,Invisible Migrant Nightworkers in 24/7 London (IMISCOE Research Series),Julius-Cezar MacQuarie,Kindle,"Aug 31, 2024",
0,https://www.amazon.com/dp/3031361415,3031361415,Covid-19 in Africa: Governance and Containment (African Histories and Modernities),Susan Arndt,Kindle,"Aug 31, 2024",
1,https://www.amazon.com/dp/1959346660,1959346660,Something Necessary: Poems,Paul Jones,Paperback,"Aug 31, 2024",
0,https://www.amazon.com/dp/1474490050,1474490050,"Marx’s Theory of Land, Rent and Cities (Edinburgh Studies in Urban Political Economy)",Don Munro,Kindle,"Aug 31, 2024",
1,https://www.amazon.com/dp/1963475453,1963475453,Seeking the Hiding God: A Personal Theological Essay (Jewish Arguments),Arnold Eisen,Kindle,"Aug 30, 2024",
1,https://www.amazon.com/dp/3031549376,3031549376,The Origins of Language: An Introduction to Evolutionary Linguistics,Joanna Dornbierer-Stuart,Kindle,"Aug 30, 2024",
1,https://www.amazon.com/dp/9819994950,9819994950,Strategic Social Media Management: Theory and Practice,Karen E. Sutherland,Kindle,"Aug 30, 2024",
4,https://www.amazon.com/dp/149685294X,149685294X,Through Jamaican Lenses: A Memoir,Fern June Khan,Kindle,"Aug 30, 2024",
0,https://www.amazon.com/dp/B0DFQJFG27,B0DFQJFG27,English Spanish Bilingual Collection Book 3: 26 Fiction Short Bilingual Stories Life in Argentina Culture Food and Traditions (EASY SPANISH BOOKS SERIES),Kari Lionariou,Kindle,"Aug 30, 2024",
5,https://www.amazon.com/dp/149685313X,149685313X,"Cabin Boys, Milkmaids, and Rough Seas: Identity in the Unexpurgated Repertoire of Stan Hugill",Jessica M. Floyd,Kindle,"Aug 30, 2024",
3,https://www.amazon.com/dp/1739308638,1739308638,Life: How To Make Sense Of The World And Yourself,Talal Alali,Kindle,"Aug 30, 2024",
0,https://www.amazon.com/dp/1737450348,1737450348,Walking on the Water Faith: A Study Guide on the Faith of George Müller (Unconditional Faith),Tom Fay,Kindle,"Aug 30, 2024",
3,https://www.amazon.com/dp/B0DCZH19P4,B0DCZH19P4,The Glory of Grief: Overcoming Hardships with Heavenly Hope,Melissa Stevens,Kindle,"Aug 30, 2024",
3,https://www.amazon.com/dp/B0DFQJDTW1,B0DFQJDTW1,"Shelburne Essays, Third Series (Classic Books)",Paul Elmer More,Kindle,"Aug 30, 2024",
0,https://www.amazon.com/dp/B0DGLTPFYJ,B0DGLTPFYJ,Relational Theory in Social Work: Phenomenological Foundations,Fabio Folgheraiter,Hardcover,"Aug 30, 2024",
1,https://www.amazon.com/dp/B0DFY9S2WM,B0DFY9S2WM,Home Visits Logbook: Essential Guided Notes for Social Workers (153 Pages),T Rudd,Paperback,"Aug 30, 2024",
2,https://www.amazon.com/dp/B0FK9VDZWJ,B0FK9VDZWJ,Teaching English in the Digital Age: Online Practices and Innovations,Henrique Ribeiro,Kindle,"Aug 30, 2024",
0,https://www.amazon.com/dp/B0DFTPHCVG,B0DFTPHCVG,"Notes and Queries, Vol. V, Number 114, January 3, 1852 (Classic Books)",Various,Kindle,"January 3, 1852",
1,https://www.amazon.com/dp/B0DFTFC9DN,B0DFTFC9DN,The Country-Life Movement in the United States (Classic Books),L. H. Bailey,Kindle,"Aug 30, 2024",
0,https://www.amazon.com/dp/B0DFT5CVVR,B0DFT5CVVR,"Punch, or the London Charivari, Vol. 107 July 7, 1894, by Various (Classic Books)",Various,Kindle,"July 7, 1894",
1,https://www.amazon.com/dp/B0DFRGBWBY,B0DFRGBWBY,"Caper-Sauce: A Volume of Chit-Chat about Men, Women, and Things. (Classic Books)",Fanny Fern,Kindle,"Aug 30, 2024",
2,https://www.amazon.com/dp/B0DFR6P1K7,B0DFR6P1K7,The Great Acceptance: The Life Story of F. N. Charrington (Classic Books),Guy Thorne,Kindle,"Aug 30, 2024",
3,https://www.amazon.com/dp/B0DFR6B6KS,B0DFR6B6KS,People of Destiny: Americans as I saw them at Home and Abroad (Classic Books),Philip Gibbs,Kindle,"Aug 30, 2024",
3,https://www.amazon.com/dp/B0DFR5B341,B0DFR5B341,History of the National Flag of the United States of America (Classic Books),Schuyler Hamilton,Kindle,"Aug 30, 2024",
1,https://www.amazon.com/dp/B0DFR46WFY,B0DFR46WFY,The Church on the changing frontier (Classic Books),Helen Olive Belknap,Kindle,"Aug 30, 2024",
5,https://www.amazon.com/dp/B0DFR3TBV6,B0DFR3TBV6,Wit and Wisdom of Lord Tredegar (Classic Books),Godfrey Charles Morgan,Kindle,"Aug 30, 2024",
0,https://www.amazon.com/dp/B0DFR27JG1,B0DFR27JG1,Paris and the Parisians in 1835 (Vol. 2) (Classic Books),Frances Milton Trollope,Kindle,"Aug 30, 2024",
0,https://www.amazon.com/dp/B0DFR26DKF,B0DFR26DKF,The Evolution of States (Classic Books),J. M. Robertson,Kindle,"Aug 30, 2024",
4,https://www.amazon.com/dp/B0DFQVSSZH,B0DFQVSSZH,The Ascent of Man (Classic Books),Mathilde Blind,Kindle,"Aug 30, 2024",
0,https://www.amazon.com/dp/B0DFQTDGPQ,B0DFQTDGPQ,"Traditions, Superstitions and Folk-lore (Classic Books)",Charles Hardwick,Kindle,"Aug 30, 2024",
4,https://www.amazon.com/dp/B0DFQNSHDX,B0DFQNSHDX,The Abolition Crusade and Its Consequences: Four Periods of American History (Classic Books),Hilary A. Herbert,Kindle,"Aug 30, 2024",
0,https://www.amazon.com/dp/B0DFQNM4Y8,B0DFQNM4Y8,Being Well-Born: An Introduction to Eugenics (Classic Books),Michael F. Guyer,Paperback,"Aug 30, 2024",
3,https://www.amazon.com/dp/B0DFQMBYM7,B0DFQMBYM7,A History of the Gipsies: with Specimens of the Gipsy Language (Classic Books),Walter Simson,Kindle,"Aug 30, 2024",
2,https://www.amazon.com/dp/B0DFQM8XH6,B0DFQM8XH6,"The Idiot: His Place in Creation, and His Claims on Society (Classic Books)",Sir Frederick Bateman,Kindle,"Aug 30, 2024",
0,https://www.amazon.com/dp/B0DFQLKG9N,B0DFQLKG9N,"Notes and Queries, Vol. IV, Number 111, December 13, 1851 (Classic Books)",Various,Kindle,"December 13, 1851",
3,https://www.amazon.com/dp/B0DFQKX8B9,B0DFQKX8B9,"Punch, or the London Charivari, Volume 105, November 18, 1893 (Classic Books)",Various,Kindle,"November 18, 1893",
1,https://www.amazon.com/dp/B0DFQKSYWJ,B0DFQKSYWJ,Erasmus Against War (Classic Books),Desiderius Erasmus,Kindle,"Aug 30, 2024",
0,https://www.amazon.com/dp/B0DFQKM5TY,B0DFQKM5TY,"Encyclopaedia Britannica, 11th Edition, ""Hearing"" to ""Helmond"" (Classic Books)",Various,Kindle,"Aug 30, 2024",
2,https://www.amazon.com/dp/B0DFQKL465,B0DFQKL465,"Kentucky in American Letters, 1784-1912. Vol. 1 of 2 (Classic Books)",John Wilson Townsend,Kindle,"Aug 30, 2024",
0,https://www.amazon.com/dp/B0DFQJR5CZ,B0DFQJR5CZ,"Wise Saws and Modern Instances, Volume 2 (of 2) (Classic Books)",Thomas Cooper,Kindle,"Aug 30, 2024",
0,https://www.amazon.com/dp/B0DFQJ7B4L,B0DFQJ7B4L,"Notes and Queries, Vol. IV, Number 108, November 22, 1851 (Classic Books)",Various,Kindle,"November 22, 1851",
1,https://www.amazon.com/dp/B0DFQJ3QQ4,B0DFQJ3QQ4,Vistas of New York (Classic Books),Brander Matthews,Kindle,"Aug 30, 2024",
5,https://www.amazon.com/dp/B0DFQHZ3K3,B0DFQHZ3K3,Social Transformations of the Victorian Age: A Survey of Court and Country (Classic Books),T. H. S. Escott,Kindle,"Aug 30, 2024",
0,https://www.amazon.com/dp/B0DFQHQVRZ,B0DFQHQVRZ,"Notes and Queries, Vol. IV, Number 107, November 15, 1851 (Classic Books)",Various,Kindle,"November 15, 1851",
0,https://www.amazon.com/dp/B0DFQGSW9X,B0DFQGSW9X,Boy Labour and Apprenticeship (Classic Books),Reginald Arthur Bray,Kindle,"Aug 30, 2024",
0,https://www.amazon.com/dp/B0DFQGQB9Y,B0DFQGQB9Y,"Sketches of Reforms and Reformers, of Great Britain and Ireland (Classic Books)",Henry B. Stanton,Kindle,"Aug 30, 2024",
1,https://www.amazon.com/dp/B0DFQGDM7H,B0DFQGDM7H,"Salvation Syrup; Or, Light On Darkest England (Classic Books)",G. W. Foote,Kindle,"Aug 30, 2024",
2,https://www.amazon.com/dp/B0DFQG3NJ2,B0DFQG3NJ2,Flags: Some Account of their History and Uses (Classic Books),Andrew Macgeorge,Kindle,"Aug 30, 2024",
2,https://www.amazon.com/dp/3348113814,3348113814,"The Dreamers, A Club: Being a more or less faithful account of the literary exercises of the first regular meeting of that organization",John Kendrick Bangs Bangs,Kindle,"Aug 30, 2024",
0,https://www.amazon.com/dp/1032799072,1032799072,Exploring Political Ecology,Alexander M. Ervin,Kindle,"Aug 30, 2024",
0,https://www.amazon.com/dp/B0DGQS3H68,B0DGQS3H68,What Makes a Great President?,Stephen Tryon,Paperback,"Aug 30, 2024",
1,https://www.amazon.com/dp/B0DGF4FR8M,B0DGF4FR8M,Embracing Love: A Parent’s Guide to Nurturing and Celebrating Your Child’s LGBTQ+ Identity,Heidi L. Gross,Kindle,"Aug 30, 2024",
2,https://www.amazon.com/dp/B0DG5SC3GT,B0DG5SC3GT,General Conference Notes: Latter-Day Saint Journal,Skellyfish Publishing,Paperback,"Aug 30, 2024",
1,https://www.amazon.com/dp/B0DG4YYX3C,B0DG4YYX3C,101 MORE Dad Jokes of High Strangeness: Still Conspiring to Make You Laugh,M Wolff,Kindle,"Aug 30, 2024",
0,https://www.amazon.com/dp/B0DFZJ8LCQ,B0DFZJ8LCQ,"Inclusion, Exclusion, Agency, and Advocacy: Experiences of Women With Physical Disabilities in China, With Worldwide Implications (Transforming Education for the Future)",Luanjiao Hu,Kindle,"Aug 1, 2024",
0,https://www.amazon.com/dp/B0DFYZTJP1,B0DFYZTJP1,M.A.G.A Donald Trump Note Book,Maason,Paperback,"Aug 30, 2024",
0,https://www.amazon.com/dp/B0DFXZN6XT,B0DFXZN6XT,"BRUH 8.5 x 11 Composition Notebook: College Ruled for Elementary, Junior High, High School, and College Students",Maxon Design House,Paperback,"Aug 30, 2024",
0,https://www.amazon.com/dp/B0DFXW5LG2,B0DFXW5LG2,"2025 MUM’s DIARY: Best Mum Weekly & Monthly Planner - Week to View on 2 Pages - January to December - A4 (8.27"" x 11.69"")",Memento Design,Paperback,"Aug 30, 2024",
0,https://www.amazon.com/dp/B0DFXTP42Q,B0DFXTP42Q,Duck in a Pond: Journal Notebook Diary,Jen Perry,Paperback,"Aug 30, 2024",
0,https://www.amazon.com/dp/B0DFXSW3RY,B0DFXSW3RY,Hummingbird: Journal Notebook Diary,Jen Perry,Hardcover,"Aug 30, 2024",
0,https://www.amazon.com/dp/B0DFX1B4Y8,B0DFX1B4Y8,Thoughts & Things: lined journal,Sasha Tottenham,Paperback,"Aug 30, 2024",
0,https://www.amazon.com/dp/B0DFWWXHG3,B0DFWWXHG3,"I'm Not Lazy I'm In Energy-Saving Mode 8.5 x 11 Composition Notebook: College Ruled for Elementary, Junior High, High School, and College Students",Maxon Design House,Paperback,"Aug 30, 2024",
0,https://www.amazon.com/dp/B0DFWTNMM7,B0DFWTNMM7,"Running Late to Class is My Cardio 8.5 x 11 Composition Notebook: College Ruled for Elementary, Junior High, High School, and College Students",Maxon Design House,Paperback,"Aug 30, 2024",
0,https://www.amazon.com/dp/B0DFVL5V65,B0DFVL5V65,BECOMING A DISCIPLE OF JESUS CHRIST,Mrs Angel Ferguson,Paperback,"Aug 30, 2024",
3,https://www.amazon.com/dp/B0DFTYF1RD,B0DFTYF1RD,KAMALA HARRIS: The Girl Who Dreamed Big,Elsa N. Williams,Kindle,"Aug 30, 2024",
0,https://www.amazon.com/dp/B0DFTTS3SS,B0DFTTS3SS,Don't you know? Haven't you heard?: A poetry book for Muslim teens to inspire values and spark imagination!,Farhan Noor,Paperback,"Aug 30, 2024",
0,https://www.amazon.com/dp/B0DFTP8TVM,B0DFTP8TVM,"Speak No Evil 2024 Movie Review: The Inspiration Behind the Film with Details of The Cast, Plot, Twist, Production and Everything you Need to Know",Susan K. Winters,Paperback,"Aug 30, 2024",
0,https://www.amazon.com/dp/B0DFTL3KQF,B0DFTL3KQF,The mp3's of 2003: All the trivia you can eat on each of the Top 100 songs of 2003 (The Yearly Top 100),TJ Allen,Kindle,"Aug 30, 2024",
0,https://www.amazon.com/dp/B0DFTKSRRB,B0DFTKSRRB,Branding Exposed: The Secret Strategies That Make You Spend,Lucas Sheffield,Paperback,"Aug 30, 2024",
0,https://www.amazon.com/dp/B0DFTDBH7L,B0DFTDBH7L,"Encyclopaedia Britannica, 11th Edition, ""Indole"" to ""Insanity"" (Classic Books)",Various,Kindle,"Aug 30, 2024",
0,https://www.amazon.com/dp/B0DFT5SPGQ,B0DFT5SPGQ,My Life (Classic Books),Josiah Flynt,Kindle,"Aug 30, 2024",
0,https://www.amazon.com/dp/B0DFRHPHXW,B0DFRHPHXW,Library Notes (Classic Books),A. P. Russell,Kindle,"Aug 30, 2024",
1,https://www.amazon.com/dp/B0DFR9GJDV,B0DFR9GJDV,The Young People's Wesley (Classic Books),W. McDonald,Kindle,"Aug 30, 2024",
0,https://www.amazon.com/dp/B0DFQVJHK5,B0DFQVJHK5,"British Quarterly Review, American Edition, Vol. LIII (Classic Books)",Various,Hardcover,"Aug 30, 2024",
0,https://www.amazon.com/dp/B0DFQMBWBM,B0DFQMBWBM,Albania (Classic Books),E. F. Knight,Kindle,"Aug 30, 2024",
2,https://www.amazon.com/dp/B0DFQLVJMK,B0DFQLVJMK,Echoes,Ryan Allen,Paperback,"Aug 30, 2024",
0,https://www.amazon.com/dp/B0DFQLLT83,B0DFQLLT83,"Ethnology of the Ungava District, Hudson Bay Territory (Classic Books)",Lucien M. Turner,Kindle,"Aug 30, 2024",
0,https://www.amazon.com/dp/B0DFQLKHFS,B0DFQLKHFS,The Journal of a Disappointed Man (Classic Books),W. N. P. Barbellion,Paperback,"Aug 30, 2024",
1,https://www.amazon.com/dp/B0DFQL7LPV,B0DFQL7LPV,Our First Half-Century: A Review of Queensland Progress Based Upon Official Information (Classic Books),Queensland,Kindle,"Aug 30, 2024",
0,https://www.amazon.com/dp/B0DFQL2WXK,B0DFQL2WXK,Behind the Veil in Persia and Turkish Arabia (Classic Books),M. E. Hume-Griffith,Paperback,"Aug 30, 2024",
0,https://www.amazon.com/dp/B0DFQKYDGZ,B0DFQKYDGZ,The American Indians (Classic Books),Henry Rowe Schoolcraft,Kindle,"Aug 30, 2024",
1,https://www.amazon.com/dp/B0DFQKW6ZL,B0DFQKW6ZL,The Levellers (Classic Books),Anonymous,Hardcover,"Aug 30, 2024",
1,https://www.amazon.com/dp/B0DFQK7JGW,B0DFQK7JGW,Ladies on Horseback (Classic Books),Mrs. Power O'Donoghue,Kindle,"Aug 30, 2024",
3,https://www.amazon.com/dp/B0DFQJT3P7,B0DFQJT3P7,Life and Character of Richard Carlile (Classic Books),George Jacob Holyoake,Kindle,"Aug 30, 2024",
0,https://www.amazon.com/dp/B0DFQJBYB7,B0DFQJBYB7,A Vindication of the Rights of Woman: With Strictures on Political and Moral Subjects,Mary Wollstonecraft,Hardcover,"Aug 30, 2024",
0,https://www.amazon.com/dp/B0DFQJ36Q7,B0DFQJ36Q7,Heroic Spain (Classic Books),Elizabeth Boyle O'Reilly,Paperback,"Aug 30, 2024",
0,https://www.amazon.com/dp/B0DFQGZ35F,B0DFQGZ35F,Ophiolatreia (Classic Books),Edward Sellon,Kindle,"Aug 30, 2024",
1,https://www.amazon.com/dp/B0DFQGJNRZ,B0DFQGJNRZ,The American Gentleman's Guide to Politeness and Fashion (Classic Books),Margaret C. Conkling,Kindle,"Aug 30, 2024",
0,https://www.amazon.com/dp/B0DFQG2MM4,B0DFQG2MM4,The influence and development of English gilds (Classic Books),Francis Aidan Hibbert,Kindle,"Aug 30, 2024",
0,https://www.amazon.com/dp/B0DFQFDGQD,B0DFQFDGQD,Satires and Profanities (Classic Books),James Thomson,Kindle,"Aug 30, 2024",
1,https://www.amazon.com/dp/B0DDGSVXF6,B0DDGSVXF6,"Breaking the Silence: A Comprehensive Guide to Mental Health, Financial Planning, Relationships, and Sexual Health in African Communities: Navigating Relationships, Finances and Wellness",Lena Hakurotwi,Kindle,"Aug 30, 2024",
0,https://www.amazon.com/dp/9292705636,9292705636,"Enhancing Gender Equality in Infrastructure Development: Theories of Change, Indicators, and Sector Strategies",Asian Development Bank,Kindle,"Aug 30, 2024",
0,https://www.amazon.com/dp/9292705547,9292705547,"Integrating Sexual Exploitation, Abuse, and Harassment Reporting and Case Handling Into Project Grievance Redress Mechanisms: Good Practice Note for ADB-Financed Projects with Civil Works",Asian Development Bank,Paperback,"Aug 30, 2024",
0,https://www.amazon.com/dp/9292704672,9292704672,Mapping Hazards in Nepal's Melamchi River: Catchment to Enhance Kathmandu's Water Security,Asian Development Bank,Kindle,"Aug 30, 2024",
0,https://www.amazon.com/dp/9292703293,9292703293,Gender Equality and Social Inclusion in South Asia: An Assessment for Action,Asian Development Bank,Paperback,"Aug 30, 2024",
0,https://www.amazon.com/dp/9292703269,9292703269,Evaluating the Gender Equality and Social Inclusion Impacts of ADB-Financed Projects in South Asia: A Guidance Note,Asian Development Bank,Paperback,"Aug 30, 2024",
0,https://www.amazon.com/dp/9292703234,9292703234,Gender Equality and Social Inclusion Analysis to Inform ADB's Country Partnership Strategies and Project Designs in South Asia: A Guidance Note,Asian Development Bank,Paperback,"Aug 30, 2024",
0,https://www.amazon.com/dp/620799681X,620799681X,Professional Competencies,Lázaro Francisco Acosta Ruiz,Paperback,"Aug 30, 2024",
0,https://www.amazon.com/dp/3384339142,3384339142,"KitaFix-Mindmap Space (Ready-made thought maps for Preschool work in Daycare and Kindergarten): Improve concentration & memorization Organize ... achieve a better overview, fun in learning",Sandra Plha,Kindle,"Aug 30, 2024",
0,https://www.amazon.com/dp/338433888X,338433888X,"KitaFix-Mindmap Fall (Ready-made thought maps for Preschool work in Daycare and Kindergarten): Improve concentration & memorization Organize thoughts, ... achieve a better overview, fun in learning",Sandra Plha,Kindle,"Aug 30, 2024",
0,https://www.amazon.com/dp/3348097622,3348097622,The Works of Shakespeare: Volume II,Howard Staunton Staunton,Paperback,"Aug 30, 2024",
0,https://www.amazon.com/dp/3348089506,3348089506,The Rhetoric of Aristotle: with a Commentary - Volume I,Edward Meredith Cope Cope,Paperback,"Aug 30, 2024",
0,https://www.amazon.com/dp/3348084334,3348084334,The Evolution of a Shadow: The bible doctrine of rest,A.M. Weston Weston,Paperback,"Aug 30, 2024",
3,https://www.amazon.com/dp/333780280X,333780280X,"Six Temples at Thebes, 1896",Wilhelm Spiegelberg Spiegelberg,Hardcover,"Aug 30, 2024",
0,https://www.amazon.com/dp/3031401042,3031401042,Predictive Policing and The Construction of The 'Criminal': An Ethnographic Study of Delhi Police (Palgrave's Critical Policing Studies),Shivangi Narayan,Kindle,"Aug 30, 2024",
0,https://www.amazon.com/dp/3031340574,3031340574,"Modernism in the Peripheral Metropolis: Form, Crisis and the City in Latin America (New Comparisons in World Literature)",Tavid Mulder,Kindle,"Aug 30, 2024",
1,https://www.amazon.com/dp/1636677657,1636677657,Juego peligroso: historias de lucha y diversidad en el futbol femenil mexicano (Spanish Edition),Carolina Alonso,Paperback,"Aug 30, 2024",
0,https://www.amazon.com/dp/1479438294,1479438294,Jailbait,William Bernard,Hardcover,"Aug 30, 2024",
0,https://www.amazon.com/dp/1434434133,1434434133,"Smithsonian Institution Bureau of American Ethnology, Bulletin 128",Various,Paperback,"Aug 30, 2024",
0,https://www.amazon.com/dp/1032582871,1032582871,The Transformative Journey of Higher Education in Prison,Lyle C. May,Kindle,"Aug 30, 2024",
1,https://www.amazon.com/dp/1032322780,1032322780,Libya: The Experience of Oil (Routledge Revivals),J A Allan,Kindle,"Aug 30, 2024",
0,https://www.amazon.com/dp/1032321830,1032321830,State Policies and Internal Migration (Routledge Revivals),A. S. Oberai,Kindle,"Aug 30, 2024",
0,https://www.amazon.com/dp/B0DFMLVZBG,B0DFMLVZBG,USHA VANCE BIOGRAPHY: A Journey of Excellence and Advocacy,Jeffrey E. Adam,Kindle,"Aug 29, 2024",
0,https://www.amazon.com/dp/1916572952,1916572952,"The Autistic Mom: A guide, advice and memoir of adult diagnosis and/or raising a neurodivergent child.",J. Whalley,Paperback,"Aug 29, 2024",
3,https://www.amazon.com/dp/B0DFPTB9CG,B0DFPTB9CG,"Thrive, Mama! The Ultimate Postpartum Blueprint: Restore Your Energy, Clear Your Mind, and Overcome Anxiety to Thrive As a Mother to Infants and Young Children",Dr. Lauren A. Davis,Kindle,"Aug 29, 2024",
0,https://www.amazon.com/dp/B0DFSJ7WHV,B0DFSJ7WHV,A Light to My Path,Joshua Gonzales,Kindle,"Aug 29, 2024",
0,https://www.amazon.com/dp/B0DFWPX652,B0DFWPX652,BRAT Notebook,Ink & Icons,Paperback,"Aug 29, 2024",
1,https://www.amazon.com/dp/B0DFQ7CFZS,B0DFQ7CFZS,Surviving the Tribulation: A survival guide for the great tribulation,Lou Galloway,Kindle,"Aug 29, 2024",
0,https://www.amazon.com/dp/1032754605,1032754605,Counter Terrorism Issues,James Ottavio Castagnera,Kindle,"Aug 29, 2024",
0,https://www.amazon.com/dp/1032478829,1032478829,Social Media and Digital Politics,James Jaehoon Lee,Kindle,"Aug 29, 2024",
1,https://www.amazon.com/dp/1945917881,1945917881,Almost Bluing for X-tra Whiteness,Timothy Gager,Kindle,"Aug 29, 2024",
3,https://www.amazon.com/dp/B0DFW5HKSZ,B0DFW5HKSZ,Individualist vs. Family-Based Societies: Which Is Better?,Claudio Fahmy,Kindle,"Aug 29, 2024",
3,https://www.amazon.com/dp/B0DFPWNRXW,B0DFPWNRXW,Annie Jacobsen Biography: Uncovering Truth and Shaping a Legacy,Kyrie Petra,Kindle,"Aug 29, 2024",
1,https://www.amazon.com/dp/3348081041,3348081041,The Life and Growth of Language: An outline of linguistic science,Willam D. Whitney Whitney,Kindle,"Aug 29, 2024",
2,https://www.amazon.com/dp/1032436808,1032436808,Automating Translation (Routledge Introductions to Translation and Interpreting),Joss Moorkens,Kindle,"Aug 29, 2024",
0,https://www.amazon.com/dp/B0DG8LMVRD,B0DG8LMVRD,Aceson: Journal Notebook Diary,Jen Perry,Hardcover,"Aug 29, 2024",
0,https://www.amazon.com/dp/B0DG2RJS5N,B0DG2RJS5N,SAVE the MALE: POWER POINT OVERVIEW,CESARE MARIA TREMATORE,Kindle,"Aug 29, 2024",
0,https://www.amazon.com/dp/B0DFWRQQ5T,B0DFWRQQ5T,Daisy Notebook | Daisy Journal Notebook | Yellow Aesthetic Notebook | Daisy Notebook |Journal | Yellow Floral Notebook | Yellow Journal Notebook | For ... | 8.5 X 11in | College-Ruled | 120 Pages,Prettie Shabby Studio,Paperback,"Aug 29, 2024",
0,https://www.amazon.com/dp/B0DFWRN1N2,B0DFWRN1N2,Floral Notebook Journal | Floral Notebook for Women | Pretty Floral Notebook | Floral Design Notebook | Blank Floral Notebook | Lined Floral Notebook ... | 8.5 X 11in | College-Ruled | 120 Pages,Prettie Shabby Studio,Paperback,"Aug 29, 2024",
0,https://www.amazon.com/dp/B0DFWQLTBG,B0DFWQLTBG,Floral Notebook Journals | Floral Notebook Journal for Women | Floral Notebook Journal | Coquette Notebook with Bow | Vintage Floral Notebook | ... Notes | 8.5 X 11in | College-Ruled | 120 p.,Prettie Shabby Studio,Paperback,"Aug 29, 2024",
0,https://www.amazon.com/dp/B0DFWQFGF2,B0DFWQFGF2,Drink Your Poison: Journal Notebook Diary,Jen Perry,Hardcover,"Aug 29, 2024",
0,https://www.amazon.com/dp/B0DFWML5LP,B0DFWML5LP,"Gay Mens Pride Flag Grid Notebook: 4x4 Graph Ruled, Grid Paper 6"" x 9"" 120 Pages",Gay Mens Pride Prints,Paperback,"Aug 29, 2024",
0,https://www.amazon.com/dp/B0DFWLWFJP,B0DFWLWFJP,"Gender Fluid Pride Flag Grid Notebook: 4x4 Graph Ruled, Grid Paper 6"" x 9"" 120 Pages",Gender Fluid Pride Prints,Paperback,"Aug 29, 2024",
2,https://www.amazon.com/dp/B0DFVH6KPH,B0DFVH6KPH,How to Read the Bible Like a Human Being | Workbook Six: Mark 6:33 - 7:30,Tony J Stoltzfus,Paperback,"Aug 29, 2024",
0,https://www.amazon.com/dp/B0DFTMM6G9,B0DFTMM6G9,"The Bible's Hidden Agenda: Control, Ignorance, and the Divine Spark",Claude D Rhodes 32*,Kindle,"Aug 29, 2024",
1,https://www.amazon.com/dp/B0DFR92DC5,B0DFR92DC5,STAY-AT-HOME MOMS (WITH A SIDE OF SARCASM): MASTERING MOTHERHOOD WITH A SMILE AND A SIDE-EYE,CEMA R.G,Kindle,"Aug 29, 2024",
0,https://www.amazon.com/dp/B0DFR4F356,B0DFR4F356,Bible Study Plan - The New Testament: Understanding the whole story of the bible clearly and easily (Bible Study Plan -The old Testament),Colorful Tales Co,Paperback,"Aug 29, 2024",
0,https://www.amazon.com/dp/B0DFQFQT81,B0DFQFQT81,Rich Boi Aroma,B.G. MEYERS,Kindle,"Aug 29, 2024",
1,https://www.amazon.com/dp/B0DFML8ZB4,B0DFML8ZB4,"Woke is Not a Four Letter Word: Reclaiming Respect, Empathy and Justice in the 21st Century (The View From Here - Diversity Equity and Inclusion)",Ms Kimberly Jane Olsen,Kindle,"Aug 29, 2024",
0,https://www.amazon.com/dp/9804374099,9804374099,From Immigrant To Diplomat: A path of perseverance,Ariel Valle,Kindle,"Aug 29, 2024",
0,https://www.amazon.com/dp/6208063620,6208063620,Uses of Digital Devices in Churches,Elijah Hembanen Apev,Paperback,"Aug 29, 2024",
0,https://www.amazon.com/dp/6208027470,6208027470,Social rights and old age in rural Parintins/Amazonas: Conceptions of the elderly in the Bom Socorro community regarding the fundamental rights of the Statute of the Elderly,Samuel Anselmo Filho,Paperback,"Aug 29, 2024",
0,https://www.amazon.com/dp/6207988752,6207988752,The impact of international conflicts: On African and Western states,Nadine MPWEKELA MUTANDA,Paperback,"Aug 29, 2024",
0,https://www.amazon.com/dp/6207841514,6207841514,"War, Gender, and Discursive Boundaries",Ogbu Chukwuka Nwachukwu,Paperback,"Aug 29, 2024",
1,https://www.amazon.com/dp/3348109795,3348109795,A History of Japanese Literature,William G. Aston Aston,Kindle,"Aug 29, 2024",
1,https://www.amazon.com/dp/3348106818,3348106818,Shakespeare as a Dramatic Artist,Richard G. Moulton Moulton,Kindle,"Aug 29, 2024",
0,https://www.amazon.com/dp/3348098416,3348098416,Miscellanies: Complete works of Ralph Waldo Emerson - Volume XI,Ralph Waldo Emerson Emerson,Paperback,"Aug 29, 2024",
0,https://www.amazon.com/dp/3348092485,3348092485,"History of Art in Sardinia, Judaea, Syria and Asia Minor: Volume II - History of Art in Sardinia and Judaea",Georges Perrot Perrot,Kindle,"Aug 29, 2024",
0,https://www.amazon.com/dp/3348090849,3348090849,The Poetical Works of Levi Bishop: With a sketch of the life of the author. Fourth Edition,Levi Bishop Bishop,Paperback,"Aug 29, 2024",
0,https://www.amazon.com/dp/3034349939,3034349939,Sigmund Freud: A Critical Introduction to Media and Communication Theory,Debra L. Merskin,Kindle,"Aug 29, 2024",
0,https://www.amazon.com/dp/3034347650,3034347650,Handbook on Translation and Interpretation Didactics,Hannelore Lee-Jahnke,Paperback,"Aug 29, 2024",
0,https://www.amazon.com/dp/1663264600,1663264600,George Orwell's Theory of Language: SECOND EDITION WITH A NEW AFTERWORD,Andrey Reznikov,Kindle,"Aug 28, 2024",
0,https://www.amazon.com/dp/1032462841,1032462841,Called to Account,Paul M. Clikeman,Kindle,"Aug 28, 2024",
2,https://www.amazon.com/dp/B0DFQHTR6S,B0DFQHTR6S,"Cultures and Traditions of South India: A book describing the lifestyles, culture and traditions of southern states in the Indian sub-continent.",Dr. Saraswathi Ramachandran,Kindle,"Aug 28, 2024",
0,https://www.amazon.com/dp/B0DFV4YV16,B0DFV4YV16,The Devil Wears Condoms,Victorya Hubicki,Kindle,"Aug 28, 2024",
4,https://www.amazon.com/dp/1528724119,1528724119,"Moon Lore: Myths, Worship, and Superstitions",Timothy Harley,Kindle,"Aug 28, 2024",
3,https://www.amazon.com/dp/B0DFM4Y3LQ,B0DFM4Y3LQ,"DELF A2 SPEAKING EXAM: A Bilingual Manual | 10 Simulated Interviews by French Native Speakers with Audio Recordings | Tips, Practice Exercises and Numerous Sample Answers",French for Tests,Paperback,"Aug 28, 2024",
1,https://www.amazon.com/dp/B0DFM459TX,B0DFM459TX,Transform Daily Small Group Leader Guide: Facilitating Growth and Connection in Eight Weeks of Faith (SoulStrength Fit Daily Devotionals & Leader Guides),Kelly Wenner,Kindle,"Aug 28, 2024",
2,https://www.amazon.com/dp/1528724127,1528724127,"Moon Magic: Lunar Myths, Goddesses, Horoscopes, and Herbs",Wyrd Books,Kindle,"Aug 28, 2024",
0,https://www.amazon.com/dp/B0DFVWC1GL,B0DFVWC1GL,Attributes of God: Christian White Journal with Bible Verses,Grace Rivers,Paperback,"Aug 28, 2024",
5,https://www.amazon.com/dp/1528724100,1528724100,Moon Phases: A Witch's Guide to the Lunar Calendar,Wyrd Books,Kindle,"Aug 28, 2024",
5,https://www.amazon.com/dp/B0DHFH4VMY,B0DHFH4VMY,Baby Bed,Brandon Butler,Kindle,"Aug 28, 2024",
0,https://www.amazon.com/dp/B0DFVFBF6C,B0DFVFBF6C,"STOCK INVESTING FOR KIDS: Master Your Money: The Ultimate Guide for Teens to Save, Invest, and Achieve Financial Freedom Early",Charles  E. Mooney,Kindle,"Aug 31, 2024",
0,https://www.amazon.com/dp/B0DFWKKFPZ,B0DFWKKFPZ,OH Shit I'm Dead Now What?: The Final Wishes Planner offers a no-fuss way for your loved ones to find all the important details when you’re no longer with them.,ERTEME,Paperback,"Aug 29, 2024",
0,https://www.amazon.com/dp/B0DFW8WDR8,B0DFW8WDR8,Oh Shit I'm Dead Now What?: Your loved ones can depend on the easy-to-follow Final Wishes Planner to find all the information they require when you’re no longer here.,ERTEME,Paperback,"Aug 28, 2024",
0,https://www.amazon.com/dp/0367712148,0367712148,"The Economics of Financial Services in Emerging Markets (Banking, Money and International Finance)",Bhagirath Prakash Baria,Kindle,"Aug 26, 2024",
0,https://www.amazon.com/dp/B0DF2VWKCH,B0DF2VWKCH,"LLC & S-CORPs BEGINNER'S GUIDE 2024: Everything You Need to Start, Run, and Grow Your Business. Includes tax tips, legal strategies, and expert advice.",Shawn B Collins,Kindle,"Aug 21, 2024",
0,https://www.amazon.com/dp/B0DDCDCGYF,B0DDCDCGYF,WHAT TO DO AFTER YOUR HOUSE FLOODS: A STEP-BY-STEP RECOVERY GUIDE (The Property Damage & Insurance Claims Series),SAM SHORROSH PHD,Kindle,"Aug 15, 2024",
0,https://www.amazon.com/dp/B0DCZSVTSY,B0DCZSVTSY,"Solvency II Demystified: Practical Approaches for Actuaries, Accountants and Risk Managers",Andrew J Wright,Kindle,"Aug 11, 2024",
0,https://www.amazon.com/dp/B0DCSHTPG8,B0DCSHTPG8,"A Beginner’s Guide To Stock Market Investment: Your Essential Guide to Making Money, Building Wealth, and Navigating the Stock Market with Confidence",Shawn M. Livingston,Kindle,"Aug 9, 2024",
0,https://www.amazon.com/dp/B0DC5HW956,B0DC5HW956,PROPERTY AND CASUALTY INSURANCE LICENSE EXAM PREP HANDBOOK: A Comprehensive Guide to Passing the Exam on Your First Try,Jack Press,Kindle,"Aug 3, 2024",
3,https://www.amazon.com/dp/B0CLJY1PNG,B0CLJY1PNG,Insurance and Reinsurance for the 21st Century: From Disruption to Evolution,Vladimir Njegomir,Paperback,"Oct 20, 2023",
4,https://www.amazon.com/dp/B0DFY9M1Z9,B0DFY9M1Z9,10 Tips to Help Compliance Officers SOAR!: Insights & Practical Tips from a Financial Services Regulator & AML and GRC Compliance Educator (CHASING COMPLIANCE),Simone E Martin,Kindle,"Aug 31, 2024",
1,https://www.amazon.com/dp/B0DFYKDHT8,B0DFYKDHT8,"Employee Warning Notice Form, Employee Write-Up Form for Organizations to Track Detailed Information About Violations and Necessary Actions To Be Taken. Employee Disciplinary Action Forms.",Othman abbir,Paperback,"Aug 31, 2024",
0,https://www.amazon.com/dp/B0DFZ1YFBV,B0DFZ1YFBV,Anne Frank Notepad (Paperback): Anne Frank Quotation 5; Paperback; Quotes on Notes; Famous Quotations Stationery,Quotes On Notes,Paperback,"Aug 31, 2024",
0,https://www.amazon.com/dp/B0DFV8ZLBV,B0DFV8ZLBV,How to Become a Graphic Designer - The Basics,ALFRED NEWMAN,Kindle,"Aug 31, 2024",
0,https://www.amazon.com/dp/B0DFYGR4XV,B0DFYGR4XV,Employee Warning Notice Form: Employee Write-Up Form for Organizations to Track Detailed Information About Violations and Necessary Actions to Be Taken. Employee Disciplinary Action Forms.,monssef bk,Paperback,"Aug 31, 2024",
0,https://www.amazon.com/dp/B0DG5FW7WF,B0DG5FW7WF,The Author’s Social Media and Community Building Planner,Jenna Harte,Paperback,"Aug 31, 2024",
0,https://www.amazon.com/dp/B0DFXC1DG7,B0DFXC1DG7,Mastering Debt Collection: Proven Strategies for Overcoming Objections and Securing Payments (Mastering Debt Collections),John shafer,Kindle,"Aug 31, 2024",
4,https://www.amazon.com/dp/B0DFX5Q2FS,B0DFX5Q2FS,STOP SELLING: LESS STRESS. MORE SUCCESS. Transformative Strategies from a Top Performer,Mark Stewart,Kindle,"Aug 31, 2024",
0,https://www.amazon.com/dp/B0DFX85RYW,B0DFX85RYW,"Invest Today, Prosper Tomorrow; Building Generational Wealth for a Brighter Future: Breaking Barriers, Building Wealth; Empowering Communities for Generations",Jennifer A Espy,Paperback,"Aug 31, 2024",
2,https://www.amazon.com/dp/B0DFTN4NHQ,B0DFTN4NHQ,Business English Short Stories for B1 English Learners: 50 Engaging Workplace Tales to Enhance Your Communication Skills (Learn English with 50 Short Stories),Elizabeth Snow,Kindle,"Aug 31, 2024",
0,https://www.amazon.com/dp/B0DFZQSZ4N,B0DFZQSZ4N,"Luma AI Dream Machine 1.5: The Future of AI-Driven Video Generation: A Deep Dive into the Next Generation of Content Creation (AI, INNOVATION, TECH, SCIENECE AND SPACE TREND UPDATES)",Tom K. Smith,Kindle,"Aug 31, 2024",
0,https://www.amazon.com/dp/B0DFXSM3YY,B0DFXSM3YY,"The Entrepreneur's Masterplan: Launch, Operate, and Scale Your Business",LaJun M. Cole Sr,Paperback,"Aug 31, 2024",
0,https://www.amazon.com/dp/B0DFVC5P6F,B0DFVC5P6F,Marketing for Car Dealerships and AI,Richard Halbe,Kindle,"Aug 31, 2024",
1,https://www.amazon.com/dp/B0DNNLQKX6,B0DNNLQKX6,CFA Level 1 Financial Statement Analysis,M Imran Ahsan,Paperback,"Aug 31, 2024",
0,https://www.amazon.com/dp/B0DGGZ7QCK,B0DGGZ7QCK,"Waikiki Beach: An Ideal Coffee Table Picture Book and the Perfect Gift for Enthusiasts of Tourism, Travel, Relaxation, and Meditation.",Eric Cool,Paperback,"Aug 31, 2024",
0,https://www.amazon.com/dp/B0DFTNJMH9,B0DFTNJMH9,Health & Safety Scenarios: A Guide through Health & Safety Accidents,Mr.  Phillip Brown Jr,Kindle,"Aug 31, 2024",
0,https://www.amazon.com/dp/B0DFVB1ZG6,B0DFVB1ZG6,Diversify Your Money Outside the Euro and the Dollar,William Kergroach,Kindle,"Aug 31, 2024",
2,https://www.amazon.com/dp/B0DFY38F17,B0DFY38F17,Mrs. Fletcher’s Cleaning Business Startup Guidebook,Cheryl Lynn Strickland,Paperback,"Aug 31, 2024",
0,https://www.amazon.com/dp/B0DG3FTGC2,B0DG3FTGC2,Egg Sales Record Book: Ledger to Track & Record Egg Transactions for Poultry Farmers & Sellers,Yasmine Hall,Paperback,"Aug 31, 2024",
2,https://www.amazon.com/dp/B0DG39JVMN,B0DG39JVMN,Egg Sales Record Book: Ledger to Track & Record Egg Transactions for Poultry Farmers & Sellers,Yasmine Hall,Paperback,"Aug 31, 2024",
0,https://www.amazon.com/dp/B0DFYQ87P4,B0DFYQ87P4,"Notebook with Alphabetical Order Tab Mark Printed: A-Z Mark, Allowing you to Categorize Information Systematically, Address Contact Record, Phone book, Personal Password and More.",Inham Happy Design,Hardcover,"Aug 31, 2024",
1,https://www.amazon.com/dp/B0GJQC1KFV,B0GJQC1KFV,The Overemployed Playbook: How to Master Remote Work and Secure Your Financial Future,C. Bell,Paperback,"Jan 23, 2026",
2,https://www.amazon.com/dp/B0CTGPV8GK,B0CTGPV8GK,Clueless About How to Build A Successful Business In The Self-improvement Industry,NEENA DAYAL,Paperback,"Jan 28, 2024",
2,https://www.amazon.com/dp/B0DFW4PXFZ,B0DFW4PXFZ,Game Builder AI: Use AI To Build Mystery Party Packages You Can Sell On Etsy,Cindy Donovan,Kindle,"Aug 31, 2024",
0,https://www.amazon.com/dp/B0DFVC95XG,B0DFVC95XG,"FINANCIAL FREEDOM FOR 2024: Defuse Tax Threats, Maximize Retirement Savings, and Achieve Financial Freedom through Multi-Family Real Estate",Charles  E. Mooney,Kindle,"Aug 31, 2024",
0,https://www.amazon.com/dp/B0DFVC8SFV,B0DFVC8SFV,LLCs for Nonresidents: A Practical Guide to Starting and Running Your US Business Remotely,"Sergei Tokmakov, Esq.",Kindle,"Aug 31, 2024",
0,https://www.amazon.com/dp/B0DFTVTSVL,B0DFTVTSVL,18 LEADERSHIP STYLES: A Comprehensive Guide to Effective Leadership,JUMA FREDRICK O.,Kindle,"Aug 31, 2024",
2,https://www.amazon.com/dp/B0DFKGQXPV,B0DFKGQXPV,"The Power of Life Coaching Volume 4: Life Coaches Manifesting Transformation in Financial, Professional, Emotional, Spiritual, Wellness and Relationship Aspects",Barbara Wainwright,Kindle,"Aug 31, 2024",
0,https://www.amazon.com/dp/B0DHH4L89P,B0DHH4L89P,Financial Freedom Unlocked: Escape the 9-5 Trap: A Step-by-Step Guide for Transforming Your Life and Finances,Mr Raphil Kabongo,Kindle,"Aug 31, 2024",
0,https://www.amazon.com/dp/B0DH726HHQ,B0DH726HHQ,CFA Level 1: Derivatives and Alternative Investments,M Imran Ahsan,Paperback,"Aug 31, 2024",
0,https://www.amazon.com/dp/B0DH566HJG,B0DH566HJG,What is Passive Income?: How to Earn Passive Income?,Asif Mehmood,Kindle,"Aug 31, 2024",
2,https://www.amazon.com/dp/B0DH4J5PQQ,B0DH4J5PQQ,Passive Income With Amazon Kindle Direct Publishing (KDP) (What is Passive Income?: How to Earn Passive Income?),Asif Mehmood,Kindle,"Aug 31, 2024",
0,https://www.amazon.com/dp/B0DH4GZMJR,B0DH4GZMJR,Passive Income with Amazon Affiliate Marketing (What is Passive Income?: How to Earn Passive Income?),Asif Mehmood,Kindle,"Aug 31, 2024",
1,https://www.amazon.com/dp/B0DGVWZJPG,B0DGVWZJPG,101 Social Media Posts + Photo Suggestions for Travel Agents,Tressa Carliss,Kindle,"Aug 31, 2024",
0,https://www.amazon.com/dp/B0DGH1FRRM,B0DGH1FRRM,"Valencia: An Ideal Coffee Table Picture Book and the Perfect Gift for Enthusiasts of Tourism, Travel, Relaxation, and Meditation.",Eric Cool,Paperback,"Aug 31, 2024",
0,https://www.amazon.com/dp/B0DGGZ3KYM,B0DGGZ3KYM,"Vernazza: An Ideal Coffee Table Picture Book and the Perfect Gift for Enthusiasts of Tourism, Travel, Relaxation, and Meditation.",Eric Cool,Paperback,"Aug 31, 2024",
0,https://www.amazon.com/dp/B0DGG1KLHN,B0DGG1KLHN,"Meeting Mastery: The Ultimate Organizer: Streamline Your Schedule, Boost Productivity, Achieve Success",Amos Cooper,Hardcover,"Aug 31, 2024",
1,https://www.amazon.com/dp/B0DGF1GRV9,B0DGF1GRV9,Know the Power of Automation in Digital Marketing: Unlocking Growth Through Automated Strategies,Durga Prasad Ladi,Kindle,"Aug 31, 2024",
0,https://www.amazon.com/dp/B0DGDZ89RX,B0DGDZ89RX,100 Modified Cars Coloring Book: Extraordinary Rides - Discover 100 Unique Cars with 50 Pages to Color and 50 to Download – Unleash Your Imagination!,TF @ 2024,Paperback,"Aug 31, 2024",
5,https://www.amazon.com/dp/B0DG8SS3HM,B0DG8SS3HM,The Ultimate Planner: WEEKLY GOALS AND DAILY TO DO LIST,The Booktrovert,Paperback,"Aug 31, 2024",
0,https://www.amazon.com/dp/B0DG5RJ6NB,B0DG5RJ6NB,A Reseller’s Inventory Log Book,Dalena Clounch,Paperback,"Aug 31, 2024",
0,https://www.amazon.com/dp/B0DG5MKPPK,B0DG5MKPPK,"Weekly Timesheet Shift Log Record Book: Timekeeping Journal. Track & Update Every Day. Ideal for Business, Personal, & Academic Use",Moonpeak Library,Hardcover,"Aug 31, 2024",
0,https://www.amazon.com/dp/B0DG5BV3RF,B0DG5BV3RF,"2025 Monthly Planner: Aesthetic Monthly Layout for Easy Scheduling | Includes Monthly Calendars, To-Do Lists, Goal Setting and Notes Sections, from January 2025 to December 2025.",SAKEE,Paperback,"Aug 31, 2024",
0,https://www.amazon.com/dp/B0DG3TSL46,B0DG3TSL46,black notebook 6x9in,CMK,Paperback,"Aug 31, 2024",
0,https://www.amazon.com/dp/B0DG3PVBC1,B0DG3PVBC1,"Composition Notebook: Cute Journal for Teens end Students , College Ruled Paper , School Supplies ,",ValenTina Publishing,Paperback,"Aug 31, 2024",
2,https://www.amazon.com/dp/B0DG3L4QFG,B0DG3L4QFG,Million Dolla Babies: A Workbook for Visionaries,Candas Medina,Paperback,"Aug 31, 2024",
0,https://www.amazon.com/dp/B0DG3L2NK3,B0DG3L2NK3,Everyday Growth Towards Financial Freedom,Mrs. Chris N. Phillips,Paperback,"Aug 31, 2024",
0,https://www.amazon.com/dp/B0DG394MYJ,B0DG394MYJ,Composition Notebook College Ruled: Parisian Pup Adventures: Vintage Chihuahua Illustration for Dog Lovers and Francophiles,Mary Willow,Paperback,"Aug 31, 2024",
0,https://www.amazon.com/dp/B0DG389S1C,B0DG389S1C,"Lined Journal Notebook, (Black & white), 140 Pages, 7 inches x 10 inches, Journal for writing",Asha Patel,Paperback,"Aug 31, 2024",
0,https://www.amazon.com/dp/B0DG37TJYC,B0DG37TJYC,EXPENSE TRACKER & MORE,NIKKI MARIE PITTS,Paperback,"Aug 31, 2024",
0,https://www.amazon.com/dp/B0DG36GFJW,B0DG36GFJW,Elegant Autumn Leaves Journal: 100 Lined Pages | 8.5 x 11 inches | Fall-Themed Notebook with Leaf Design on Every Page,Inkwell Creations,Paperback,"Aug 31, 2024",
0,https://www.amazon.com/dp/B0DG36F3F7,B0DG36F3F7,"Pink Coquette Style Composition Notebook : A Vintage Aesthetic-Inspired College Ruled 120 Pages 8.5 x 11 in: Ideal for Girls, Teens & Women with ... Notes for School, Rmantic Reflections",Bififl Creation,Paperback,"Aug 31, 2024",
0,https://www.amazon.com/dp/B0DG368QZ9,B0DG368QZ9,Cash stuffing saving goals: Ultimate Saving challenges book. Unique and Interactive Money saving challenge book with variety of saving goals: Dollar edition,Leuke Boekjes,Paperback,"Aug 31, 2024",
0,https://www.amazon.com/dp/B0DG3688GT,B0DG3688GT,The Interview: Guided Journey Workbook to Getting Hired,Natalia Peden,Hardcover,"Aug 31, 2024",
0,https://www.amazon.com/dp/B0DG3628VJ,B0DG3628VJ,Where Curiosity Meets Boundless Energy: Zodiac Sign Sagittarius Gift Notebook Journal for Friends and Family,Skaiste Art,Paperback,"Aug 31, 2024",
0,https://www.amazon.com/dp/B0DG35R8K1,B0DG35R8K1,Remind Me Later,Michael Luna,Paperback,"Aug 31, 2024",
0,https://www.amazon.com/dp/B0DG35N33X,B0DG35N33X,"Pink Aesthetic Composition Notebook College Ruled – Cute Cover in Coquette Style, Perfect for School or Work: Journal for Women and Girls, Ideal for ... Cover, Large 7.5 x 9.25 inches, 120 Pages",Maya Cotter,Paperback,"Aug 31, 2024",
0,https://www.amazon.com/dp/B0DG356V69,B0DG356V69,"Easy Budget Planner for Students and Beginners, Weekly Expense and Bill Tracker, Monthly Calendar and Summary, Year-End Review: 6.69” x 9.61”, Cream Papers, Additional Note Pages, Undated",Jubilee Jubilee,Paperback,"Aug 31, 2024",
1,https://www.amazon.com/dp/B0DG353BWB,B0DG353BWB,"A4 Squared Paper Computer Science Notebook - 100 Pages: ""Squared Grid Paper Notebook for Computer Science, Ideal for Graphing, Calculations, Engineering Sketches and Note-Taking""",Kadree Designs,Paperback,"Aug 31, 2024",
0,https://www.amazon.com/dp/B0DG353BW6,B0DG353BW6,Coquette Composition Notebook: Vintage Bows & Hearts | Pastel Pink | Girly Aesthetic | 110 Pages Wide Ruled Exercise Book | For Girls and Women | 7.5 x 9.25,Faye Landry,Paperback,"Aug 31, 2024",
0,https://www.amazon.com/dp/B0DG352V3Y,B0DG352V3Y,Pocket Calendar 2025-2026 for Purse - Cat v5 | 2 Year Pocket Planner January 2025 - December 2026 | Small Pocket Size 4 x 6.5,DeepDream Designs,Paperback,"Aug 31, 2024",
0,https://www.amazon.com/dp/B0DG34XZSB,B0DG34XZSB,Coquette Composition Notebook: Pretty Pink Bows | Pastel Blue Background | Vintage Aesthetic | 110 Pages Wide Ruled | For Girls and Women at Work or School | 7.5 x 9.25,Faye Landry,Paperback,"Aug 31, 2024",
0,https://www.amazon.com/dp/B0DG34QSXM,B0DG34QSXM,"Cash Memo Bill Book 2024: Essential Sales Record, Proof of Transaction and Purchase Details for Small Businesses, Shops, and Offices (6x9 inch, 107 Pages)",Radhika Murugesan,Paperback,"Aug 31, 2024",
0,https://www.amazon.com/dp/B0DG34QK1B,B0DG34QK1B,"Floral Planner: Undated 2025, 2026, 2027 Diary / Organizer and Agenda for Women",Miss W du Plooy,Hardcover,"Aug 31, 2024",
0,https://www.amazon.com/dp/B0DG34JFVN,B0DG34JFVN,Login and Password Keeper Book | Vintage Yellow Flower Aesthetic Background Password Notebook | Yellow Flower Password Organizer and Tracker,Ida Gray,Paperback,"Aug 31, 2024",
0,https://www.amazon.com/dp/B0DG34CK13,B0DG34CK13,Login and Password Keeper Book | Tropical Flower and Leaves Aesthetic Background Password Notebook | Tropical Flower and Leaves Password Organizer and Tracker,Ida Gray,Paperback,"Aug 31, 2024",
0,https://www.amazon.com/dp/B0DG3472VZ,B0DG3472VZ,Coquette Composition Notebook: Striped With Bows | Pastel Blue and Pink Stripes | Cute Chic Style | College Ruled Lined Journal | 110 Pages | 7.5 x 9.25 | For Girls and Women,Faye Landry,Paperback,"Aug 31, 2024",
0,https://www.amazon.com/dp/B0DG346JKS,B0DG346JKS,"Composition Notebook, Halloween Theme: Notebook With A Group Of Cartoon Pumpkins And Goblins Illustration On Cover, Journal with 120 graph Pages, 6x9 inch size for Student, Office Workers.",Camille Obrien,Paperback,"Aug 31, 2024",
0,https://www.amazon.com/dp/B0DG344RC2,B0DG344RC2,Pak Realty,Kristin Villa,Paperback,"Aug 31, 2024",
0,https://www.amazon.com/dp/B0DG338344,B0DG338344,"Budget Planner for Students and Beginners, Weekly Expense and Bill Tracker, Monthly Calendar and Summary, Year-End Review: 6.69” x 9.61”, Cream Papers, Additional Note Pages, Undated",Jubilee Jubilee,Paperback,"Aug 31, 2024",
0,https://www.amazon.com/dp/B0DG32NRX6,B0DG32NRX6,"Budget Planner for Students and Beginners, Weekly Expense and Bill Tracker, Monthly Calendar and Summary, Year-End Review: 6.69” x 9.61”, Cream Papers, Additional Note Pages, Undated",Jubilee Jubilee,Paperback,"Aug 31, 2024",
0,https://www.amazon.com/dp/B0DG32NFP6,B0DG32NFP6,"IF WHENEVER IT NOW: Positive Affirmation,Motivational and Inspirational Notebook",def art,Paperback,"Aug 31, 2024",
0,https://www.amazon.com/dp/B0DG2Z36NZ,B0DG2Z36NZ,"Cheetah Fuck It Weekly Planner: 2 Year, 104 Week Sunday to Saturday Calendar | Gift For People Who Love Safari Animals, Cat Lovers | With Over 100 ... and Badass Quotations | 6 x 9 Inches | v1",Designs By Sofia,Hardcover,"Aug 31, 2024",
0,https://www.amazon.com/dp/B0DG2Y8SLM,B0DG2Y8SLM,College Ruled Composition Notebook : Cute Mokele-Mbembe Cryptid (Cryptid Cuties),Mr Flower T Pots,Paperback,"Aug 31, 2024",
0,https://www.amazon.com/dp/B0DG2Y1XZS,B0DG2Y1XZS,"Reasons I'm Hitting The Bar Tonight: Notebook Journal 6 x 9 Blank Squared 100 pages- Funny Sarcastic Saying Gag Gift for Office Workers, Coworkers, Employees, Bosses and Students",MARVIN BRIGGS,Paperback,"Aug 31, 2024",
0,https://www.amazon.com/dp/B0DG2XV2KV,B0DG2XV2KV,"Composition Notebook ""heart pattern"" | Yellow: Softcover notebook for School, College, Office, Work | Size 6 x 9 inches | 100 Pages | Cute notebook ... Teens, Kids, Adults | Perfect for a gift.",sai sai,Paperback,"Aug 31, 2024",
0,https://www.amazon.com/dp/B0DG2XBYNR,B0DG2XBYNR,College Ruled Composition Notebook : Cute Wendigo Cryptid (Cryptid Cuties),Mr Flower T Pots,Paperback,"Aug 31, 2024",
0,https://www.amazon.com/dp/B0DG2WJH3S,B0DG2WJH3S,"Composition Notebook ""Polka Dot Design"" | Yellow: Softcover notebook for School, College, Office, Work | Size 6 x 9 inches | 100 Pages | Cute notebook ... Teens, Kids, Adults | Perfect for a gift.",sai sai,Paperback,"Aug 31, 2024",
0,https://www.amazon.com/dp/B0DG2WHW5R,B0DG2WHW5R,"Sloth Fuck It Weekly Planner: 2 Year, 104 Week Sunday to Saturday Calendar | Gift For People Who Love Tropical Rainforest Animals, Wildlife Lovers | ... and Badass Quotations | 6 x 9 Inches | v1",Designs By Sofia,Hardcover,"Aug 31, 2024",
0,https://www.amazon.com/dp/B0DG2W8PGZ,B0DG2W8PGZ,"Professional Chaos Coordinator: Notebook Journal 6 x 9 Blank Squared 100 pages- Funny Sarcastic Saying Gag Gift for Office Workers, Coworkers, Employees, Bosses and Students",MARVIN BRIGGS,Paperback,"Aug 31, 2024",
0,https://www.amazon.com/dp/B0DG2W61LP,B0DG2W61LP,"Composition Notebook ""Polka Dot Design"" | Red: Softcover notebook for School, College, Office, Work | Size 6 x 9 inches | 100 Pages | Cute notebook ... Teens, Kids, Adults | Perfect for a gift.",sai sai,Paperback,"Aug 31, 2024",
0,https://www.amazon.com/dp/B0DG2VVN7K,B0DG2VVN7K,"Plans For World Domination: Notebook Journal 6 x 9 Blank Squared 100 pages- Funny Sarcastic Saying Gag Gift for Office Workers, Coworkers, Employees, Bosses and Students",MARVIN BRIGGS,Paperback,"Aug 31, 2024",
3,https://www.amazon.com/dp/B0DFZ2N13Z,B0DFZ2N13Z,Strategic Internal Communicaitons: A Practical Guide to Creating a Plan Your CEO Will Love,Beth Copeland,Kindle,"Aug 31, 2024",
4,https://www.amazon.com/dp/B0DFZ22DR5,B0DFZ22DR5,The Ultimate Planner: Weekly Goals To Do List Habit Tracker Everyday schedule,The Booktrovert,Paperback,"Aug 31, 2024",
0,https://www.amazon.com/dp/B0DFZ18SV6,B0DFZ18SV6,My 8 MINUTE JOURNAL,Clara & Celine,Paperback,"Aug 31, 2024",
0,https://www.amazon.com/dp/B0DFYYQ4F6,B0DFYYQ4F6,"Food Hygiene Record Book 2025: Food Temperature Log Book With Inventory Management, Kitchen Cleaning Checklist for Businesses",KARIME HASSINE,Paperback,"Aug 31, 2024",
0,https://www.amazon.com/dp/B0DFYYFM66,B0DFYYFM66,"Hairdressing Appointment Book 2025: Weekly Planner Client Scheduler for Hairdresser, Barber, and Beauty Therapist from 8:00 to 21:00 intervals of 15/30/45 minutes. 48 Weeks | size A4",MZ3 DRAHAM,Paperback,"Aug 31, 2024",
0,https://www.amazon.com/dp/B0DFYXPPK3,B0DFYXPPK3,Meal Planner and Groceries,Nor Jannah,Paperback,"Aug 31, 2024",
0,https://www.amazon.com/dp/B0DFYX257N,B0DFYX257N,Meal Planner and Groceries,Nor Jannah,Paperback,"Aug 31, 2024",
0,https://www.amazon.com/dp/B0DFYVR74D,B0DFYVR74D,Meal Planner and Groceries,Nor Jannah,Paperback,"Aug 31, 2024",
0,https://www.amazon.com/dp/B0DFYTT1J1,B0DFYTT1J1,"EMERALD COLLECTION: 8.5x11 Dotted Notebook – 120 Pages, Ideal for Bullet Journaling, Note-Taking, and Creative Planning. Precision and Creativity ... COLLECTION: Enchantment in Every Stroke)",Artful Aura Store,Paperback,"Aug 31, 2024",
0,https://www.amazon.com/dp/B0DFYSX8FR,B0DFYSX8FR,Restaurant Reservation Book: Full day and long term organized reservation with high quality and satisfactory service to customers,MAGGIE GRIMES,Paperback,"Aug 31, 2024",
0,https://www.amazon.com/dp/B0DFYSF277,B0DFYSF277,"Restaurant Reservation Book 2025: Provide satisfactory service to your customers, organized and fast daily reservations throughout the year.",MAGGIE GRIMES,Paperback,"Aug 31, 2024",
0,https://www.amazon.com/dp/B0DFYRCYJJ,B0DFYRCYJJ,3 Year Monthly Planner 2025-2027: 36 Months Perfect Long-term Planning from January to December l Agenda Schedule Organizer Floral Design with Federal Holidays Pocket Size for Women,Belinda B. Aylmerton,Paperback,"Aug 31, 2024",
0,https://www.amazon.com/dp/B0DFYQNV12,B0DFYQNV12,Personal Trainer Client Log Book: Client Log Book for Appointment Tracking | Client Data Organizer for Personal Trainers to Keep Track of Customer Information,Dr. A A,Paperback,"Aug 31, 2024",
0,https://www.amazon.com/dp/B0DFYQ3B7Z,B0DFYQ3B7Z,"Excavator Maintenance Log Book: Track Repairs, Service History, and Safety Inspections",Pita Pat Press,Paperback,"Aug 31, 2024",
0,https://www.amazon.com/dp/B0DFYQ2Y2G,B0DFYQ2Y2G,Notary Journal Log Book: Notary Public Record Book | Notaria Act Log Sheets | 357 Notary Record Sheets,Dr. A A,Paperback,"Aug 31, 2024",
0,https://www.amazon.com/dp/B0DFYPWC78,B0DFYPWC78,"Vintage Notebook College Ruled: Unleash Your Inner Artist With This Vibrant Skull & Flora Composition Notebook | Ideal For Girls, Teens, College, Office, & Work",FlexiHarmony Creations,Paperback,"Aug 31, 2024",
0,https://www.amazon.com/dp/B0DFYNMRWW,B0DFYNMRWW,GRAPH AND NOTES: NOTE BOOK FOR MUSIC,KAMAL GDS,Paperback,"Aug 31, 2024",
0,https://www.amazon.com/dp/B0DFYGMBYF,B0DFYGMBYF,"I Can Not be Held Responsible for what my Face Does when you Talk: Funny Sarcastic Notebook Journal for Work, Gag Gift for Best Friend Men Women, Office Co-workers, Boss, Leaving Job",Md Sabuj,Paperback,"Aug 31, 2024",
0,https://www.amazon.com/dp/B0DFYFW9RL,B0DFYFW9RL,"Kawaii Dreams Notebook: A Cute and Colourful Cover with Black-and-White Pages for Your Thoughts, Doodles, and Ideas",Mrs Maggie Moussa,Paperback,"Aug 31, 2024",
1,https://www.amazon.com/dp/B0DFYBXJ7V,B0DFYBXJ7V,Cat Composition Notebook: Cute Cat College Ruled Journal for School or Office,Desi Designs,Paperback,"Aug 31, 2024",
0,https://www.amazon.com/dp/B0DFXR9S3V,B0DFXR9S3V,The US Economy: Trends and Challenges 1970 - 2050,Miguel Peñaloza,Paperback,"Aug 31, 2024",
0,https://www.amazon.com/dp/B0DFWHFTNG,B0DFWHFTNG,Analytical Thinking: An Overview Based on Data Decision-Making,Epris E. Ezekiel,Kindle,"Aug 31, 2024",
0,https://www.amazon.com/dp/B0DFW8DWQ6,B0DFW8DWQ6,A guide to hidden White HAT SEO strategies,Ankit Anubhav,Kindle,"Aug 31, 2024",
0,https://www.amazon.com/dp/B0DFW5X2QL,B0DFW5X2QL,TEACHING OUR ELEMENTARY SCHOOL KIDS INVESTMENT,Benjamin X,Kindle,"Aug 31, 2024",
0,https://www.amazon.com/dp/B0DFVNG9T6,B0DFVNG9T6,Financial Freedom Formula: Break Free from the Rat Race and Live with Purpose,Adefemi Ogundana,Kindle,"Aug 31, 2024",
1,https://www.amazon.com/dp/B0DFVJ9DFF,B0DFVJ9DFF,A DISTRICT MANAGER'S HANDBOOK,SALIEU SAL SAIDY,Kindle,"Aug 31, 2024",
0,https://www.amazon.com/dp/B0DFVJ938P,B0DFVJ938P,Home Brew to Craft Brewery: Scaling Your Beer-Making Passion into a Business,Silas Meadowlark,Kindle,"Aug 31, 2024",
0,https://www.amazon.com/dp/B0DFVJ7F6H,B0DFVJ7F6H,Mastering Event Planning: Essential Strategies For Launching And Growing Your Event Planning Career,Richard Harrison,Kindle,"Aug 31, 2024",
1,https://www.amazon.com/dp/B0DFVHQ9FF,B0DFVHQ9FF,Always See The River (Sean Lynn rants and trash written while he was intoxicated),Sean Lynn,Kindle,"Aug 31, 2024",
0,https://www.amazon.com/dp/B0DFVGYPD4,B0DFVGYPD4,Guide To Investing In Rental Properties: A Step-by-Step Approach to Real Estate Success (Entrepreneur's Edge),Harvey M. Wilson,Kindle,"Aug 31, 2024",
0,https://www.amazon.com/dp/B0DFVFZKCL,B0DFVFZKCL,Thongs & G-Strings: Embracing Comfort & Confidence,INDERBIR SINGH,Kindle,"Aug 31, 2024",
0,https://www.amazon.com/dp/B0DFVFMSTY,B0DFVFMSTY,The Science Of Optimism: Unleash the Power of Optimism & Transform Your Life with Science,Michel Sinclair,Kindle,"Aug 31, 2024",
0,https://www.amazon.com/dp/B0DFVFDVST,B0DFVFDVST,Essential Cyber Security Strategies: Safeguard Your Business Against Cyber Attacks And Data Breaches,Richard Harrison,Kindle,"Aug 31, 2024",
0,https://www.amazon.com/dp/B0DFVF7SDH,B0DFVF7SDH,The Art of Earning Without Working: Building Passive Income,Owen Johnson,Kindle,"Aug 31, 2024",
0,https://www.amazon.com/dp/B0DFVF6G2W,B0DFVF6G2W,KINGDOM ECONOMICS PART 2: Tithe & Offering (KIngdom Wealth),CHIKERE CHRISTIAN,Kindle,"Aug 31, 2024",
1,https://www.amazon.com/dp/B0DFVDFJ5K,B0DFVDFJ5K,"Online Passive Income: Unlocking Financial Freedom Through Passive Income, A Blueprint to Online Passive Income and How to Get Started",Evan R Sterling,Kindle,"Aug 31, 2024",
0,https://www.amazon.com/dp/B0DFVD4QX4,B0DFVD4QX4,"The Fix & Flip Blueprint: A Practical Guide to Finding, Fixing, and Flipping Properties: Unlocking Profitable Real Estate Opportunities with ... Sale Strategies (Money and Investing Series)",Rodger Knowles,Kindle,"Aug 31, 2024",
3,https://www.amazon.com/dp/B0DFVD386S,B0DFVD386S,"100 EXPERT SECRETS FOR YOUNG ENTREPRENEURS AND STARTUPS Startup Success: Key Strategies for Young Innovators and New Ventures: Business and Finance ... for Life, Health, Happiness, Success.)",SmartLife Guides,Kindle,"Aug 31, 2024",
0,https://www.amazon.com/dp/B0DFVB9R1P,B0DFVB9R1P,"Small Business, Big Impact: Mastering Digital Marketing",Dwight Gallivan,Kindle,"Aug 31, 2024",
0,https://www.amazon.com/dp/B0DFV9GRQT,B0DFV9GRQT,Becoming Top Financial Talents in China,Wen Si,Kindle,"Aug 31, 2024",
0,https://www.amazon.com/dp/B0DFTXCKKB,B0DFTXCKKB,Are you a Happy Manager?,Chandrasekar Santhanam,Kindle,"Aug 31, 2024",
0,https://www.amazon.com/dp/B0DFTTFQKK,B0DFTTFQKK,Marketing Management: STRATEGIES to Increase Sales and Customer Loyalty,Cindy Giri S.Tr.M,Paperback,"Aug 31, 2024",
2,https://www.amazon.com/dp/B0DFTT129C,B0DFTT129C,The Psychology of Everyday Decisions: Unraveling the Mind’s Hidden Mechanics,Dinesh Deckker,Kindle,"Aug 31, 2024",
0,https://www.amazon.com/dp/B0DFTSG8B6,B0DFTSG8B6,The Fish Farming Business: A Comprehensive Guide to Pisciculture,Marla Conary,Kindle,"Aug 31, 2024",
0,https://www.amazon.com/dp/B0DFTRL57H,B0DFTRL57H,100 WAYS TO MAKE MONEY FROM HOME: Smart and Simple Ways to Boost Your Income Without Leaving Home,Ryan Daniel,Paperback,"Aug 31, 2024",
0,https://www.amazon.com/dp/B0DFTP6597,B0DFTP6597,Shadowed Governance: Unmasking Liar's Heir Syndrome and Its Grip of Control (Liar’s Heir Syndrome : The Hidden System That Trains People to Reject Truth and Protect Lies),Ashley Tucker,Paperback,"Aug 31, 2024",
4,https://www.amazon.com/dp/B0DFT9ZD7H,B0DFT9ZD7H,Are You Coachable?: The Science of a Growth Mindset,Dr. Chuck Coker,Kindle,"Aug 30, 2024",
0,https://www.amazon.com/dp/B0DFX71323,B0DFX71323,The Ultimate Guide to ITSM for Beginners: Mastering IT Service Management Processes for Effective and Efficient IT Operations,Semanthie Nievarrio,Paperback,"Aug 30, 2024",
0,https://www.amazon.com/dp/B0DFWZ57KK,B0DFWZ57KK,Pretty Composition Notebook: Floral Notebook for Women & Girls - Cream College Ruled Pages & Cute Pink Vintage Aesthetic - Coquette School Supplies,Paige Ruggiero,Paperback,"Aug 30, 2024",
2,https://www.amazon.com/dp/B0DFWZKYQZ,B0DFWZKYQZ,"I Do Payroll You Should Be Nice To Me: 6 x 9 Blank Lined Notebook Journal Blue - Funny Saying Sarcastic Work Gag Gift for Office Coworkers, Employees, Adults, Boss",Office Journals,Paperback,"Aug 30, 2024",
4,https://www.amazon.com/dp/B0DFWYS2TC,B0DFWYS2TC,"Notes I Take While I'm Screaming Inside: 6 x 9 Blank Lined Notebook Journal Blue - Funny Saying Sarcastic Work Gag Gift for Office Coworkers, Employees, Team, Adults, Boss",Office Journals,Paperback,"Aug 30, 2024",
1,https://www.amazon.com/dp/B0DFZNTT3M,B0DFZNTT3M,"Annecy: An Ideal Coffee Table Picture Book and the Perfect Gift for Enthusiasts of Tourism, Travel, Relaxation, and Meditation.",Eric Cool,Paperback,"Aug 30, 2024",
2,https://www.amazon.com/dp/B0DFQHJKK1,B0DFQHJKK1,How to Choose the Right AI Use Cases: Your Step-by-Step Workbook,Reddy Mallidi,Kindle,"Aug 30, 2024",
0,https://www.amazon.com/dp/B0DFWWZTCV,B0DFWWZTCV,"If It's Not Documented It Didn't Happen: 6 x 9 Blank Lined Notebook Journal Blue - Funny Saying Sarcastic Work Gag Gift for Office Coworkers, Employees, Team, Adults, Boss",Office Journals,Paperback,"Aug 30, 2024",
1,https://www.amazon.com/dp/B0DFTBFTPD,B0DFTBFTPD,Leader Inspired Work: Book Club Guide,Greta Rosler,Paperback,"Aug 30, 2024",
2,https://www.amazon.com/dp/B0DGMHJ16L,B0DGMHJ16L,Banking by Design,Sandeep Deobhakta,Kindle,"Aug 30, 2024",
0,https://www.amazon.com/dp/B0DFY3PDNK,B0DFY3PDNK,"Your Year, Your Goals: 24-Month Big A4 Format Men’s Business Calendar Planner for Daily Organization, Success, and Productivity with Wide Space Layout",MASTERPLANNERS,Paperback,"Aug 30, 2024",
0,https://www.amazon.com/dp/B0DFT3YDKW,B0DFT3YDKW,"CERTIFIED INTERNAL AUDITOR PART 2 EXAM PREP 2024-2025: Over 465+ Practice Questions, detailed Answer Explanations and Exam Tips (CIA)",CareerCert Publishing,Paperback,"Aug 30, 2024",
0,https://www.amazon.com/dp/B0DFTJKSCG,B0DFTJKSCG,"Car Detailing Business Guide: A Step-by-Step Guide to Starting, Running and Scaling a Car Care Enterprise",Kevin Keller,Paperback,"Aug 30, 2024",
4,https://www.amazon.com/dp/B0DFXC1FJN,B0DFXC1FJN,The Basics of Financial Stewardship: What the Bible Says about Money and How to Apply It,Glen Alan Thomas,Kindle,"Aug 30, 2024",
0,https://www.amazon.com/dp/B0DG5Y8LSH,B0DG5Y8LSH,Core 100 Reader,ZWART  JANE,Paperback,"Aug 30, 2024",
2,https://www.amazon.com/dp/B0DFTGK5G7,B0DFTGK5G7,Solving problems in Microsoft Excel 2024 and 365 using VBA and macros (VBA & macros),Klemens Nguyen,Kindle,"Aug 30, 2024",
0,https://www.amazon.com/dp/B0DFY16SY4,B0DFY16SY4,2-Year Dog Grooming Appointment Book 2025-2026: Daily Weekly and Monthly Planner For Pet Groomer With Hourly Slots 6.00am - 12.00pm with 60-minute ... & Client Contacts ... 8.5 x 11 inches.,Wonder  Life Team,Paperback,"Aug 30, 2024",
0,https://www.amazon.com/dp/B0DFY3K3KF,B0DFY3K3KF,"Ultimate Monthly Bill Payment Checklist & Tracker: Large Print 8.5” x 11” - 4 Years 48 Months Expense Income Debt Saving Log Book and Payoff Planner ... Year S, Beige Coverummary, Notes Pages",Div Shot,Paperback,"Aug 30, 2024",
0,https://www.amazon.com/dp/B0DFWX5MX1,B0DFWX5MX1,BRIAN NICCOL BIOGRAPHY: A Visionary Leader's Rise From Tacos to Burritos,Amy R. Beeson,Kindle,"Aug 30, 2024",
2,https://www.amazon.com/dp/B0DFT9VPZ7,B0DFT9VPZ7,Thriving In Tech: A Step-by-Step Beginners Guide for Success in the World of High-Paying Tech Jobs,Jericho Stone,Kindle,"Aug 30, 2024",
1,https://www.amazon.com/dp/B0DFY5YQBM,B0DFY5YQBM,"Ultimate Monthly Bill Payment Checklist & Tracker: Large Print 8.5” x 11” - 4 Years 48 Months Expense Income Debt Saving Log Book and Payoff Planner ... Year Summary, Notes Pages, Flower Cover",Div Shot,Hardcover,"Aug 30, 2024",
0,https://www.amazon.com/dp/B0DFY2TGJ6,B0DFY2TGJ6,"Ultimate Monthly Bill Payment Checklist & Tracker: Large Print 8.5” x 11” - 4 Years 48 Months Expense Income Debt Saving Log Book and Payoff Planner ... Year Summary, Notes Pages, Blue Cover",Div Shot,Hardcover,"Aug 30, 2024",
1,https://www.amazon.com/dp/B0DFZV22BY,B0DFZV22BY,"Brittany: An Ideal Coffee Table Picture Book and the Perfect Gift for Enthusiasts of Tourism, Travel, Relaxation, and Meditation.",Eric Cool,Paperback,"Aug 30, 2024",
0,https://www.amazon.com/dp/B0DFY215PZ,B0DFY215PZ,"Ultimate Monthly Bill Payment Checklist & Tracker: Large Print 8.5” x 11” - 4 Years 48 Months Expense Income Debt Saving Log Book and Payoff Planner ... Year Summary, Notes Pages, Triangles Cover",Div Shot,Paperback,"Aug 30, 2024",
1,https://www.amazon.com/dp/B0DGWNWM3R,B0DGWNWM3R,OWNER FINANCING SECRETS: A Step-By-Step Guide To Buying Property With Ease,Robert A Gomez,Kindle,"Aug 30, 2024",
0,https://www.amazon.com/dp/B0DFXR6DYN,B0DFXR6DYN,"Rental Ledger Log Book: Rental Management Ledger: Income & Expenses, Rent Payment Tracker, Property Record Book.",Mido Publishing,Paperback,"Aug 30, 2024",
1,https://www.amazon.com/dp/B0DFVBN2PG,B0DFVBN2PG,Optimized in 90 Days: Lily's Lemonade Stand,Juneann Olivia George,Kindle,"Aug 30, 2024",
0,https://www.amazon.com/dp/B0DFWTPP1D,B0DFWTPP1D,Black and White Gradient Notebook: College Ruled Journal for Business and School,Desi Designs,Paperback,"Aug 30, 2024",
0,https://www.amazon.com/dp/B0DG5ZSR3F,B0DG5ZSR3F,"New York Notary Log Book 2024 2025, Sheet for Notarial Actions Recording, Notaries Public Journal, Professional Log, Record Book: 8,5 x 11 po With 120 ... Notebook for NY People to Write Notarial Acts",Log Books Family Editions,Paperback,"Aug 30, 2024",
2,https://www.amazon.com/dp/B0DFQLHVPF,B0DFQLHVPF,Trailblazers of Innovation: Discovering the Unseen Contributions of African American Inventors,Dr. Antonio Arnold,Kindle,"Aug 30, 2024",
0,https://www.amazon.com/dp/B0DFVNFKCL,B0DFVNFKCL,AI-Powered Healthcare: Practical Applications Of Artificial Intelligence for Non-Tech Professionals In Healthcare,Maria Jennings,Kindle,"Aug 30, 2024",
0,https://www.amazon.com/dp/B0DFTQB5W8,B0DFTQB5W8,Mastering Mind Mapping: Techniques for Creative Thinking: Micro Book - A3,Ciro Irmici,Kindle,"Aug 30, 2024",
0,https://www.amazon.com/dp/B0DFTDQMC6,B0DFTDQMC6,"Know Your Money: High-Yield Savings vs. Series ""I"" Bonds vs. Certificates of Deposit vs. Treasury Bills vs. Money Market Funds (Great Investing)",Joshua King,Kindle,"Aug 30, 2024",
0,https://www.amazon.com/dp/B0DFTCS4FD,B0DFTCS4FD,Premium Digital Marketing: Strategies for Exceptional Outcomes,André Garcia,Kindle,"Aug 30, 2024",
0,https://www.amazon.com/dp/B0DFT3CCWT,B0DFT3CCWT,"Thomas Paine, the Apostle of Liberty (Classic Books)",John E. Remsburg,Kindle,"Aug 30, 2024",
0,https://www.amazon.com/dp/B0DFR59SDP,B0DFR59SDP,Our Railroads To-Morrow (Classic Books),Edward Hungerford,Kindle,"Aug 30, 2024",
1,https://www.amazon.com/dp/B0DFR222X4,B0DFR222X4,The Knack of Managing (Classic Books),Lewis K. Urquhart,Kindle,"Aug 30, 2024",
0,https://www.amazon.com/dp/B0DFQKVMB6,B0DFQKVMB6,"I've Been Thinking; or, the Secret of Success (Classic Books)",A. S. Roe,Kindle,"Aug 30, 2024",
2,https://www.amazon.com/dp/B0DFQKRLZ2,B0DFQKRLZ2,William Jay and the Constitutional Movement for the Abolition of Slavery (Classic Books),Bayard Tuckerman,Kindle,"Aug 30, 2024",
1,https://www.amazon.com/dp/B0DFQHNN1P,B0DFQHNN1P,Monopolies and the People (Classic Books),D. C. Cloud,Kindle,"Aug 30, 2024",
2,https://www.amazon.com/dp/B0DFQGHB1K,B0DFQGHB1K,"Money: Speech of Hon. John P. Jones, of Nevada, on the Free Coinage of Silver; in the United States Senate, May 12 and 13, 1890 (Classic Books)",John P. Jones,Kindle,"Aug 30, 2024",
0,https://www.amazon.com/dp/B0GTR5YTVT,B0GTR5YTVT,Forex Investing 101: Simple Strategies for Earning From Currency Markets Without Active Trading (Alternative Income & Passive Cash Flow),Usiere Uko,Kindle,"Aug 30, 2024",
0,https://www.amazon.com/dp/B0DTGHG71Z,B0DTGHG71Z,"Thoughtful Large Lined Journal, 100 Pages, 8.5 x 11 inches - Perfect Gift for Teens and Women for Writing, Planning, and Reflection",Luv Em,Hardcover,"Aug 30, 2024",
0,https://www.amazon.com/dp/B0DJ2DR66Q,B0DJ2DR66Q,Financial Path Of Dragans: The Quest Begins! - Be Cool & Be Calm - 25 Gratitudes & Affirmations Dragan Style!: Fun Financial Lit Colouring Book With ... Life Skills For Tweens - The Quest Begins!),Dragan Storm,Paperback,"Aug 30, 2024",
1,https://www.amazon.com/dp/B0DGL2T7XT,B0DGL2T7XT,"Play, Plan, Prosper: Discover the transformative potential of gamification in achieving long-term financial wellness.",Michael Chua,Paperback,"Aug 30, 2024",
0,https://www.amazon.com/dp/B0DG8FMZHW,B0DG8FMZHW,The Work Escape Plan - 40 Success stories to inspire: For anybody who wants to be inspired by entrepreneurs with a free spirit,Bernadet Bijsterbosch,Paperback,"Aug 30, 2024",
0,https://www.amazon.com/dp/B0DFZZ8WPN,B0DFZZ8WPN,Consumer and Organizational Behavior in the Age of Ai,Kittisak Jermsittiparsert,Hardcover,"Aug 30, 2024",
0,https://www.amazon.com/dp/B0DFZPTB2X,B0DFZPTB2X,"Budva: An Ideal Coffee Table Picture Book and the Perfect Gift for Enthusiasts of Tourism, Travel, Relaxation, and Meditation.",Eric Cool,Paperback,"Aug 30, 2024",
0,https://www.amazon.com/dp/B0DFZJXVBF,B0DFZJXVBF,Beyond Borders: Exploring Globalization and Its Impacts,William Vincent,Kindle,"Aug 30, 2024",
0,https://www.amazon.com/dp/B0DFZ1X1P9,B0DFZ1X1P9,"The Ultimate Guide to Bond Investing for Beginners: Master The Art Of Bond Investing With Strategies For Building A Stable, Income-Generating Portfolio That Secures Your Financial Future",Semanthie Nievarrio,Paperback,"Aug 30, 2024",
0,https://www.amazon.com/dp/B0DFYXYRJQ,B0DFYXYRJQ,"New York Notary Log Book With Golden Statue, Public Journal Logbook, Journal for Notaries to Record 238 Notarial Acts, Notebook Black and Gold: 8,5 x ... Gift for NY State Student, Graduate, Trainee",Log Book Family Editions,Paperback,"Aug 30, 2024",
0,https://www.amazon.com/dp/B0DFYNYL8X,B0DFYNYL8X,One Step at a Time Daily Productivity Planner,James  Dillon Lasagna,Paperback,"Aug 30, 2024",
0,https://www.amazon.com/dp/B0DFYMJSLY,B0DFYMJSLY,AI Tools to Run Your Business: How to Automate Success for a Profitable Online Business,Samuel Rook,Kindle,"Aug 30, 2024",
1,https://www.amazon.com/dp/B0DFYM478F,B0DFYM478F,"Business Motivation: How to Stay Focused and Consistent, Overcome Obstacles, Build Better Habits, and Achieve Your Goals",Bilat Shaista,Kindle,"Aug 30, 2024",
0,https://www.amazon.com/dp/B0DFYBWY9P,B0DFYBWY9P,"composition notebook: Cute Notebook Bee for School College, Office, Work |Pages : 100 | 7.5"" x 9.25 inch",Moataz Moarsy,Paperback,"Aug 30, 2024",
1,https://www.amazon.com/dp/B0DFYBWBYS,B0DFYBWBYS,"Composition Notebook Wide Ruled: Cute Pink Coquette Bows and Hearts Aesthetic Journal for Girls, Teens, Women | Perfect for Back to School Supplies, Work, Office, Writing, Journaling",Maisie Monnier,Paperback,"Aug 30, 2024",
0,https://www.amazon.com/dp/B0DFYBW12G,B0DFYBW12G,One Step at a Time Daily Productivity Planner,James  Dillon Lasagna,Paperback,"Aug 30, 2024",
0,https://www.amazon.com/dp/B0DFY9MSNY,B0DFY9MSNY,"All the Things I Was Right About: Funny Gag Gift Notebook for Sarcastic and Smug Moments - Perfect Office Humor Journal for Confident People | Great Gift for Friends, Coworkers, and Family",GRAPHIX REYNOLDS,Paperback,"Aug 30, 2024",
0,https://www.amazon.com/dp/B0DFY9F35Y,B0DFY9F35Y,Brilliant Business Ideas & Emergency Toilet Paper: Hilarious Christmas Gag Gift Notebook for Entrepreneurs and Office Humor - Perfect for White ... for Entrepreneurs and Creative Thinkers,GRAPHIX REYNOLDS,Paperback,"Aug 30, 2024",
0,https://www.amazon.com/dp/B0DFY8WBPP,B0DFY8WBPP,"Ultimate Monthly Bill Payment Checklist & Tracker: Large Print 8.5” x 11” - 4 Years 48 Months Expense Income Debt Saving Log Book and Payoff Planner ... Year Summary, Notes Pages, Torn Paper Cover",Div Shot,Hardcover,"Aug 30, 2024",
0,https://www.amazon.com/dp/B0DFY8RQ72,B0DFY8RQ72,".: Ready to be filled with Memories and Thoughts, 6x9 150- Pages, 130 Lined and 20 Blank for Notes and Photos",Mandy Faraday,Paperback,"Aug 30, 2024",
0,https://www.amazon.com/dp/B0DFY8PC12,B0DFY8PC12,Budget Planner: Take control of your finances and see where your money goes.,Mr. Timothy Edward Gilliam,Paperback,"Aug 30, 2024",
0,https://www.amazon.com/dp/B0GV3BFJ5S,B0GV3BFJ5S,"BOOM: How Wealth is Built, Scaled, and Owned in the Digital Age - Black & White Edition",Ian N Hammond,Paperback,"Mar 22, 2026",
0,https://www.amazon.com/dp/B0DFY7D468,B0DFY7D468,"New York Notary Logbook with Abstract and Colorful Background, NY Notary Public Journal, Journal for Notary to Write Notarial Act: 8,5 x 11 po With ... Actions Recording, Gift fo Student, Graduate",Log Book Family Editions,Paperback,"Aug 30, 2024",
0,https://www.amazon.com/dp/B0DFY79HRC,B0DFY79HRC,"Ultimate Monthly Bill Payment Checklist & Tracker: Large Print 8.5” x 11” - 4 Years 48 Months Expense Income Debt Saving Log Book and Payoff Planner ... Year Summary, Notes Pages, Torn Black Cover",Div Shot,Hardcover,"Aug 30, 2024",
0,https://www.amazon.com/dp/B0DFY795TZ,B0DFY795TZ,"Ultimate Monthly Bill Payment Checklist & Tracker: Large Print 8.5” x 11” - 4 Years 48 Months Expense Income Debt Saving Log Book and Payoff Planner ... Year Summary, Notes Pages. Orange Cover",Div Shot,Hardcover,"Aug 30, 2024",
0,https://www.amazon.com/dp/B0DFY772T4,B0DFY772T4,"Ultimate Monthly Bill Payment Checklist & Tracker: Large Print 8.5” x 11” - 4 Years 48 Months Expense Income Debt Saving Log Book and Payoff Planner ... Year Summary, Notes Pages, Torn Bottom Cover",Div Shot,Hardcover,"Aug 30, 2024",
0,https://www.amazon.com/dp/B0DFY756HN,B0DFY756HN,Meeting Notes,Nor Jannah,Paperback,"Aug 30, 2024",
0,https://www.amazon.com/dp/B0DFY7397V,B0DFY7397V,"Ultimate Monthly Bill Payment Checklist & Tracker: Large Print 8.5” x 11” - 4 Years 48 Months Expense Income Debt Saving Log Book and Payoff Planner ... Year Summary, Notes Pages, Torn Paper Cover",Div Shot,Hardcover,"Aug 30, 2024",
0,https://www.amazon.com/dp/B0DFY6QLXJ,B0DFY6QLXJ,"Wide Ruled Lined Paper Notebook (Grayscale Feint & Margin): Professional Ruled Composition Book (120 Pages, 8.5 x 11 in) for Work, Study & Everyday Notes",Shard Symphony,Paperback,"Aug 30, 2024",
0,https://www.amazon.com/dp/B0DFY6PZYJ,B0DFY6PZYJ,"Ultimate Monthly Bill Payment Checklist & Tracker: Large Print 8.5” x 11” - 4 Years 48 Months Expense Income Debt Saving Log Book and Payoff Planner ... Year Summary, Notes Pages, Circle Cover",Div Shot,Paperback,"Aug 30, 2024",
0,https://www.amazon.com/dp/B0DFY6295N,B0DFY6295N,"Inventory Log Book: 8.5x11"" Inventory Tracker Log Sheets Used To Organize the Inventory Items and Stock Levels for Small Business or Personal Use | ... With Content Example - With Table of Contents",EvoBooks Plans,Paperback,"Aug 30, 2024",
0,https://www.amazon.com/dp/B0DFY5XV1W,B0DFY5XV1W,One Step at a Time Daily Productivity Planner,James  Dillon Lasagna,Paperback,"Aug 30, 2024",
0,https://www.amazon.com/dp/B0DFY5WF4W,B0DFY5WF4W,"Wide Ruled Lined Paper Notebook (Blue Feint, Red Margin): Professional Ruled Composition Book (120 Pages, 8.5 x 11 in) for Work, Study & Everyday Notes",Shard Symphony,Paperback,"Aug 30, 2024",
0,https://www.amazon.com/dp/B0DFY5VD48,B0DFY5VD48,"Marble Chic: Marble Chic note book 8,5×11 inches",Marble,Paperback,"Aug 30, 2024",
0,https://www.amazon.com/dp/B0DFY5JPH6,B0DFY5JPH6,"The Lawyer Ensurcs Justice: 120 Pages Blank Lined Notebook For Writing, For New And Experienced Lawyers, To Write Daily Notes And Client Information, 5.5"" x 8.5"" (13.97 x 21.59cm).",MASSIOUI ELMOSTAFA,Paperback,"Aug 30, 2024",
0,https://www.amazon.com/dp/B0DFY5FYTN,B0DFY5FYTN,Unicorn Notebook,Lilia  Amalia Valdez Monney,Paperback,"Aug 30, 2024",
0,https://www.amazon.com/dp/B0DFY4YSGX,B0DFY4YSGX,"Ultimate Monthly Bill Payment Checklist & Tracker: Large Print 8.5” x 11” - 4 Years 48 Months Expense Income Debt Saving Log Book and Payoff Planner ... Year Summary, Notes Pages, Blue Cover #2",Div Shot,Hardcover,"Aug 30, 2024",
0,https://www.amazon.com/dp/B0DFY4L7YW,B0DFY4L7YW,"Accounting Ledger Book: 8.5x11"" Large Simple Accounting Ledger Tracker Logbook - Account Ledger Log Book for Bookkeeping and Small Business or ... With Content Example - With Table of Contents",EvoBooks Plans,Paperback,"Aug 30, 2024",
0,https://www.amazon.com/dp/B0DFY3X293,B0DFY3X293,"""I'm Not Arguing, I'm Just Explaining Why I Am Right"": Humorous Office Notebook",Estelle Jean Phillips,Paperback,"Aug 30, 2024",
0,https://www.amazon.com/dp/B0DFY3QV1R,B0DFY3QV1R,"Ultimate Monthly Bill Payment Checklist & Tracker: Large Print 8.5” x 11” - 4 Years 48 Months Expense Income Debt Saving Log Book and Payoff Planner ... Year Summary, Notes Pages, Top Triangle Cover",Div Shot,Paperback,"Aug 30, 2024",
0,https://www.amazon.com/dp/B0DFY2RMC6,B0DFY2RMC6,"Descriptive Geometry Sketchbook: 120 Pages of Precision Grids Plus Bonus Guide | Perfect for Architects, Engineers, and Designers | Large size 8.5 x 11 in | Polar",Jacek Zietak,Paperback,"Aug 30, 2024",
0,https://www.amazon.com/dp/B0DFY2PRNF,B0DFY2PRNF,Composition Notebook College Ruled: Parisian Puppy Adventures: Charming German Shepherd with Red Beret on Paris Streets,Mary Willow,Paperback,"Aug 30, 2024",
0,https://www.amazon.com/dp/B0DFY2P2LM,B0DFY2P2LM,"Descriptive Geometry Sketchbook: 120 Pages of Precision Grids Plus Bonus Guide | Perfect for Architects, Engineers, and Designers | Large size 8.5 x 11 in | Nimbus",Jacek Zietak,Paperback,"Aug 30, 2024",
1,https://www.amazon.com/dp/B0DFY1F2Y5,B0DFY1F2Y5,Pocket Calendar 2025-2026 for Purse - Cat v3 | 2 Year Pocket Planner January 2025 - December 2026 | Small Pocket Size 4 x 6.5,DeepDream Designs,Paperback,"Aug 30, 2024",
0,https://www.amazon.com/dp/B0DFY1CJWF,B0DFY1CJWF,Pocket Calendar 2025-2026 for Purse - Cat v2 | 2 Year Pocket Planner January 2025 - December 2026 | Small Pocket Size 4 x 6.5,DeepDream Designs,Paperback,"Aug 30, 2024",
0,https://www.amazon.com/dp/B0DFXZXS4S,B0DFXZXS4S,College Ruled Composition Notebook : Cute Bunyip Cryptid (Cryptid Cuties),Mr Flower T Pots,Paperback,"Aug 30, 2024",
0,https://www.amazon.com/dp/B0DFXZFLHB,B0DFXZFLHB,"Descriptive Geometry Sketchbook: 120 Pages of Precision Grids Plus Bonus Guide | Perfect for Architects, Engineers, and Designers | Large size 8.5 x 11 in | NPaper",Jacek Zietak,Paperback,"Aug 30, 2024",
0,https://www.amazon.com/dp/B0DFXXFS55,B0DFXXFS55,Weekly Planner For Teens And Adults,Dennis Isaac,Paperback,"Aug 30, 2024",
0,https://www.amazon.com/dp/B0DFXW52R6,B0DFXW52R6,Password Reminder Composition Notebook | 4.25x6 | 50 pages | one page per website | compact size,SJ Créatif,Paperback,"Aug 30, 2024",
0,https://www.amazon.com/dp/B0DFXVQH6V,B0DFXVQH6V,College Ruled Composition Notebook : Cute Kraken Cryptid (Cryptid Cuties),Mr Flower T Pots,Paperback,"Aug 30, 2024",
0,https://www.amazon.com/dp/B0DFXVQ6P9,B0DFXVQ6P9,Meeting Notes: Detailed Two-Page Layout for Professionally Managed Organizations,Carol S,Paperback,"Aug 30, 2024",
0,https://www.amazon.com/dp/B0DFXTX9B2,B0DFXTX9B2,".: Ready to be filled with Memories and Thoughts, 6x9 150 Pages,. 130 Lined and 20 Blank for Notes and Photos",Mandy Faraday,Paperback,"Aug 30, 2024",
0,https://www.amazon.com/dp/B0DFXTQNJH,B0DFXTQNJH,Large 5 Column Log Book: The Ultimate Customizable and Multipurpose Logbook for Small Business & Personal Use,Jordan Wisemore,Paperback,"Aug 30, 2024",
0,https://www.amazon.com/dp/B0DFXTFY9S,B0DFXTFY9S,"Stuff I Absolutely Need To Remember But Probably Will Forget: Notebook Journal 6 x 9 Blank Squared 100 pages- Funny Sarcastic Saying Gag Gift for ... Coworkers, Employees, Bosses and Students",MARVIN BRIGGS,Paperback,"Aug 30, 2024",
0,https://www.amazon.com/dp/B0DFXSTWYY,B0DFXSTWYY,"You Call Them Swear Words, I Call Them Sentence Enhancers: Notebook Journal 6 x 9 Blank Squared 100 pages- Funny Sarcastic Saying Gag Gift for Office Workers, Coworkers, Employees, Bosses and Students",MARVIN BRIGGS,Paperback,"Aug 30, 2024",
0,https://www.amazon.com/dp/B0DFXSGYDW,B0DFXSGYDW,".: Ready to be filled with Memories and Thoughts, 6x9 150 Pages 130 lined and 20 Blamk for Notes and Photos",Mandy Faraday,Paperback,"Aug 30, 2024",
0,https://www.amazon.com/dp/B0DFXS1Y7X,B0DFXS1Y7X,"You Can Do Anything, But Not Everything: Notebook Journal 6 x 9 Blank Squared 100 pages- Funny Sarcastic Saying Gag Gift for Office Workers, Coworkers, Employees, Bosses and Students",MARVIN BRIGGS,Paperback,"Aug 30, 2024",
0,https://www.amazon.com/dp/B0DFXRVTHP,B0DFXRVTHP,"You Don't Have To Be Crazy To Work Here We Will Train You: Notebook Journal 6 x 9 Blank Squared 100 pages- Funny Sarcastic Saying Gag Gift for Office Workers, Coworkers, Employees, Bosses and Students",MARVIN BRIGGS,Paperback,"Aug 30, 2024",
0,https://www.amazon.com/dp/B0DFXR1NNM,B0DFXR1NNM,"Accounting Ledger: A simple ledger for accounting, 8x10 Inch, 120 Pages.",Nongluk 424,Paperback,"Aug 30, 2024",
0,https://www.amazon.com/dp/B0DFXQV1HL,B0DFXQV1HL,"I Can Not be Held Responsible for what my Face Does when you Talk: Funny Sarcastic Notebook Journal for Work, Gag Gift for Best Friend Women, Office Co-workers, Female Boss, Leaving Job",Md Sabuj,Paperback,"Aug 30, 2024",
0,https://www.amazon.com/dp/B0DFXQ9872,B0DFXQ9872,"MY SMALL BUDGET NOTEBOOK: Notebook with space for home and other budgets, plans and notes; for everybody, to plan finances - 6.14 x 9.21 inches",M Dlugosz,Paperback,"Aug 30, 2024",
0,https://www.amazon.com/dp/B0DFXQ6D58,B0DFXQ6D58,The Finance Guy’s Notebook: Ruled Lines with Balance sheet template at the back (Finance for All Ages and Stages),Nmachi Meneks,Paperback,"Aug 30, 2024",
0,https://www.amazon.com/dp/B0DFXPZ1TZ,B0DFXPZ1TZ,"You Can Do Anything, But Not Everything: Notebook Journal 6 x 9 Blank Squared 100 pages- Funny Sarcastic Saying Gag Gift for Office Workers, Coworkers, Employees, Bosses and Students",MARVIN BRIGGS,Paperback,"Aug 30, 2024",
0,https://www.amazon.com/dp/B0DFXP18P5,B0DFXP18P5,My 8 MINUTE JOURNAL,Clara & Celine,Paperback,"Aug 30, 2024",
0,https://www.amazon.com/dp/B0DFXGVQZV,B0DFXGVQZV,Mortgage Success: Dollars and Sense,Jon Zee Wick,Kindle,"Aug 30, 2024",
0,https://www.amazon.com/dp/B0DFXFNK1G,B0DFXFNK1G,AI UTOPIA The Revolutionary Path to a Better World,LORI J MACK,Kindle,"Aug 30, 2024",
0,https://www.amazon.com/dp/B0DFX4L7GB,B0DFX4L7GB,"Snake Fuck It Weekly Planner: 2 Year, 104 Week Sunday to Saturday Calendar | Gift For People Who Love Reptilian Animals, Reptile Lovers | With Over ... and Badass Quotations | 6 x 9 Inches | v1",Designs By Sofia,Hardcover,"Aug 30, 2024",
0,https://www.amazon.com/dp/B0DFX2ZRP2,B0DFX2ZRP2,"Composition Notebook ""Polka Dot Design"" | Pink: Softcover notebook for School, College, Office, Work | Size 6 x 9 inches | 100 Pages | Cute notebook ... Teens, Kids, Adults | Perfect for a gift.",sai sai,Paperback,"Aug 30, 2024",
0,https://www.amazon.com/dp/1009407856,1009407856,International Finance,Menzie D. Chinn,Paperback,"Apr 3, 2025",
0,https://www.amazon.com/dp/B0DFX1WKPD,B0DFX1WKPD,"Hippopotamus Fuck It Weekly Planner: 2 Year, 104 Week Sunday to Saturday Calendar | Gift For People Who Love Safari Animals, Wildlife Lovers | With ... and Badass Quotations | 6 x 9 Inches | v1",Designs By Sofia,Hardcover,"Aug 30, 2024",
0,https://www.amazon.com/dp/B0DFX1SGXN,B0DFX1SGXN,"Composition Notebook ""Polka Dot Design"" | Green: Softcover notebook for School, College, Office, Work | Size 6 x 9 inches | 100 Pages | Cute notebook ... Teens, Kids, Adults | Perfect for a gift.",sai sai,Paperback,"Aug 30, 2024",
0,https://www.amazon.com/dp/B0DFX1KFJK,B0DFX1KFJK,"Composition Notebook ""Polka Dot Design"" | Purple: Softcover notebook for School, College, Office, Work | Size 6 x 9 inches | 100 Pages | Cute notebook ... Teens, Kids, Adults | Perfect for a gift.",sai sai,Paperback,"Aug 30, 2024",
0,https://www.amazon.com/dp/B0DFX1HHGK,B0DFX1HHGK,"Composition Notebook College Ruled: For students at school, easy to write, has lines, and has a light pink flower pattern on the cover.",Wiyada Phormma,Paperback,"Aug 30, 2024",
0,https://www.amazon.com/dp/B0DFX14WPW,B0DFX14WPW,"Composition Notebook College Ruled: Coquette Journal, Pink, Cherry, Girly Aesthetic: Cute Notebook for School/Ideal for Teens, Girls, Women",Geri Petrova,Paperback,"Aug 30, 2024",
0,https://www.amazon.com/dp/B0DFWZPNGV,B0DFWZPNGV,Cupcakes Notebook,Madena Publishing,Paperback,"Aug 30, 2024",
0,https://www.amazon.com/dp/B0DFWZBSWZ,B0DFWZBSWZ,"Multipurpose Log Book: 7 Columns to Record Activity, Time, Inventory, Orders, Accounts, Income and Expenses",Dr. A A,Paperback,"Aug 30, 2024",
0,https://www.amazon.com/dp/B0DFWZ76JX,B0DFWZ76JX,"Composition Notebook College Ruled: Coquette Journal, Pink, Girly Aesthetic: Cute Notebook for School/Ideal for Teens, Girls, Women",Geri Petrova,Paperback,"Aug 30, 2024",
0,https://www.amazon.com/dp/B0DFWZ534S,B0DFWZ534S,"Regrets, I Have A Few: A Funny Notebook Gift with a Parody Book Cover",Irony Press,Hardcover,"Aug 30, 2024",
0,https://www.amazon.com/dp/B0DFWYM92D,B0DFWYM92D,"Vintage Autumn Botanical Composition Notebook: Wide Ruled Journal for School, 7.5 x 9.25, 110 Pages, Fall Aesthetic Design",ASFAImind Publishing,Paperback,"Aug 30, 2024",
0,https://www.amazon.com/dp/B0DFWY7ZVX,B0DFWY7ZVX,Construction Site Diary: 6 months,C D Brocas,Hardcover,"Aug 30, 2024",
0,https://www.amazon.com/dp/B0DFWXZR7Y,B0DFWXZR7Y,"Purple Starry Universe Composition Notebook: Wide Ruled Journal: 110 Pages, 7.5 x 9.25 Inches, Soft Matte Cover, Lined Paper for Students, Teens & Adults",ASFAImind Publishing,Paperback,"Aug 30, 2024",
0,https://www.amazon.com/dp/B0DFWXYTB1,B0DFWXYTB1,Journal Notebook Dragon Egg,Madena Publishing,Paperback,"Aug 30, 2024",
0,https://www.amazon.com/dp/B0DFWXN1NS,B0DFWXN1NS,Santa Hat Notebook A5,Madena Publishing,Paperback,"Aug 30, 2024",
0,https://www.amazon.com/dp/B0DFWXMYP8,B0DFWXMYP8,"Pink & Red Strawberry Bows Preppy Cute Aesthetic Composition Notebook: 110 Lined Pages; College Ruled|7.5 x 9.25 In.| For Students, Teens, Girls & Women",M Group Publishing,Paperback,"Aug 30, 2024",
0,https://www.amazon.com/dp/B0DFWXGSSW,B0DFWXGSSW,"Dog Walker Appointment Book 2025 Daily Client Scheduler: Dated Day A Page Diary, Month Planner, To Do Lists For Pet Walking Business Owner With Hourly ... - 10.00pm, 52 Weeks, Black, Rainbow Paw Print",Lukey Charles,Paperback,"Aug 30, 2024",
0,https://www.amazon.com/dp/B0DFWX7WYH,B0DFWX7WYH,"Notebook College Ruled Paper: Blue Coral Writing Journal - Daily Notes, Study, Gifts, Office. supplies, Business, Creativity. I 110 pages, 7.5 x 9.25""",Good Cafe Publishing,Paperback,"Aug 30, 2024",
0,https://www.amazon.com/dp/B0DFWX5TCT,B0DFWX5TCT,"Dot Grid Notebook: Dotted Notebook | Bullet Dot Grid Graphing Pad Journal - Paperback - 6"" x 9"" - 120 Pages",Mr. Cuong Pham,Paperback,"Aug 30, 2024",
0,https://www.amazon.com/dp/B0DFWX4QVS,B0DFWX4QVS,Ra God of the Sun Notebook,Madena Publishing,Paperback,"Aug 30, 2024",
0,https://www.amazon.com/dp/B0DFWX4N2M,B0DFWX4N2M,"Composition Notebook College Ruled: Coquette Journal, Pink, Girly Aesthetic: Cute Notebook for School/Ideal for Teens, Girls, Women",Geri Petrova,Paperback,"Aug 30, 2024",
0,https://www.amazon.com/dp/B0DFWVQCD9,B0DFWVQCD9,"Cats Are Awesome - Bill Payment Tracker Book, 100 Pages, Sized 8.5x11",The Write Book,Paperback,"Aug 30, 2024",
0,https://www.amazon.com/dp/B0DFWVMPCP,B0DFWVMPCP,Coquette Composition Notebook: Girly Aesthetic Pink Bows Rule Lined Pages,Babyblue Bows,Paperback,"Aug 30, 2024",
0,https://www.amazon.com/dp/B0DFWVKZZC,B0DFWVKZZC,Here Comes The Sun And I Say It's Alright Guitar Guitarist Composition Book,Sarah Buckley,Paperback,"Aug 30, 2024",
0,https://www.amazon.com/dp/B0DFWVKGMX,B0DFWVKGMX,"Floral Writing Journal: 100 Lined Pages for Daily Notes, Journaling, and Personal Reflections | Premium Quality Paper for Smooth Writing",Luv Em,Hardcover,"Aug 30, 2024",
0,https://www.amazon.com/dp/B0DFWVK4SM,B0DFWVK4SM,"Graph Paper Notebook for Students: Squared Paper Notebook ideal for Math and Science: Elegant and Timeless Design | Perfect for Notes, Drawings and Gifts | 6x9"" | 100 Pages",L.C. MERAKI,Hardcover,"Aug 30, 2024",
0,https://www.amazon.com/dp/B0DFWVBW7K,B0DFWVBW7K,"Distressed American Flag Composition Notebook |: College Ruled Paper, 110 Pages, 7.5 x 9.25"", 110 Sheets, Made in USA, Patriotic Design",Roxana Blumhagen,Paperback,"Aug 30, 2024",
0,https://www.amazon.com/dp/B0DFWVBDXH,B0DFWVBDXH,Powerhouse in Pumps: Blank Lined Notebook for Bold and Ambitious Women - College Ruled - 6x9 Inches - 120 Pages,Notably Designed,Paperback,"Aug 30, 2024",
0,https://www.amazon.com/dp/B0DFWV8K8P,B0DFWV8K8P,Trading Notes: A Trading Journal and Workbook,VinVegas,Hardcover,"Aug 30, 2024",
0,https://www.amazon.com/dp/B0DFWV15MD,B0DFWV15MD,"Composition notebook: Kind Lending mortgage | College ruled, 7.5 x 9.25, 110 Pages | For kids, teens, and adults",Juls Heidari,Paperback,"Aug 30, 2024",
0,https://www.amazon.com/dp/B0DFWTX1V7,B0DFWTX1V7,Flute Definition Composition Book,Sarah Buckley,Paperback,"Aug 30, 2024",
0,https://www.amazon.com/dp/B0DFWTWF93,B0DFWTWF93,"Composition notebook: Kind Lending | College ruled, 7.5 x 9.25, 110 Pages | For kids, teens, and adults",Juls Heidari,Paperback,"Aug 30, 2024",
0,https://www.amazon.com/dp/B0DFWTG3TW,B0DFWTG3TW,Rose themed Notebook lined paper,MaginNotebook Stuff,Paperback,"Aug 30, 2024",
0,https://www.amazon.com/dp/B0DFWRRJWF,B0DFWRRJWF,How to become an influencer: The definitive guide,Jasmine Taylor,Kindle,"Aug 30, 2024",
0,https://www.amazon.com/dp/B0DFWNK2NQ,B0DFWNK2NQ,Crypto Currency Basics,Crypto Samurai,Kindle,"Aug 30, 2024",
0,https://www.amazon.com/dp/B0DFWL4NDV,B0DFWL4NDV,How to be More Productive at Work: Tips to Help You Thrive,Shane Worley,Kindle,"Aug 30, 2024",
0,https://www.amazon.com/dp/B0DFVMDGTG,B0DFVMDGTG,Ethereum,Crypto Samurai,Kindle,"Aug 30, 2024",
1,https://www.amazon.com/dp/B0DFVM77PP,B0DFVM77PP,Stock Investment: The Long Game: Mastering Stock Investing for Lasting Wealth,Roosevelt Tyneman,Kindle,"Aug 30, 2024",
0,https://www.amazon.com/dp/B0DFVM28LV,B0DFVM28LV,100 Large Print Color By Number: Easy designs coloring book for adults for stress relief and relaxation,Owen E Hill,Paperback,"Aug 30, 2024",
0,https://www.amazon.com/dp/B0DFVCFJJF,B0DFVCFJJF,The Cause For Health: A Primer for a Renaissance in Healthcare,TT Haws,Kindle,"Aug 30, 2024",
3,https://www.amazon.com/dp/B0DFV1ZWBV,B0DFV1ZWBV,Small Hobby to Big Business: How to turn a hobby into 6 figures a year,Cynthia Stroud,Kindle,"Aug 30, 2024",
0,https://www.amazon.com/dp/B0DFTZ2S8S,B0DFTZ2S8S,Essential Statistical Formulae for Social Scientists (Statistical Essentials for Social Scientists),Dr  Diego  Andrés Pérez Ruiz,Paperback,"Aug 30, 2024",
0,https://www.amazon.com/dp/B0DFTW4NJX,B0DFTW4NJX,50 Lean Six Sigma Tools : A Practical Guide to Process Excellence,Sandeep Narayanan,Kindle,"Aug 30, 2024",
0,https://www.amazon.com/dp/B0DFTVWRWM,B0DFTVWRWM,From passion to Profit:Simple Steps to Start a Side Hustle: Unlock Your Potential and Earn Extra Income Doing What You Love,Mohamed Elkharashy,Kindle,"Aug 30, 2024",
0,https://www.amazon.com/dp/B0DFTQ86QP,B0DFTQ86QP,Dorm-to-Dollars: Launching a Successful Laundry and Cleaning Service for Lazy Peers,Silas Meadowlark,Kindle,"Aug 30, 2024",
0,https://www.amazon.com/dp/B0DFTQ5RCY,B0DFTQ5RCY,Strategic Thinking,Benita Smith,Paperback,"Aug 30, 2024",
0,https://www.amazon.com/dp/B0DFTPMRK2,B0DFTPMRK2,The Richest Routes: Discover the secret routes that lead to hidden riches with step-by-step guides and insider tips,SONGKLOD UTTHAYAN,Kindle,"Aug 30, 2024",
0,https://www.amazon.com/dp/B0DFTPB6Q4,B0DFTPB6Q4,"Side Hustles and Passive Income: ""Creating Financial Security Through Side Hustles and Smart Investments""",RAY ROBERTS,Kindle,"Aug 30, 2024",
1,https://www.amazon.com/dp/B0DFTN5GN8,B0DFTN5GN8,Implementing Salesforce AI For Enterprise Organizations,AGI Publishing,Kindle,"Aug 30, 2024",
0,https://www.amazon.com/dp/B0DFTN2NSX,B0DFTN2NSX,"Crypto Hipster: Golden Splendor: Leveraging the Wisdom of the Crowd to Challenge Traditional Finance Trading Models, with Benjamin Gabay (Crypto Hipster Mysticals: Golden Splendor Collection)",Jamil Hasan,Kindle,"Aug 30, 2024",
2,https://www.amazon.com/dp/B0DFTMGPT9,B0DFTMGPT9,The Power Player: Kevin McCabe's Legacy In Football And Real Estate,Alan Wilshere,Kindle,"Aug 30, 2024",
1,https://www.amazon.com/dp/B0DFTLYW1Z,B0DFTLYW1Z,Beyond Residential Sales: 30+ Alternative Career Paths for Real Estate Licensees,Dr. Michael Walker,Kindle,"Aug 30, 2024",
0,https://www.amazon.com/dp/B0DFTGQMYH,B0DFTGQMYH,Your Commercial Real Estate Side Hustle: How to Purchase your First Investment Property on the Way to Building an Enterprise,Ross Rains,Kindle,"Aug 30, 2024",
0,https://www.amazon.com/dp/B0DFTF44NW,B0DFTF44NW,Unlock Your Future: Next Generation Cutting Edge Textile Technology,Concetta Huffa,Paperback,"Aug 30, 2024",
0,https://www.amazon.com/dp/B0DFTDY4Y1,B0DFTDY4Y1,Lecture Notes to Paychecks: Creating and Selling Study Guides for Popular Courses,Silas Meadowlark,Kindle,"Aug 30, 2024",
0,https://www.amazon.com/dp/B0DFTDNPLT,B0DFTDNPLT,"AI Prompts for YouTubers: Create, Engage, Monetize Faster: 10 Actionable Techniques to Skyrocket Your Channel's Growth and Revenue",Srini Annamaraju,Kindle,"Aug 30, 2024",
0,https://www.amazon.com/dp/B0DFTC1PP8,B0DFTC1PP8,The Complete User's Guide to AWS Machine Learning Services,AGI Publishing,Kindle,"Aug 30, 2024",
0,https://www.amazon.com/dp/B0DFT92143,B0DFT92143,The Beginner's Guide To Stock Market Success: Your First Steps To Financial Freedom (Entrepreneur's Edge),Harvey M. Wilson,Kindle,"Aug 30, 2024",
0,https://www.amazon.com/dp/B0DFT8PRFH,B0DFT8PRFH,Breaking the Chains: Healing from Liar's Heir Syndrome and Reclaiming Your True Self (Liar’s Heir Syndrome : The Hidden System That Trains People to Reject Truth and Protect Lies),Ashley Tucker,Paperback,"Aug 30, 2024",
0,https://www.amazon.com/dp/B0DFT3XJCH,B0DFT3XJCH,Financial Blueprint for Family Enterprises: Achieving Long-Term Prosperity and Harmony,Mr. Jeyaraj Sinnappan,Kindle,"Aug 30, 2024",
0,https://www.amazon.com/dp/B0DFRQWD9T,B0DFRQWD9T,The Motor Revolution: How Engines Changed Our World,Sreekumar V T,Paperback,"Aug 30, 2024",
0,https://www.amazon.com/dp/B0DFR8T2T4,B0DFR8T2T4,The Innovative Entrepreneur's Guide: Strategies for Thriving in a Competitive Market,Olusegun  Festus Ojekunle,Paperback,"Aug 30, 2024",
0,https://www.amazon.com/dp/B0DFR63Q7Y,B0DFR63Q7Y,"Audubon and His Journals, Volume 1 (Classic Books)",John James Audubon,Paperback,"Aug 30, 2024",
0,https://www.amazon.com/dp/B0DFR4VR7G,B0DFR4VR7G,Editing for the Digital Age: Mastering the Art of Online Content,Emanuele M. Barboni Dalla Costa,Kindle,"Aug 30, 2024",
0,https://www.amazon.com/dp/B0DFQXJQH3,B0DFQXJQH3,"Audubon and His Journals, Volume 2 (Classic Books)",John James Audubon,Paperback,"Aug 30, 2024",
0,https://www.amazon.com/dp/B0DFQNJMLB,B0DFQNJMLB,The Argentine as a Market (Classic Books),Nowell Lake Watson,Kindle,"Aug 30, 2024",
0,https://www.amazon.com/dp/B0DFQKM7BY,B0DFQKM7BY,HOW TO SELL TO ANYONE: The Ultimate Guide to Persuasive Selling and Techniques for Success in Any Market,ELIZABETH MORGAN,Kindle,"Aug 30, 2024",
0,https://www.amazon.com/dp/B0DFQJTPV2,B0DFQJTPV2,HOW TO WIN AT WORK: PROVEN TACTICS FOR EXCELLING IN YOUR CAREER,PAUL EDWARDS,Kindle,"Aug 30, 2024",
0,https://www.amazon.com/dp/B0DFQJLX9Z,B0DFQJLX9Z,"William Shakespere, of Stratford-on-Avon (Classic Books)",Scott F. Surtees,Kindle,"Aug 30, 2024",
5,https://www.amazon.com/dp/B0DFQJCDWL,B0DFQJCDWL,"100 EXPERT SECRETS FOR FINANCIAL INDEPENDENCE Financial Freedom: Steps to Achieve Independence and Live Your Dream Life: Business and Finance ... for ... for Life, Health, Happiness, Success.)",SmartLife Guides,Kindle,"Aug 30, 2024",
5,https://www.amazon.com/dp/B0DFQHHXFG,B0DFQHHXFG,"100 EXPERT SECRETS FOR STARTING AN ONLINE BUSINESS Digital Entrepreneurship: Launch and Grow Your Online Business Successfully: Business and Finance ... for Life, Health, Happiness, Success.)",SmartLife Guides,Kindle,"Aug 30, 2024",
0,https://www.amazon.com/dp/B0DFQHD4ZM,B0DFQHD4ZM,"Edward Hoare, M.A.: A record of his life based upon a brief autobiography (Classic Books)",Edward Hoare,Kindle,"Aug 30, 2024",
2,https://www.amazon.com/dp/B0DFQGF7MK,B0DFQGF7MK,"Personal Finance and Wealth Building A Comprehensive Guide to Financial Independence: Unlock the Secrets to Financial Independence, Wealth Creation, and Long-Term Security",Abdullahi Ibrahim,Kindle,"Aug 30, 2024",
0,https://www.amazon.com/dp/B0DFQGC7HL,B0DFQGC7HL,MindShift: Unlocking Hidden Power Through Critical Thinking and Self-Discovery (Liar's Heir Syndrome),Ashley Tucker,Paperback,"Aug 30, 2024",
0,https://www.amazon.com/dp/B0DFQFVVFV,B0DFQFVVFV,9 In 10 Startups Fail Don't Be One of Them,Dr.  Fisseha Habtemariam,Kindle,"Aug 30, 2024",
0,https://www.amazon.com/dp/B0DFQF94YB,B0DFQF94YB,"Slash Your Grocery Bill: How to Spend Less Without Sacrificing Quality (Personal Finance, Budget, Productivity, Success: Self Improvement, Overcome Life Challenges and Obstacles)",Jenny Koo,Kindle,"Aug 30, 2024",
1,https://www.amazon.com/dp/B0DFPYGCHD,B0DFPYGCHD,Leadership Matters: Perspectives on Leadership,Aval Sethi,Kindle,"Aug 30, 2024",
0,https://www.amazon.com/dp/B0DF34JML9,B0DF34JML9,Financial Wellness : A Peer-to-Peer Guide (Your money matters! The road to financial wellness),Naoual O,Paperback,"Aug 30, 2024",
0,https://www.amazon.com/dp/B0DFMJ5J98,B0DFMJ5J98,"HowExpert Guide to 365 Marketing Tips: The Ultimate Handbook for Marketing Strategies, Brand Building, and Business Growth with 365 Daily Tips for Year-Round Success",HowExpert,Kindle,"Aug 29, 2024",
4,https://www.amazon.com/dp/B0DFWSVVYS,B0DFWSVVYS,"Times I Was Right And Nobody Listened: 6 x 9 Blank Lined Notebook Journal Blue - Funny Saying Sarcastic Work Gag Gift for Office Coworkers, Employees, Workers, Boss",Office Journals,Paperback,"Aug 29, 2024",
1,https://www.amazon.com/dp/B0DFTHFDN4,B0DFTHFDN4,The Strategetics: Practical & Concise Models for Leading,Eric Roemer,Paperback,"Aug 29, 2024",
0,https://www.amazon.com/dp/B0DFWRD5XS,B0DFWRD5XS,A5 Inspirational Lined Journal Notebook | Wide Ruled | 120 Pages | 5.8” x 8.3” | Fine Art Photography Soft Matte Cover of a Blooming Tree Overhanging ... Victory on the Cover and on the Inside Pages,"Jonathan Michael Bowman, J.D.",Paperback,"Aug 29, 2024",
1,https://www.amazon.com/dp/B0DFZXT86C,B0DFZXT86C,"Bruges: An ideal coffee table picture book and the perfect gift for enthusiasts of tourism, travel, relaxation, and meditation.",Eric Cool,Paperback,"Aug 29, 2024",
0,https://www.amazon.com/dp/B0DG8NDDXW,B0DG8NDDXW,The Wealthy Entrepreneur: The Formula for Making Money and Gaining Financial Clarity in Your Business,Robert Gauvreau,Hardcover,"Aug 29, 2024",
5,https://www.amazon.com/dp/B0DFTYN2Y2,B0DFTYN2Y2,Weathering the Storm: A Guide to Building Resilient Teams,Julian Roberts,Kindle,"Aug 29, 2024",
0,https://www.amazon.com/dp/B0DFWYM7C5,B0DFWYM7C5,"5-Column Multipurpose Customizable Log Book: A4 Blank Field Journal. Note & Document Any Task. Ideal for Business, Personal, & Academic Needs",Moonpeak Library,Hardcover,"Aug 29, 2024",
0,https://www.amazon.com/dp/B0DFMMN7WQ,B0DFMMN7WQ,Solving Problems in Microsoft Word 2024 and 365 Using VBA and Macros (VBA & macros),Klemens Nguyen,Kindle,"Aug 29, 2024",
1,https://www.amazon.com/dp/B0DFWXFX1P,B0DFWXFX1P,Starting Your Own Clothing Brand: A Quick-Start Guide,Myles Johnson,Paperback,"Aug 29, 2024",
0,https://www.amazon.com/dp/B0DFWQ9QVS,B0DFWQ9QVS,"2025-2029 Five Year Monthly Planner: Organize Your Life and Achieve Your Dreams with 60 Monthly Calendars Featuring Focus, Goals, and To-Do Lists",Shine Gold Books,Paperback,"Aug 29, 2024",
1,https://www.amazon.com/dp/B0DFZFS9JM,B0DFZFS9JM,"How to Start a Business in the US for Immigrants: A guide to Building YOUR American Dream: Understand how to form a business and create agreements, ... citizenship (How to Start a Business Series)",Emelie Smith Calbick,Kindle,"Aug 29, 2024",
1,https://www.amazon.com/dp/B0DFWLCS6L,B0DFWLCS6L,"Trading Journal Log Book: Track, Analyze, and Improve Your Trades with a Simple, Organized, and Long-Term Trading Companion for Stocks, Crypto, and Investment Success",Planda Press,Paperback,"Aug 29, 2024",
0,https://www.amazon.com/dp/B0DFQ7NS76,B0DFQ7NS76,"Your Anti-scam toolbox: How to spot a scam, report scams, and resources to recover from being scammed",Dewey Fillingim,Paperback,"Aug 29, 2024",
0,https://www.amazon.com/dp/B0DGDY3F99,B0DGDY3F99,Agenda 2026: día por página | Planificador diario y mensual | Horario de 05:00 a 21:00 | De enero a diciembre 2026 | Grande diaria A4 | 12 meses | Organizador - flores,Nada & Clara Publishing,Paperback,"Aug 29, 2024",
0,https://www.amazon.com/dp/B0DFQ8SJTX,B0DFQ8SJTX,From Classroom to Law Firm: A Teacher's Guide to Becoming a Lawyer,Silas Meadowlark,Kindle,"Aug 29, 2024",
5,https://www.amazon.com/dp/B0DFZM7SG6,B0DFZM7SG6,"Momentum & Mastery: The Business Leader’s Guide To Fastrack Unshakeable Profit, Productivity, and Purpose",Spencer Combs,Kindle,"Aug 29, 2024",
1,https://www.amazon.com/dp/B0DFWGDLX1,B0DFWGDLX1,College Ruled Composition Notebook : Cute Skinwalker Cryptid (Cryptid Cuties),Mr Flower T Pots,Paperback,"Aug 29, 2024",
0,https://www.amazon.com/dp/B0DFWG31QV,B0DFWG31QV,2025-2026 Two Year Planner Pocket Size: Tiger animal themed Cover 2 Page Spreads With Monthly Calendar Grids 24 Months Organizer,Folashade Publishing,Paperback,"Aug 29, 2024",
1,https://www.amazon.com/dp/B0DFML8XL2,B0DFML8XL2,Coaching Meditations,Andreu Enrich,Kindle,"Aug 29, 2024",
0,https://www.amazon.com/dp/B0DFTS5DDN,B0DFTS5DDN,I Attract Wealth Affirmations Coloring Book. Mindfulness Manifestation colouring book.: Attract money and abundance coloring book,Slay N Fun Publishing,Paperback,"Aug 29, 2024",
0,https://www.amazon.com/dp/B0DFWSPSGJ,B0DFWSPSGJ,"TEAM LEAD: Journal, Notes, Ideas, Actions, Priorities, Checklists, Log | Tool for Daily Goal Setting Tracker Planner | Time Management | Performance ... Journal Office Book Gifts for Meetings",Just Visualize It,Hardcover,"Aug 29, 2024",
2,https://www.amazon.com/dp/B0DFWJ4GQ8,B0DFWJ4GQ8,TRADER'S LOGBOOK: A SIMPLIFIED JOURNAL,Yuri Zain Elvin,Paperback,"Aug 29, 2024",
0,https://www.amazon.com/dp/B0DFR2Y2RW,B0DFR2Y2RW,The Early Retirement Blueprint: Strategies for Achieving Financial Independence Quickly,Camille Wade,Kindle,"Aug 29, 2024",
0,https://www.amazon.com/dp/B0DFTJV29L,B0DFTJV29L,Create with Aloha: A workshop workbook that combines the principles of Aloha with the strength of design-thinking.,Steve Sue,Paperback,"Aug 29, 2024",
0,https://www.amazon.com/dp/B0DFWP4BT7,B0DFWP4BT7,"2025-2027 Monthly Planner: 3-Years from January 2025 to December 2027 | 6"" x 9"" Inch Size with Blue Floral Cover",Zea Gordon,Hardcover,"Aug 29, 2024",
1,https://www.amazon.com/dp/B0DFMN37TT,B0DFMN37TT,LEADERSHIP THROUGH EMOTIONS: Connecting and inspiring people to bring a team to success,Ivan Zorzetto,Kindle,"Aug 29, 2024",
1,https://www.amazon.com/dp/B0DFMM3D3D,B0DFMM3D3D,Selling With Integrity: Selling Without Selling Your Soul,Stan I Nelson,Kindle,"Aug 29, 2024",
0,https://www.amazon.com/dp/B0DFWMR6LF,B0DFWMR6LF,Pocket Calendar 2025-2026 for Purse - Car v2 | 2 Year Pocket Planner January 2025 - December 2026 | Small Pocket Size 4 x 6.5,DeepDream Designs,Paperback,"Aug 29, 2024",
