Total Reviews,Product Url,ASIN,Title,Author,Format,Publication Date,Publisher
2,https://www.amazon.com/dp/036748630X,036748630X,Persuasion in Your Life,Shawn T. Wahl,Kindle,by,
4,https://www.amazon.com/dp/1032070420,1032070420,The Future of Global Retail: Learning from China's Retail Revolution,Winter Nie,Kindle,by,
4,https://www.amazon.com/dp/1633572358,1633572358,The Marathon Salesperson,Rodolfo Subieta,Kindle,by,
0,https://www.amazon.com/dp/1799879607,1799879607,Adoption and Implementation of AI in Customer Relationship Management,Surabhi Singh,Hardcover,by,
0,https://www.amazon.com/dp/B09GTGTL9M,B09GTGTL9M,"Cabin Guest Book: Notebook For Guest Details, Memorable Experiences, Amazing Mountain, Vacation Home, Log Book for Visitors, Cabin or lake house vacation home",Soon Fairbanks,Paperback,by,
0,https://www.amazon.com/dp/3030425479,3030425479,Enlightened Marketing in Challenging Times: Proceedings of the 2019 AMS World Marketing Congress (WMC) (Developments in Marketing Science: Proceedings of the Academy of Marketing Science),Felipe Pantoja,Kindle,|,
0,https://www.amazon.com/dp/3030522962,3030522962,Eurasian Business Perspectives: Proceedings of the 26th and 27th Eurasia Business and Economics Society Conferences (Eurasian Studies in Business and Economics),Mehmet Huseyin Bilgin,Kindle,|,
0,https://www.amazon.com/dp/1032105216,1032105216,The Opioid Epidemic in the United States,Kant B. Patel,Kindle,by,
1,https://www.amazon.com/dp/B09HFXX5SL,B09HFXX5SL,Halloween Scary Cookbook (with pictures): 120 Creative Halloween Recipes,Mac Heller,Kindle,by,
1,https://www.amazon.com/dp/B09HG4VGB1,B09HG4VGB1,Mediterranean Bowls Cookbook: 80 Recipes For Healthy Greek Italian Spanish And Lebanese Bowls,Maya Zein,Kindle,by,
1,https://www.amazon.com/dp/B09HG4VG2P,B09HG4VG2P,HALOWEEN COOKBOOK 2021 (with pictures): 80 DELICIOUS RECIPES FOR HALLOWEEN,Mac Heller,Kindle,by,
4,https://www.amazon.com/dp/1953335829,1953335829,Inkspell Holiday Delights: Romance and Recipes,A. D. Brazeau,Kindle,by,
0,https://www.amazon.com/dp/1803341157,1803341157,365 Days of Ketogenic Diet Recipes: Over 50 Tasty Diet Recipes to Make Every Day,Sweetmoon,Hardcover,by,
0,https://www.amazon.com/dp/1032175737,1032175737,Routledge Handbook of Food Waste (Routledge Environment and Sustainability Handbooks),Christian Reynolds,Kindle,by,
4,https://www.amazon.com/dp/9993185116,9993185116,Discover Seychelles Creole Cuisine: A Collection of Home Style Recipes of The Seychelles Islands,Jasmine Creations,Paperback,by,
0,https://www.amazon.com/dp/1725285002,1725285002,Practicing the Ordinary Supernatural Presence of God: Walking with Jesus and the Spirit in the Ordinary Supernatural,John Jefferson Davis,Kindle,by,
2,https://www.amazon.com/dp/1032174722,1032174722,The Religious Formation of John Witherspoon (Routledge Studies in Evangelicalism),Kevin DeYoung,Kindle,by,
2,https://www.amazon.com/dp/1990539033,1990539033,Ghost Stories of the Appalachians,Susan Smitten,Paperback,by,
2,https://www.amazon.com/dp/1565484975,1565484975,"Baptists, Catholics, and the Whole Church: Partners in the Pilgrimage to Unity",Steven R. Harmon,Kindle,by,
2,https://www.amazon.com/dp/178830893X,178830893X,"Shoot, Move and Communicate",Albert Dixon,Paperback,by,
0,https://www.amazon.com/dp/1635298091,1635298091,Vietnam Journal - Book 8: Brain Dead Horror,Don Lomax,Paperback,by,
5,https://www.amazon.com/dp/1645316866,1645316866,War Paint: From the Bishop Indian Reservation to Vietnam,Robert E Mallory,Kindle,by,
5,https://www.amazon.com/dp/1476684723,1476684723,Like Boy Scouts with Guns: Memoir of a Counterculture Warrior in Vietnam,Roger S. Durham,Kindle,by,
0,https://www.amazon.com/dp/101491910X,101491910X,Communism in North Vietnam: Its Role in the Sino-Soviet Dispute,P J Honey,Hardcover,by,
1,https://www.amazon.com/dp/0755637127,0755637127,"Road to Vietnam, The: America, France, Britain, and the First Vietnam War",Pablo de Orellana,Kindle,|,
5,https://www.amazon.com/dp/B09FCFNZG8,B09FCFNZG8,Thru His Eyes: The Military Life of Sylvester Bracey Sr Vietnam Marine Recon Vet,Markus Bracey,Kindle,by,
1,https://www.amazon.com/dp/0645253456,0645253456,The Neighbour from Hell: Two Centuries of Australian Imperialism,Tom O'Lincoln,Kindle,by,
1,https://www.amazon.com/dp/1032176830,1032176830,Metametaphysics and the Sciences (Routledge Studies in Metaphysics),Frode Kjosavik,Kindle,|,
3,https://www.amazon.com/dp/1032175001,1032175001,Modelling Spatial and Spatial-Temporal Data: A Bayesian Approach: A Bayesian Approach (Chapman & Hall/CRC Statistics in the Social and Behavioral Sciences),Robert P. Haining,Hardcover,|,
0,https://www.amazon.com/dp/3030789764,3030789764,"Homotopy Theory and Arithmetic Geometry – Motivic and Diophantine Aspects: LMS-CMI Research School, London, July 2018 (Lecture Notes in Mathematics)",Frank Neumann,Kindle,by,
0,https://www.amazon.com/dp/1032178477,1032178477,Graphene and Carbon Nanotubes for Advanced Lithium Ion Batteries,Stelbin Peter Figerez,Kindle,by,
4,https://www.amazon.com/dp/1032179872,1032179872,Everyday Objects,Tara Hamling,Kindle,by,
0,https://www.amazon.com/dp/1032177039,1032177039,The Medicina Plinii (Scientific Writings from the Ancient and Medieval World),Yvette Hunt,Kindle,|,
1,https://www.amazon.com/dp/1032176962,1032176962,Migration and Colonialism in Late Second Millennium BCE Levant and Its Environs: The Making of a New World (Studies in the History of the Ancient Near East),Pekka Pitkänen,Kindle,|,
2,https://www.amazon.com/dp/1032180196,1032180196,"The Crusade against Heretics in Bohemia, 1418–1437 (Crusade Texts in Translation)",Thomas A. Fudge,Kindle,|,
5,https://www.amazon.com/dp/1789256879,1789256879,First Textiles: The Beginnings of Textile Manufacture in Europe and the Mediterranean (Ancient Textiles),Małgorzata Siennicka,Kindle,|,
0,https://www.amazon.com/dp/1138580511,1138580511,Multilingual La La Land,Claire Hitchins Chik,Kindle,by,
5,https://www.amazon.com/dp/1032173947,1032173947,The Politics of South China Sea Disputes,Nehginpao Kipgen,Kindle,by,
0,https://www.amazon.com/dp/1032176482,1032176482,In Search of Indian English,Ranjan Kumar Auddy,Kindle,by,
2,https://www.amazon.com/dp/1032178094,1032178094,Abstract Painting and the Minimalist Critiques (Routledge Advances in Art and Visual Studies),Matthew L. Levy,Kindle,|,
0,https://www.amazon.com/dp/1032177357,1032177357,Writing Centers at the Center of Change (Routledge Research in Writing Studies),Joe Essid,Kindle,|,
1,https://www.amazon.com/dp/1032178043,1032178043,Routledge Handbook of the Business of Women's Sport (Routledge International Handbooks),Nancy Lough,Kindle,by,
0,https://www.amazon.com/dp/1015070892,1015070892,Unemployment Insurance in Switzerland; the Ghent System Nationalized With Compulsory Features,T G Spates,Hardcover,by,
0,https://www.amazon.com/dp/1014117348,1014117348,"Employers' Liability, Workmen's Compensation and Liability Insurance: the Distinction Between the Liability to Pay Compensation and the Liability for ... Act of New York State; State Compensation...",Jeremiah Frederick 1878- Connor,Hardcover,by,
1,https://www.amazon.com/dp/1032110066,1032110066,Foundations of Public Service,Morgan,Kindle,by,
4,https://www.amazon.com/dp/1138498122,1138498122,Business Ethics (Routledge Contemporary Introductions to Philosophy),Jeffrey Moriarty,Kindle,|,
0,https://www.amazon.com/dp/192552292X,192552292X,Enjoy It: Business Succession & Exit Planning,Craig West,Paperback,by,
5,https://www.amazon.com/dp/1032057343,1032057343,Applied Behavior Science in Organizations: Consilience of Historical and Emerging Trends in Organizational Behavior Management,Ramona A. Houmanfar,Kindle,|,
0,https://www.amazon.com/dp/1032175508,1032175508,Gender and Corporate Boards: The Route to A Seat at The Table (Routledge Studies in Gender and Organizations),Scarlett Brown,Kindle,by,
5,https://www.amazon.com/dp/1108994539,1108994539,Militant Competition,Justin Conrad,Kindle,by,
4,https://www.amazon.com/dp/1098099893,1098099893,Missy Tours the United States in an RV,Sharon Fehlman,Kindle,by,
0,https://www.amazon.com/dp/1032177721,1032177721,Moved by Machines (Routledge Studies in Contemporary Philosophy),Mark Coeckelbergh,Kindle,|,
0,https://www.amazon.com/dp/1032176458,1032176458,Supply Chain Engineering and Logistics Handbook,Erick C. Jones,Kindle,by,
1,https://www.amazon.com/dp/103217482X,103217482X,Advanced Coal Preparation and Beyond,S. Komar Kawatra,Kindle,by,
3,https://www.amazon.com/dp/1032173750,1032173750,Surface Guided Radiation Therapy,Jeremy David Page Hoisak,Kindle,by,
3,https://www.amazon.com/dp/1032178949,1032178949,Processing of Polymer Matrix Composites,P.K. Mallick,Kindle,by,
0,https://www.amazon.com/dp/1032175559,1032175559,Pythium,Mahendra Rai,Kindle,by,
0,https://www.amazon.com/dp/1032174935,1032174935,Cultivating a Digital Culture for Effective Patient Engagement (HIMSS Book Series),Lorren Pettit,Kindle,by,
0,https://www.amazon.com/dp/9811579679,9811579679,Multimedia Technologies in the Internet of Things Environment (Studies in Big Data),Raghvendra Kumar,Kindle,|,
0,https://www.amazon.com/dp/0367515024,0367515024,Corporate Brand Design,Mohammad Mahdi Foroudi,Kindle,by,
0,https://www.amazon.com/dp/1915168023,1915168023,Blogging for Profit: Turn Your Blog into a Money Making Machine with These SEO and Copywriting Strategies - A Copywriting Secrets Guide for Beginners (Social Media Marketing for Beginners),John Shackelford,Paperback,by,
4,https://www.amazon.com/dp/1680509004,1680509004,Python Brain Teasers: Exercise Your Mind,Miki Tebeka,Kindle,by,
2,https://www.amazon.com/dp/0367725746,0367725746,Selling IT,Sandip Mukhopadhyay,Kindle,by,
4,https://www.amazon.com/dp/1801070857,1801070857,Building Data-Driven Applications with Danfo.js: A practical guide to data analysis and machine learning using JavaScript,Rising Odegua,Kindle,by,
0,https://www.amazon.com/dp/1803064102,1803064102,Python Crash Course: The Perfect Beginner's Guide to Learning Programming with Python on a Crash Course Even If You're New to Programming,Aiden Phillips,Hardcover,by,
0,https://www.amazon.com/dp/1803064080,1803064080,"Python Programming: A Complete Python Guide To Introduction You In Programming With Exercise, Projects and Solution",Aiden Phillips,Paperback,by,
2,https://www.amazon.com/dp/1637421257,1637421257,The MBA Distilled for Project & Program Professionals: Up-Level Your Skills & Career by Mastering the Best Parts of an MBA Program (Issn),Bradley D Clark,Kindle,by,
0,https://www.amazon.com/dp/1637421419,1637421419,How to Use Marketing Techniques to Get a Great Job: Your Key to a Great Career (The Buisness Career Development Collection),Edward Barr,Kindle,by,
0,https://www.amazon.com/dp/1032047747,1032047747,Leadership Resilience in a Digital Age,Janette Young,Kindle,by,
0,https://www.amazon.com/dp/1032178582,1032178582,Disrupting Journalism Ethics,Stephen J A Ward,Kindle,|,
2,https://www.amazon.com/dp/1032020628,1032020628,Ethics and Economics,Johan Graafland,Hardcover,by,
0,https://www.amazon.com/dp/1138996793,1138996793,Teaching International Business: Ethics and Corporate Social Responsibility,Erdener Kaynak,Kindle,by,
0,https://www.amazon.com/dp/1032178809,1032178809,Business and the Natural Environment (State of the Art in Business Research),Andrew Hoffman,Kindle,|,
0,https://www.amazon.com/dp/1032178019,1032178019,Public Relations as Emotional Labour (Routledge New Directions in PR & Communication Research),Liz Yeomans,Kindle,|,
0,https://www.amazon.com/dp/1032177144,1032177144,Our House: Visual and Active Consulting,Antony Williams,Kindle,by,
1,https://www.amazon.com/dp/1032175710,1032175710,Multinational Enterprises and Transparent Tax Reporting (Routledge Studies in Accounting),Alexandra Middleton,Kindle,|,
1,https://www.amazon.com/dp/1032009586,1032009586,Ethical Basics for the Caring Professions,G. R. McLean,Kindle,by,
1,https://www.amazon.com/dp/1032009373,1032009373,Exercising Your Ethics,Leslie E. Sekerka,Kindle,by,
1,https://www.amazon.com/dp/0367514877,0367514877,The Living Wage,Tony Dobbins,Kindle,by,
4,https://www.amazon.com/dp/036742178X,036742178X,Performance through Diversity and Inclusion,Ruth Bernstein,Kindle,by,
0,https://www.amazon.com/dp/0367237059,0367237059,Collaborating for Climate Resilience (Giving Voice to Values),Ann Goodman,Kindle,|,
0,https://www.amazon.com/dp/0367197286,0367197286,Journalism Ethics at the Crossroads,Roger Patching,Paperback,by,
4,https://www.amazon.com/dp/0993791573,0993791573,"90-Day Guide for Success: Pathways to Thrive in the Virtual, Remote, and Hybrid World",Jennifer J. Britton,Paperback,by,
0,https://www.amazon.com/dp/1365821501,1365821501,On This Grind,"Duane ""D.O."" Gibson",Paperback,by,
0,https://www.amazon.com/dp/1032005378,1032005378,Public Relations and Whistleblowing: Golden Handcuffs in Corporate Wrongdoing (Routledge New Directions in PR & Communication Research),Cary A. Greenwood,Kindle,|,
1,https://www.amazon.com/dp/0262542161,0262542161,Extracting Accountability: Engineers and Corporate Social Responsibility (Engineering Studies),Jessica Smith,Kindle,by,
4,https://www.amazon.com/dp/1737517213,1737517213,Art of Scars,Kathy Hagler,Kindle,by,
4,https://www.amazon.com/dp/3030765393,3030765393,Silencing a Whistleblower: A Story of Hypocrisy,Cobus de Swardt,Kindle,by,
2,https://www.amazon.com/dp/0367675757,0367675757,Integrating Change,Mel Toomey,Kindle,by,
4,https://www.amazon.com/dp/1032012676,1032012676,The Communications Consultant’s Foundation,Roger Darnell,Kindle,by,
1,https://www.amazon.com/dp/1365528367,1365528367,Preparing for your OKR program,Bastin Gerald,Paperback,by,
0,https://www.amazon.com/dp/3030562131,3030562131,A Christian Approach to Corporate Religious Liberty (Palgrave Frontiers in Philosophy of Religion),Edward A. David,Kindle,|,
0,https://www.amazon.com/dp/0768944406,0768944406,Master the DSST Business Ethics & Society Exam,Peterson's,Paperback,by,
5,https://www.amazon.com/dp/1032174137,1032174137,The Routledge Companion to Music Theory Pedagogy (Routledge Music Companions),Leigh VanHandel,Kindle,|,
1,https://www.amazon.com/dp/1032173963,1032173963,The Origin of Musical Instruments (Classic European Studies in the Science of Music),André Schaeffner,Kindle,|,
0,https://www.amazon.com/dp/1032174323,1032174323,"Film Music in the Sound Era: A Research and Information Guide, Volume 2: People, Cultures, and Contexts (Routledge Music Bibliographies)",Jonathan Rhodes Lee,Kindle,|,
0,https://www.amazon.com/dp/2849335835,2849335835,La batterie pour débutants,Janne Metsapelto,Paperback,French Edition,
0,https://www.amazon.com/dp/1032174315,1032174315,"Film Music in the Sound Era: A Research and Information Guide, Volume 1: Histories, Theories, and Genres (Routledge Music Bibliographies)",Jonathan Rhodes Lee,Kindle,|,
0,https://www.amazon.com/dp/B095GLNLHQ,B095GLNLHQ,Two Mussorgsky Transcriptions for Piano Duet,Kurtág György,Paperback,by,
0,https://www.amazon.com/dp/6204207946,6204207946,Citrus aurantium L. Microencapsulate: Larvicide activity of the essential oil,Breno Pereira Soares,Paperback,by,
0,https://www.amazon.com/dp/6204122401,6204122401,ROCK MOVEMENT IN POSADAS IN THE 70'80'S: MOVEMENT THAT FORMS AND TRANSFORMS,Sonia Liliana Vallejos,Paperback,by,
0,https://www.amazon.com/dp/8367110080,8367110080,"Anxiety in Relationship: How to overcome anxiety, jealousy and negative thinking.",Dr Marta Kaiser,Hardcover,by,
1,https://www.amazon.com/dp/0992078474,0992078474,Why Men Run... away,Cedella Blanchard,Kindle,by,
2,https://www.amazon.com/dp/1662822634,1662822634,Taking Marriage Out Of The Dark And The Grip Of Him: What Most Wives and Husbands Don't Know Preserving The Seed,Eddie L Bynum Jr,Kindle,by,
5,https://www.amazon.com/dp/9529448368,9529448368,Distance Marriage: A Quick Guide to Surviving your Long Distance Relationship like an Expert,Yeseerah  A. Lawal,Kindle,by,
0,https://www.amazon.com/dp/1803610557,1803610557,How to Help Your Spouse Heal From Your Affair: Rebuilding Trust and Recovering Your Marriage After Infidelity,Clarissa Hampton-Jones,Hardcover,by,
2,https://www.amazon.com/dp/B09GRNH1LS,B09GRNH1LS,"Naughty Sex Coupons For Him: 50 Vouchers For Boyfriend or Husband, Bachelorette Party, Anniversary, Valentines Day",Jessica Cherry,Paperback,by,
1,https://www.amazon.com/dp/1664244158,1664244158,"Every Queen Deserves Her King: How to Better Your Relationship with God First, Then with Your Natural King",Brittany Cherelle Preston,Kindle,by,
0,https://www.amazon.com/dp/0367760142,0367760142,Self-Care for Allied Health Professionals,Alison Battye,Kindle,by,
1,https://www.amazon.com/dp/1802270264,1802270264,The Pride of My Family: A Journey of Life Fulfilment From Mustard Seed to a Huge Iroko Tree,Chinedum Nwadike,Kindle,by,
5,https://www.amazon.com/dp/1911383604,1911383604,Take Charge of Your Diet: A Self-Help Workbook Using Cognitive Behavioural Therapy,Sylvie Boulay,Kindle,by,
2,https://www.amazon.com/dp/1665539755,1665539755,I Am: Affirmations and Affirmative Statements/Self-activation Book,Alisha Roberts,Kindle,by,
3,https://www.amazon.com/dp/1668001187,1668001187,Reflections of Grace: Finding Hope at Ground Zero,Andrea Raynor,Kindle,by,
3,https://www.amazon.com/dp/0367487446,0367487446,The Routledge Handbook of Health Communication (Routledge Handbooks in Communication Studies),Teresa L. Thompson,Kindle,|,
0,https://www.amazon.com/dp/1032175281,1032175281,"Saints and Sanctity in Judaism, Christianity, and Islam: Striving for remembrance (Sanctity in Global Perspective)",Alexandre Coello de la Rosa,Kindle,|,
0,https://www.amazon.com/dp/1032175826,1032175826,"Paradoxical Virtue (Routledge New Critical Thinking in Religion, Theology and Biblical Studies)",Kevin Carnahan,Kindle,|,
0,https://www.amazon.com/dp/1639034455,1639034455,The Key of David Launches The Throne of David,Betsy Fritcha,Kindle,by,
3,https://www.amazon.com/dp/1666710210,1666710210,The Globally Mobile Family's Guide to Educating Children Overseas,Karen A. Wrobbel,Hardcover,by,
0,https://www.amazon.com/dp/1032175117,1032175117,"Theology and Evolutionary Anthropology: Dialogues in Wisdom, Humility and Grace (Routledge New Critical Thinking in Religion, Theology and Biblical Studies)",Celia Deane-Drummond,Kindle,|,
1,https://www.amazon.com/dp/1638740836,1638740836,My Broken Pieces - His Yielded Clay,Evie G,Kindle,by,
1,https://www.amazon.com/dp/1032178302,1032178302,Children in the Bible and the Ancient World (Studies in the History of the Ancient Near East),Shawn W. Flynn,Kindle,|,
1,https://www.amazon.com/dp/1032178612,1032178612,Tradition and Transformation in Christian Art (Routledge Research in Art and Religion),C.A. Tsakiridou,Kindle,|,
2,https://www.amazon.com/dp/B09HFXVJSV,B09HFXVJSV,Praying the Psalms:: A 30-Day Devotional,Nancy Mae,Kindle,by,
0,https://www.amazon.com/dp/1032175273,1032175273,"Protestant Aesthetics and the Arts (Routledge Studies in Theology, Imagination and the Arts)",Sarah Covington,Hardcover,|,
3,https://www.amazon.com/dp/1032176008,1032176008,"Religion, Neuroscience and the Self (Routledge Studies in Neurotheology, Cognitive Science and Religion)",Patrick McNamara,Kindle,by,
0,https://www.amazon.com/dp/1032180188,1032180188,The Chinese Face of Jesus Christ: Volume 2: Volume 2 (Monumenta Serica Monograph Series),Roman Malek,Kindle,by,
1,https://www.amazon.com/dp/1032176164,1032176164,Christian Spain and Portugal in the Early Middle Ages (Variorum Collected Studies),Wendy Davies,Kindle,by,
0,https://www.amazon.com/dp/1032180137,1032180137,The Chinese Face of Jesus Christ: Volume 3a (Monumenta Serica Monograph Series),Roman Malek,Kindle,by,
0,https://www.amazon.com/dp/103218003X,103218003X,The Chinese Face of Jesus Christ: Volume 3b (Monumenta Serica Monograph Series),Roman Malek,Kindle,by,
0,https://www.amazon.com/dp/1032174951,1032174951,A Theology of International Development (Routledge Research in Religion and Development),Thia Cooper,Kindle,|,
1,https://www.amazon.com/dp/103217983X,103217983X,"The Poet as Believer (Routledge Studies in Theology, Imagination and the Arts)",Aidan Nichols,Kindle,|,
0,https://www.amazon.com/dp/1032174072,1032174072,Thomas Wride and Wesley’s Methodist Connexion (Routledge Methodist Studies Series),Clive Murray Norris,Kindle,|,
0,https://www.amazon.com/dp/1631185543,1631185543,The Book of John Whitmer: Mormon History Series,John Whitmer,Paperback,by,
0,https://www.amazon.com/dp/103217692X,103217692X,Jeremiah in History and Tradition (Copenhagen International Seminar),Jim West,Kindle,|,
1,https://www.amazon.com/dp/1032180005,1032180005,"The Bible and Lay People (Explorations in Practical, Pastoral and Empirical Theology)",Andrew Village,Kindle,|,
1,https://www.amazon.com/dp/1032180072,1032180072,"The Baptismal Liturgy of Jerusalem (Liturgy, Worship and Society Series)",Juliette Day,Kindle,|,
1,https://www.amazon.com/dp/1839732717,1839732717,Unless a Grain of Wheat: A Story of Friendship Between African Independent Churches and North American Mennonites (Global Perspectives),Thomas A Oduro,Kindle,|,
2,https://www.amazon.com/dp/1032180161,1032180161,The Catholic Church and Russia,Dennis J. Dunn,Kindle,by,
2,https://www.amazon.com/dp/1032180099,1032180099,"Theological Reflection and Education for Ministry (Explorations in Practical, Pastoral and Empirical Theology)",John E. Paver,Kindle,|,
0,https://www.amazon.com/dp/1631185535,1631185535,Interesting Account of Several Remarkable Visions: Mormon History Series,Orson Pratt,Paperback,by,
0,https://www.amazon.com/dp/1839734353,1839734353,"Secular, Sacred, More Sacred: Four Calls to Bridge the Divide (Icete)",Stuart Brooking,Kindle,|,
0,https://www.amazon.com/dp/1032177799,1032177799,The Silencing of Slaves in Early Jewish and Christian Texts (Routledge Studies in the Early Christian World),Ronald Charles,Kindle,|,
0,https://www.amazon.com/dp/1725272393,1725272393,The Aesthetics of Discipleship: Everyday Aesthetic Existence and the Christian Life,Adrian Coates,Kindle,by,
2,https://www.amazon.com/dp/109809283X,109809283X,Why Are They Saying Jesus Is Coming Back?,L Kathleen Cline,Kindle,by,
0,https://www.amazon.com/dp/1032175893,1032175893,"A Philosophical Theology of the Old Testament: A historical, experimental, comparative and analytic perspective (Routledge Interdisciplinary Perspectives on Biblical Criticism)",Jaco Gericke,Hardcover,by,
4,https://www.amazon.com/dp/1639033580,1639033580,31 Prayers for 31 Days,Thomas Anderson,Kindle,by,
1,https://www.amazon.com/dp/163837659X,163837659X,You're My Superhero: Being You is the Best Kind of Superpower,Lauren Kay,Kindle,by,
2,https://www.amazon.com/dp/1639616071,1639616071,Just Fiddlin' Around,Ellen Richards,Kindle,by,
0,https://www.amazon.com/dp/1725295326,1725295326,In Season: Homilies Through the Liturgical Year,Luke Timothy Johnson,Kindle,by,
0,https://www.amazon.com/dp/1725283514,1725283514,Speaking with God: Probing Old Testament Prayers for Contemporary Significance (McMaster Biblical Studies Series),Phillip G. Camp,Kindle,|,
2,https://www.amazon.com/dp/1725269023,1725269023,"Creation of History: The Transformation of Barnabas from Peacemaker to Warrior Saint, Second Edition",Michael R. Cosby,Kindle,by,
2,https://www.amazon.com/dp/1666731692,1666731692,While the World Turns,K. M. O'Neill,Kindle,by,
0,https://www.amazon.com/dp/1666701440,1666701440,Kerygmatic Hermeneutics: Formulating a Pentecostal-Charismatic Practice of Reading Scripture in the Spirit in Community,Swee Sum Lam,Kindle,by,
4,https://www.amazon.com/dp/1664243178,1664243178,When Heaven Meets Earth,Carl Wayne Whitecotton,Kindle,by,
2,https://www.amazon.com/dp/1032180153,1032180153,The Future of Liberation Theology,Ivan Petrella,Kindle,by,
0,https://www.amazon.com/dp/1032179899,1032179899,"Text, Translation, Theology: Selected Essays on the Hebrew Bible (Society for Old Testament Study)",Bertil Albrektson,Kindle,by,
0,https://www.amazon.com/dp/1032173653,1032173653,Protestant Resistance in Counterreformation Austria (Routledge Research in Early Modern History),Peter Thaler,Kindle,|,
0,https://www.amazon.com/dp/B09HG198NN,B09HG198NN,"FREE WILL: and the ""once saved, always saved"" doctrine",Dr. Richard K Smith,Paperback,by,
4,https://www.amazon.com/dp/9893319951,9893319951,A Thought for Each Day of the Year,Marin De Boylesve,Hardcover,by,
0,https://www.amazon.com/dp/1956001492,1956001492,Under the Celestial,King Ram,Kindle,by,
0,https://www.amazon.com/dp/1913247449,1913247449,Grace to my soul,Linda Plant,Paperback,by,
0,https://www.amazon.com/dp/1839735619,1839735619,Bozija Rijeè za danasnji svijet (Serbian Edition),John R W Stott,Paperback,Serbian Edition,
1,https://www.amazon.com/dp/1839732237,1839732237,Expository Preaching in a World of Spiritual Nominalism: Exploring the Churches in India's North East (Studies in Homiletics),R T Johnson Raih,Kindle,by,
1,https://www.amazon.com/dp/1839732180,1839732180,Zhang Yijing (1871-1931) and the Search for a Chinese Christian Identity,Jue Wang,Kindle,by,
0,https://www.amazon.com/dp/1774840413,1774840413,The Journal of Andrew Fuller Studies 3 (September 2021),Michael A G Haykin,Paperback,by,
0,https://www.amazon.com/dp/1736753940,1736753940,The Miracle Christmas Is,Breddan Budderman,Hardcover,by,
0,https://www.amazon.com/dp/1732112533,1732112533,Living by Grace: Reflections from the Book of Galatians,Okezie Ofoegbu,Kindle,by,
1,https://www.amazon.com/dp/1666730270,1666730270,Cosmos and Revelation: Reimagining God's Creation in the Age of Science,Peter R. Stork,Kindle,by,
0,https://www.amazon.com/dp/166671982X,166671982X,Cyrille's Talk: Building a Culture of Compassion in the Catholic High School (and every other high school on the planet),Danny Brock,Kindle,by,
0,https://www.amazon.com/dp/1666714380,1666714380,Charismatic Renewal and Pentecostalism: The Renewal of the Nigerian Catholic Church,Isidore Iwejuo Nkwocha CSSp,Kindle,by,
1,https://www.amazon.com/dp/1666711950,1666711950,Learning Jesus,Stephen D. Jones,Kindle,by,
1,https://www.amazon.com/dp/1646453689,1646453689,Seeking Sanctuary,Sharon Lamson,Kindle,by,
1,https://www.amazon.com/dp/1638447535,1638447535,"El Santuario: Struggle, Hope, and Perseverance: A Memoir",REV Jeannine Leister M Min,Kindle,by,
1,https://www.amazon.com/dp/1532677588,1532677588,Chasing Paper: Critical Reflections on Christian Books and Publishing,Stephanie L. Derrick,Paperback,by,
0,https://www.amazon.com/dp/1138356379,1138356379,Legacies of Liberation: The Progressive Catholic Church in Brazil (Routledge Revivals),John Burdick,Kindle,by,
2,https://www.amazon.com/dp/1098096215,1098096215,Morning Magnified,William McLeod,Kindle,by,
1,https://www.amazon.com/dp/1098086287,1098086287,Domino Learns His Colors: God's Gift to Us,Faith Daley,Kindle,by,
2,https://www.amazon.com/dp/1098068351,1098068351,Does the Ocean Ever Stop?,Judy Brown,Kindle,by,
1,https://www.amazon.com/dp/1032180102,1032180102,Witnesses to Faith?,Brian Wicker,Kindle,by,
1,https://www.amazon.com/dp/1032180056,1032180056,"Towards Liturgies that Reconcile (Liturgy, Worship and Society Series)",Scott Haldeman,Kindle,|,
0,https://www.amazon.com/dp/1032179929,1032179929,"The Identity of Christian Morality (Routledge New Critical Thinking in Religion, Theology and Biblical Studies)",Ann Marie Mealey,Kindle,|,
0,https://www.amazon.com/dp/1032179902,1032179902,"What's Right with the Trinity? (Routledge New Critical Thinking in Religion, Theology and Biblical Studies)",Hannah Bacon,Kindle,|,
0,https://www.amazon.com/dp/1032179821,1032179821,The Heart of Biblical Theology: Providence Experienced,Mark W. Elliott,Kindle,by,
1,https://www.amazon.com/dp/1032179775,1032179775,"The Rite of Christian Initiation (Liturgy, Worship and Society Series)",Peter McGrail,Kindle,|,
3,https://www.amazon.com/dp/1032176687,1032176687,Aesthetic Theology in the Franciscan Tradition (Routledge Research in Art and Religion),Xavier Seubert,Kindle,|,
0,https://www.amazon.com/dp/1032175583,1032175583,Media and Science-Religion Conflict (Routledge Studies in Religion),Thomas Aechtner,Kindle,|,
0,https://www.amazon.com/dp/1032175478,1032175478,"Racism and the Weakness of Christian Identity (Routledge New Critical Thinking in Religion, Theology and Biblical Studies)",David Kline,Kindle,|,
1,https://www.amazon.com/dp/1664232850,1664232850,Stories We Don’t Tell: Uncovering Generational Secrets,Anna Ray,Kindle,by,
1,https://www.amazon.com/dp/1662826931,1662826931,Rescued: Changing the Inescapable to the Inconceivable,Kevin Gephart,Kindle,by,
0,https://www.amazon.com/dp/1365898350,1365898350,History of the Russian Tolstoyan Movement (the Tolstovtzi),Daniel H. Shubin,Paperback,by,
4,https://www.amazon.com/dp/172526868X,172526868X,Called to Bless: Finding Hope by Reclaiming Our Spiritual Roots,Robert D. Cornwall,Kindle,by,
0,https://www.amazon.com/dp/1638144923,1638144923,In My Me,Jean Hayes-Martin,Kindle,by,
0,https://www.amazon.com/dp/1662827733,1662827733,"God The Creator Of Science, Technology And The U.S. Coast Guard",Peter Walton,Kindle,by,
2,https://www.amazon.com/dp/1664244786,1664244786,The Captain’s Log: Leadership and Sailing: Discovering the Biblical Connections,John Piotraschke,Kindle,by,
4,https://www.amazon.com/dp/1783807482,1783807482,Strange Epiphanies,Peter Bell,Paperback,by,
1,https://www.amazon.com/dp/1783807490,1783807490,The Anniversary of Never,Joel Lane,Paperback,by,
4,https://www.amazon.com/dp/0838948766,0838948766,The Readers' Advisory Guide to Horror,Becky Siegel Spratford,Paperback,by,
4,https://www.amazon.com/dp/1913038718,1913038718,Great British Horror 6: Ars Gratia Sanguis,Steve Shaw,Paperback,by,
1,https://www.amazon.com/dp/1783807504,1783807504,Eyes of Terror and Other Dark Adventures,L T Meade,Hardcover,by,
1,https://www.amazon.com/dp/1788309855,1788309855,Wonders of the Dark,Klarin Dane,Paperback,by,
1,https://www.amazon.com/dp/0367465035,0367465035,Under Pressure: Essays on Urban Housing,Hina Jamelle,Kindle,by,
2,https://www.amazon.com/dp/1032177241,1032177241,Risk Management in Engineering and Construction (Spon Research),Stephen Ogunlana,Kindle,|,
1,https://www.amazon.com/dp/103217689X,103217689X,Contract Law in the Construction Industry Context (Spon Research),Carl J. Circo,Kindle,|,
4,https://www.amazon.com/dp/1496835379,1496835379,The Artistic Activism of Elombe Brath,Thomas Aiello,Kindle,by,
1,https://www.amazon.com/dp/1032043032,1032043032,Sprayed Concrete Lined Tunnels,Alun Thomas,Kindle,by,
1,https://www.amazon.com/dp/1032178485,1032178485,A Strategic Approach to the UK Construction Industry,Stephen Gruneberg,Kindle,by,
3,https://www.amazon.com/dp/103217854X,103217854X,A Handbook of Sustainable Building Design and Engineering,Dejan Mumovic,Kindle,by,
3,https://www.amazon.com/dp/1732830894,1732830894,The Mysteries of Shadows Creek: The New Neighborhood,J'Nai Coach,Paperback,by,
1,https://www.amazon.com/dp/1032178833,1032178833,The Routledge Companion to Picturebooks (Routledge Literature Companions),Bettina Kümmerling-Meibauer,Kindle,|,
0,https://www.amazon.com/dp/1032178973,1032178973,The Routledge Companion to International Children's Literature (Routledge Literature Companions),John Stephens,Kindle,|,
2,https://www.amazon.com/dp/1382032722,1382032722,Rollercoasters: River Boy,Tim Bowler,Paperback,by,
3,https://www.amazon.com/dp/1032177055,1032177055,Halloween (Cinema and Youth Cultures),Mark Bernard,Kindle,|,
0,https://www.amazon.com/dp/9948834526,9948834526,Mr. Crab,Sumaya Alhammadi,Kindle,by,
4,https://www.amazon.com/dp/2075130299,2075130299,Experte dans l'art du naufrage,Julia Drake,Kindle,French Edition,
3,https://www.amazon.com/dp/1108445489,1108445489,The Cambridge Handbook of Animal Cognition (Cambridge Handbooks in Psychology),Allison B. Kaufman,Kindle,|,
2,https://www.amazon.com/dp/1032105194,1032105194,Psychoanalysis Under Nazi Occupation (The Lines of the Symbolic in Psychoanalysis Series),Laura Sokolowsky,Kindle,by,
4,https://www.amazon.com/dp/1032174129,1032174129,Evidence-Based Offender Profiling (Criminology in Focus),Bryanna Fox,Kindle,|,
4,https://www.amazon.com/dp/1032178418,1032178418,Applying Lean in Health and Social Care Services,Cameron Stark,Kindle,by,
3,https://www.amazon.com/dp/1032177322,1032177322,Re-reading the Monstrous-Feminine (Routledge Advances in Film Studies),Nicholas Chare,Kindle,|,
3,https://www.amazon.com/dp/1032177020,1032177020,Bayesian Applications in Pharmaceutical Development (Chapman & Hall/CRC Biostatistics Series),Mani Lakshminarayanan,Hardcover,|,
0,https://www.amazon.com/dp/B09HN2QK77,B09HN2QK77,"AUDI, MY BRAND",Dr Binay Singh,Kindle,by,
2,https://www.amazon.com/dp/B09C2NQNVQ,B09C2NQNVQ,Persuasion in Your Life,Shawn T. Wahl,Kindle,by,
4,https://www.amazon.com/dp/B09JCMT5BK,B09JCMT5BK,The Future of Global Retail: Learning from China's Retail Revolution,Winter Nie,Kindle,by,
0,https://www.amazon.com/dp/B09H5BVX86,B09H5BVX86,Bad Customer Service – and How to Improve It: A Brief Case-Study with Tinder,Michael Carl Alexander,Kindle,by,
4,https://www.amazon.com/dp/B09GTHW9T5,B09GTHW9T5,The Marathon Salesperson,Rodolfo Subieta,Kindle,by,
0,https://www.amazon.com/dp/B09H15LSTC,B09H15LSTC,WHATSAPP MARKETING 101: Understanding the Nitty-gritty and Secrets of WhatsApp Monetization,AYOBAMI D. DAVID,Kindle,by,
0,https://www.amazon.com/dp/B09GS15CRC,B09GS15CRC,Facebook Marketing Exclusive Guide 101: How to Start Facebook Marketing Effectively,Aloysius Emmanuel,Kindle,by,
0,https://www.amazon.com/dp/B09GMNJBYL,B09GMNJBYL,GetResponse: GetResponse Email Marketing Tool,Muhammad Nadeem,Kindle,by,
5,https://www.amazon.com/dp/B09GKHLSB9,B09GKHLSB9,The Practical CSM Framework: Manager’s Overview,Rick Adams,Kindle,by,
0,https://www.amazon.com/dp/B09G2HXTQM,B09G2HXTQM,How To Sell On eBay For Beginners: What To Sell On eBay That Will Actually Earn A Profit: Items Around The House To Sell On Ebay,Scott Dellarocco,Kindle,by,
0,https://www.amazon.com/dp/B09G2HXRM4,B09G2HXRM4,Determining What To Sell On eBay To Make Money: Things To Sell On eBay For Profit: Items Needed To Sell On Ebay,Tawanna Meola,Kindle,by,
0,https://www.amazon.com/dp/B09G21R4KD,B09G21R4KD,eCommerce Customer Service Templates: English Version,Flyxie Consulting Services,Kindle,by,
2,https://www.amazon.com/dp/B09G1YX8SM,B09G1YX8SM,A Beginner's Guide to Easy and Efficient Customer Service,Flyxie Consulting Services,Kindle,by,
0,https://www.amazon.com/dp/B0CTHQFNPP,B0CTHQFNPP,ITIL 4: Drive Stakeholder Value Reference and Study Guide (ITIL 4 Managing Professional),AXELOS Limited,Kindle,by,
0,https://www.amazon.com/dp/B09FYHFYMH,B09FYHFYMH,"Ways To Get Cheap Kids' Books: Finding On eBay, Amazon, And Thrift Stores: Technologies Promise To Turn Garbage Into Gold",Armand Michno,Kindle,by,
0,https://www.amazon.com/dp/B09FXHD8M5,B09FXHD8M5,Strengthening Value-Centered Leadership: Understanding What To Do And How To Do As A Leadership: Developing Your Personal Leadership Style,Lucila Gruis,Kindle,by,
0,https://www.amazon.com/dp/B09FX64DRP,B09FX64DRP,Deal With The Public In A Medical Setting: How To Connect More Meaningfully With Your Patients: Leads To Repeat Business,Dennis Ortwein,Kindle,by,
0,https://www.amazon.com/dp/B09FX62JQR,B09FX62JQR,Key To Successful Business: Ways To Build Customer Loyalty That Lasts: Customer Loyalty,Randy Ayres,Kindle,by,
0,https://www.amazon.com/dp/B09FX11YT5,B09FX11YT5,Customer Service Challenges: How To Create Lasting Customer Relationships: Customer Loyalty,Carletta Mcgloin,Kindle,by,
0,https://www.amazon.com/dp/B0DQP1HFHT,B0DQP1HFHT,"ITIL 4: Create, Deliver and Support Reference and Study Guide (ITIL 4 Managing Professional)",AXELOS Limited,Kindle,by,
0,https://www.amazon.com/dp/B09FWFYZN6,B09FWFYZN6,How To Create E-Commerce Business: How To Ramp Up Your Customer Base By Selling On eBay And Amazon: Marketing Software,Lashandra Rifkin,Kindle,by,
0,https://www.amazon.com/dp/B09FVZS6ZJ,B09FVZS6ZJ,How To Survive As A Leadership: How To Develop And Improve Your Leadership Style: Value-Centered Leadership,Charis Geibig,Kindle,by,
0,https://www.amazon.com/dp/B09FVXWV61,B09FVXWV61,Empowered Leadership: Explore The Secrets For Developing Your Leadership Style: The Common Leadership Styles,Kay Guckes,Kindle,by,
0,https://www.amazon.com/dp/B09FVNZG5N,B09FVNZG5N,How To Become Your Own Boss With Shopify: Everything You Need To Start An Online Store On Shopify: Beginners Guide To Shopify,Sydney Jarnagin,Kindle,by,
0,https://www.amazon.com/dp/B09FVNGMZ8,B09FVNGMZ8,A Guide To Using Dropshipping: Learn About Insider Product Sourcing Secrets: Search Engine Secrets,Lauralee Ladd,Kindle,by,
0,https://www.amazon.com/dp/B09FVM1Q89,B09FVM1Q89,Make Money With Shopify: The Complete Guide For Beginners To Set Up Store On Shopify: Shopify Plans,Sean Lionetti,Kindle,by,
0,https://www.amazon.com/dp/B09FVKH9PC,B09FVKH9PC,How To Provide Excellent Service: A Guide For Every Healthcare Manager: Poor Service,Marceline Emigholz,Kindle,by,
0,https://www.amazon.com/dp/B09FVJKSN8,B09FVJKSN8,Become A Successful Entrepreneur: The Essential Guide To Starting An Online Business: Be A Modern-Day Renaissance Man,Nadine Sveum,Kindle,by,
0,https://www.amazon.com/dp/B09FVHMYVY,B09FVHMYVY,Discovering Dropshipping In Business: The Common Scams And Pitfalls On Ecommerce: Decrease Expenses,Elvin Sordahl,Kindle,by,
0,https://www.amazon.com/dp/B09FVD1DZ6,B09FVD1DZ6,The Beginners' Guide To Shopify: How To Build Your Own Shopify Store And Earn Money Online: How To Make Money On Shopify,Clifford Twohig,Kindle,by,
0,https://www.amazon.com/dp/B09FTCQFHW,B09FTCQFHW,Treasure In Thrift Stores: Tips To Get Great Deals On Quality Children's Books: Find At Thrift Stores,Freda Laue,Kindle,by,
0,https://www.amazon.com/dp/B09FT9WYZZ,B09FT9WYZZ,Digging At Thrift Stores: How To Find Items To Sell For Big Dollars On eBay And Amazon: Make Money From Online,Zella Clemo,Kindle,by,
0,https://www.amazon.com/dp/B09FSJ41WJ,B09FSJ41WJ,How To Begin Earning Passive Income: Utilize Multiple Income Streams And Gain Financial Freedom: Multiple Income Streams,Lucinda Wouters,Kindle,by,
0,https://www.amazon.com/dp/B09FSGR8RW,B09FSGR8RW,Exploring Passive Income Ideas: A Beginner’s Guide To Earning Passive Income Via The Internet: Take Charge Of Your Life,Cecila Avena,Kindle,by,
0,https://www.amazon.com/dp/B09FS11B1M,B09FS11B1M,Online Business Ideas For Beginners: How To Successfully Start A Passive Income Outlet: Kindle Publishing,Aurelio Aluqdah,Kindle,by,
0,https://www.amazon.com/dp/B09FQG4X15,B09FQG4X15,Popular Items On eBay To Sell: Things You Can Sell On eBay That Can Make You A Ton Of Money: Where To Find Items To Sell On Ebay,Martin Stiers,Kindle,by,
0,https://www.amazon.com/dp/B09FQCD1CZ,B09FQCD1CZ,Selling Clothing On eBay: The Clothing Items That Sell For Amazing Profits On eBay: Types Of Clothing Items,Angelique Soppeland,Kindle,by,
0,https://www.amazon.com/dp/B09FQ8HTTN,B09FQ8HTTN,Make A Profit On eBay: The Right Direction Towards Success By Selling On eBay: Amazing Profits On Ebay,Zenia Titch,Kindle,by,
0,https://www.amazon.com/dp/B09FQ4WR2T,B09FQ4WR2T,Resell The Item For On eBay: The Amazing Clothing Items You Can Sell For-Profits: Men’S Clothing Items,Jere Offutt,Kindle,by,
0,https://www.amazon.com/dp/B09FPGQC75,B09FPGQC75,Customer Service And Success Strategies: Keys To Improving Your Team's Customer Service Skills: Learn To Empathize With Your Customers,Ralph Dubovsky,Kindle,by,
0,https://www.amazon.com/dp/B09FPGJ86T,B09FPGJ86T,Getting In The Sales World: Learn How To Drive Sales To The Sky: Make More Money,Felix Hibbs,Kindle,by,
0,https://www.amazon.com/dp/B09FP9CVKN,B09FP9CVKN,Customer Success: The Importance Of Providing Strong Customer Service In Business Transactions: Understanding Customer Experience,Roberto Eplin,Kindle,by,
0,https://www.amazon.com/dp/B09FP835V6,B09FP835V6,The Basics Of Retail Business: Understanding Retail Experiences And Customer Journey: Retail Workers,Chery Serva,Kindle,by,
0,https://www.amazon.com/dp/B09FP812CB,B09FP812CB,All-In-One Customer Success: How To Create A Customer Success Plan: Customer Service Strategies,Rutha Galassini,Kindle,by,
0,https://www.amazon.com/dp/B09FP7ZZJN,B09FP7ZZJN,How To Plan Business On Ecommerce: Learn About Garage Sales And Flea Markets On eBay: Making Money On Ebay,Lien Hatake,Kindle,by,
0,https://www.amazon.com/dp/B09FP71Z9G,B09FP71Z9G,Maintain Customer Loyalty: How To Generate Brand Loyalty And Reward Loyal Customers: Customer Loyalty,Burl Woodert,Kindle,by,
0,https://www.amazon.com/dp/B09FNZB5HX,B09FNZB5HX,Introduction To Inspiring A Service-Leadership Culture: Creating Excellent Client Experiences: Retail Industry Trends,Sybil Graw,Kindle,by,
0,https://www.amazon.com/dp/B09FNY6WZK,B09FNY6WZK,Providing A Quality Standard Of Service: How To Deliver Excellent Customer Service: How To Open A Retail Store,Sierra Haren,Kindle,by,
0,https://www.amazon.com/dp/B09FNVBZ7N,B09FNVBZ7N,Making Great Customer Service: The Smart Way To Unlocks The Key To Client Longevity: The Art Of Customer Service,Len Mateer,Kindle,by,
0,https://www.amazon.com/dp/B09FNV1MPG,B09FNV1MPG,Strategies For Providing A Service: How To Improve Employee Motivation And Productivity: A Journey Into The World Of Retail,Sherill Capra,Kindle,by,
0,https://www.amazon.com/dp/B09FNTKND2,B09FNTKND2,Mastering The Art Of Customer Service: The Way To Take Your Business To The Next Level: Inevitably Long-Term Profitability,Mari Mayes,Kindle,by,
0,https://www.amazon.com/dp/B09FLVCKH3,B09FLVCKH3,Smart Tips For Collecting From Late-Paying Customers: Business Guide To Resolve Unpaid Invoices: Tips For Successful Debt Collections,Carly Lageman,Kindle,by,
0,https://www.amazon.com/dp/B09FNZPWX6,B09FNZPWX6,Entering The World Of eBay: Ways To Become A Lucrative Long-Term Business: Managing Your Payments,Adolfo Felux,Kindle,by,
0,https://www.amazon.com/dp/B09FNZH6HK,B09FNZH6HK,How To Achieve Success Without A College Degree: Steps To Get Started With Affiliate Marketing: Sell In The Info Market,Francesco Tumaneng,Kindle,by,
0,https://www.amazon.com/dp/B09FNY49N1,B09FNY49N1,How To Be An Entrepreneur On eBay: A Quick Way To Make Some Fast Cash On eBay: Latest Tips For Ebay Sellers,Perry Allebach,Kindle,by,
0,https://www.amazon.com/dp/B09FNY257H,B09FNY257H,Buy And Selling On eBay For Beginners: Things To Know Before Starting eBay Business: Make Your First Sale On Ebay,Jamar Levandofsky,Kindle,by,
0,https://www.amazon.com/dp/B09FND8GP1,B09FND8GP1,Secrets Of Retail Business: Everything You Need To Know To Start A Retail Business: Real Life Examples,Marco Rastetter,Kindle,by,
0,https://www.amazon.com/dp/B09FN39FX9,B09FN39FX9,A Guide To Being eBay Sellers Professionally: How To Sell Profitable Items On Ecommerce: Online Business Guide,Randell Perlas,Kindle,by,
0,https://www.amazon.com/dp/B09FN2KDQC,B09FN2KDQC,Overview Of Retail Industry: Exploring The Key Principles Of Retail Business: A Journey Into The World Of Retail,Rosalia Jukich,Kindle,by,
0,https://www.amazon.com/dp/B09FMWK25N,B09FMWK25N,How To Make Your Customer Service Great Again: Explore How Clients Make You Rich: Customer Support,Billie Lenker,Kindle,by,
0,https://www.amazon.com/dp/B09FM69SHL,B09FM69SHL,Online Business Success: Create A Profitable E-Commerce Store Like Selling T-Shirts & Dropshipping: Selling Tshirts From Aliexpress,Reatha Twilley,Kindle,by,
0,https://www.amazon.com/dp/B09FM69LJS,B09FM69LJS,Maximum Profitability Via Selling T-Shirts & Dropshipping: Making Money Through E-Commerce Store: Tshirt Bootcamp,Rashida Zaborac,Kindle,by,
1,https://www.amazon.com/dp/B09FM2P5Z5,B09FM2P5Z5,Key Strategies To Use When Listening To Your Customers: A Guide On Customer Support: Active Listening,Fannie Yeamans,Kindle,by,
0,https://www.amazon.com/dp/B09FM2MZWY,B09FM2MZWY,Earning Via Selling T-Shirts & Dropshipping: Start An E-Commerce Business Without Huge Capital: Examples Of Awesome Products To Sell,Cheryle Kaschel,Kindle,by,
0,https://www.amazon.com/dp/B09FM2MGKY,B09FM2MGKY,Collection Tips For Small Business: Learn How To Collect Past-Due Accounts: Dealing With Past-Due Customers,Gregory Cousino,Kindle,by,
0,https://www.amazon.com/dp/B09FLZ9417,B09FLZ9417,How To Get Better At Listening To Customers: Ways To Improve Customer Services: Building Customer Loyalty,Jared Nunnally,Kindle,by,
0,https://www.amazon.com/dp/B09FLYJJZW,B09FLYJJZW,Smart Ways To Earn And Build Real Customer Loyalty: Business Guide To Improve Customer Experience: Customer Retention,Trent Basham,Kindle,by,
0,https://www.amazon.com/dp/B09FLY25Q6,B09FLY25Q6,Give Customers What They Want: Discover The Tips On How To Listen Effectively: Active Listening,Malcom Zani,Kindle,by,
0,https://www.amazon.com/dp/B09FLVTTRR,B09FLVTTRR,Dealing With Past-Due Customers: The Powerful Tools For Getting Paid More Promptly And Consistently: Tips For Dealing With Delinquent Customers,Earle Maffett,Kindle,by,
0,https://www.amazon.com/dp/B09FKQ9LWH,B09FKQ9LWH,Learn About Customer Experiences: How To Manage All Aspects Of The Customer Base: Customers Expect,Pansy Welder,Kindle,by,
0,https://www.amazon.com/dp/B09FKP4YM1,B09FKP4YM1,Tips On Boosting Customer Services: How To Create The Greatest Positive Impact For Buyers: Concepts Of Customer Satisfaction,Micheal Netters,Kindle,by,
0,https://www.amazon.com/dp/B09FKNGL7G,B09FKNGL7G,Tips For Working With Influencers: Everything You Need To Create An Influence Program For Your Brand: What To Look For In An Influencer,Shelby Blakney,Kindle,by,
0,https://www.amazon.com/dp/B09FKNF9PR,B09FKNF9PR,How To Build An Online Business From Scratch: Everything You Need To Start An Online Business: How To Start Digital Marketing Agency,Cindi Kilcrease,Kindle,by,
0,https://www.amazon.com/dp/B09FKN9KFW,B09FKN9KFW,How To Develop Online Business: A Guide To Choosing The Products For Promoting: Passive Income,Madalene Sheeley,Kindle,by,
0,https://www.amazon.com/dp/B09FKM5RWW,B09FKM5RWW,Start An Online Shop With Low-Cost: The Step-By-Step Guide To Create A Successful Business: Ecommerce Website,Earle Cutri,Kindle,by,
0,https://www.amazon.com/dp/B09FKLZFVJ,B09FKLZFVJ,Start And Make Your Online Store Outstanding: Keys To Building Your Online Business: How To Open Your Online Store,Hai Quinlin,Kindle,by,
0,https://www.amazon.com/dp/B09FKLYYBB,B09FKLYYBB,Creating Happiness For Your Customers: The Ingredients To Improve Customer Service Effectively: How To Create Service Ideas,Lowell Cicco,Kindle,by,
0,https://www.amazon.com/dp/B09FKL5NY5,B09FKL5NY5,How To Deal With Customer Problems: The Impact Technology Has On The CRM: Business Processes,Morgan Huesso,Kindle,by,
0,https://www.amazon.com/dp/B09FKL52JM,B09FKL52JM,Influencer Negotiation Strategy: Tips To Develop A Working Relationship With Influencers: How To Hire An Influencers,Bryan Guildford,Kindle,by,
0,https://www.amazon.com/dp/B09FKKZDGV,B09FKKZDGV,Methods To Work With Influencers Explore The Secret To Work Effectively With Influencers: Nfluencer Marketing,Luis Uchimura,Kindle,by,
0,https://www.amazon.com/dp/B09FKKYXP7,B09FKKYXP7,How To Boost Customer Relationships: A Guide To Implement A Successful Loyalty Program: Traits Of Loyalty Programs,Terica Manger,Kindle,by,
0,https://www.amazon.com/dp/B09FKKXWRL,B09FKKXWRL,Make Billions While Working At Home: The Complete Guide To Start An Online Business: How To Earn Money On The Internet As A Teenager,Patrica Lehtinen,Kindle,by,
0,https://www.amazon.com/dp/B09FKKRHK9,B09FKKRHK9,A Guide To Being Freelancers: How To Set Up Your Account Properly: Youtube Selling,Napoleon Filippelli,Kindle,by,
0,https://www.amazon.com/dp/B09FKK5ZTD,B09FKK5ZTD,A Guide To Earning Money Online: How To Rank Your Content On YouTube And Google: Fiverr Freelancing,Edward Pituch,Kindle,by,
0,https://www.amazon.com/dp/B09FKGRXVT,B09FKGRXVT,Online Business Ideas: Selling Products Online Without Inventory And No Huge Capital Required: Aliexpress Dropshipping,Ryan Lotta,Kindle,by,
0,https://www.amazon.com/dp/B09FK79C49,B09FK79C49,Start An Online Store Without Products: How To Run A Successful Ecommerce Business Without Inventory: Affiliate Launch,Bradford Puelo,Kindle,by,
0,https://www.amazon.com/dp/B09FK6BVY5,B09FK6BVY5,How To Develop Customer Service: Tips On Launching A Business And Securing Customer Satisfaction: How To Find Business Ideas,Refugio Ukena,Kindle,by,
0,https://www.amazon.com/dp/B09FK4XCBS,B09FK4XCBS,Start A Business Without A Product: Ways To Sell Products Online Without Inventory Or Shipping: Rank In Google Fast And Cheap,Pat Revelli,Kindle,by,
0,https://www.amazon.com/dp/B09FJ47317,B09FJ47317,How To Rank Higher In Google: The Essential Guide To Search Engine Optimization: Be An Seo Pro,Keneth Rosenberger,Kindle,by,
0,https://www.amazon.com/dp/B09FJ2JS67,B09FJ2JS67,Tips On Creating Platforms: Learn About How To Make The 3-Tier Loyalty Model: Business Value,Alexia Hagadone,Kindle,by,
0,https://www.amazon.com/dp/B09FJ25B6M,B09FJ25B6M,The Benefits Of Platforms: How To Create A Place In The New Order For Your Business: Technology Platforms,Lillia Defaber,Kindle,by,
0,https://www.amazon.com/dp/B09FJ1YKYB,B09FJ1YKYB,The Connection Of Platforms And Business: A Guide To Staying Relevant For Technology Market: Tips On Engaging Customers,Sammy Kalenkoski,Kindle,by,
0,https://www.amazon.com/dp/B09FJ1HKVK,B09FJ1HKVK,The Key For Increasing Customer Retention: The Magic Formula To Achieve Customer Loyalty: Create Customer Service Excellence,Janna Aherns,Kindle,by,
0,https://www.amazon.com/dp/B09FJ1FRRB,B09FJ1FRRB,The Ultimate Customer Service: Customer Service Techniques That Go The Extra Mile And Beyond: Land A Customer,Odis Thurness,Kindle,by,
0,https://www.amazon.com/dp/B09FJ1DZFW,B09FJ1DZFW,Strategies To Focus On Customers: How To Develop Customer Experience And Service: How To Focus On Customer Experiences,Isela Dziekan,Kindle,by,
1,https://www.amazon.com/dp/B09FJ1BZ5N,B09FJ1BZ5N,How To Know Exactly What Your Clients Want: Morning Conversation About Customer Service: Customer Expectation,Tomeka Nico,Kindle,by,
0,https://www.amazon.com/dp/B09FJ19GWC,B09FJ19GWC,"The Customer Service Skills For Success: The Essential Guide For Business Owners, Entrepreneurs: Working In The Marketing",Cleo Heinlen,Kindle,by,
0,https://www.amazon.com/dp/B09FHZZFWM,B09FHZZFWM,How To Find And Meet Your Customers Needs: The Complete Guide To Provide Good Customer Experience: How To Identify Customers’ Needs And Expectations,Allen Vanzanten,Kindle,by,
0,https://www.amazon.com/dp/B09FHZY5H2,B09FHZY5H2,How To Change Business Process: The Art Of Remembering The Little Details From Clients: Method To Remember Clients,Junior Smelley,Kindle,by,
0,https://www.amazon.com/dp/B09FHYV8FD,B09FHYV8FD,Tips On Building Customer Experiences: How To Make Lasting Relationships With Clients And Partners: Little Details From Clients,Demarcus Swauger,Kindle,by,
0,https://www.amazon.com/dp/B09FHW7ZXB,B09FHW7ZXB,Launching Your Internet-Based Business: Grow An Online Business With Low Investment: Digital Marketing Masters,Hank Devitto,Kindle,by,
0,https://www.amazon.com/dp/B09FHVPSTP,B09FHVPSTP,Let's Make Money Online Right Away!: Everything You Need To Start An Online Business: How To Run An Online Business,Digna Fricks,Kindle,by,
0,https://www.amazon.com/dp/B09FHVGHK9,B09FHVGHK9,How To Make Loyalty With Customers: Discovering The Different Types Of Loyalty Programs: Attract Loyal Customer,Laurena Domenget,Kindle,by,
0,https://www.amazon.com/dp/B09FHTZX29,B09FHTZX29,The Service Recovery Strategy: Tips To Deal With Difficult Customers And Increase Customer Loyalty: Tips For Customer Service,Tyron Lorange,Kindle,by,
0,https://www.amazon.com/dp/B09FHTN2MS,B09FHTN2MS,Tips On Setting Up Loyalty Programs: The Technology Impacts On Loyalty Programs And CRM: Tips On Making Loyalty Programs,Wilfredo Spahr,Kindle,by,
0,https://www.amazon.com/dp/B09FHTGV41,B09FHTGV41,Customer Service Recovery: Steps To Recover After Committing The Sin Of Customer Neglect: How To Compensate An Unhappy Customer,Jodie Girillo,Kindle,by,
0,https://www.amazon.com/dp/B09FHSTGJC,B09FHSTGJC,Become A Successful Online Entrepreneurs: Beginner's Guide To Launching An Online Business Today: Online Business Ideas,Bruce Lillard,Kindle,by,
0,https://www.amazon.com/dp/B09FHSP3RZ,B09FHSP3RZ,Online Business Ideas You Can Start Today: Become An Online Freelancer From Home: Online Business Ideas,Jason Gollehon,Kindle,by,
0,https://www.amazon.com/dp/B09FHSFG4J,B09FHSFG4J,Start Profitable Business From Home: The Ultimate Guide To Making Money Online By Selling: Freelancing On Upwork,Vincenzo Siminski,Kindle,by,
0,https://www.amazon.com/dp/B09FHSDYVH,B09FHSDYVH,Methods To Use Service Recovery To Fix Your Mistake: How To Turn An Upset Customer Into Your Fan: Service Recovery Bible,Earnestine Wilmott,Kindle,by,
0,https://www.amazon.com/dp/B09FHRVWLQ,B09FHRVWLQ,Start Freelancing Career With Fiverr: The Basic Guide To Start Selling Service On Fiverr: Fiverr And Freelancing Business,Ned Hefferan,Kindle,by,
0,https://www.amazon.com/dp/B09FHRC9LV,B09FHRC9LV,The Key To Enhance Customer Service: Effective Strategies To Get Great Customer Service: Meaningful Customer Service Lessons,Clifton Masenten,Kindle,by,
0,https://www.amazon.com/dp/B09FHR6HNV,B09FHR6HNV,How To Increase Buying Behaviors: Discovering The Customer Buying Decision Process: Customer Buying Decision,Chrissy Gius,Kindle,by,
0,https://www.amazon.com/dp/B09FHR3C56,B09FHR3C56,Start Your Career On Fiverr: Everything You Need To Become A Successful Freelancer On Fiverr: How To Start On Fiverr With No Experience,Deloise Grassman,Kindle,by,
0,https://www.amazon.com/dp/B09FHQYT2T,B09FHQYT2T,The Beginner Guide To Start A Fiverr Freelancing Business: Tips For Selling Service On Fiverr: Fiverr And Freelancing Business,Rusty Blechman,Kindle,by,
0,https://www.amazon.com/dp/B09FHQSX2K,B09FHQSX2K,How To Provide Excellent Customer Service: The Ultimate Guide To Boost Your Customer Service: Direct Customer Service Examples,Bo Kelchner,Kindle,by,
0,https://www.amazon.com/dp/B09FHQR2PS,B09FHQR2PS,Learn About Basic Buying Motivators: A Guide To Developing Customer Relationships: Drive Customers,Aileen Rocker,Kindle,by,
0,https://www.amazon.com/dp/B09FHQNFL8,B09FHQNFL8,The Management Of Customer Experience: How To Get Targets Of Customer Centricity: Service Business Stories,Ara Vigna,Kindle,by,
0,https://www.amazon.com/dp/B09FHQKLL5,B09FHQKLL5,Delivering Great Customer Service Easily: The Formula For Excellent Customer Service: Meaningful Customer Service Lessons,Caleb Handley,Kindle,by,
0,https://www.amazon.com/dp/B09FHQ2BFG,B09FHQ2BFG,The Levels Of Customer Experience: A Guide To Set Companywide Customer Targets: Customer Service,Faith Barjas,Kindle,by,
0,https://www.amazon.com/dp/B09FHPZ6LH,B09FHPZ6LH,A Guide To Boosting Customer Buying Decisions: How To Increase Customer Experience: Buying Motivators,Lecia Holiman,Kindle,by,
0,https://www.amazon.com/dp/B09FHPWJMP,B09FHPWJMP,Facebook Ads And Teespring Marketing: An Ultimate Guide On How To Sell T-Shirts On Facebook: T Shirt Marketing Plan,Sonja Hoke,Kindle,by,
0,https://www.amazon.com/dp/B09FHPQZKB,B09FHPQZKB,The Teespring Facebook Marketing Strategy: Methods To Promote Your T-Shirt Business On Facebook: T Shirt Marketing Tips,Jennine Doelger,Kindle,by,
0,https://www.amazon.com/dp/B09FHPQKY3,B09FHPQKY3,How To Increase Ecommerce Sales: A Guide To Making A Shopify Store From Start To Finish: Online Business,Keitha Prewitt,Kindle,by,
0,https://www.amazon.com/dp/B09FHPFDMN,B09FHPFDMN,Discovering Customer Demands: How To Turn Your Service Into World-Class: Customer Service Skills,Chas Flamenco,Kindle,by,
0,https://www.amazon.com/dp/B09FHP64TV,B09FHP64TV,Learn About The Business Market: Discovering Opportunities To Boost The Value For Your Business: Business Reviews,Miguel Pastora,Kindle,by,
1,https://www.amazon.com/dp/B09FHP4D1C,B09FHP4D1C,Tips For Selling T-Shirts On Facebook: Explore The Process Of Making Money Via T-Shirt Marketing: How To Promote Teespring On Facebook,Karmen Bahar,Kindle,by,
0,https://www.amazon.com/dp/B09FHNDP6K,B09FHNDP6K,Learn About Customer Interactions: How To Balance Between Targets And Customers In Business: Traits Of Customer Experience,Rosanne Poloskey,Kindle,by,
0,https://www.amazon.com/dp/B09FHNBC3M,B09FHNBC3M,How To Unlock Business Strategies: Tips On Reviewing And Referring Business: Business Reviews,Sung Muddaththir,Kindle,by,
0,https://www.amazon.com/dp/B09FHN7SYY,B09FHN7SYY,Tricks On Launching Your Business: The Overall Process Of Making Money Via Shopify: Ecommerce Launching,Thurman Bossi,Kindle,by,
0,https://www.amazon.com/dp/B09FHN1BL5,B09FHN1BL5,Discovering Hidden Revenue Information: Tips On Planning And Writing Product Messages: Business-Boosting Guide,Magen Elfering,Kindle,by,
0,https://www.amazon.com/dp/B09FHMTFF9,B09FHMTFF9,Tips On Making Money On Ecommerce: Ways To Find Cheap But Reliable Designers On Teespring: Shopify Store,Gregory Wreath,Kindle,by,
0,https://www.amazon.com/dp/B09FHMBWD4,B09FHMBWD4,Discover The Secret Behind A Great Customer Service: Practical Strategies To Boost Customer Service: Ways On How To Improve Customer Service,Willow Tonder,Kindle,by,
0,https://www.amazon.com/dp/B09FHM7ZSR,B09FHM7ZSR,Get Your Customer Satisfaction In Easy Steps: The Complete Guide To Enhance Your Customer Service: How To Use Feedback To Improve Customer Service,Alexa Troendle,Kindle,by,
0,https://www.amazon.com/dp/B09FHLZPG9,B09FHLZPG9,What To Do To Improve Customer Service: Every Essential Thing About Customer Service: How To Improve Customer Satisfaction,Eloise Folger,Kindle,by,
0,https://www.amazon.com/dp/B09FHLX33X,B09FHLX33X,Get Ideas For SEO Improvement: The Ultimate Technical SEO Checklist For Beginners: Search Engine Optimization,Francoise Erle,Kindle,by,
0,https://www.amazon.com/dp/B09FHLVQRB,B09FHLVQRB,How To Make Money Online: Start Getting Extra Cash Today With No Experience Or Huge Capital: Passive And Active Income,Chana Dibiase,Kindle,by,
0,https://www.amazon.com/dp/B09FHL9RPY,B09FHL9RPY,Real Ways To Actually Make Money Online: Ways To Earn Passive Income From The Comfort Of Your Home: Transformational Ways Of Making Money Online,Orval Chartier,Kindle,by,
0,https://www.amazon.com/dp/B09FHL8SND,B09FHL8SND,Earning Money Online: Real Ways To Earn From Home And Get Financial Freedom Today: Business & Money Short Reads,Loyce Hagert,Kindle,by,
0,https://www.amazon.com/dp/B09FHKWKLK,B09FHKWKLK,Great Ways To Earn Cash On Amazon: How To Rank Your Listings On The First Page Of Amazon's Search: Create A Full-Time Income Source,Cory Potier,Kindle,by,
0,https://www.amazon.com/dp/B09FHJH4W4,B09FHJH4W4,Ideas For Marketing To Healthcare Professionals: Discover The Secret Thoughts Of Physicians: The Key Skills And Attributes Of A Marketer,Erwin Tukes,Kindle,by,
0,https://www.amazon.com/dp/B09FHJ695N,B09FHJ695N,Create Passive Income Via Amazon: Strategies To Get Higher Rankings On Google And YouTube: The First Page Of Amazon'S Search,Delois Ovsanik,Kindle,by,
0,https://www.amazon.com/dp/B09FHHYMZ2,B09FHHYMZ2,Quality Customer Service: Strategies For Customer Acquisition And Customer Retention: Customer Service Representative,Dewayne Shatz,Kindle,by,
0,https://www.amazon.com/dp/B09FHHYH2S,B09FHHYH2S,Starting Your Ecommerce And Affiliate Journey: Step-By-Step Guide For Ecommerce Entrepreneur: Find The Niche Product To Sell On Facebook,Ervin Ahlers,Kindle,by,
0,https://www.amazon.com/dp/B09FHHYGC8,B09FHHYGC8,How Amazon FBA Works: Plan To Make Money By Selling Physical Products Online: Types Of Products,Demetrius Langi,Kindle,by,
0,https://www.amazon.com/dp/B09FHHXYF1,B09FHHXYF1,Key To Self-Responsibility: A Guide On Striving For More Out Of Life: Expect Success,Gavin Bassiti,Kindle,by,
0,https://www.amazon.com/dp/B09FHHRZCN,B09FHHRZCN,Ecommerce Business Guide: How To Start An Online Business With Little To No Capital Required: Start An Ecommerce Business,Karl Poette,Kindle,by,
0,https://www.amazon.com/dp/B09FHHDYD8,B09FHHDYD8,Customer Service: Strategies For Building A Larger Customer Base And Retaining The Customer Base: Customer Service Principles,Arianna Valenza,Kindle,by,
0,https://www.amazon.com/dp/B09FHH6QD8,B09FHH6QD8,Everything You Need To Know About Homeschooling: The Ultimate Guide To Set Up Homeschooling: How To Create A Conducive Learning Environment,Jed Jasmann,Kindle,by,
0,https://www.amazon.com/dp/B09FHH6DS9,B09FHH6DS9,Medical Marketing: Discover The Prescription For The Marketing Professional: What The Doctor Orders,Carlos Chetram,Kindle,by,
0,https://www.amazon.com/dp/B09FHH4J3V,B09FHH4J3V,The True Fundamentals Of Success: Learn About Achieving Success In Everything You Do: Using Your Inner Circle Of Success,Erik Maxell,Kindle,by,
0,https://www.amazon.com/dp/B09FHH2WBG,B09FHH2WBG,Building An Effective Homeschool Environment: Necessary Steps To Enjoy Your Homeschool Life: Conducive Learning Environment At Home Monitoring Report,Mariano Schubert,Kindle,by,
0,https://www.amazon.com/dp/B09FHGZ7SY,B09FHGZ7SY,"How To Achieve Success In Everything You Do: Valuable Strategies, Techniques, And Success Factors: Ways To Achieve Any Goal",Brooks Isome,Kindle,by,
0,https://www.amazon.com/dp/B09FHGTCSQ,B09FHGTCSQ,How To Cope With Conflicts: Problem-Solving Tools That Make Your Life Easier: How To Solve A Problem With Two Variables,Michel Durk,Kindle,by,
0,https://www.amazon.com/dp/B09FHGQF2Y,B09FHGQF2Y,How To Boost Resident Retention: Tips And Tricks To Create Positive Experiences For Residents: How To Build A Sense Of Community,Amal Puterbaugh,Kindle,by,
0,https://www.amazon.com/dp/B09FHGPK2Q,B09FHGPK2Q,A Prescription For Success: All Based On Answers From The Doctors Themselves: The Key Skills And Attributes Of A Marketer,Abram Colclough,Kindle,by,
0,https://www.amazon.com/dp/B09FHGPC6W,B09FHGPC6W,Customer Service Strategies: How To Build Brand Loyalty To Get The Customer Service Better: Exceptional Service,Morgan Carrizales,Kindle,by,
0,https://www.amazon.com/dp/B09FHGJCJD,B09FHGJCJD,How To Be A Good Salesperson: Expert Business Advice For Anyone Working In Sales: Sales Volume,Orlando Shanley,Kindle,by,
0,https://www.amazon.com/dp/B09FHGGF94,B09FHGGF94,Generate Brand Loyalty: How To Create A Great Customer Service Team: Deliver A Positive Outcome,Vernon Strassburg,Kindle,by,
0,https://www.amazon.com/dp/B09FHGCQ8G,B09FHGCQ8G,How To Create The Perfect Learning Environment At Home: Beginner's Guide To Homeschooling: How To Get Started Homeschool Life,Edgardo Brainerd,Kindle,by,
0,https://www.amazon.com/dp/B09FHG9WHG,B09FHG9WHG,What To Do With Conflicts: Essential Techniques To Solve Problem More Effective: Rules Setting Out How To Solve A Problem,Asa Bourgoine,Kindle,by,
0,https://www.amazon.com/dp/B09FHG94FK,B09FHG94FK,How To Make Great Business Ideas: A Guide To Stimulate The Long-Term Health For Your Business: Advice On Using Vitamin C3,Erik Elzinga,Kindle,by,
0,https://www.amazon.com/dp/B09FHFW4JZ,B09FHFW4JZ,Provide Your Customers With Exceptional Service: Advice From Experts To Satisfy Your Customers: Deliver A Positive Outcome,Love Ruhmann,Kindle,by,
0,https://www.amazon.com/dp/B09FHFVK8B,B09FHFVK8B,Start Your Ecommerce Business: An Ultimate Guide On Advertising Your Business On Facebook: The 3 Things You Need Before You Create Your First Ad,Jason Hansch,Kindle,by,
0,https://www.amazon.com/dp/B09FHFT9QZ,B09FHFT9QZ,Habits Of Incredibly Successful Salespeople: Unleash The Secrets To Master And Succeed In Sales: A Serious Sales Manual,Robena Edson,Kindle,by,
0,https://www.amazon.com/dp/B09FHFR3PF,B09FHFR3PF,Tips On Selling Product Or Service: How To Plan Product Or Service Ideas For Your Business: How To Use Business Ideas,Na Rodenberger,Kindle,by,
0,https://www.amazon.com/dp/B09FHFCWDY,B09FHFCWDY,Getting Into The Sales World: Discovering The Basics Of Selling For Salespersons: Basic Sales,Mariano Taflinger,Kindle,by,
0,https://www.amazon.com/dp/B09FHF1TDT,B09FHF1TDT,Resident Retention Tips For Multifamily Apartments: A Guide For Assist Property Managements: The Maintenance Team,Teressa Laverne,Kindle,by,
0,https://www.amazon.com/dp/B09FHDXPX9,B09FHDXPX9,Habits Of Incredibly Successful Salespeople: Unleash The Secrets To Master And Succeed In Sales: Manufacturing Specifics,Sydney Tamborlane,Kindle,by,
0,https://www.amazon.com/dp/B09FHDW5NS,B09FHDW5NS,Customers Relationship: Principles And Strategies In Acquiring And Maintaining More Customers: And Relationship,Theodore Gossman,Kindle,by,
0,https://www.amazon.com/dp/B09FH2HZCZ,B09FH2HZCZ,Online Business Tricks: How To Start An Ecommerce Business Without Huge Capital: How To Create Your Website From Start To Finish,Yvonne Munroe,Kindle,by,
0,https://www.amazon.com/dp/B09FH1DXPF,B09FH1DXPF,Resident Retention: Effective Ways To Boost Multi-Family Resident Satisfaction: Customer-Centric Philosophy,Cordelia Rienzo,Kindle,by,
0,https://www.amazon.com/dp/B09FGZY2FQ,B09FGZY2FQ,Achieving Success Faster: How To Make Money With eBay Dropshipping And Fiverr: How To Set Up Your Product'S Listing Page,Odis Rosenbush,Kindle,by,
0,https://www.amazon.com/dp/B09FGZS51K,B09FGZS51K,A Guide To Using Business Ideas: How To Connect Customers With Your Service: How To Sell Services,Nickole Dragula,Kindle,by,
0,https://www.amazon.com/dp/B09FGZK9G9,B09FGZK9G9,A Guide To Using Business Ideas: How To Connect Customers With Your Service: Connect Clients,Alda Cruce,Kindle,by,
0,https://www.amazon.com/dp/B09FGYX7T8,B09FGYX7T8,A Guide To Being Customer Service Professionals: How To Deal With Bad Customer Service: Customer Communications,Nohemi Malakan,Kindle,by,
0,https://www.amazon.com/dp/B09FGWBPHD,B09FGWBPHD,How To Boost Customer Loyalty: The Benefits Of Impressive Customer Service: Customer Service Problem,Barb Dresch,Kindle,by,
0,https://www.amazon.com/dp/B09FGW195M,B09FGW195M,A Guide To Developing Brands: Cause Of The Customer Service Problem In The Sales Industry: How To Keep Up With Customers,Dominque Freshwater,Kindle,by,
0,https://www.amazon.com/dp/B09FGVNFW4,B09FGVNFW4,How To Create An Online Business From Scratch: Guide For New Entrepreneurs To Start Today: How To Create A Product Listing On Fiverr,Rosalba Grenet,Kindle,by,
0,https://www.amazon.com/dp/B09FGVMNBG,B09FGVMNBG,Profitable Ecommerce Business Ideas To Try: Choose Your Own Path To Make Money Online This Year: Middleman Definition,Joaquina Weiglein,Kindle,by,
0,https://www.amazon.com/dp/B09FGTYM56,B09FGTYM56,Run An E-Commerce Business: How To Start An Ecommerce Business & Sell Products Or Services Online: Middleman Definition,Austin Paprocki,Kindle,by,
0,https://www.amazon.com/dp/B09FGT69TM,B09FGT69TM,Ecommerce Business: Set Up Your Own Business From Home And Get Passive Income Today: How To Find Products That Will Sell,Terrance Tod,Kindle,by,
0,https://www.amazon.com/dp/B09FGT1YZ9,B09FGT1YZ9,How To Make Great Customer Service: The Difference Between Gratitude And Appreciation: How To Increase Sales,Donte Carros,Kindle,by,
0,https://www.amazon.com/dp/B09FGSSN66,B09FGSSN66,Learn About Customer Demands: A Guide To Setting Up Business Strategies: How To Boost Customer Service,Jacob Peary,Kindle,by,
0,https://www.amazon.com/dp/B09FGS4GZ7,B09FGS4GZ7,Discovering Customer Service Professionally: Learn About A Life-Changing Experience For Buyers: Customer Service Solutions,Elise Sansone,Kindle,by,
0,https://www.amazon.com/dp/B09FGGF759,B09FGGF759,Everything You Should Know About IT Customer Service: The Key To Create Good IT Customer Service: How To Improve Customer Service,Sherill Kocon,Kindle,by,
0,https://www.amazon.com/dp/B09FGCFR27,B09FGCFR27,How To Earn Money As An Affiliate Marketer: Steps To Create Your Internet Marketing Business: How To Create An Informative Review,Valentin Cutforth,Kindle,by,
0,https://www.amazon.com/dp/B09FGC188H,B09FGC188H,To Succeed In IT Customer Service: The Step-By-Step Guide To Providing Excellent Customer Service: It Customer Service Salary,Hui Yarman,Kindle,by,
0,https://www.amazon.com/dp/B09FGBQL1T,B09FGBQL1T,The Key For Affiliate Marketing Without A Website: The Process Of Making Money As An Affiliate: Affiliate Marketing,Lucien Rudat,Kindle,by,
0,https://www.amazon.com/dp/B09FGBDCLK,B09FGBDCLK,Get Started With Scuba Diving: Basic Tips On How To Behave Underwater: Show Off Your Skills Knowledge,James Connick,Kindle,by,
0,https://www.amazon.com/dp/B09FGB1Q5Y,B09FGB1Q5Y,Discovering Top Brands About Customer Care: How To Handle Crisis And Service For Your Customers: Developing Customer Service,Alethia Zechiel,Kindle,by,
0,https://www.amazon.com/dp/B09FG992HC,B09FG992HC,The Sales Strategies: How To Boost Your Sales Performance And Build A High-Potential Sales Team: How To Write A Sales Strategy,Miquel Hoaglin,Kindle,by,
0,https://www.amazon.com/dp/B09FG8KGF3,B09FG8KGF3,The Sales Growth Tool: Learning The Proven Techniques To Improve Your Sales Performance: Effective Sales Strategy,Angelique Helsey,Kindle,by,
0,https://www.amazon.com/dp/B09FG8389S,B09FG8389S,Learn About Social Customer Care: Tips On Navigating Social Media Role For Overall Customers: Customer Service Management,Alan Oboyle,Kindle,by,
0,https://www.amazon.com/dp/B09FG81KGH,B09FG81KGH,How To Kick Your Sales Number: A Step-By-Step Roadmap To Accelerate Your Sales Performance: How Sales Works,Elfriede Brandman,Kindle,by,
0,https://www.amazon.com/dp/B09FG7CPTF,B09FG7CPTF,A Roadmap To Achieve Success In Customer Service: Learning The Tips For Great Customer Success: Customer Service Plan,Brandy Hatchel,Kindle,by,
0,https://www.amazon.com/dp/B09FG6YYL8,B09FG6YYL8,Workflows Application In HubSpot: Tips On Assigning Goals And Budgets In Business: Customer Relationships,Rolando Clemmey,Kindle,by,
0,https://www.amazon.com/dp/B09FG6SPV7,B09FG6SPV7,Tips On Winning More Leads: A Guide To Storing The Contact Details Of Customers: Storing Customer Information,Digna Botto,Kindle,by,
0,https://www.amazon.com/dp/B09FG6RH6V,B09FG6RH6V,Golden Rules To Build A Customer Service Strategy: The Basic Guide To CX Strategy For Any Business: Simple Rules To Design The Winning Cx Strategy,Clelia Kytle,Kindle,by,
1,https://www.amazon.com/dp/B09FG6MC4T,B09FG6MC4T,How To Approach Customers And Leads: Tips On Creating Marketing Campaigns Based On HubSpot CRM: Hubspot Crm Impact,Rosemary Stiner,Kindle,by,
0,https://www.amazon.com/dp/B09FG678CP,B09FG678CP,Simple Way To Solve Debt Collection: Proven Tactics To Not Be Afraid Of Debt Collectors: How To Deal With Debt Collectors In Uae,Andreas Kawaa,Kindle,by,
1,https://www.amazon.com/dp/B09FG5YC4K,B09FG5YC4K,Create A Great Customer Service Strategy: Specific Roadmap To Build Your Right Customer Service: Good Customer Service,Devon Verdusco,Kindle,by,
0,https://www.amazon.com/dp/B09FG5XFBD,B09FG5XFBD,Effective Customer Service Strategies: Key Steps To Create A Winning CX Strategy: Netflix Customer Obsession,Kathleen Gandeza,Kindle,by,
0,https://www.amazon.com/dp/B09FG5RM12,B09FG5RM12,Customer Care Business Strategies: How To Make Intelligent Strategic Investments In Customer Care: Customer Service Improvement Strategies,Jannette Cavasos,Kindle,by,
1,https://www.amazon.com/dp/B09FG53R5N,B09FG53R5N,The Rules For Strategic Customer Success: Steps To Create A Successful Customer Service Strategy: Customer Care Business Plan,Mohamed Noerr,Kindle,by,
0,https://www.amazon.com/dp/B09FG4YR3H,B09FG4YR3H,Dealing With Debt Collectors Without Worry: Practical Tips To Tackle Debt Collectors: How To Deal With Debt Collectors,Kory Gammage,Kindle,by,
0,https://www.amazon.com/dp/B09FG3NX75,B09FG3NX75,Making Great Customers Services: The Path To Quality And Lasting Customer Relationships: A Framework For Cx Transformation,Monte Strek,Kindle,by,
0,https://www.amazon.com/dp/B09FG3H5ZK,B09FG3H5ZK,How To Get Out Of Debt Collectors: The Comprehensive Guide To Face With Your Debt Collectors: Tips To Deal With Debt Stress,Toshiko Norland,Kindle,by,
0,https://www.amazon.com/dp/B09FFX2XHV,B09FFX2XHV,Master The Secret Of IT Customer Service: Tips For Perfect IT Customer Service: How To Improve Customer Service,Randolph Iara,Kindle,by,
0,https://www.amazon.com/dp/B09FFVXFMT,B09FFVXFMT,The Core Of Great Customer Service: Everything You Need To Achieve Success In Customer Service: Ways To Improve Customer Service,Ezekiel Grims,Kindle,by,
0,https://www.amazon.com/dp/B09FFVFG4T,B09FFVFG4T,Build Deeper Customer Relationships: A Guide To Enable Digital Customer Experience Transformation: Grow Profits,Terry Vanhoozer,Kindle,by,
0,https://www.amazon.com/dp/B09FFVDGVB,B09FFVDGVB,Making More Money By Selling: Easy Tips For Successful Selling: Creative Ways To Attract Customers,Johnny Mcloud,Kindle,by,
0,https://www.amazon.com/dp/B09FFV4427,B09FFV4427,Become A Successful Seller With Your Love: Key Techniques Of Excellent Sellers: How To Become A Successful Seller On Amazon,Jae Bredehoft,Kindle,by,
0,https://www.amazon.com/dp/B09FFV2ZVV,B09FFV2ZVV,Steps To Improve Customer Service Skills: How To Keep Loyal Customers And Attract New Clients: How To Build On Your Established Relationships,Alphonse Kinn,Kindle,by,
0,https://www.amazon.com/dp/B09FFTQV4K,B09FFTQV4K,Winning Customer Services: How To Recruit And Train Teams Of Customer Service Agents: Customer Experiences On Social Media,Sid Kunin,Kindle,by,
0,https://www.amazon.com/dp/B09FFTNJ7H,B09FFTNJ7H,Simple Keys To Be A Great Seller: The Comprehensive Guide For Every Seller: How To Become A Successful Seller,Bobbie Chiverton,Kindle,by,
0,https://www.amazon.com/dp/B09FFSVTV6,B09FFSVTV6,How To Unlock Emotional Ability: Tips On Combining EQ And IQ Skills: Managing Emotions,Sharon Fronick,Kindle,by,
0,https://www.amazon.com/dp/B09FFS6BM6,B09FFS6BM6,How To Measure Emotional Intelligence: Strategies To Master Emotional Managing Skills: How To Improve Emotions,Jeannetta Castle,Kindle,by,
0,https://www.amazon.com/dp/B09FFS1P6P,B09FFS1P6P,What You Need To Keep Customers Loyal: How To Provide Exceptional Service To Your Customers: Exceptional Customer Service Skills,Adriene Woolcott,Kindle,by,
0,https://www.amazon.com/dp/B09FFRGVCV,B09FFRGVCV,Growing Your Business: Exploring The Benefits Of Customer Experience Transformation: Building Unbreakable Relationships With Customers,Kacie Comboy,Kindle,by,
0,https://www.amazon.com/dp/B09FFPGSG5,B09FFPGSG5,Deliver Amazing Customer Service To End-Users: The Complete Guide For IT Professionals: How To Influence The Emotions Of Others,Monty Danes,Kindle,by,
0,https://www.amazon.com/dp/B09FFNKR6L,B09FFNKR6L,Take Advantage Of Exceptional Service To Boost Customer Loyalty: The Guide To Gain Loyal Customers: Exceptional Customer Service Skills,Dudley Reando,Kindle,by,
0,https://www.amazon.com/dp/B09FFNJNVT,B09FFNJNVT,The World Of Customer Service: An Ultimate Guide For IT To Work With End-Users: Flow Chart For Handling User Calls,Emory Derogatis,Kindle,by,
0,https://www.amazon.com/dp/B09FFMTVLP,B09FFMTVLP,How To Build Customer Loyalty: Tips To Make Your Customers Satisfied Using Exceptional Service: Exceptional Customer Service Experience,Wayne Sambor,Kindle,by,
0,https://www.amazon.com/dp/B09FFLQCXC,B09FFLQCXC,Create The Distinction For Your Company: Everything You Need To Build Distinction For Your Business: How To Distinguish Yourself In The Marketplace,Lauretta Hegland,Kindle,by,
0,https://www.amazon.com/dp/B09FFL4W8P,B09FFL4W8P,Customer Service Skills For IT: The Skills Needed When Dealing With End-Users On Service Requests: Practices For Communicating With Email,Curt Matzke,Kindle,by,
0,https://www.amazon.com/dp/B09FFKQ4QN,B09FFKQ4QN,What Makes Your Business More Special Than Others: How To Be Stood Out From The Competition: Business Book,Johnny Edmund,Kindle,by,
0,https://www.amazon.com/dp/B09FFKMC1H,B09FFKMC1H,How To Make The Difference For Your Organization: The Guide For Beginners To Create Distinction: How To Differentiate Yourself From Others,Garry Holcombe,Kindle,by,
0,https://www.amazon.com/dp/B09FFJYY8F,B09FFJYY8F,How To Improve The Business Process: Tips On Improving Customer Expectations For Your Business: Service Professional,Jared Mccommons,Kindle,by,
0,https://www.amazon.com/dp/B09FFJP7C3,B09FFJP7C3,How To Become A Good Copywriter: The Ultimate Guide To Grow Your Copywriting Business: Entering The World Of Copywriting,Ninfa Rowell,Kindle,by,
0,https://www.amazon.com/dp/B09FFH83YZ,B09FFH83YZ,Chances To Develop Your Business: Discovering Perspectives On Being A Service Professional: Advice On Service Professional,Beatriz Ruff,Kindle,by,
0,https://www.amazon.com/dp/B09FFH7MZH,B09FFH7MZH,What Make A Excellent Copywriter: Successful Tips From Top Copywriters: How To Start A Copywriting Business,Genny Gertelman,Kindle,by,
0,https://www.amazon.com/dp/B09FFH68GG,B09FFH68GG,Landing Your Job As A Copywriter: Master Principles To Become A Faster Copywriter: How To Make Money As A Freelance Copywriter,Herschel Hean,Kindle,by,
0,https://www.amazon.com/dp/B09FFDFLBJ,B09FFDFLBJ,The Secret To Your Customer's Happiness: Easy Ways To Boost Your Customer Experience: Purple Goldfish Snack,Tanisha Garst,Kindle,by,
1,https://www.amazon.com/dp/B09FFD7NS9,B09FFD7NS9,Make Your Customers Satisfied In Simple Steps: Practical Strategy To Ensure Your Client's Happiness: Good Customer Service,Stefan Dewitz,Kindle,by,
0,https://www.amazon.com/dp/B09FFCSM1C,B09FFCSM1C,Tips On Exceeding Customers Expectations: How To Expand The Customer Service For Business: How To Develop Customer Service,Caridad Pedez,Kindle,by,
4,https://www.amazon.com/dp/B09HMPLBW1,B09HMPLBW1,LICEN$ED TO EARN: 7 WAYS TO EARN A BETTER LIVING,SUMANT PENDHARKAR,Kindle,by,
1,https://www.amazon.com/dp/B09HNBSHC3,B09HNBSHC3,From Prophecy to Reality: How to bring vision to pass in your life,Annie  Ridgle,Kindle,by,
4,https://www.amazon.com/dp/B09HN67MNS,B09HN67MNS,Mental Habits for Believers: 28 Days to New Thought Patterns: Change your thought patterns and change your life!,Kyle Hunter,Kindle,by,
4,https://www.amazon.com/dp/B09HMWPFJX,B09HMWPFJX,The Integration System: A Short Self-help Guide to Feeling More Complete,Alexander Gaulton,Kindle,by,
2,https://www.amazon.com/dp/B09GFFH4GC,B09GFFH4GC,The Organizational Zoo: A survival guide to workplace behavior,Arthur Shelley,Kindle,by,
2,https://www.amazon.com/dp/B09HMKV3Q1,B09HMKV3Q1,The Bougie Salmon Cookbook: Budget-Friendly Salmon Recipes that Taste like a Million Dollars,Layla Tacy,Kindle,by,
3,https://www.amazon.com/dp/B09HN7LXFL,B09HN7LXFL,Best Homemade Pizza Recipes: Gourmet Pizzas You Can Create at Home – Book 4 (The Best Pizza Cookbook Series),Brian White,Kindle,|,
0,https://www.amazon.com/dp/B09HNCPG9V,B09HNCPG9V,Orange Chicken Recipe Cook Book,Grace  Lee,Kindle,by,
2,https://www.amazon.com/dp/B09HN2HQJP,B09HN2HQJP,Grind It and Pound It: Ground Beef Recipes: Putting Ground Beef to Good Use,Layla Tacy,Kindle,by,
0,https://www.amazon.com/dp/B09HML747G,B09HML747G,The Dieting Soulmate's Cookbook: Dieting is Always Easier in Pairs,Layla Tacy,Kindle,by,
4,https://www.amazon.com/dp/B09HMV7S1G,B09HMV7S1G,Cabbage Patch Recipes: A Cabbage Cookbook Straight from the Garden,Layla Tacy,Kindle,by,
2,https://www.amazon.com/dp/B09HMFVPKV,B09HMFVPKV,When Darkness Fell: THEIR DARKEST HOUR,Jay Johnson,Kindle,by,
3,https://www.amazon.com/dp/B09HM2VNJF,B09HM2VNJF,Prayer Book The Souls In Purgatory (Anima Sola Collection 1),Max Ivanova,Kindle,|,
0,https://www.amazon.com/dp/B09HMXXBJX,B09HMXXBJX,Roots & Wings Facilitator Guide: An Integrative Bible Study for Discipleship,Edmund  Chan,Kindle,by,
2,https://www.amazon.com/dp/B09HMH67PG,B09HMH67PG,UNRAVELING THE MYSTERY OF SALT COVENANT,Enobong  Udofia,Kindle,by,
0,https://www.amazon.com/dp/B09HGMZFKZ,B09HGMZFKZ,Letters Home: A Drafted Vietnam Veteran's Story Told By His Letter's Home to Family,Adam Byrnes,Kindle,by,
0,https://www.amazon.com/dp/B09H9J8XCN,B09H9J8XCN,A Long Way Home,Terry Raycraft,Kindle,by,
3,https://www.amazon.com/dp/B09H4D4PM3,B09H4D4PM3,The First African American Awarded the Medal of Honor in the Vietnam War: Milton L. Olive III,Robert Toporek,Kindle,by,
2,https://www.amazon.com/dp/B09GQ2GC4L,B09GQ2GC4L,I/3/3 CHU Lai,Robert Seiber,Kindle,by,
5,https://www.amazon.com/dp/B09J2X81PR,B09J2X81PR,Like Boy Scouts with Guns: Memoir of a Counterculture Warrior in Vietnam,Roger S. Durham,Kindle,by,
1,https://www.amazon.com/dp/B08W2P9FRK,B08W2P9FRK,The Vietnam War: A Study in the Making of American Policy,Michael P. Sullivan,Kindle,by,
5,https://www.amazon.com/dp/B09G9N15FM,B09G9N15FM,Thru His Eyes: The Military Life of Sylvester Bracey Sr Vietnam Marine Recon Vet,Markus Bracey,Kindle,by,
4,https://www.amazon.com/dp/B09G6SZKMV,B09G6SZKMV,Vietnam Geopolitical Affairs,Tùng-Phong,Kindle,by,
2,https://www.amazon.com/dp/B09D8QWDF1,B09D8QWDF1,Music Cognition: The Basics,Henkjan Honing,Kindle,|,
2,https://www.amazon.com/dp/B09D3ZTZCK,B09D3ZTZCK,The Destruction of Cities in the Ancient Greek World: Integrating the Archaeological and Literary Evidence,Sylvian Fachard,Kindle,by,
0,https://www.amazon.com/dp/B09HM7XC9B,B09HM7XC9B,"Statistical Foundations, Reasoning and Inference: For Science and Data Science (Springer Series in Statistics)",Göran Kauermann,Kindle,|,
3,https://www.amazon.com/dp/B091FVMPWK,B091FVMPWK,"Wild Weather: The Myths, Science and Wonder of Weather",Alison Davies,Kindle,by,
0,https://www.amazon.com/dp/B09DPXBHTX,B09DPXBHTX,Science in the Media: Popular Images and Public Perceptions,Paul R Brewer,Kindle,by,
5,https://www.amazon.com/dp/B0GL3FGK5H,B0GL3FGK5H,Applied Behavior Science in Organizations: Consilience of Historical and Emerging Trends in Organizational Behavior Management,Ramona A. Houmanfar,Kindle,|,
0,https://www.amazon.com/dp/B0G6ZJCL7N,B0G6ZJCL7N,Routledge Handbook of Humanitarian Communication (Routledge International Handbooks),Lilie Chouliaraki,Kindle,by,
5,https://www.amazon.com/dp/B0DK2XB6Z4,B0DK2XB6Z4,Burbot: Conserving the Enigmatic Freshwater Codfish,Mark Everard,Kindle,by,
2,https://www.amazon.com/dp/B08X1RN784,B08X1RN784,Fleeting Agencies: A Social History of Indian Coolie Women in British Malaya (Global South Asians),Arunima Datta,Kindle,|,
4,https://www.amazon.com/dp/B09HMCNWYB,B09HMCNWYB,"Henry Adams: The Education of Henry Adams, Mont-Saint-Michel and Chartres",Henry Adams,Kindle,by,
3,https://www.amazon.com/dp/B09HP26WX5,B09HP26WX5,The Art of Medieval Jewelry: An Illustrated History,T.N. Pollio,Kindle,by,
5,https://www.amazon.com/dp/B09F5RBZXV,B09F5RBZXV,The Routledge Handbook of the Senses in the Ancient Near East,Kiersten Neumann,Kindle,by,
2,https://www.amazon.com/dp/B09FGBPF2H,B09FGBPF2H,Revolutions and Revolutionary Movements,James DeFronzo,Kindle,by,
1,https://www.amazon.com/dp/B09CJ9KMQQ,B09CJ9KMQQ,Ancient History from Below: Subaltern Experiences and Actions in Context (Routledge Monographs in Classical Studies),Cyril Courrier,Kindle,|,
2,https://www.amazon.com/dp/B09DPSQRGG,B09DPSQRGG,Applied Mass Communication Theory: A Guide for Media Practitioners,Jack Rosenberry,Kindle,by,
5,https://www.amazon.com/dp/B09MKWZG5D,B09MKWZG5D,Policing: The Essentials,Michael E. Buerger,Kindle,by,
4,https://www.amazon.com/dp/B097XW2DQJ,B097XW2DQJ,"Contradictions: An essay from the collection, Of This Our Country",Bolu Babalola,Kindle,by,
4,https://www.amazon.com/dp/B09F62BSSQ,B09F62BSSQ,"When God Lost Her Tongue: Historical Consciousness and the Black Feminist Imagination (Subversive Histories, Feminist Futures)",Janell Hobson,Kindle,by,
2,https://www.amazon.com/dp/B09G5KW6JT,B09G5KW6JT,The Geographies of Threat and the Production of Violence: The State and the City Between Us,Rasul A Mowatt,Kindle,by,
0,https://www.amazon.com/dp/B09DT9ZZBS,B09DT9ZZBS,Afrikaners and the Boundaries of Faith in Post-Apartheid South Africa (Routledge Contemporary South Africa),Annika Björnsdotter Teppo,Kindle,|,
0,https://www.amazon.com/dp/B0CLKZ2ZBY,B0CLKZ2ZBY,"Hurricane Maria in Puerto Rico: Disaster, Vulnerability & Resiliency",Marie T. Mora,Kindle,by,
2,https://www.amazon.com/dp/B0933NJ77B,B0933NJ77B,Cities After Crisis: Reinventing Neighborhood Design from the Ground-Up,Carlos Vazquez,Kindle,by,
2,https://www.amazon.com/dp/B09FRLX5VQ,B09FRLX5VQ,"The Future of ESG in Insurance: Corporate Citizenship, Investing in Change & Enabling the Future (The Future of Insurance: From Disruption to Evolution)",Bryan Falchuk,Kindle,|,
2,https://www.amazon.com/dp/B09HN4F278,B09HN4F278,Burst My Balloon (Word Party),The Jim Henson Company,Kindle,|,
3,https://www.amazon.com/dp/B09HN59HPY,B09HN59HPY,No Cupcakes for Lunch (Word Party),The Jim Henson Company,Kindle,|,
1,https://www.amazon.com/dp/B09HN39Z1W,B09HN39Z1W,Squacky Is Afraid of the Dark (Pajanimals),Ellie O'Ryan,Kindle,|,
3,https://www.amazon.com/dp/B09HMVZTKP,B09HMVZTKP,Halloween Holidays Around the World Halloween BILINGUAL BABY BOOK 4+ English - Spanish Bilingv.Academy Teachers Approved (mini bili books english - spanish age 2+ 161),Arianna Blake,Kindle,|,
1,https://www.amazon.com/dp/B09HLGRHLX,B09HLGRHLX,Space Diarrhea: A children's story about using the bathroom despite FOMO or fear of asking (Poop & Fart Collection),Philippe Desjardins,Kindle,|,
0,https://www.amazon.com/dp/B09HMVVPSY,B09HMVVPSY,Maisie and the Everywhere Mouse: The Complete Story in One Volume,Dominic McDonald,Kindle,|,
4,https://www.amazon.com/dp/B0C9WB5KLQ,B0C9WB5KLQ,"The Good, the Bad, & the Gassy (The Grosse Adventures Book 1)",Annie Auerbach,Kindle,|,
2,https://www.amazon.com/dp/B0987YJWTC,B0987YJWTC,Britain's Railways in the First World War,Michael Foley,Kindle,by,
0,https://www.amazon.com/dp/B09BZZYG11,B09BZZYG11,Architecture in the Age of Pornography: Reading Alain Badiou,Nadir Lahiji,Kindle,by,
2,https://www.amazon.com/dp/B09HN5VSQV,B09HN5VSQV,Energy in the Vedas (Sciences in Ancient India Book 8),Dr. Ravi Prakash Arya,Kindle,|,
1,https://www.amazon.com/dp/B09HN4LM4T,B09HN4LM4T,PCCs On Parade: A Roster of The Presidents’ Conference Committee Heritage Streetcars on San Francisco’s F Line,Eric Smith,Kindle,by,
0,https://www.amazon.com/dp/B09HMT1N1G,B09HMT1N1G,Strength on Wheels: What My ’96 Cavalier Taught Me About Life,Tony Smith Ph.D.,Kindle,by,
0,https://www.amazon.com/dp/B09HMP5PYL,B09HMP5PYL,Extracellular Matrix Biomineralization of Dental Tissue Structures (Biology of Extracellular Matrix Book 10),Michel Goldberg,Kindle,|,
0,https://www.amazon.com/dp/B09HMMJ4PZ,B09HMMJ4PZ,Performance simulation of modular product architectures by model-based configuration (Produktentwicklung und Konstruktionstechnik Book 21),Florian M. Dambietz,Kindle,by,
1,https://www.amazon.com/dp/B09HML3KWH,B09HML3KWH,Hydropneumatic Suspension Systems,Wolfgang Bauer,Kindle,by,
0,https://www.amazon.com/dp/B09FTMWHFY,B09FTMWHFY,Metaheuristics for Resource Deployment under Uncertainty in Complex Systems,Shuxin Ding,Kindle,by,
1,https://www.amazon.com/dp/B09F6WZBLH,B09F6WZBLH,The Power of Geometric Algebra Computing: For Engineering and Quantum Computing,Dietmar Hildenbrand,Kindle,by,
0,https://www.amazon.com/dp/B09DPYQFLN,B09DPYQFLN,Concise Introduction to Logic and Set Theory (Mathematics and its Applications),Iqbal H. Jebril,Kindle,by,
0,https://www.amazon.com/dp/B09DFD8G24,B09DFD8G24,Fine Riding: Blending Classical Riding and Equitation Science,Susan McBane,Kindle,by,
0,https://www.amazon.com/dp/B09D41M3DV,B09D41M3DV,Wireless Interface Technologies for 3D IC and Module Integration,Tadahiro Kuroda,Kindle,by,
0,https://www.amazon.com/dp/B09CQ79683,B09CQ79683,Entrepreneurship and Big Data: The Digital Revolution (Big Data for Industry 4.0),Meghna Chhabra,Kindle,|,
2,https://www.amazon.com/dp/B099ZXQGFF,B099ZXQGFF,Profiting from Industry 4.0: The road to future value in manufacturing,Marcos Kauffman,Kindle,by,
2,https://www.amazon.com/dp/B0933M4SVY,B0933M4SVY,Engineering Sustainable Life on Earth: Alleviating Adverse Climate Change Through Better Design,John Coplin,Kindle,by,
1,https://www.amazon.com/dp/B08TRKRDVT,B08TRKRDVT,Scientific Writing and Publishing: A Comprehensive Manual for Authors,Denys Wheatley,Kindle,by,
2,https://www.amazon.com/dp/B08LGFV78Q,B08LGFV78Q,Kinematic Analysis and Synthesis of Mechanisms,Asok Kumar Mallik,Kindle,by,
5,https://www.amazon.com/dp/B00OD421QU,B00OD421QU,Biosignal and Medical Image Processing,John L. Semmlow,Kindle,by,
0,https://www.amazon.com/dp/B0D4FK2FS3,B0D4FK2FS3,Food Loss and Waste Reduction: Technical Solutions for Cleaner Production,Laxmikant S. Badwaik,Kindle,by,
0,https://www.amazon.com/dp/B0D4FCS83Y,B0D4FCS83Y,Nanomaterials for Optoelectronic Applications,Mohd. Shkir,Kindle,by,
0,https://www.amazon.com/dp/B0D4FCKV9S,B0D4FCKV9S,Bioprocessing of Agri-Food Residues for Production of Bioproducts,Adriana Carolina Flores-Gallegos,Kindle,by,
0,https://www.amazon.com/dp/B0D4F8HJXN,B0D4F8HJXN,Flexible Dolphins,Crow,Kindle,by,
0,https://www.amazon.com/dp/B0D4F8HJWT,B0D4F8HJWT,Wireless Sensor Networks and the Internet of Things: Future Directions and Applications,Bhagirathi Nayak,Kindle,by,
0,https://www.amazon.com/dp/B0D2RZS34G,B0D2RZS34G,Rural Accessibility in European Regions,Elisabetta Vitale Brovarone,Kindle,by,
1,https://www.amazon.com/dp/B0D2CVJF9Q,B0D2CVJF9Q,E-Waste Management: Challenges and Opportunities in India,Varsha Bhagat-Ganguly,Kindle,by,
0,https://www.amazon.com/dp/B0BWMKLJDM,B0BWMKLJDM,Handbook of Cell Biosensors,Gérald Thouand,Kindle,by,
0,https://www.amazon.com/dp/B0B656G476,B0B656G476,Vascular Tissue Engineering: Methods and Protocols (Methods in Molecular Biology Book 2375),Feng Zhao,Kindle,by,
0,https://www.amazon.com/dp/B09LPHBMKZ,B09LPHBMKZ,Electrical Product Compliance and Safety Engineering - Volume 2,Steli Loznen,Kindle,by,
2,https://www.amazon.com/dp/B09LNYMMWF,B09LNYMMWF,Natural Photonics and Bioinspiration,Sébastien R. Mouchet,Kindle,by,
0,https://www.amazon.com/dp/B09LNQYH8P,B09LNQYH8P,An Introduction to Optical Wireless Mobile Communications,Harald Haas,Kindle,by,
0,https://www.amazon.com/dp/B09JCP256V,B09JCP256V,Methods of Partial Deafness Treatment,Henryk Skarżyński,Kindle,by,
0,https://www.amazon.com/dp/B09JCMMZ2Q,B09JCMMZ2Q,Heat and Mass Transfer Modelling During Drying: Empirical to Multiscale Approaches,Mohammad U.H. Joardder,Kindle,by,
0,https://www.amazon.com/dp/B09J1TB71Q,B09J1TB71Q,Carbon Monoxide in Organic Synthesis: Carbonylation Chemistry,Bartolo Gabriele,Kindle,by,
0,https://www.amazon.com/dp/B09HP9C2C1,B09HP9C2C1,Electronics in Advanced Research Industries: Industry 4.0 to Industry 5.0 Advances,Alessandro Massaro,Kindle,by,
0,https://www.amazon.com/dp/B09HP965HD,B09HP965HD,Fundamentals of Drug Delivery,Heather A. E. Benson,Kindle,by,
0,https://www.amazon.com/dp/B09HN9MTD1,B09HN9MTD1,More Info on Information: From Information to Artificial Intelligence,Tinko Stoyanov,Kindle,by,
0,https://www.amazon.com/dp/B09HN5XS85,B09HN5XS85,Engineering Activities for the Classroom -- Volume 3: Engineering,Harry T. Roman,Kindle,by,
0,https://www.amazon.com/dp/B09HN3LQYQ,B09HN3LQYQ,Book 88/130: Tables for Points: POTENTIAL RESEARCH GAPS AND TABLES FOR RESEARCH ON SHAPED CHARGE (POTENTIAL RESEARCH GAPS AND TABLES FOR RESEARCH ON SHAPED CHARGE: LIST OF TABLES),Ahmad Humaizi Hilmi,Kindle,|,
0,https://www.amazon.com/dp/B09HN3DWN3,B09HN3DWN3,Woodworking Like A Pro: 15 Stunning Tricks,Emily Snow,Kindle,by,
0,https://www.amazon.com/dp/B09HN34RHZ,B09HN34RHZ,Book 90/130: Tables for Pressures: POTENTIAL RESEARCH GAPS AND TABLES FOR RESEARCH ON SHAPED CHARGE (POTENTIAL RESEARCH GAPS AND TABLES FOR RESEARCH ON SHAPED CHARGE: LIST OF TABLES),Ahmad Humaizi Hilmi,Kindle,|,
0,https://www.amazon.com/dp/B09HN2R3YG,B09HN2R3YG,Book 91/130: Tables for Projectiles: POTENTIAL RESEARCH GAPS AND TABLES FOR RESEARCH ON SHAPED CHARGE (POTENTIAL RESEARCH GAPS AND TABLES FOR RESEARCH ON SHAPED CHARGE: LIST OF TABLES),Ahmad Humaizi Hilmi,Kindle,|,
0,https://www.amazon.com/dp/B09HN2NDZ1,B09HN2NDZ1,Book 89/130: Tables for Power: POTENTIAL RESEARCH GAPS AND TABLES FOR RESEARCH ON SHAPED CHARGE (POTENTIAL RESEARCH GAPS AND TABLES FOR RESEARCH ON SHAPED CHARGE: LIST OF TABLES),Ahmad Humaizi Hilmi,Kindle,|,
0,https://www.amazon.com/dp/B09HN281SK,B09HN281SK,Book 92/130: Tables for Propagation: POTENTIAL RESEARCH GAPS AND TABLES FOR RESEARCH ON SHAPED CHARGE (POTENTIAL RESEARCH GAPS AND TABLES FOR RESEARCH ON SHAPED CHARGE: LIST OF TABLES),Ahmad Humaizi Hilmi,Kindle,|,
1,https://www.amazon.com/dp/B09HN168DD,B09HN168DD,Woodworker: Dovetails Methods,Kevin Show,Kindle,by,
2,https://www.amazon.com/dp/B09HMYQMHR,B09HMYQMHR,Woodworker: Building Faster,Malcom Clay,Kindle,by,
0,https://www.amazon.com/dp/B09HMY7DFG,B09HMY7DFG,Book 79/130: Tables for Numerical: POTENTIAL RESEARCH GAPS AND TABLES FOR RESEARCH ON SHAPED CHARGE (POTENTIAL RESEARCH GAPS AND TABLES FOR RESEARCH ON SHAPED CHARGE: LIST OF TABLES),Ahmad Humaizi Hilmi,Kindle,|,
0,https://www.amazon.com/dp/B09HMY7DC7,B09HMY7DC7,Anthropogenic Pollution of Aquatic Ecosystems,Donat-P. Häder,Kindle,by,
0,https://www.amazon.com/dp/B09HMXMP99,B09HMXMP99,Biosurfactants: Greener Surface Active Agents for Sustainable Future: Microbial Surfactants,Deepansh Sharma,Kindle,by,
0,https://www.amazon.com/dp/B09HMXMP92,B09HMXMP92,Multiscale Mechanics of Shock Wave Processes (Shock Wave and High Pressure Phenomena),Yurii Meshcheryakov,Kindle,|,
0,https://www.amazon.com/dp/B09HMX989D,B09HMX989D,Book 78/130: Tables for Modelling: POTENTIAL RESEARCH GAPS AND TABLES FOR RESEARCH ON SHAPED CHARGE (POTENTIAL RESEARCH GAPS AND TABLES FOR RESEARCH ON SHAPED CHARGE: LIST OF TABLES),Ahmad Humaizi Hilmi,Kindle,|,
0,https://www.amazon.com/dp/B09HMWS6FJ,B09HMWS6FJ,Cyanobacterial Lifestyle and its Applications in Biotechnology,Prashant Kumar Singh,Kindle,by,
0,https://www.amazon.com/dp/B09HMVMVYR,B09HMVMVYR,Spoof Surface Plasmon Polaritons Antenna (Modern Antenna),Junping Geng,Kindle,by,
0,https://www.amazon.com/dp/B09HMT678S,B09HMT678S,Book 77/130: Tables for Model: POTENTIAL RESEARCH GAPS AND TABLES FOR RESEARCH ON SHAPED CHARGE (POTENTIAL RESEARCH GAPS AND TABLES FOR RESEARCH ON SHAPED CHARGE: LIST OF TABLES),Ahmad Humaizi Hilmi,Kindle,|,
0,https://www.amazon.com/dp/B09HMSRY2C,B09HMSRY2C,Technologies. Simplified: Compilation of my pre-published technology articles,Rajesh Dangi,Kindle,by,
0,https://www.amazon.com/dp/B09HMSQ9WV,B09HMSQ9WV,"Book 86/130: Tables for Physical, Physics and Plastics: POTENTIAL RESEARCH GAPS AND TABLES FOR RESEARCH ON SHAPED CHARGE (POTENTIAL RESEARCH GAPS AND TABLES ... RESEARCH ON SHAPED CHARGE: LIST OF TABLES)",Ahmad Humaizi Hilmi,Kindle,|,
0,https://www.amazon.com/dp/B09HMPRBS6,B09HMPRBS6,"Sustainable Materials and Systems for Water Desalination (Advances in Science, Technology & Innovation)",Inamuddin,Kindle,|,
0,https://www.amazon.com/dp/B09HMP4FS4,B09HMP4FS4,Woodworker: Cabinet Tricks,Kevin Clay,Kindle,by,
0,https://www.amazon.com/dp/B09HMNGNP3,B09HMNGNP3,Book 75/130: Tables for Metals: POTENTIAL RESEARCH GAPS AND TABLES FOR RESEARCH ON SHAPED CHARGE (POTENTIAL RESEARCH GAPS AND TABLES FOR RESEARCH ON SHAPED CHARGE: LIST OF TABLES),Ahmad Humaizi Hilmi,Kindle,|,
0,https://www.amazon.com/dp/B09HMKS7W4,B09HMKS7W4,Book 76/130: Tables for Methods: POTENTIAL RESEARCH GAPS AND TABLES FOR RESEARCH ON SHAPED CHARGE (POTENTIAL RESEARCH GAPS AND TABLES FOR RESEARCH ON SHAPED CHARGE: LIST OF TABLES),Ahmad Humaizi Hilmi,Kindle,|,
0,https://www.amazon.com/dp/B09HMJ62SB,B09HMJ62SB,Book 87/130: Tables for Plates: POTENTIAL RESEARCH GAPS AND TABLES FOR RESEARCH ON SHAPED CHARGE (POTENTIAL RESEARCH GAPS AND TABLES FOR RESEARCH ON SHAPED CHARGE: LIST OF TABLES),Ahmad Humaizi Hilmi,Kindle,|,
0,https://www.amazon.com/dp/B09HMHLD5K,B09HMHLD5K,Book 84/130: Tables for Penetration: POTENTIAL RESEARCH GAPS AND TABLES FOR RESEARCH ON SHAPED CHARGE (POTENTIAL RESEARCH GAPS AND TABLES FOR RESEARCH ON SHAPED CHARGE: LIST OF TABLES),Ahmad Humaizi Hilmi,Kindle,|,
0,https://www.amazon.com/dp/B09HMHHYC8,B09HMHHYC8,Book 81/130: Tables for Parameters: POTENTIAL RESEARCH GAPS AND TABLES FOR RESEARCH ON SHAPED CHARGE (POTENTIAL RESEARCH GAPS AND TABLES FOR RESEARCH ON SHAPED CHARGE: LIST OF TABLES),Ahmad Humaizi Hilmi,Kindle,|,
0,https://www.amazon.com/dp/B09HMH46N1,B09HMH46N1,Book 83/130: Tables for Penetrating: POTENTIAL RESEARCH GAPS AND TABLES FOR RESEARCH ON SHAPED CHARGE (POTENTIAL RESEARCH GAPS AND TABLES FOR RESEARCH ON SHAPED CHARGE: LIST OF TABLES),Ahmad Humaizi Hilmi,Kindle,|,
0,https://www.amazon.com/dp/B09HMGRSGF,B09HMGRSGF,Nematode Diseases of Crops and their Management,Parvatha P. Reddy,Kindle,by,
3,https://www.amazon.com/dp/B09HMGN9VY,B09HMGN9VY,The Mazda MX-5 Miata: What’s New Changes Does The Mazda MX-5 Miata Have?: How Well Do You Know About The Mazda MX-5 Miata?,LILLEY CHRISTOPHER,Kindle,by,
0,https://www.amazon.com/dp/B09HMG37GG,B09HMG37GG,Book 85/130: Tables for Phase: POTENTIAL RESEARCH GAPS AND TABLES FOR RESEARCH ON SHAPED CHARGE (POTENTIAL RESEARCH GAPS AND TABLES FOR RESEARCH ON SHAPED CHARGE: LIST OF TABLES),Ahmad Humaizi Hilmi,Kindle,|,
0,https://www.amazon.com/dp/B09HMFYLRW,B09HMFYLRW,"Communication and Smart Technologies: Proceedings of ICOMTA 2021 (Smart Innovation, Systems and Technologies Book 259)",Álvaro Rocha,Kindle,|,
0,https://www.amazon.com/dp/B09HMD6HZW,B09HMD6HZW,Book 73/130: Tables for Mechanical: POTENTIAL RESEARCH GAPS AND TABLES FOR RESEARCH ON SHAPED CHARGE (POTENTIAL RESEARCH GAPS AND TABLES FOR RESEARCH ON SHAPED CHARGE: LIST OF TABLES),Ahmad Humaizi Hilmi,Kindle,|,
0,https://www.amazon.com/dp/B09HMCWY43,B09HMCWY43,Advances in Cognitive Neurodynamics (VII): Proceedings of the Seventh International Conference on Cognitive Neurodynamics – 2019,Alessandra Lintas,Kindle,|,
0,https://www.amazon.com/dp/B09HM7LWWQ,B09HM7LWWQ,Book 70/130: Tables for Liquid: POTENTIAL RESEARCH GAPS AND TABLES FOR RESEARCH ON SHAPED CHARGE (POTENTIAL RESEARCH GAPS AND TABLES FOR RESEARCH ON SHAPED CHARGE: LIST OF TABLES),Ahmad Humaizi Hilmi,Kindle,|,
0,https://www.amazon.com/dp/B09HM6Y8XZ,B09HM6Y8XZ,Book 71/130: Tables for Location and Lower: POTENTIAL RESEARCH GAPS AND TABLES FOR RESEARCH ON SHAPED CHARGE (POTENTIAL RESEARCH GAPS AND TABLES FOR RESEARCH ON SHAPED CHARGE: LIST OF TABLES),Ahmad Humaizi Hilmi,Kindle,|,
0,https://www.amazon.com/dp/B09HM58BVG,B09HM58BVG,Book 80/130: Tables for Order: POTENTIAL RESEARCH GAPS AND TABLES FOR RESEARCH ON SHAPED CHARGE (POTENTIAL RESEARCH GAPS AND TABLES FOR RESEARCH ON SHAPED CHARGE: LIST OF TABLES),Ahmad Humaizi Hilmi,Kindle,|,
0,https://www.amazon.com/dp/B09HM4W3D1,B09HM4W3D1,Smart Healthcare Analytics: State of the Art (Intelligent Systems Reference Library Book 213),Prasant Kumar Pattnaik,Kindle,by,
0,https://www.amazon.com/dp/B09HM4QPWJ,B09HM4QPWJ,Book 82/130: Tables for Particles: POTENTIAL RESEARCH GAPS AND TABLES FOR RESEARCH ON SHAPED CHARGE (POTENTIAL RESEARCH GAPS AND TABLES FOR RESEARCH ON SHAPED CHARGE: LIST OF TABLES),Ahmad Humaizi Hilmi,Kindle,|,
0,https://www.amazon.com/dp/B09HLL885F,B09HLL885F,Book 72/130: Tables for Materials: POTENTIAL RESEARCH GAPS AND TABLES FOR RESEARCH ON SHAPED CHARGE (POTENTIAL RESEARCH GAPS AND TABLES FOR RESEARCH ON SHAPED CHARGE: LIST OF TABLES),Ahmad Humaizi Hilmi,Kindle,|,
0,https://www.amazon.com/dp/B09HLJVN85,B09HLJVN85,Book 74/130: Tables for Mechanics and Mechanisms: POTENTIAL RESEARCH GAPS AND TABLES FOR RESEARCH ON SHAPED CHARGE (POTENTIAL RESEARCH GAPS AND TABLES FOR RESEARCH ON SHAPED CHARGE: LIST OF TABLES),Ahmad Humaizi Hilmi,Kindle,|,
0,https://www.amazon.com/dp/B09HJYCF1P,B09HJYCF1P,"Perspectives on Music, Sound and Musicology: Research, Education and Practice (Current Research in Systematic Musicology Book 10)",Luísa Correia Castilho,Kindle,|,
0,https://www.amazon.com/dp/B09GL1R6CR,B09GL1R6CR,Transition to Turbulence,Tapan K. Sengupta,Kindle,by,
0,https://www.amazon.com/dp/B09GB525RG,B09GB525RG,Flapping Wing Vehicles: Numerical and Experimental Approach,Lung-Jieh Yang,Kindle,by,
0,https://www.amazon.com/dp/B09FYQ4HX6,B09FYQ4HX6,"Bacterial Cellulose: Synthesis, Production, and Applications",Sher Bahadar Khan,Kindle,by,
0,https://www.amazon.com/dp/B09FXSS76C,B09FXSS76C,Epidemic Risk Analysis and Assessment in Transport Services: COVID-19 and Other Viruses,Rafał Burdzik,Kindle,by,
0,https://www.amazon.com/dp/B09FFB2V6G,B09FFB2V6G,"Proceedings of the 1st International Congress on Engineering Technologies: EngiTek 2020, 16-18 June 2020, Irbid, Jordan (Mosharaka for Research and Studies ... Conference Proceedings (P-MIC))",Suhil Kiwan,Kindle,|,
0,https://www.amazon.com/dp/B09F39RNXN,B09F39RNXN,Persistent Organic Pollutants in the Environment: Origin and Role,Narendra Kumar,Kindle,by,
0,https://www.amazon.com/dp/B09D974KZ2,B09D974KZ2,"Sustainability in Industry 4.0: Challenges and Remedies (Mathematical Engineering, Manufacturing, and Management Sciences)",Shwetank Avikal,Kindle,|,
2,https://www.amazon.com/dp/B09D777223,B09D777223,Principles and Practice of Property Valuation in Australia,David Parker,Kindle,by,
0,https://www.amazon.com/dp/B09CPTZZ31,B09CPTZZ31,Deep Learning for Internet of Things Infrastructure,Uttam Ghosh,Kindle,by,
0,https://www.amazon.com/dp/B09C9R1CZ2,B09C9R1CZ2,Patent Law and Women: Tackling Gender Bias in Knowledge Governance,Jessica Lai,Kindle,by,
0,https://www.amazon.com/dp/B09C7K31JH,B09C7K31JH,Data Science and Innovations for Intelligent Systems: Computational Excellence and Society 5.0 (Demystifying Technologies for Computational Excellence),Kavita Taneja,Kindle,|,
1,https://www.amazon.com/dp/B09C6PBBNR,B09C6PBBNR,Optical and Molecular Physics: Theoretical Principles and Experimental Methods,Miguel A. Esteso,Kindle,by,
1,https://www.amazon.com/dp/B09BTX5KSP,B09BTX5KSP,Seawater in Concrete Mix,Hidenori Hamada,Kindle,by,
0,https://www.amazon.com/dp/B09B7YV3VZ,B09B7YV3VZ,Multi-Criteria Decision-Making Techniques in Waste Management: A Case Study of India,Suchismita Satapathy,Kindle,by,
0,https://www.amazon.com/dp/B099WSWLQ5,B099WSWLQ5,Modern Electronics and Communication Engineering,M.L. Anand,Kindle,by,
0,https://www.amazon.com/dp/B09996N93H,B09996N93H,Principles of Communication Engineering,M.L. Anand,Kindle,by,
0,https://www.amazon.com/dp/B098TWYNQB,B098TWYNQB,High-Resolution Mass Spectroscopy for Phytochemical Analysis: State-of-the-Art Applications and Techniques,Sreeraj Gopi,Kindle,by,
1,https://www.amazon.com/dp/B08RNDKKB3,B08RNDKKB3,Future Yet to Come: Sociotechnical Imaginaries in Modern Korea,Sonja M. Kim,Hardcover,by,
0,https://www.amazon.com/dp/B09HKSLYTB,B09HKSLYTB,Air Force Manual AFMAN 11-2C-130HV2 Flying Operations C-130H Aircrew Evaluation Criteria September 2021,United States Government US Air Force,Kindle,by,
5,https://www.amazon.com/dp/B09HLLKFPY,B09HLLKFPY,"Heat Transfer: Heat Exchangers, Steam Generators, & Cooling Towers",D. James Benton,Kindle,by,
4,https://www.amazon.com/dp/B09GG9PD3D,B09GG9PD3D,"The Survival Nexus: Science, Technology, and World Affairs",Charles Weiss,Kindle,by,
0,https://www.amazon.com/dp/B09HL3V6DN,B09HL3V6DN,"SAMSUNG GALAXY WATCH 4 CLASSIC & WATCH 4 (2021) USER GUIDE: A COMPLETE BEGINNERS’ MANUAL ON HOW TO OPERATE YOUR WATCH 4 AND WATCH 4 CLASSIC DEVICE, WITH TIPS AND TRICKS THAT WILL MAKE YOU A PRO",NICOLAS MCCARTHY,Kindle,by,
0,https://www.amazon.com/dp/B098FHDC4M,B098FHDC4M,"Energy in Water Resource Recovery Facilities, 2nd Edition MOP 32",Water Environment Federation,Kindle,by,
3,https://www.amazon.com/dp/B0933J7KNN,B0933J7KNN,Introduction to Microcontroller Programming for Power Electronics Control Applications: Coding with MATLAB® and Simulink®,Mattia Rossi,Hardcover,by,
0,https://www.amazon.com/dp/B09KRYCYD3,B09KRYCYD3,Foundations For Fintech (Global Fintech Institute - World Scientific Series On Fintech Book 1),David Kuo Chuen Lee,Kindle,|,
1,https://www.amazon.com/dp/B09HRCKSVL,B09HRCKSVL,Under Pressure: Essays on Urban Housing,Hina Jamelle,Kindle,by,
0,https://www.amazon.com/dp/B09HMWYDFL,B09HMWYDFL,Analysis and Design of Plated Structures: Volume 1: Stability (Woodhead Publishing Series in Civil and Structural Engineering),N.E. Shanmugam,Kindle,|,
0,https://www.amazon.com/dp/B09HMV3MTQ,B09HMV3MTQ,Green Nanomaterials for Industrial Applications (Micro and Nano Technologies),Uma Shanker,Kindle,|,
0,https://www.amazon.com/dp/B09HJZH2ZQ,B09HJZH2ZQ,"Advanced Methods for Human Biometrics (Smart Sensors, Measurement and Instrumentation Book 40)",Nabil Derbel,Kindle,|,
0,https://www.amazon.com/dp/B09HJZ95NH,B09HJZ95NH,Principles of Electrical Neural Interfacing: A Quantitative Approach to Cellular Recording and Stimulation,Liang Guo,Kindle,by,
0,https://www.amazon.com/dp/B09HJZ7QDN,B09HJZ7QDN,Watershed Erosion Processes (Geography of the Physical Environment),Tongxin Zhu,Kindle,|,
0,https://www.amazon.com/dp/B09HJY1WRZ,B09HJY1WRZ,A Cartographic Analysis of Soviet Military City Plans (Springer Theses),Martin Davis,Kindle,by,
0,https://www.amazon.com/dp/B098FH2WG8,B098FH2WG8,"Planning, Design and Implementation for New and Upgraded Water Resource Recovery Facilities, 2nd edition, MOP 28",Water Environment Federation,Kindle,by,
0,https://www.amazon.com/dp/B0BWDLXDNB,B0BWDLXDNB,"Electric, Hybrid, and Fuel Cell Vehicles (Encyclopedia of Sustainability Science and Technology Series)",Amgad Elgowainy,Kindle,by,
0,https://www.amazon.com/dp/B09LGZPM6K,B09LGZPM6K,Tecnomuse: Technology and Poetry: an incredibly mathematical marriage ...,Danilo Tacchino,Kindle,by,
0,https://www.amazon.com/dp/B09HL6RYKP,B09HL6RYKP,HOW TO DESIGN THERMAL SOLUTION FOR FANLESS WIFI DEVICE,Morris Huang,Kindle,by,
0,https://www.amazon.com/dp/B09HKZZF55,B09HKZZF55,Book 69/130: Tables for Liner: POTENTIAL RESEARCH GAPS AND TABLES FOR RESEARCH ON SHAPED CHARGE (POTENTIAL RESEARCH GAPS AND TABLES FOR RESEARCH ON SHAPED CHARGE: LIST OF TABLES),Ahmad Humaizi Hilmi,Kindle,|,
0,https://www.amazon.com/dp/B09HKZ1MFX,B09HKZ1MFX,The Infernal Combustion Engine: Let's share some experiences,Max Robinson,Kindle,by,
0,https://www.amazon.com/dp/B09HKXH85T,B09HKXH85T,London Heathrow Airport June 2021,Jonathan J.G. Lewin,Kindle,by,
0,https://www.amazon.com/dp/B09HKTXV63,B09HKTXV63,UNDERSTANDING THE BASIS OF DIGITAL MARKETING: Get started with Digital marketing,Adeyemi Taofeek,Kindle,by,
0,https://www.amazon.com/dp/B09HKRXKTF,B09HKRXKTF,Cement,Constro Facilitator,Kindle,by,
0,https://www.amazon.com/dp/B09HKRCHHS,B09HKRCHHS,Book 67/130: Tables for Launch and Length: POTENTIAL RESEARCH GAPS AND TABLES FOR RESEARCH ON SHAPED CHARGE (POTENTIAL RESEARCH GAPS AND TABLES FOR RESEARCH ON SHAPED CHARGE: LIST OF TABLES),Ahmad Humaizi Hilmi,Kindle,|,
0,https://www.amazon.com/dp/B09HKQQ2FY,B09HKQQ2FY,Book 68/130: Tables for Linear: POTENTIAL RESEARCH GAPS AND TABLES FOR RESEARCH ON SHAPED CHARGE (POTENTIAL RESEARCH GAPS AND TABLES FOR RESEARCH ON SHAPED CHARGE: LIST OF TABLES),Ahmad Humaizi Hilmi,Kindle,|,
0,https://www.amazon.com/dp/B09HKQC3FQ,B09HKQC3FQ,Book 64/130: Tables for Impulse and Interactions: POTENTIAL RESEARCH GAPS AND TABLES FOR RESEARCH ON SHAPED CHARGE (POTENTIAL RESEARCH GAPS AND TABLES FOR RESEARCH ON SHAPED CHARGE: LIST OF TABLES),Ahmad Humaizi Hilmi,Kindle,|,
0,https://www.amazon.com/dp/B09HKPNHNX,B09HKPNHNX,Book 66/130: Tables for Lagrangian: POTENTIAL RESEARCH GAPS AND TABLES FOR RESEARCH ON SHAPED CHARGE (POTENTIAL RESEARCH GAPS AND TABLES FOR RESEARCH ON SHAPED CHARGE: LIST OF TABLES),Ahmad Humaizi Hilmi,Kindle,|,
0,https://www.amazon.com/dp/B09HKPDBZN,B09HKPDBZN,Taking care of my dog at home from anywhere,Carlos Matuoka,Kindle,by,
0,https://www.amazon.com/dp/B09HKMPZ1H,B09HKMPZ1H,Book 65/130: Tables for Interface: POTENTIAL RESEARCH GAPS AND TABLES FOR RESEARCH ON SHAPED CHARGE (POTENTIAL RESEARCH GAPS AND TABLES FOR RESEARCH ON SHAPED CHARGE: LIST OF TABLES),Ahmad Humaizi Hilmi,Kindle,|,
0,https://www.amazon.com/dp/B09HKKYXZX,B09HKKYXZX,Book 61/130: Tables for Functions: POTENTIAL RESEARCH GAPS AND TABLES FOR RESEARCH ON SHAPED CHARGE (POTENTIAL RESEARCH GAPS AND TABLES FOR RESEARCH ON SHAPED CHARGE: LIST OF TABLES),Ahmad Humaizi Hilmi,Kindle,|,
0,https://www.amazon.com/dp/B09HKJTTXD,B09HKJTTXD,Book 62/130: Tables for Geometry: POTENTIAL RESEARCH GAPS AND TABLES FOR RESEARCH ON SHAPED CHARGE (POTENTIAL RESEARCH GAPS AND TABLES FOR RESEARCH ON SHAPED CHARGE: LIST OF TABLES),Ahmad Humaizi Hilmi,Kindle,|,
0,https://www.amazon.com/dp/B09HKHSVH2,B09HKHSVH2,Book 63/130: Tables for Impact: POTENTIAL RESEARCH GAPS AND TABLES FOR RESEARCH ON SHAPED CHARGE (POTENTIAL RESEARCH GAPS AND TABLES FOR RESEARCH ON SHAPED CHARGE: LIST OF TABLES),Ahmad Humaizi Hilmi,Kindle,|,
0,https://www.amazon.com/dp/B09HKGTQV8,B09HKGTQV8,Book 60/130: Tables for Front: POTENTIAL RESEARCH GAPS AND TABLES FOR RESEARCH ON SHAPED CHARGE (POTENTIAL RESEARCH GAPS AND TABLES FOR RESEARCH ON SHAPED CHARGE: LIST OF TABLES),Ahmad Humaizi Hilmi,Kindle,|,
0,https://www.amazon.com/dp/B09HKBZTWV,B09HKBZTWV,Book 54/130: Tables for Force: POTENTIAL RESEARCH GAPS AND TABLES FOR RESEARCH ON SHAPED CHARGE (POTENTIAL RESEARCH GAPS AND TABLES FOR RESEARCH ON SHAPED CHARGE: LIST OF TABLES),Ahmad Humaizi Hilmi,Kindle,|,
0,https://www.amazon.com/dp/B09HK45LTF,B09HK45LTF,Book 50/130: Tables for Failures: POTENTIAL RESEARCH GAPS AND TABLES FOR RESEARCH ON SHAPED CHARGE (POTENTIAL RESEARCH GAPS AND TABLES FOR RESEARCH ON SHAPED CHARGE: LIST OF TABLES),Ahmad Humaizi Hilmi,Kindle,|,
0,https://www.amazon.com/dp/B09HK31DLW,B09HK31DLW,Microbial Technology for Sustainable Environment,Pankaj Bhatt,Kindle,by,
0,https://www.amazon.com/dp/B09HJZS5J6,B09HJZS5J6,Machine Learning and Big Data Analytics (Proceedings of International Conference on Machine Learning and Big Data Analytics (ICMLBDA) 2021) (Lecture Notes in Networks and Systems Book 256),Rajiv Misra,Kindle,|,
0,https://www.amazon.com/dp/B09HJZLJ61,B09HJZLJ61,Book 58/130: Tables for Fragmentation: POTENTIAL RESEARCH GAPS AND TABLES FOR RESEARCH ON SHAPED CHARGE (POTENTIAL RESEARCH GAPS AND TABLES FOR RESEARCH ON SHAPED CHARGE: LIST OF TABLES),Ahmad Humaizi Hilmi,Kindle,|,
0,https://www.amazon.com/dp/B09HJZG4TV,B09HJZG4TV,Clean Coal and Sustainable Energy: Proceedings of the 9th International Symposium on Coal Combustion (Environmental Science and Engineering),Junfu Lyu,Kindle,by,
0,https://www.amazon.com/dp/B09HJZBYN9,B09HJZBYN9,Sustainable Agriculture Reviews 54: Animal Biotechnology for Livestock Production 1,Vinod Kumar Yata,Kindle,|,
0,https://www.amazon.com/dp/B09HJYVDB6,B09HJYVDB6,Advanced Magnetic Adsorbents for Water Treatment: Fundamentals and New Perspectives (Environmental Chemistry for a Sustainable World Book 61),Lucas Meili,Kindle,|,
0,https://www.amazon.com/dp/B09HJYBXP8,B09HJYBXP8,Cook Over IP: Cordless Smart Kitchen Appliance Architectures and Protocols (SpringerBriefs in Applied Sciences and Technology),Shruthi Kashyap,Kindle,|,
0,https://www.amazon.com/dp/B09HJXVJ8D,B09HJXVJ8D,User-Defined Tensor Data Analysis (SpringerBriefs in Computer Science),Bin Dong,Kindle,|,
0,https://www.amazon.com/dp/B09HJXQMPK,B09HJXQMPK,Book 56/130: Tables for Formed: POTENTIAL RESEARCH GAPS AND TABLES FOR RESEARCH ON SHAPED CHARGE (POTENTIAL RESEARCH GAPS AND TABLES FOR RESEARCH ON SHAPED CHARGE: LIST OF TABLES),Ahmad Humaizi Hilmi,Kindle,|,
0,https://www.amazon.com/dp/B09HJX4LPN,B09HJX4LPN,Neglected and Underutilized Crops - Towards Nutritional Security and Sustainability,Sajad Majeed Zargar,Kindle,by,
0,https://www.amazon.com/dp/B09HJX42X3,B09HJX42X3,Optimization Models in Software Reliability (Springer Series in Reliability Engineering),Anu G. Aggarwal,Kindle,|,
0,https://www.amazon.com/dp/B09HJVH93Y,B09HJVH93Y,Book 57/130: Tables for Fracture: POTENTIAL RESEARCH GAPS AND TABLES FOR RESEARCH ON SHAPED CHARGE (POTENTIAL RESEARCH GAPS AND TABLES FOR RESEARCH ON SHAPED CHARGE: LIST OF TABLES),Ahmad Humaizi Hilmi,Kindle,|,
0,https://www.amazon.com/dp/B09HJS1H46,B09HJS1H46,Book 49/150: Tables for Explosive: POTENTIAL RESEARCH GAPS AND TABLES FOR RESEARCH ON SHAPED CHARGE (POTENTIAL RESEARCH GAPS AND TABLES FOR RESEARCH ON SHAPED CHARGE: LIST OF TABLES),Ahmad Humaizi Hilmi,Kindle,|,
0,https://www.amazon.com/dp/B09HJNVCY1,B09HJNVCY1,Book 53/130: Tables for Fluid: POTENTIAL RESEARCH GAPS AND TABLES FOR RESEARCH ON SHAPED CHARGE (POTENTIAL RESEARCH GAPS AND TABLES FOR RESEARCH ON SHAPED CHARGE: LIST OF TABLES),Ahmad Humaizi Hilmi,Kindle,|,
0,https://www.amazon.com/dp/B09HJLD54D,B09HJLD54D,Book 52/130: Table for Filled: POTENTIAL RESEARCH GAPS AND TABLES FOR RESEARCH ON SHAPED CHARGE (POTENTIAL RESEARCH GAPS AND TABLES FOR RESEARCH ON SHAPED CHARGE: LIST OF TABLES),Ahmad Humaizi Hilmi,Kindle,|,
0,https://www.amazon.com/dp/B09HJL2WJG,B09HJL2WJG,Book 52/130: Tables for Filled: POTENTIAL RESEARCH GAPS AND TABLES FOR RESEARCH ON SHAPED CHARGE (POTENTIAL RESEARCH GAPS AND TABLES FOR RESEARCH ON SHAPED CHARGE: LIST OF TABLES),Ahmad Humaizi Hilmi,Kindle,|,
0,https://www.amazon.com/dp/B09HJKKSN5,B09HJKKSN5,Book 55/130: Tables for Formation: POTENTIAL RESEARCH GAPS AND TABLES FOR RESEARCH ON SHAPED CHARGE (POTENTIAL RESEARCH GAPS AND TABLES FOR RESEARCH ON SHAPED CHARGE: LIST OF TABLES),Ahmad Humaizi Hilmi,Kindle,|,
0,https://www.amazon.com/dp/B09HJJTLWV,B09HJJTLWV,Book 51/130: Tables for Field: POTENTIAL RESEARCH GAPS AND TABLES FOR RESEARCH ON SHAPED CHARGE (POTENTIAL RESEARCH GAPS AND TABLES FOR RESEARCH ON SHAPED CHARGE: LIST OF TABLES),Ahmad Humaizi Hilmi,Kindle,|,
0,https://www.amazon.com/dp/B09GJLBG9W,B09GJLBG9W,Jetties and Wharfs,CROW,Kindle,by,
0,https://www.amazon.com/dp/B09DW521W9,B09DW521W9,Moving Forward: GIS for Transportation (Applying GIS Book 4),Terry Bills,Kindle,|,
2,https://www.amazon.com/dp/B09HGPKRZ3,B09HGPKRZ3,Introduction to Visual SLAM: From Theory to Practice,Xiang Gao,Kindle,by,
0,https://www.amazon.com/dp/B09HKWBJVF,B09HKWBJVF,Autonomic Dysfunction in Parkinson's Disease (International Review of Movement Disorders),Cristian Falup-Pecurariu,Kindle,|,
1,https://www.amazon.com/dp/B09HGMPLK7,B09HGMPLK7,Magnetic Measurement Techniques for Materials Characterization,Victorino Franco,Kindle,by,
2,https://www.amazon.com/dp/B09HGK8NK9,B09HGK8NK9,Foundations of Classical Laminate Theory (Advanced Structured Materials Book 163),Andreas Öchsner,Kindle,|,
0,https://www.amazon.com/dp/B09HGGY9L1,B09HGGY9L1,The Dinaric Karst System of Croatia: Speleology and Cave Exploration (Cave and Karst Systems of the World),Mladen Garasic,Kindle,by,
0,https://www.amazon.com/dp/B09HBV2MND,B09HBV2MND,Intelligent Logistics Systems for Smart Cities and Communities (Lecture Notes in Intelligent Transportation and Infrastructure),Roman Gumzej,Kindle,|,
1,https://www.amazon.com/dp/B09HN3NXFQ,B09HN3NXFQ,The Ultimate Guide To Search Engine Optimization For Starters And Beginners,Abbygale Ritualo,Kindle,by,
0,https://www.amazon.com/dp/B09HMWGS9T,B09HMWGS9T,"Cooperative Design, Visualization, and Engineering: 18th International Conference, CDVE 2021, Virtual Event, October 24–27, 2021, Proceedings (Lecture Notes in Computer Science Book 12983)",Yuhua Luo,Kindle,by,
1,https://www.amazon.com/dp/B09HMT72DH,B09HMT72DH,Your Marketing Automation Journey And Tales From The Real World,Brian Coles,Kindle,by,
0,https://www.amazon.com/dp/B09HM56BWK,B09HM56BWK,The Apocalyptic HTML Arsenal: : An Undead Institute HTML Reference Dictionary,John Rhea,Kindle,|,
1,https://www.amazon.com/dp/B09HLBZ799,B09HLBZ799,"Win in the Age of Video: Draw In Distracted Audiences, Trigger Action and Drive Revenue with a Strategic Video Marketing Formula (No Fuss Video Series Book 1)",Paolo Kernahan,Kindle,|,
0,https://www.amazon.com/dp/B09HHNQGVP,B09HHNQGVP,Lear 2020: An AI-inspired adaptation of Shakespeare's 1605 King Lear,Mary  Freeman,Kindle,by,
0,https://www.amazon.com/dp/B09HC5SSQ2,B09HC5SSQ2,"Universal, Intuitive, and Permanent Pictograms: A Human-Centered Design Process Grounded in Embodied Cognition, Semiotics, and Visual Perception",Daniel Bühler,Kindle,by,
2,https://www.amazon.com/dp/B09HCSBHY7,B09HCSBHY7,"SEO Advanced: Learn Topical Relevancy, Niche Edits, LSI & More in 2022",Milos Pantic,Kindle,by,
0,https://www.amazon.com/dp/B09H7SRYBK,B09H7SRYBK,Create And Be Seen: A complete guide to Social Media Marketing,Marlize Marais,Kindle,by,
1,https://www.amazon.com/dp/B09HKY24HC,B09HKY24HC,The Q Jumper Factor: The Ultimate Guide to Landing A Job In a New Country ... In Record Time!: An Immigrant's Guide To Landing A Job In a New Country...In Record Time,Zarélsie Van der Merwe,Kindle,by,
0,https://www.amazon.com/dp/B09HKC1D6F,B09HKC1D6F,Nothing Can Stop Your Walk: An Essential Guide To Finding The Right Career |The Keys To Interview Success | How To Maintain Motivation After Losing A Job,Emma Meeks,Kindle,by,
0,https://www.amazon.com/dp/B09HBW7H7G,B09HBW7H7G,"Musings to Reinvent Your Career: On Fulfillment, Change, Growth & Job Hunting",Martha D. Karimi,Kindle,by,
0,https://www.amazon.com/dp/B09B4LCM37,B09B4LCM37,How to Use Marketing Techniques to Get a Great Job: Your Key to a Great Career (ISSN),Edward Barr,Kindle,by,
0,https://www.amazon.com/dp/B09G4Q8L7D,B09G4Q8L7D,Job Search Manuscripts: Highlights Job-Changing Strategies that will Educate any Level Candidate how to Create a Successful Job Search Platform,Patrick Franzen,Kindle,by,
0,https://www.amazon.com/dp/B09FW8LT4C,B09FW8LT4C,Career Job Fairs,Patrick Franzen,Kindle,by,
2,https://www.amazon.com/dp/B0933LY1C4,B0933LY1C4,"Ethics and Economics: An Introduction to Free Markets, Equality and Happiness",Johan Graafland,Hardcover,by,
0,https://www.amazon.com/dp/B09CB3PTLY,B09CB3PTLY,Leadership Resilience in a Digital Age,Janette Young,Kindle,by,
1,https://www.amazon.com/dp/B09HMY37VN,B09HMY37VN,Awaken Your Mind: How to Live the Life You Want To Live,Christian Enjel,Kindle,by,
0,https://www.amazon.com/dp/B09HLZQPCH,B09HLZQPCH,My 60-Day Pre-Retirement: My Experience of Not Working and Living Off Passive Income (Free Investing Book 39),Joshua King,Kindle,|,
1,https://www.amazon.com/dp/B09HKQFQLD,B09HKQFQLD,Hybrid Work: A manifesto,Isabel De Clercq,Kindle,by,
0,https://www.amazon.com/dp/B09HJYDNYB,B09HJYDNYB,"Nutrition, Food Markets and Agriculture: Economic Issues Against the Background of Globalization",Christian J. Jäggi,Kindle,by,
2,https://www.amazon.com/dp/B09FPKNM5T,B09FPKNM5T,How to Make MORE Money as a Freelance Writer,David Geer,Kindle,by,
1,https://www.amazon.com/dp/B09DNJ9DP2,B09DNJ9DP2,Exercising Your Ethics: Bringing Moral Strength to Business,Leslie E. Sekerka,Kindle,by,
1,https://www.amazon.com/dp/B09D1FNRLZ,B09D1FNRLZ,The Living Wage: Advancing a Global Movement,Tony Dobbins,Kindle,by,
0,https://www.amazon.com/dp/B0933LJG9B,B0933LJG9B,Ethical Basics for the Caring Professions: Knowledge and Skills for Thoughtful Practice,G. R. McLean,Kindle,by,
0,https://www.amazon.com/dp/B0931Z64WJ,B0931Z64WJ,"Journalism Ethics at the Crossroads: Democracy, Fake News, and the News Crisis",Roger Patching,Hardcover,by,
0,https://www.amazon.com/dp/B09HKTLL68,B09HKTLL68,GUIDE TO BUSINESS IN 2021: MAKE MONEY NOW!,Sharmake  Os,Kindle,by,
3,https://www.amazon.com/dp/B09HJJSD22,B09HJJSD22,The Quest For Purpose: A Self-Discovery Process To Find It And Live It!,Ken Keis,Kindle,by,
4,https://www.amazon.com/dp/B09344P2MG,B09344P2MG,Performance through Diversity and Inclusion: Leveraging Organizational Practices for Equity and Results,Ruth Bernstein,Kindle,by,
0,https://www.amazon.com/dp/B09HK6Y1CV,B09HK6Y1CV,The Event Usher’s Handbook,Utibe Samuel Mbom,Kindle,by,
4,https://www.amazon.com/dp/B09B2YNJ4R,B09B2YNJ4R,"Art of Scars: Healing Organizational Culture, Climate, Character",Kathy J.  Hagler,Kindle,by,
0,https://www.amazon.com/dp/B09HJSCR7T,B09HJSCR7T,Recognise Your Enemy: A survival manual that every organisation or business person should read,Z Bobich,Kindle,by,
1,https://www.amazon.com/dp/B09HKNVFD5,B09HKNVFD5,Introduction to Music Theory: Grade 1 Workbook (Music Theory Grade Workbooks),Tom Glasson,Kindle,|,
0,https://www.amazon.com/dp/B0GB1FPY5C,B0GB1FPY5C,Music and Encounter at the Mediterranean Crossroads: A Sea of Voices,Ruth F. Davis,Kindle,by,
0,https://www.amazon.com/dp/B0G7DRW299,B0G7DRW299,Heitor Villa-Lobos’s Bachianas Brasileiras: Intertextuality and Stylization (Ashgate Studies in Theory and Analysis of Music After 1900),Norton Dudeque,Kindle,|,
3,https://www.amazon.com/dp/B09NC7VJK7,B09NC7VJK7,King City: Adventures into Birmingham's Diverse Music Culture,Stephen Pennell,Kindle,by,
1,https://www.amazon.com/dp/B09H11X4ZR,B09H11X4ZR,"The Discourse of Protest, Resistance and Social Commentary in Reggae Music: A Bakhtinian Analysis of Pacific Reggae (Routledge Studies in Linguistics)",Elizabeth Turner,Kindle,|,
0,https://www.amazon.com/dp/B08RNKP94L,B08RNKP94L,Sound of the Border: Music and Identity of Korean Minority in China (Music and Performing Arts of Asia and the Pacific),Sunhee Koo,Kindle,|,
2,https://www.amazon.com/dp/B09R9QZJZ2,B09R9QZJZ2,100 Hits of Classical Music,Robert Ginalski,Kindle,by,
0,https://www.amazon.com/dp/B09HN5G918,B09HN5G918,Silent Night I Vocal & Piano Accompaniment: Jazz Piano and Voice Christmas Songbook I Medium-Level Sheet Music with Online Audio Chords and Lyrics for Singers and Keyboard Players,Alicja Urbanowicz,Kindle,by,
0,https://www.amazon.com/dp/B09HMZN2MR,B09HMZN2MR,Pareidolia Aug/Sept 2021 (Pareidolia Songbooks Book 5),Honey Beez,Kindle,|,
0,https://www.amazon.com/dp/B09HN82N3P,B09HN82N3P,"7 STEPS EVERY WOMAN SHOULD TAKE BEFORE SAYING ""I DO""",Corrnette Sinclair,Kindle,by,
0,https://www.amazon.com/dp/B09HN2GFKX,B09HN2GFKX,52 Messages for Couples (52...for couples),Agnes de Bezenac,Kindle,|,
0,https://www.amazon.com/dp/B09HMZNFM5,B09HMZNFM5,52 Love Hacks for Couples (52...for couples),Agnes de Bezenac,Kindle,|,
0,https://www.amazon.com/dp/B09HMYK3KB,B09HMYK3KB,52 Kind Deeds for Couples (52...for couples),Agnes de Bezenac,Kindle,|,
0,https://www.amazon.com/dp/B09HMWQ6KG,B09HMWQ6KG,26 LOVE LETTERS FOR MARRIED COUPLES: LET LOVE LEAD,DR. GREGORY TYLER,Kindle,by,
0,https://www.amazon.com/dp/B09HM97LH8,B09HM97LH8,Amazing New Principles To Make Your Marriage Work: Quick Remedy To Sort Things Out and Stop Your Divorce,Samuel Wright,Kindle,by,
0,https://www.amazon.com/dp/B09HLGJ7G8,B09HLGJ7G8,THE REAL MAN: TOWARDS MARITAL BLISS (LOVE & RELATIONSHIP),WALE ADEWUMI,Kindle,|,
5,https://www.amazon.com/dp/B09HKVLP5P,B09HKVLP5P,Chronicles of the Fairytale : Part 1 - The Author,Danial Adkins,Kindle,|,
2,https://www.amazon.com/dp/B09HL6FDPX,B09HL6FDPX,ADAMS LEGACY: A Love Story,Bill Rausch,Kindle,by,
0,https://www.amazon.com/dp/B09HKVX6YM,B09HKVX6YM,Waxing up your marriage: Making your relationship stronger,Victor Michael,Kindle,by,
0,https://www.amazon.com/dp/B09HKQ7FNJ,B09HKQ7FNJ,LOVERS FOREVER: KEYS TO A LONG LASTING RELATIONSHIP,JESSICA CHAPMAN,Kindle,by,
4,https://www.amazon.com/dp/B09H2DGTPX,B09H2DGTPX,"Why You Should Wait on Marriage: A Spiritual Guide to Wholeness, Clarity, and Self-Development",John Sims,Kindle,by,
3,https://www.amazon.com/dp/B09HJGZSYM,B09HJGZSYM,Infinite Shades of Happiness - Revised Edition: Love & Online Dating,André Prince de Grâce,Kindle,by,
2,https://www.amazon.com/dp/B09HH8MNJ8,B09HH8MNJ8,MARRIAGE WITH A PURPOSE: A Manual with Kingdom Principles,Ambrose Nyangao,Kindle,by,
2,https://www.amazon.com/dp/B09HBT8BQ3,B09HBT8BQ3,A Cigar With Coffee: A Collection of Short Stories & Poetry,Andrea Hackett,Kindle,by,
0,https://www.amazon.com/dp/B09HFWB3JQ,B09HFWB3JQ,"How To Win and Keep A Man's Heart: Success in Relationships and Life for Single, Married, Divorced, and Widowed Women",Tam Michelle,Kindle,by,
0,https://www.amazon.com/dp/B09HFVZ67M,B09HFVZ67M,Having a perfect marriage,Emmanuel T.S,Kindle,by,
1,https://www.amazon.com/dp/B09HDMJMSS,B09HDMJMSS,How To Be A Great Wife: Most Essentials Basic Secrets Of A Happy Relationship With Your Partner,DR.BENTO  JADEN,Kindle,by,
1,https://www.amazon.com/dp/B09HCDKGKT,B09HCDKGKT,Breathe: ...when your relationship needs a spark,Rachel Riles,Kindle,by,
5,https://www.amazon.com/dp/B09G8JMDNK,B09G8JMDNK,"Making It Work After An Affair: How to heal, rebuild and restructure after infidelity",Patrice Ofre,Kindle,by,
1,https://www.amazon.com/dp/B09H7RGLYY,B09H7RGLYY,Have Your Wedding Cake and Eat It Too: A Newlywed's Guid to Budgeting,Bonnie Humphrey,Kindle,by,
0,https://www.amazon.com/dp/B09H7LR2Q5,B09H7LR2Q5,"ANXIETY IN RELATIONSHIPS: Understanding How to Eliminate Conflicts among Couples, Fear Of Rejection, Stress, Anxiety and Negative Thinking to Improve Your Relationship",THELMA MOODY,Kindle,by,
0,https://www.amazon.com/dp/B09H65CJJB,B09H65CJJB,Sweet Secrets Of A Christian Couple’s Bedroom & The Cancers,Anthony Eberechukwu Iwuoma,Kindle,by,
0,https://www.amazon.com/dp/B09H639WLP,B09H639WLP,Sexual Fulfillment in Marriage As Ordained By God,Anthony Eberechukwu Iwuoma,Kindle,by,
0,https://www.amazon.com/dp/B09H65QK8Y,B09H65QK8Y,Unveiled Fundamental Ingredients for Blissful Marriage,Anthony  Eberechukwu Iwuoma,Kindle,by,
0,https://www.amazon.com/dp/B09H6BN3V5,B09H6BN3V5,EFFECTIVE WAYS TO FORGET YOUR PAST LOVERS: Better Ways To Restraints Your Life & Dignity,Olayinka  Ebenezer,Kindle,by,
0,https://www.amazon.com/dp/B09H66D173,B09H66D173,"SECRETS TO A SUCCESSFUL MARRIAGE LIFE AND LOVE: “There is no more lovely, friendly, and charming relationship, communion or company than a good marriage.”",THEOBOLD  JOSEPH,Kindle,by,
0,https://www.amazon.com/dp/B09H63WGTL,B09H63WGTL,"YES, I Do - How Sacred is Your Marriage Vow?",Veronica Eze,Kindle,by,
2,https://www.amazon.com/dp/B09H5C1GK4,B09H5C1GK4,Our Marriage : An Essay (Marriage and Relationship Series Book 1),Christina Sledge,Kindle,|,
0,https://www.amazon.com/dp/B09GRDTNPL,B09GRDTNPL,The best Dating Advice For Women,Angus Robertson,Kindle,by,
0,https://www.amazon.com/dp/B09H537V5Z,B09H537V5Z,"Yawl Pressed To Be A Wife, and Haven’t Mastered Being A WOMAN Yet",TJ Clemons,Kindle,by,
0,https://www.amazon.com/dp/B09H4PJY6C,B09H4PJY6C,Save Your Marriage/Relationship: Avoid Divorce/Breakup,Abubakar Aminu,Kindle,by,
0,https://www.amazon.com/dp/B09H3S3KG3,B09H3S3KG3,MAKE HIM FALL IN LOVE WITH YOU,Edward Mwakana,Kindle,by,
0,https://www.amazon.com/dp/B09H3K5B1Q,B09H3K5B1Q,The Art of Effective Living: The Theory and Practice of Vision Renaissance,Geoffrey  Smith,Kindle,by,
0,https://www.amazon.com/dp/B09H36RBR6,B09H36RBR6,"Tips on saving a crashing marriage.: Saving your home from crashing, steps to take",Olawoyin Michael,Kindle,by,
1,https://www.amazon.com/dp/B09H1B353Y,B09H1B353Y,30 BEST ROMANTIC THINGS TO KEEP YOUR MARRIAGE ALIVE: A GUIDE TO A LONG LASTING MARRIAGE. Give your marriage a new look,Margret  Brunner,Kindle,by,
0,https://www.amazon.com/dp/B09GYW4NRB,B09GYW4NRB,THE PREFECT LOVE RELATIONSHIP BETWEEN LOVERS: SIMPLE PESPECTIVE & MOTION TOWARDS long lasting AND UNDERSTANING KNOWLEDGE with your partner,Anderson   Silver,Kindle,by,
0,https://www.amazon.com/dp/B09GYSB7R9,B09GYSB7R9,How To Start A Conversation With Anyone: 15 Good ways To You,MONO  MARTEN,Kindle,by,
0,https://www.amazon.com/dp/B09GYLCBW7,B09GYLCBW7,Co-Parenting with a Narcissist: 3 books in 1: The Ultimate Guide to Get Out of a Narcissistic Ex and Heal from Narcissistic Abuse. How to Be a Good Mother and Raising Healthy Kids,Sharon J.  Cole,Kindle,by,
0,https://www.amazon.com/dp/B09GXHYKXJ,B09GXHYKXJ,The Most Valuable Wedding Gift: A Guide to Partnership Finance Through Money Conversations,Roderick Givens,Kindle,by,
3,https://www.amazon.com/dp/B09G14HY4G,B09G14HY4G,I Married Up: A Kingdom Love Story,Kara  Boyce,Kindle,by,
2,https://www.amazon.com/dp/B09GW98DF7,B09GW98DF7,Marriage Rescue: The companion guidebook for when your spouse wants out,Kim Bowen,Kindle,by,
0,https://www.amazon.com/dp/B09GWDGK3F,B09GWDGK3F,Get Rid of Those Skin Tags: And a Few Other Tips to Help Your Love Life...,J.M. Miura,Kindle,by,
1,https://www.amazon.com/dp/B09GW7YPGQ,B09GW7YPGQ,"Real Love Letters: Love Never Fails, but People Do.",I. Rodgers,Kindle,by,
1,https://www.amazon.com/dp/B09GS6BW3F,B09GS6BW3F,Why Men Run... away,Cedella  Blanchard,Kindle,by,
0,https://www.amazon.com/dp/B09GS9SR6N,B09GS9SR6N,RELATIONSHIP AND MARRIAGE MADE EASY,IWUALA MARYANNE,Kindle,by,
1,https://www.amazon.com/dp/B09GS5DQMP,B09GS5DQMP,Identifying True Love: Get Free From Emotional Entanglement and Find True Love,Oluwashindara Lizzy Ibirogba,Kindle,by,
0,https://www.amazon.com/dp/B09GP3DBJ5,B09GP3DBJ5,How to Win everything in a Divorce,Allen Tate,Kindle,by,
0,https://www.amazon.com/dp/B09GNKFZH5,B09GNKFZH5,What God Has Joined Together Marriage Devotional,Sirdelrol V.  Drayton,Kindle,by,
2,https://www.amazon.com/dp/B09GQT1TY5,B09GQT1TY5,After The Affair: A Guide To Navigating The Crisis,Tehilla Luttig,Kindle,by,
4,https://www.amazon.com/dp/B09GPS17YF,B09GPS17YF,"Co-Parenting With a Toxic Ex: Healing from Narcissistic Abuse in a Toxic Divorce and Raising Children with Courage, Compassion, and Connection",Sharon J. Cole,Kindle,by,
0,https://www.amazon.com/dp/B09GPNSVSZ,B09GPNSVSZ,How To Be The Best Wife Ever: The Practical hack to happy marital life,Anita Benson,Kindle,by,
0,https://www.amazon.com/dp/B09GNSL9BR,B09GNSL9BR,THE IDEAL FAMILY,IWUALA MARYANNE,Kindle,by,
0,https://www.amazon.com/dp/B09GNR2JTC,B09GNR2JTC,Singlehood or Marriage: How to enjoy the journey by making the right decisions confidently with no regrets,Pendragon Tim Chng,Kindle,by,
4,https://www.amazon.com/dp/B09GLFD1KF,B09GLFD1KF,Advanced Romance: Liberation from 16 Romantic Rules to Vastly Enhance for Life-Changing Love,Lauren Eavarone,Kindle,by,
0,https://www.amazon.com/dp/B09QYQL9WT,B09QYQL9WT,Out of Control: From Darkness to Light and Life!,"A. Lind, Jeffrey",Kindle,by,
1,https://www.amazon.com/dp/B09GM1DL69,B09GM1DL69,"Marriage and Beyond : The hidden key to rethink your relationships, opening up, and embracing your personal freedom",Axel D.  Blumenberg,Kindle,by,
3,https://www.amazon.com/dp/B09GKM9T71,B09GKM9T71,10 Things To Do To Prepare For Your Soulmate: A Self-Help Book,Ashley Shante,Kindle,by,
0,https://www.amazon.com/dp/B09GL8KV3G,B09GL8KV3G,THE HONEY OF OUR MARRIAGE: KEYS TO A SUCCESSFUL MARRIAGE,FLORENCE GEORGE,Kindle,by,
0,https://www.amazon.com/dp/B09GKXF68L,B09GKXF68L,The Man who cheats and the woman who copies him: Healing dose in a lascivious world,Chukwu MC,Kindle,by,
1,https://www.amazon.com/dp/B09GKVLH9N,B09GKVLH9N,God's Heart for Marriage,Shanthi  Davidar,Kindle,by,
0,https://www.amazon.com/dp/B09GKSP12N,B09GKSP12N,Make Your Marriage Wonderful,Dr. C.B Paul  Chellakumar,Kindle,by,
4,https://www.amazon.com/dp/B09GF69W3Z,B09GF69W3Z,Relationship On Purpose: 8 Strategies Guaranteed to Improve Your Marriage or Significant Relationship,Barry Ham,Kindle,by,
2,https://www.amazon.com/dp/B09DQXDMB2,B09DQXDMB2,No More Suffering in Silence: A Marriage Devotional for the Hard Places,Nicole Billups,Kindle,by,
1,https://www.amazon.com/dp/B09GRZTKST,B09GRZTKST,"Every Queen Deserves Her King: How to Better Your Relationship with God First, Then with Your Natural King",Brittany Cherelle Preston,Kindle,by,
0,https://www.amazon.com/dp/B09GJJ8KY9,B09GJJ8KY9,YOU DESERVE BETTER: Discover the path to a healthy long-lasting relationship,Similoluwa Adesanya,Kindle,by,
0,https://www.amazon.com/dp/B09GH8QT17,B09GH8QT17,WAYS TO KEEP YOUR RELATIONSHIP HAPPY AND HEALTHY,STEPHEN ROBSIN,Kindle,by,
0,https://www.amazon.com/dp/B09GG7MHQ7,B09GG7MHQ7,How to prepare for a relationship,Eric Coaches,Kindle,by,
0,https://www.amazon.com/dp/B09GDY26RC,B09GDY26RC,A GOOD MAN: THE INTRICACIES OF BEING THE MAN IN THE RELATIONSHIP,WALTER DEEP,Kindle,by,
2,https://www.amazon.com/dp/B09GDVDKHV,B09GDVDKHV,"It Starts with ""I DO"" : Our Wedding Journey",Evan Griffin,Kindle,by,
0,https://www.amazon.com/dp/B09HTRN9QT,B09HTRN9QT,I Am: Affirmations and Affirmative Statements/Self-Activation Journal,Alisha Roberts,Kindle,by,
1,https://www.amazon.com/dp/B09G59HK7F,B09G59HK7F,The Pride of My Family: A Journey of Life Fulfilment From Mustard Seed to a Huge Iroko Tree,Chinedum Nwadike,Kindle,by,
0,https://www.amazon.com/dp/B09C9WV9RG,B09C9WV9RG,Self-Care for Allied Health Professionals: From Surviving to Thriving,Alison Battye,Kindle,by,
2,https://www.amazon.com/dp/B0BYNK5GDX,B0BYNK5GDX,"THE UNCLUTTERED MOTHER: Free Up Your Space, Mind & Heart",Dana Laquidara,Kindle,by,
0,https://www.amazon.com/dp/B09HND2R57,B09HND2R57,My Life is Working: how did that happen?,Pamela Joyce,Kindle,by,
0,https://www.amazon.com/dp/B09HND2G3X,B09HND2G3X,Ebook Writing For Beginners,Pauline Amolegbe,Kindle,by,
0,https://www.amazon.com/dp/B09HNBBN71,B09HNBBN71,THE CONFIDENCE TO LIVE YOUR DREAM: TOOLS FOR BUILDING LASTING CONFIDENCE,M. JOSHUA-AMADI,Kindle,by,
0,https://www.amazon.com/dp/B09HN5Q2T3,B09HN5Q2T3,E-book creation and publishing made easy.: At a glance,Elis Nwaulu,Kindle,by,
2,https://www.amazon.com/dp/B09HN4J5BB,B09HN4J5BB,Fountain of Youth,Dr. Tami Burton,Kindle,by,
5,https://www.amazon.com/dp/B09HMVHHCW,B09HMVHHCW,"PRACTICE IS THE PATHWAY TO PERFECTION : How to master your state of mind, any skill-set & control your financial destiny!",Greg  L. Thomas,Kindle,by,
0,https://www.amazon.com/dp/B09HMQDHNY,B09HMQDHNY,Pandemic Investors: Looking at COVID-19 from a different perspective (Value Investing),8VI Global Pte Ltd,Kindle,|,
0,https://www.amazon.com/dp/B09HMLCNVL,B09HMLCNVL,SHIFT TO ABUNDANCE : How to End Stress and Stagnation and Enjoy Success and Fulfillment Everyday,James Karundu,Kindle,by,
0,https://www.amazon.com/dp/B09HML96GZ,B09HML96GZ,THE PEP: THE PHINITY ENRICHMENT PROGRAMME,DR KAMAL,Kindle,by,
0,https://www.amazon.com/dp/B09HMGYV63,B09HMGYV63,MANIFESTATION 1-0-1,K L,Kindle,by,
0,https://www.amazon.com/dp/B09HLHGP5Y,B09HLHGP5Y,THE NEW DAWN: BASIC TO MASTER'S EBOOK CREATION TRICKS,Adeagbo Ajibade,Kindle,by,
0,https://www.amazon.com/dp/B09G99C27T,B09G99C27T,"Creating Life On Our Own Terms: Inspirational stories that illustrate life's what you make it, regardless of age and circumstance (Older and Bolder Book 4)",Angela Robertson,Kindle,|,
2,https://www.amazon.com/dp/B09HLB84G5,B09HLB84G5,Ask! The Fable of Micaela,Mark Victor Hansen,Kindle,by,
1,https://www.amazon.com/dp/B09HHFRK44,B09HHFRK44,Black Sister Glory: Powerful Nonfiction Book Four,Jay R. Leonard,Kindle,by,
1,https://www.amazon.com/dp/B09HL4TK8Z,B09HL4TK8Z,Real Resilience: How to Thrive in the New Normal,Selwa Berbawy,Kindle,by,
5,https://www.amazon.com/dp/B09HGBNH3P,B09HGBNH3P,Locked Up But Not Locked Out,Jonathan Burman,Kindle,by,
1,https://www.amazon.com/dp/B09L4TY4N8,B09L4TY4N8,"You Know The Glory, Not The Story!: 25 Journeys Towards Ikigai",Rahul Singh,Kindle,by,
2,https://www.amazon.com/dp/B09HTRMQRX,B09HTRMQRX,I Am: Affirmations and Affirmative Statements/Self-Activation Book,Alisha Roberts,Kindle,by,
1,https://www.amazon.com/dp/B09HLCFDFJ,B09HLCFDFJ,Empowering Messages To: Whom It Concerns - Vol. 4,S. R. Hicks,Kindle,by,
0,https://www.amazon.com/dp/B09HLB29V3,B09HLB29V3,Slanted Against ©: with fundamental intentions,E Mark Pelmore,Kindle,|,
3,https://www.amazon.com/dp/B09HL9LFQ6,B09HL9LFQ6,CHANGING MINDSET & EMPOWERING WOMEN: Eliminating Negative Thoughts And Living In Positivity,Tiffanie  Michelle,Kindle,by,
0,https://www.amazon.com/dp/B09HL99D3P,B09HL99D3P,FUNDAMENTALS OF E-BOOK PUBLISHING,NDIDIAMAKA UGWU,Kindle,by,
0,https://www.amazon.com/dp/B09HL3J7HK,B09HL3J7HK,12-Day Action Plan Courage Notebook: Overcoming Fear to Achieve Your Amazing Dreams,Shasha Foxx,Kindle,by,
0,https://www.amazon.com/dp/B09HKZHMH4,B09HKZHMH4,SPLASH THEORY OF WEALTH DISTRIBUTION AND CREATION,Nicholas A.  Damachi,Kindle,by,
3,https://www.amazon.com/dp/B09HKSN3WQ,B09HKSN3WQ,"Dear Dope Black Girl,....",Leticia  Reed LCSW CATP,Kindle,by,
1,https://www.amazon.com/dp/B09HKH4FXB,B09HKH4FXB,Everything you want to tell your kids if only they would listen: A manual for life,Marina Pots,Kindle,by,
1,https://www.amazon.com/dp/B09HKB946T,B09HKB946T,Scared No More,Connor Paratore,Kindle,by,
1,https://www.amazon.com/dp/B09HKB76GK,B09HKB76GK,Starting From Scratch To Find Your Match,Connor Paratore,Kindle,by,
0,https://www.amazon.com/dp/B09HK5DXNJ,B09HK5DXNJ,Be Still: Volume 2,Omenesa Akomolafe,Kindle,by,
0,https://www.amazon.com/dp/B09HK52STX,B09HK52STX,"Success Starts Today: Leading Entrepreneurs and Professionals Share Their Secrets for Achieving Health, Wealth and Success Today",Altheresa Goode Howard,Kindle,by,
0,https://www.amazon.com/dp/B09HGDG28V,B09HGDG28V,The Exodus: Emergency Exit Roadmap to a Prosperous Middle-Class Life,Berry Moise,Kindle,by,
0,https://www.amazon.com/dp/B09HJYHR1Q,B09HJYHR1Q,EVERYTHING YOU NEED TO KNOW ABOUT EBOOKS AND KINDLE PUBLISHING,ANITA MISHAEL,Kindle,by,
1,https://www.amazon.com/dp/B09HJTNXX9,B09HJTNXX9,The Anatomy of Goal Setting: The Dynamics of Setting and Achieving Your Goals,ABIDEMI SOMOYE,Kindle,by,
0,https://www.amazon.com/dp/B09HJT1JB7,B09HJT1JB7,Get Inspired,Nafisat Abdulrazaq,Kindle,by,
0,https://www.amazon.com/dp/B09HJQYK7X,B09HJQYK7X,40 Courageous Principles That Lead To Success: Lion-Hearted Inspiration That Gives Insight and Wisdom to Analyze Your Own Personal Life to Improve and Succeed in Every Aspect of Life,Ruben Baxter,Kindle,by,
4,https://www.amazon.com/dp/B09HJHKY3G,B09HJHKY3G,Freedom is Within: The Busy Professional's Toolkit for Self-Mastery and Courageous Living,Matilda Wand,Kindle,by,
0,https://www.amazon.com/dp/B09HJHGH55,B09HJHGH55,THE AMAZING SECRETS OF E BOOK PUBLICATION,CHIKAODI NGANYADI,Kindle,by,
1,https://www.amazon.com/dp/B09HMFQRRV,B09HMFQRRV,Principles of Prolotherapy,Thomas Ravin,Kindle,by,
5,https://www.amazon.com/dp/B09FWH8X3Z,B09FWH8X3Z,Promoting Activity and Participation in Individuals with Serious Mental Illness: The Action Over Inertia Approach,Terry Krupa,Kindle,by,
3,https://www.amazon.com/dp/B09HMJ6KSN,B09HMJ6KSN,"The Ultimate Shibboleth Diet Cookbook: An Essential Nutrition Guide With Simple, Delicious And Nourishing Recipes To Lose Weight Rapidly, Manage Diabetes And Boost Metabolism",Elena Madison,Kindle,by,
0,https://www.amazon.com/dp/B09HMCY4KB,B09HMCY4KB,Treatments for Autism: Symptoms of Autism and Severity of Autism Spectrum Disorder | Therapies That Help Treat Autism,Emma Meeks,Kindle,by,
0,https://www.amazon.com/dp/B09HMNGH92,B09HMNGH92,UNITY OF PURPOSE: The Wisdom Of David Psalm:133,Godfrey Simiyu.D.C.Ed.,Kindle,by,
0,https://www.amazon.com/dp/B09HN19GB6,B09HN19GB6,The Container Gardening Wicking Barrel Box Set: : A DIY Guide for Building Wicking Barrels + Common Plant Diseases and Pests,Freya Lee,Kindle,by,
2,https://www.amazon.com/dp/B09HMWFDYY,B09HMWFDYY,The Complete Book of Herbs Gardening: A Beginners Practical Guide to Growing and Using Herbs in your home,Suzanne  Wright,Kindle,by,
1,https://www.amazon.com/dp/B0933PDGRX,B0933PDGRX,Hypnosis in Therapy (Psychology Revivals),H. B. Gibson,Kindle,|,
