Total Reviews,Product Url,ASIN,Title,Author,Format,Publication Date,Publisher
1,https://www.amazon.com/dp/1087988551,1087988551,Waiting for Service,Amas Tenumah,Paperback,by,
2,https://www.amazon.com/dp/3030616436,3030616436,Artificial Intelligence for Customer Relationship Management: Solving Customer Problems (Human–Computer Interaction Series),Boris Galitsky,Kindle,|,
3,https://www.amazon.com/dp/1642731579,1642731579,Succeed Through Customer Knowledge,Kazuki Nishiguchi,Kindle,by,
2,https://www.amazon.com/dp/3030521699,3030521699,Artificial Intelligence for Customer Relationship Management: Keeping Customers Informed (Human–Computer Interaction Series),Boris Galitsky,Kindle,by,
1,https://www.amazon.com/dp/0578342316,0578342316,Yielded: The Posture Of True Love,Howard Bell,Paperback,by,
1,https://www.amazon.com/dp/9789913869,9789913869,Not A Perfect Story,Titi Kushimo,Paperback,by,
0,https://www.amazon.com/dp/1716051231,1716051231,A Man's Thoughts Are Powerful,Ebony Taylor-Jackson,Paperback,by,
0,https://www.amazon.com/dp/1716049431,1716049431,Yearly Reading Journal,Lauren Brown,Paperback,by,
3,https://www.amazon.com/dp/1685867715,1685867715,"You: The Essence to a Life of Happiness, Gratitude And Holistic Growth",Mishri Parekh,Kindle,by,
3,https://www.amazon.com/dp/0578314509,0578314509,A Better Way Out: When You Feel Like Giving Up,Glena Sue Fitzmorris,Kindle,by,
3,https://www.amazon.com/dp/1098095553,1098095553,"Broken, Crushed, Shattered, Mended, Healed: How to Survive a Broken Heart",Latoiya Whipple Ma Ba,Kindle,by,
2,https://www.amazon.com/dp/022887128X,022887128X,Audley Enough: A Portrait of Triumph and Recovery in the Face of Mania and Depression,Patricia Lavoie,Kindle,by,
0,https://www.amazon.com/dp/B09PKPMCFB,B09PKPMCFB,"Weight Loss Journal: 8.5X 11 (3 months) workout, Meal planner, and Body measurement",Shooting Star,Paperback,by,
2,https://www.amazon.com/dp/1736439820,1736439820,Caribbean Vegan: The Way Of The Islands,Javon S Wood,Kindle,by,
0,https://www.amazon.com/dp/B09P4FQ6KS,B09P4FQ6KS,Reservation Book For Restaurant 2022: Undated Restaurants Reservations booking log book for hostess | 365 Day Guest Booking Diary Table Recording And Tracking | Daily Hostess Table Log Journal,Kaven Publishing,Paperback,by,
0,https://www.amazon.com/dp/1716054966,1716054966,Juice Therapy: For Mental Clarity,Dr Tina Scott,Kindle,by,
5,https://www.amazon.com/dp/B09PJSCF3P,B09PJSCF3P,William Byrd,Edmund Horace Fellowes,Kindle,by,
3,https://www.amazon.com/dp/1601788819,1601788819,The Claims of Truth: John Owen’s Trinitarian Theology,Carl R. Trueman,Paperback,by,
0,https://www.amazon.com/dp/904294708X,904294708X,"Palestinian Traditional Pottery: A Contribution to Palestinian Culture. a Fieldwork Study, 1972-1980 (Cahiers De La Revue Biblique, 101)",E. Burr,Paperback,by,
1,https://www.amazon.com/dp/1784987212,1784987212,Hope Explored Leader's Kit: What's the best future you could ever imagine? (Evangelistic outreach course/ curriculum/ series/ program introducing Christianity),Rico Tice,Paperback,by,
0,https://www.amazon.com/dp/B0D263XC1V,B0D263XC1V,Hatem the Deaf: Ar-Rauf (The Kind) (Asma'ul Husna Series),Ukht Husni,Paperback,|,
1,https://www.amazon.com/dp/1977242952,1977242952,Thy Kingdom Come,Min Patrick F Simmons Sr,Paperback,by,
0,https://www.amazon.com/dp/1922737291,1922737291,A Coming of God into Time and History: The Theological Project of M-D Chenu OP (Interface Theology),Hilary D. Regan,Paperback,by,
3,https://www.amazon.com/dp/1496836340,1496836340,Playing Jazz in Socialist Vietnam: Quyền Văn Minh and Jazz in Hà Nội,Stan BH Tan-Tangbau,Kindle,by,
5,https://www.amazon.com/dp/1476682410,1476682410,A War Tour of Viet Nam: A Cultural History,Erin R. McCoy,Kindle,by,
2,https://www.amazon.com/dp/1032021977,1032021977,Ecosystem Services (Key Issues in Environment and Sustainability),Mark Everard,Kindle,|,
0,https://www.amazon.com/dp/8379969669,8379969669,Late Tripolye and Maykop,Valentin A. Dergachev,Paperback,by,
1,https://www.amazon.com/dp/1138315362,1138315362,Pazyryk Culture Up in the Altai,Katheryn M. Linduff,Kindle,by,
2,https://www.amazon.com/dp/1978818017,1978818017,"Residues: Thinking Through Chemical Environments (Nature, Society, and Culture)",Soraya Boudia,Kindle,|,
1,https://www.amazon.com/dp/3110635224,3110635224,Magneto-optics: An introduction (De Gruyter Textbook),Paul Fumagalli,Kindle,by,
2,https://www.amazon.com/dp/1032172290,1032172290,How Information Systems Came to Rule the World (Routledge Focus on IT & Society),Burt Swanson,Kindle,|,
0,https://www.amazon.com/dp/0824888685,0824888685,"Projectland (New Southeast Asia: Politics, Meaning, and Memory)",Holly High,Kindle,|,
1,https://www.amazon.com/dp/0367754959,0367754959,AI vs Humans,Michael W. Eysenck,Kindle,by,
3,https://www.amazon.com/dp/0367862859,0367862859,Collaborations in Architecture and Engineering,Clare Olsen,Kindle,by,
1,https://www.amazon.com/dp/1138857750,1138857750,Management Planning for Cultural Heritage: Places and Their Significance,Ken Taylor,Kindle,by,
4,https://www.amazon.com/dp/1032024186,1032024186,"The Aesthetics of Industrial Design: Seeing, Designing and Making",Richard Herriott,Kindle,by,
0,https://www.amazon.com/dp/1736550713,1736550713,Beyond the Saga of Rocket Science: Avoiding Armageddon,Walter Sierra,Kindle,|,
0,https://www.amazon.com/dp/0367725657,0367725657,Construction Procurement,Brian Greenhalgh,Kindle,by,
0,https://www.amazon.com/dp/0367709449,0367709449,A Brief History of Archaeology: Classical Times to the Twenty-First Century,Nadia Durrani,Kindle,by,
1,https://www.amazon.com/dp/605767393X,605767393X,Early Mediterranean Scripts,Frederik C. Woudhuizen,Paperback,by,
1,https://www.amazon.com/dp/082488826X,082488826X,Citizen Designs,Eli Elinoff,Kindle,by,
0,https://www.amazon.com/dp/1407358987,1407358987,"Drawings of Roman Mosaics in the Topham Collection, Eton College Library (International)",Patricia Witts,Paperback,by,
0,https://www.amazon.com/dp/0367640686,0367640686,Archaeological Research: A Brief Introduction,Peter Peregrine,Kindle,by,
0,https://www.amazon.com/dp/9603710709,9603710709,Sikyon I: The Urban Survey,Yannis A Lolos,Paperback,by,
1,https://www.amazon.com/dp/1907233407,1907233407,A' Chreag Dhearg: Climbing Stories of the Angus Glens,Grant Farquhar,Paperback,by,
0,https://www.amazon.com/dp/3030639460,3030639460,Integrated Hybrid Resonant DCDC Converters,Peter Renz,Kindle,by,
0,https://www.amazon.com/dp/180392005X,180392005X,Handbook on the Economics of Climate Change,Graciela Chichilnisky,Hardcover,by,
0,https://www.amazon.com/dp/9607905709,9607905709,Ceramics in Plain Sight: The Bacini of the Churches of Crete. Reflections of the Late Medieval and the Early Modern Material Culture of the Island: Volume I: The Regional Unit of Chania (Research),Anastasia G Yangaki,Paperback,by,
0,https://www.amazon.com/dp/3110561816,3110561816,Active Materials (De Gruyter STEM),Peter Fratzl,Paperback,by,
0,https://www.amazon.com/dp/3030571319,3030571319,Using Mathematics to Understand Biological Complexity: From Cells to Populations (Association for Women in Mathematics Series),Rebecca Segal,Kindle,|,
2,https://www.amazon.com/dp/1736550772,1736550772,Beyond the Saga of Rocket Science: The Dawn of the Space Age,Walter Sierra,Kindle,|,
1,https://www.amazon.com/dp/1716052327,1716052327,A Dictionary for Invertebrate Zoology,Tim Williams,Paperback,by,
0,https://www.amazon.com/dp/B09PJY3BLT,B09PJY3BLT,When Life Calls: Travel Answers,I Ali,Paperback,by,
0,https://www.amazon.com/dp/9785860469,9785860469,"Renewable Energy and Rural Electrification in Nigeria: Law, Policy, Institutions",Lilian Idiaghe,Paperback,by,
0,https://www.amazon.com/dp/9657849314,9657849314,Israel Numismatic Research: Volume 16 2021,Israel Numismatic Society,Paperback,by,
0,https://www.amazon.com/dp/9390951267,9390951267,Environment Concerns and its Remediation,Deepankar Kumar Ashish,Paperback,by,
0,https://www.amazon.com/dp/9042946644,9042946644,"Tracing Technology: Forty Years of Archaeological Research at Satricum (Babesch: Annual Papers on Mediterranean Archaeology, 42)",Marijke Gnade,Paperback,by,
0,https://www.amazon.com/dp/9042945443,9042945443,From Sacred to Everyday: Common Wares and Amphorae from Chhim in the Sidon Hinterland (Polish Publications in Mediterranean Archaeology),Urszula Wicenciak,Paperback,by,
0,https://www.amazon.com/dp/9042945400,9042945400,"Old Dongola: Development, Heritage, Archaeology. Fieldwork in 2018-2019. Excavations (1) (Polish Publications in Mediterranean Archaeology, 1)",D. Dzierzbicka,Paperback,by,
0,https://www.amazon.com/dp/9042944277,9042944277,"Small Finds from ed-Dur, Umm al-Gaiwain, U.A.E.: Late 1st Cent. Bce to Early 2nd Cent. Ce (The University of Ghent South-East Arabian Archaeological ... Umm al-Gaiwain, United Arab Emirates, 4)",Ernie Haerinck,Paperback,by,
0,https://www.amazon.com/dp/9042944250,9042944250,"The Royal Mortuary Cult Complex in the Temple of Hatshepsut at Deir El-bahari: The Chapel of Tuthmosis I (Polish Publications in Mediterranean Archaeology, 2)",M. Barwik,Paperback,by,
0,https://www.amazon.com/dp/9042943815,9042943815,"Wadi Khashab: Unearthing Late Prehistory in the Eastern Desert of Egypt (Polish Publications in Mediterranean Archaeology, 5)",M. Osypinska,Paperback,by,
0,https://www.amazon.com/dp/8395336233,8395336233,Old Dongola: Continuity and Change from the Medieval Period to the 21st Century,Archeobooks,Paperback,by,
0,https://www.amazon.com/dp/6204734164,6204734164,Robot Dynamics,Vishwajit K. Barbudhe,Paperback,by,
0,https://www.amazon.com/dp/6204731599,6204731599,Nanotechnology:A Brief Introduction,Arunendra Kumar Patel,Paperback,by,
0,https://www.amazon.com/dp/620473136X,620473136X,"Experimental & Theoretical Study of Novel Quinazoline Derivative: Experimental & Theoretical Investigation of Novel 3-[2-(3, 4-Dimethoxy-phenyl)-ethyl]-2-methyl-3H-quinazoline-4-one",Sahajkumar A. Gandhi,Paperback,by,
0,https://www.amazon.com/dp/6204730509,6204730509,Phytomolecules: A Prospective Approach to Combat SARS-Cov-2: Handbook of Plant-derived Antivirals,Gagan Kumar Panigrahi,Paperback,by,
0,https://www.amazon.com/dp/6204726080,6204726080,PIPERIDINE COMPOUNDS SYNTHESIS AND PROPERTIES: Tashkent Chemical-Technological Institute,Maksumova Oytura Sitdikovna,Paperback,by,
0,https://www.amazon.com/dp/6204718584,6204718584,"West Gabal Monqul, Eastran Desert, Egypt: Geology & Mineralogy",Sherif Kharbish,Paperback,by,
0,https://www.amazon.com/dp/6204382136,6204382136,Practical guide to medicinal plants from the eastern region of Morocco,Latifa El Hafid,Paperback,by,
0,https://www.amazon.com/dp/6204381954,6204381954,Cocoa farming and biodiversity conservation,PIBA Serge Cherry,Paperback,by,
0,https://www.amazon.com/dp/6204375466,6204375466,Biological control of rhizomania,Mohammed Ahadjor,Paperback,by,
0,https://www.amazon.com/dp/6138966562,6138966562,Risks and management of two opposite GI-pathophysiological damage: Risk factors and appropriate nutritional/therapeutic strategy for gastrointestinal pathophysiological disorders,Kais Rtibi,Paperback,by,
0,https://www.amazon.com/dp/6059680224,6059680224,"Understanding Transformations: Exploring the Black Sea Region and Northern Central Anatolia in Antiquity (Byzas, 26) (English and Turkish Edition)",Andreas Schachner,Paperback,Turkish Edition,
0,https://www.amazon.com/dp/6057673670,6057673670,"Adaptation and Resistance: Symposium Proceedings (Settlement Archaeology, 8) (English and Turkish Edition)",A. Iraz Alpay,Paperback,Turkish Edition,
0,https://www.amazon.com/dp/3700191618,3700191618,Agypten Und Levante/ Egypt and the Levant (English and German Edition),Manfred Bietak,Paperback,German Edition,
0,https://www.amazon.com/dp/3110739453,3110739453,Electromembrane Processes: Theory and Applications (De Gruyter STEM),Luboš Novák,Kindle,|,
0,https://www.amazon.com/dp/3110718782,3110718782,Forensic Chemistry: Fundamentals (De Gruyter Textbook),Michael Grossman,Kindle,by,
0,https://www.amazon.com/dp/3030630560,3030630560,Foundations of Convection with Density Stratification (GeoPlanet: Earth and Planetary Sciences),Krzysztof A. Mizerski,Hardcover,|,
1,https://www.amazon.com/dp/3030550141,3030550141,From Hurricanes to Epidemics: The Ocean's Evolving Impact on Human Health - Perspectives from the U.S. (Global Perspectives on Health Geography),Kevin Conrad,Kindle,|,
0,https://www.amazon.com/dp/2503591477,2503591477,Befund Und Historisierung: Dokumentation Und Ihre Interpretationsspielraume (Araxes) (English and German Edition),S. Heinsch,Paperback,German Edition,
0,https://www.amazon.com/dp/1990445012,1990445012,Corner Windows and Cul-de-Sacs: The Remarkable Story of Newfoundland's First Garden Suburb (Social and Economic Studies),C.A. Sharpe,Kindle,by,
0,https://www.amazon.com/dp/1803271248,1803271248,"Archeofoss XIV 2020: Open Software, Hardware, Processes, Data and Formats in Archaeological Research: Proceedings of the 14th International Conference, 15-17 October 2020",Julian Bogdani,Paperback,Italian Edition,
0,https://www.amazon.com/dp/1803270942,1803270942,"Bridging the Gap: Disciplines, Times, and Spaces in Dialogue: Sessions 1, 2, and 5 from the Conference Broadening Horizons 6 Held at the Freie Universitat Berlin, 24-28 June 2019 (1)",Christian Hess,Paperback,by,
0,https://www.amazon.com/dp/1789698944,1789698944,"Making Archaeology Public: A View from the Mediterranean, Eastern Europe and Beyond (Ex Novo: Journal of Archaeology) (English and Italian Edition)",Maja Gori,Paperback,Italian Edition,
0,https://www.amazon.com/dp/1789698928,1789698928,"Ash-Sharq: Bulletin of the Ancient Near East No 5 1-2, 2021: Archaeological, Historical and Societal Studies",Laura Battini,Paperback,by,
0,https://www.amazon.com/dp/171604863X,171604863X,The Human Condition,Lewis Worrow,Paperback,by,
2,https://www.amazon.com/dp/1641894725,1641894725,"Armies and Ecosystems in Premodern Europe: The Meuse Region, 1250-1850 (War and Conflict in Premodern Societies)",Sander Govaerts,Hardcover,by,
0,https://www.amazon.com/dp/1407359150,1407359150,"Inequality, Wealth, and Market Exchange in the Maya Lowlands: A household-based approach to the economy of Uxul, Campeche, Mexico (International)",Els Barnard,Paperback,by,
0,https://www.amazon.com/dp/1407359002,1407359002,Visitor Experiences and Audiences for the Roman Frontiers: Developing good practice in presenting World Heritage (International),Nigel Mills,Paperback,by,
0,https://www.amazon.com/dp/1407358804,1407358804,"The Archaeology and Architecture of Farm Buildings at Saumarez Station, Armidale, New South Wales (International)",Graham Connah,Paperback,by,
0,https://www.amazon.com/dp/1407358464,1407358464,On the Edge of Empire: Society in the south-west of England during the first century BC to fifth century AD (British),Siân Alyce Thomas,Paperback,by,
0,https://www.amazon.com/dp/1407358340,1407358340,Stonehenge and Middle to Late Neolithic Cremation Rites in Mainland Britain (c.3500-2500 BC) (British),Christina Willis,Paperback,by,
0,https://www.amazon.com/dp/1407316389,1407316389,"Excavations at Minster House, Bristol, 1992: From abbey cellarium and prior's lodging to cathedral prebendal house (British)",John Bryant,Paperback,by,
0,https://www.amazon.com/dp/0367857022,0367857022,German and Song 1740 - 1900 (Routledge Library Editions: German Literature),John Smeed,Kindle,by,
0,https://www.amazon.com/dp/0367631601,0367631601,Bifurcation and Buckling in Structures,Kiyohiro Ikeda,Kindle,by,
1,https://www.amazon.com/dp/0367626691,0367626691,Imagining Windmills,Marián Cao,Kindle,by,
0,https://www.amazon.com/dp/0367523639,0367523639,Food Charity and the Psychologisation of Poverty (Concepts for Critical Psychology),Christian Möller,Kindle,|,
0,https://www.amazon.com/dp/0367517736,0367517736,Unity Game Audio Implementation: A Practical Guide for Beginners,Andrew Coggan,Kindle,by,
1,https://www.amazon.com/dp/1350189669,1350189669,"Cognitive Semiotics: Signs, Mind, and Meaning (Bloomsbury Advances in Semiotics)",Per Aage Brandt,Kindle,|,
2,https://www.amazon.com/dp/1032073276,1032073276,Quantity Surveying Practice: The Nuts and Bolts,Chung Wai Calvin Keung,Kindle,by,
1,https://www.amazon.com/dp/1350194840,1350194840,Iamblichus: On the General Science of Mathematics (Ancient Commentators on Aristotle),John Dillon,Kindle,|,
0,https://www.amazon.com/dp/1464115818,1464115818,Preparation for Calculus: Functions and How They Change,Bruce Crauder,Paperback,by,
0,https://www.amazon.com/dp/1032159626,1032159626,Phosphor Handbook,Ru-Shi Liu,Kindle,by,
0,https://www.amazon.com/dp/1803270500,1803270500,Qatar: Evidence of the Palaeolithic Earliest People Revealed (Arabic and English Edition),Julie Scott-Jackson,Paperback,English Edition,
2,https://www.amazon.com/dp/3030408205,3030408205,Robo-Advisory: Investing in the Digital Age (Palgrave Studies in Financial Services Technology),Peter Scholz,Kindle,|,
0,https://www.amazon.com/dp/0367508184,0367508184,"Climate Change, The Fourth Industrial Revolution and Public Pedagogies",Mike Cole,Kindle,by,
1,https://www.amazon.com/dp/1501391763,1501391763,Sonic Phantoms: Composition with Auditory Phantasmatic Presence,Barbara Ellison,Kindle,by,
3,https://www.amazon.com/dp/0367437090,0367437090,"Death, Ritual, and Bereavement (Routledge Library Editions: Ritual)",Ralph Houlbrooke,Kindle,|,
0,https://www.amazon.com/dp/0367359243,0367359243,Southern Forested Wetlands (Routledge Library Editions: Ecology),Michael G. Messina,Kindle,|,
2,https://www.amazon.com/dp/0367352540,0367352540,Arctic and Alpine Environments (Routledge Library Editions: Ecology),Jack D. Ives,Kindle,|,
0,https://www.amazon.com/dp/B09PHC1BWH,B09PHC1BWH,NOTBOOK: The waves of life live it positively,midlil HAMID,Paperback,by,
0,https://www.amazon.com/dp/B09PG7SYQR,B09PG7SYQR,"Butterfly Coloring Book For Adults: Beautiful Butterflies and Easy Floral Patterns for Adults and Seniors, with Mandala Butterfly Designs for Relaxation and Stress Relief",Henriette Wilkins,Paperback,by,
0,https://www.amazon.com/dp/B07Y4MRQK8,B07Y4MRQK8,"Time Resources, Society and Ecology: On the Capacity for Human Interaction in Space and Time (Routledge Library Editions: Ecology)",Tommy Carlstein,Kindle,|,
0,https://www.amazon.com/dp/981158706X,981158706X,Recent Advances in Mechanical Engineering: Select Proceedings of ITME 2019 (Lecture Notes in Mechanical Engineering),Mohammad Muzammil,Kindle,|,
0,https://www.amazon.com/dp/6204734067,6204734067,"SYNTHESES AND BIOLOGICAL EVALUATION OF MACROCYCLIC COMPLEXES: SYNTHESES AND BIOLOGICAL EVALUATION OF TIIV, ZRIV, EUIII and TBIII MACROCYCLIC COMPLEXES",Nutan Sharma,Paperback,by,
0,https://www.amazon.com/dp/6204733990,6204733990,Nano-Conjugate Material by in-situ Polymerization for Gas Sensor: Synthesis and Gas Sensor Application of Nano-composite,Sushil Charpe,Paperback,by,
0,https://www.amazon.com/dp/620473394X,620473394X,Genetic Architecture and Evolution of Blast Resistance Trait in Rice,Mahmoud Fazaa,Paperback,by,
0,https://www.amazon.com/dp/6204733702,6204733702,Modeling Security Threats upon Reference Architecture Model Industry: 4th Industrial Evaluation: Modeling Security Threats upon Reference Architecture Model Industry 4.0,Muhammad Amman Zaheer,Paperback,by,
0,https://www.amazon.com/dp/6204733680,6204733680,Seaweed Extract and Its Potentiality as Nutrient Source: Seaweed as nutrient for soil fertility,B. Jeevitha,Paperback,by,
0,https://www.amazon.com/dp/6204733516,6204733516,"PRACTICAL MANUAL FOR: GENETICS, IMMUNOLOGY & BIOCHEMISTRY",Umavathi Subramaniam,Paperback,by,
0,https://www.amazon.com/dp/620473332X,620473332X,ENVIRONMENTAL ENGINEERING: (WATER QUALITY TEST),Subash Thanappan,Paperback,by,
0,https://www.amazon.com/dp/6204380931,6204380931,STUDY OF BIOCHAR FROM POULTRY LITTER: Use in substrate for production of melon and papaya seedlings,Laysa Gabryella de Souza Laurentino,Paperback,by,
0,https://www.amazon.com/dp/6204379569,6204379569,Nutritious food: date syrup,Ibrahim Moussa Moustapha,Paperback,by,
0,https://www.amazon.com/dp/6204378600,6204378600,Actinobacteria: Biocontrol and plant growth promotion agents,Goudjal Yacine,Paperback,by,
0,https://www.amazon.com/dp/6204378414,6204378414,Efficiency of artificial reproduction of chum and pink salmon: at the Kuybyshev Bay LRZ (Iturup Island) and optimization of aquaculture areas,Anna Vladimirovna Litvinenko,Paperback,by,
0,https://www.amazon.com/dp/6204378163,6204378163,Out-of-balance development process,Fatma Hadef,Paperback,by,
0,https://www.amazon.com/dp/6200539367,6200539367,MISCELLANEOUS PROBLEMS IN MATHEMATICS: SOLUTIONS,Adambarage Charles Wimal Lalith De Alwis,Paperback,by,
0,https://www.amazon.com/dp/6200533245,6200533245,Life Artist: “This little book is for being aware of your inner artist and have a mindful moments”,Melissa Angelica Yildiran,Kindle,by,
0,https://www.amazon.com/dp/6200503974,6200503974,"Limnological study of Fresh water body: Limnological study of Fresh water body Bhandarwadi Reservior, Bhandarwadi Tq. Renapur, Dist. Latur. (M.S.) India",Shivraj Bondage,Kindle,by,
0,https://www.amazon.com/dp/6138967143,6138967143,Reproductive Performance in Karadi and Awassi Sheep: Reproductive Efficiency in Iraqi Native Sheep,Hawar M. Zebari,Paperback,by,
0,https://www.amazon.com/dp/613896585X,613896585X,Torque and Drag Optimization By Using Drilling Simulator: The Effect of Torque and Drag on the Drill String in Vertical and Directional Wells by Using Drilling Simulator,Mohamed Sobhi Ibrahim Elsayed,Paperback,by,
0,https://www.amazon.com/dp/3337768121,3337768121,Lectures on Orthopedic Surgery and Diseases of the Joints: Delivered at Bellevue Hospital Medical College During the Winter Session of 1874-1875,Lewis A Sayre,Hardcover,by,
0,https://www.amazon.com/dp/3030644820,3030644820,Environmental Health - Theory and Practice: Volume 1: Basic Sciences and their Relations to the Environment,Ramesha Chandrappa,Kindle,by,
0,https://www.amazon.com/dp/3030554252,3030554252,Pioneer of Galactic Astronomy: A Biography of Jacobus C. Kapteyn (Springer Biographies),Pieter C. van der Kruit,Kindle,|,
1,https://www.amazon.com/dp/3030513181,3030513181,The Future of the Bamiyan Buddha Statues: Heritage Reconstruction in Theory and Practice,Masanori Nagaoka,Hardcover,by,
0,https://www.amazon.com/dp/178969857X,178969857X,The Archaeological Dictionary: English-Greek/Greek-English,Nikos Koutsoumpos,Paperback,Greek Edition,
0,https://www.amazon.com/dp/1560803827,1560803827,Understanding Amplitudes: Basic Seismic Analysis for Rock Properties (Geophysical Monographs),Michael Burianyk (author),Paperback,by,
0,https://www.amazon.com/dp/150138984X,150138984X,Discourses of Care: Media Practices and Cultures,Amy Holdsworth,Kindle,by,
1,https://www.amazon.com/dp/1350267309,1350267309,"Culture of Giving in Myanmar, The: Buddhist Offerings, Reciprocity and Interdependence",Hiroko Kawanami,Kindle,by,
0,https://www.amazon.com/dp/0567704815,0567704815,Jonah: An Earth Bible Commentary,Jione Havea,Kindle,|,
0,https://www.amazon.com/dp/0367362805,0367362805,Biogeographical Processes (Routledge Library Editions: Ecology),I. G. Simmons,Kindle,|,
0,https://www.amazon.com/dp/0367359146,0367359146,Mountain Biodiversity (Routledge Library Editions: Ecology),Ch. Korner,Kindle,|,
1,https://www.amazon.com/dp/0367358379,0367358379,Paradise Lost? (Routledge Library Editions: Ecology),Edward B. Barbier,Kindle,|,
0,https://www.amazon.com/dp/0367353563,0367353563,Tropical Resources (Routledge Library Editions: Ecology),Jose I. Furtado,Kindle,|,
0,https://www.amazon.com/dp/0367351102,0367351102,Themes in Biogeography (Routledge Library Editions: Ecology),J. A. Taylor,Kindle,|,
5,https://www.amazon.com/dp/147046540X,147046540X,"Differential Equations (Graduate Studies in Mathematics, 212)",Marcelo Viana,Hardcover,|,
1,https://www.amazon.com/dp/1032138386,1032138386,Emotion and Cognition,Patrick Lemaire,Kindle,by,
3,https://www.amazon.com/dp/1032051094,1032051094,Introduction to Transpersonal Psychology,Paul F. Cunningham  Ph.D.,Kindle,by,
4,https://www.amazon.com/dp/9811236224,9811236224,"Alzheimer's Disease Decoded: The History, Present, And Future Of Alzheimer's Disease And Dementia (second Edition)",Ronald Sahyouni,Kindle,by,
0,https://www.amazon.com/dp/036774418X,036774418X,Health and Social Care Research Methods in Context: Applying Research to Practice,Liz Tilly,Kindle,by,
0,https://www.amazon.com/dp/1264531214,1264531214,ISE Beginning and Intermediate Algebra,Julie Miller,Paperback,by,
2,https://www.amazon.com/dp/9814877794,9814877794,A Brief Guide to Academic Bullying,Morteza Mahmoudi,Kindle,by,
0,https://www.amazon.com/dp/935575941X,935575941X,"Arbor Day Leaves; A Complete Programme For Arbor Day Observance, Including Readings, Recitations, Music, and General Information",Nathaniel Hillyer Egleston,Kindle,by,
0,https://www.amazon.com/dp/1032061324,1032061324,Teaching Climate History,Alan J. Singer,Kindle,by,
1,https://www.amazon.com/dp/1119109507,1119109507,"The Behavior of Animals: Mechanisms, Function, and Evolution",Johan J. Bolhuis,Kindle,by,
0,https://www.amazon.com/dp/3030748618,3030748618,"Robert Brown and Mungo Park: Travels and Explorations in Natural History for the Royal Society (Memoirs of The New York Botanical Garden, 122)",Joel Schwartz,Kindle,|,
0,https://www.amazon.com/dp/9355756127,9355756127,The Common Objects of the Country,J G Wood,Kindle,by,
0,https://www.amazon.com/dp/9355399189,9355399189,Leaflet No. 312: Apples in Appealing Ways [1951],Mary T Swickard,Paperback,by,
1,https://www.amazon.com/dp/9819814057,9819814057,Algebraic Topology: A Structural Introduction,Marco Grandis,Kindle,by,
0,https://www.amazon.com/dp/935575177X,935575177X,The Geology of Groton State Forest,Robert A Christman,Kindle,by,
0,https://www.amazon.com/dp/1958350001,1958350001,A Beginner's Guide on Parenting Children with ADHD,Richard Bass,Hardcover,by,
4,https://www.amazon.com/dp/9811247528,9811247528,Sports Analytics (World Scientific Series In Finance),Leonard C Maclean,Kindle,|,
1,https://www.amazon.com/dp/9355755945,9355755945,Color Cement Handicraft,Pedro J Lemos,Kindle,by,
0,https://www.amazon.com/dp/177485337X,177485337X,Emotional Intelligence: Improve Your Relationships by Raising Your Eq (How to Develop Your Emotional Intelligence to Have a High Eq),Barbara Smith,Kindle,by,
1,https://www.amazon.com/dp/B09PFFSQ9C,B09PFFSQ9C,"An Anthology of Sound Chips Vol. 2: Arcade, Console and Home Micro Sound Chips (1987 - 2004)",Chris Abbott,Hardcover,by,
1,https://www.amazon.com/dp/9355758138,9355758138,Fast-Day Cookery or Meals without Meat,Grace Johnson,Kindle,by,
1,https://www.amazon.com/dp/9355757573,9355757573,Faraday As A Discoverer,John Tyndall,Kindle,by,
0,https://www.amazon.com/dp/9355756429,9355756429,Common Sense for Housemaids,Ann Fraser Tytler,Kindle,by,
5,https://www.amazon.com/dp/9355755392,9355755392,Common Diseases of Farm Animals,R A Craig,Kindle,by,
0,https://www.amazon.com/dp/9355755333,9355755333,Farm Boys and Girls,William Arch McKeever,Kindle,by,
4,https://www.amazon.com/dp/9355755104,9355755104,The Far Horizon,Lucas Malet,Kindle,by,
0,https://www.amazon.com/dp/9355754345,9355754345,Comments on the Taxonomy and Geographic Distribution of Some North American Rodents,E Raymond Hall,Kindle,by,
0,https://www.amazon.com/dp/9355754280,9355754280,"Comments on the Taxonomy and Geographic Distribution of Some North American Marsupials, Insectivores and Carnivores",E Raymond Hall,Kindle,by,
0,https://www.amazon.com/dp/9355754078,9355754078,Comments on the Taxonomy and Geographic Distribution of North American Microtines,E Raymond Hall,Kindle,by,
1,https://www.amazon.com/dp/9355751591,9355751591,Geology,James Geikie,Kindle,by,
4,https://www.amazon.com/dp/9355751079,9355751079,The Boy Craftsman; Practical and Profitable Ideas for a Boy's Leisure Hours,A Neely Hall,Kindle,by,
2,https://www.amazon.com/dp/9355398867,9355398867,"The Appendages, Anatomy, and Relationships of Trilobites",Percy E Raymond,Kindle,by,
4,https://www.amazon.com/dp/9355398654,9355398654,The Apple-Tree; The Open Country Books-No. 1,L H Bailey,Kindle,by,
1,https://www.amazon.com/dp/B09PM754JN,B09PM754JN,"Environmental Science at Amazon: Thesis seminar from Ph.D. program Society, Nature, and Development",Vanessa Leão Peleja,Kindle,by,
1,https://www.amazon.com/dp/B09P9BTX93,B09P9BTX93,"A - Z Dinosaur Colouring Book for Children: Fun prehistoric Dinosaurs colouring book for children. Alphabetic Dinosaur colouring book with names, ... Dino activity book, gift for Boys and Girls",Sirchlo Kids,Paperback,by,
0,https://www.amazon.com/dp/B09P8L6VCW,B09P8L6VCW,My Journal: Beautiful Sky Pink Lined Notebook 120 pages,GreatDeal .Co,Paperback,by,
0,https://www.amazon.com/dp/9355757662,9355757662,The Farmer's Own Book A treatise on the numerous diseases of the horse,J D Koogle,Kindle,by,
0,https://www.amazon.com/dp/935575728X,935575728X,The Fantastic Clan The Cactus Family,John James Thornber,Kindle,by,
0,https://www.amazon.com/dp/9355757093,9355757093,Favorite Dishes,Carrie V Shuman,Paperback,by,
1,https://www.amazon.com/dp/9355751826,9355751826,Geology: The Science of the Earth's Crust,William J Miller,Kindle,by,
0,https://www.amazon.com/dp/9355751699,9355751699,The Geology of Calvin Coolidge State Forest,Harry W Dodge,Kindle,by,
0,https://www.amazon.com/dp/935539926X,935539926X,Apples in Appealing Ways [1969]; Home and Garden Bulletin No. 161,Anonymous,Paperback,by,
0,https://www.amazon.com/dp/620473377X,620473377X,Development of compositions and technology for obtaining modified composite bitumen coatingsmaterials,Ilhom Akbarov,Paperback,by,
0,https://www.amazon.com/dp/6204733575,6204733575,Agricultural Extension Education-Effectiveness of Videos,Gurshaminder Singh,Paperback,by,
0,https://www.amazon.com/dp/6204733486,6204733486,Unconventional Hydrocarbon Resources: Shale Gas| Coal Bed Methane| Gas Hydrate | Oil Shale,Annapurna Boruah,Paperback,by,
0,https://www.amazon.com/dp/620473329X,620473329X,Development of effective compositions of composite polymer materials: And production of machine-building anticorrosive coatings based on them,A.Sh. Nasriddinov,Paperback,by,
0,https://www.amazon.com/dp/6204732943,6204732943,A Power Reduction technique for Flash analog-to-digital converter: Ladder Free Flash analog-to-digital converter,Gulrej Ahmed,Paperback,by,
0,https://www.amazon.com/dp/6204732013,6204732013,Fuzzy Reinforcement Learning Based Controller Design: Lyapunov Theory based Reinforcement Learning Controller for Non Linear Systems,ABHISHEK KUMAR,Paperback,by,
0,https://www.amazon.com/dp/6204720252,6204720252,Investigation of Variables in Barite and Bentonite: in Drilling Industry,Peyman Vaziri,Paperback,by,
0,https://www.amazon.com/dp/6204376764,6204376764,Consequence of bushfires on the structure of a реrturbated forest,Ulrich Marc Adrien Рlakoï,Paperback,by,
0,https://www.amazon.com/dp/6204376187,6204376187,SALT STRESS AND HYDROGEN PEROXIDE IN COTTON CULTIVATION: Morphophysiology and production components,Iuri Carvalho Santos Castro,Paperback,by,
0,https://www.amazon.com/dp/6203198277,6203198277,Text Book of Parasitology: For Under Graduate Studies,Sujeet Jamdar,Paperback,by,
0,https://www.amazon.com/dp/6135843923,6135843923,The Structure Analysis by DFT and X-ray Diffraction: Investigation of the Structure of C15H16N2O2 by DFT and X-ray Diffraction,Çiğdem YÜKSEKTEPE ATAOL,Paperback,by,
0,https://www.amazon.com/dp/3795436605,3795436605,"Urban Space Between the Roman Age and Late Antiquity: Continuity, Discontinuity and Changes",Arabella Cortese,Paperback,by,
0,https://www.amazon.com/dp/197722413X,197722413X,The True Secret of Flyfishing,Henry S Butler,Paperback,by,
0,https://www.amazon.com/dp/1739869206,1739869206,Designing for Noise & Natural Ventilation: A practical guide for non-acousticians,Mr J T Cooke,Hardcover,by,
0,https://www.amazon.com/dp/1032193557,1032193557,"Sustainable Development Goals and Indian Cities: Inclusion, Diversity and Citizen Rights (Towards Sustainable Futures)",Ashok Kumar,Kindle,|,
0,https://www.amazon.com/dp/1032138351,1032138351,"The Age of Science-Tech Universities: Responsibilities, Challenges and Strategies",Paola Francesca Antonietti,Kindle,by,
0,https://www.amazon.com/dp/103211357X,103211357X,Faith Through the Prism of Psychology,Eugene Subbotsky,Kindle,by,
0,https://www.amazon.com/dp/012820589X,012820589X,"The Neurobiology, Physiology, and Psychology of Pain",Rajkumar Rajendram AKC  BSc  MBBS  MRCP  EDIC  FRCP Edin  FRCP Lon,Kindle,by,
0,https://www.amazon.com/dp/0367513455,0367513455,The Chemistry and Mechanism of Art Materials,Michael J. Malin,Kindle,by,
3,https://www.amazon.com/dp/0231194730,0231194730,The Boundaries of Human Nature: The Philosophical Animal from Plato to Haraway,Matthew Calarco,Kindle,by,
2,https://www.amazon.com/dp/0520381823,0520381823,A Carceral Ecology: Ushuaia and the History of Landscape and Punishment in Argentina,Ryan C. Edwards,Kindle,by,
3,https://www.amazon.com/dp/1032010088,1032010088,Conflict After the Cold War,Richard Betts,Kindle,by,
1,https://www.amazon.com/dp/0367261561,0367261561,Doing Spatial History (Routledge Guides to Using Historical Sources),Riccardo Bavaj,Kindle,|,
4,https://www.amazon.com/dp/B09PHG8N3N,B09PHG8N3N,The Military Machete and Its Use in Combat (Twin Ravens Publications),Fernan Vargas,Paperback,|,
0,https://www.amazon.com/dp/1734368691,1734368691,Changing Times: Almanac and Digest of Kansas City's LGBTQ+ History. Volume 3: Digest,David W. Jackson,Paperback,by,
0,https://www.amazon.com/dp/1032119624,1032119624,"Fundraising for Impact in Libraries, Archives, and Museums: Making the Case to Government, Foundation, Corporate, and Individual Funders",Kathryn K. Matthew,Kindle,by,
2,https://www.amazon.com/dp/1138299464,1138299464,Transforming Scholarship (Sociology Re-Wired),Michele Tracy Berger,Kindle,|,
0,https://www.amazon.com/dp/0367523027,0367523027,Newswork and Precarity,Kalyani Chadha,Kindle,by,
0,https://www.amazon.com/dp/0197509924,0197509924,The Last Language on Earth: Linguistic Utopianism in the Philippines (Oxford Studies in the Anthropology of Language),Piers Kelly,Kindle,by,
1,https://www.amazon.com/dp/113804931X,113804931X,Reproductive Politics in the United States,Kimala Price,Kindle,by,
4,https://www.amazon.com/dp/1032056207,1032056207,Rising Fascism in America (Critical Interventions),Anthony DiMaggio,Kindle,|,
0,https://www.amazon.com/dp/1032173076,1032173076,The Economics of Monetary Unions (Routledge Studies in the European Economy),Juan E. Castañeda,Kindle,|,
2,https://www.amazon.com/dp/0367321017,0367321017,Responsible Leadership,Nicola Pless,Kindle,by,
3,https://www.amazon.com/dp/036762317X,036762317X,A Sense of Belonging at Work: A Guide to Improving Well-being and Performance,Lee Waller,Kindle,by,
1,https://www.amazon.com/dp/173513323X,173513323X,The Color of Homeownership: Increasing Wealth in Black and Brown Communities,Dr Brown,Kindle,by,
0,https://www.amazon.com/dp/0367457156,0367457156,Social Value in Practice (Social Value in the Built Environment),Ani Raiden,Kindle,by,
0,https://www.amazon.com/dp/0367340240,0367340240,Sustainable Infrastructure for Cities and Societies,Michael Neuman,Kindle,by,
5,https://www.amazon.com/dp/0808056875,0808056875,Essentials of Federal Income Taxation for Individuals and Business (2022),Robert W. Jamison,Paperback,by,
1,https://www.amazon.com/dp/0808056174,0808056174,State Tax Handbook 2022,Cch Tax Law,Paperback,by,
4,https://www.amazon.com/dp/1957118016,1957118016,"Indie Author Magazine: Featuring Elana Johnson: Custom Launch Plans for Wide Writers, Substack for Authors, Rapid Release Explained, 10 Tips for Kickstarter, and Getting the Word Out",Chelle Honiker,Kindle,|,
0,https://www.amazon.com/dp/1802700056,1802700056,"Inclusive Curating in Contemporary Art: A Practical Guide (Collection Development, Cultural Heritage, and Digital Humanities)",Jade French,Hardcover,by,
0,https://www.amazon.com/dp/9811565090,9811565090,Sustainable Management of Japanese Entrepreneurs in Pre-War Period from the Perspective of SDGs and ESG,Masaatsu Takehara,Kindle,by,
0,https://www.amazon.com/dp/9811253706,9811253706,Comversations: Communication Lessons From Media Professionals,Chong Jin Chua,Kindle,by,
0,https://www.amazon.com/dp/6204734148,6204734148,Economics Second Volume,Wiegand Helmut Fleischer,Paperback,by,
0,https://www.amazon.com/dp/6204734008,6204734008,Teachers’ Beliefs And EFL Learners’ Motivation: The Role of Teachers’ Beliefs on Iranian EFL Learners’ Motivation,Zahra Biabani,Paperback,by,
0,https://www.amazon.com/dp/6204733974,6204733974,Impact of Ecotourism surrounding the Gibbon Wildlife Sanctuary: A case study of Mariani Town of Jorhat District,Dristi Chaya Saikia,Paperback,by,
0,https://www.amazon.com/dp/6204718606,6204718606,Educational Measurement and Evaluation: High Priority,T Pradeep Kumar,Paperback,by,
0,https://www.amazon.com/dp/6204717189,6204717189,Negotiating the International Trade Contract,Ahmed Saber Ali,Paperback,by,
0,https://www.amazon.com/dp/6204383639,6204383639,WORKING TIME MANAGEMENT IN DIGITAL COMPANIES: Case of SOOK Services Sarl,René Fadonougbo,Paperback,by,
0,https://www.amazon.com/dp/6204383116,6204383116,Management of the employee's personal performance: Employee's self performance management,Aimé Guilahoux,Paperback,by,
0,https://www.amazon.com/dp/6204382616,6204382616,"Interdisciplinary conference ""Topical Issues in Conflictology III"": Proceedings of the conference",Anastasia Smirnova,Paperback,by,
0,https://www.amazon.com/dp/6204382373,6204382373,ANALYSIS OF MENTAL WORK IN HOSPITAL: How to model the influence of recognition at work on mental work among health care and medical personnel,Georges Emery Ndong Etougou,Paperback,by,
0,https://www.amazon.com/dp/6204381318,6204381318,Ergonomics as a fundamental tool in the business world: Implementation of labor ergonomics in the company Productos Alimenticios la Morena de Huamantla SA de CV.,Perla Marlen Ibañez Miranda,Paperback,by,
0,https://www.amazon.com/dp/6204377930,6204377930,Logistical processing of information: Management of a warehouse,Richard Ballet,Paperback,by,
0,https://www.amazon.com/dp/6138967372,6138967372,Political and Economic Processes in Modern Greece: 1950–2019,György Simon,Paperback,by,
0,https://www.amazon.com/dp/6138961307,6138961307,EDUCATIONAL MANAGEMENT AND LEADERSHIP: THEORETICAL AND PRACTICAL TRAJECTORIES,JOSEPH G. MUNGAI,Paperback,by,
0,https://www.amazon.com/dp/6138956680,6138956680,Financial Institutions in India: A study on Marketing of Financial services in India,Dr.Morusu Siva sankar,Paperback,by,
0,https://www.amazon.com/dp/6137353389,6137353389,Financial Constraint and Dynamic Optimization of Capital Structure,Jun Zhao,Paperback,by,
0,https://www.amazon.com/dp/303432894X,303432894X,"Ten Years of Protests in the Middle East and North Africa (Global Politics and Security, 8)",Colombo,Kindle,by,
0,https://www.amazon.com/dp/1803920130,1803920130,Progressive Post-Keynesian Economics (Elgar Research Agendas),Jay Liebowitz,Hardcover,by,
0,https://www.amazon.com/dp/1803920114,1803920114,"Innovation, Ethics and our Common Futures: A Collaborative Philosophy",Rafael Ziegler,Hardcover,by,
0,https://www.amazon.com/dp/1803920106,1803920106,A Research Agenda for Environmental Economics (Elgar Research Agendas),Matthias Ruth,Hardcover,by,
0,https://www.amazon.com/dp/1803920076,1803920076,Handbook on Tourism and China (Handbooks of Research on Contemporary China series),Songshan Huang,Hardcover,by,
1,https://www.amazon.com/dp/1800376022,1800376022,A Modern Guide to Citizen’s Basic Income: A Multidisciplinary Approach (Elgar Modern Guides),Malcolm Torry,Hardcover,by,
0,https://www.amazon.com/dp/1032163755,1032163755,Global University President Leadership: Insights on Higher Education Futures (Asian Higher Education Outlook),Hamish Coates,Kindle,|,
1,https://www.amazon.com/dp/1032135387,1032135387,Revolutionizing Sustainability Education (The Principles for Responsible Management Education Series),Ekaterina Ivanova,Kindle,|,
0,https://www.amazon.com/dp/1032055502,1032055502,Strategic Decision Making for Successful Planning,CJ Rhoads,Kindle,by,
0,https://www.amazon.com/dp/1032011394,1032011394,The Strategic Communication Imperative: For Mid- and Long-Term Issues Management,James Mahoney,Kindle,by,
0,https://www.amazon.com/dp/1032009411,1032009411,Business on a Mission,Andy Last,Kindle,by,
0,https://www.amazon.com/dp/0578356139,0578356139,Media Objects A-Z (hi): 2020 to 2021,Mmrl Collective,Paperback,by,
0,https://www.amazon.com/dp/0367819821,0367819821,A Practical Guide to Managing Tourist Experiences,Isabelle Frochot,Kindle,by,
0,https://www.amazon.com/dp/036737059X,036737059X,Empowering Methodologies in Organisational and Social Research,Emma Bell,Kindle,by,
0,https://www.amazon.com/dp/0367539985,0367539985,Building for Well-Being,Traci Rose Rider,Kindle,by,
1,https://www.amazon.com/dp/0228861594,0228861594,The Investment Committee Guide to Prudence: Increasing the Odds of Success When Fulfilling Your Fiduciary Responsibilities in the Administration of Pension/Investment Assets.,Jonathan J. Woolverton  CFA,Kindle,by,
2,https://www.amazon.com/dp/103204201X,103204201X,Resilience in Healthcare Leadership,Alan T. Belasen  PhD,Kindle,by,
0,https://www.amazon.com/dp/0367464411,0367464411,Systems Thinking for Instructional Designers,M. Aaron Bond,Kindle,by,
0,https://www.amazon.com/dp/1509943803,1509943803,Beneficial Ownership in Tax Law and Tax Treaties,Pablo A Hernández González-Barreda,Kindle,by,
0,https://www.amazon.com/dp/6204734059,6204734059,"Strategy, Human resources and Marketing in the third sector: Literature review",Filipe Duarte,Paperback,by,
0,https://www.amazon.com/dp/6204733664,6204733664,Influence of Upper Extremity Motor Task and Cognitive Task on Gait,Raina Agrawal,Paperback,by,
0,https://www.amazon.com/dp/6204733656,6204733656,Static & dynamic loading of backpack on cervical and shoulder posture,Tanvi Pande,Paperback,by,
0,https://www.amazon.com/dp/620473363X,620473363X,Muscle Energy Technique and Passive Sleeper Stretch on Glenohumeral,Soniya Keswani,Paperback,by,
0,https://www.amazon.com/dp/6204733036,6204733036,Improvement of economic mechanisms of food industry: Improvement of economic mechanisms of entrepreneurship development in the food industry of the Republic of Uzbekistan,Ilkhomzhon Umarov,Paperback,by,
0,https://www.amazon.com/dp/6204381792,6204381792,DESIGN OF PIPES FOR OIL AND GAS TRANSPORTATION,Bachir KERBOUA,Paperback,by,
0,https://www.amazon.com/dp/6204378546,6204378546,"Determinants of the career path: What the field teaches us,in two life stories",Yoan Vuille,Paperback,by,
0,https://www.amazon.com/dp/6200572763,6200572763,"Electric Service Quality and Customer Satisfaction in Dire Dawa: Effect of Service Quality Dimensions on Customer Satisfaction: the Case of Electric Service Utility Dire Dawa,Ethiopian",Ephrem Lakew Gebremariam,Paperback,by,
1,https://www.amazon.com/dp/3030637085,3030637085,The Regulation of Hedge Funds: A Global Perspective,Ana Maria Fagetan,Hardcover,by,
0,https://www.amazon.com/dp/1786612941,1786612941,Before China's Belt and Road: Central Asian Connectivity through Time,Rachel Kay,Kindle,by,
0,https://www.amazon.com/dp/1737329239,1737329239,Living Water Books Magazine: Building Relationships with God,Brieon Goldsmith,Paperback,by,
0,https://www.amazon.com/dp/1032005718,1032005718,Supporting the Family Business (The Professional Coaching Series),Manfusa Shams,Kindle,by,
3,https://www.amazon.com/dp/9811253757,9811253757,"Global Health In Practice: Investing Amidst Pandemics, Denial Of Evidence, And Neo-dependency (World Scientific Series In Health Investment And Financing)",Olusoji Adeyi,Kindle,by,
0,https://www.amazon.com/dp/177485340X,177485340X,Real Estate: Your Blueprint to Move From Struggle to Success (Real Estate Investing in Foreclosed Homes With No Money Down),Laurel Hazlett,Kindle,by,
0,https://www.amazon.com/dp/1664250050,1664250050,Righteous Business: 30 Days To Better Business Practice,Adam Mallett Jr.,Kindle,by,
0,https://www.amazon.com/dp/1032106727,1032106727,"Corporate Social Responsibility and SMEs (Routledge Studies in Management, Organizations and Society)",Johan J. Graafland,Kindle,by,
0,https://www.amazon.com/dp/935575440X,935575440X,Commercialism and Journalism,Hamilton Holt,Paperback,by,
0,https://www.amazon.com/dp/6204733982,6204733982,QUANTITATIVE METHODS IN THE FUTURES PRICING: FUTURES PRICING,Alexander Kushpel,Paperback,by,
0,https://www.amazon.com/dp/6204731580,6204731580,Influence of Cooperative on Social Development,Isaac MANIRAKIZA,Paperback,by,
0,https://www.amazon.com/dp/6204377124,6204377124,The Chinese Communist Party faces the test of the market economy and the illegal exploitation of minerals in the DRCongo,Jean-Marie Eley Lofele,Paperback,by,
0,https://www.amazon.com/dp/6204375687,6204375687,Migration: Migration: its study,Félix Mauro Higuera Sánchez,Paperback,by,
0,https://www.amazon.com/dp/6204375520,6204375520,International transport of goods across borders: Transport logistics agreements and conventions.Training manual.,Alexei Voronov,Paperback,by,
0,https://www.amazon.com/dp/6200485607,6200485607,"CONTEXT AND SUCCESS OF EDUCATIONAL DECENTRALIZATION AND ITS NATURE: Analysis of the Context and Success of Educational Decentralization and Its Nature in Dire Daw, Ethiopia",Ephrem Lakew Gebremariam,Paperback,by,
0,https://www.amazon.com/dp/3755752573,3755752573,"Methods, pilot platforms and recommendations for active mobility and sustainable lifestyle: SimpliCITY - Marketplace for user-centered sustainability services",Veronika Hornung-Prähauser,Kindle,by,
0,https://www.amazon.com/dp/1792383886,1792383886,2022 My Beautifully Balanced Year (The Boss Babe Association),Alaina Rupe,Paperback,by,
1,https://www.amazon.com/dp/1716055008,1716055008,The 7 Rules of Trading,D'Markus Thomas,Paperback,by,
3,https://www.amazon.com/dp/1032048190,1032048190,The Four Philosophies of Lean: Maintaining a Customer-Focused Culture Every Day at Work,Robert Corbitt,Kindle,by,
1,https://www.amazon.com/dp/1032029374,1032029374,The Dynamics of Managing Diversity and Inclusion,Anne-Marie Greene,Kindle,by,
0,https://www.amazon.com/dp/0367615355,0367615355,Managing Negotiations: A Casebook,Thorsten Reiter,Kindle,by,
2,https://www.amazon.com/dp/0520383524,0520383524,"Japan, The Sustainable Society: The Artisanal Ethos, Ordinary Virtues, and Everyday Life in the Age of Limits",John Lie,Kindle,by,
2,https://www.amazon.com/dp/395679544X,395679544X,Economic Ekphrasis: Goldin+Senneby and Art for Business Education (Sternberg Press / Experiments in Art and Capitalism),Pierre Guillet De Monthoux,Paperback,by,
2,https://www.amazon.com/dp/1663921385,1663921385,Marika Marches for Equality (Smithsonian Historical Fiction),Salima Alikhan,Kindle,|,
3,https://www.amazon.com/dp/1441338020,1441338020,Mermaids Coloring Book,Peter Pauper Press,Paperback,by,
0,https://www.amazon.com/dp/1666323853,1666323853,Can You Become a Pro Athlete? (You Choose: Chasing Fame and Fortune),Matt Doeden,Kindle,|,
1,https://www.amazon.com/dp/0367621576,0367621576,"Building Meaning: An Architecture Studio Primer on Design, Theory, and History",Tamara Metz,Kindle,by,
2,https://www.amazon.com/dp/3035624356,3035624356,Conceptual Joining: Wood Structures from Detail to Utopia / Holzstrukturen im Experiment (Edition Angewandte),Lukas Allner,Paperback,by,
2,https://www.amazon.com/dp/1786793067,1786793067,Inland Waterways of France Volume 2 Northeast and Southeast: Northeast and Southeast,David Edwards-May,Paperback,by,
0,https://www.amazon.com/dp/0367711958,0367711958,Outdoor Lighting for Pedestrians: A Guide for Safe and Walkable Places,Frank Markowitz,Kindle,by,
0,https://www.amazon.com/dp/1487808488,1487808488,Great National Craftsmen,Production Team of Great National Craftsmen,Paperback,by,
0,https://www.amazon.com/dp/1468603582,1468603582,Manufacturing versus Corruption: Who Wins?,Ramy Harik,Paperback,by,
0,https://www.amazon.com/dp/1774590530,1774590530,SolidWorks CAM 2022 Black Book,Gaurav Verma,Paperback,by,
0,https://www.amazon.com/dp/6204733737,6204733737,Solar Operated Vapour Absorption Refrigeration System,Sumit Taneja,Paperback,by,
0,https://www.amazon.com/dp/6204733893,6204733893,Gesture Based Recognition: Theory and Applications,Suresh Salankar,Paperback,by,
0,https://www.amazon.com/dp/6204733761,6204733761,A Proposed Enhancement System for Security in Cognitive Radio Networks,Doaa Kareem,Paperback,by,
0,https://www.amazon.com/dp/6200548358,6200548358,Power Loss Minimization Using Network Reconfiguration: Loss Reduction,Samarendra Pratap Singh,Paperback,by,
0,https://www.amazon.com/dp/303093246X,303093246X,"Intelligent Computing & Optimization: Proceedings of the 4th International Conference on Intelligent Computing and Optimization 2021 (ICO2021) (Lecture Notes in Networks and Systems, 371)",Pandian Vasant,Kindle,|,
0,https://www.amazon.com/dp/3031037499,3031037499,Disability Interactions: Creating Inclusive Innovations (Synthesis Lectures on Human-Centered Informatics),Catherine Holloway,Hardcover,by,
0,https://www.amazon.com/dp/9811663688,9811663688,"Intelligent Sustainable Systems: Selected Papers of WorldS4 2021, Volume 2 (Lecture Notes in Networks and Systems, 334)",Atulya K. Nagar,Kindle,|,
5,https://www.amazon.com/dp/1617296880,1617296880,Apache Pulsar in Action,David Kjerrumgaard,Kindle,by,
4,https://www.amazon.com/dp/1913019454,1913019454,How to Get Ahead in HR,Kay Maddox-Daines,Kindle,by,
0,https://www.amazon.com/dp/1471776743,1471776743,Digital employee experience: Put Employees First Towards a More Human Digital Workplace,Tabhita Minten,Paperback,by,
0,https://www.amazon.com/dp/3030592286,3030592286,The Networked Health-Relevant Factors for Office Buildings: The Planned Health,Werner Seiferlein,Kindle,by,
0,https://www.amazon.com/dp/9811548617,9811548617,Indian Entrepreneurship: A Nation Evolving (Entrepreneurship and Development in South Asia: Longitudinal Narratives),Jay Mitra,Kindle,|,
1,https://www.amazon.com/dp/1032030291,1032030291,Responsible Management Education (The Principles for Responsible Management Education Series),Principles for Responsible Management Education,Kindle,by,
0,https://www.amazon.com/dp/9811519307,9811519307,"Ethics and Sustainability in Accounting and Finance, Volume II (Accounting, Finance, Sustainability, Governance & Fraud: Theory and Application)",Kıymet Tunca Çalıyurt,Kindle,|,
0,https://www.amazon.com/dp/036743458X,036743458X,The Adult Music Student: Making Music throughout the Lifespan,Pamela Pike,Kindle,by,
2,https://www.amazon.com/dp/1032011785,1032011785,"Women in Jazz: Musicality, Femininity, Marginalization (Transnational Studies in Jazz)",Marie Buscatto,Kindle,|,
0,https://www.amazon.com/dp/170518930X,170518930X,"7 Polyphonic Pieces for the Left Hand, Op. 87",Nikolai Kapustin,Paperback,by,
3,https://www.amazon.com/dp/1501370812,1501370812,"Beyond and Before, Updated and Expanded Edition: Progressive Rock Across Time and Genre",Paul Hegarty,Kindle,by,
1,https://www.amazon.com/dp/1501391747,1501391747,The Future of Live Music,Ewa Mazierska,Kindle,by,
0,https://www.amazon.com/dp/1501389920,1501389920,Dancefloor-Driven Literature: The Rave Scene in Fiction,Simon A. Morrison,Kindle,by,
1,https://www.amazon.com/dp/1501385992,1501385992,British Progressive Pop 1970-1980,Andy Bennett,Kindle,by,
0,https://www.amazon.com/dp/1501381466,1501381466,"Australian Music and Modernism, 1960-1975",Michael Hooper,Kindle,by,
5,https://www.amazon.com/dp/9355750021,9355750021,Geraldine Farrar: The Story of an American Singer,Geraldine Farrar,Kindle,by,
0,https://www.amazon.com/dp/9355752059,9355752059,George Frideric Handel,Herbert F Peyser,Kindle,by,
5,https://www.amazon.com/dp/0252086120,0252086120,"Dhol: Drummers, Identities, and Modern Punjab",Gibb Schreffler,Kindle,by,
0,https://www.amazon.com/dp/6204372955,6204372955,"The sacred, the theological and the religious in music: Reflections based on a postulate by García Bacca",Rafael Saavedra,Paperback,by,
0,https://www.amazon.com/dp/6204204076,6204204076,DRILLING HOLES IN POLYMER COMPOSITE MATERIALS: MONOGRAPH,Yunusali Khusanov,Paperback,by,
4,https://www.amazon.com/dp/1476681996,1476681996,Popular Dance and Music in Modern Egypt,Sherifa Zuhur,Kindle,by,
0,https://www.amazon.com/dp/0367515830,0367515830,"Disinformation in Mass Media: Gluck, Piccinni and the Journal de Paris (Royal Musical Association Monographs)",Beverly Jerold,Kindle,|,
1,https://www.amazon.com/dp/1793601836,1793601836,"""We Didn't Start the Fire"": Billy Joel and Popular Music Studies (For the Record: Studies in Rock and Popular Music)",Ryan Raul Bañagale,Kindle,|,
0,https://www.amazon.com/dp/620435731X,620435731X,EZOP WITH cerebral palsy. Book two: IN THE COUNTRY OF OLIGARCHS,Gennady Volnokhodets,Paperback,by,
0,https://www.amazon.com/dp/6204357174,6204357174,EZOP WITH cerebral palsy. Book one: I AM THE CONCEPT OF A MAN WITH DISABILITIES,Gennady Volnohodec,Paperback,by,
2,https://www.amazon.com/dp/1737818418,1737818418,The Turtle and The Lion: Lessons for Living while Learning to Play the Piano,Marsha Martin,Kindle,by,
0,https://www.amazon.com/dp/6204210637,6204210637,MUSIC LITERACY FOR PRIMARY SCHOOL PUPILS: A textbook for elementary music pupils,DILSHODA NUSRATOVNA RAKHMONOVA,Paperback,by,
1,https://www.amazon.com/dp/1800791275,1800791275,Challenging Voices,Mullen,Paperback,by,
1,https://www.amazon.com/dp/1716154669,1716154669,Jim Wilson Piano Songbook Two: Cape of Good Hope Collection,Jim Wilson,Paperback,by,
0,https://www.amazon.com/dp/1739716361,1739716361,Tango Unchained: Six Popular Recital Pieces for Flute,James Strange,Kindle,by,
0,https://www.amazon.com/dp/B09NRBVGTH,B09NRBVGTH,40 Old Time Lullabies - GDG CIGAR BOX GUITAR - Songbook for Beginners with Tabs and Chords,Peter Upclaire,Paperback,by,
2,https://www.amazon.com/dp/1009009095,1009009095,Film Music in concert (Elements in Music since 1945),Emilio Audissino,Kindle,|,
0,https://www.amazon.com/dp/6204348582,6204348582,Musical creativity in Quebec,Gérald Côté,Paperback,by,
1,https://www.amazon.com/dp/3030624315,3030624315,"Audio Technology, Music, and Media: From Sound Wave to Reproduction",Julian Ashbourn,Kindle,by,
4,https://www.amazon.com/dp/1919616543,1919616543,Dreamboats & Petticoats: Bringing On Back The Good Times,Brian Southall,Paperback,by,
0,https://www.amazon.com/dp/1793623023,1793623023,"iTake-Over: The Recording Industry in the Streaming Era, 2nd Edition (Critical Perspectives on Music and Society)",David Arditi,Hardcover,|,
0,https://www.amazon.com/dp/3755759918,3755759918,"Learn to improvise: For any busy person / Volume 3; Play solos!: for the saxophone, clarinet, flute and other melodic instruments. Tunes, solo templates, tips.",Marek Kopansky,Paperback,by,
0,https://www.amazon.com/dp/1793625271,1793625271,"Western Rock Artists, Madame Butterfly, and the Allure of Japan: Dancing in an Eastern Dream",Christopher Keaveney,Kindle,by,
0,https://www.amazon.com/dp/1498599818,1498599818,"Radio Art and Music: Culture, Aesthetics, Politics",Jarmila Mildorf,Kindle,by,
0,https://www.amazon.com/dp/1498567509,1498567509,Music and Peacebuilding: African and Latin American Experiences,Rafiki Ubaldo,Kindle,by,
1,https://www.amazon.com/dp/1907222804,1907222804,In a Sound World (Strange Attractor Press),Victor Segalen,Paperback,by,
2,https://www.amazon.com/dp/0197566286,0197566286,RETHINKING MUSIC EDUCATION AND SOCIAL CHANGE,WELZEL,Kindle,by,
0,https://www.amazon.com/dp/0578351447,0578351447,Small Steps to Bigger Love,Debby Gullery,Paperback,by,
0,https://www.amazon.com/dp/0578349078,0578349078,The Rendezvous Project Guide: Because Redemptive Marriage is Worth Fighting For,Thompson,Paperback,by,
1,https://www.amazon.com/dp/1662835108,1662835108,What Every Woman Needs To Know About A Man,Gerald Apostle Robinson,Kindle,by,
1,https://www.amazon.com/dp/9355751001,9355751001,The Gentle Art of Cooking Wives,Elizabeth Strong Worthington,Kindle,by,
0,https://www.amazon.com/dp/168486044X,168486044X,Muslim Perception of Marriage and Culture,Sheikh Muhammad Kamaludin,Kindle,by,
5,https://www.amazon.com/dp/1954437242,1954437242,The Judas Kiss: Growing Beyond Betrayal,John Brownlee,Kindle,by,
2,https://www.amazon.com/dp/1737798603,1737798603,"How to Plan a Wedding: A Roadmap to Guide You from Engagement to ""I Do""",Risa J. Weaver-Enion,Kindle,by,
1,https://www.amazon.com/dp/9386126168,9386126168,7 decisions 1 destination,Vaidehi Anil Deoskar,Paperback,by,
1,https://www.amazon.com/dp/1665716436,1665716436,Know Power,Pamela Anne Rothschild,Kindle,by,
4,https://www.amazon.com/dp/1032159766,1032159766,Treating Children with Dissociative Disorders,Valerie Sinason,Kindle,by,
1,https://www.amazon.com/dp/0367364468,0367364468,Same-Sex Couples and Other Identities (The Library of Couple and Family Psychoanalysis),Damian McCann,Kindle,|,
0,https://www.amazon.com/dp/0367370204,0367370204,The Mental Impact of Sports Injury,Carly McKay,Kindle,by,
0,https://www.amazon.com/dp/1911467158,1911467158,The Realisation of the Supreme Self,Trevor Leggett,Paperback,by,
4,https://www.amazon.com/dp/1138647012,1138647012,"Women, Gender, and Sexuality in China",Ping Yao,Kindle,by,
0,https://www.amazon.com/dp/1925644553,1925644553,The Health Professionals Guide to Delivering Psychological Care for Men With Prostate Cancer,Suzanne Chambers,Paperback,by,
2,https://www.amazon.com/dp/1032140844,1032140844,Paradoxes in Lacanian Psychoanalysis,Yehuda Israely,Kindle,by,
0,https://www.amazon.com/dp/0993510086,0993510086,Increate Light,Eric Rhode,Paperback,by,
0,https://www.amazon.com/dp/0367631814,0367631814,Lab Reports and Projects in Sport and Exercise Science: A Guide for Students,Mike Price,Kindle,by,
0,https://www.amazon.com/dp/0197557449,0197557449,Guilt: A Force of Cultural Transformation,Katharina von Kellenbach,Kindle,by,
1,https://www.amazon.com/dp/1501370723,1501370723,The Writing Cure (Psychoanalytic Horizons),Emma Lieber,Kindle,|,
1,https://www.amazon.com/dp/1032001682,1032001682,Building Bridges (Relational Perspectives Book Series),Stuart Pizer,Kindle,|,
0,https://www.amazon.com/dp/0367484692,0367484692,"A Glossary for Doing Postqualitative, New Materialist and Critical Posthumanist Research Across Disciplines",Karin Murris,Kindle,|,
0,https://www.amazon.com/dp/1604151722,1604151722,Energy Psychology Journal 13(2),Dawson Church,Paperback,by,
0,https://www.amazon.com/dp/0367776316,0367776316,Food and Mental Health: A Guide for Health Professionals,Gerrie Hughes,Kindle,by,
1,https://www.amazon.com/dp/1647199700,1647199700,A Day Unlike Any Other Day,Marvin Dittfurth,Kindle,by,
1,https://www.amazon.com/dp/198229261X,198229261X,Reclaiming Life Journal,Alia Stevenson,Kindle,by,
0,https://www.amazon.com/dp/1685642543,1685642543,Milk and Margaritas,Naomi Seddon,Paperback,by,
5,https://www.amazon.com/dp/1794724184,1794724184,Anthony Flores: and the Evolution of Combatives in the U.S.A.,Robert H. Sabet,Paperback,by,
2,https://www.amazon.com/dp/1669804917,1669804917,Alzheimer's Is Inexorable: True Grit and Fortitude Needed,Brian Scott Edwards Fnla MD,Kindle,by,
0,https://www.amazon.com/dp/6204731254,6204731254,Absolute Happiness: Buddhism Practise,Neelu Goyal,Paperback,by,
0,https://www.amazon.com/dp/6204720309,6204720309,Generalities of Psychology and Clinical Psychiatry,Faraz Tayyar-Iravanlou,Paperback,by,
3,https://www.amazon.com/dp/1802859284,1802859284,"Are You Ready? You'll Be a Dad!: The New Dad's Guide to Pregnancy, Everything a New Dad Needs to Know about His Baby and Mom.",John Kulp,Paperback,by,
0,https://www.amazon.com/dp/1350302007,1350302007,"Corpus, Discourse and Mental Health",Daniel Hunt,Kindle,|,
1,https://www.amazon.com/dp/1032056916,1032056916,Psychoanalytic Diaries of the COVID-19 Pandemic,Pietro Roberto Goisis,Kindle,by,
1,https://www.amazon.com/dp/0367536889,0367536889,Arts Therapies in International Practice,Caroline Miller,Kindle,by,
4,https://www.amazon.com/dp/036775553X,036775553X,Digital Play Therapy,Jessica Stone,Kindle,by,
3,https://www.amazon.com/dp/1032006714,1032006714,Navigating Ethical Dilemmas in Creative Arts Therapies,Thomson J. Ling,Kindle,by,
2,https://www.amazon.com/dp/103204649X,103204649X,"A Breast Cancer Guide For Spouses, Partners, Friends, and Family: Using Psychology to Support Those We Care About",Stephen Haynes,Kindle,by,
2,https://www.amazon.com/dp/0367461021,0367461021,Principles and Practices of Relational Psychotherapy,Rolf Holmqvist,Kindle,by,
0,https://www.amazon.com/dp/1774853361,1774853361,Accelerated Learning: Proven Scientific Techniques to Learn Absolutely Anything (A Comprehensive Guide for Beginners to Improve Your Skills),Margaret Collins,Kindle,by,
0,https://www.amazon.com/dp/B09PGWXP2P,B09PGWXP2P,ULTIMATE MARTIAL ARTS TRAINING TRACKER BEAUTIFUL COVER WITH A VERY DETAILED INTERIOR TO TRACK ALL ASPECTS OF YOUR MARTIAL ARTS TRAINING INCLUDING ... SPARRING SESSION TRACKING: REACH YOUR GOALS,Seeing Yourself Clearly Totally,Paperback,by,
0,https://www.amazon.com/dp/9042947926,9042947926,The Psalter. PS 73-89: Book Three - PS 73-89 (3) (Rhetorica Biblica Et Semitica),R. Meynet,Paperback,by,
0,https://www.amazon.com/dp/1839732261,1839732261,How Am I Going to Grow Up?: Congregational Transition among Second-Generation Chinese Canadian Evangelicals and Servant-Leadership,Enoch Wong,Kindle,by,
1,https://www.amazon.com/dp/0888153090,0888153090,"The Collected Works of H. Evan Runner, Vol. 2: Walking in the Way of the Word",H Evan Runner,Hardcover,by,
1,https://www.amazon.com/dp/0888153082,0888153082,"The Collected Works of H. Evan Runner, Vol. 1: The Christian and the World",H Evan Runner,Hardcover,by,
2,https://www.amazon.com/dp/0888153112,0888153112,"The Collected Works of H. Evan Runner, Vol. 4: The Urgent Need for Christian Renewal",H Evan Runner,Hardcover,by,
0,https://www.amazon.com/dp/1800793855,1800793855,"Mary, Daughter Zion",Onuoha,Kindle,by,
0,https://www.amazon.com/dp/2825417521,2825417521,"Coexistence: Peace, Nature, Poverty, Terrorism, Values (Religious Perspectives)",John Chryssavgis,Paperback,by,
2,https://www.amazon.com/dp/197725022X,197725022X,Loving the Me He Sees: Seeing Me Like God Sees Me,Dr Latonya E Gaines-Montgomery,Kindle,by,
0,https://www.amazon.com/dp/3700190069,3700190069,Iranianate and Syriac Christianity in Late Antiquity and the Early Islamic Period (Sitzungsberichte Der Philosophisch-Historischen Klasse),Chiara Barbati,Paperback,by,
4,https://www.amazon.com/dp/1637908687,1637908687,The Lord Has Kept Me In Spite Of My Sins,Judy Gumbs,Paperback,by,
0,https://www.amazon.com/dp/9996060969,9996060969,Umunthu Theology: An Introduction,Augustine Chingwala Musopole,Kindle,by,
0,https://www.amazon.com/dp/1800793979,1800793979,Actio Divina,Onuoha,Kindle,by,
0,https://www.amazon.com/dp/9042947055,9042947055,Power in the New Testament (Contributions to Biblical Exegesis & Theology),Pieter G. R. De Villiers,Paperback,by,
0,https://www.amazon.com/dp/9042946482,9042946482,"Handbook of Disaster Ritual: Multidisciplinary Perspectives, Cases and Themes (Liturgia Condenda, 32)",M. Barnard,Paperback,by,
0,https://www.amazon.com/dp/9042945923,9042945923,"Psalm 29: A Canaanite Hymn to Yhwh in the Psalter (Etudes Bibliques, 89)",Nissim Amzallag,Paperback,by,
0,https://www.amazon.com/dp/9042943475,9042943475,"Capita Ascetica Serdicensia an Early Byzantine Anthology of Christian Precepts: A Critical Edition of the Greek Text With an Introduction and English Translation (Spicilegium Sacrum Lovaniense, 59)",D. Getov,Paperback,by,
0,https://www.amazon.com/dp/8833137422,8833137422,"Images of Purgatory: Studies in Religious Imagination and Innovation; The Czech Lands, 1600-1800 (In Between. Images, Words and Objects)",Tomas Maly,Paperback,by,
0,https://www.amazon.com/dp/8323146411,8323146411,Jesuit Culture Between Texts and Arts,Archeobooks,Paperback,by,
0,https://www.amazon.com/dp/2825417513,2825417513,Churches Respond to the Church: Towards a Common Vision (II) (Faith and Order Paper),Stephanie Dietrich,Paperback,by,
0,https://www.amazon.com/dp/2825417505,2825417505,Churches Respond to the Church: Towards a Common Vision (1) (Faith and Order Paper),Stephanie Dietrich,Paperback,by,
0,https://www.amazon.com/dp/1922737216,1922737216,"Go Think (Interface Theology, 7)",Antony Francis Campbell,Hardcover,by,
0,https://www.amazon.com/dp/1032000236,1032000236,Pope Francis: Journeys of a Peacemaker,Mario I. Aguilar,Kindle,|,
0,https://www.amazon.com/dp/0988807645,0988807645,Heaven And Earth As One (Heaven's Chambers),Jamie L Wilson,Paperback,by,
0,https://www.amazon.com/dp/0646853546,0646853546,Passing on the Faith: the Challenge for Parents and Schools,David Daintree,Paperback,by,
2,https://www.amazon.com/dp/0473612712,0473612712,Liturgical Lockdown: Covid and the Absence of the Laity A New Zealand Perspective,J.P. Grayland,Kindle,by,
0,https://www.amazon.com/dp/1925730433,1925730433,The Future of Gospels and Acts Research,James R Harrison,Paperback,by,
0,https://www.amazon.com/dp/0567704130,0567704130,Group Survival in the Ancient Mediterranean: Rethinking Material Conditions in the Landscape of Jews and Christians,Philip A. Harland,Kindle,by,
0,https://www.amazon.com/dp/0567704823,0567704823,Studies in Canonical Criticism: Reading the New Testament as Scripture (The Library of New Testament Studies),Robert W. Wall,Kindle,|,
0,https://www.amazon.com/dp/0567704831,0567704831,"Bertolt Brecht and the David Fragments (1919-1921): An Interdisciplinary Study (The Library of Hebrew Bible/Old Testament Studies,Scriptural Traces)",David J. Shepherd,Kindle,|,
0,https://www.amazon.com/dp/1685172326,1685172326,A Modern Woman's Guide to Maintaining a Relationship: Loving Yourself While Valuing Your Man!: Book 2,Dr Stacy L M McDonald,Kindle,by,
0,https://www.amazon.com/dp/1639613722,1639613722,Golden Pearls From Heaven,Paradise Gray,Kindle,by,
0,https://www.amazon.com/dp/1476682615,1476682615,Mormon Studies: A Critical History,Ronald Helfrich Jr.,Kindle,by,
0,https://www.amazon.com/dp/6204378481,6204378481,"The key that opens the door to the Kingdom of God: A Trumpet on the Second Coming of Christ, and the Last Sign before the Rapture of the Church",Alexandre Mbok,Paperback,by,
1,https://www.amazon.com/dp/1913699048,1913699048,Genesis (Food for Thought in the Old Testament),Rob de Jongh,Kindle,|,
0,https://www.amazon.com/dp/173799142X,173799142X,My Prayer Journal,Jenee Landrum,Paperback,by,
0,https://www.amazon.com/dp/1725266504,1725266504,"The Soul Online: Bereavement, Social Media, and Competent Care",Graham Joseph Hill,Kindle,by,
0,https://www.amazon.com/dp/1639617493,1639617493,Let God Be True and Every Man a Liar,Lonnell Stewart,Kindle,by,
0,https://www.amazon.com/dp/0980357969,0980357969,A Portrait in his Actions. Thomas Moore of Liverpool (1762-1840): Part 1: Lesbury to Liverpool (Studies in Australian Colonial History),Peter G Bolt,Kindle,by,
0,https://www.amazon.com/dp/0567705196,0567705196,Jesus as Teacher in the Gospel of Mark: The Function of a Motif (The Library of New Testament Studies),Evan Hershman,Kindle,|,
2,https://www.amazon.com/dp/056770503X,056770503X,"Storytelling the Bible at the Creation Museum, Ark Encounter, and Museum of the Bible (The Library of Hebrew Bible/Old Testament Studies,Scriptural Traces)",Paul Thomas,Kindle,|,
4,https://www.amazon.com/dp/0334060729,0334060729,A Redemption Song: Illuminations on Black British Pastoral Theology and Culture,Delroy Hall,Kindle,by,
4,https://www.amazon.com/dp/1601789009,1601789009,Wisdom for Life: 52 Old Testament Meditations,Michael P. V. Barrett,Kindle,by,
2,https://www.amazon.com/dp/1957114002,1957114002,Coffee Shop Ministries,Dennis McIntyre,Kindle,by,
2,https://www.amazon.com/dp/9355756224,9355756224,The Coming of the Friars,Augustus Jessopp,Kindle,by,
1,https://www.amazon.com/dp/1666734179,1666734179,Protestant Thought Before Kant,Arthur Cushman McGiffert,Kindle,by,
0,https://www.amazon.com/dp/1633574113,1633574113,If Olive Trees Could Talk,Dava Louise Colcord,Kindle,by,
0,https://www.amazon.com/dp/1532688636,1532688636,Freedom and Discipleship: Liberation Theology in an Anabaptist Perspective,Daniel S. Schipani,Hardcover,by,
0,https://www.amazon.com/dp/6204185713,6204185713,SYSTEMATIC EXPOSITION OF EPHESIANS,Rev. Silas Tom Silas,Paperback,by,
1,https://www.amazon.com/dp/1733193456,1733193456,Prima Ballerina (Dancing Through Life Series),Patricia M. Robertson,Kindle,|,
0,https://www.amazon.com/dp/1664253335,1664253335,The Consequence: Turning Your Life Around,Victor Akinyemi,Kindle,by,
0,https://www.amazon.com/dp/1664252444,1664252444,The Next Steps,John R. Shuman,Kindle,by,
1,https://www.amazon.com/dp/1664252290,1664252290,A Journey Through Torah: An Introduction to God's Life Instructions for His Children,Michael G Wodlinger,Kindle,by,
0,https://www.amazon.com/dp/1664252142,1664252142,Jesus Is the Bread of Life: All the Rest Are Man-made Recipes,Kathe S. Rumsey,Kindle,by,
0,https://www.amazon.com/dp/0912868449,0912868449,The Jewish Offerings and other ministry,Arthur J. Marks,Paperback,by,
0,https://www.amazon.com/dp/0578313545,0578313545,Understanding the Love of God in Church Hurt: It's Time to Heal!,Fern Yvette Harris,Paperback,by,
0,https://www.amazon.com/dp/B09NCMN121,B09NCMN121,The Tower,L D Hardin,Kindle,by,
3,https://www.amazon.com/dp/B09P5JCGPQ,B09P5JCGPQ,Dead and Sparkly,Ashley Davis,Kindle,|,
4,https://www.amazon.com/dp/3868597174,3868597174,Designing Spaces for Children: A Child’s Eye View,Nathalie Dziobek-Bepler,Paperback,by,
1,https://www.amazon.com/dp/1949555380,1949555380,Soap Making Explained: Soap Making for Beginners,Cynthia Cherry,Paperback,by,
1,https://www.amazon.com/dp/1803970707,1803970707,"Greek Mythology Coloring Book: Gods, Heroes and Legendary Creatures of Ancient Greece",Lauren Chloe,Paperback,by,
0,https://www.amazon.com/dp/1949555054,1949555054,Miniature Schnauzer: A Pet Care Guide for Miniature Schnauzer,Lolly Brown,Paperback,by,
0,https://www.amazon.com/dp/1949555011,1949555011,Norwegian Forest Cats as Pets: A Pet Guide for Norwegian Forest Cats,Lolly Brown,Paperback,by,
0,https://www.amazon.com/dp/1789698952,1789698952,"Koinon, 2021: The International Journal of Classical Numismatic Studies",Nicholas J. Molinari,Paperback,by,
3,https://www.amazon.com/dp/1032062126,1032062126,Cultivating the Renaissance: A Social History of the Medici Tuscan Villas,Katie Campbell,Kindle,by,
2,https://www.amazon.com/dp/0578350645,0578350645,The Wise Coloring Book: for children and adults,Jonathan Lim,Paperback,by,
0,https://www.amazon.com/dp/0367675196,0367675196,Appropriated Interiors,Deborah Schneiderman,Kindle,by,
0,https://www.amazon.com/dp/B09PHJYH66,B09PHJYH66,"Rosellas Birds Cover Design: College Ruled Composition Notebook 7 x 10 inch, Original Art Cover Design, Perfect Gift for Art Lovers.",readfactor heritage,Paperback,by,
2,https://www.amazon.com/dp/B09P47N53Q,B09P47N53Q,Tiny Homes: The Step-by-step Guide to Shipping Tiny House (The Ultimate Easy Guide to Discover How to Building Your Dream Home),Laura Pennell,Kindle,by,
0,https://www.amazon.com/dp/B09P472PVM,B09P472PVM,"Cat Is Sus, Just Want To Pet My Cat - Funny Cats Lover Simple Notebook Journal ( 6"" x 9"" )",Rody Leggy,Paperback,by,
1,https://www.amazon.com/dp/1804310239,1804310239,"FLY WITH NO FEAR - Stop with Flying Phobia!: Overcome Your Anticipatory Anxiety and Develop Skills to Have a Confidence and Relaxed Flying! End Panic, ... Claustrophobia and Fear of Flying Forever!",Ryan Trip,Hardcover,by,
1,https://www.amazon.com/dp/B0DF41W15Z,B0DF41W15Z,Hiding In Plain Sight (2nd Edition),Sue Nelson Buckley,Paperback,by,
0,https://www.amazon.com/dp/B09MR3DR6Y,B09MR3DR6Y,The Seventh Gate,Akshay Sharma,Paperback,by,
0,https://www.amazon.com/dp/0993749399,0993749399,An Elephant Never Forgets (JEACs),Amelia Lionheart,Paperback,|,
0,https://www.amazon.com/dp/0993749364,0993749364,Can Snow Leopard Roar? (JEACs),Amelia Lionheart,Paperback,|,
0,https://www.amazon.com/dp/099374933X,099374933X,The Dolphin Heptad (JEACs),Amelia Lionheart,Kindle,|,
1,https://www.amazon.com/dp/0993749305,0993749305,Peacock Feathers (JEACs),Amelia Lionheart,Kindle,|,
0,https://www.amazon.com/dp/0645180602,0645180602,I Can Surf the Waves of Strong Emotions: A Parent-Child Guide to Help Older Children Cope with Strong Emotions (I Can Surf My Emotions),Ann Claudius,Paperback,by,
0,https://www.amazon.com/dp/0578318857,0578318857,Jaydi's Story #1: In The Beginning,Alicia Dianne,Kindle,by,
3,https://www.amazon.com/dp/1949085465,1949085465,Heath Harkness and the Immortality Plot,W. D. Manko,Kindle,by,
0,https://www.amazon.com/dp/1665716193,1665716193,Human-Kind: The New Ark,Duane Stockwell,Kindle,|,
0,https://www.amazon.com/dp/0578338866,0578338866,Shelley Avenue,Robby Sheils,Paperback,by,
5,https://www.amazon.com/dp/B09PQL1JR3,B09PQL1JR3,Spell of Shadow & Light (Curse Breaker),Melinda Kucsera,Paperback,by,
2,https://www.amazon.com/dp/B09PDRB7Q9,B09PDRB7Q9,French for all,Bejan Irani,Paperback,by,
0,https://www.amazon.com/dp/1716055725,1716055725,Diva Notes,Nadean Barton,Paperback,by,
3,https://www.amazon.com/dp/0197533647,0197533647,50 Studies Every Doctor Should Know: The Key Studies that Form the Foundation of Evidence-Based Medicine,Michael E. Hochman,Kindle,|,
0,https://www.amazon.com/dp/1636404243,1636404243,Anatomical Dissection: The history and implications of human body butchering,Tabinda Hasan,Paperback,by,
0,https://www.amazon.com/dp/1667801724,1667801724,To Know and Honor:: Building a Culture of Person-Centered Decision-Making,Linda Briggs,Kindle,by,
0,https://www.amazon.com/dp/1032105305,1032105305,Outsmarting the Next Pandemic: What Covid-19 Can Teach Us,Elizabeth Anne Kirley,Kindle,by,
0,https://www.amazon.com/dp/B09PHLVYL1,B09PHLVYL1,Succeed At Customer Service: 7 tools to achieve your goal,Simon Foote,Kindle,by,
0,https://www.amazon.com/dp/B09LK3WC2T,B09LK3WC2T,Introduction to Corporate Communication: Case Studies from India,Charu Lata Singh,Kindle,by,
0,https://www.amazon.com/dp/B09P33BRXZ,B09P33BRXZ,SINCE CUSTOMERS ARE YOUR BREAD AND BUTTER...: Customer Service Book,Winford  Meadows,Kindle,by,
3,https://www.amazon.com/dp/B0FZD4VW5J,B0FZD4VW5J,Succeed Through Customer Knowledge,Kazuki Nishiguchi,Kindle,by,
0,https://www.amazon.com/dp/B09NQM22Q9,B09NQM22Q9,Harnessing The Customer Data Revolution,Jennifer Luckwaldt,Kindle,by,
0,https://www.amazon.com/dp/B09NMQX8H7,B09NMQX8H7,Senior Granfluencer TikTokers &Business,Sasha Brown,Kindle,by,
0,https://www.amazon.com/dp/B09NDTP3SC,B09NDTP3SC,"What Customers SHOULD Know!: What Your Cashier, Chat Agents, & Other Customer Service Employees WISH You Knew!",Daisy Diamante,Kindle,by,
0,https://www.amazon.com/dp/B09NCPQWJ8,B09NCPQWJ8,Inner Vitality: The Connection Of Mind And Body,Janae Dainack,Kindle,by,
2,https://www.amazon.com/dp/B09N9XK98Q,B09N9XK98Q,Your Channel Marketing Event Sucks,Carl Bjerke,Kindle,by,
0,https://www.amazon.com/dp/B09N8LH682,B09N8LH682,Creating a Culture of Diversity and Inclusiveness in India Inc.: Practitioners Speak (Responsible Leadership and Sustainable Management),Kakoli Sen,Kindle,|,
0,https://www.amazon.com/dp/B09N7Q6GT3,B09N7Q6GT3,The Conversational Connections: A definitive series of conversational strategies and stories for digitally transforming retailers & brands,Terrence Fox,Kindle,by,
5,https://www.amazon.com/dp/B09MTWGWHL,B09MTWGWHL,Punk XL,Adrian  Swinscoe,Kindle,by,
0,https://www.amazon.com/dp/B09MVYYW5D,B09MVYYW5D,How to Earn by Social Networking,MD  Shohidul,Kindle,by,
1,https://www.amazon.com/dp/B09PJSHV91,B09PJSHV91,Conversations From Covid: What has Covid 19 taught you?,Greta Rodney-Thompson,Kindle,by,
0,https://www.amazon.com/dp/B09PJSM2GQ,B09PJSM2GQ,Activating Creativity: Unleashing potentials,Richard Omolade,Kindle,by,
1,https://www.amazon.com/dp/B09PMNQS95,B09PMNQS95,"Surviving to Thriving: Using hypnotherapy to develop positive thinking and overcome anxiety, addictions, trauma and more",Anne Goodall,Kindle,by,
1,https://www.amazon.com/dp/B09PJTJN5J,B09PJTJN5J,Lie To Me: A Search for Truth,Mr. McCord,Kindle,by,
0,https://www.amazon.com/dp/B09PJS616G,B09PJS616G,The Family Remembers,William Ellis,Kindle,by,
1,https://www.amazon.com/dp/B09PJQ9L2Q,B09PJQ9L2Q,Why Not Squash: Summer Squash Cook Book,Keith  Johnson,Kindle,by,
1,https://www.amazon.com/dp/B09PJP3C5J,B09PJP3C5J,CulturALL Cooking,Hiba Samdani,Kindle,by,
0,https://www.amazon.com/dp/B09PJBB5QY,B09PJBB5QY,"Creative Cooking & Eating In A Garlic Free Zone: Delicious food for we who can’t eat garlic, and you who choose not to.",Christine Sutton,Kindle,by,
0,https://www.amazon.com/dp/B09PJTDYNS,B09PJTDYNS,cake recipes,Andr33a I.,Kindle,by,
0,https://www.amazon.com/dp/B09PJQQTLP,B09PJQQTLP,How To Make Homemade Bread: Grandma's Recipes Practice Guide,Sandra Forest,Kindle,by,
0,https://www.amazon.com/dp/B09PJQ483X,B09PJQ483X,The Special 5 Star Recipies,Muhammad Abdullah,Kindle,by,
0,https://www.amazon.com/dp/B09PJL9PQN,B09PJL9PQN,Drinks in the restaurant menu: restaurant menu,passant hesham,Kindle,by,
1,https://www.amazon.com/dp/B09PJDZNW6,B09PJDZNW6,Cake Parlor eBook: Cakes And Frosting,Gabriella Sholl,Kindle,by,
0,https://www.amazon.com/dp/B09PJBMZ8T,B09PJBMZ8T,Recipes from Peterson's Magazine - 1863 (Writers' Resources),Kathleen M. O'Brien,Kindle,|,
0,https://www.amazon.com/dp/B09PJ9XG8X,B09PJ9XG8X,Recipes from Peterson's Magazine - 1862 (Writers' Resources),Kathleen M. O'Brien,Kindle,|,
0,https://www.amazon.com/dp/B09PJ95693,B09PJ95693,Recipes from Peterson's Magazine - 1861 (Writers' Resources),Kathleen M. O'Brien,Kindle,|,
0,https://www.amazon.com/dp/B09PJ7TVWP,B09PJ7TVWP,Recipes from Peterson's Magazine - 1860 (Writers' Resources),Kathleen M. O'Brien,Kindle,|,
0,https://www.amazon.com/dp/B09MNWLRW7,B09MNWLRW7,Dragonshed Recipe Collection: Volume 12 - Preserves,Victoria Jay,Kindle,by,
1,https://www.amazon.com/dp/B09PJ4LB2Z,B09PJ4LB2Z,Fruits and Roots: Plant Based Cook Book,Jane Moore,Kindle,by,
0,https://www.amazon.com/dp/B09PJ2X43G,B09PJ2X43G,Instant Pot Cookbook 2022: Flavorful Recipe Full Of Fat Burning Foods - Plans For Beginners: Solid Snacks For Weight Loss That Are Delicious And Nutritious,SARA JACKLINE,Kindle,by,
0,https://www.amazon.com/dp/B09PJ2FQC2,B09PJ2FQC2,Salad and Dressing Recipes,Jill Beans,Kindle,by,
1,https://www.amazon.com/dp/B09PJ1MSTP,B09PJ1MSTP,Made with Love,Jenna  Fikias,Kindle,by,
1,https://www.amazon.com/dp/B09PHZFG97,B09PHZFG97,A Rudimentary Guide To Eat Right As A Vegan Using The New Vegan 101: A Handy Guide With Worthy Recipes For Vegetarians,ANDRE WOOD,Kindle,by,
0,https://www.amazon.com/dp/B09PHW3VDN,B09PHW3VDN,Four Famous Prosecco Cocktail Recipes: Independent Author,Swan Aung,Kindle,by,
0,https://www.amazon.com/dp/B09PHVYNHD,B09PHVYNHD,Taste Of Persia Fusion Cookbook: Easy Delicious Persian Fusion Recipes and Photos from a Persian Home Cook (Taste Of Persia Cookbooks),Lili Olivero,Kindle,|,
0,https://www.amazon.com/dp/B09PHTB683,B09PHTB683,"Burn fat: If you want a perfect body, you should read this book now",Amr A.M.R,Kindle,by,
0,https://www.amazon.com/dp/B09PHRB2TV,B09PHRB2TV,Taste Of Persia Vegan Cookbook: Easy Delicious Vegan Persian Recipes with photos! From a Persian Home Cook. (Taste Of Persia Cookbooks),Lili Olivero,Kindle,|,
0,https://www.amazon.com/dp/B09PHFX2PM,B09PHFX2PM,"Table For One: Quickies: Quick, Low-Cost Meals For A Table Of One",NaKeta Jackson,Kindle,by,
1,https://www.amazon.com/dp/B09PHFKTTM,B09PHFKTTM,Mary B. Gennusa Patterson's Inspirations Magazine,Mary B. Gennusa Patterson,Kindle,by,
0,https://www.amazon.com/dp/B09PHC31MY,B09PHC31MY,How to Make Egg in a Hole: Nest Egg (Cooking Snacks Series Book 3),Billy  Louis,Kindle,|,
0,https://www.amazon.com/dp/B09PGZ7QNK,B09PGZ7QNK,From the Pantry to a Healthier Lifestyle,Anushka Rawat,Kindle,by,
0,https://www.amazon.com/dp/B09PGXWSMV,B09PGXWSMV,Hemp Milk Elixirs: Thirteen powerful hemp milk recipes combined with medicinal herbs that support the function of the human physical body,Donovan Goedhoop,Kindle,by,
2,https://www.amazon.com/dp/B09PG3VKL1,B09PG3VKL1,Caribbean Vegan: The Way Of The Islands,Javon S Wood,Kindle,by,
5,https://www.amazon.com/dp/B0B25L5VKQ,B0B25L5VKQ,That Rainbow Life,Britney Duran,Kindle,by,
0,https://www.amazon.com/dp/B09PGT2FVL,B09PGT2FVL,"Microwave, Microwave and How to Make Nachos (Cooking Snacks Series Book 1)",Billy  Louis,Kindle,|,
0,https://www.amazon.com/dp/B09PGR9GFW,B09PGR9GFW,Taste Of Persia Cookbook: Easy Delicious Recipes from a Persian Home Cook (Taste Of Persia Cookbooks),Lili Olivero,Kindle,|,
0,https://www.amazon.com/dp/B09PGQTG75,B09PGQTG75,Roasting Corn With Ezrahel Mmm: Mmmm good corn (Whistle blowers and hand washers),Rammzuss  Solares,Kindle,|,
1,https://www.amazon.com/dp/B09PGHYQ4L,B09PGHYQ4L,Cookie Mania eBook,Joan J. Halmon,Kindle,by,
2,https://www.amazon.com/dp/B09PGHJJ95,B09PGHJJ95,The Complete Mediterranean Diet Cookbook For Beginners 2022: New Simple Mediterranean Recipes for a Healthy Lifestyle. 4-Week Meal Plan to Help You Living and Eating Well Every Day.,Fandy  Hoang,Kindle,by,
1,https://www.amazon.com/dp/B09PGG35X6,B09PGG35X6,Eat Healthy and Save Money: Discover The Hidden Power of Vegetables and Fruits For Optimal Health,Olusola Adegoke,Kindle,by,
0,https://www.amazon.com/dp/B09PGCDLYN,B09PGCDLYN,COOK IT ALL,Samuel Robert,Kindle,by,
1,https://www.amazon.com/dp/B0DZ2RS4S4,B0DZ2RS4S4,Political Islam in the Gulf Region,Khalid Al-Jaber,Kindle,by,
3,https://www.amazon.com/dp/B09PJF3JTW,B09PJF3JTW,Scriptural Rosary in the Holy Land: with Bible Passages and Color Photos of Pilgrimage Sites for the Rosary Mysteries,Kathryn Marcellino,Kindle,by,
0,https://www.amazon.com/dp/B09PJ5MFHK,B09PJ5MFHK,A Chronologically Guided 50 Week Bible Reading Plan: Includes free days…for those times when we fall behind and need to catch up,Dorothy Joseph,Kindle,by,
0,https://www.amazon.com/dp/B0FMKPYK44,B0FMKPYK44,Musopole: Umunthu Theology: An Introduction,Chingwala Musopole,Kindle,by,
0,https://www.amazon.com/dp/B09PJPWP9V,B09PJPWP9V,Heaven Come Down: Living as Citizens of Heaven Today,Matthew Webster,Kindle,by,
3,https://www.amazon.com/dp/B09PJ2ZKFB,B09PJ2ZKFB,Taoist Morning Rite Chant: 三羅早壇功課 (Taoist Scriptures),Jee Sifu,Kindle,|,
3,https://www.amazon.com/dp/B09PJQP8F1,B09PJQP8F1,The Practice of The Presence Of God: Study Journal with Spiritual Maxims,Brother  Lawrence,Kindle,by,
1,https://www.amazon.com/dp/B09PJT971P,B09PJT971P,The Shivapuri Baba and His Message,John Bennett,Kindle,by,
5,https://www.amazon.com/dp/B09PJS5Y2V,B09PJS5Y2V,"Dragonflies: Myths, Meanings & Channelings",Jared DuPree,Kindle,by,
2,https://www.amazon.com/dp/B09PJ9MY6G,B09PJ9MY6G,Declarations for My Daughters (Declarations Over My Life),Denise N. Fyffe,Kindle,|,
0,https://www.amazon.com/dp/B09PJPQZBZ,B09PJPQZBZ,How do I begin a relationship with God?,Fr. Mina Dimitri,Kindle,by,
5,https://www.amazon.com/dp/B09PY58VMW,B09PY58VMW,Before the Storms Come,Darrell Hardcastle,Kindle,by,
3,https://www.amazon.com/dp/B09PL9DLS1,B09PL9DLS1,"The Ecclesiastical Orders of Knighthood: History, Organization, Emblems & Membership Requirements",James Herman Van der Veldt,Kindle,by,
0,https://www.amazon.com/dp/B09PJTK19M,B09PJTK19M,Text Messages from Heaven: Be Still And Know,DesJean Peyton Jones,Kindle,by,
0,https://www.amazon.com/dp/B09PJSKFR1,B09PJSKFR1,ON JANUARY 4TH: The Day Of Good Mother Seton,Chinelo Doris Uyanwa,Kindle,by,
0,https://www.amazon.com/dp/B09PJR9KMW,B09PJR9KMW,"OWN IT: How to Break Through Barriers and Master Your Health, Wealth & Relationships (GRATITUDE JOURNAL)",Justin Roethlingshoefer,Kindle,by,
0,https://www.amazon.com/dp/B09PJQXK6P,B09PJQXK6P,Crystals: Crystal Healing for Beginners Discover the Healing Power of Crystals and Healing Stones to Heal the Human Energy (Unearthing the Power of Gemstones for Positive Life Change),Robert Jeffrey,Kindle,by,
1,https://www.amazon.com/dp/B09PJQNNSW,B09PJQNNSW,The Spiritual Gift of Tongues,Richard Walker,Kindle,by,
0,https://www.amazon.com/dp/B09PGR571V,B09PGR571V,Vietnam War: Serious Impacts On One's Life,Suanne Kaempfer,Kindle,by,
0,https://www.amazon.com/dp/B09PGPDYRP,B09PGPDYRP,Jack Krause: A Victim Of Vietnam War,Laraine Fleisher,Kindle,by,
5,https://www.amazon.com/dp/B09P8HZSG7,B09P8HZSG7,The Curtiss SB2C Helldiver in French service,Phil Listemann,Kindle,|,
5,https://www.amazon.com/dp/B09P49N33S,B09P49N33S,I'm Ready To Talk Two (I'm Ready To Talk Series Book 2),Robert O. Babcock,Kindle,|,
5,https://www.amazon.com/dp/B09P5F2WN3,B09P5F2WN3,A War Tour of Viet Nam: A Cultural History,Erin R. McCoy,Kindle,by,
4,https://www.amazon.com/dp/B09NRZBQX5,B09NRZBQX5,Once We Flew: Volume II: The Aftermath,JOSEPH SEPESY,Kindle,by,
0,https://www.amazon.com/dp/B09HN1L5B9,B09HN1L5B9,"The Defoliation of America: Agent Orange Chemicals, Citizens, and Protests",Amy Marie Hay,Kindle,by,
1,https://www.amazon.com/dp/B09NZG4K87,B09NZG4K87,Recollections: Memories From My Military Years,"T. BISHOP, STANLEY",Kindle,by,
0,https://www.amazon.com/dp/B09NM3WJT5,B09NM3WJT5,"Bizarre Stove: In Vietnam, a socialism republic nation",Pham Ngoc Tien,Kindle,by,
0,https://www.amazon.com/dp/B09N8Q2SHD,B09N8Q2SHD,An Overview Of Tea: Discover The Mysteries Surrounding Tea Through Historical Journey,Julietta Shelly,Kindle,by,
2,https://www.amazon.com/dp/B08ZH7S287,B08ZH7S287,Scars of War: The Politics of Paternity and Responsibility for the Amerasians of Vietnam (Borderlands and Transcultural Studies),Sabrina Thomas,Kindle,|,
4,https://www.amazon.com/dp/B09N1SRF4W,B09N1SRF4W,The U.S. Naval Advisory Effort in Vietnam: An Inside Perspective,"USN (Ret) Kirtley, CDR R.W.",Kindle,by,
1,https://www.amazon.com/dp/B0B65DBMRW,B0B65DBMRW,"Indians, Fire, and the Land in the Pacific Northwest",Robert Boyd,Kindle,by,
3,https://www.amazon.com/dp/B09PJVV4YN,B09PJVV4YN,Principles of Inorganic Chemistry,Brian W. Pfennig,Kindle,by,
1,https://www.amazon.com/dp/B09M9W6NS9,B09M9W6NS9,Cell Boundaries: How Membranes and Their Proteins Work,Stephen White,Kindle,by,
5,https://www.amazon.com/dp/B09LSKJXJ1,B09LSKJXJ1,The Perfect Science Career: A practical guide to getting a job you will love.,Amy Chung,Kindle,by,
0,https://www.amazon.com/dp/B09VXLLW61,B09VXLLW61,Prehistoric Quarries and Terranes: The Modena and Tempiute Obsidian Sources,Michael J. Shott,Kindle,by,
0,https://www.amazon.com/dp/B09PJWL1CZ,B09PJWL1CZ,"Sterile Processing of Pharmaceutical Products: Engineering Practice, Validation, and Compliance in Regulated Environments",Sam A. Hout,Kindle,by,
0,https://www.amazon.com/dp/B09PJ55CQC,B09PJ55CQC,Choose Your Own Ending : The End of the World Handbook,Edwin Page,Kindle,by,
1,https://www.amazon.com/dp/B0B51N72S2,B0B51N72S2,Breaking the Frame: New School of Polish-Jewish Studies. Introduced by Jan T. Gross,Irena Grudzińska-Gross,Kindle,by,
1,https://www.amazon.com/dp/B09QB23BXT,B09QB23BXT,A Journal of the American Civil War: V4-2: Red River Campaign (Civil War Regiments),Theodore P. Savas,Kindle,|,
0,https://www.amazon.com/dp/B09Q6FFCYN,B09Q6FFCYN,A Journal of the American Civil War: V6-1: North Carolina: The Final Battles (Civil War Regiments),Mark A. Snell,Kindle,|,
0,https://www.amazon.com/dp/B09Q3P74TS,B09Q3P74TS,A Journal of the American Civil War: V5-3: The Antietam Campaign (Civil War Regiments),Theodore P. Savas,Kindle,|,
0,https://www.amazon.com/dp/B0FMKKZ9GN,B0FMKKZ9GN,Nwankw: Yabbing and Wording: The artistry of Nigerian stand-up comedy (African Humanities Series),Izuu Nwankw?,Kindle,by,
5,https://www.amazon.com/dp/B09PJT2TRQ,B09PJT2TRQ,Homeboy Scholars: Breaking the Mold,Hilary Paul McGuire,Kindle,by,
0,https://www.amazon.com/dp/B09NQFDH5Q,B09NQFDH5Q,Cancer Navigation: Charting the Path Forward for Low Income Women of Color,Anjanette Wells,Kindle,by,
4,https://www.amazon.com/dp/B091FDFYJ2,B091FDFYJ2,"Rage and Ravage: Gods of Medieval Japan, Volume 3",Bernard Faure,Kindle,by,
0,https://www.amazon.com/dp/B0C4PRTX98,B0C4PRTX98,"Women, Poetry and the Voice of a Nation",Anne Varty,Kindle,by,
1,https://www.amazon.com/dp/B09VXL7CBC,B09VXL7CBC,Patagonian Prehistory: Human Ecology and Cultural Evolution in the Land of Giants,Raven Garvey,Kindle,by,
0,https://www.amazon.com/dp/B09VBZKRDJ,B09VBZKRDJ,Fwd Museums: In Transit,Therese Quinn,Kindle,by,
2,https://www.amazon.com/dp/B09PJQ2PWL,B09PJQ2PWL,NEW MOMS: Simple Guide to Managing Stress and Staying Organized During the First Pregnancy and Beyond,J.  Hall,Kindle,by,
0,https://www.amazon.com/dp/B09PJLJVY3,B09PJLJVY3,modify your life 21 methodologies to advance your person practicality,PROF  ROMAN,Kindle,by,
1,https://www.amazon.com/dp/B09PJ9VP3F,B09PJ9VP3F,One World or None: Project for National Healing,Bandy Lee,Kindle,by,
0,https://www.amazon.com/dp/B09PJ7Q557,B09PJ7Q557,Nanay Knows Best: Inspiring Stories of Empowered Filipina Mothers,Janice  Senorin- Delacruz,Kindle,by,
0,https://www.amazon.com/dp/B09P13N4W7,B09P13N4W7,"Unpolarised in 2021: Through the second wave, fads and narrative battles (Unpolarised with Ram Iyer)",Ram Iyer,Kindle,|,
0,https://www.amazon.com/dp/B09MV6PTV2,B09MV6PTV2,The Routledge International Handbook of Indigenous Resilience (Routledge International Handbooks),Hilary N. Weaver,Kindle,by,
3,https://www.amazon.com/dp/B09NMMKSVS,B09NMMKSVS,Routledge Handbook of Autocratization in South Asia,Sten Widmalm,Kindle,by,
1,https://www.amazon.com/dp/B09NL8RYNQ,B09NL8RYNQ,Routledge Handbook of Public Policy in Africa (Routledge International Handbooks),Gedion Onyango,Kindle,by,
1,https://www.amazon.com/dp/B09MV7HK3J,B09MV7HK3J,Management Planning for Cultural Heritage: Places and Their Significance,Ken Taylor,Kindle,by,
0,https://www.amazon.com/dp/B09MG8QVNW,B09MG8QVNW,Art Worlding: Planning Relations (Visual Modernities),Julie Crawshaw,Kindle,|,
1,https://www.amazon.com/dp/B09MV4XDSM,B09MV4XDSM,Reproductive Politics in the United States,Kimala Price,Kindle,by,
1,https://www.amazon.com/dp/B09NF3V762,B09NF3V762,Anthology of Arabic Discourse on Translation (Translation Studies in Translation),Tarek Shamma,Kindle,by,
0,https://www.amazon.com/dp/B09MR7GTGX,B09MR7GTGX,Sustainable Infrastructure for Cities and Societies,Michael Neuman,Kindle,by,
0,https://www.amazon.com/dp/B09P481CZJ,B09P481CZJ,The Study Of The Art Of War: The Definitive Work On The Philosophy Of Successful Leadership,Martha Gantner,Kindle,by,
0,https://www.amazon.com/dp/B09P44B1BT,B09P44B1BT,Insight Into The Art Of War: Definitive Master Key To Power And Victory,Delora Brownlie,Kindle,by,
0,https://www.amazon.com/dp/B09P3Z62QD,B09P3Z62QD,Delivery Log Book: A Concise Guide For Pizza Delivery Drivers,Marcelo Ricker,Kindle,by,
0,https://www.amazon.com/dp/B09P3YF1M3,B09P3YF1M3,Expert Tips For Pizza Delivery Drivers: How To Turn A Duck Job Into An Eagle Job,Linsey Cameli,Kindle,by,
0,https://www.amazon.com/dp/B09P3TC98Z,B09P3TC98Z,Living An Extraordinary Life Of Purpose: Summiting The Mountain Of Our Dreams,Cheri Worthan,Kindle,by,
0,https://www.amazon.com/dp/B09P3N4Q9R,B09P3N4Q9R,Reach The Peaks In Our Adventure Of Excellence: How To Live A Better Life,Marita Vincente,Kindle,by,
0,https://www.amazon.com/dp/B09P3KTBFR,B09P3KTBFR,Develop The Habits Of Successful Men: Improve Your Money Making Abilities,Boyce Danger,Kindle,by,
0,https://www.amazon.com/dp/B09P3KC7JK,B09P3KC7JK,Enjoy The Pursuit Of Achievements: Handle The Success And Fruit You Obtain,Jesus Villante,Kindle,by,
0,https://www.amazon.com/dp/B09P32NDF1,B09P32NDF1,Understanding Of The Self-Made Millionaires: Proven Habits Of Successful Entrepreneurs,Christeen Delaware,Kindle,by,
0,https://www.amazon.com/dp/B09P2NV22T,B09P2NV22T,"Change Your Habits, Change Your Life: Ultimately Double Or Triple Your Income",Mozell Nanton,Kindle,by,
0,https://www.amazon.com/dp/B09P2N1LTT,B09P2N1LTT,Break The Limit Of The Company’s Capacities: A Wake-Up Call For The New Digital Realities,Gerda Yerico,Kindle,by,
0,https://www.amazon.com/dp/B09P27QFQ8,B09P27QFQ8,21 Must-Do Tips For Job Hunters: How To Get Hired Faster For Your Dream Job,Emogene Elhadi,Kindle,by,
0,https://www.amazon.com/dp/B09P22PJ22,B09P22PJ22,Unlocking Our Boundless Learning Potential: Personal Growth And Professional Development,Hung Smtih,Kindle,by,
0,https://www.amazon.com/dp/B09P21V42H,B09P21V42H,Approach Learning Without Limitations: Confidence And Willingness To Try New Things,Milford Varney,Kindle,by,
0,https://www.amazon.com/dp/B09P21PQY5,B09P21PQY5,Lessons For Ultimate Business Success: Managing Organizations In The New Realities,Bruce Kangleon,Kindle,by,
0,https://www.amazon.com/dp/B09P21CHC9,B09P21CHC9,How To Achieve Our Limitless Potential: The Values Of Learning From Mistakes,Shonna Highberger,Kindle,by,
0,https://www.amazon.com/dp/B09P1Y8VKC,B09P1Y8VKC,Job Hunters Books: 21 Job Search Tips For The Coronavirus Era,Shaun Trantham,Kindle,by,
0,https://www.amazon.com/dp/B09P1XN3R2,B09P1XN3R2,New Approach To Managing Organizations: The Requirements Of Modern Leadership,Issac Cenci,Kindle,by,
0,https://www.amazon.com/dp/B09P1X52R4,B09P1X52R4,Become An Ingrained Part Of Modern Society: Accomplishing More Than You Could Possibly,Jessi Tucay,Kindle,by,
0,https://www.amazon.com/dp/B09P1X1MQ9,B09P1X1MQ9,Pivot Your Career Into A Remote One: How To Live Your Life On Your Terms,Johnny Mcfadyen,Kindle,by,
0,https://www.amazon.com/dp/B09P1WTWJR,B09P1WTWJR,Advice On How To Live A Better Life: Being A Better Version Of Yourself,Shameka Vea,Kindle,by,
0,https://www.amazon.com/dp/B09P1WR689,B09P1WR689,Breaking Into The Job Market: How To Speed Up Your Job Search And Get You Hired Fast,Tobias Mitchusson,Kindle,by,
0,https://www.amazon.com/dp/B09P1VX2DN,B09P1VX2DN,Navigating Your Remote Working Dream: Maintaining A Stable Career And Live Life To The Fullest,Stuart Owolabi,Kindle,by,
0,https://www.amazon.com/dp/B09P1VMWB4,B09P1VMWB4,Climb The Proverbial Ladder Of Success: Living An Extraordinary Life Of Purpose,Mohammad Savers,Kindle,by,
0,https://www.amazon.com/dp/B09P1TZLSR,B09P1TZLSR,Create Success And Significance Beyond The Office: How To Win At The Game Of Life,Vito Ashline,Kindle,by,
4,https://www.amazon.com/dp/B09NMLLQSM,B09NMLLQSM,Insurance vs. Insurtech - An Evolutionary Map: How the industry adapts to new challenges and how the market's top players seize the opportunity to innovate and generate value.,Florian Nagy,Kindle,by,
1,https://www.amazon.com/dp/B09NC6PR5P,B09NC6PR5P,International Property Insurance Programmes: From Theory to Experience-based Practice,Claudio Böttcher,Kindle,by,
0,https://www.amazon.com/dp/B09Z9G1HNH,B09Z9G1HNH,Understanding cryptocurrency fraud: The challenges and headwinds to regulate digital currencies (Batten-Corbet-Lucey Handbooks in Alternative Investments Book 2),Shaen Corbet,Kindle,|,
0,https://www.amazon.com/dp/B09N5V4DY3,B09N5V4DY3,Practical Insurance Guide: School Insurance,Eugene Podokshik,Kindle,by,
1,https://www.amazon.com/dp/B09MW9261C,B09MW9261C,Insurance Law and Practice (Third Revised and Enlarged Edition),C.L. Tyagi,Kindle,by,
1,https://www.amazon.com/dp/B0DYZ447V3,B0DYZ447V3,A Primer on Chiefs and Chiefdoms,Timothy Earle,Kindle,by,
0,https://www.amazon.com/dp/B09PJPYP2Z,B09PJPYP2Z,3 Steps to Live Entirely on Passive Income: …And Retire When You Want (Diverse Entrepreneurs Book 56),Joshua King,Kindle,|,
3,https://www.amazon.com/dp/B09PHX1482,B09PHX1482,Team Improv 123: How to Build Strong Teams with Improvisation Play,Heather Lutkin,Kindle,by,
1,https://www.amazon.com/dp/B09PMH2M7B,B09PMH2M7B,The Color of Homeownership: Increasing Wealth in Black and Brown Communities,Dr. Tori Brown,Kindle,by,
0,https://www.amazon.com/dp/B09NXG7RLM,B09NXG7RLM,"Master Trading: The Beginner's Guide to Futures, Leverage, Margin & Spot Trading with Cryptocurrencies; Learn how to manage your risk and make money! (Binance, ... & more) (Crypto Expert Academy Book 1)",Toshi Nakamura,Kindle,by,
2,https://www.amazon.com/dp/B09QMM8PH3,B09QMM8PH3,The Guide to the Ecosystem Economy: Sketchbook for Your Organization's Future,Rik Vera,Kindle,by,
4,https://www.amazon.com/dp/B09PJSRL1R,B09PJSRL1R,Let's Drop a Dime on the Government: How being a certified M/WBE gains access to opportunities,Cassandra Bradford,Kindle,by,
3,https://www.amazon.com/dp/B09PJPWS94,B09PJPWS94,"Start Your Own Pressure Washing Business With No Money, No Equipment, & No Experience: Start a new income stream part-time today",Michael  Moore,Kindle,by,
2,https://www.amazon.com/dp/B09PJL4BMD,B09PJL4BMD,Anna's New Friend,Alquin Gliane,Kindle,by,
3,https://www.amazon.com/dp/B09PJWD7P5,B09PJWD7P5,Bo & the Two-Toed Sloth: An Adventure,Caleb T. Albertson,Kindle,by,
0,https://www.amazon.com/dp/B09PJQLDW7,B09PJQLDW7,The Stormy Night,Lisa  Cochran,Kindle,by,
2,https://www.amazon.com/dp/B09PJPTFNG,B09PJPTFNG,"Reaching for the Stars While Staying Grounded: An Astronaut Trainer's Perspective from Mission Control, Deep Pool Dives, and Other NASA Jobs You've Never Heard Of",Karin Bergh Rice,Kindle,by,
0,https://www.amazon.com/dp/B09DJ2LV82,B09DJ2LV82,Ethics in Civil and Structural Engineering: Professional Responsibility and Standard of Care,Dave K. Adams,Kindle,by,
0,https://www.amazon.com/dp/B09PJKH85B,B09PJKH85B,PM Automatic,DH Thurston,Kindle,by,
1,https://www.amazon.com/dp/B09V9R9WZM,B09V9R9WZM,Introduction to Antennas and RF Propagation Analysis,Dean James Friesen,Kindle,by,
4,https://www.amazon.com/dp/B09V9DQZWV,B09V9DQZWV,Spectrum Wars: The Rise of 5G and Beyond,Jennifer A. Manner,Kindle,by,
2,https://www.amazon.com/dp/B098FDV9F7,B098FDV9F7,Residues: Thinking Through Chemical Environments,Soraya Boudia,Kindle,|,
0,https://www.amazon.com/dp/B09V9N38BV,B09V9N38BV,Antenna Design for CubeSats,Reyhan Baktur,Kindle,by,
0,https://www.amazon.com/dp/B09PJVLLMX,B09PJVLLMX,Supramolecular Catalysis: New Directions and Developments,Piet W. N. M. van Leeuwen,Kindle,by,
0,https://www.amazon.com/dp/B09PJM8LQ1,B09PJM8LQ1,2020 Edition US Army Operational Law Handbook,United States Government US Army,Kindle,by,
0,https://www.amazon.com/dp/B09PJKYHD7,B09PJKYHD7,"Economical, Environmental and Social Sustainability: Mix and Match Approach to Find Research Gaps and List of Methodologies gathered from 5883 journals published since year 2000",Ahmad Humaizi Hilmi,Kindle,by,
3,https://www.amazon.com/dp/B09PJF8CRP,B09PJF8CRP,That Is Why Planes Crash,Freddie Muwapa,Kindle,by,
0,https://www.amazon.com/dp/B09PJ9C6N3,B09PJ9C6N3,An Introduction to Systems and Components of Solar Heating Systems for Professional Engineers (Solar Energy Systems Engineering Book 24),J. Paul  Guyer,Kindle,|,
0,https://www.amazon.com/dp/B09PJ2JRX9,B09PJ2JRX9,Car ∆ ID: How to Avoid Being Stuffed With The Car You Don't Want! : (a car buyer's bible) - Step-by-step guidance to the Xpert Help Checklists (How To Avoid Being Stuffed With $#!¬€ You Don't Want!),Louis lesCrooge,Kindle,|,
2,https://www.amazon.com/dp/B09M8XNTMC,B09M8XNTMC,An Inspector's Guide to Ceramic Tile: A practical handbook for tile installation inspections.,James Neel,Kindle,by,
1,https://www.amazon.com/dp/B09PJ9PJRY,B09PJ9PJRY,Water-Resources Engineering,David Chin,Kindle,by,
2,https://www.amazon.com/dp/B09PHBY9KZ,B09PHBY9KZ,Beyond the Saga of Rocket Science: The Dawn of the Space Age,Walter Sierra,Kindle,|,
4,https://www.amazon.com/dp/B0D4FCTW1M,B0D4FCTW1M,Social Media Analytics and Practical Applications: The Change to the Competition Landscape (Emerging Operations Research Methodologies and Applications),Subodha Kumar,Kindle,by,
0,https://www.amazon.com/dp/B0GR6K56TK,B0GR6K56TK,Construction Procurement: Complex Property Development,Brian Greenhalgh,Kindle,by,
1,https://www.amazon.com/dp/B0D4FB33V1,B0D4FB33V1,Prosthetic Biomechanics in Engineering,N.A. Abu Osman,Kindle,by,
0,https://www.amazon.com/dp/B09PHM6KSW,B09PHM6KSW,Beyond the Saga of Rocket Science: The Never-Ending Frontier,Walter Sierra,Kindle,|,
0,https://www.amazon.com/dp/B09PGX1P3K,B09PGX1P3K,Beyond the Saga of Rocket Science: Avoiding Armageddon,Walter Sierra,Kindle,|,
0,https://www.amazon.com/dp/B09PJLRN2R,B09PJLRN2R,Google AdSense Guide: Your Complete Google Adsense guide step by step,Nid Academy,Kindle,by,
0,https://www.amazon.com/dp/B09PJGBJ52,B09PJGBJ52,Compass for Affiliates Getting Started on the Road to Online Success: affiliate marketing for beginners,WINDSOR  RUSSELL,Kindle,by,
0,https://www.amazon.com/dp/B09PHWWKZJ,B09PHWWKZJ,The Complete NFT (Non-Fungible Tokens) Guide for beginners: A Step-by-Step Guide on How to Create NFT Art Efficiently and sell them.,Nid Academy,Kindle,by,
0,https://www.amazon.com/dp/B09PHWHV7T,B09PHWHV7T,Lead Games: Game For Lead Generation! (The Secretts Unveiled Book 22),Krishna Mohan Avancha,Kindle,|,
0,https://www.amazon.com/dp/B09PHJ5JH6,B09PHJ5JH6,Facebook Advertising Domination Ultimate Guide,Don  Wellington,Kindle,by,
0,https://www.amazon.com/dp/B09PGR9ZC6,B09PGR9ZC6,"Have you ever asked yourself, ""What is HTML?""",Derek I.Castillo,Kindle,by,
1,https://www.amazon.com/dp/B09PFYYVKL,B09PFYYVKL,Medical Spa SEO Guide - How to Grow your Medical Spa organically (Spa Marketing - SEO - PPC Book 1),Hupport,Kindle,|,
0,https://www.amazon.com/dp/B09PFLNYDL,B09PFLNYDL,Traffic secrets unleashed: Get tons of traffic to boost sales,Ravinder pal Singh,Kindle,by,
0,https://www.amazon.com/dp/B09PFL375K,B09PFL375K,Deadly Affiliate Marketing Mistakes,karim dreyf,Kindle,by,
1,https://www.amazon.com/dp/B09PGSYMQK,B09PGSYMQK,Power You Ahead to Your New Job: 13 steps from resumé to your first 90 days,Joanne Savoie-Malone,Kindle,by,
2,https://www.amazon.com/dp/B09P9JMB64,B09P9JMB64,33 Tools To Remake Your Career,Paul Gabriel Dionne,Kindle,by,
0,https://www.amazon.com/dp/B09PBNVMFL,B09PBNVMFL,Create your Winning Resume: Tips and Tricks from a Recruiter,CK Duncan,Kindle,by,
0,https://www.amazon.com/dp/B09PGTQBK8,B09PGTQBK8,"Resume Hero: Only a super resume, can solve the worlds problems, for the top companies",Dr. Richard Encarnacion,Kindle,by,
0,https://www.amazon.com/dp/B09PFGSMJQ,B09PFGSMJQ,Resume Guide,Richard Encarnacion,Kindle,by,
5,https://www.amazon.com/dp/B09P8S9VDL,B09P8S9VDL,Above The Level: Job Readiness Handbook,Joyce Jackson,Kindle,by,
2,https://www.amazon.com/dp/B09NLRWCSR,B09NLRWCSR,Real Resume Advice: A Hiring Manager Teaches You What Really Works To Get You Interviews Fast,Paul Dakessian,Kindle,by,
0,https://www.amazon.com/dp/B09N9WQCHK,B09N9WQCHK,Secret to Landing a 6-Figure Salary,Reuben Bradley,Kindle,by,
0,https://www.amazon.com/dp/B09N1XJXNV,B09N1XJXNV,How to create an amazing CV,Cristina Gatu,Kindle,by,
3,https://www.amazon.com/dp/B09MR5L3VX,B09MR5L3VX,A Sense of Belonging at Work: A Guide to Improving Well-being and Performance,Lee Waller,Kindle,by,
2,https://www.amazon.com/dp/B09KT39CJQ,B09KT39CJQ,Responsible Leadership,Nicola Pless,Kindle,by,
0,https://www.amazon.com/dp/B09NF8KD1Q,B09NF8KD1Q,Social Value in Practice (Social Value in the Built Environment),Ani Raiden,Kindle,by,
0,https://www.amazon.com/dp/B09PHYRTLH,B09PHYRTLH,THE START OF SOMETHING SMART: A Framework for Building Your Enterprise,CAROL A PARKER,Kindle,by,
0,https://www.amazon.com/dp/B09PH21HYY,B09PH21HYY,"Habits Of A Productive Entrepreneur : Mastering the 4-Hour Work Day, One Step at a Time!",S.D. Penn,Kindle,by,
1,https://www.amazon.com/dp/B09MZP92BJ,B09MZP92BJ,Revolutionizing Sustainability Education: Stories and Tools of Mindset Transformation (The Principles for Responsible Management Education Series),Ekaterina Ivanova,Kindle,|,
0,https://www.amazon.com/dp/B09LX19Z9B,B09LX19Z9B,Business on a Mission: How to Build a Sustainable Brand,Andy Last,Kindle,by,
0,https://www.amazon.com/dp/B09PGSM1ZB,B09PGSM1ZB,"Customer First Strategy: The Handbook For Business Owner, Startups And Entrepreneurs",Padmaraj Nidagundi,Kindle,by,
0,https://www.amazon.com/dp/B09ML3MDCM,B09ML3MDCM,"Corporate Social Responsibility and SMEs: Impacts and Institutional Drivers (Routledge Studies in Management, Organizations and Society)",Johan J. Graafland,Kindle,by,
0,https://www.amazon.com/dp/B09MV6G5X5,B09MV6G5X5,Alternative Theories of the Firm (Humanistic Management),Michael Pirson,Kindle,by,
1,https://www.amazon.com/dp/B09MMLR58S,B09MMLR58S,The Dynamics of Managing Diversity and Inclusion: A Critical Approach,Anne-Marie Greene,Kindle,by,
3,https://www.amazon.com/dp/B09M4PB1YJ,B09M4PB1YJ,The Four Philosophies of Lean: Maintaining a Customer-Focused Culture Every Day at Work,Robert Corbitt,Kindle,by,
0,https://www.amazon.com/dp/B09PC7WMY3,B09PC7WMY3,Quitters Don’t Win: The Path To Achieving,Olufunmilayo Alli,Kindle,by,
0,https://www.amazon.com/dp/B09PC1TFHF,B09PC1TFHF,APPLY EXPERIMENTS ON YOURSELF: USING THINKING TO CHANGE THE WORLD,Dr. Jhon,Kindle,by,
0,https://www.amazon.com/dp/B09P8W5Z6K,B09P8W5Z6K,THE ELEVATION FREEDOM GUIDE™,Emily Morgan,Kindle,by,
0,https://www.amazon.com/dp/B09P8RXZFH,B09P8RXZFH,Transforming Values Into Finance,Dr. Onyeka Franklin  Ochonogor,Kindle,by,
1,https://www.amazon.com/dp/B09P8PMP1B,B09P8PMP1B,Job Interview: The Complete Guide to Dominate the Interview (How to Stands Out From the Crowd and Get a Job Quickly),Linda Gregory,Kindle,by,
1,https://www.amazon.com/dp/B09P8MG9XW,B09P8MG9XW,Smashing the Stress Management Code: Practical small steps everyday to successfully manage stress amidst a hectic lifestyle,Kirubakaran Sivakumar,Kindle,by,
0,https://www.amazon.com/dp/B09P7MXZKD,B09P7MXZKD,"THINK FAST & GET RICHER: When your next objective is to get rich, then you have to think and put assets into yourself to make it a reality",Elizabeth W. Huston,Kindle,by,
0,https://www.amazon.com/dp/B09P7J9814,B09P7J9814,"BRILLIANT INVESTOR: To be a Brilliant and successful investor you must be smart, full of insight, wise and be vigilant.",Mark J Donaldson,Kindle,by,
1,https://www.amazon.com/dp/B09NLC7HXT,B09NLC7HXT,Responsible Management Education: The PRME Global Movement (The Principles for Responsible Management Education Series),Principles for Responsible Management Education,Kindle,by,
0,https://www.amazon.com/dp/B09NF3KFSS,B09NF3KFSS,"Informal Leadership, Strategy and Organizational Change: The Power of Silent Authority (Routledge Focus on Business and Management)",Brenetia J. Adams-Robinson,Kindle,|,
0,https://www.amazon.com/dp/B09P526MDS,B09P526MDS,Leading with a Left Hand,Lisa Weah,Kindle,by,
0,https://www.amazon.com/dp/B09P5Q73RN,B09P5Q73RN,The new year resolution: 7 proven steps to achieving all your goals in the coming year,Andy Jones,Kindle,by,
0,https://www.amazon.com/dp/B09P5C6WN5,B09P5C6WN5,The wisdom of life: Motivation for every day,Lili Brush,Kindle,by,
0,https://www.amazon.com/dp/B09P43D2DG,B09P43D2DG,Happy Money Affirmations for Your Subconscious Mind,Danny Skyfeather,Kindle,by,
0,https://www.amazon.com/dp/B09P333J86,B09P333J86,CAREER RESILIENCE FOR YOUR WELL-BEING,MAVIS MAZHURA,Kindle,by,
0,https://www.amazon.com/dp/B09P18FPL6,B09P18FPL6,Creating a Brand with Positive Thinking (Business Blueprint Series Book 12),Jasmine Baker,Kindle,|,
2,https://www.amazon.com/dp/B094CBLW7K,B094CBLW7K,Business Success,Charles M. Schwab,Kindle,by,
5,https://www.amazon.com/dp/B09NZRKBMG,B09NZRKBMG,PRESTIGE: UNDERSTANDING THE FINE ART OF PROFESSIONALISM,JORELL GLASS,Kindle,by,
1,https://www.amazon.com/dp/B09NZLMR9P,B09NZLMR9P,How to Do an Effective Vision Board: Personal Development Collection #15,Sherry  Lee,Kindle,|,
0,https://www.amazon.com/dp/B09NYN5472,B09NYN5472,THE GOOD LEADER: Grow and Give Back - The 10 golden rules,Emiliano Rozzino,Kindle,by,
2,https://www.amazon.com/dp/B09NXJN5PX,B09NXJN5PX,APA Handbook of Consumer Psychology (APA Handbooks in Psychology®),Lynn R. Kahle PhD,Kindle,|,
0,https://www.amazon.com/dp/B09M1F7HXQ,B09M1F7HXQ,"Music, Business and Peacebuilding",Constance Cook Glen,Kindle,|,
4,https://www.amazon.com/dp/B08N6QZKLG,B08N6QZKLG,Lean Leadership BASICS: How to Develop and Empower Leaders to Sustain Continuous Improvement,Michael Meyers,Kindle,by,
2,https://www.amazon.com/dp/B09NYHHS1B,B09NYHHS1B,North Star Leadership: Engaging organizations and people for a just cause and making our planet a better place for our children and theirs,Phil Chapel,Kindle,by,
0,https://www.amazon.com/dp/B09NYHG5JL,B09NYHG5JL,Nay-Sayers: How to innovate and deal with resistance against new ideas,Carmen Hutting,Kindle,by,
2,https://www.amazon.com/dp/B09NXYYVF8,B09NXYYVF8,"52 weeks of motivational quotes and shit you only see on shirts: motivational and inspirational quotes, funny life sayings 8.5x10 book pocket sized",Brave Walker,Kindle,by,
0,https://www.amazon.com/dp/B09NVJTVL2,B09NVJTVL2,"Corporate Social Responsibility and Employer Attractiveness: An International Perspective (CSR, Sustainability, Ethics & Governance)",Silke Bustamante,Kindle,|,
0,https://www.amazon.com/dp/B09NT5YDNK,B09NT5YDNK,17 GOLDEN PRINCIPLES FOR SUCCESS,CHIDOZIE GABRIEL UZOIGWE,Kindle,by,
0,https://www.amazon.com/dp/B09NT2CHJP,B09NT2CHJP,"Before You Speak in A Meeting, Shhh. Read This: Between Fertile and Futile Meetings. A Note to Self.",Umar Zakir Abdul Hamid,Kindle,by,
0,https://www.amazon.com/dp/B09NR5K866,B09NR5K866,Classic + Volume Lash Ebook Course,TaNyla Cummings,Kindle,by,
0,https://www.amazon.com/dp/B09NR2B1R3,B09NR2B1R3,The Red Thread,Fred Hermes,Kindle,by,
0,https://www.amazon.com/dp/B0B752G163,B0B752G163,"World Scientific Encyclopedia of Business Sustainability, Ethics and Entrepreneurship (In 3 Volumes)",Gideon Markman,Kindle,by,
0,https://www.amazon.com/dp/B09P21VCYP,B09P21VCYP,Cultivate: How Neuroscience and Well-Being Support Rural Leaders to Thrive,Cynthia Mahoney,Kindle,by,
0,https://www.amazon.com/dp/B09NQMDQDK,B09NQMDQDK,Babe Brands™ - Business Manifestation Journal,Babe Brands,Kindle,by,
2,https://www.amazon.com/dp/B09NQJQHPV,B09NQJQHPV,The 9 Path Travel - Self Identification through Enneagram,Vinayan Suryanarayanan,Kindle,by,
0,https://www.amazon.com/dp/B09NP7DXPY,B09NP7DXPY,"WINNING MINDSET: How to stay positive even if everyone around you is thinking, talking, and acting negatively",DR. IYKE NWAMBIE,Kindle,by,
0,https://www.amazon.com/dp/B09H2764P6,B09H2764P6,Embracing Ambiguity: A Workforce Training Plan for the Postpandemic Economy,Michael Edmondson,Kindle,by,
2,https://www.amazon.com/dp/B09S6THX35,B09S6THX35,Adventures in Reinventing Work - Tales of Pioneers from Around the World,Teal Around the World GmbH,Kindle,by,
0,https://www.amazon.com/dp/B09PJDBDH8,B09PJDBDH8,Business Criminal Law: A Primer for Management and Economics,Lukas Staffler,Kindle,by,
0,https://www.amazon.com/dp/B09NP38SP7,B09NP38SP7,Things I Wish I Knew Before I Started my Business,Bernard Uzoibiam,Kindle,by,
0,https://www.amazon.com/dp/B09NNFN1K9,B09NNFN1K9,SMMSe in South - Africa,Thabisile  Mhlongo,Kindle,by,
2,https://www.amazon.com/dp/B09NM1V9QR,B09NM1V9QR,Daily Affirmations and Actions for Building your Side Hustle: Practice Positivity and Build an Entrepreneur’s Mindset with Daily Rituals and Manifesting (Guided Journaling),Kathy Shanks,Kindle,|,
2,https://www.amazon.com/dp/B09LBFS49D,B09LBFS49D,Human Rights: A Key Idea for Business and Society (Key Ideas in Business and Management),Karin Buhmann,Kindle,|,
0,https://www.amazon.com/dp/B09NMHX5YQ,B09NMHX5YQ,How to make money online: 8.5x11 inch 25 pages,mohamed walied,Kindle,by,
5,https://www.amazon.com/dp/B09MYF5RF6,B09MYF5RF6,The Shepherd and the Beast: The hero's journey for leaders. Unlock your potential by choosing to cross the threshold …,Tramayne Monaghan,Kindle,by,
1,https://www.amazon.com/dp/B09PDMK3C6,B09PDMK3C6,Handbook for the Modern Worker (365 Daily Tips),Scott Dawson,Kindle,by,
0,https://www.amazon.com/dp/B09NLCS3KF,B09NLCS3KF,Business Networking in a Social Environment,Larry Jennings,Kindle,by,
0,https://www.amazon.com/dp/B09NL51J5Y,B09NL51J5Y,WINNERS AND LOSERSGEOECONOMICS IN 2025,Kasim Asker  Hasan,Kindle,by,
2,https://www.amazon.com/dp/B09K4X2LC9,B09K4X2LC9,Designing Green Spaces for Health: Using Plants to Reduce the Spread of Airborne Viruses,Stevie Famulari,Kindle,by,
0,https://www.amazon.com/dp/B09NJSKQ8K,B09NJSKQ8K,Awaken the Leader From Within: 14 Keys to Access Your Power,Dr. Stacy Yeager,Kindle,by,
0,https://www.amazon.com/dp/B0BM6QJ48G,B0BM6QJ48G,How To Do The Work: Discover The Trick To Being Incredibly Productive Yet Have Plenty of Time For Fun,Robin Lewis,Kindle,by,
0,https://www.amazon.com/dp/B09NMSXXFN,B09NMSXXFN,The Biblical Entrepreneur's Experience,S. Leigh Davis,Kindle,by,
0,https://www.amazon.com/dp/B09NH335B7,B09NH335B7,Trailer Trash Economics: Consider where you are at in your life,david zimmerman,Kindle,by,
2,https://www.amazon.com/dp/B09NH2DFNJ,B09NH2DFNJ,DECEMBER 29: One Person | Different Faces | Many Masks,Sourav Kumar Das,Kindle,by,
0,https://www.amazon.com/dp/B09NFKT33T,B09NFKT33T,New Economies for Sustainability: Limits and Potentials for Possible Futures (Ethical Economy Book 59),Luise Li Langergaard,Kindle,|,
2,https://www.amazon.com/dp/B09NDW9FSF,B09NDW9FSF,What Matters in This Moment: Leading Groups Through Uncertain Times (What Matters At Work),Harry Webne-Behrman,Kindle,|,
3,https://www.amazon.com/dp/B09NCRB8F9,B09NCRB8F9,How to Get Along in a Family Business,Jack Greer,Kindle,by,
2,https://www.amazon.com/dp/B09NF6FL5H,B09NF6FL5H,Penguins Illustrate Leadership (Penguins by Lee Sampson),Lee Sampson,Kindle,|,
0,https://www.amazon.com/dp/B09NF28319,B09NF28319,Sales Strategies: How I Sold More Business in One Week Than Any Other Week in My 45-Year Sales Career,Bernie  Gurstein,Kindle,by,
1,https://www.amazon.com/dp/B09NDWHCG6,B09NDWHCG6,Krishmatic Confidence – The Concept: Let’s Unfold Confidence of Great Altitude (GRETOM-GITA [Great Thoughts of Management from Bhagavad Gita] Book 5),Sanjive Kumar Sharma,Kindle,|,
0,https://www.amazon.com/dp/B09NDVBLK6,B09NDVBLK6,A Perfect business planning: The Secrets Behind Developing A Successful Business Plan,MY Mir,Kindle,by,
2,https://www.amazon.com/dp/B09ND368TB,B09ND368TB,"Business Ethics: Kant, Virtue, and the Nexus of Duty: Foundations and Case Studies (Springer Texts in Business and Economics)",Richard M. Robinson,Kindle,|,
5,https://www.amazon.com/dp/B09LR9VTZQ,B09LR9VTZQ,Be the change: The art of becoming our own innovation project,Fran Cherny,Kindle,by,
0,https://www.amazon.com/dp/B09NCCFZLW,B09NCCFZLW,Overcome Financial Adversity: No Excuses. Only Results. (Financial Freedom Series Book 52),Joshua King,Kindle,|,
0,https://www.amazon.com/dp/B09NC72P1B,B09NC72P1B,How To Motivate Yourself Everyday To Save & Make Money: Daily Tips Guide,John  Forest,Kindle,by,
1,https://www.amazon.com/dp/B09ND5V9YM,B09ND5V9YM,No One of Us Is as Good as All of Us,Michael Sims,Kindle,by,
0,https://www.amazon.com/dp/B0FP19C3TL,B0FP19C3TL,Schmigadoon! Piano/Vocal Selections Sheet Music,Cinco Paul,Kindle,by,
0,https://www.amazon.com/dp/B0F1XDGCFT,B0F1XDGCFT,Lover's Spat Sheet Music,Cinco Paul,Kindle,by,
0,https://www.amazon.com/dp/B0F1X8B8M7,B0F1X8B8M7,Tribulation Sheet Music,Cinco Paul,Kindle,by,
0,https://www.amazon.com/dp/B0F1V2TMXG,B0F1V2TMXG,Somewhere Love Is Waiting For You Sheet Music,Cinco Paul,Kindle,by,
0,https://www.amazon.com/dp/B0F1TZNDXQ,B0F1TZNDXQ,You Make Me Wanna Sing Sheet Music,Cinco Paul,Kindle,by,
0,https://www.amazon.com/dp/B0F1TY9CG6,B0F1TY9CG6,Va-Gi-Na Sheet Music,Cinco Paul,Kindle,by,
0,https://www.amazon.com/dp/B09PJRXWR9,B09PJRXWR9,Marillion - Hooks in You: Drum Sheet Music (JDS: Marillion Collection),Evan Aria Serenity,Kindle,|,
0,https://www.amazon.com/dp/B0F1X9WMHD,B0F1X9WMHD,Sea Winds Sheet Music,Melody Bober,Kindle,by,
0,https://www.amazon.com/dp/B0F1V368PC,B0F1V368PC,Sunset Serenade Sheet Music,Melody Bober,Kindle,by,
0,https://www.amazon.com/dp/B0B523TYBB,B0B523TYBB,"Jean Cras, Polymath of Music and Letters: Second Edition",Paul-André Bempéchat,Kindle,by,
0,https://www.amazon.com/dp/B09L9W6TS2,B09L9W6TS2,The Adult Music Student: Making Music throughout the Lifespan,Pamela Pike,Kindle,by,
0,https://www.amazon.com/dp/B0F1V69WB6,B0F1V69WB6,Dance of the Autumn Leaves Sheet Music,Melody Bober,Kindle,by,
0,https://www.amazon.com/dp/B09PYGV88Y,B09PYGV88Y,"The Ternary Distinction of Film Music: Referential, Complementary, and Epistemic",Gaspara Cailléz Angeles MPhil ASCAP,Kindle,by,
3,https://www.amazon.com/dp/B09PJ18VRZ,B09PJ18VRZ,Oblivion for String Quartet,Astor Piazzolla,Kindle,by,
2,https://www.amazon.com/dp/B09LNL233K,B09LNL233K,"Women in Jazz: Musicality, Femininity, Marginalization (Transnational Studies in Jazz)",Marie Buscatto,Kindle,|,
0,https://www.amazon.com/dp/B0G7S89SGP,B0G7S89SGP,Sound Heritage: Making Music Matter in Historic Houses (Routledge Research in Music),Jeanice Brooks,Kindle,|,
0,https://www.amazon.com/dp/B0G6JF8CQ2,B0G6JF8CQ2,Musics with and after Tonality: Mining the Gap (Ashgate Studies in Theory and Analysis of Music After 1900),Paul Fleet,Kindle,|,
0,https://www.amazon.com/dp/B0F1XGWYQK,B0F1XGWYQK,Rainbow Song Sheet Music,Timothy Brown,Kindle,by,
0,https://www.amazon.com/dp/B0F1X9V4R5,B0F1X9V4R5,Things That Go Bump in the Night Sheet Music,Melody Bober,Kindle,by,
0,https://www.amazon.com/dp/B0F1X3XK3Q,B0F1X3XK3Q,My Red Racer Sheet Music,Melody Bober,Kindle,by,
0,https://www.amazon.com/dp/B0F1X3K5DT,B0F1X3K5DT,Awesome Possum Sheet Music,Kevin Olson,Kindle,by,
0,https://www.amazon.com/dp/B0F1W9GTD8,B0F1W9GTD8,Sun Chaser Sheet Music,Timothy Brown,Kindle,by,
0,https://www.amazon.com/dp/B0F1VV72FL,B0F1VV72FL,Streets of Hong Kong Sheet Music,Melody Bober,Kindle,by,
0,https://www.amazon.com/dp/B0F1VDRPKX,B0F1VDRPKX,Mystery Man Sheet Music,Melody Bober,Kindle,by,
0,https://www.amazon.com/dp/B0F1V9CB6M,B0F1V9CB6M,Tick-Toccatina Sheet Music,Kevin Olson,Kindle,by,
0,https://www.amazon.com/dp/B0F1TYFT3S,B0F1TYFT3S,Jalapeño Rag Sheet Music,Melody Bober,Kindle,by,
0,https://www.amazon.com/dp/B0F1TY25WL,B0F1TY25WL,Star Sailing Sheet Music,Wynn-Anne Rossi,Kindle,by,
0,https://www.amazon.com/dp/B0F1TXLZKN,B0F1TXLZKN,Scary Larry Sheet Music,Kevin Olson,Kindle,by,
0,https://www.amazon.com/dp/B0F1TWZVS7,B0F1TWZVS7,Monday Mornin' Blues Sheet Music,Kevin Olson,Kindle,by,
0,https://www.amazon.com/dp/B0BWRGMXY7,B0BWRGMXY7,The Cognitive Continuum of Electronic Music,Anil Çamci,Kindle,by,
0,https://www.amazon.com/dp/B09PH343PY,B09PH343PY,PIANO ROLL SCORE BEYER Op.101 No.83,Ryoichi Ishii,Kindle,by,
0,https://www.amazon.com/dp/B09NNZJSML,B09NNZJSML,The Routledge Handbook of Women’s Work in Music (Routledge Music Handbooks),Rhiannon Mathias,Kindle,by,
0,https://www.amazon.com/dp/B09N9ZJ3PY,B09N9ZJ3PY,"Music by Subscription: Composers and their Networks in the British Music-Publishing Trade, 1676–1820 (Routledge Research in Music)",Simon D.I. Fleming,Kindle,|,
0,https://www.amazon.com/dp/B09MZQLBHH,B09MZQLBHH,Unity Game Audio Implementation: A Practical Guide for Beginners,Andrew Coggan,Kindle,by,
0,https://www.amazon.com/dp/B09ML2VR62,B09ML2VR62,"Sound Teaching: A Research-Informed Approach to Inspiring Confidence, Skill, and Enjoyment in Music Performance",Henrique Meissner,Kindle,by,
0,https://www.amazon.com/dp/B09LJW16CT,B09LJW16CT,"Music, the Moving Image and Ireland, 1897–2017 (Ashgate Screen Music Series)",John O'Flynn,Kindle,by,
5,https://www.amazon.com/dp/B09FTKV9D7,B09FTKV9D7,The London Volvo B7TL,Matthew Wharmby,Kindle,by,
0,https://www.amazon.com/dp/B0F1TYDY2T,B0F1TYDY2T,Midnight Rhapsody Sheet Music,Melody Bober,Kindle,by,
0,https://www.amazon.com/dp/B0F1XDH3XM,B0F1XDH3XM,Sundance Canyon Sheet Music,Melody Bober,Kindle,by,
0,https://www.amazon.com/dp/B0F1WWFXRQ,B0F1WWFXRQ,A Touch of a Dream Sheet Music,Martin Cuéllar,Kindle,by,
0,https://www.amazon.com/dp/B0F1V5XVVG,B0F1V5XVVG,Leapfrog Boogie Sheet Music,Elizabeth W. Greenleaf,Kindle,by,
0,https://www.amazon.com/dp/B0F1TYRZG7,B0F1TYRZG7,Valse Caprice Sheet Music,Timothy Brown,Kindle,by,
0,https://www.amazon.com/dp/B0F1TXTX2Z,B0F1TXTX2Z,Lakeside Reverie Sheet Music,Melody Bober,Kindle,by,
0,https://www.amazon.com/dp/B0F1TXSGBR,B0F1TXSGBR,New Orleans Nocturne Sheet Music,Elizabeth W. Greenleaf,Kindle,by,
0,https://www.amazon.com/dp/B0F1TXGCZJ,B0F1TXGCZJ,The Clock Sonatina Sheet Music,Timothy Brown,Kindle,by,
0,https://www.amazon.com/dp/B0F1TX3F1N,B0F1TX3F1N,Evening Promenade Sheet Music,Eric Baumgartner,Kindle,by,
1,https://www.amazon.com/dp/B09PGTCCGW,B09PGTCCGW,Mind Your Music,John Henry Sheridan,Kindle,by,
3,https://www.amazon.com/dp/B09PGRGM2R,B09PGRGM2R,I love guitar: Third volume classic course,Michele Stolfa,Kindle,|,
0,https://www.amazon.com/dp/B09PGQJS33,B09PGQJS33,Knowing a great singer Vicente Fernandez : Long last his memory (Whistle blowers and hand washers),Rammzuss  Solares,Kindle,|,
0,https://www.amazon.com/dp/B09PFXCYW4,B09PFXCYW4,Pachelbel's Canon in D for Marimba Duo: マリンバ二重奏のためのパッヘルベルのカノン,Henyoharo,Kindle,by,
0,https://www.amazon.com/dp/B09PFMQBWQ,B09PFMQBWQ,Ignition: “The 7-Legged Bug” – The Saga hits the road,Som Nandivada,Kindle,|,
0,https://www.amazon.com/dp/B09MBBBNWD,B09MBBBNWD,The Music of James Tenney: Volume 2: A Handbook to the Pieces,Robert Wannamaker,Kindle,by,
1,https://www.amazon.com/dp/B09MB8KZG4,B09MB8KZG4,The Music of James Tenney: Volume 1: Contexts and Paradigms,Robert Wannamaker,Kindle,by,
5,https://www.amazon.com/dp/B09MB9VK3K,B09MB9VK3K,"Dhol: Drummers, Identities, and Modern Punjab",Gibb Schreffler,Kindle,by,
1,https://www.amazon.com/dp/B09PFCR5WV,B09PFCR5WV,100 Ultimate Smooth Jazz Riffs for Piano/Keyboards,Andrew D. Gordon,Kindle,by,
4,https://www.amazon.com/dp/B09PF59YJF,B09PF59YJF,The Practical Tutor: The Guide to Becoming a Drums Teacher in the Modern World of Teaching,Jack Young,Kindle,by,
0,https://www.amazon.com/dp/B09PFH5PB6,B09PFH5PB6,100 Ultimate Smooth Jazz Riffs for Flute,Andrew D. Gordon,Kindle,by,
0,https://www.amazon.com/dp/B0F1XGSF5R,B0F1XGSF5R,I Always Always Never Get My Man Sheet Music,Cinco Paul,Kindle,by,
0,https://www.amazon.com/dp/B0F1XDHDHJ,B0F1XDHDHJ,With All Of Your Heart Sheet Music,Cinco Paul,Kindle,by,
0,https://www.amazon.com/dp/B0F1XBR8WF,B0F1XBR8WF,Cross That Bridge Sheet Music,Cinco Paul,Kindle,by,
0,https://www.amazon.com/dp/B0F1WHX8X4,B0F1WHX8X4,Chihuahua Cha-Cha Sheet Music,Elizabeth W. Greenleaf,Kindle,by,
0,https://www.amazon.com/dp/B0F1W9BDZN,B0F1W9BDZN,You Can't Tame Me Sheet Music,Cinco Paul,Kindle,by,
0,https://www.amazon.com/dp/B0F1W3FSTD,B0F1W3FSTD,Mystic Prelude Sheet Music,Timothy Brown,Kindle,by,
0,https://www.amazon.com/dp/B0F1V5B4P7,B0F1V5B4P7,"He's A Queer One, That Man O' Mine Sheet Music",Cinco Paul,Kindle,by,
0,https://www.amazon.com/dp/B0F1TZDXW5,B0F1TZDXW5,Enjoy The Ride Sheet Music,Cinco Paul,Kindle,by,
0,https://www.amazon.com/dp/B0F1TYH88Y,B0F1TYH88Y,Suddenly Sheet Music,Cinco Paul,Kindle,by,
0,https://www.amazon.com/dp/B0F1TY88JH,B0F1TY88JH,Song of the Highlands Sheet Music,Melody Bober,Kindle,by,
0,https://www.amazon.com/dp/B0F1TXZ2RT,B0F1TXZ2RT,Dreaming by a Quiet Sea Sheet Music,Elizabeth W. Greenleaf,Kindle,by,
0,https://www.amazon.com/dp/B0F1L56GYQ,B0F1L56GYQ,How We Change (Schmigadoon Finale) Sheet Music,Cinco Paul,Kindle,by,
1,https://www.amazon.com/dp/B09PFH6N1X,B09PFH6N1X,Book 4 The proto jazz era (1910-1920): Keeping Jazz Alive,Richard Fairley,Kindle,|,
0,https://www.amazon.com/dp/B09PFFX93C,B09PFFX93C,Autumn Leaves for String Quartet,Joseph Kosma,Kindle,by,
2,https://www.amazon.com/dp/B09PFF9Z71,B09PFF9Z71,Libertango for String Quartet,Astor Piazzolla,Kindle,by,
0,https://www.amazon.com/dp/B09PFC4FBH,B09PFC4FBH,Selected Pieces: For Easy Piano,Igor Stravinsky,Kindle,by,
0,https://www.amazon.com/dp/B09PFB26P5,B09PFB26P5,Celebration on the Christmas Tree: Part 3,Zita Juciuvienė (Zi Ju),Kindle,by,
0,https://www.amazon.com/dp/B09PF4TXBV,B09PF4TXBV,PIANO ROLL SCORE Debussy Reverie: PIANO ROLL SCORE Debussy,Ryoichi Ishii,Kindle,by,
0,https://www.amazon.com/dp/B09PD5JV16,B09PD5JV16,"Songs about Our Changing Society: 13 Songs about Everyday Life, Social Problems, and Politics with Lyrics, Illustrations, and Links to Recordings",Gini Graham Scott,Kindle,by,
0,https://www.amazon.com/dp/B09PB7HD7S,B09PB7HD7S,Power of Silence: Finding Stillness,Sean  Botha (PhD),Kindle,by,
4,https://www.amazon.com/dp/B09PCZ792L,B09PCZ792L,"LEONARD BERNSTEIN: AN ORAL HISTORY, Volume 1: Interviews from the 11-Hour Radio Documentary: “Leonard Bernstein: An American Life”",Steve Rowland,Kindle,by,
0,https://www.amazon.com/dp/B09PC38L78,B09PC38L78,Celebration on the Christmas Tree: Part 2,Zita Juciuvienė (Zi Ju),Kindle,by,
0,https://www.amazon.com/dp/B09PBTTYL5,B09PBTTYL5,Balladmonger: Original Songs & Ballads,John Fitzsimmons,Kindle,by,
0,https://www.amazon.com/dp/B09P7SHSKR,B09P7SHSKR,Learning to play violin: Vol 1. Initiation - Practical Guide (Learning to Play Violin (Eng)),Maria A. Pinto,Kindle,|,
1,https://www.amazon.com/dp/B09P6KVBP3,B09P6KVBP3,Music of Claude Debussy Arranged for Flute and Guitar (Modern French Composers’ Classics for Flute and Guitar),Claude Debussy,Kindle,|,
0,https://www.amazon.com/dp/B09P7GLHDB,B09P7GLHDB,PIANO ROLL SCORE Czerny 30 Etudes Op.849 No.19,Ryoichi Ishii,Kindle,by,
2,https://www.amazon.com/dp/B09P7G5XRC,B09P7G5XRC,Optimising The Stave: Learn to teach sight reading music - Fast,Len Collins,Kindle,by,
0,https://www.amazon.com/dp/B09P6SYZ23,B09P6SYZ23,Violin Sonatas : Violin Parts,Ludwig van Beethoven,Kindle,by,
2,https://www.amazon.com/dp/B09LRBT18H,B09LRBT18H,Sounds Beyond: Arvo Pärt and the 1970s Soviet Underground,Kevin C. Karnes,Kindle,by,
1,https://www.amazon.com/dp/B09N96VD27,B09N96VD27,Staging Voice (Routledge Voice Studies),Michal Grover-Friedlander,Kindle,by,
1,https://www.amazon.com/dp/B09LVVMKVL,B09LVVMKVL,"The Oxford Handbook of Music Performance, Volume 1 (Oxford Handbooks)",Gary McPherson,Kindle,by,
0,https://www.amazon.com/dp/B09P6V4DHR,B09P6V4DHR,Violin Sonatas : Piano Scores,Ludwig van Beethoven,Kindle,by,
1,https://www.amazon.com/dp/B09P6QBR73,B09P6QBR73,Create Passive Income from Music: Monetize Your Passion for Music (Free Investing Book 96),Joshua King,Kindle,|,
0,https://www.amazon.com/dp/B09P6K47VP,B09P6K47VP,PIANO ROLL SCORE Czerny 100 Progressive Studies Op.139 No.8,Ryoichi Ishii,Kindle,by,
0,https://www.amazon.com/dp/B09N91YN3G,B09N91YN3G,Gregorio Ballabene’s Forty-eight-part Mass for Twelve Choirs (1772) (Royal Musical Association Monographs),Florian Bassani,Kindle,|,
0,https://www.amazon.com/dp/B09N8R1WR5,B09N8R1WR5,Tarnished Gold: Record Industry Revisited,R. Serge Denisoff,Kindle,by,
0,https://www.amazon.com/dp/B0F1L5QZRC,B0F1L5QZRC,Corn Puddin' Sheet Music,Cinco Paul,Kindle,by,
1,https://www.amazon.com/dp/B09PFV9DDY,B09PFV9DDY,Gyprock,Brian Echenberg,Kindle,by,
4,https://www.amazon.com/dp/B07PCQ7F1X,B07PCQ7F1X,Jewish Difference and the Arts in Vienna: Composing Compassion in Music and Biblical Theater (German Jewish Cultures),Caroline A. Kita,Kindle,|,
4,https://www.amazon.com/dp/B09P5BQ3R8,B09P5BQ3R8,Popular Dance and Music in Modern Egypt,Sherifa Zuhur,Kindle,by,
2,https://www.amazon.com/dp/B07TC4VVS2,B07TC4VVS2,"Storytime in India: Wedding Songs, Victorian Tales, and the Ethnographic Experience",Helen Priscilla Myers,Kindle,by,
1,https://www.amazon.com/dp/B08P5F278T,B08P5F278T,"The Musician as Entrepreneur, 1700–1914: Managers, Charlatans, and Idealists",William Weber,Kindle,by,
1,https://www.amazon.com/dp/B07Z1SD4FJ,B07Z1SD4FJ,Humane Music Education for the Common Good (Counterpoints: Music and Education),Iris M. Yob,Kindle,|,
0,https://www.amazon.com/dp/B07XQ19B87,B07XQ19B87,"Music, Education, and Religion: Intersections and Entanglements (Counterpoints: Music and Education)",Alexis Anja Kallio,Kindle,|,
0,https://www.amazon.com/dp/B07T19SSDM,B07T19SSDM,Music in the American Diasporic Wedding,Inna Naroditskaya,Kindle,by,
5,https://www.amazon.com/dp/B07BMNW5LN,B07BMNW5LN,Rebels and Underdogs: The Story of Ohio Rock and Roll,Garin Pirnia,Kindle,by,
0,https://www.amazon.com/dp/B0F1XKFXXQ,B0F1XKFXXQ,Snowflakes Dancing Sheet Music,Mary Leaf,Kindle,by,
0,https://www.amazon.com/dp/B0F1X42TWG,B0F1X42TWG,Creeping Footsteps Sheet Music,Mary Leaf,Kindle,by,
0,https://www.amazon.com/dp/B0F1WFC3HK,B0F1WFC3HK,Making Mischief Sheet Music,Mary Leaf,Kindle,by,
0,https://www.amazon.com/dp/B0F1W6K8ZN,B0F1W6K8ZN,It's Halloween Sheet Music,Mary Leaf,Kindle,by,
0,https://www.amazon.com/dp/B0F1V98DN3,B0F1V98DN3,Agent X Sheet Music,Melody Bober,Kindle,by,
0,https://www.amazon.com/dp/B0F1V7BB72,B0F1V7BB72,Remember When Sheet Music,Melody Bober,Kindle,by,
0,https://www.amazon.com/dp/B0F1V1X243,B0F1V1X243,Carnival Caprice Sheet Music,Melody Bober,Kindle,by,
0,https://www.amazon.com/dp/B0F1TYZV87,B0F1TYZV87,Autumn Days Sheet Music,Mary Leaf,Kindle,by,
0,https://www.amazon.com/dp/B0F1TY5T89,B0F1TY5T89,Sweet 'n' Sassy Sheet Music,Melody Bober,Kindle,by,
0,https://www.amazon.com/dp/B0F1TW3GW8,B0F1TW3GW8,Morning Vista Sheet Music,Melody Bober,Kindle,by,
0,https://www.amazon.com/dp/B09PBVHVNH,B09PBVHVNH,Music Unlocked,Karan Kaushik,Kindle,by,
1,https://www.amazon.com/dp/B09P4614NB,B09P4614NB,Someone Has to Care: The Roots and Hip-Hop’s Prophetic Calling (Short Theological Engagements with Popular Music),Christian Scharen,Kindle,|,
0,https://www.amazon.com/dp/B09P3292FP,B09P3292FP,PIANO ROLL SCORE Bach Sinfonia No.9,Ryoichi Ishii,Kindle,by,
0,https://www.amazon.com/dp/B07NN7X8RT,B07NN7X8RT,"Movies, Songs, and Electric Sound: Transatlantic Trends",Charles O'Brien,Kindle,by,
5,https://www.amazon.com/dp/B09P1SVQDF,B09P1SVQDF,Brahms Studies for Bass Guitar: Waltzes 1-16 (Op.39): Sixteen Studies to Improve Sight Reading and Technique,James Strange,Kindle,by,
0,https://www.amazon.com/dp/B09P1BMD6M,B09P1BMD6M,When the Saints Go Marching In I Simplest Version Easy Piano Sheet Music for Beginners Adults Kids I Guitar Chords Lyrics: How to Play Keyboard Popular Gospel Spiritual Song Video Tutorial Big Notes,Alicja Urbanowicz,Kindle,by,
0,https://www.amazon.com/dp/B0F1TY4DJB,B0F1TY4DJB,A Sailor's Journey Sheet Music,Melody Bober,Kindle,by,
0,https://www.amazon.com/dp/B0F1WJ6SHL,B0F1WJ6SHL,Toccata Sheet Music,Martin Cuéllar,Kindle,by,
2,https://www.amazon.com/dp/B09LVTX4Q3,B09LVTX4Q3,"Music, Leisure, Education: Historical and Philosophical Perspectives",Roger Mantie,Kindle,by,
1,https://www.amazon.com/dp/B0F1V8ZYW7,B0F1V8ZYW7,Prehistoric Processional Sheet Music,Melody Bober,Kindle,by,
0,https://www.amazon.com/dp/B0F1WFK1T9,B0F1WFK1T9,Danse Romantique Sheet Music,Melody Bober,Kindle,by,
0,https://www.amazon.com/dp/B0F1WB6MZY,B0F1WB6MZY,Theme and Variations on Gute Nacht Sheet Music,Martin Cuéllar,Kindle,by,
0,https://www.amazon.com/dp/B0F1W81Q63,B0F1W81Q63,Toccatina Sheet Music,Timothy Brown,Kindle,by,
0,https://www.amazon.com/dp/B0F1VC3WP9,B0F1VC3WP9,Winter Wind Sheet Music,Melody Bober,Kindle,by,
0,https://www.amazon.com/dp/B0F1VB86J2,B0F1VB86J2,Farewell to Ireland Sheet Music,Timothy Brown,Kindle,by,
0,https://www.amazon.com/dp/B0F1V9QZXC,B0F1V9QZXC,March Royale Sheet Music,Melody Bober,Kindle,by,
0,https://www.amazon.com/dp/B0F1TXYMH5,B0F1TXYMH5,Fiesta Mexicana Sheet Music,Martin Cuéllar,Kindle,by,
0,https://www.amazon.com/dp/B0F1TX9FPL,B0F1TX9FPL,A Sunny Day Sheet Music,Melody Bober,Kindle,by,
2,https://www.amazon.com/dp/B09PMC1PQQ,B09PMC1PQQ,The Turtle and The Lion: Lessons for Living while Learning to Play the Piano,Marsha Martin,Kindle,by,
1,https://www.amazon.com/dp/B09P2LXWR8,B09P2LXWR8,Lukas Gabric Labor of Love Saxophone Solo Transcriptions: For B-Flat Instruments,Lukas Gabric,Kindle,by,
0,https://www.amazon.com/dp/B09P16MLL3,B09P16MLL3,Yankee Doodle I Simplest Version Easy Piano Sheet Music for Beginners Adults Kids I Guitar Chords I Lyrics: How to Play Keyboard I Popular Traditional Song I Video Tutorial Big Notes,Alicja Urbanowicz,Kindle,by,
1,https://www.amazon.com/dp/B09NY3RRY1,B09NY3RRY1,Wellerman | Sea Shanty I Easy Piano: Simplest Version Sheet Music for Beginners Adults Kids I Guitar Chords Lyrics I Video Tutorial I Soon May the Wellerman Come I Big Notes,Alicja Urbanowicz,Kindle,by,
2,https://www.amazon.com/dp/B09NXMT5SL,B09NXMT5SL,The Modern Artist and Songwriter Journal and Toolkit: A Workbook with Everything You Need for a Career Creating Music in Today's Music Industry,Blake Makes Music,Kindle,by,
0,https://www.amazon.com/dp/B09NY9QMZN,B09NY9QMZN,Selected Pieces - Violin Parts: Arrangements for Violin and Piano,Leopold Auer,Kindle,by,
0,https://www.amazon.com/dp/B09NW87ZTZ,B09NW87ZTZ,Brahms Studies for Tuba: Waltzes 1-16 (Op.39): Sixteen Studies to Improve Sight Reading and Intonation,James Strange,Kindle,by,
0,https://www.amazon.com/dp/B0F1X7YHJQ,B0F1X7YHJQ,Song of the Sea Sheet Music,Kevin Olson,Kindle,by,
0,https://www.amazon.com/dp/B0F1WBJDC3,B0F1WBJDC3,A Ghostly Tail Sheet Music,Kevin Olson,Kindle,by,
0,https://www.amazon.com/dp/B0F1W87RDW,B0F1W87RDW,Midnight Chase Sheet Music,Christopher Goldston,Kindle,by,
0,https://www.amazon.com/dp/B0F1W6QQ33,B0F1W6QQ33,Dancing Donkey Sheet Music,Melody Bober,Kindle,by,
0,https://www.amazon.com/dp/B0F1VVLB5H,B0F1VVLB5H,Sweet Dreams Sheet Music,Christopher Goldston,Kindle,by,
0,https://www.amazon.com/dp/B0F1VCB9ZZ,B0F1VCB9ZZ,Diamonds on the Water Sheet Music,Wynn-Anne Rossi,Kindle,by,
0,https://www.amazon.com/dp/B0F1VC2TX9,B0F1VC2TX9,Wind Through the Trees Sheet Music,Timothy Brown,Kindle,by,
0,https://www.amazon.com/dp/B0F1VBJTSF,B0F1VBJTSF,Could Have Been Me Sheet Music,Joshua Wilkinson,Kindle,by,
0,https://www.amazon.com/dp/B0F1VBFQWD,B0F1VBFQWD,Serenade Sheet Music,Timothy Brown,Kindle,by,
0,https://www.amazon.com/dp/B0F1V9Y1NV,B0F1V9Y1NV,Sky at Dawn Sheet Music,Christopher Goldston,Kindle,by,
0,https://www.amazon.com/dp/B0F1V9CG5P,B0F1V9CG5P,Raindrop Serenade Sheet Music,Melody Bober,Kindle,by,
0,https://www.amazon.com/dp/B0F1V7K5WH,B0F1V7K5WH,Elephant Stomp Sheet Music,Kevin Olson,Kindle,by,
0,https://www.amazon.com/dp/B0F1V6SPFQ,B0F1V6SPFQ,March Macabre Sheet Music,Melody Bober,Kindle,by,
0,https://www.amazon.com/dp/B0F1V5HDLS,B0F1V5HDLS,Grandfather's Grandfather Clock Sheet Music,Kevin Olson,Kindle,by,
0,https://www.amazon.com/dp/B0F1V16MPH,B0F1V16MPH,Scherzo Sheet Music,Martin Cuéllar,Kindle,by,
0,https://www.amazon.com/dp/B0F1TZLBD4,B0F1TZLBD4,Crimson Rhapsody Sheet Music,Timothy Brown,Kindle,by,
0,https://www.amazon.com/dp/B0F1TZD5XD,B0F1TZD5XD,Heads Will Roll Sheet Music,Karen O,Kindle,by,
0,https://www.amazon.com/dp/B0F1TZ7GLH,B0F1TZ7GLH,Nuts and Bolts Sheet Music,Wynn-Anne Rossi,Kindle,by,
0,https://www.amazon.com/dp/B0F1TZ78BN,B0F1TZ78BN,Seven of Hearts Sheet Music,Kevin Olson,Kindle,by,
0,https://www.amazon.com/dp/B0F1TYRBLG,B0F1TYRBLG,Build a Blanket House Sheet Music,Wynn-Anne Rossi,Kindle,by,
0,https://www.amazon.com/dp/B0F1TXZ5QZ,B0F1TXZ5QZ,Mystic Legend Sheet Music,Christopher Goldston,Kindle,by,
0,https://www.amazon.com/dp/B0F1TVRT2R,B0F1TVRT2R,Memories of Midnight Sheet Music,Wynn-Anne Rossi,Kindle,by,
2,https://www.amazon.com/dp/B09NY5SZ4D,B09NY5SZ4D,DIY Guitar Makeover Vol. 10: Five mods & four maintenance tricks for players of every persuasion!,Premier Guitar,Kindle,|,
0,https://www.amazon.com/dp/B09NXVL6XX,B09NXVL6XX,We Wish You a Merry Christmas I Simplest Version Easy Piano Sheet Music for Beginners Adults Kids I Guitar Chords I Lyrics: How to Play Keyboard I Popular Traditional Song I Video Tutorial Big Notes,Alicja Urbanowicz,Kindle,by,
5,https://www.amazon.com/dp/B09NX4PQZL,B09NX4PQZL,Vocal Exercises for Beginning Singers: 82 Exercises for Warming Up and Technique Development (Musical Theatre U),Erin Roberts,Kindle,|,
0,https://www.amazon.com/dp/B09NVPLPWY,B09NVPLPWY,Pathetique Sonata I Beethoven I Easy Piano Sheet Music for Beginners Adults Kids I Guitar Chords I Simplest Version: How to Play Keyboard I Popular Classical Song I Video Tutorial I Big Notes,Alicja Urbanowicz,Kindle,by,
0,https://www.amazon.com/dp/B09NXRBSKR,B09NXRBSKR,Twenty One Classical Studies for Double Bass: Four Accompanied and Seventeen Unaccompanied Studies for Double Bass,James Strange,Kindle,by,
1,https://www.amazon.com/dp/B09NV5PYD3,B09NV5PYD3,Brahms Studies for Pedal Harp: Waltzes 1-16 (Op.39): Sixteen Studies to Improve Sight Reading and Technique,James Strange,Kindle,by,
0,https://www.amazon.com/dp/B09NV5B6B5,B09NV5B6B5,Selected Pieces - Piano Scores: Arrangements for Violin and Piano,Leopold  Auer,Kindle,by,
3,https://www.amazon.com/dp/B09NV1TWZ3,B09NV1TWZ3,Tasty Jazz Jams for Our Times®: Vol. 2,Debbie Burke,Kindle,|,
0,https://www.amazon.com/dp/B09NTL86QJ,B09NTL86QJ,Kalinka I Russian Dance I Easy Piano Sheet Music for Beginners Adults Kids I Guitar Chords I Simplified Version: How to Play Keyboard I Traditional Folk Song I Video Tutorial Big Notes,Alicja Urbanowicz,Kindle,by,
0,https://www.amazon.com/dp/B09NTKZH1S,B09NTKZH1S,Swan Lake I Tchaikovsky I Easy Piano Sheet Music for Beginners Adults Kids I Guitar Chords I Simplest Version: How to Play Piano Keyboard I Popular Classical Song I Video Tutorial I Big Notes,Alicja Urbanowicz,Kindle,by,
0,https://www.amazon.com/dp/B09NTB1JKD,B09NTB1JKD,The Hungry Artists Guide to Releasing Music: The checklist to follow before releasing your next hit song,Michael  Colbert,Kindle,by,
0,https://www.amazon.com/dp/B0F1L5Z3YR,B0F1L5Z3YR,SUCCESSION - Main Theme Sheet Music,Nicholas Britell,Kindle,by,
2,https://www.amazon.com/dp/B09NTB1WHJ,B09NTB1WHJ,Practical Jazz Piano: A Comprehensive Method,Robert Larson,Kindle,by,
1,https://www.amazon.com/dp/B09NSQRDBS,B09NSQRDBS,The Guide to Acoustic Guitar for Worship: Approaching and understanding the guitar in worship contexts,Mike Jariyaphruttipong,Kindle,|,
0,https://www.amazon.com/dp/B09NSPQ3PG,B09NSPQ3PG,Nocturne Op. 9 No. 2 I Chopin I Super Easy Piano Sheet Music for Beginners Adults Kids I Guitar Chords I Simplest Version: How to Play Keyboard Popular Classical Wedding Song Video Tutorial Big Notes,Alicja Urbanowicz,Kindle,by,
1,https://www.amazon.com/dp/B09NSHWZ3Z,B09NSHWZ3Z,Mindfulness for Musicians: A Practical Guide,Benjamin Irons,Kindle,by,
0,https://www.amazon.com/dp/B09LVV9W9V,B09LVV9W9V,The Oxford Handbook of Time in Music (Oxford Handbooks),Mark Doffman,Kindle,by,
0,https://www.amazon.com/dp/B0F1WZFWSG,B0F1WZFWSG,Romantic Promenade Sheet Music,Timothy Brown,Kindle,by,
0,https://www.amazon.com/dp/B0F1WL2R3K,B0F1WL2R3K,Olde English Dance Sheet Music,Melody Bober,Kindle,by,
0,https://www.amazon.com/dp/B0F1W7QTYG,B0F1W7QTYG,Time's Up! Sheet Music,Kevin Olson,Kindle,by,
0,https://www.amazon.com/dp/B0F1V9JGVD,B0F1V9JGVD,Mountain Memories Sheet Music,Kevin Olson,Kindle,by,
0,https://www.amazon.com/dp/B0F1V6P9TS,B0F1V6P9TS,Berceuse Sheet Music,Martin Cuéllar,Kindle,by,
0,https://www.amazon.com/dp/B0F1TZC65D,B0F1TZC65D,The Comet's Tale Sheet Music,Melody Bober,Kindle,by,
0,https://www.amazon.com/dp/B0F1TZ564M,B0F1TZ564M,Meteor Showers Sheet Music,Kevin Olson,Kindle,by,
0,https://www.amazon.com/dp/B0F1TXZ9WW,B0F1TXZ9WW,On Wings of Sound Sheet Music,Timothy Brown,Kindle,by,
0,https://www.amazon.com/dp/B0F1TXG8HJ,B0F1TXG8HJ,¡Fiesta! Sheet Music,Melody Bober,Kindle,by,
0,https://www.amazon.com/dp/B0F1TX8BPH,B0F1TX8BPH,Vals Romántico Sheet Music,Martin Cuéllar,Kindle,by,
0,https://www.amazon.com/dp/B09NT3XPJ8,B09NT3XPJ8,Biffy Clyro - Pocket: Drum Sheet Music,Evan Aria Serenity,Kindle,by,
1,https://www.amazon.com/dp/B09NT1Y6YF,B09NT1Y6YF,"Piano: ""Feelings"" Musical Album for Medium Level",Alexandra  Conte,Kindle,by,
0,https://www.amazon.com/dp/B09NSWYFFW,B09NSWYFFW,"how to become a singer "" Pritam priyadarshni "": do you want to be a singer "" Pritam priyadarshni """,Pritam Priyadarshni,Kindle,by,
0,https://www.amazon.com/dp/B09NS8LZLM,B09NS8LZLM,Tango Unchained: Six Popular Recital Pieces for Flute,James Strange,Kindle,by,
0,https://www.amazon.com/dp/B09NS62JHC,B09NS62JHC,"Orange Blossom Special: Regional Americana, the South and Midwest",Chrys George,Kindle,by,
2,https://www.amazon.com/dp/B09NRPR77S,B09NRPR77S,Best of Beethoven for Violin Duet (Violin Duet Anthology Series),Ludwig van Beethoven,Kindle,|,
1,https://www.amazon.com/dp/B09NRZWRW5,B09NRZWRW5,"DIY Guitar Makeover Vol. 11: Three axes get a makeover, a clever soldering technique, and a wiring for those who want it all",Premier Guitar,Kindle,|,
1,https://www.amazon.com/dp/B09M8XQFLL,B09M8XQFLL,Popular Opera in Eighteenth-Century France: Music and Entertainment before the Revolution,David Charlton,Kindle,by,
2,https://www.amazon.com/dp/B09GL18GGD,B09GL18GGD,Film Music in Concert: The Pioneering Role of the Boston Pops Orchestra (Elements in Music since 1945),Emilio Audissino,Kindle,|,
1,https://www.amazon.com/dp/B09NRL6CCH,B09NRL6CCH,Wedding March I Mendelssohn I Easy Piano Sheet Music for Beginners Adults Kids I Guitar Chords I Simplified Version: How to Play Keyboard I Popular Classical Song I Video Tutorial Big Notes,Alicja Urbanowicz,Kindle,by,
1,https://www.amazon.com/dp/B09NS15M6Z,B09NS15M6Z,Pentatonic Scales over Giant Steps,Anthony Catalfano,Kindle,by,
0,https://www.amazon.com/dp/B09KT4XCKF,B09KT4XCKF,"Aaron Copland: A Reader: Selected Writings, 1923-1972",Richard Kostelanetz,Kindle,by,
0,https://www.amazon.com/dp/B0F1WNF55W,B0F1WNF55W,The Brooding Sky Sheet Music,Timothy Brown,Kindle,by,
0,https://www.amazon.com/dp/B0F1W821ML,B0F1W821ML,Misty Waters Sheet Music,Kevin Costley,Kindle,by,
0,https://www.amazon.com/dp/B0F1VBZPS6,B0F1VBZPS6,Drone Escape Sheet Music,Emilie Lin,Kindle,by,
0,https://www.amazon.com/dp/B0F1VBTVP7,B0F1VBTVP7,Pond Reflections Sheet Music,Nancy Lau,Kindle,by,
0,https://www.amazon.com/dp/B0F1V9TDJ9,B0F1V9TDJ9,"Oh, So Pretty! Sheet Music",Christopher Oill,Kindle,by,
0,https://www.amazon.com/dp/B0F1V5VQ8P,B0F1V5VQ8P,Witches' Brew Sheet Music,Jeanne Costello,Kindle,by,
0,https://www.amazon.com/dp/B0F1V18975,B0F1V18975,The First Snowflake Sheet Music,Kevin Olson,Kindle,by,
0,https://www.amazon.com/dp/B0F1TZJVL1,B0F1TZJVL1,Shades of Winter Sheet Music,Mary Leaf,Kindle,by,
0,https://www.amazon.com/dp/B0F1TZ47T7,B0F1TZ47T7,Black Cat Prowl Sheet Music,Timothy Brown,Kindle,by,
0,https://www.amazon.com/dp/B0F1TYVD38,B0F1TYVD38,The Renegade Sheet Music,Edwin McLean,Kindle,by,
0,https://www.amazon.com/dp/B0F1TYH9G5,B0F1TYH9G5,Falling Springs Falls Sheet Music,Jeanne Costello,Kindle,by,
0,https://www.amazon.com/dp/B0F1TY42K4,B0F1TY42K4,Canción de Catalonia Sheet Music,Mary Leaf,Kindle,by,
0,https://www.amazon.com/dp/B0F1TY382B,B0F1TY382B,Enchanted Waltz Sheet Music,Mary Leaf,Kindle,by,
0,https://www.amazon.com/dp/B0F1TY1GPS,B0F1TY1GPS,Whispers of Autumn Sheet Music,Timothy Brown,Kindle,by,
0,https://www.amazon.com/dp/B0F1TWRPLX,B0F1TWRPLX,The Bamboo Grove Sheet Music,Edwin McLean,Kindle,by,
0,https://www.amazon.com/dp/B09NS1CLW1,B09NS1CLW1,A Few Words You Need To hEAR: A Word Of Encouragement For the Individual Who Aspires To Have Fun Playing Piano By Ear,Dave Longo,Kindle,by,
0,https://www.amazon.com/dp/B09NRZZK34,B09NRZZK34,"DIY Guitar Makeover Vol. 5: Pots, caps, switches, no-brainer mods, and more!",Premier Guitar,Kindle,|,
0,https://www.amazon.com/dp/B09NRZ4MWP,B09NRZ4MWP,DIY Guitar Makeover Vol. 3: Eight mod and maintenance tricks for Fenders and Gibsons,Premier Guitar,Kindle,|,
0,https://www.amazon.com/dp/B09NRXWQ8Y,B09NRXWQ8Y,DIY Guitar Makeover Vol. 4: Four affordable “no-brainer” mod platforms and more!,Premier Guitar,Kindle,|,
0,https://www.amazon.com/dp/B09NRX8VN3,B09NRX8VN3,DIY Guitar Makeover Vol. 2: 7 step-by-step mods—from vintage tweaks to a Warmoth build and the original Van Halen circuit.,Premier Guitar,Kindle,|,
0,https://www.amazon.com/dp/B09NRX35CY,B09NRX35CY,DIY Guitar Makeover Vol. 6: Six sagely screeds to sate your modding needs.,Premier Guitar,Kindle,|,
0,https://www.amazon.com/dp/B09NRW1SMC,B09NRW1SMC,DIY Guitar Makeover Vol. 7 : Ten ways to mod your main squeeze,Premier Guitar,Kindle,|,
0,https://www.amazon.com/dp/B09NRNHG4C,B09NRNHG4C,PIANO ROLL SCORE Czerny 30 Etudes Op.849 No.18,Ryoichi Ishii,Kindle,by,
0,https://www.amazon.com/dp/B09NRDD63D,B09NRDD63D,Glory Glory Hallelujah I Battle Hymn of the Republic I Chords: Easy Piano Sheet Music for Beginners Adults Kids I How to Play Keyboard I Popular Song I Video Tutorial I Large I Simplest Version,Alicja Urbanowicz,Kindle,by,
2,https://www.amazon.com/dp/B09NQB2CHS,B09NQB2CHS,Best of Beethoven for Alto Sax Duet (Alto Sax Duet Anthology Series),Ludwig van Beethoven,Kindle,|,
0,https://www.amazon.com/dp/B09K93J3VW,B09K93J3VW,Modes of Communication in Stravinsky’s Works: Sign and Expression (Routledge Research in Music),Per Dahl,Kindle,|,
1,https://www.amazon.com/dp/B09NQ5ZRN2,B09NQ5ZRN2,Moonlight Sonata I Beethoven I Simplest Version I Easy Piano Sheet Music for Beginners Adults Kids I Guitar Chords: How to Play Piano Keyboard I Popular Classical Song I Video Tutorial I Big Notes,Alicja Urbanowicz,Kindle,by,
1,https://www.amazon.com/dp/B09NQRJNGK,B09NQRJNGK,"DIY Guitar Makeover Vol. 9: Wiring mods, setup secrets, cleaning and relic-ing tips, and more!",Premier Guitar,Kindle,|,
3,https://www.amazon.com/dp/B09NQDYRVD,B09NQDYRVD,Brahms Studies for Double Bass: Waltzes 1-16 (Op.39): Sixteen Studies to Improve Sight Reading and Intonation,James Strange,Kindle,by,
0,https://www.amazon.com/dp/B0F1WFGWSC,B0F1WFGWSC,Starfish Sheet Music,Melody Bober,Kindle,by,
0,https://www.amazon.com/dp/B0F1V4JN41,B0F1V4JN41,Nocturne (Nightfall in Tossa de Mar) Sheet Music,Martin Cuéllar,Kindle,by,
1,https://www.amazon.com/dp/B09NPSJT74,B09NPSJT74,The Blue Danube Waltz I Strauss I Easy Piano Sheet Music for Beginners Adults Kids I Guitar Chords I Simplified Version: How to Play Keyboard Popular Classical Song I Video Tutorial I Big Notes,Alicja Urbanowicz,Kindle,by,
0,https://www.amazon.com/dp/B09NPJZT71,B09NPJZT71,Ars Breve Vita Longa: Movies That Came Off the Screen,Donald Dewey,Kindle,by,
0,https://www.amazon.com/dp/B09N6ZGS3L,B09N6ZGS3L,The Music Entrepreneur Code – 2022 Edition: How to Get Paid for Your Passion and Impact More Fans Without Wasting Years of Your Life and Thousands of Dollars,David Andrew Wiebe,Kindle,by,
5,https://www.amazon.com/dp/B0GN3XZTST,B0GN3XZTST,On the Trail of Americana Music,Ralph Brookfield,Kindle,by,
0,https://www.amazon.com/dp/B0F1XG9L99,B0F1XG9L99,Navajo Legend Sheet Music,Kevin Olson,Kindle,by,
0,https://www.amazon.com/dp/B0F1X7NT1S,B0F1X7NT1S,In the Deep Blue C Sheet Music,Kevin Olson,Kindle,by,
0,https://www.amazon.com/dp/B0F1X54D4L,B0F1X54D4L,Watch Out for the Witch's Cat! Sheet Music,Timothy Brown,Kindle,by,
0,https://www.amazon.com/dp/B0F1WZX6VV,B0F1WZX6VV,Ballad of the Matador Sheet Music,Gretchen Heller,Kindle,by,
0,https://www.amazon.com/dp/B0F1WVSXVD,B0F1WVSXVD,Legend Sheet Music,Timothy Brown,Kindle,by,
0,https://www.amazon.com/dp/B0F1WQV7JY,B0F1WQV7JY,Japanese Temple Sheet Music,Kevin Olson,Kindle,by,
0,https://www.amazon.com/dp/B0F1WFWH9K,B0F1WFWH9K,The Crab Walk Sheet Music,Jeanne Costello,Kindle,by,
0,https://www.amazon.com/dp/B0F1W4RB7P,B0F1W4RB7P,Souvenir of Old Vienna Sheet Music,Timothy Brown,Kindle,by,
0,https://www.amazon.com/dp/B0F1W29GRB,B0F1W29GRB,Sleighride Fantasy Sheet Music,Melody Bober,Kindle,by,
0,https://www.amazon.com/dp/B0F1V9NFJ3,B0F1V9NFJ3,At a Paris Café Sheet Music,Kevin Olson,Kindle,by,
0,https://www.amazon.com/dp/B0F1V6MSH6,B0F1V6MSH6,Tokyo Twilight Sheet Music,Melody Bober,Kindle,by,
0,https://www.amazon.com/dp/B0F1V5NSNM,B0F1V5NSNM,Tropical Breezes Sheet Music,Timothy Brown,Kindle,by,
0,https://www.amazon.com/dp/B0F1TZD6WH,B0F1TZD6WH,Russian Soldier's Story Sheet Music,Timothy Brown,Kindle,by,
0,https://www.amazon.com/dp/B0F1TYLWR2,B0F1TYLWR2,The Hermit Crab Cha-Cha Sheet Music,Kevin Olson,Kindle,by,
0,https://www.amazon.com/dp/B0F1TY6LQ5,B0F1TY6LQ5,Stargazing Sheet Music,Kevin Olson,Kindle,by,
0,https://www.amazon.com/dp/B0F1TY22C7,B0F1TY22C7,Autumn Ballad Sheet Music,Kevin Olson,Kindle,by,
0,https://www.amazon.com/dp/B0F1TXKTMR,B0F1TXKTMR,First Winter's Snow Sheet Music,Martin Cuéllar,Kindle,by,
0,https://www.amazon.com/dp/B0F1TX7SQ7,B0F1TX7SQ7,Still Missing You Sheet Music,Timothy Brown,Kindle,by,
0,https://www.amazon.com/dp/B0F1TVQ9BX,B0F1TVQ9BX,Breath of Autumn Sheet Music,Mary Leaf,Kindle,by,
0,https://www.amazon.com/dp/B09NQR8HG5,B09NQR8HG5,"DIY Guitar Makeover Vol. 8: Super-glue secrets, mod horror stories, screw tricks & no-brainer upgrades",Premier Guitar,Kindle,|,
1,https://www.amazon.com/dp/B09NQP4L4J,B09NQP4L4J,FrequencIE: A Cheat Sheet For Your Mixes,VigilantIE Music,Kindle,by,
0,https://www.amazon.com/dp/B09NQ1HTMP,B09NQ1HTMP,"""Thank ya Jesus!"" ...are these your underpants? A life in rock 'n' roll, on and slightly off the stage",Craig St John,Kindle,by,
1,https://www.amazon.com/dp/B09MWGTW3H,B09MWGTW3H,"Listening to British Nature: Wartime, Radio, and Modern Life, 1914-1945",Michael Guida,Kindle,by,
5,https://www.amazon.com/dp/B09NP6YT56,B09NP6YT56,The Drums in Flamenco Starting From The Beginning: and claps and cajon with the BLOCK System,Borja Mollá Robles,Kindle,by,
0,https://www.amazon.com/dp/B097J75Z8B,B097J75Z8B,English Congregational Hymns in the Eighteenth Century,Madeleine Forrell Marshall,Kindle,by,
2,https://www.amazon.com/dp/B097J74PC8,B097J74PC8,Uncle Will of Wildwood: Nineteenth-Century Life in the Bluegrass,Frances Jewell McVey,Kindle,by,
0,https://www.amazon.com/dp/B09NNB2ZG1,B09NNB2ZG1,Hallelujah Chorus from Messiah I Handel I Easy Piano Sheet Music for Beginners Adults Kids I Guitar Chords Simplified Version: How to Play Piano Keyboard Popular Classical Easter Song Video Tutorial,Alicja Urbanowicz,Kindle,by,
0,https://www.amazon.com/dp/B09NMLQ5TW,B09NMLQ5TW,Best of Beethoven for Trumpet Duet (Trumpet Duet Anthology Series),Ludwig van Beethoven,Kindle,|,
1,https://www.amazon.com/dp/B097J772R8,B097J772R8,"Virginia's Blues, Country, and Gospel Records, 1902-1943: An Annotated Discography",Kip Lornell,Kindle,by,
3,https://www.amazon.com/dp/B09PGXJ2CN,B09PGXJ2CN,"Just ""Us""",RaeAnn Childress,Kindle,by,
1,https://www.amazon.com/dp/B09PGZ93LC,B09PGZ93LC,Rejection: A Guide on How to Handle Rejection,Ruth Fisher,Kindle,by,
0,https://www.amazon.com/dp/B09PHT2HDN,B09PHT2HDN,THE FULFILLED MINISTER'S WIFE: THE 7 FOLD MINISTRY OF THE MINISTER'S HELPMEET,DOUMO T. APERE,Kindle,by,
0,https://www.amazon.com/dp/B09PHYBG7M,B09PHYBG7M,When You Just Know: The Journey of How we met,Oshebar Hardman,Kindle,by,
0,https://www.amazon.com/dp/B09PHQY2W9,B09PHQY2W9,Dastaan: Zindagi Ki...,Suman  Makadia,Kindle,by,
0,https://www.amazon.com/dp/B09PHNVHYF,B09PHNVHYF,Secrets To A Goddess Pussy : Never waste a body on a nobody !!,Olayinka Davis,Kindle,by,
5,https://www.amazon.com/dp/B09PGXLXNR,B09PGXLXNR,How to get the D!: A Girl's Guide to Getting Divorced,Taylor Golden,Kindle,by,
0,https://www.amazon.com/dp/B09PGGTT4Y,B09PGGTT4Y,MAKING MARRIAGE WORK FOR COUPLES: Conplete Guide On How You Can Make Your Marriage Work,Dilphils Philips,Kindle,by,
1,https://www.amazon.com/dp/B09PD26CPQ,B09PD26CPQ,Prayers for Our Marriage: A 7 Day Interactive Prayer Journal for Those Preparing for Marriage,Candace  Poindexter,Kindle,by,
0,https://www.amazon.com/dp/B09PDDXF33,B09PDDXF33,"THE SECRETS TO A HEALTHY, WORKING AND BLISSFUL MARRIAGE: Insights on How to Keep a Cheerful and Long Lasting Marriage",JOHN  WASH PH.D,Kindle,by,
0,https://www.amazon.com/dp/B09P9LQZZT,B09P9LQZZT,Love Language,Asuree Hill,Kindle,by,
0,https://www.amazon.com/dp/B09P8S4PB8,B09P8S4PB8,ONLINE DATING SECRETS TO FIND MR RIGHT!: Tips that Work Like ***MAGIC*** for You or Anyone Looking for Love...,Chris Love,Kindle,by,
0,https://www.amazon.com/dp/B09P8RX5D8,B09P8RX5D8,How To Save Your Marriage,Ronnie  M's,Kindle,by,
0,https://www.amazon.com/dp/B09P7NM1SF,B09P7NM1SF,"HOW TO THINK BEST TO WIN FRIENDS: For some, working at specific employment they love is satisfying, useful, and significant than money, making people happy and satisfied is the best way to win friend",Elizabeth W.  Huston,Kindle,by,
0,https://www.amazon.com/dp/B09P6X1NP3,B09P6X1NP3,Would You Rather Couples Edition: Relationship Building Game for Couples,Pink Coffee Creations,Kindle,by,
0,https://www.amazon.com/dp/B09P6SBZ8N,B09P6SBZ8N,PREPARING FOR THE MAN YOU DESIRE,Mary Balogun,Kindle,by,
1,https://www.amazon.com/dp/B09P66TLNF,B09P66TLNF,How To Go From Ho to Housewife,Shanelle Shalom,Kindle,by,
0,https://www.amazon.com/dp/B09P5Z7SYR,B09P5Z7SYR,"FIGHTING FOR YOUR MARRIAGE: A complete Guide to Save, Revive, Strengthen and Rekindle Your Almost Collapsed Marriage",Gabriella Orlov,Kindle,by,
2,https://www.amazon.com/dp/B09P5NWQY1,B09P5NWQY1,Eros: What Is Your Definition of Love?,Rony Francois,Kindle,by,
0,https://www.amazon.com/dp/B09P4ZSHBZ,B09P4ZSHBZ,All I Wanted Was To Get Married,Uvoh Onoriobe,Kindle,by,
0,https://www.amazon.com/dp/B09PB6XNKW,B09PB6XNKW,LOVE JUST IS,Latasha Lawrence,Kindle,by,
0,https://www.amazon.com/dp/B09P5GLY1D,B09P5GLY1D,"How to Be a Good Wife Even in a Bad Marriage: A Modern Woman's Approach to Staying in Love, Staying Connected, and Staying Sexy!",Susan R. Lindo,Kindle,by,
0,https://www.amazon.com/dp/B09P4JNB3T,B09P4JNB3T,Keeping The Best For Last,Sami Desormeaux,Kindle,by,
0,https://www.amazon.com/dp/B09P4H5RKB,B09P4H5RKB,INTIMATE RELATIONSHIPS SECRETS ANSWERED: THE STEP-BY-STEP ROADMAP TO A LONG-LASTING RELATIONSHIP,Robert  Reigns,Kindle,by,
2,https://www.amazon.com/dp/B09NS9B1GN,B09NS9B1GN,How To Keep A Black Man,Jarray Walker,Kindle,by,
0,https://www.amazon.com/dp/B09P4GH2DP,B09P4GH2DP,HOW TO FIND MR. RIGHT: Discover Strategic Simple Ways And Places To Meet And Attract The Right Partner,Manny Hillson,Kindle,by,
0,https://www.amazon.com/dp/B09P3ZQ1VS,B09P3ZQ1VS,THE SECRETS TO A LASTING RELATIONSHIP: WAYS TO MAKE YOUR RELATIONSHIP LEAD TO MARRIAGE,Jenna Cupper,Kindle,by,
2,https://www.amazon.com/dp/B09P1LKXXZ,B09P1LKXXZ,"PROMISE TO BE FAITHFUL? REALLY? PROMISE?: BETRAYAL,FORGIVENESS,RESUMPTION",ERICA TEIXEIRA,Kindle,by,
3,https://www.amazon.com/dp/B09NXW9H5S,B09NXW9H5S,CONFLICTS are REWARDS for RELATIONSHIPS,ERNEST and CHINWE NWOKOLO,Kindle,by,
0,https://www.amazon.com/dp/B09NZDZYQC,B09NZDZYQC,"50 Quotes and Affirmations for Married Couples: Helping you to Live, Laugh, and Love more",Nakisha James,Kindle,|,
0,https://www.amazon.com/dp/B09NYMKMYH,B09NYMKMYH,GOD'S WILL: A NECESSARY OBLIGATION,SILAS TOM SILAS,Kindle,by,
0,https://www.amazon.com/dp/B09NXR6372,B09NXR6372,Practical Wisdom For Marriage Part One,Grace Aremu,Kindle,|,
0,https://www.amazon.com/dp/B09NWDN3KQ,B09NWDN3KQ,How to be a Good Wife: A Practical Guide to Having a Happy and Fulfilling Marriage Every Woman Craves,Bennett Gary,Kindle,by,
0,https://www.amazon.com/dp/B09NW8HQJN,B09NW8HQJN,HOW TO MAKE ANY MAN EMPTY HIS WALLET FOR YOU: 16 Secret Codes to Make Men Do Anything For You Without Demanding Sex,Soul'e  Rhymez,Kindle,by,
0,https://www.amazon.com/dp/B09NVW3BGB,B09NVW3BGB,EROS LOVE: The Heartbreak and Truth of Forbidden Love,Petra Snyman,Kindle,by,
0,https://www.amazon.com/dp/B09NVKMMT9,B09NVKMMT9,"TOWARDS MARITAL BLISS: 40 Pearls of Wisdom ""Before and After I Say I Do""",Prosper Laari,Kindle,by,
0,https://www.amazon.com/dp/B09NV64C11,B09NV64C11,No Divorce or Separation Allowed,Sierra Brooks,Kindle,by,
0,https://www.amazon.com/dp/B09NV3ZS6B,B09NV3ZS6B,How To Build Trust,Ukeme Johnnywriter,Kindle,by,
2,https://www.amazon.com/dp/B09NS3G3FC,B09NS3G3FC,"How to Plan a Wedding: A Roadmap to Guide You from Engagement to ""I Do""",Risa Weaver-Enion,Kindle,by,
0,https://www.amazon.com/dp/B09NT3S36S,B09NT3S36S,5 Steps to (Financially) Running a Household: Make Your Family Great (Free Investing Book 91),Joshua King,Kindle,|,
5,https://www.amazon.com/dp/B09NSVYVB9,B09NSVYVB9,The Professional Mom: How To Be A Stay-At-Home Mom and Raise Successful Children Without Losing Your Money or Your Mind,Lisa Woomer,Kindle,by,
0,https://www.amazon.com/dp/B09NSB24XL,B09NSB24XL,VIOLENCE AGAINST WOMEN BY SOME MEN AND ITS CAUSES,BAŞOL YÜCE,Kindle,by,
2,https://www.amazon.com/dp/B09N9XH2QW,B09N9XH2QW,Friendship Is An Art: Practical Guide to Determining Who Needs Friends & How To Be A Great Friend To Others,Lucille McKenzie,Kindle,by,
4,https://www.amazon.com/dp/B09NS48B8L,B09NS48B8L,Two Lives--One Memory: Remembering for Two,Steve J. Tassey,Kindle,by,
2,https://www.amazon.com/dp/B09NS24W66,B09NS24W66,"We Are One: ""Principles to Successful Marriage""",Rodney Rogers,Kindle,by,
4,https://www.amazon.com/dp/B09NRYC723,B09NRYC723,Waiting On Him....,Elder Paulette Morris,Kindle,by,
0,https://www.amazon.com/dp/B09NRJCCQG,B09NRJCCQG,Get Your Ex Back In One Week,Marco Roos,Kindle,by,
1,https://www.amazon.com/dp/B09NR1HKB7,B09NR1HKB7,F.O.C.U.S.: To Create Your Best Marriage,Philip van Heusen,Kindle,by,
0,https://www.amazon.com/dp/B09P83JC3M,B09P83JC3M,How to Successfully Fail Your Marriage: A Scientific Explanation to Why We Divorce,Marlon O. Cole,Kindle,by,
0,https://www.amazon.com/dp/B09NQPDLG5,B09NQPDLG5,"THE ALMIGHTY PRINCIPLE OF MARRIAGE: HOW TO MAKE IT WORK, A PRACTICAL GUIDE TO A LONG LASTING RELATIONSHIP",NAOMI CROWLEY,Kindle,by,
0,https://www.amazon.com/dp/B09NQG8JP8,B09NQG8JP8,Tips for a Happy Marriage or best marriage advice : building a strong and healthy marriage life,Omojuwa  Emmanuel,Kindle,by,
0,https://www.amazon.com/dp/B09NQDRLXG,B09NQDRLXG,Women Let's Reason Together,Gladys Ukattah,Kindle,by,
0,https://www.amazon.com/dp/B09NPDZY1Q,B09NPDZY1Q,Maintaining Relationships or how to maintain long term relationship: The keys to a healthy relationship,Omojuwa  Emmanuel,Kindle,by,
0,https://www.amazon.com/dp/B09NPCSYMF,B09NPCSYMF,Our Story: Crossing Oceans,JAMB O,Kindle,by,
2,https://www.amazon.com/dp/B09NN5V9S2,B09NN5V9S2,52 Lessons for a Better Relationship: A weekly lesson for a year (The Happy Squire Book 1),Chad David,Kindle,|,
0,https://www.amazon.com/dp/B09NPCX63F,B09NPCX63F,MEN'S DIFFERENT PERSPECTIVES TO WOMEN,BAŞOL YÜCE,Kindle,by,
0,https://www.amazon.com/dp/B09NP3CTNQ,B09NP3CTNQ,100 WAYS TO KEEP YOUR RELATIONSHIP STRONGER,GRACE  OGBONNAYA,Kindle,by,
0,https://www.amazon.com/dp/B09NMRYX3T,B09NMRYX3T,Fight For Your Marriage,Tich Tanyanyiwa,Kindle,by,
0,https://www.amazon.com/dp/B09NMQ43H5,B09NMQ43H5,"Anxiety in Relationship: The Ultimate Guide To Curing And Overcoming Jealousy, Toxic Thoughts, Insecurity, Emotional Attachment, Couple Conflict, and Sexual Anxiety.",Natalie Bache,Kindle,by,
0,https://www.amazon.com/dp/B09NMLYH2T,B09NMLYH2T,"Channeled Life Quotes: Spirituality, Relationships",Rezarta Shehu,Kindle,by,
0,https://www.amazon.com/dp/B09MKTRYL9,B09MKTRYL9,Lend me your ear and I'll give you my heart: The path to a happy love relationship,Sabine Bösel,Kindle,by,
1,https://www.amazon.com/dp/B09NLBXTGM,B09NLBXTGM,We Once Were Young,Richard Strawn,Kindle,by,
4,https://www.amazon.com/dp/B09NKCMNGM,B09NKCMNGM,The Best Revenge: A Great Life,Lauren P. Brown,Kindle,by,
0,https://www.amazon.com/dp/B09NLB2FS3,B09NLB2FS3,Married and Happy: Love and Relationship in Marriage,Don Ugwu,Kindle,by,
2,https://www.amazon.com/dp/B09NL1RFSX,B09NL1RFSX,A SIMPLE APPROACH TO NON-VIOLENT COMMUNICATION IN MARRIAGE: A Mindful and Easy Approach of Having A Non-Violent Communication with Your Spouse and Other People around You,ERIC ROBIN,Kindle,by,
0,https://www.amazon.com/dp/B09NHQQ531,B09NHQQ531,Starving Marriage: Seven Recipes for Nourishing Intimacy,Todd Daniel,Kindle,by,
1,https://www.amazon.com/dp/B09NHNWPG5,B09NHNWPG5,40 Questions Before A First Date: Age 40 Plus Edition,Rhonda Green,Kindle,by,
1,https://www.amazon.com/dp/B09NJYRM6F,B09NJYRM6F,"Marriagematics; secrets of great sex: Your completely safe guide to incredible, exciting and mutually enjoyable sex; for Christian couples",Olumide Okuneye,Kindle,by,
1,https://www.amazon.com/dp/B09NHNN1VN,B09NHNN1VN,Lemonade: Transform your divorce into something sweet,Kendall Davis,Kindle,by,
0,https://www.amazon.com/dp/B09NGZLWZG,B09NGZLWZG,"Strong Relationship : Friendship ,Love , Dating,Commitments & Wedding",ShazuMony ShazuMony,Kindle,by,
0,https://www.amazon.com/dp/B09NGW8NX4,B09NGW8NX4,A Woman with a purpose,Dr. Eunice T  Makananisa,Kindle,by,
0,https://www.amazon.com/dp/B09NFD86VN,B09NFD86VN,"ANXIETY AND COMMUNICATION IN RELATIONSHIP: Turn Struggles Relationship into an Asset Through The 8 Brilliant Guidelines to Oversee Anxiety, Communication barriers, insecurity, and EnRel",ABBEY BRYSON,Kindle,by,
0,https://www.amazon.com/dp/B09MJMLW2Q,B09MJMLW2Q,DEALING WITH THE CHALLENGES IN YOUR MARRIAGE: I Learned The Hard Way (Happy Marriages),Heig Chinengemambo,Kindle,|,
0,https://www.amazon.com/dp/B09MHVDBBC,B09MHVDBBC,WALKING THE AISLE: Ten Things You Must Know Before & After Marriage Vows (Happy Marriages),Heig Chinengemambo,Kindle,|,
0,https://www.amazon.com/dp/B09M9Y7G8L,B09M9Y7G8L,"I Am Capable: Look Beyond The Sky, That’s How Far You Can Go (Confident Woman Series)",Heig Chinengemambo,Kindle,|,
0,https://www.amazon.com/dp/B09NF3GYPL,B09NF3GYPL,"SIGNS OF BROKEN MARRIAGE AND SOLUTIONS: Love resembles a glass, in the event that you break it. It can be repaired, and if you repair it, it won’t be the same.",Tracy B.  Jones,Kindle,by,
0,https://www.amazon.com/dp/B09NCM883G,B09NCM883G,Muslim Perception of Marriage and Culture,Sheikh Muhammad Kamaludin,Kindle,by,
1,https://www.amazon.com/dp/B09NF64JTV,B09NF64JTV,Does the shoes fit?: Spouse Criteria,Duchess  Pier,Kindle,by,
0,https://www.amazon.com/dp/B09NF5RTSN,B09NF5RTSN,"The Principles That Makes Marriage Work: Discover The Practical Guide To Build A Lasting Home, Establish A Strong Bond, And Experience A More Joyful And Better Marriage.",Dr. Michael  Chapman PhD,Kindle,by,
0,https://www.amazon.com/dp/B09NDV495W,B09NDV495W,TOGETHER WE ROCK,KAVITA TULSIAN,Kindle,by,
0,https://www.amazon.com/dp/B09NCHPKBW,B09NCHPKBW,Bone Of His Bone: Wife On Assignment,Oluwayemisi Katherine  Okonji,Kindle,by,
3,https://www.amazon.com/dp/B09NCG4NQ3,B09NCG4NQ3,How to Live With a Difficult Man: 7 Key Principles Every Wife Needs to Know,Sally Hohnberger,Kindle,by,
0,https://www.amazon.com/dp/B09NLR4P58,B09NLR4P58,Wow the Worlds Shortest Novel,Keith C. Payne,Kindle,by,
1,https://www.amazon.com/dp/B09NCMHWQW,B09NCMHWQW,Quarantined in Despair,Sharon Williams,Kindle,by,
0,https://www.amazon.com/dp/B09NCKGWW1,B09NCKGWW1,50 Cutest Things for Her,Lina  Younes,Kindle,by,
1,https://www.amazon.com/dp/B09NCK4376,B09NCK4376,The Crowded Closet: A Female Partner’s Guide to Sharing Life With a Crossdresser,Leanne Ziler,Kindle,by,
0,https://www.amazon.com/dp/B09NCCX9RR,B09NCCX9RR,I’m Still Single on Purpose: For the Girls… and the Guys Who Love Them,Ogbeide Impact,Kindle,by,
0,https://www.amazon.com/dp/B09NC7KBLQ,B09NC7KBLQ,50 Cutest Things for Him,Lina Younes,Kindle,by,
0,https://www.amazon.com/dp/B09N9Z1V5T,B09N9Z1V5T,Kissing McKayla: and other women who blessed my life,Brad Ryder,Kindle,by,
0,https://www.amazon.com/dp/B09NB4BMCT,B09NB4BMCT,Things Change... But Where Does Family Stand?,Shandis  English,Kindle,by,
0,https://www.amazon.com/dp/B09NB1YPKF,B09NB1YPKF,I KNEW IT WAS OVER WHEN...,Sandra  Ghanem,Kindle,by,
0,https://www.amazon.com/dp/B09N9YF6D4,B09N9YF6D4,"THE WOMAN EVERY MAN WANTS TO MARRY: 12 proven ways to become an attractive and irresistible woman every man wants to love, value, respect and keep",Victoria  Adesiyan,Kindle,by,
0,https://www.amazon.com/dp/B09N8RQ7ST,B09N8RQ7ST,Avoiding Deadly Heartbreak,Rotimi  Akintunde,Kindle,by,
0,https://www.amazon.com/dp/B09MMP381K,B09MMP381K,"For Better and Worse: The Joy, Heartbreak and Life Lessons of Caregiving",Gregg Ratliff,Kindle,by,
4,https://www.amazon.com/dp/B09N7JVXPJ,B09N7JVXPJ,"The Husband, The Wife, and Their GOD (A FAMILY THAT PRAYS Book 1)",Florida Miller,Kindle,|,
0,https://www.amazon.com/dp/B09N7FRQL5,B09N7FRQL5,Youths In Relationships: What You Should Know Before You Commit To Marriage,Dr.Rev. Azwindini Ernest Tshibalo,Kindle,by,
0,https://www.amazon.com/dp/B09N6Z4154,B09N6Z4154,"Better Relationships - How to Have a Happier, Longer Relationships",dip sinha,Kindle,by,
0,https://www.amazon.com/dp/B09N4ZT49R,B09N4ZT49R,The Balanced Writer: Write Full-Time While Working Full-Time (Free Investing Book 82),Joshua King,Kindle,|,
0,https://www.amazon.com/dp/B09N2XT2RV,B09N2XT2RV,Relationship and Communication: Developing Effective Communication in Relationships,Jane Davis,Kindle,by,
0,https://www.amazon.com/dp/B09N2V1B5T,B09N2V1B5T,CRITICAL ISSUES IN MARRIAGE,GODWIN UWAOMA,Kindle,by,
0,https://www.amazon.com/dp/B09N2QLYJS,B09N2QLYJS,50 Tinder Bio Ideas,Vanessa Harold,Kindle,by,
0,https://www.amazon.com/dp/B09N219YYK,B09N219YYK,Healing From Divorce: How to rediscover happiness and reclaim a life you love after divorce,Melissa Sharman,Kindle,by,
0,https://www.amazon.com/dp/B09N1ZPSNY,B09N1ZPSNY,"Caring For Your Wife: Perfect Relationship Guidelines and Notebook Manual Journal for old couples, new couples and proposing using (6.0 x 9.0) inches in dimension with 173 pages.",Jay Kollins,Kindle,by,
0,https://www.amazon.com/dp/B09N1R4TYN,B09N1R4TYN,"How To Approach, Win And Talk To Strangers: The Act Of Talking To Strangers, Improving Your Social Skills, Communicating Better Using Small Talks And Making Friendly Relationship Effortlessly.",Brian Roberts,Kindle,by,
1,https://www.amazon.com/dp/B09N1M5BX3,B09N1M5BX3,"BE YOU, UNAPOLOGETICALLY: For women that are ready to find their own identity, after being lost in the storms of marriage.",FATHIMA ABDUL REHMAN,Kindle,by,
0,https://www.amazon.com/dp/B09N189N9C,B09N189N9C,Get Your Ex Back Fast,Vanessa  Harold,Kindle,by,
0,https://www.amazon.com/dp/B09N116XQP,B09N116XQP,Help for Heartbreak: Mending and Fixing a Broken Heart,Michele Gray,Kindle,by,
0,https://www.amazon.com/dp/B09MZP2BPB,B09MZP2BPB,Growing Your Spiritual Connection: A 28-Day Journey for Couples,Glen Solberg,Kindle,by,
0,https://www.amazon.com/dp/B09MZSCVRD,B09MZSCVRD,Manifest Your Ex Back Fast,Vanessa Harold,Kindle,by,
0,https://www.amazon.com/dp/B09MZP9PZB,B09MZP9PZB,8 ways to find He/She loves you,Banita Vinoth kumar,Kindle,by,
1,https://www.amazon.com/dp/B09MZKC836,B09MZKC836,"When He Starts Losing Interest in You, This is How to Get Him Back: Get Him to Love You All Over Again",Jessie Addison,Kindle,by,
1,https://www.amazon.com/dp/B09MZB7597,B09MZB7597,The Weight of Others: Diary of an experiment with polyamory,Juana  La Paz,Kindle,by,
0,https://www.amazon.com/dp/B09MZ2RTR8,B09MZ2RTR8,THE ROMANTIC SPOUSE,REMI-RONKE ADEWUSI,Kindle,by,
0,https://www.amazon.com/dp/B09MYM9QMG,B09MYM9QMG,Healing from Infidelity: Rebuilding Your Marriage After an Affair,Ronald Walker,Kindle,by,
0,https://www.amazon.com/dp/B09MY6R6QN,B09MY6R6QN,Medicine and Marriage: Medical Importance of Marriage.,Dr. Sir Osumeabo Sam Dabere,Kindle,by,
0,https://www.amazon.com/dp/B09MY29519,B09MY29519,SECRET OF HAPPY MARRIAGE,Henry Chijioke,Kindle,by,
0,https://www.amazon.com/dp/B09MW95FBL,B09MW95FBL,"In the Beginning: There Was God, Me & You 2: A Journey into a True Christian Romance",Angie BEE,Kindle,|,
2,https://www.amazon.com/dp/B09MYC4WT5,B09MYC4WT5,"The Art of Connection: A Guidebook for Couples : Cultivating Authentic Connection through Movement, Play & Vulnerability",Victoria Calamusa,Kindle,by,
0,https://www.amazon.com/dp/B09MWNPNP8,B09MWNPNP8,"My love Note Book.Write Love moments 6""x9"" 100 Pages: My love Note Book.Write Love moments 6""x9"" 100 Pages.You can write your love moments for her/him.",J Hut,Kindle,by,
0,https://www.amazon.com/dp/B09MVFTSL6,B09MVFTSL6,Marriage for Success: How to help young people make informed marriage decision,Kenny          Pawa Ambiasi,Kindle,by,
0,https://www.amazon.com/dp/B09M6WNQSV,B09M6WNQSV,saying I DO to the one : a guide to finding your soul mate,Andrew Alley M,Kindle,by,
2,https://www.amazon.com/dp/B09PJVF81F,B09PJVF81F,"Accounts, OF LIFE : Healing Through Accountability",LeKeiven Burrow,Kindle,by,
4,https://www.amazon.com/dp/B09PJTD6X8,B09PJTD6X8,The Self Complex: 5 Ways the enemy uses you to distract you,Heather Harrison,Kindle,by,
1,https://www.amazon.com/dp/B09PJRFSFS,B09PJRFSFS,Dreams of Destiny,Olatunde Odeyemi,Kindle,by,
0,https://www.amazon.com/dp/B09PJPL2DN,B09PJPL2DN,Sense 4 Love: Empowered Reflections About Love and Relationships,G. Betancur,Kindle,by,
3,https://www.amazon.com/dp/B09PJLY1YY,B09PJLY1YY,K.V.I.B.E. WITH ME: & LET'S MASTER THE GAME OF LIFE TOGETHER,BELOVED ROSE,Kindle,by,
0,https://www.amazon.com/dp/B09PJLJ8PW,B09PJLJ8PW,Damaged in Disguise: Removing the Mask and Facing Victory,Raeven Goodman,Kindle,by,
1,https://www.amazon.com/dp/B09PJLGQJ8,B09PJLGQJ8,I’m in charge of my narrative : a memoir of resilience,Mejury Chipato,Kindle,by,
0,https://www.amazon.com/dp/B09PJKVZDK,B09PJKVZDK,"Awaken, Enlighten and Rise",Vartika Gupta,Kindle,by,
5,https://www.amazon.com/dp/B09PJT7VG8,B09PJT7VG8,Our 2 Miracle Babies: A True Story about Hope and Faith,Louis F.  Donati III,Kindle,by,
4,https://www.amazon.com/dp/B09PJ45XVV,B09PJ45XVV,30 Days of Bible-Themed Fasting with Keto Dieting: A Guide to Self-Improvement,Eunice Mwamini,Kindle,by,
1,https://www.amazon.com/dp/B09P9PK2DB,B09P9PK2DB,Blueberries In My Salad: My Forever Journey Towards Fitness & Strength,Amit Arora,Kindle,|,
1,https://www.amazon.com/dp/B093WYZXL4,B093WYZXL4,Eye of the Storm: Tempest Knox Series Book 3 (Rising Storm),Kat Gracey,Kindle,|,
2,https://www.amazon.com/dp/B09PJMKYF4,B09PJMKYF4,"The Professor Challenger Stories: The Lost World, The Poison Belt and The Land of Mist",Arthur Conan Doyle,Kindle,by,
2,https://www.amazon.com/dp/B09PJVH3FL,B09PJVH3FL,Hastur's Canvas,Remco van Straten,Kindle,by,
0,https://www.amazon.com/dp/B09LP65BJV,B09LP65BJV,Darkened Paths: 12 Dark Fantasy & Horror Short Stories (Wendy Nikel Short Story Collections),Wendy Nikel,Kindle,|,
5,https://www.amazon.com/dp/B09PJQ774R,B09PJQ774R,A CHRISTMAS HORROR: RAVAGED AND SEEDED BY THE MONSTER IN THE FOREST,Vera Seleau,Kindle,by,
0,https://www.amazon.com/dp/B09PJ667TC,B09PJ667TC,Watercolor Seasons Vol4 Winter : Celebrate Winter in vivid watercolors: Celebrate Winter in vivid watercolors - Tutorial 56 pages - Easy to follow - (Wieland´s Watercolor Seasons),Carsten Wieland,Kindle,|,
1,https://www.amazon.com/dp/B09Z9FPBW7,B09Z9FPBW7,Mid-Century Modern – Visionary Furniture Design from Vienna,Caroline Wohlgemuth,Kindle,by,
1,https://www.amazon.com/dp/B09PJQ9DW2,B09PJQ9DW2,Walking on Water: A Simple Guide to Building your own Stand-up Paddleboard,Mark Schultz,Kindle,by,
0,https://www.amazon.com/dp/B09RMH69FM,B09RMH69FM,Quick Guideline to Prepare Paperback Book Interior and Cover Files Using Different Applications,Dr. Hidaia Mahmood Alassouli,Kindle,by,
0,https://www.amazon.com/dp/B09PJTKGY5,B09PJTKGY5,"Dogs and Cats First, Then People!: Unconditional love is only available in one place!",Morgan Chambers,Kindle,by,
0,https://www.amazon.com/dp/B09PJRKD79,B09PJRKD79,Beaded Snowflake Ornaments ~ 2 Sewing Patterns (Sewing Patterns for Teens & Adults),June McCrary Jacobs,Kindle,|,
1,https://www.amazon.com/dp/B09PJRJ9HT,B09PJRJ9HT,"Wilderness Survival Guide: A Bushcraft Field guide to Foraging, Trapping, Fishing and Preparing for the unexpected, Shelter and Self-Preservation",Joseph Collins,Kindle,by,
0,https://www.amazon.com/dp/B09PJQJW83,B09PJQJW83,"Henri Rousseau’s Mandrill in the jungle (1909) | cross stitch pattern: Wildlife naive art collection, embroidery color chart for adults",TheCrossStitch  by MsKapolo,Kindle,by,
0,https://www.amazon.com/dp/B09PJQ53H2,B09PJQ53H2,"Henri Rousseau’s naive art| cross stitch pattern: Flower bouquet, rabbit, mandrill, 3-artwork collection, aesthetic embroidery color chart for adults",TheCrossStitch by MsKapolo,Kindle,by,
1,https://www.amazon.com/dp/B09PJPTSW3,B09PJPTSW3,"Inspired Living - Faith-Filled Reflections for a Life Without Limitations, Volume III",Anita Sechesky,Kindle,by,
0,https://www.amazon.com/dp/B09PJN7LM5,B09PJN7LM5,Blackwork Band Sampler Book 4 Blackwork Pattern,Jonathan Black,Kindle,by,
0,https://www.amazon.com/dp/B09PJMFKSD,B09PJMFKSD,Valentine's Day Quotes Vol. 2 | Counted Cross Stitch Pattern Book: Large Sayings for Simple Stitching with Customizable Colors (Valentine's Day Quotes Cross Stitch Patterns),Maggie Smith,Kindle,|,
1,https://www.amazon.com/dp/B09PJMBN92,B09PJMBN92,Valentine's Day Quotes | Counted Cross Stitch Pattern Book: Large Sayings for Simple Stitching with Customizable Colors (Valentine's Day Quotes Cross Stitch Patterns),Maggie Smith,Kindle,|,
0,https://www.amazon.com/dp/B09PJLQRXX,B09PJLQRXX,Bunce Island: Windwards Coast Harbor,Tony Angelo,Kindle,by,
0,https://www.amazon.com/dp/B09PJLL9JV,B09PJLL9JV,The memories i had with my dog: My beloved dog,Ernest Anosike,Kindle,by,
4,https://www.amazon.com/dp/B09PJK4XNY,B09PJK4XNY,A MATTER OF SECURITY,Matthew Jordan,Kindle,by,
1,https://www.amazon.com/dp/B09PJ8898L,B09PJ8898L,"11 Ways to get rid of gnats in your houseplants: Sure ways to prevent fungus gnats, and track your progress along your plant parent journey.",khasi mcdaniel,Kindle,by,
0,https://www.amazon.com/dp/B09PC35XH5,B09PC35XH5,Number Monster: Chinese Characters for Infants and Young Children (Number Monster's Exploration of the Earth Book 1),Song Hyun Ho,Kindle,by,
1,https://www.amazon.com/dp/B09MR6SVJ3,B09MR6SVJ3,Squeezing It In: Designing for compact spaces,Mary Leslie,Kindle,by,
1,https://www.amazon.com/dp/B09PH77Y47,B09PH77Y47,"Valentine's Day Gnomes and Quotes | Counted Cross Stitch Patterns: Collection of Large Full Color Charts, Simple and Easy to Read Symbols",Maggie Smith,Kindle,by,
0,https://www.amazon.com/dp/B09LX1DY37,B09LX1DY37,Architecture of Threshold Spaces: A Critique of the Ideologies of Hyperconnectivity and Segregation in the Socio-Political Context (Routledge Research in Architecture),Laurence Kimmel,Kindle,by,
2,https://www.amazon.com/dp/B09PHZ639R,B09PHZ639R,Pet Reincarnation: It Happens All the Time,Charlie Duffy,Kindle,by,
0,https://www.amazon.com/dp/B09PHZNFTN,B09PHZNFTN,Be You by Design: The Ultimate Guide in Discovering You Through Design,Geraldine  Howe,Kindle,by,
2,https://www.amazon.com/dp/B09PHDY2FH,B09PHDY2FH,"Russian tortoise as pet Handbook: Full Guide on Russian Tortoises Nurturing; Includes Feeding Pattern, behavior, Health issues, humidity, handling & cost of getting One as a Pet + visible images",Billy Wealthy,Kindle,by,
0,https://www.amazon.com/dp/B09MSP79MM,B09MSP79MM,"Organizational Transformation and Order Reconstruction in ""Village-Turned-Communities"" (China Perspectives)",WU Ying,Kindle,|,
0,https://www.amazon.com/dp/B09PJ2G5RK,B09PJ2G5RK,"Modern Saunas and Steam Baths: For Health, Relaxation and Detoxification",Michael Ducharme,Kindle,by,
0,https://www.amazon.com/dp/B09PHXQF6N,B09PHXQF6N,Garden Journal,Keith Thuerk,Kindle,by,
1,https://www.amazon.com/dp/B09PHVTCNF,B09PHVTCNF,The Roofing Industry Secrets REVEALED: Everything you Must Know PRIOR to Hiring a Roofer,Brian Barnes,Kindle,by,
0,https://www.amazon.com/dp/B09PHTH2C1,B09PHTH2C1,How to Home: Countertops,Joseph Kamper,Kindle,by,
0,https://www.amazon.com/dp/B09PH7H656,B09PH7H656,"Reticulated python care book made simple: Full Guide on Reticulated python Nurturing; Includes Feeding Pattern, behavior, Health issues, humidity, substrate & Picking a less aggressive One as a Pet",Billy Wealthy,Kindle,by,
0,https://www.amazon.com/dp/B09M95PLZ5,B09M95PLZ5,Appropriated Interiors,Deborah Schneiderman,Kindle,by,
2,https://www.amazon.com/dp/B09MSP51ZB,B09MSP51ZB,Quantity Surveying Practice: The Nuts and Bolts,Chung Wai Calvin Keung,Kindle,by,
2,https://www.amazon.com/dp/B09PFBFR3X,B09PFBFR3X,Magna Engineering Model 10-E/ER Shopsmith Power Tool Restoration,Benjamin Jones,Kindle,by,
4,https://www.amazon.com/dp/B09PGKGNRZ,B09PGKGNRZ,Writers Magazine (November Edition),Writers Community,Kindle,by,
0,https://www.amazon.com/dp/B0GR6M7BG3,B0GR6M7BG3,Building for Well-Being: Exploring Health-Focused Rating Systems for Design and Construction Professionals,Traci Rose Rider,Kindle,by,
0,https://www.amazon.com/dp/B09PGT71FJ,B09PGT71FJ,WORM FARMING TECHNIQUES,Aibee Wilson,Kindle,by,
0,https://www.amazon.com/dp/B09PGSPV43,B09PGSPV43,Introduction to Built Asset Management,Anthony Higham,Kindle,by,
4,https://www.amazon.com/dp/B09PGDZW84,B09PGDZW84,The Everyday Family Chore System: Raising Kids Who Help at Home (The Everyday Homemaking Series),Vicki Bentley,Kindle,|,
2,https://www.amazon.com/dp/B09PGW1Y4G,B09PGW1Y4G,Dado Jig,Paul Anderson,Kindle,by,
2,https://www.amazon.com/dp/B09PGTZPTT,B09PGTZPTT,Life With Missy: A Diabetic Cat,Noelle Garcia,Kindle,by,
0,https://www.amazon.com/dp/B09PGTMJ4N,B09PGTMJ4N,Misshapen Presents: Three Weird Christmas Comic Book Stories (Comic Book Hinterlands 3),David Macpherson,Kindle,|,
0,https://www.amazon.com/dp/B09PGPS4SK,B09PGPS4SK,Jugnu Bhayia & The Cat : Bilingual Edition English-Urdu,Sam A,Kindle,by,
5,https://www.amazon.com/dp/B09PGP8QDV,B09PGP8QDV,"TARANTULAS BEGINNERS GUIDE: CARE , HOUSING ; FEEDING ; HEALTH & FACTS",JEFF ANNY,Kindle,by,
0,https://www.amazon.com/dp/B09PGNV4F9,B09PGNV4F9,THE GOOD CHILDREN,Morag Higgins,Kindle,by,
3,https://www.amazon.com/dp/B09PGMWG25,B09PGMWG25,Organizing You: The Handbooks -- The Complete Collection (Organizing You Handbooks Book 1),Shannon Upton,Kindle,|,
1,https://www.amazon.com/dp/B09PGGN5KJ,B09PGGN5KJ,Become a great father: Secrets that will help you become a great father and perfect husband of your family,Blaze EMC,Kindle,by,
2,https://www.amazon.com/dp/B09PGBS1LS,B09PGBS1LS,Styles and Concepts of Landscape Design: Decor in the your garden,Linda T. Johnson,Kindle,by,
0,https://www.amazon.com/dp/B09PG9QV82,B09PG9QV82,Hydropower to Empower the Poor,Mazhar Iqbal  Mazhar,Kindle,by,
0,https://www.amazon.com/dp/B09PFWSCQS,B09PFWSCQS,You Got This,Lynnette Nordli,Kindle,by,
0,https://www.amazon.com/dp/B09PFV1QR9,B09PFV1QR9,The Life Story Of A Dog With Three Legs: A Touching Yet Must-Read Book Everyone Should Have,Alethea Palmucci,Kindle,by,
2,https://www.amazon.com/dp/B09PFTT4PG,B09PFTT4PG,A Touching Story About A Brave Dog: From Being Abused To Being Loved And Cared By An Owner,Chance Racko,Kindle,by,
0,https://www.amazon.com/dp/B09PFT37HB,B09PFT37HB,"A Dog With Three Legs: Love, Friendship And A Story About Dog Every Human Must Read",Cortez Kowis,Kindle,by,
0,https://www.amazon.com/dp/B09PFK1C3M,B09PFK1C3M,Bootsy the Cat: Where did you come from?,Morgan Chambers,Kindle,by,
4,https://www.amazon.com/dp/B09PFCBMBY,B09PFCBMBY,Alice's Adventures in Garage Sale Land: A Decade of Saturdays Gone to Garage Sales,Alice Horton,Kindle,by,
4,https://www.amazon.com/dp/B09PCCBMKT,B09PCCBMKT,"Dog Health: For dog owners who aren't perfect, this is the ideal manual, Canine Health, The definitive guide on pet health, advanced nutrition and holistic dog care",Blkcm Bnkcm,Kindle,by,
5,https://www.amazon.com/dp/B09PF5478G,B09PF5478G,Cricut for Beginners : The Best Tips and Craft Ideas to Get Started with your Cutting Machine!,Melinda Hookers,Kindle,by,
0,https://www.amazon.com/dp/B09PLV1L5T,B09PLV1L5T,How to Grow Cannabis Zone 8-11,David Bowen,Kindle,by,
0,https://www.amazon.com/dp/B09PFGC1P2,B09PFGC1P2,50 Creative Writing Prompts for Adults : Creative Prompts to Write More,Wahasis Books,Kindle,by,
0,https://www.amazon.com/dp/B09PFF2B7F,B09PFF2B7F,45 Baby Nursery Decorating Ideas: Golden idea for super mom,Mark Owens,Kindle,by,
0,https://www.amazon.com/dp/B09PF95GT2,B09PF95GT2,How To Grow Tomatoes: and 45 Cooking Recipes,Sandra Forest,Kindle,by,
0,https://www.amazon.com/dp/B09PF7S4MH,B09PF7S4MH,Ocean: Journal,Khalida Zulqurnain,Kindle,by,
3,https://www.amazon.com/dp/B09PF5KC53,B09PF5KC53,Pokemon My Card List Topsun 1995 Green ver.,Master yoda,Kindle,by,
1,https://www.amazon.com/dp/B09PF3VKD3,B09PF3VKD3,MY COUNTRYSIDE FARM: 64 FARM PROJECTS STEP BY STEP FOR BIGINNERS,Daniel Dorin Tăbăcaru,Kindle,by,
0,https://www.amazon.com/dp/B09PF2JZRC,B09PF2JZRC,Keep Your Marriage Happiest Ever: Practical Tips And Tricks To Improve Your Marriage,Rayford Magee,Kindle,by,
0,https://www.amazon.com/dp/B09PF22GQX,B09PF22GQX,A Happy Marriage: A Collection Of 5 Essential Pillars That Help To Save Your Marriage,Mckinley Baumgartner,Kindle,by,
1,https://www.amazon.com/dp/B09PF1Y94T,B09PF1Y94T,Woodworking: The Ultimate Guide to Building Creative Projects (A Step-by-step Beginner's Guide to Woodworking and Its Techniques),Kristi Olivarria,Kindle,by,
0,https://www.amazon.com/dp/B09PF1NPTP,B09PF1NPTP,A German Shephard Story: The Connections Between Humans & Dogs,Charles Street,Kindle,by,
0,https://www.amazon.com/dp/B09PF15RWD,B09PF15RWD,A Practical Guide To A Happy Married Life: Five Important Pillars That Could Save Your Marriage,Akilah Blackbum,Kindle,by,
0,https://www.amazon.com/dp/B09PDY2T2M,B09PDY2T2M,Red Arrows Tea Cosy: Knitting Pattern,Susan Cowper,Kindle,by,
1,https://www.amazon.com/dp/B09PDHZ68D,B09PDHZ68D,Pieces of Nature (Pieces of Nature notebooks etc),T.L. Rose,Kindle,|,
0,https://www.amazon.com/dp/B09PDH366Y,B09PDH366Y,月刊 秋田犬 タム Monthly Akita Inu Tam Vol.12: みんな秋田犬が好きになる / Everyone loves Akita dogs,佐藤 誠一,Kindle,by,
0,https://www.amazon.com/dp/B09PCZH1TS,B09PCZH1TS,Features of Punk Rock Style in the Interior: Design and interior decoration,Rebecca S. Stevens,Kindle,by,
1,https://www.amazon.com/dp/B09PBYS4XR,B09PBYS4XR,Modular Origami Airplanes,MIchael Weinstein,Kindle,by,
1,https://www.amazon.com/dp/B09PC4ZJJZ,B09PC4ZJJZ,Live Van Learn : Van Plans and Conversion Guide,Danielle Parsons,Kindle,by,
0,https://www.amazon.com/dp/B09L2G2DDH,B09L2G2DDH,Radical Functionalism: A Social Architecture for Mexico (Routledge Research in Architecture),Luis E. Carranza,Kindle,|,
0,https://www.amazon.com/dp/B09Q5KSZ1Z,B09Q5KSZ1Z,how architecture can save the world from global climate change: architectural suggestions on strategic use of greenhouse gas sequestering materials that ... C[O2] in the context of a boreal biome,Tommy Vince,Kindle,by,
0,https://www.amazon.com/dp/B09PC8GYS3,B09PC8GYS3,AQAUPONIC GARDENING: Thе Mоѕt Effective Method Tо Design An Aquaponic Gardening Also Instructions Tо Grow In Aquaponic Gardening,Joshua Frank,Kindle,by,
4,https://www.amazon.com/dp/B09PC7LVTW,B09PC7LVTW,THE ULTIMATE GUIDE TO CANNABIS BREEDING : Cannabis Brееdіng Fоr Hоmе Growers And Thе Futurе Of CBD,Joshua Frank,Kindle,by,
0,https://www.amazon.com/dp/B09PC7DYZ3,B09PC7DYZ3,BONSAI TREE HANDBOOK FOR BEGINNERS : The Ultimate Guide To Bonsai Tree For Beginners Also Holders Fоr Bonsai,Joshua Frank,Kindle,by,
2,https://www.amazon.com/dp/B09PC6VRCK,B09PC6VRCK,One Piece the book of D .: a guide and invitation for all (Dive into One Piece 2),Joe  D. Cipolletta,Kindle,by,
4,https://www.amazon.com/dp/B09PC6MNC6,B09PC6MNC6,"Coin Collecting for Beginners: A Detailed Reference Guide to Start Your Coin Collection with Tips, Hacks and Tricks to Help You Find, Value, Preserve and Profit from Your Hobby",Louie J.  Bennett,Kindle,by,
0,https://www.amazon.com/dp/B09PC6695Y,B09PC6695Y,BALCONY GARDENING FOR BEGINNERS: Flоwеrѕ Fоr Bаlсоnу Gаrdеnѕ And Cаrе Fоr Bаlсоnу Gаrdеn Plаntѕ,Joshua Frank,Kindle,by,
0,https://www.amazon.com/dp/B09PC4CKHR,B09PC4CKHR,"Bonsai: A complete guide to growing and maintaining your bonsai. Detailed explanations for cultivation, pruning and spinning. Grow and Love Your Bonsai!",Naoki Shizen,Kindle,by,
2,https://www.amazon.com/dp/B09PBV5W8G,B09PBV5W8G,Tiny Homes: The Step-by-step Guide to Shipping Tiny House (The Ultimate Easy Guide to Discover How to Building Your Dream Home),Laura Pennell,Kindle,by,
1,https://www.amazon.com/dp/B09PBKQHG5,B09PBKQHG5,Mindful Art Therapy 101: How to Tap Into the Power of Art And Coloring to Become More Mindful,Better Life Journals,Kindle,by,
0,https://www.amazon.com/dp/B09P9WYXC1,B09P9WYXC1,I Wanna Go Outside,Tina Thomas,Kindle,by,
5,https://www.amazon.com/dp/B09P9NKL61,B09P9NKL61,But Are You Really Sorry: The poetry journal to bring colour & healing back into your life,Aniqah Be,Kindle,by,
3,https://www.amazon.com/dp/B09P8JPD3W,B09P8JPD3W,Pokemon My Card List Topsun 1995 Blue ver.,Master yoda,Kindle,by,
1,https://www.amazon.com/dp/B09P839F5Z,B09P839F5Z,American Cocker Spaniel Dog: A Spaniel Type Dog That is Closely Related to The English Cocker Spaniel,LASSITER ELIZABETH,Kindle,by,
0,https://www.amazon.com/dp/B09P83KZXP,B09P83KZXP,Taiwan Dog Breed: Interesting Stories About The Life of A Rescued Taiwan Dog,LASSITER ELIZABETH,Kindle,by,
1,https://www.amazon.com/dp/B09P82SDVW,B09P82SDVW,York Chocolate Cat: Interesting Facts About York Chocolate Cats,LASSITER ELIZABETH,Kindle,by,
1,https://www.amazon.com/dp/B09P8KYL4G,B09P8KYL4G,Enchanting Tales of the Ancient World A Dual Book Set: Greek Mythology & Celtic Mythology,Isaiah Covington,Kindle,by,
3,https://www.amazon.com/dp/B09P8RSVHS,B09P8RSVHS,White Swiss Shepherd Dog: Amazing & Fun Facts About White Swiss Shepherd Dog,LASSITER  ELIZABETH,Kindle,by,
2,https://www.amazon.com/dp/B09P82WVY1,B09P82WVY1,Catahoula Leopard Dog: What You Need to Know Before Bringing Home a Catahoula Leopard Dog?,LASSITER ELIZABETH,Kindle,by,
0,https://www.amazon.com/dp/B09P83F5DR,B09P83F5DR,Jack Russell Terrier Dog: All Information About Jack Russell Terrier Dog,LASSITER ELIZABETH,Kindle,by,
0,https://www.amazon.com/dp/B09P82Z1KH,B09P82Z1KH,New Guinea Singing Dog: Learn About New Guinea Singing Dog,LASSITER ELIZABETH,Kindle,by,
0,https://www.amazon.com/dp/B0D366RFN4,B0D366RFN4,"Polymer-Silica Based Composites in Sustainable Construction: Theory, Preparation and Characterizations",Harrison Shagwira,Kindle,by,
0,https://www.amazon.com/dp/B09PFTTVHM,B09PFTTVHM,Finding a Home,Julie Lane,Kindle,by,
2,https://www.amazon.com/dp/B09P9YTR55,B09P9YTR55,Wholesale Home Decor Suppliers - Interior Design Vendor List - Wholesale Upholstery Supplies - Essential Tools for Interior Designers,Business Success Shop,Kindle,by,
0,https://www.amazon.com/dp/B09P9TW6SP,B09P9TW6SP,Handcrafted,Robert Williams,Kindle,by,
0,https://www.amazon.com/dp/B09P9LCLWQ,B09P9LCLWQ,2022 Holiday greeting card: Snowflakes holiday gift card,Rofiat Olatunji,Kindle,by,
0,https://www.amazon.com/dp/B09P9JMYV5,B09P9JMYV5,How To Grow Chicks: Practice guide,Sandra  Forest,Kindle,by,
0,https://www.amazon.com/dp/B09P8VRTQY,B09P8VRTQY,"French Bulldog: A Breed of Domestic Dog, Bred to Be Companion Dogs",LASSITER ELIZABETH,Kindle,by,
0,https://www.amazon.com/dp/B09P8VJHMP,B09P8VJHMP,"Tips for Apartment Gardening: Complete Guide To Grow Vegatable, Herbs, Plant, Organics, Microgreens and Flower & How To Start An Apartment Garden",Joshua Frank,Kindle,by,
1,https://www.amazon.com/dp/B09P8T5L67,B09P8T5L67,American Shorthair Cat: Information and Personality Traits of American Shorthair Cat,LASSITER ELIZABETH,Kindle,by,
0,https://www.amazon.com/dp/B09P8RDV6G,B09P8RDV6G,How To Grow Celery: Practice Guide,Sandra  Forest,Kindle,by,
0,https://www.amazon.com/dp/B09P8R7ZMJ,B09P8R7ZMJ,Belgian Shepherd Tervuren Dog: Together Discover Belgian Shepherd Tervuren Dog,LASSITER ELIZABETH,Kindle,by,
0,https://www.amazon.com/dp/B09P8NCQZT,B09P8NCQZT,Companion Animal Health: Professional Manual (PetFacts by Dr David M Horan (Veterinary Surgeon) Book 7),Dr David M. Horan,Kindle,|,
0,https://www.amazon.com/dp/B09P8J6KW6,B09P8J6KW6,PET SITTING: EARNING MADE EASY,Aibee Wilson,Kindle,by,
1,https://www.amazon.com/dp/B09P8G9WVF,B09P8G9WVF,THE SECRET VERTICAL TOWER GARDEN,Aibee Wilson,Kindle,by,
0,https://www.amazon.com/dp/B09P85F14J,B09P85F14J,Pungsan Dog: How Well Do You Know About Pungsan Dog?,LASSITER ELIZABETH,Kindle,by,
0,https://www.amazon.com/dp/B09P84VZ7Q,B09P84VZ7Q,Canarian Warren Hound Dog: Do You Know These Facts About the Warren Hound Canarian?,LASSITER ELIZABETH,Kindle,by,
0,https://www.amazon.com/dp/B09P84Q8WC,B09P84Q8WC,"American Akita Dog: History, Temperament Information About American Akita",LASSITER ELIZABETH,Kindle,by,
0,https://www.amazon.com/dp/B09P8468D1,B09P8468D1,Alaskan Malamute Dog: A Large Breed of Dog That was Originally Bred for Strength and Endurance,LASSITER ELIZABETH,Kindle,by,
0,https://www.amazon.com/dp/B09P845RR3,B09P845RR3,Afghan Hound Dog: The Breed is Selectively Bred for Its Unique Features in The Cold Mountains of Afghanistan,LASSITER ELIZABETH,Kindle,by,
0,https://www.amazon.com/dp/B09P842MB8,B09P842MB8,Thai Cat Breed: Thai Cat Breed - Everything That You Need to Know at A Glance!,LASSITER ELIZABETH,Kindle,by,
0,https://www.amazon.com/dp/B09P841NLG,B09P841NLG,Serrade Petit Cat Breed: Fun Facts About Serrade Petit Cat,LASSITER ELIZABETH,Kindle,by,
0,https://www.amazon.com/dp/B09P84113Z,B09P84113Z,"American Eskimo Dog: Full Profile, History, and Care about American Eskimo Dog",LASSITER ELIZABETH,Kindle,by,
0,https://www.amazon.com/dp/B09P83Z2YH,B09P83Z2YH,Miniature Pinscher Dog: Miniature Pinscher Dog Breed Information & Characteristics,LASSITER ELIZABETH,Kindle,by,
0,https://www.amazon.com/dp/B09P83YDGQ,B09P83YDGQ,American Staffordshire Terrier Dog: American Staffordshire Terrier Dog Breed Information,LASSITER ELIZABETH,Kindle,by,
0,https://www.amazon.com/dp/B09P83VWZW,B09P83VWZW,Raas Cat: A Guide to the Raas Cat,LASSITER ELIZABETH,Kindle,by,
0,https://www.amazon.com/dp/B09P83VP6J,B09P83VP6J,Thai Ridgeback Dog: Thai Ridgeback Dog Breed Information,LASSITER ELIZABETH,Kindle,by,
0,https://www.amazon.com/dp/B09P83P12N,B09P83P12N,HERITAGE A NEW PARADIGM : AN IMMEDIATE LMI SOLUTION,Laxman Shankar,Kindle,by,
0,https://www.amazon.com/dp/B09P83N71F,B09P83N71F,"Turkish Vankedisi Cat: Do You Know About Turkish Vankedisi Cat, Don’t You?",LASSITER ELIZABETH,Kindle,by,
0,https://www.amazon.com/dp/B09P83N3B2,B09P83N3B2,"Korat Cat: Full Profile, History, and Care",LASSITER ELIZABETH,Kindle,by,
0,https://www.amazon.com/dp/B09P83J43C,B09P83J43C,American Foxhound Dog: Is the American Foxhound Right for You?,LASSITER ELIZABETH,Kindle,by,
0,https://www.amazon.com/dp/B09P83H6Q4,B09P83H6Q4,Chihuahua Dog: The Smallest Breeds of Dog is Named After The Mexican State of Chihuahua,LASSITER ELIZABETH,Kindle,by,
0,https://www.amazon.com/dp/B09P83DLVX,B09P83DLVX,Caucasian Shepherd Dog: Which Do You Know About The Life of Caucasian Shepherd Dog,LASSITER ELIZABETH,Kindle,by,
0,https://www.amazon.com/dp/B09P838Q3J,B09P838Q3J,Golden Retriever Dog: A Medium-large Gun Dog That was Bred to Retrieve Shot Waterfowl,LASSITER ELIZABETH,Kindle,by,
0,https://www.amazon.com/dp/B09P8372V2,B09P8372V2,Telomian Dog: Amazing & Fast Facts About Telomian Dog,LASSITER ELIZABETH,Kindle,by,
0,https://www.amazon.com/dp/B09P834LD9,B09P834LD9,Smooth Fox Terrier Dog: Basic Information About Smooth Fox Terrier Dog,LASSITER ELIZABETH,Kindle,by,
0,https://www.amazon.com/dp/B09P82Z65N,B09P82Z65N,Oregon Rex Cat: All Information About Oregon Rex Cat,LASSITER ELIZABETH,Kindle,by,
0,https://www.amazon.com/dp/B09P82Z5GX,B09P82Z5GX,Dogo Argentino Breed Information: Everything That You Need to Know about Dogo Argentino Dog,LASSITER ELIZABETH,Kindle,by,
0,https://www.amazon.com/dp/B09P82TSLC,B09P82TSLC,Australian Cattle Dog: Learn About Australian Cattle Dog,LASSITER ELIZABETH,Kindle,by,
2,https://www.amazon.com/dp/B09P82P86H,B09P82P86H,Caucasian Ovcharka Puppies: The Ultimate Guide to The Caucasian Ovcharka Puppies,LASSITER ELIZABETH,Kindle,by,
0,https://www.amazon.com/dp/B09P82JV7F,B09P82JV7F,Poodle Breed Information: Everything You Need to Know about Poodle Dog,LASSITER ELIZABETH,Kindle,by,
0,https://www.amazon.com/dp/B09P82HGZX,B09P82HGZX,Borzoi Dog: What You Need to Know Before Bringing Home a Borzoi Dog?,LASSITER ELIZABETH,Kindle,by,
0,https://www.amazon.com/dp/B09P7TTMQB,B09P7TTMQB,Verified Wholesale Paint Supplies Vendor List - Contractor and Painting Equipment - Commercial Painting Supplier List,Business Success Shop,Kindle,by,
5,https://www.amazon.com/dp/B09P7975KQ,B09P7975KQ,518 Kusudama Journey,Prw Origami,Kindle,by,
1,https://www.amazon.com/dp/B09P7P4WDH,B09P7P4WDH,The Making of A Bird Nanny,Paul Hesch,Kindle,by,
0,https://www.amazon.com/dp/B09P7RJM6D,B09P7RJM6D,Color with Bob Ross's Words : Color over 20 fun pages filled with Bob Ross' evergreen quotes,Adya Bhushan,Kindle,by,
0,https://www.amazon.com/dp/B09P7QQMN2,B09P7QQMN2,AN AUSSIE WEREWOLF in the OUTBACK: Strewth - It's Drippy!,"Bill 'SCRATCH"" CUNNINGHAM",Kindle,by,
0,https://www.amazon.com/dp/B09P7QKTJS,B09P7QKTJS,"Natural Soap Making Business From Home 2022-2023: An Essential Guide On Soapmaking Process, Methods, And Recipes For Beginners",Becky Mighty,Kindle,by,
0,https://www.amazon.com/dp/B09P7P5175,B09P7P5175,First aid for your CAT: take care of what you love,pancha villa,Kindle,by,
0,https://www.amazon.com/dp/B09P7NXRQD,B09P7NXRQD,"Verified Wholesale Landscaping Suppliers - Wholesale Nursery, Green House and Landscaping Vendor List",Business Success Shop,Kindle,by,
0,https://www.amazon.com/dp/B09P7FNV3F,B09P7FNV3F,New Year’s Eve: Unique ways to celebrate New Year’s eve? How to spent it? Why and Why not we should celebrate it?: nye decorations 2022,Verna J.  Lopez,Kindle,by,
4,https://www.amazon.com/dp/B09P7CZBVV,B09P7CZBVV,How to Live With a Dog Happily: Unique Hacks to Change Your Dog For a Better,Aranka Jola,Kindle,by,
0,https://www.amazon.com/dp/B09P7CHCJZ,B09P7CHCJZ,Hana Hikes the Hyakumeizan: How a border terrier ran across the 100 mountains of Japan,Julian Ross,Kindle,by,
0,https://www.amazon.com/dp/B09P76CSDP,B09P76CSDP,Vivarium Setup-Build a Vivarium (All You Need to Know ),Jonas G Pattersson,Kindle,by,
1,https://www.amazon.com/dp/B09P76CDXZ,B09P76CDXZ,Basic Dog Training: how to have well behaved dog,Darby  Ebert III,Kindle,by,
0,https://www.amazon.com/dp/B09P72XDKF,B09P72XDKF,Hello Winter : Art Picture Book,Cheryl Korotky,Kindle,by,
2,https://www.amazon.com/dp/B09P69ZV1F,B09P69ZV1F,The Tales of The Tails/ Every Rescue Dog Has a Story,Steve Kravetz,Kindle,by,
0,https://www.amazon.com/dp/B09MR67VWR,B09MR67VWR,Sustainable Development Goals and Migration (Towards Sustainable Futures),P. Sivakumar,Kindle,|,
1,https://www.amazon.com/dp/B09KN374FR,B09KN374FR,Heads Up Knit Hats,Annie's,Kindle,by,
1,https://www.amazon.com/dp/B09P6SR4FL,B09P6SR4FL,Staging Your Home to Sell Fast,Maxwell L. Alexander,Kindle,by,
1,https://www.amazon.com/dp/B09P6RVPSL,B09P6RVPSL,Great-Ideas For Creativity 2021,NabilaFood,Kindle,by,
0,https://www.amazon.com/dp/B09P6RC7LY,B09P6RC7LY,"How To Make Ideal Wedding Photo: Tips and Tricks, Wedding Photographer Guide For Beginners",Dan White,Kindle,by,
2,https://www.amazon.com/dp/B09P6R8PF7,B09P6R8PF7,Check out our new Bead & Jewellery,NabilaFood,Kindle,by,
0,https://www.amazon.com/dp/B09P6LKYH7,B09P6LKYH7,Stray cats live for three years and die.: Mini photo book of cats,Hideo Hayashi,Kindle,by,
0,https://www.amazon.com/dp/B09P63J3N8,B09P63J3N8,The Ultimate Guide For Your DIY AVIARY,Danielle   Sanchez,Kindle,by,
0,https://www.amazon.com/dp/B09P5ZGHXF,B09P5ZGHXF,"Colorin Book For Kids (Coloring , Writing , Counting )",Lapistabiz,Kindle,by,
0,https://www.amazon.com/dp/B09P5Z3F3T,B09P5Z3F3T,Birthday flowers and flower language December illustration: Illustration of a flower drawn without a draft in about 5 minutes,Rosie Tani,Kindle,by,
0,https://www.amazon.com/dp/B09P5YBV4J,B09P5YBV4J,Gift Wrapping Extreme Ideas: Start To Make Your Christmas Fun And Interesting,Robbi Guan,Kindle,by,
0,https://www.amazon.com/dp/B09P5Y247L,B09P5Y247L,Making Your Gift Become A Fun Box: A Collection Of Wrapping Styles That Enlighten Your Holiday,Lisandra Tintinger,Kindle,by,
0,https://www.amazon.com/dp/B09MZV5VT8,B09MZV5VT8,Introduction to Structural Analysis,Debabrata Podder,Kindle,by,
0,https://www.amazon.com/dp/B09P5D3LBJ,B09P5D3LBJ,"Horse Training: Ultimate Guide To Raising Horses, Breeding And Training (Learn Ownership, Training, Leadership & Safety Basics For Horses)",Dion Weibe,Kindle,by,
1,https://www.amazon.com/dp/B09P4ZSTZX,B09P4ZSTZX,Homemade Working Model Submarine Guide Book: Crafted By Using Cheap Household Materials,Kendrick Spenser,Kindle,by,
1,https://www.amazon.com/dp/B09P4RGDVJ,B09P4RGDVJ,Marijuana Grower's Handbook: Complete Illustrated Handbook To Growing Weed Indoor And Outdoor,Bebe Barter,Kindle,by,
2,https://www.amazon.com/dp/B09P5CS8JR,B09P5CS8JR,DIY ribbon bow hair clips: step-by-step instructions,Darya Chistotina,Kindle,by,
4,https://www.amazon.com/dp/B09P59DLCM,B09P59DLCM,"Koi Fish Care Handbook: In-Depth Guide on Koi Fish; Its Care, Behaviour, What They Eat, Health Issues, Lodging as Well as Picking One as a Pet, Etc.",Mitchell T.  Cudmore,Kindle,by,
3,https://www.amazon.com/dp/B09P4LHBVV,B09P4LHBVV,"How To Raise Backyard Chickens For Eggs And Meat Or, Keeping Poultry As Pets: Discover 10 Quick Tips On Raising Hens And 20 Fun Facts About Chickens (Raising Chickens Book 2)",Stirling De Cruz Coleridge,Kindle,|,
0,https://www.amazon.com/dp/B09P5QJNNT,B09P5QJNNT,KNITTING PATTERN: Baby Socks and Mittens,Angela Turner,Kindle,by,
0,https://www.amazon.com/dp/B09P5Q3N1S,B09P5Q3N1S,THE PERFECT GUIDE TO TRAIN YOUR DOG: HOW TO TRAIN A DOG EFFECTIVELY,DAVID  BULL,Kindle,by,
0,https://www.amazon.com/dp/B09P5N5K59,B09P5N5K59,Keesha Kitty When to Heaven,Brenda M. Barnett,Kindle,by,
0,https://www.amazon.com/dp/B09P5MRHX8,B09P5MRHX8,How to Start a Successful Jewelry Store: Business Plan Template + Vendor List + Course,Business Success Shop,Kindle,by,
0,https://www.amazon.com/dp/B09P5LHZ5B,B09P5LHZ5B,The Fruit Gardener's Bible: A Complete Step-by-step Guide To Grow And Care For Your Fruits Trees,Bambi Bouie,Kindle,by,
0,https://www.amazon.com/dp/B09P5K6HS2,B09P5K6HS2,The Round Tower Windsor Castle Cross Stitch Pattern,Jonathan Black,Kindle,by,
2,https://www.amazon.com/dp/B09P5HKFJR,B09P5HKFJR,Earth Angels: A tribute to a group of people on Earth who have demonstrated complete altruism,Susan Quinn,Kindle,by,
0,https://www.amazon.com/dp/B09P5BT9DQ,B09P5BT9DQ,Essential Website Planning Guide: Step-By-Step Guide On How To Create A Plan For Your Web Design,Eula Otto,Kindle,by,
1,https://www.amazon.com/dp/B09P599BPW,B09P599BPW,The Art Of Decluttering And Organizing: Declutter & Organize Your Home And Life In 10 Days,Antione Sarelas,Kindle,by,
0,https://www.amazon.com/dp/B09P588WPH,B09P588WPH,The Complete Guide To Mini Farming: How To Grow Food In Any Yard No Matter How Small,Josef Coopage,Kindle,by,
0,https://www.amazon.com/dp/B09P582P54,B09P582P54,The Big Book Of Important Things You Should Prepare When Disaster Hits: A Book Everyone Must Have,Kermit Battin,Kindle,by,
0,https://www.amazon.com/dp/B09P572D55,B09P572D55,Early Puppy Training: What You Need To Know About Puppy,Sean Barillari,Kindle,by,
0,https://www.amazon.com/dp/B09P56WD9G,B09P56WD9G,Train Puppy Guidebook: Teaching Good Behaviors For Your Puppy,Dirk Ashdown,Kindle,by,
0,https://www.amazon.com/dp/B09P56GT8N,B09P56GT8N,Brighten Your Christmas Guide: Tips For Holiday Spirit,Fredda Fuell,Kindle,by,
0,https://www.amazon.com/dp/B09P56CWKC,B09P56CWKC,Enjoy A Warm Christmas: Practical Tips And Humorous Stories,Dianne Bates,Kindle,by,
0,https://www.amazon.com/dp/B09P56332C,B09P56332C,RETURN OF THE LOST BIRDIE,K Bs,Kindle,by,
0,https://www.amazon.com/dp/B09P55VF51,B09P55VF51,Puppy Training Instructions: Tips For Successful Training A Well-Behaved And Happy Pup,Ed Clutts,Kindle,by,
0,https://www.amazon.com/dp/B09P55FT87,B09P55FT87,Xmas Enjoying Instruction: Magic In Holiday Moments,Dexter Nunn,Kindle,by,
0,https://www.amazon.com/dp/B09P51672N,B09P51672N,Model Submarine Step-By-Step Book: Using Origami Of Plastic Paper And Polystyrene,Walter Scrivener,Kindle,by,
0,https://www.amazon.com/dp/B09P4XY3BT,B09P4XY3BT,DIY Working Model Submarine Book: Build A Model Of Submarine That Can Move Without Electric Power,Ernesto Laforge,Kindle,by,
1,https://www.amazon.com/dp/B09P4XK651,B09P4XK651,Doodle On From Your Heart,Lady L. Reed,Kindle,by,
1,https://www.amazon.com/dp/B09P4X1TTX,B09P4X1TTX,My Rainbow Spring,Selena Slosberg,Kindle,by,
0,https://www.amazon.com/dp/B09P4WJYYF,B09P4WJYYF,"LOVING READING@ AMERICAN HABIT: READING DATA USA UK CHINA ITALY GERMANY, DESIGN DEVELOP MIND & SECRET OF EFFECTIVE APLHABET LETTER WORD LOVE EQ IQ SQ, MANAGE FREE READING KINDAL KDP UNLIMITED E BOOKS",MANISHA JOSHI,Kindle,by,
1,https://www.amazon.com/dp/B09P4VTJ4B,B09P4VTJ4B,The Big Book Of Pothos Plants: A Beginner's Guide To Making And Keeping Plant Friends,Carl Boissoneault,Kindle,by,
0,https://www.amazon.com/dp/B09P4VS9NG,B09P4VS9NG,Maximizing Your Mini Farm: Beginner’s Guide To Growing Crops And Building Your Own Vegetable Garden,Sophie Citro,Kindle,by,
1,https://www.amazon.com/dp/B09P4TGV4W,B09P4TGV4W,An A To Z Guidebook On Plant Nursery: Turning Your Hobby Into Cash With Simple Steps,David Mandiola,Kindle,by,
0,https://www.amazon.com/dp/B09P4SYQTW,B09P4SYQTW,Practical Notes on the Garden Design : Decor in the your garden,Linda T. Johnson,Kindle,by,
0,https://www.amazon.com/dp/B09P4SYPR9,B09P4SYPR9,For Aerophobia Treatment: Ways To Get Rid Of Flying Fear,Randell Crupper,Kindle,by,
1,https://www.amazon.com/dp/B09P4SX1DB,B09P4SX1DB,Start Your Own Backyard Plant Nursery: Everything You Need To Know To Make Money From Plant Nursery,Randa Voncannon,Kindle,by,
0,https://www.amazon.com/dp/B09P4SDFP7,B09P4SDFP7,Aviophobia Selfhelp Book: How To Overcome Fear Of Flying,Palmer Loviska,Kindle,by,
0,https://www.amazon.com/dp/B09P4RWH4L,B09P4RWH4L,Reduce Flying Phobia Instruction: Fly With No Fear,Jorge Shina,Kindle,by,
0,https://www.amazon.com/dp/B09P4RF3WX,B09P4RF3WX,A Beginner's Guide To Growing Marijuana: Grow Weed Tips For Beginners And Dummies,Carmon Knaphus,Kindle,by,
0,https://www.amazon.com/dp/B09P4R4J8L,B09P4R4J8L,How to Start a Successful Furniture Store: Business Plan Template + Vendor List + Course,Business Success Shop,Kindle,by,
0,https://www.amazon.com/dp/B09P4PJF7C,B09P4PJF7C,"Complete Guide To Growing Your Fruits: Approach To Growing Apples, Pears, Peaches, And Many More",Audrie Vair,Kindle,by,
0,https://www.amazon.com/dp/B09P4PFK9L,B09P4PFK9L,An A To Z Guidebook On HTML: The Ultimate Manual To Learn Step By Step How To Develop Websites,Florine Stewardson,Kindle,by,
0,https://www.amazon.com/dp/B09P4P8DSL,B09P4P8DSL,Fruit Trees For Every Garden: A Complete Guide To Growing Fruits In The Home Garden,Victor Cintra,Kindle,by,
0,https://www.amazon.com/dp/B09P4M99QG,B09P4M99QG,Buying a Home: Important Details to Remember,Morgan Sullivan,Kindle,by,
2,https://www.amazon.com/dp/B09P3SKCWJ,B09P3SKCWJ,Intuitive Geometry: Drawing with overlapping circles - 2nd Edition,Nathalie Strassburg,Kindle,|,
1,https://www.amazon.com/dp/B07KQ2VVGY,B07KQ2VVGY,"Franchthi Neolithic Pottery, Volume 1: Classification and Ceramic Phases 1 and 2 (Excavations at Franchthi Cave, Greece Book 8)",Karen D. Vitelli,Kindle,by,
2,https://www.amazon.com/dp/B09P494HCW,B09P494HCW,Animal Squares 18 Crochet Patterns & Charts: Graphgan - Tunisian Simple Stitch - Single Crochet (Graphghan Crochet Patterns & Charts),Kathleen  Fields,Kindle,|,
0,https://www.amazon.com/dp/B09P4429BN,B09P4429BN,Koda Bear Perseveres,Norman Noboru  Tanaka,Kindle,by,
4,https://www.amazon.com/dp/B09P431TXD,B09P431TXD,Landlords What's Holding You Back?: A Methodology For Increasing Profits And Becoming A Relaxed And Capable Landlord,Samantha Bateman,Kindle,by,
5,https://www.amazon.com/dp/B09P38X2TQ,B09P38X2TQ,AIR PLANT BIBLE: A Compendium on Air Plant Care and Maintenance,SMITH CHARLOTTE,Kindle,by,
0,https://www.amazon.com/dp/B0D1GQ5HHD,B0D1GQ5HHD,Circular Economy in the Construction Industry (The Circular Economy in Sustainable Solid and Liquid Waste Management),Sadhan Kumar Ghosh,Kindle,|,
1,https://www.amazon.com/dp/B0BBJX298C,B0BBJX298C,Backyard Ducks: A year of life at home with Pekin ducks,"M Blacker, Yvonne",Kindle,by,
0,https://www.amazon.com/dp/B09P4FGC78,B09P4FGC78,The Crystal Stag,Cassiopia Allen,Kindle,by,
2,https://www.amazon.com/dp/B09P3ZDQ4P,B09P3ZDQ4P,The Joys of Soap Crafting - Melt & Pour : Create Fancy Soaps at Home with Ease,Aruna  Rathi,Kindle,by,
1,https://www.amazon.com/dp/B09P3SZRVS,B09P3SZRVS,TL Monthly Magazine: January 2022 Issue,Transparency Library,Kindle,by,
1,https://www.amazon.com/dp/B09P3N9XY6,B09P3N9XY6,The Big Book Of Reef Aquariums: How To Care For And Keep Marine Fish And Corals,Sharri Moher,Kindle,by,
0,https://www.amazon.com/dp/B09P3MXS22,B09P3MXS22,"Reef Aquariums Caring Big Book: Tips, Tricks And Techniques You Should Know",Jonelle Eschberger,Kindle,by,
0,https://www.amazon.com/dp/B09P3MDV24,B09P3MDV24,Folding TV Table,Paul Anderson,Kindle,by,
0,https://www.amazon.com/dp/B09P3KDVMB,B09P3KDVMB,Tips For The Marine Reef Aquarium: Everything You Should Know To Build A Beautiful Aquarium,Corrie Savo,Kindle,by,
0,https://www.amazon.com/dp/B09P3K99XY,B09P3K99XY,Round Top Coffee Table,Paul Anderson,Kindle,by,
0,https://www.amazon.com/dp/B09P3J6ZCZ,B09P3J6ZCZ,Toy Box Bookcase,Paul Anderson,Kindle,by,
0,https://www.amazon.com/dp/B09P3GKH27,B09P3GKH27,Modern End Table,Paul Anderson,Kindle,by,
0,https://www.amazon.com/dp/B09P3CY6FJ,B09P3CY6FJ,Mission End Table,Paul Anderson,Kindle,by,
0,https://www.amazon.com/dp/B09P3CGSFJ,B09P3CGSFJ,Ladder for Floating Dock,Paul Anderson,Kindle,by,
1,https://www.amazon.com/dp/B09P38Y9FN,B09P38Y9FN,Folding Bench Picnic Table,Paul Anderson,Kindle,by,
1,https://www.amazon.com/dp/B09P37L791,B09P37L791,Flower Pot Stand,Paul Anderson,Kindle,by,
0,https://www.amazon.com/dp/B09P35K1GN,B09P35K1GN,Floating Dock,Paul Anderson,Kindle,by,
0,https://www.amazon.com/dp/B09P35H1Z6,B09P35H1Z6,Double X Bookcase,Paul Anderson,Kindle,by,
0,https://www.amazon.com/dp/B09P35GDXV,B09P35GDXV,Lego Travel Tote,Paul Anderson,Kindle,by,
0,https://www.amazon.com/dp/B09P34Y8VQ,B09P34Y8VQ,Kahlua Drink Recipes: Homemade Delicious Kahlua Drinks: Delicious Kahlua Drinks,RAHILLY DANIELLE,Kindle,by,
0,https://www.amazon.com/dp/B09P34MT9H,B09P34MT9H,Farnhouse Coffee Table,Paul Anderson,Kindle,by,
0,https://www.amazon.com/dp/B09P33G998,B09P33G998,Folding Camper Deck,Paul Anderson,Kindle,by,
2,https://www.amazon.com/dp/B09P33CJCF,B09P33CJCF,L-Shape Workbench,Paul Anderson,Kindle,by,
0,https://www.amazon.com/dp/B09P335QQC,B09P335QQC,Minimalist End Table,Paul Anderson,Kindle,by,
1,https://www.amazon.com/dp/B09P32RN9W,B09P32RN9W,Cremation Urn with Keepsake Compartment,Paul Anderson,Kindle,by,
0,https://www.amazon.com/dp/B09P2YNPY4,B09P2YNPY4,Portable Sawhorse,Paul Anderson,Kindle,by,
0,https://www.amazon.com/dp/B09P2T8XQZ,B09P2T8XQZ,Picnic Table Style Bench,Paul Anderson,Kindle,by,
0,https://www.amazon.com/dp/B09P2RWS8C,B09P2RWS8C,Shoe Bench,Paul Anderson,Kindle,by,
0,https://www.amazon.com/dp/B09P2RNXQ5,B09P2RNXQ5,Sideboard/Buffet Table,Paul Anderson,Kindle,by,
0,https://www.amazon.com/dp/B09P2QVJBB,B09P2QVJBB,Kid Friendly Recipes for Dinner: Yummy Dinner Dishes for Kids: Kid Friendly Dinner Ideas,PUGH ROBERT,Kindle,by,
0,https://www.amazon.com/dp/B09P1R4LWZ,B09P1R4LWZ,ORGANIC PERFUMES: The Complete Guides to DIY Perfumes at Home!,Maya Richardson,Kindle,by,
0,https://www.amazon.com/dp/B09P196L59,B09P196L59,"Finding Alternative Aquarium: A Guide To Planting, Styling, And Maintaining Beautiful Aquariums",Sibyl Pinsonneault,Kindle,by,
1,https://www.amazon.com/dp/B09NZST96R,B09NZST96R,An A To Z Guidebook On Saltwater Aquarium: Learn How To Set Up Your Tank And Make Your Fish Thrive,Collin Scherer,Kindle,by,
0,https://www.amazon.com/dp/B09P5DGMWD,B09P5DGMWD,"Almost Perfect Pets: A Proactive Guide to Selection, Health Care and Pet Parenting",Lowell Ackerman,Kindle,by,
0,https://www.amazon.com/dp/B09K9C334M,B09K9C334M,The Running Centaur: Horse-Racing in Global-Historical Perspective (Sport in the Global Society - Historical Perspectives),Sinclair W. Bell,Kindle,|,
0,https://www.amazon.com/dp/B09P1ZGJBC,B09P1ZGJBC,A BEGINNER'S GUIDE TO GARDENING,Alexa Davis,Kindle,by,
0,https://www.amazon.com/dp/B09P1XTZBM,B09P1XTZBM,How To Raise Backyard Chickens: A complete Guide to Raise a Happy Backyard Flock (Raising Chickens Guide ),Muhammad Ramzan  Rafique,Kindle,by,
0,https://www.amazon.com/dp/B09P1WBJ6W,B09P1WBJ6W,Storage Unit Poems,Andrew Bushard,Kindle,by,
0,https://www.amazon.com/dp/B09P1W4B1B,B09P1W4B1B,WTH is my password,Sao Lara,Kindle,by,
0,https://www.amazon.com/dp/B09P1S1D93,B09P1S1D93,SOCIO-CULTURAL AND RELIGIOUS IMPLICATION OF OKUKUONYEUWA: AN AWKA INDIGENIOUS RITE,EMMANUEL EZEAGABU,Kindle,by,
0,https://www.amazon.com/dp/B09P1RPF67,B09P1RPF67,Pets: not only dogs and cats (Born to be free),Andrea Izzotti,Kindle,|,
0,https://www.amazon.com/dp/B09P1QG6QY,B09P1QG6QY,Beginner’s + Intermediate Guide to Whittling: A Two in One Guide To Learn Whittling From Scratch To Become A Master,Nuka Waman,Kindle,by,
1,https://www.amazon.com/dp/B09P1PQHZB,B09P1PQHZB,Kanon: Christmas with pets,Kanon Naitou,Kindle,by,
1,https://www.amazon.com/dp/B09P1MT98L,B09P1MT98L,Playing (and hopefully winning) Progressive Slots: Focusing on the South’s Mini Las Vegas (South Florida’s 13 Casinos),Luis Martin,Kindle,by,
1,https://www.amazon.com/dp/B09P1ML2D3,B09P1ML2D3,Do I really want to get a dog?,Ana Belén Fernández,Kindle,by,
0,https://www.amazon.com/dp/B09P1J3FLB,B09P1J3FLB,The Big Book Of Betta Fish: The Art And Science Of Keeping Bettas,Marietta Temores,Kindle,by,
0,https://www.amazon.com/dp/B09P1GLB6L,B09P1GLB6L,Guide On Cleaning And Home Organization: Cleaning Hacks For Beginners,Alva Alatorre,Kindle,by,
0,https://www.amazon.com/dp/B09P1FQ84F,B09P1FQ84F,Keeping Pet Odor Down: How To Get Rid Of Pet Odors In Your Home,Dara Bossier,Kindle,by,
0,https://www.amazon.com/dp/B09P1FH6W3,B09P1FH6W3,An Essential Guidebook On Betta Fish: Your Guide To Ensure You Give Your Betta A Good Life Possible,Morton Zilahi,Kindle,by,
0,https://www.amazon.com/dp/B09P1FGMTS,B09P1FGMTS,An A To Z Guidebook On Betta Fish: A Complete Guide To Learn How To Take Care Of Your Betta Fish,Ira Harvison,Kindle,by,
0,https://www.amazon.com/dp/B09P1D6CQZ,B09P1D6CQZ,"At Last, Daddy finna waxx DAT AZZ!",Demetrious Jones,Kindle,by,
0,https://www.amazon.com/dp/B09P1D68GK,B09P1D68GK,Pet Odors For Beginners: The Ultimate Guide To Getting Rid Of Pet Odor,Levi Duarte,Kindle,by,
0,https://www.amazon.com/dp/B09P1C4VVL,B09P1C4VVL,An Essential Guidebook On Marijuana: Complete Guide For Medical And Personal Marijuana Cultivation,Albertha Farah,Kindle,by,
0,https://www.amazon.com/dp/B09P19W3QD,B09P19W3QD,Cleaning Pet Odors: Get Rid Of The Foul Smells Which Accompany Any Pet,Glenn Kemick,Kindle,by,
1,https://www.amazon.com/dp/B09P19RP46,B09P19RP46,The Big Book Of Marijuana: How To Grow Marijuana Indoors & Outdoor And Produce Mind-Blowing Weed,Georgianne Steensland,Kindle,by,
0,https://www.amazon.com/dp/B09P18N7HV,B09P18N7HV,Growing Marijuana Made Easy: The Complete Beginner's Guide For Growing Top-Quality Weed,Shaunte Mcclellon,Kindle,by,
0,https://www.amazon.com/dp/B09P17YP7P,B09P17YP7P,Ecology Of The Alternative Aquarium: Properly Set Up Your Tank & Learn How To Make Your Fish Thrive,Galina Froemming,Kindle,by,
0,https://www.amazon.com/dp/B09P176DTM,B09P176DTM,Ecology Of The Alternative Aquarium: Properly Set Up Your Tank & Learn How To Make Your Fish Thrive,Cristobal Hardaker,Kindle,by,
0,https://www.amazon.com/dp/B09P171MXX,B09P171MXX,The Big Book Of Alternative Aquarium: A Practical Manual And Scientific Treatise,Winfred Hinkley,Kindle,by,
0,https://www.amazon.com/dp/B09NZYQSYV,B09NZYQSYV,10 Commandments of Aquaponics and Hydroponics for the Beginner Booklet,J'Toya  Nelson,Kindle,by,
0,https://www.amazon.com/dp/B09NZYL7C4,B09NZYL7C4,"The Essential Guidance Of Saltwater Aquarium: Setup, Care And Compatibility",Jesse Horak,Kindle,by,
0,https://www.amazon.com/dp/B09NZQS4WH,B09NZQS4WH,Organized Purpose,Sierra Brooks,Kindle,by,
1,https://www.amazon.com/dp/B09NZMW2JY,B09NZMW2JY,Birdfeeder w/Tray,Paul Anderson,Kindle,by,
0,https://www.amazon.com/dp/B09NZDQ5ZL,B09NZDQ5ZL,30 Daily Devotions: Inspired By Dogs and the Outdoors,Libby Martin,Kindle,by,
1,https://www.amazon.com/dp/B09NY62VZM,B09NY62VZM,Knife Making: Ultimate Bladesmithing Guide to Forging your own Knives with Simple Tools (Learn How To Blacksmith & Metal Work),Shawn Chiles,Kindle,by,
0,https://www.amazon.com/dp/B09NZBY113,B09NZBY113,How to Build a 5 ft. Trug Raised Garden Bed: DIY Project Guide with Photos at Every Step! (Woodworking Project Plans),Chesapeakecrafts,Kindle,|,
1,https://www.amazon.com/dp/B09NXNJVVJ,B09NXNJVVJ,How to Build a 6 ft. Wooden Wishing Well: Detailed Project Guide Includes Photos at Every Step! (Woodworking Project Plans),Chesapeakecrafts,Kindle,|,
0,https://www.amazon.com/dp/B0CZP7PMWB,B0CZP7PMWB,Industry 4.0 Solutions for Building Design and Construction: A Paradigm of New Opportunities,Farzad Pour Rahimian,Kindle,by,
0,https://www.amazon.com/dp/B09NZTY9RZ,B09NZTY9RZ,Dancing Bookcase,Paul Anderson,Kindle,by,
1,https://www.amazon.com/dp/B09NZRJ84C,B09NZRJ84C,50% Less Meat - 100% Enjoyment: How everyone and anyone can enjoy eating sustainably,Annette Burgard,Kindle,by,
0,https://www.amazon.com/dp/B09NZP6C5M,B09NZP6C5M,Birdhouse Mounting Bracket,Paul Anderson,Kindle,by,
0,https://www.amazon.com/dp/B09NZNY7R6,B09NZNY7R6,Double Dog Cage,Paul Anderson,Kindle,by,
0,https://www.amazon.com/dp/B09NZNTCX9,B09NZNTCX9,Three Classic Styles for a Wonderful Apartment (Extended Edition): Design and interior decoration,Rebecca S. Stevens,Kindle,by,
0,https://www.amazon.com/dp/B09NZJ674W,B09NZJ674W,Diaond Shape Birdhouse,Paul Anderson,Kindle,by,
0,https://www.amazon.com/dp/B09NZHP4MJ,B09NZHP4MJ,Country Barn Birdfeeder,Paul Anderson,Kindle,by,
2,https://www.amazon.com/dp/B09NZDXQBX,B09NZDXQBX,Dogs: Facts and Photos About This Interesting and Unique Animal (Animals),Erick Olteanu,Kindle,|,
0,https://www.amazon.com/dp/B09NZC2JGQ,B09NZC2JGQ,Curve Leg Coffee Table,Paul Anderson,Kindle,by,
0,https://www.amazon.com/dp/B09NZBT74N,B09NZBT74N,Box Urn,Paul Anderson,Kindle,by,
0,https://www.amazon.com/dp/B09NZBJCK6,B09NZBJCK6,Double Decker Coffee Table,Paul Anderson,Kindle,by,
0,https://www.amazon.com/dp/B09NZBBWSH,B09NZBBWSH,Desk Caddy,Paul Anderson,Kindle,by,
0,https://www.amazon.com/dp/B09NZ8XRW8,B09NZ8XRW8,Blackwork Mini Sampler Book 3 Blackwork Pattern,Jonathan Black,Kindle,by,
0,https://www.amazon.com/dp/B09NZ6S5GF,B09NZ6S5GF,STRANGE CHANGE: The R. THIES Quarter Phenomenon,R Thies,Kindle,by,
1,https://www.amazon.com/dp/B09NYPM913,B09NYPM913,Build Your Own Lego Only Fools and Horses Triple Set (A Little Brickish Transport Models Book 3),A Little Brickish,Kindle,|,
1,https://www.amazon.com/dp/B09NYLDS4N,B09NYLDS4N,Love thy neighbour,Charles Okoroafor,Kindle,by,
1,https://www.amazon.com/dp/B09NYFQK1T,B09NYFQK1T,The Composting Guide: The Ultimate Guide To Composting For Beginners,Anthony Legins,Kindle,by,
0,https://www.amazon.com/dp/B09NYCMRN6,B09NYCMRN6,"X2 Cleaning Faster: Learn How To Organize, Clean, And Declutter Your House In Short Time",Alva Vittorini,Kindle,by,
0,https://www.amazon.com/dp/B09NY5SFBB,B09NY5SFBB,ASK FOR ANSWERS: proven questions to assess changes in construction contracts,Johannes F. van Graan,Kindle,by,
0,https://www.amazon.com/dp/B09NY1X83V,B09NY1X83V,Everything About Sugar Gliders: How To Care For Sugar Gliders & Where To Buy Or Adopt A Sugar Glider,Parker Turtle,Kindle,by,
1,https://www.amazon.com/dp/B09NXZ8JFL,B09NXZ8JFL,An A To Z Guidebook On Sugar Gliders: All You Need To Know About Sugar Gliders,Stefan Thoma,Kindle,by,
0,https://www.amazon.com/dp/B09NXZ65F5,B09NXZ65F5,Controlling Pulling On Walks: Essential Skills For Your Growly But Brilliant Family Dog,Alfreda Lana,Kindle,by,
0,https://www.amazon.com/dp/B09NXY4XP6,B09NXY4XP6,Caring For Your Sugar Gliders In A Right Way: The New Owner's Guide To Sugar Glider Care,Odelia Atzhorn,Kindle,by,
1,https://www.amazon.com/dp/B09NXXZW6Z,B09NXXZW6Z,Walking Nicely On The Lead: How To Stop Your Dog Pulling On The Lead,Wendell Vigoren,Kindle,by,
0,https://www.amazon.com/dp/B09NXXDR3B,B09NXXDR3B,How To Stop A Dog From Pulling: A Must-Read For Those Wishing To Train Their Dogs,Elisha Stirk,Kindle,by,
0,https://www.amazon.com/dp/B09NXSQLX5,B09NXSQLX5,Caring Your Betta: Your Complete Guide To Ensure You Give Your Betta A Good Life Possible,Pamelia Endlich,Kindle,by,
0,https://www.amazon.com/dp/B09NXR7RDL,B09NXR7RDL,An A To Z Guidebook On Betta: An Owner's Guide To A Happy Healthy Fish,January Storr,Kindle,by,
0,https://www.amazon.com/dp/B09NXQW73H,B09NXQW73H,Ishie Brand Cousins Digital Art Collection: From Anime to NFT to Afro Anime Collectible Downloads on Etsy,Niesha Gray,Kindle,by,
3,https://www.amazon.com/dp/B09NXQC6RM,B09NXQC6RM,The Big Book Of Betta: The Simple Guide To Caring For Your Magical Betta,Antonetta Hopf,Kindle,by,
0,https://www.amazon.com/dp/B08T9GB6YV,B08T9GB6YV,Supermarket Lighting Design Techniques: Master Supermarket Lighting Design using Dialux evo Software in 30 Days,Nelca Roco,Kindle,by,
2,https://www.amazon.com/dp/B09NX4BH6B,B09NX4BH6B,Intermediate Guide To Whittling: Advanced Guide to Master your Carving skills with Unique Projects and Modern Carving Techniques,Nuka Waman,Kindle,by,
2,https://www.amazon.com/dp/B09NWGFKYD,B09NWGFKYD,Vintage Tropical Flowers | Counted Cross Stitch Pattern Book: Full Color Enlarged Pattern For Advanced Adult Stitchers,Maggie Smith,Kindle,by,
5,https://www.amazon.com/dp/B09NW4485H,B09NW4485H,"Sassy Food: How to Grow and Cook Food with Your Own 'Farm"" Any Size Anywhere Any Time of Year with Any Budget",Ja-ne de Abreu,Kindle,by,
0,https://www.amazon.com/dp/B09NXNB38K,B09NXNB38K,"Home Inspection Step x Step: A Buyers’ Guide to the Process, Components & Red Flags",John Eriksen,Kindle,by,
0,https://www.amazon.com/dp/B09NXKYMYP,B09NXKYMYP,Beginner’s Guide to Whittling: Starters Guide with Basic Techniques and Easy-to-Make Projects to start your Whittling Journey,Nuka Waman,Kindle,by,
0,https://www.amazon.com/dp/B09NX44PGK,B09NX44PGK,The Roots of a Greener Home: 150+ projects of a greener home,Green Building Research Institute (GBRI),Kindle,by,
4,https://www.amazon.com/dp/B09NWZLC7Z,B09NWZLC7Z,Radon - A Mitigator's Perspective,Adam C. Michels,Kindle,by,
0,https://www.amazon.com/dp/B09NWFWYD2,B09NWFWYD2,"Bonsai: How To Cultivate, Take Care and Grow Your Bonsai Tree (Learn about Wiring, Re-potting and types of Bonsai Trees)",Nagano Kamiya,Kindle,by,
0,https://www.amazon.com/dp/B09NWFHPQV,B09NWFHPQV,Microgreens: Ultimate Guide For Growing Microgreens Indoor With Limited Space (Grow Nutrient-dense Organic Microgreens For Your Health),Lucas Spake,Kindle,by,
3,https://www.amazon.com/dp/B09NWCXYHJ,B09NWCXYHJ,The Book of Revelation by Saint John: a historical analysis,Lord Marc Smeets Ph.D.,Kindle,by,
0,https://www.amazon.com/dp/B09NWCWXW3,B09NWCWXW3,KASHMIRI ARTISANS: THE REAL INDIAN COLORS,Spices  Home Decor,Kindle,by,
0,https://www.amazon.com/dp/B09NW4KF5L,B09NW4KF5L,Secret Formula for Success,Dr Vineet Kumar,Kindle,by,
0,https://www.amazon.com/dp/B09NW2BR5Z,B09NW2BR5Z,Simply Keto Delicious Recipes to Get Healthy and Weight Loss,STEVEN  ORTIZ,Kindle,by,
1,https://www.amazon.com/dp/B09NVSL5ZP,B09NVSL5ZP,The Essential Garden and Landscape Ideas: A Beginner's Guide to Garden Design and Important Building Tips: The Essential Garden and Landscape Ideas,GRANT DEAUNTAE,Kindle,by,
0,https://www.amazon.com/dp/B09NVS6TGJ,B09NVS6TGJ,Crochet Critters: Lion Pattern,Crafting With Missy,Kindle,|,
0,https://www.amazon.com/dp/B09NVS276G,B09NVS276G,Getting Things Done Faster: Cleaning Hacks For Busy People,Kandis Mascot,Kindle,by,
0,https://www.amazon.com/dp/B09NVNMSJS,B09NVNMSJS,Secrets To An Organized Home: Tips And Tricks To Decluttering And Cleaning Your Home,Buck Dietel,Kindle,by,
0,https://www.amazon.com/dp/B09NVMSFHG,B09NVMSFHG,Decluttering Made Easy: How To Declutter & Downsize Your Home Effectively,Roger Cagnon,Kindle,by,
0,https://www.amazon.com/dp/B09NVM7QN9,B09NVM7QN9,Cleaning Your House Shortly: Guide To Cleaning Hacks And Daily Tips For Spotless Houses,Jerrod Marchak,Kindle,by,
2,https://www.amazon.com/dp/B09PGRG4W5,B09PGRG4W5,9.3 x 62 Journal Digital Edition,Hendrik van der Schÿff,Kindle,by,
0,https://www.amazon.com/dp/B09NV1XXMJ,B09NV1XXMJ,Non-toxic Cleaning Checklist: Guide To Natural Cleaning And Avoid Chemical Products,Jared Pelkey,Kindle,by,
4,https://www.amazon.com/dp/B09NTB3ZT7,B09NTB3ZT7,Energy Efficient Home Design: Learn How to Construct an Energy-Efficient and Sustainable Home So That You Can Reduce Your Energy Costs and Your Stress and Protect the Environment,Charlie  Mandler,Kindle,by,
0,https://www.amazon.com/dp/B09NV82997,B09NV82997,"YELLOW-BELLIED SLIDERS: This manual goes over the entirety you need to know approximately yellow-bellied slider care. You’ll study their food regimen, tank setup, size, habitat, lifespan and more",BEN  MANTIS,Kindle,by,
0,https://www.amazon.com/dp/B09NV5WM48,B09NV5WM48,Blackwork Stitches Sampler Book 15 Blackwork Pattern,Jonathan Black,Kindle,by,
0,https://www.amazon.com/dp/B09NV48X3H,B09NV48X3H,DIY CANDLE MAKING ESSENTIALS: The A-Z Of Home Candle Making And Profit Earning,JULIAN WRIGHT,Kindle,by,
0,https://www.amazon.com/dp/B09NV3YZTH,B09NV3YZTH,Origami Quest: A Fold Along Adventure,Clement Shimizu,Kindle,by,
2,https://www.amazon.com/dp/B09NV3371X,B09NV3371X,Hedgehogs: Your Guide to Hedgehog Care,Paul Rush,Kindle,by,
0,https://www.amazon.com/dp/B09NV229VW,B09NV229VW,Cleaning Your House In No Time: Guide To Fast Cleaning For Busy People,Dewayne Athan,Kindle,by,
0,https://www.amazon.com/dp/B09NV2144G,B09NV2144G,Training For Faster Cleaners: How To Train For Your Cleaning Employees With Tips And Techniques,Yukiko Wrightington,Kindle,by,
0,https://www.amazon.com/dp/B09NV1B9T1,B09NV1B9T1,Note Book,Aayour D.,Kindle,by,
0,https://www.amazon.com/dp/B09NV13GKM,B09NV13GKM,"Master Organizing: Tips To Live A De-Cluttered, Streamlined, And More Enjoyable Life",Christopher Mans,Kindle,by,
0,https://www.amazon.com/dp/B09NTYHNFM,B09NTYHNFM,A Guide To Decluttering: Methods To Effectively Organize And Clean Your Sweet Home,Chere Popper,Kindle,by,
0,https://www.amazon.com/dp/B09NTYCYQ8,B09NTYCYQ8,Decorating and Practical Renovation in Your Home: Repair and innovation in the home,Jessica R. Davis,Kindle,by,
0,https://www.amazon.com/dp/B09NTXLDLR,B09NTXLDLR,BEEKEEPING FOR BEGINNERS: A beginner step-by-step guide to raising and keeping bee at your backyard,JAYDEN  HUDSON,Kindle,by,
0,https://www.amazon.com/dp/B09NTXHN7J,B09NTXHN7J,Home Decluttering Guide: Tips To Get Rid Of Clutter & Enjoy The Unique Atmosphere Of A Clear Home,Synthia Fenelon,Kindle,by,
0,https://www.amazon.com/dp/B09NTV62MF,B09NTV62MF,Secrets Of Decluttering: Strategies To Experience The Freedom In Simplifying Your Home And Life,Merrill Denni,Kindle,by,
0,https://www.amazon.com/dp/B09NTTP4WB,B09NTTP4WB,Counted Cross Stitch Pattern Book | The Classics Collection | American Gothic by Grant Wood: Full Color and Easy to Read Design of the Famous Painting for Advanced Adult Stitchers,Maggie Smith,Kindle,by,
0,https://www.amazon.com/dp/B09NTSVMLS,B09NTSVMLS,Mr. Vai,Ram Kumar Giri,Kindle,by,
2,https://www.amazon.com/dp/B09NTQB87B,B09NTQB87B,"Best House Plants : Guidelines on how to grow, care and propagate your indoor plants.",Vendgy Joseph,Kindle,by,
0,https://www.amazon.com/dp/B09NTK63JK,B09NTK63JK,Worry Less Color More,A Boutique  Co.,Kindle,by,
1,https://www.amazon.com/dp/B09NTF4XNW,B09NTF4XNW,My First Kitten: Guide to help you raise and care for your first fur baby,Shana Fairley,Kindle,by,
1,https://www.amazon.com/dp/B09NTC2F41,B09NTC2F41,Birthday flower illustration & drawing video 　November issue: A video that draws in about 5 minutes with a ballpoint pen and watercolors without drafting 　30,Rosie  Tani,Kindle,by,
0,https://www.amazon.com/dp/B09J9YHTDF,B09J9YHTDF,USER MANUAL OF FISHING MATERIALS,Başol  Yüce,Kindle,by,
0,https://www.amazon.com/dp/B09GMSG4K8,B09GMSG4K8,Mornings With Maddox,Elaine Hamilton,Kindle,by,
4,https://www.amazon.com/dp/B09NSTWTCZ,B09NSTWTCZ,Everyday Cheapskate: Frugal Tips for Everyday Living,Mary Hunt,Kindle,by,
1,https://www.amazon.com/dp/B09NT7ZTDZ,B09NT7ZTDZ,Candle Making 101: The Ultimate Guide To Candle Making For Beginners,Anthony Legins,Kindle,by,
2,https://www.amazon.com/dp/B09NT2M2SR,B09NT2M2SR,Enrichment for chickens: Ideas to keep your flock entertained.,Nicola Beech,Kindle,by,
2,https://www.amazon.com/dp/B09NSYRBCL,B09NSYRBCL,Training Through The Eyes of Your Dog: To create a dream with your dog will be the best journey you have ever gone on!,Joe Dickinson,Kindle,by,
0,https://www.amazon.com/dp/B09NS9VQMD,B09NS9VQMD,Speed Cleaning Training: The Smart Program To Train Your Members To Grow Your Cleaning Business,India Hunckler,Kindle,by,
2,https://www.amazon.com/dp/B09PG4MTPG,B09PG4MTPG,INSPIRE(D): A Devotional for Creatives,Marisha Mathis,Kindle,by,
4,https://www.amazon.com/dp/B09NT77PSH,B09NT77PSH,Mystical Waters Pet Shop,Ayat  Nieves,Kindle,by,
2,https://www.amazon.com/dp/B09NT2727W,B09NT2727W,Knitting Alphabet Soup,Cori Large,Kindle,by,
2,https://www.amazon.com/dp/B09NSRV1M1,B09NSRV1M1,"Colorful Realities: A healing art therapy guide for caretaker burnout, mental illnesses, and other traumas.",Levi  Lancaster,Kindle,by,
0,https://www.amazon.com/dp/B09NT5RTSH,B09NT5RTSH,Home Decluttering Guidebook: Strategies For Creating A Lifestyle Of Living Larger With Less Junk,Ruben Marengo,Kindle,by,
0,https://www.amazon.com/dp/B09NT5RTM6,B09NT5RTM6,Mindful Decluttering Manual: Practical Guidelines For Integrating Mindfulness In Our Lives,Alvaro Blitz,Kindle,by,
0,https://www.amazon.com/dp/B09NT5DJ3M,B09NT5DJ3M,An Organized Life: Great Tips To Keep Your Life Organized,Antonia Hirliman,Kindle,by,
0,https://www.amazon.com/dp/B09NT58JYQ,B09NT58JYQ,Incredible Household Hacks: Go From Cluttered To Clean Today,Jamie Procopio,Kindle,by,
1,https://www.amazon.com/dp/B09NT4Y4N9,B09NT4Y4N9,"Healthy Life With Natural Cleaning: Avoid Toxic Chemicals, Guide To Protect Your Family Health",Everette Lodwick,Kindle,by,
0,https://www.amazon.com/dp/B09NT4M33R,B09NT4M33R,How To Organize Your Life: Strategies To Be More Organized And Productive In Life,Rodger Milek,Kindle,by,
0,https://www.amazon.com/dp/B09NT4CFFD,B09NT4CFFD,Stress-Free Living: Keep Your House Clean From Clutter,Gerry Counselman,Kindle,by,
0,https://www.amazon.com/dp/B09NT4832Q,B09NT4832Q,Cleaning Your Items Naturally: How To Avoid Toxic Chemicals And Recipes For Natural Cleaning,Claude Dubrey,Kindle,by,
0,https://www.amazon.com/dp/B09NT3K3K6,B09NT3K3K6,Manage Your Time As A Busy Mom: Organizing And Decluttering Tips For Beginners,Marilou Musson,Kindle,by,
0,https://www.amazon.com/dp/B09NT31PX9,B09NT31PX9,An Introduction to Structural Properties of Concrete for Arch Dams for Professional Engineers (Dams and Hydroelectric Power Plants),J. Paul  Guyer,Kindle,|,
0,https://www.amazon.com/dp/B09NT2SJFR,B09NT2SJFR,Boost Your Speed Cleaning: Clean Your Entire House In No Time,Sirena Stemp,Kindle,by,
0,https://www.amazon.com/dp/B09NT2GN6Y,B09NT2GN6Y,The 866 Pound Pumpkin,David Rogers,Kindle,by,
0,https://www.amazon.com/dp/B09NT1YBX8,B09NT1YBX8,"Quick And Effective Guide To Clean Your House: Tips And Tricks For Tight Schedule, Busy Mothers",Shizue Douet,Kindle,by,
0,https://www.amazon.com/dp/B09NT1W7GB,B09NT1W7GB,Woodworking: Guide for Beginners,John Tailor,Kindle,by,
0,https://www.amazon.com/dp/B09NSD9MGD,B09NSD9MGD,Life Organization Guide: Great Tips And Advice To Keep Your Life Organized,Karon Christofferse,Kindle,by,
0,https://www.amazon.com/dp/B09NSD4TFS,B09NSD4TFS,Mastering Declutter: The Ultimate Guide To Organizing Your Space And Belongings,Les Houseal,Kindle,by,
0,https://www.amazon.com/dp/B09NSCQLWF,B09NSCQLWF,House Organizing Basics: Creative Ways And Ideas For An Organized Life,Shon Vanarsdall,Kindle,by,
0,https://www.amazon.com/dp/B09NSC3ZTC,B09NSC3ZTC,Quick Cleaning: Cleaning And Decluttering Your House The Half Time,Elsie Sobin,Kindle,by,
1,https://www.amazon.com/dp/B09NSBTK4G,B09NSBTK4G,"Cleaning Business: Running And Growing Home Cleaning Service From Zero, Guide To Success",Jae Holtmeier,Kindle,by,
0,https://www.amazon.com/dp/B09NSBQYZG,B09NSBQYZG,Spring Cleaning Tips: Making Household Chores Easier,Ena Luman,Kindle,by,
0,https://www.amazon.com/dp/B09NS9TQ15,B09NS9TQ15,"House Cleaning Business: How To Train Your Staff, Tips And Techniques For Fast Cleaning",Blake Tartar,Kindle,by,
0,https://www.amazon.com/dp/B09NS9DCTK,B09NS9DCTK,Organizing Your House In A Smart Way: Complete Guide To Cleaning Your House Fast,Whitley Mera,Kindle,by,
1,https://www.amazon.com/dp/B09NS8V5GC,B09NS8V5GC,Salma Chat With Mother Cat,M Sitohy,Kindle,by,
0,https://www.amazon.com/dp/B09NS87SHR,B09NS87SHR,RAISING YOUR PERFECT PUPPY: Basic guide in training your puppy early into your perfect dog.,Gregory Thomas,Kindle,by,
2,https://www.amazon.com/dp/B09NS43M4Z,B09NS43M4Z,"MORE THAN 15 DIFFERENT FUN AND BRAIN-TEASING ACTIVITIES BOOKS FOR ADULTS, TEENAGERS, AND CHILDREN.: Try out these fun puzzles to sharpen your mind, keep ... your memory active. (MAKE YOUR KID SMART!)",NANCY LINDA,Kindle,|,
0,https://www.amazon.com/dp/B09LYBQK1C,B09LYBQK1C,Strayed Homes: Cultural Histories of the Domestic in Public,Edwina Attlee,Kindle,by,
0,https://www.amazon.com/dp/B09NS5F4DX,B09NS5F4DX,Blackwork Stitches Sampler Book 14 Blackwork Pattern,Jonathan Black,Kindle,by,
0,https://www.amazon.com/dp/B09NS2XN95,B09NS2XN95,Guide To Getting Organized: A Compassionate And Biblical Look At Home Organization,Fred Kodadek,Kindle,by,
0,https://www.amazon.com/dp/B09NS19DXS,B09NS19DXS,Darkness Waiting,Chris Ellis,Kindle,by,
0,https://www.amazon.com/dp/B09NRVZD16,B09NRVZD16,Christian Hospitality: Ideas For Opening Our Homes And Enjoying Our Guests,Virgilio Hanchett,Kindle,by,
0,https://www.amazon.com/dp/B09NRVS8YB,B09NRVS8YB,Organizing Your Kitchen Made Easy: Ways To Manage Your Cleaning Project Without Feeling Overwhelmed,Patricia Milosevic,Kindle,by,
0,https://www.amazon.com/dp/B09NRVM611,B09NRVM611,"Cleaning Your House: Product To Uses, Tips For Cleaning And Cleansing Your House",Camie Glenister,Kindle,by,
0,https://www.amazon.com/dp/B09NRVCDJZ,B09NRVCDJZ,Clear Guidance For The Kitchen: Organization Ideas To Keep Your Kitchen Clutter-Free,Lettie Kehn,Kindle,by,
0,https://www.amazon.com/dp/B09NRVCBDW,B09NRVCBDW,Home Organization: An Excellent View Of Organizing And Purging From A Biblical Standpoint,Marlon Roessing,Kindle,by,
0,https://www.amazon.com/dp/B09NRVB78J,B09NRVB78J,Daily Guide To Keep Your House Clean: A Book Guide To Organizing Home And Mind,Matthew Bellflower,Kindle,by,
0,https://www.amazon.com/dp/B09NRV3SSF,B09NRV3SSF,Cleaning Recipes: Tips And Techniques To Clean Your House Fast And Effectively,Ethan Baenziger,Kindle,by,
0,https://www.amazon.com/dp/B09NRV3KY7,B09NRV3KY7,Keeping The House Clean Naturally: A Thorough Guide For Beginners To Natural Cleaning Products,Kate Boylan,Kindle,by,
0,https://www.amazon.com/dp/B09NRV2JRL,B09NRV2JRL,Cleaning And Cleaning: A Book Guide To Clean Your House With Smart Tips And Techniques,Janise Kanno,Kindle,by,
0,https://www.amazon.com/dp/B09NRTB5KS,B09NRTB5KS,Cleaning Items In Your House: A Complete Guide To Natural Cleaning And Perfect Recipes For Homemakers,Clair Carrauza,Kindle,by,
0,https://www.amazon.com/dp/B09NRT4X4T,B09NRT4X4T,Closet Organization Secrets: Closet Decluttering Guide To Keep Your Space Neat And Tidy,Mikki Quihuiz,Kindle,by,
0,https://www.amazon.com/dp/B09NRSXJ2W,B09NRSXJ2W,Quick Guide To Cleaning Houses: A Book Guide To Cleaning Your House Fast,Kerstin Labossiere,Kindle,by,
0,https://www.amazon.com/dp/B09NRSK4JB,B09NRSK4JB,"Home Organizing Tutorial: Quick, Easy Organizing Tips Can Save You Time And Energy",Jeffrey Camarero,Kindle,by,
0,https://www.amazon.com/dp/B09NRSJ1CG,B09NRSJ1CG,"A Green House: Guide To Natural Cleaning, Natural Recipes, And More",Santos Maren,Kindle,by,
0,https://www.amazon.com/dp/B09NRSFT87,B09NRSFT87,Holiday Organization: Incredible And Easy Ideas To Make The Holidays Peaceful And Enjoyable,Susanna Heppler,Kindle,by,
0,https://www.amazon.com/dp/B09NRS9CJ1,B09NRS9CJ1,Hosting Party Ideas: An Indispensable Handbook For Christian Hospitality,Yong Lapiana,Kindle,by,
0,https://www.amazon.com/dp/B09NRS76QW,B09NRS76QW,Re-Vamp Your Wardrobe: Foolproof Closet Organization Hacks For Any Wardrobe,Trenton Colleran,Kindle,by,
0,https://www.amazon.com/dp/B09NRS4782,B09NRS4782,Organize Each Room In Your House: Guide To Cleaning And Decluttering,Dionne Louderback,Kindle,by,
0,https://www.amazon.com/dp/B09NRS46NY,B09NRS46NY,"Wardrobe Organizing Ideas: Organizational Tips To Clear Out, Fill Out, And Layout Your Wardrobe",Dulce Rappley,Kindle,by,
0,https://www.amazon.com/dp/B09NRS25G9,B09NRS25G9,House Cleaning Tips And Tactics: Guide For Spotless Houses,Alejandro Huso,Kindle,by,
0,https://www.amazon.com/dp/B09NRRZT4R,B09NRRZT4R,Biblical Ways To Get Organized: How Changing Mindset Can Help You Overcome Organizational Challenges,Omar Winterberg,Kindle,by,
0,https://www.amazon.com/dp/B09NRRYCG1,B09NRRYCG1,Fast Tips For Cleaning For Beginners: A Complete Guide For Beginners To Start Cleaning,Thi Parlavecchio,Kindle,by,
0,https://www.amazon.com/dp/B09NRRVGC7,B09NRRVGC7,The Art Of Christian Hospitality: How Each Of Us Can Overcome Common Barriers To Hosting,Horacio Lahti,Kindle,by,
0,https://www.amazon.com/dp/B09NRR3233,B09NRR3233,Holiday Organization Ideas: Tips To Take The Hassle Out Of Your Holiday Seasons All Year Long,Stanley Kempner,Kindle,by,
0,https://www.amazon.com/dp/B09NRR132Z,B09NRR132Z,Enjoy Holiday Preparations: How To Clear Out Your Spiritual Clutter To Make Room For Joyful Memories,Mason Westaby,Kindle,by,
0,https://www.amazon.com/dp/B09NRQZ2MY,B09NRQZ2MY,Cleaning And Organizing: House Cleaning Tips And Guide To An Organized Life,Latanya Komarek,Kindle,by,
0,https://www.amazon.com/dp/B09NRQYJJR,B09NRQYJJR,"Secrets To An Organized Home: Tips, Tricks, And Techniques To Have A Decluttered, Organized House",Van Elger,Kindle,by,
0,https://www.amazon.com/dp/B09NRQWLMG,B09NRQWLMG,Develop An Organized Mindset: Tips And Strategies To Get Organized,Milford Bartolini,Kindle,by,
0,https://www.amazon.com/dp/B09NRQVVGB,B09NRQVVGB,Declutter Your Home: Strategies To Take Back Control Of Your Space And Enjoy Your Home,Delmer Dotter,Kindle,by,
0,https://www.amazon.com/dp/B09NRQNGNM,B09NRQNGNM,Successful Life By Decluttering: Tips For Organizing House And Mind,Lizzie Mundziak,Kindle,by,
0,https://www.amazon.com/dp/B09NRQ926X,B09NRQ926X,Clear Mindset And Clean Your House: Tips And Techniques To Organize Your Home And Your Mind,Felix Torrain,Kindle,by,
0,https://www.amazon.com/dp/B09NRQ8DLW,B09NRQ8DLW,"Decluttering Mindset: How To Organize Your House And Your Mind, Boost Productivity",Dortha Rybij,Kindle,by,
0,https://www.amazon.com/dp/B09NRNWD18,B09NRNWD18,A Happy And Decluttered Life: How To Organize And Declutter Your House,Lucius Gloodt,Kindle,by,
0,https://www.amazon.com/dp/B09NRNLCMZ,B09NRNLCMZ,Managing Your Life: A Complete Guide To Organize And Declutter Your Life,Dominic Bowens,Kindle,by,
0,https://www.amazon.com/dp/B09NRNCYFN,B09NRNCYFN,Rid Of Unnecessary Things In Your House: Tips For Cleaning And Organizing Your House,Otto Stanaland,Kindle,by,
0,https://www.amazon.com/dp/B09NRN1X6P,B09NRN1X6P,Simple And Fast Strategies To Clean Your House: Tips For Beginners,Tanner Torey,Kindle,by,
0,https://www.amazon.com/dp/B09NRMZTBX,B09NRMZTBX,Being Organized Enough To Control Your Life: Tips And Tactics To Decluttering Your Life,Ronnie Vanskiver,Kindle,by,
0,https://www.amazon.com/dp/B09NRMCV7K,B09NRMCV7K,"Clutter-Free Life: How To Acquire, Tips For Cleaning And Decluttering",Donn Madinger,Kindle,by,
0,https://www.amazon.com/dp/B09NRM6WBD,B09NRM6WBD,"DIY Organizing Guide: Living Without Mess, A Book Guide",Milford Cacatian,Kindle,by,
0,https://www.amazon.com/dp/B09NRLTK5M,B09NRLTK5M,A Beginner's Guide To Bonsai Trees: What You Need To Know To Start Bonsai,Tawana Gaytan,Kindle,by,
0,https://www.amazon.com/dp/B09NRKQS17,B09NRKQS17,Life Without Mess: A Book Guide On How To Declutter Your House And Your Life,Gary Stolfi,Kindle,by,
0,https://www.amazon.com/dp/B09NRJ5BWW,B09NRJ5BWW,Ultimate Bonsai Manual: All Aspects Of Creating Your Own Miniature Gardens,Shad Cunliffe,Kindle,by,
0,https://www.amazon.com/dp/B09NRGGG8F,B09NRGGG8F,Bonsai Caring & Growing Tips: Basics Of Developing Many Different Types Of Bonsai,Rolando Whited,Kindle,by,
0,https://www.amazon.com/dp/B09NRBF3GX,B09NRBF3GX,Scavengers: Animals,Allal Mouchtach,Kindle,by,
0,https://www.amazon.com/dp/B09NR3G8YC,B09NR3G8YC,DIY Marijuana Growing Bible: A Good Overview Of Many Of The Steps Involved In Growing Cannabis,Carmella Burnet,Kindle,by,
0,https://www.amazon.com/dp/B09NR1SSLK,B09NR1SSLK,Gardening Techniques For Beginners: The Secrets To Successful Outdoor Gardening,Dara Earthly,Kindle,by,
0,https://www.amazon.com/dp/B09NR1CW2G,B09NR1CW2G,A Handbook Of Gardening: Techniques To Grow And Maintain Your Beautiful Garden,Herb Berkebile,Kindle,by,
0,https://www.amazon.com/dp/B09NQZZ885,B09NQZZ885,Gardening Success Tips: A Collection Of Tips And Tricks For Having A Perfect Garden,Loren Schumer,Kindle,by,
2,https://www.amazon.com/dp/B09NQZSFTD,B09NQZSFTD,Growing Bearded Irises Made Easy: A Collection Of Tips And Tricks To Grow Bearded Irises,Andre Leazer,Kindle,by,
0,https://www.amazon.com/dp/B09NQZK4LD,B09NQZK4LD,"The Art Of Herbal Healing: A Revolutionary, Scientifically Proven Approach To Healing From Herbs",Robt Polikoff,Kindle,by,
0,https://www.amazon.com/dp/B09NQYZXFZ,B09NQYZXFZ,Healing Power Of Traditional Herbs: A Collection Of Herbs And Remedies For Common Ailments,Avery Daughdrill,Kindle,by,
0,https://www.amazon.com/dp/B09NQYZWSY,B09NQYZWSY,The Handbook Of Herbal Usage: Your Guide To Healing Common Ailments With Medicinal Herbs,Roxy Quitero,Kindle,by,
1,https://www.amazon.com/dp/B09NQY66V7,B09NQY66V7,The Handbook Of Growing Bearded Irises: Cultivating The Rainbow For Beginners And Enthusiasts,Georgina Mara,Kindle,by,
0,https://www.amazon.com/dp/B09NQRKTSV,B09NQRKTSV,Tin Can Candle Holders: Make in a Hurry for Christmas,A Fredericka,Kindle,by,
4,https://www.amazon.com/dp/B09NQ7K9VD,B09NQ7K9VD,Markup R-XP Getting Started: Quick Guide,James Kewin,Kindle,by,
1,https://www.amazon.com/dp/B09KGWC7VW,B09KGWC7VW,Electrical Engineering for Non-Electrical Engineers,S. Bobby Rauf,Kindle,by,
1,https://www.amazon.com/dp/B09NMXYTSD,B09NMXYTSD,Science Critters,Paula Johanson,Kindle,by,
1,https://www.amazon.com/dp/B09NPZHYWG,B09NPZHYWG,Fly Tying Made Simple: In depth Guide on How to Carry Out Fly Tying Patterns & Techniques; How to Fool Fishes & Get the Best Catches; Essential Flies for the Great Lake Region via the Para-loop Ways,Mitchell T.  Cudmore,Kindle,by,
0,https://www.amazon.com/dp/B09N7M6718,B09N7M6718,The Sewing Connection Series 6: Shirley Adams Sewing Connection,Shirley Adams,Kindle,|,
2,https://www.amazon.com/dp/B09L5JRQK3,B09L5JRQK3,Source Book for Rule Collectors with Rule Concordance and Value Guide,Phil Stanley,Kindle,by,
1,https://www.amazon.com/dp/B09NSF62QV,B09NSF62QV,Gold in Bucks County,Kerry Stickel,Kindle,by,
2,https://www.amazon.com/dp/B09NQTG773,B09NQTG773,Heart Of Homemaking A Guided Journal,LC Venegas,Kindle,by,
1,https://www.amazon.com/dp/B09NQQ81S5,B09NQQ81S5,BENEFITS OF MYCORRHIZA,SAMUEL ROBERT,Kindle,by,
0,https://www.amazon.com/dp/B09NQGHSZX,B09NQGHSZX,Guide To Hydroponic Gardening: How To Design And Build An Inexpensive System For Growing Plants,Beau Korth,Kindle,by,
0,https://www.amazon.com/dp/B09NQFWTQB,B09NQFWTQB,New Guide To Cannabis Breeding: The Essential Guide To Cultivation And Propagation Of Cannabis,Ryan Cridland,Kindle,by,
0,https://www.amazon.com/dp/B09NQFCGZL,B09NQFCGZL,Growing With Hydroponics For Beginners: What You Need To Know About Hydroponic Gardening,Leigh Roeber,Kindle,by,
0,https://www.amazon.com/dp/B09NQF6YMY,B09NQF6YMY,17 DAYS WITH AN ARTIST An art lover’s week away.: THE COFFEE TABLE’S GUIDE TO THE ULRICH DE BALBIAN FIN ART FOUNDATION. Part 4/5,Delton Young,Kindle,by,
0,https://www.amazon.com/dp/B09NQDW6P5,B09NQDW6P5,"The Year-Round Solar Greenhouse: Growing Organic Fruits And Vegetables, Plants In Your Garden",Meghan Salado,Kindle,by,
0,https://www.amazon.com/dp/B09NQDLR9G,B09NQDLR9G,The Guide To Hydroponic Culture: DIY Guide To Master Hydroponics Indoor Cultivation For Beginner,Willie Inge,Kindle,by,
0,https://www.amazon.com/dp/B09NQDKSLM,B09NQDKSLM,A Beginner's Guide To Growing Cannabis: How To Grow Cannabis And Useful Tips To Improve Your Harvest,Ruben Kolppa,Kindle,by,
0,https://www.amazon.com/dp/B09NQDKCZD,B09NQDKCZD,"A Tutorial For Building A Greenhouse: How To Grow, Maintain, Arrange A Greenhouse",Santiago Solo,Kindle,by,
0,https://www.amazon.com/dp/B09NQD379D,B09NQD379D,Cannabis Growing Tricks: The Ultimate Simple Guide To Producing Top-Grade Medical Cannabis,Mirtha Stahlman,Kindle,by,
0,https://www.amazon.com/dp/B09NQCLZ68,B09NQCLZ68,Culinary Varieties For Indoor Home Gardens: A Beginner's Guide To Growing Edible Plants,Williams Elleby,Kindle,by,
0,https://www.amazon.com/dp/B09NQCHB73,B09NQCHB73,"Cannabis Growing Guide: How To Plant, Tend And Harvest Your Own Cannabis",Reda Amstrong,Kindle,by,
0,https://www.amazon.com/dp/B09NQCG1VW,B09NQCG1VW,The Complete Composting Guide: Creating Your Own Organic Compost In Your Backyard,Rigoberto Dovalina,Kindle,by,
0,https://www.amazon.com/dp/B09NQC5W57,B09NQC5W57,The Gardening Guide To Composting: Your Guide To Getting Started With Composting,Carroll Pestano,Kindle,by,
0,https://www.amazon.com/dp/B09NQC5SGB,B09NQC5SGB,The Basics Of Vertical Gardening: How To Create An Urban Garden In Small Spaces,Luciano Medoff,Kindle,by,
0,https://www.amazon.com/dp/B09NQBV197,B09NQBV197,The Essentials Of Marijuana Growing: Marijuana Growing And Cultivation Indoors And Outdoors,Estefana Skafidas,Kindle,by,
4,https://www.amazon.com/dp/B09NQBHMFC,B09NQBHMFC,Dognitive Thought : What is your dog thinking?,Noah Craig,Kindle,by,
0,https://www.amazon.com/dp/B09NQBFVY2,B09NQBFVY2,The Complete Guide For Indoor Growers: Encyclopedia Of Edible Plants You Can Grow Indoors,Samuel Takeda,Kindle,by,
0,https://www.amazon.com/dp/B09NQB5D5H,B09NQB5D5H,Knowledge About Growing Marijuana: Important Factors Of Indoor And Outdoor Marijuana Growing,Val Bardales,Kindle,by,
0,https://www.amazon.com/dp/B09NQB545L,B09NQB545L,"Using Microsoft Team In Education: Create, Setup Virtual Online Meeting For Class, Conferences & More",Antonio Harmening,Kindle,by,
0,https://www.amazon.com/dp/B09NQB3SSN,B09NQB3SSN,Microsoft Team For Teachers & Students: 50 Tips & Tricks To Master The Microsoft Team Tools,Gertha Stickney,Kindle,by,
0,https://www.amazon.com/dp/B09NQ9S748,B09NQ9S748,Get Started With Microsoft Teams For Remote Learning: Step By Step Beginners Guide With 50 Ways,Chuck Cuffy,Kindle,by,
0,https://www.amazon.com/dp/B09NQ86XD3,B09NQ86XD3,17 DAYS WITH AN ARTIST: An art lover’s week away. THE COFFEE TABLE’S GUIDE TO THE ULRICH DE BALBIAN FIN ART FOUNDATION. Part 3/5,Delton  Young,Kindle,by,
0,https://www.amazon.com/dp/B09NQ7NW1Y,B09NQ7NW1Y,Contrasting Rhombus,Art EC,Kindle,by,
2,https://www.amazon.com/dp/B09NPKRQ3Z,B09NPKRQ3Z,To Catch a Fox: A Fox Keeper's Survival Guide,Duane Policelli,Kindle,by,
0,https://www.amazon.com/dp/B08YN431H9,B08YN431H9,Dogs and Cats in South Korea: Itinerant Commodities (New Directions in the Human-Animal Bond),Julien Dugnoille,Kindle,|,
2,https://www.amazon.com/dp/B09P2XXQ8C,B09P2XXQ8C,A Tale of Two Furry Friends,Cheryl Lynn Bowyer,Kindle,by,
3,https://www.amazon.com/dp/B09PNHTCTY,B09PNHTCTY,Fairy Tales Collection,Hans Christian Andersen,Kindle,by,
0,https://www.amazon.com/dp/B0CKF87BQD,B0CKF87BQD,Jaydi's Story #1: In The Beginning,Alicia Dianne,Kindle,by,
2,https://www.amazon.com/dp/B09QGSYLMW,B09QGSYLMW,Whimsical times in the Mystical cloud,Trisha Menon,Kindle,by,
0,https://www.amazon.com/dp/B09PJTSKYT,B09PJTSKYT,"WILL OF IRON: AN MYSTERY, THRILLER STORY",BISHNU CHARAN DAS,Kindle,by,
0,https://www.amazon.com/dp/B09PJN3JW2,B09PJN3JW2,In the Margins of my College Notebook,Jordan Kaszyk,Kindle,by,
2,https://www.amazon.com/dp/B09MJNW943,B09MJNW943,Wails of Torment (The Horrors of Kristy Pearson's Childhood Book 2),"L Wells, Ken",Kindle,by,
3,https://www.amazon.com/dp/B09KLQSPYB,B09KLQSPYB,One Life Changes Everything,"R Jensen, Lorelei",Kindle,by,
0,https://www.amazon.com/dp/B09PJFC6DL,B09PJFC6DL,"PRACTICING COMPREHENSIVE FAMILY MEDICINE: Fundamentals, Tools, and Cases",Nerio Romero,Kindle,by,
0,https://www.amazon.com/dp/B09NQLQ4WM,B09NQLQ4WM,Head and Neck Oncology: A Concise Guide,Akheel Mohammad,Kindle,by,
3,https://www.amazon.com/dp/B0C8N1R22W,B0C8N1R22W,"Guidelines for Ageing with Health, Grace and Dignity",SM Tuli,Kindle,by,
0,https://www.amazon.com/dp/B09PMSHJC1,B09PMSHJC1,Practical Bacteriology,Choon Weng Lee,Kindle,by,
4,https://www.amazon.com/dp/B09PJTF9TW,B09PJTF9TW,My Diabetic Mama,CJ Walker,Kindle,by,
