Total Reviews,Product Url,ASIN,Title,Author,Format,Publication Date,Publisher
0,https://www.amazon.com/dp/9811642397,9811642397,Creating a Culture of Diversity and Inclusiveness in India Inc.: Practitioners Speak (Responsible Leadership and Sustainable Management),Kakoli Sen,Kindle,|,
0,https://www.amazon.com/dp/0367208938,0367208938,Customer Service Marketing,Edwin N. Torres,Kindle,by,
0,https://www.amazon.com/dp/1921547197,1921547197,"Understanding Relationship Selling: How to build customer's rapport, respect & trust (Learning Short-Take)",Catherine Mattiske,Paperback,by,
0,https://www.amazon.com/dp/1970179902,1970179902,Faith Foundation: 7 Days of Facing Fears and Overcoming Doubts,Rainah Davis,Paperback,by,
0,https://www.amazon.com/dp/1915079764,1915079764,Prayers,Kristian Doyle,Paperback,by,
0,https://www.amazon.com/dp/B0BRHDW68G,B0BRHDW68G,New Moments: Make Your Life Work - Volume 8.: Choose Your Truth!,Dr David Nightingale,Kindle,by,
0,https://www.amazon.com/dp/9356365032,9356365032,Data Connections Ideas: New Assets of Knowledge Zenith Era,Manoj Sonawane,Kindle,by,
0,https://www.amazon.com/dp/1387383507,1387383507,Ydwtk: A Problem Solving Journal (including the stuff YOU DON'T WANT TO KNOW),Anita Lee,Paperback,by,
2,https://www.amazon.com/dp/1032225432,1032225432,"Stages of Reckoning (Routledge Series in Equity, Diversity, and Inclusion in Theatre and Performance)",Amy Mihyang Ginther,Hardcover,by,
1,https://www.amazon.com/dp/B0BRCD8TD3,B0BRCD8TD3,EnvisionHER: The Vision Board Book for Women,CreateHER Co,Paperback,by,
5,https://www.amazon.com/dp/B0BRGXRRWC,B0BRGXRRWC,"Ball Canning Guide Book: Tips, Techniques and Recipes for Beginners",Emily Hans,Kindle,by,
0,https://www.amazon.com/dp/B0BRDGLP9P,B0BRDGLP9P,The Shape of Brewing: A Guide for the Mindful Brewer,Jorge Fortuna Tomé,Kindle,by,
0,https://www.amazon.com/dp/B0BRH1H7CH,B0BRH1H7CH,"Fatty Liver Diet Cookbook: 50+ No BS Recipes for Breakfast, Lunch, Dinner, Snack, and Desserts, designed for Fatty Liver Diet. Detoxify Your Liver to Regain Maximum Health and Energy.",Lillian Harrison,Kindle,by,
0,https://www.amazon.com/dp/B0BRDFWZGT,B0BRDFWZGT,"An Effective Meal Prep for Losing Weight: Daily Routines With Smart Diet Control, Weight loss and Fat Burning Ingredients",Sandra Tanner,Kindle,by,
0,https://www.amazon.com/dp/B0BRDDCLDL,B0BRDDCLDL,Vegetarian diet: The beginners guide to plant-based diet,Erin N. Nichols,Kindle,by,
0,https://www.amazon.com/dp/1032364173,1032364173,The Coloniality of Modern Taste (Routledge Research on Decoloniality and New Postcolonialisms),Zilkia Janer,Kindle,|,
0,https://www.amazon.com/dp/B0BRDGRFJH,B0BRDGRFJH,Apple Jam Recipes: Jam Cookbook with Mouthwatering and Flavorful Apple Jams (Sweet Apple Tastes),Brendan Fawn,Kindle,|,
0,https://www.amazon.com/dp/B0BRH2YDL8,B0BRH2YDL8,Meal Planner Notebook: 52 Week Weekly Meal Planner including Pantry List and Grocery List,Designs By Denise,Hardcover,by,
1,https://www.amazon.com/dp/B0BRDHG8Z9,B0BRDHG8Z9,MIS RECETAS: CUADERNO EN BLANCO PARA RECETAS,Sra Recetas Secretas,Hardcover,by,
4,https://www.amazon.com/dp/B0BR9GP41F,B0BR9GP41F,Beef Wellington Recipes to die for: Festive recipes you are going to adore,David Kane,Kindle,by,
0,https://www.amazon.com/dp/B0BRDFRYMN,B0BRDFRYMN,Food And Exercise Tracker: Weight Loss Planner For Women,Marianne Kent,Paperback,by,
5,https://www.amazon.com/dp/076038021X,076038021X,"The Super Easy Ketogenic Diet Cookbook: Lose Weight, Reduce Inflammation, and Get Healthy with Recipes, Tips, and Meal Plans (New Shoe Press)",Martina Slajerova,Kindle,|,
1,https://www.amazon.com/dp/B0BR9DMH76,B0BR9DMH76,Dim Sum Delight Cookbook: Scrumptious Dim Sum Made Simple,Jacob Brooks,Kindle,by,
0,https://www.amazon.com/dp/1837871914,1837871914,Bulletproof Diet: Bulletproof Diet Recipes That Are Quick And Easy To Lose Weight (Burn Fat With Amazing Speed And Start Healthy Lifestyle),Hans-Dieter Thoma,Paperback,by,
0,https://www.amazon.com/dp/1837871906,1837871906,Fodmap Diet: The Full And Delicious A New Diet To Cure IBS And Other Digestive Ailments (The Strongest Diet That Is Very Well Good For The Intestines Low Fodmap Diet Simple Method),Hans-Peter Ramsauer,Paperback,by,
0,https://www.amazon.com/dp/1837871884,1837871884,Flexitarian Diet: Discover The Secrets Of Sustainable Weight Loss And A Healthy Lifestyle With This Most Rational Diet (The Simplified Guide To Adaptable Recipes For Part-time Vegetarians),Joerg-Löhr Brück,Paperback,by,
0,https://www.amazon.com/dp/B0BR992W1L,B0BR992W1L,Food and Snacks Calories Log,Badger Designs,Paperback,by,
0,https://www.amazon.com/dp/B0BR2DW1RV,B0BR2DW1RV,Gluten free cooking: A comprehensive cookbook for a healthy and fulfilling diet,Albert Lewis,Paperback,by,
0,https://www.amazon.com/dp/B0BR2MXQRH,B0BR2MXQRH,"My Yummy Soup Recipes, Fun Logbook For Writing All Winter Warming Soups, Great To Use Alongside Soup Makers. Food, Healthy Eating Planner: Get ... Book To Log All Your Smooth & Chunky Soups!",Gail Machin,Paperback,by,
0,https://www.amazon.com/dp/B0BQY2Q14Z,B0BQY2Q14Z,Blood Sugar Log Book: Daily Blood Sugar Tracker for 2 Years,Lisa Sipple,Hardcover,by,
0,https://www.amazon.com/dp/B0BR1T4DZP,B0BR1T4DZP,My Recipe Notebook: Blank Recipe Journal | 120 Pages | Suitable for Housemaker | Elderly | Family | Chefs | Restaurant Owners,EZ Solution Studio,Paperback,by,
0,https://www.amazon.com/dp/B0BR1R2B7F,B0BR1R2B7F,"A Culinary Journal of Food, Adventures & Memories: Creating a Permanent Record of Recipes, Restaurants, Farmers Markets, Food Stalls, Street Vendors, ... Tastings, Distillers, Micro-Brewers and More",Betsy Holmes-Baker,Paperback,by,
0,https://www.amazon.com/dp/B0BR1NHY7G,B0BR1NHY7G,Air Fryer Cook Book For Begginers: A Beginners Guide To Making Meals and Side Dishes In An Air Fryer,Passaic Press,Hardcover,by,
0,https://www.amazon.com/dp/1803619600,1803619600,Ulcerative Colitis Cookbook: Discover How To Relieve The Symptoms Of Ulcerative Colitis With Easy Recipes28-Day Meal Plan Included,Kyle Beckwith,Paperback,by,
0,https://www.amazon.com/dp/B0BQXY5NYK,B0BQXY5NYK,Glycemic Index Diet: Achieve Optimal Health and Weight Loss with the Low-GI Diet,Dr. Colin C. Longenecker,Kindle,by,
0,https://www.amazon.com/dp/B0BQXW58NK,B0BQXW58NK,HOW I LOST WEIGHT: Weight Loss Tracker Journal: A Fun & Interactive Food & Exercise Scheduler for Diet and Weight Loss Programs,Country Queen,Paperback,by,
3,https://www.amazon.com/dp/B0BQ9RGYDF,B0BQ9RGYDF,The Specific Carbohydrate Diet,Evelyn Claire,Kindle,by,
0,https://www.amazon.com/dp/B0BQY4MWJV,B0BQY4MWJV,Weight Loss Journal for Women: Food and Workout Logs Provided,Christin Mann,Paperback,by,
0,https://www.amazon.com/dp/B0BQXSYYT6,B0BQXSYYT6,"DISCOVERING ITALY: A COMPREHENSIVE TOUR GUIDE: Discover the Charm and Beauty of Italy: A Guide to Exploring the Country's Rich History, Culture, and Natural Wonders",Christian M. Williams,Kindle,by,
0,https://www.amazon.com/dp/B0BQ99L8W8,B0BQ99L8W8,Diabetes cookbook and meal planner: An Introductory Guide to Diabetes with Some Delicious and Nutritious Recipes for a Healthy Diabetic Lifestyle to ... Mediterranean & Meal Planning Edition.),Cameroon  N. Brown,Kindle,|,
2,https://www.amazon.com/dp/B0BQ9R2PNV,B0BQ9R2PNV,The Kitchen of Kim’s Convenience: Must-Try Recipes from the Kim Family and Friends,Mia Martin,Kindle,by,
4,https://www.amazon.com/dp/1469671271,1469671271,Guaraná: How Brazil Embraced the World's Most Caffeine-Rich Plant,Seth Garfield,Kindle,by,
4,https://www.amazon.com/dp/B0BQGFS2SC,B0BQGFS2SC,Asian-Inspired Hot Pot Recipes: Try These Delicious and Simple Asian Hot Pot Dishes!,Jacob Brooks,Kindle,by,
0,https://www.amazon.com/dp/B0BQY8Q4GB,B0BQY8Q4GB,She Believed She Could So She DID: Weight-loss Journal,Sandra Roberts,Paperback,by,
0,https://www.amazon.com/dp/B0BQY4RNBM,B0BQY4RNBM,Food Sensitivity Journal: Food Sensitivity Diary And Triggers For Food Allergies,maknahid publishing,Paperback,by,
0,https://www.amazon.com/dp/B0BQ9LLSDP,B0BQ9LLSDP,THE DIABETIC COOKBOOK: Simple And Delicious Recipes For Managing Diabetes And Balanced Eating,Larry Bass,Kindle,by,
0,https://www.amazon.com/dp/9356786666,9356786666,Margaret Brown's French Cookery Book,Margaret Brown,Kindle,by,
0,https://www.amazon.com/dp/183787171X,183787171X,Low Fodmap Diet: Low Fodmap Diet Plan & Recipes Cookbook To Get Ibs Relief And Improve Digestions (Easy And Quick Recipes To Alleviate The Symptoms Of Ibs And Other Similar Digestive Disorder),Heinz-Josef Engelhardt,Paperback,by,
0,https://www.amazon.com/dp/1837871701,1837871701,"Bulletproof Diet: An Essential Guide With Simple, Delicious And Nutritious Bulletproof Recipes To Lose Weight (Quick And Easy Bulletproof Diet Recipes To Lose Weight)",Albrecht Koppensteiner,Paperback,by,
4,https://www.amazon.com/dp/1487551576,1487551576,Feeding Fascism: The Politics of Women's Food Work (Toronto Italian Studies),Diana Garvin,Kindle,|,
2,https://www.amazon.com/dp/B0BQL5CGJG,B0BQL5CGJG,Zen River Cookbook: Essentials,Ms Tamara Myoho Gabrysch,Kindle,by,
0,https://www.amazon.com/dp/B0BQY8TKJB,B0BQY8TKJB,Sucess is the sum of small efforts: Weight Loss Journal For Women,Phuong Nguyen,Paperback,by,
0,https://www.amazon.com/dp/B0BQ9N76XF,B0BQ9N76XF,The Family's Holiday Recipe Book To Write In You Secret Family Recipes | Make Your Own Cookbook | Breakfast Lunch Dinner Cocktails Drinks Recipe Book ... 120 Pages 5.5 x 8.5 BLACK: RECIPE JOURNAL,La Fleur D'Orient,Paperback,by,
0,https://www.amazon.com/dp/1803619589,1803619589,"Diabetic Cookbook: Easy & Delicious Recipes for Prediabetes, Diabetes, and Type 2 Diabetes Newly Diagnosed",Willard Marsh,Paperback,by,
0,https://www.amazon.com/dp/1922890960,1922890960,Busy person's cookbook,Sandra Scofield,Kindle,by,
0,https://www.amazon.com/dp/B0BQ9R2MS7,B0BQ9R2MS7,"Typical breads and sweets of Calabria, artisanal recipes: Millennial traditions",Michele Filippelli,Kindle,by,
1,https://www.amazon.com/dp/1803619570,1803619570,"Dehydrator Cookbook for Beginners: Dehydrate Your Food To Extend Its Shelf Life, Preserve Its Nutrients, & Reduce Food Waste",Carole Morgan,Paperback,by,
0,https://www.amazon.com/dp/B0BQGH8W9Z,B0BQGH8W9Z,"Simple Healthy Meals for Everyday Use: 100 Healthy Dishes for Breakfast, Lunch and Dinner for the Best Fitness Growth",M. C. Lesaca,Kindle,by,
0,https://www.amazon.com/dp/B0BQ9RQX91,B0BQ9RQX91,Blank Recipe Book To Write In Your Own Recipes,Kapa Kreations,Hardcover,by,
0,https://www.amazon.com/dp/B0BQ9J8ZH3,B0BQ9J8ZH3,THE KETOGENIC DIET: A COMPREHENSIVE BEGINNERS GUIDE: EFFECTIVE WAYS TO LOOSE WEIGHT AND IMPROVE YOUR HEALTH,MELISSA BRUCE SHOEMAKER,Kindle,by,
0,https://www.amazon.com/dp/1470945916,1470945916,Diabetes Selfcare Management - A patient-empowerment manual,Sarah Cuschieri,Paperback,by,
3,https://www.amazon.com/dp/B0BQ9RGTFP,B0BQ9RGTFP,"Longevity News 1: Nutrition and Diseases (Nutrition, Health, and Longevity)",Valter Longo Foundation,Kindle,|,
2,https://www.amazon.com/dp/B0BQ9KTHVS,B0BQ9KTHVS,"Vitamins (Nutrition, Health, and Longevity)",Valter Longo Foundation,Kindle,|,
3,https://www.amazon.com/dp/B0BQ9J8CB9,B0BQ9J8CB9,Homestead Helpings: Heartfelt Recipes for our Chatters Family,Christine Sterling,Kindle,by,
0,https://www.amazon.com/dp/1032126892,1032126892,Cold Chain Management for the Fresh Produce Industry in the Developing World (World Food Preservation Center Book Series),Vijay Yadav Tokala,Kindle,|,
0,https://www.amazon.com/dp/B0BQ99KGB5,B0BQ99KGB5,"My Delicious Recipes With Cheese, I Cheese To Be Happy: Blank Recipe Book To Write In: Empty Cookbook To Note Down Your 100 Favorite Recipes With ... and Cook: Cooking tools (6x9, 110 Pages)",Power of the Word,Paperback,by,
2,https://www.amazon.com/dp/1039152406,1039152406,Clinking Outside the Box: The World in a Glass,Harry Drung,Kindle,by,
4,https://www.amazon.com/dp/B0BQ9R4NTW,B0BQ9R4NTW,"Longevity News 2: Exercise, Lifestyle, and Environment (Nutrition, Health, and Longevity)",Valter Longo Foundation,Kindle,|,
0,https://www.amazon.com/dp/B0BQ94N9Y6,B0BQ94N9Y6,"2023 Large Print Word Search Puzzle Book: XXL Jumbo Anxiety and Stress Relief Wordfind Brain Exercises for Puzzlers, Smart Adults, Seniors & Elderly | ... Training | Cool Craft Beer & Bartender Gifts",Victoria M. Hayward,Paperback,by,
1,https://www.amazon.com/dp/1803619295,1803619295,Anti - Inflammatory Diet Cookbook: Easy Recipes to Fight Inflammation with a 30-Day Meal Plan,Marta Harter,Paperback,by,
2,https://www.amazon.com/dp/B0C4PQB3ZX,B0C4PQB3ZX,Tracking Loach,David Archibald,Kindle,by,
0,https://www.amazon.com/dp/9042950382,9042950382,The Psalter: The Whole of the Book of Praises (Rhetorica Biblica Et Semitica),R. Meynet,Paperback,by,
0,https://www.amazon.com/dp/9042950218,9042950218,"The Books of the Maccabees: Literary, Historical, and Religious Perspectives (Bibliotheca Ephemeridum Theologicarum Lovaniensuium, 328)",Jan Willem Van Henten,Paperback,by,
0,https://www.amazon.com/dp/2825418293,2825418293,"Towards a Global Vision of the Church Volume I: Explorations on Global Christianity and Ecclesiology, Faith and Order Paper 234",Sotirios Boukis,Paperback,by,
0,https://www.amazon.com/dp/2825417076,2825417076,Visions of Christian Unity,Olav Fykse Tveit,Paperback,by,
0,https://www.amazon.com/dp/2825418137,2825418137,A Hundred Years of Mission Cooperation: The Impact of the International Missionary Council 1921-2021,Risto Jukko,Paperback,by,
1,https://www.amazon.com/dp/1942547196,1942547196,"The Tarot Issue: Chancletazo for Your Soul, An Aster(ix) Anthology, December 2022",Marlène Ramírez-Cancio,Paperback,by,
0,https://www.amazon.com/dp/9042946954,9042946954,"Positive Psychology and Spirituality in Counselling and Psychotherapy (Conflict, Ethics, and Spirituality, 12)",Christian R. Bellehumeur,Paperback,by,
1,https://www.amazon.com/dp/1032248335,1032248335,Practicing Oral History with Military and War Veterans,Sharon Raynor,Kindle,by,
1,https://www.amazon.com/dp/1087981964,1087981964,Where the Lovelight Gleams (Golden Days of Yore),Victoria R Gatto,Kindle,|,
1,https://www.amazon.com/dp/1839315202,1839315202,"The Mobility War: Marine Corps Helicopter Operations in Vietnam, 1962-1975: Marine Corps helicopter operations in Vietnam, 1962-1975: Marine Corps helicopter operations in Vietnam, 1962-1975",Adam T Givens,Paperback,by,
4,https://www.amazon.com/dp/0824893980,0824893980,"Connecting the Kingdom: Sailing Vessels in the Early Hawaiian Monarchy, 1790–1840",Peter R. Mills,Kindle,by,
0,https://www.amazon.com/dp/9042946938,9042946938,"New Reading Book of Middle Egyptian Texts (Egyptologishe Uitgaven - Egyptological Publications, 33)",A. De Buck,Paperback,by,
0,https://www.amazon.com/dp/3944415434,3944415434,Sound of Stones: The Music Archaeology of Chime Stones in Ancient China (Ancient Musical Instruments and Music Cultures),Fang Xueyang,Paperback,by,
0,https://www.amazon.com/dp/B0BC2L6VFC,B0BC2L6VFC,An Introduction to Late Antique Epigraphy in the Holy Land: A Thorough Study on Greek and Latin Epigraphy in the Holy Land (Collectio Minor),Leah Di Segni,Paperback,by,
0,https://www.amazon.com/dp/3110739690,3110739690,Applied Linear Analysis for Chemical Engineers: A Multi-scale Approach with Mathematica® (De Gruyter Textbook),Vemuri Balakotaiah,Paperback,by,
0,https://www.amazon.com/dp/B0BRDFLJMZ,B0BRDFLJMZ,Fish & Fisheries Digest Part-4: POISONOUS & VENOMOUS FISHES AND SHELLFISHES,SK Gupta,Kindle,|,
1,https://www.amazon.com/dp/1998901092,1998901092,Composting: Start Your Composting With The Ultimate Eco-friendly And Budget Friendly Techniques (How To Create Natural Fertilizer At Home),Johns,Kindle,by,
0,https://www.amazon.com/dp/B0BRDJYQ1C,B0BRDJYQ1C,Biology 2023,PublishedScience LLC,Paperback,by,
0,https://www.amazon.com/dp/9657849330,9657849330,Israel Numismatic Research: Volume 17 2022,Israel Numismatic Society,Paperback,by,
0,https://www.amazon.com/dp/920118722X,920118722X,Criticality Safety in the Handling of Fissile Material (IAEA Safety Standards Series),IAEA,Paperback,by,
0,https://www.amazon.com/dp/9042950560,9042950560,"Late Antique Wall Paintings from Porphyreon in the Sidon Hinterland (Polish Publications in Mediterranean Archaeology, 7)",J. M. Burdajewicz,Paperback,by,
0,https://www.amazon.com/dp/8891328030,8891328030,"Sicilia Archeologica, 2022 (English and Italian Edition)",L'erma di Bretschneider,Paperback,Italian Edition,
0,https://www.amazon.com/dp/8891327875,8891327875,Quaderni Di Archeologia Della Libya (English and French and Italian Edition),L'erma di Bretschneider,Paperback,French Edition,
0,https://www.amazon.com/dp/8822268717,8822268717,On the Interplay of Images: Imaginaries and Imagination in Science Communication (Scientia Atque Usus),Andreas Metzner-szigeth,Paperback,by,
0,https://www.amazon.com/dp/8396672113,8396672113,"Metals, Ornaments, History, Contacts of Slavic and Scandinavian Elites in the Viking Age (English and Polish Edition)",R Czech-Blonska,Paperback,Polish Edition,
0,https://www.amazon.com/dp/8366355713,8366355713,"Novae. Studies and Materials VIII, Actum Atque Tractatum",Archeobooks,Paperback,by,
0,https://www.amazon.com/dp/6205551071,6205551071,Development of sensors targeting the determination of analytes: in pharmaceutical samples and biological fluids,Nathalia Florencia Barros Azeredo,Paperback,by,
0,https://www.amazon.com/dp/6205549549,6205549549,Distribution of facilities:: Comparison of metaheuristics applied to UA-FLP with fixed dimensions.,Aldair Álvarez Díaz,Paperback,by,
0,https://www.amazon.com/dp/6205549379,6205549379,FISH WASTE FOR BIODEGRADABLE PACKAGING: A study on the potential of fish waste as a biopolymer,Daiane Nogueira,Paperback,by,
0,https://www.amazon.com/dp/6205529327,6205529327,Mesoporous aluminophosphate solid acids for solvent-free acetylation,Shyam Prasad K.,Paperback,by,
0,https://www.amazon.com/dp/6205528967,6205528967,VALENCE ELECTRON DISTRIBUTION IN METAL CARBONYL CLUSTERS,Prof. Enos Masheija Rwantale Kiremire,Paperback,by,
0,https://www.amazon.com/dp/3700193394,3700193394,Agypten Und Levante XXXII / Egypt and the Levant XXXII (2022): Internationale Zeitschrift Fur Agyptische Archaologie Und Deren Nachbargebiete / ... Disciplines (English and German Edition),Manfred Bietak,Paperback,German Edition,
0,https://www.amazon.com/dp/3110785978,3110785978,Machine Learning under Resource Constraints - Applications (De Gruyter STEM),Katharina Morik,Paperback,by,
0,https://www.amazon.com/dp/3110785951,3110785951,Machine Learning under Resource Constraints - Discovery in Physics (De Gruyter STEM),Katharina Morik,Paperback,by,
0,https://www.amazon.com/dp/3110785935,3110785935,Machine Learning under Resource Constraints - Fundamentals (De Gruyter STEM),Katharina Morik,Paperback,by,
0,https://www.amazon.com/dp/1948488957,1948488957,"Journal of the American Research Center in Egypt, Volume 58 (2022)",Emily Teeter,Paperback,by,
0,https://www.amazon.com/dp/1803273070,1803273070,"Ash-sharq: Bulletin of the Ancient Near East, 2022: Archaeological, Historical and Societal Studies",Laura Battini,Paperback,by,
3,https://www.amazon.com/dp/0367741245,0367741245,Unmasking the Sexual Offender,Veronique N. Valliere,Hardcover,by,
1,https://www.amazon.com/dp/1032214244,1032214244,A Concise Introduction to Linguistics,Bruce M. Rowe,Kindle,by,
2,https://www.amazon.com/dp/1032248173,1032248173,Blue Economy (The Dynamics of Economic Space),C. Patrick Heidkamp,Kindle,by,
1,https://www.amazon.com/dp/1032204559,1032204559,Fundamentals of Open Channel Flow,Glenn E. Moglen,Kindle,by,
0,https://www.amazon.com/dp/1032202734,1032202734,Covert Operations Unveiling Organized Crime,Daniel M. Rudofossi,Kindle,by,
0,https://www.amazon.com/dp/036719239X,036719239X,Archaeology in Antarctica,Andrés Zarankin,Kindle,by,
4,https://www.amazon.com/dp/1032331933,1032331933,The Sustainable Urban Development Reader (Routledge Urban Reader Series),Stephen M. Wheeler,Kindle,|,
4,https://www.amazon.com/dp/103213478X,103213478X,Game Design Tools,Diego Ricchiuti,Kindle,by,
0,https://www.amazon.com/dp/0323908918,0323908918,Advances in Quantum Chemical Topology Beyond QTAIM,Juan I. Rodriguez,Kindle,by,
2,https://www.amazon.com/dp/1032125586,1032125586,Introducing Urban Anthropology,Rivke Jaffe,Kindle,by,
0,https://www.amazon.com/dp/1484286855,1484286855,"The Psychology of Evolving Technology: How Social Media, Influencer Culture and New Technologies are Altering Society",Rhoda Okunev,Kindle,by,
5,https://www.amazon.com/dp/1032154179,1032154179,Autism Spectrum Disorders,Angi Stone-MacDonald,Kindle,by,
2,https://www.amazon.com/dp/0813947901,0813947901,African Impressions: How African Worldviews Shaped the British Geographical Imagination across the Early Enlightenment,Rebekah Mitsein,Kindle,by,
0,https://www.amazon.com/dp/9176351750,9176351750,Basic Numerical Methods in Meteorology and Oceanography,Kristofer Döös,Paperback,by,
1,https://www.amazon.com/dp/0367467321,0367467321,Environmental Impact Assessment in the United States,Robert M. Sanford,Kindle,by,
3,https://www.amazon.com/dp/1032420723,1032420723,Monastic Iceland,Steinunn Kristjánsdóttir,Kindle,by,
0,https://www.amazon.com/dp/9811257930,9811257930,"Intro Matrix Theory (2nd Ed) (Series on Concrete and Applicable Mathematics, 23)",Szidarovszky Ferenc,Kindle,by,
0,https://www.amazon.com/dp/103233455X,103233455X,Emotions in a Digital World,Adrian Scribano,Kindle,by,
1,https://www.amazon.com/dp/1032292989,1032292989,Indo-European Fire Rituals,Anders Kaliff,Kindle,by,
0,https://www.amazon.com/dp/103238820X,103238820X,The Low-Carbon Good Life (Routledge-SCORAI Studies in Sustainable Consumption),Jules Pretty,Kindle,|,
0,https://www.amazon.com/dp/1032200944,1032200944,The Rise of EU Police Cooperation (Routledge Studies on Government and the European Union),Franca König,Hardcover,by,
1,https://www.amazon.com/dp/1032047062,1032047062,"Archaeology of a Brothel in Nineteenth-Century Boston, MA (Archaeology of Gender and Sexuality)",Jade W. Luiz,Kindle,by,
0,https://www.amazon.com/dp/1032122277,1032122277,Sustainability in Agribusiness (Routledge Studies in Agricultural Economics),Maria Carmela Annosi,Kindle,|,
0,https://www.amazon.com/dp/6205547236,6205547236,Climate change and planning: Mean sea level rise and flooding in Baixa Pombalina,Patrícia Ribeiro,Paperback,by,
1,https://www.amazon.com/dp/1350144916,1350144916,An Anthropology of Futures and Technologies,Débora Lanzeni,Kindle,by,
0,https://www.amazon.com/dp/1032410779,1032410779,"Post-Industrial Urban Greenspace Ecology, Aesthetics and Justice (Routledge Equity, Justice and the Sustainable City series)",Jennifer Foster,Kindle,by,
0,https://www.amazon.com/dp/1032314192,1032314192,Sustainability Communication across Asia (Routledge Studies in Environmental Communication and Media),Mohamad Saifudin Mohamad Saleh,Kindle,by,
1,https://www.amazon.com/dp/103215764X,103215764X,Building Transformational Kindness in Schools,Hope E. Wilson,Kindle,by,
0,https://www.amazon.com/dp/2315010888,2315010888,UFOs: The Twelve Files that the Pentagon Cannot Explain,Egon Kragel,Kindle,by,
0,https://www.amazon.com/dp/0367750236,0367750236,Communicative Competence in a Second Language (Second Language Acquisition Research Series),Matthew Kanwit,Kindle,by,
0,https://www.amazon.com/dp/103202917X,103202917X,Implementing Lean (BASICS Lean® Implementation),Charles Protzman,Kindle,|,
1,https://www.amazon.com/dp/1032019476,1032019476,Climate Obstruction,Kristoffer Ekberg,Kindle,by,
0,https://www.amazon.com/dp/0367545780,0367545780,"Gender-Based Violence and Layered Disasters (Routledge Studies in Hazards, Disaster Risk and Climate Change)",Nahid Rezwana,Kindle,|,
0,https://www.amazon.com/dp/1032029757,1032029757,Sustaining Lean (BASICS Lean® Implementation),Charles Protzman,Kindle,|,
0,https://www.amazon.com/dp/1032358882,1032358882,Water for Life,A.W. Jayawardena,Kindle,by,
0,https://www.amazon.com/dp/1032403411,1032403411,Heterarchy in World Politics (Innovations in International Affairs),Philip G. Cerny,Kindle,|,
0,https://www.amazon.com/dp/1032310995,1032310995,The Bilingual Advantage in Executive Functioning Hypothesis,Kenneth Paap,Kindle,by,
0,https://www.amazon.com/dp/1032029153,1032029153,Suggesting Solutions (BASICS Lean® Implementation),Charles Protzman,Kindle,|,
0,https://www.amazon.com/dp/1032330562,1032330562,Women's Work in the Unorganised Sector,Rekha Pande,Kindle,by,
0,https://www.amazon.com/dp/103232418X,103232418X,Visualizations of Urban Space (Advances in Urban Sustainability),Christiane Wagner,Kindle,|,
0,https://www.amazon.com/dp/3031087992,3031087992,Theoretical Knowledge in the Mohist Canon (Archimedes),Matthias Schemmel,Kindle,|,
0,https://www.amazon.com/dp/1032422084,1032422084,Religion and Transnational Citizenship in the African Diaspora (Routledge Studies on Religion in Africa and the Diaspora),Mattia Fumanti,Kindle,by,
0,https://www.amazon.com/dp/1032421886,1032421886,A Psychological Perspective on Folk Moral Objectivism (Advances in Theoretical and Philosophical Psychology),Jennifer Cole Wright,Kindle,|,
0,https://www.amazon.com/dp/1032365439,1032365439,Criminal Careers (Routledge Studies in Criminal Behaviour),Witold Klaus,Kindle,|,
0,https://www.amazon.com/dp/1032345519,1032345519,The Insectile and the Deconstruction of the Non/Human (Perspectives on the Non-Human in Literature and Culture),Fabienne Collignon,Kindle,|,
1,https://www.amazon.com/dp/1032210389,1032210389,Creating Resilient Landscapes in an Era of Climate Change (Routledge Studies in Conservation and the Environment),Amin Rastandeh,Kindle,|,
0,https://www.amazon.com/dp/103212914X,103212914X,Humans,Alice Beck Kehoe,Kindle,by,
0,https://www.amazon.com/dp/1032100982,1032100982,Technologies in Decline,Zahar Koretsky,Kindle,by,
0,https://www.amazon.com/dp/1032029137,1032029137,Assess and Analyze (BASICS Lean® Implementation),Charles Protzman,Kindle,|,
0,https://www.amazon.com/dp/B0BRQDYFF6,B0BRQDYFF6,BEST OF PARIS: The Essential Travel Guide for Exploring the City of Lights (The Global Explorer's Guide),BEN BOOTH,Kindle,|,
0,https://www.amazon.com/dp/B0BRDHSBFQ,B0BRDHSBFQ,"Cornell Notes Notebook: Green and Red Intricate Science Pattern Cover | Cornell Style Note Taking Notebook | College Ruled Composition Paper | Large Size, (8.5 ″x 11 ″), 110 Pages",FÆBLE BOOKS,Paperback,by,
0,https://www.amazon.com/dp/9201415214,9201415214,Safety Assessment for Research Reactors and Preparation of the Safety Analysis Report (IAEA Safety Standards Series),IAEA,Paperback,by,
0,https://www.amazon.com/dp/6205549034,6205549034,Aedes aegypi mosquito control with natural products: Aedes Aegypi mosquito,María Idalia Cuevas Salgado,Paperback,by,
0,https://www.amazon.com/dp/6205546957,6205546957,Application for the diagnosis of pests and diseases in vegetables: Fitopax_Vegetables,David Fernández Rodríguez,Paperback,by,
0,https://www.amazon.com/dp/6205546884,6205546884,Study of the effect of the size and nature of radiopacifying agents,ZERGAT SAMIR,Paperback,by,
0,https://www.amazon.com/dp/6205546787,6205546787,Statistical Analysis of Time Series - Cointegration and VECM Models: Application to the case of carbon and electricity markets using statistical software,Carlos Freitas,Paperback,by,
0,https://www.amazon.com/dp/6205545616,6205545616,Study of landslides in urban areas,GRACE BWEMERE CIRBUKA,Paperback,by,
0,https://www.amazon.com/dp/620552953X,620552953X,"RINGS, GROEBNER BASES, AND CODES",Harinaivo Andriatahiny,Paperback,by,
0,https://www.amazon.com/dp/6205470535,6205470535,Rational organization of sugarcane harvesting-transportation,Yanara Rodríguez López,Paperback,by,
0,https://www.amazon.com/dp/1922918962,1922918962,The Soil,Shannon David,Paperback,by,
0,https://www.amazon.com/dp/1647691036,1647691036,Eating Our Way through the Anthropocene (Wallace Stegner Lecture),Jessica Fanzo,Paperback,by,
0,https://www.amazon.com/dp/1407360493,1407360493,The Origin of White Porcelain,Shan Huang,Paperback,by,
0,https://www.amazon.com/dp/140736023X,140736023X,Death in the Iron Age of Eastern England: An Interdisciplinary Analysis of Human Remains from 800 BC - AD 60 (British),Michael Legge,Paperback,by,
0,https://www.amazon.com/dp/1071628771,1071628771,Emerging Model Organisms (Neuromethods),Wei Wang,Kindle,by,
0,https://www.amazon.com/dp/1032421053,1032421053,Health Psychology,Meena Hariharan,Kindle,by,
2,https://www.amazon.com/dp/1032385286,1032385286,"Law, Practice and Politics of Forensic DNA Profiling",Victor Toom,Kindle,by,
0,https://www.amazon.com/dp/103234959X,103234959X,Attracting Sustainable Investment,Saskia Vanderbent,Kindle,by,
0,https://www.amazon.com/dp/1032341548,1032341548,Pulling Back the Curtain on Qualitative Research,William Thompson,Kindle,by,
0,https://www.amazon.com/dp/103232838X,103232838X,Biostatistics,David Baronov,Kindle,by,
0,https://www.amazon.com/dp/1032271280,1032271280,Effectively Managing the Case for Safety,David England,Kindle,by,
0,https://www.amazon.com/dp/103222648X,103222648X,Doing Anthropology,Simone Dennis,Kindle,by,
0,https://www.amazon.com/dp/1032218592,1032218592,Houseways in Southern Oman,Marielle Risse,Kindle,by,
0,https://www.amazon.com/dp/1032113766,1032113766,Posthumanism and the Man Question (Routledge Advances in Feminist Studies and Intersectionality),Ulf Mellström,Kindle,|,
2,https://www.amazon.com/dp/1032049006,1032049006,Touching Architecture: Affective Atmospheres and Embodied Encounters,Anthony Brand,Hardcover,by,
0,https://www.amazon.com/dp/1032029196,1032029196,Check (BASICS Lean® Implementation),Charles Protzman,Kindle,|,
0,https://www.amazon.com/dp/1032029102,1032029102,Baseline (BASICS Lean® Implementation),Charles Protzman,Kindle,|,
1,https://www.amazon.com/dp/0815357346,0815357346,Self-Control (New Problems of Philosophy),Marcela Herdova,Kindle,by,
0,https://www.amazon.com/dp/0415684447,0415684447,Gender in the European Town,Deborah Simonton,Kindle,by,
1,https://www.amazon.com/dp/0367692759,0367692759,The Future of the City Centre (Routledge Studies in Urbanism and the City),Bob Giddings,Kindle,by,
0,https://www.amazon.com/dp/0367625806,0367625806,Algorithms and the Assault on Critical Thought (Routledge Series on Digital Spaces),Nancy Ettlinger,Kindle,by,
0,https://www.amazon.com/dp/0367555042,0367555042,Climate Change Education (Routledge Research in Education),Chang Chew Hung,Kindle,by,
0,https://www.amazon.com/dp/0323917321,0323917321,Photoacoustic and Photothermal Spectroscopy: Principles and Applications,Surya N. Thakur,Kindle,by,
0,https://www.amazon.com/dp/1032416076,1032416076,Educators as First Responders,Deborah Offner,Kindle,by,
0,https://www.amazon.com/dp/0128219629,0128219629,Handbook of HydroInformatics: Volume III: Water Data Management Best Practices,Saeid Eslamian PhD,Kindle,by,
0,https://www.amazon.com/dp/1350239445,1350239445,Conceptions of the Watery World in Greco-Roman Antiquity,Georgia L. Irby,Kindle,|,
0,https://www.amazon.com/dp/1350376493,1350376493,"Towards a New Theory of Religion and Social Change: Sovereignties and Disruptions (Bloomsbury Studies in Religion, Space and Place)",Paul-François Tremlett,Kindle,|,
0,https://www.amazon.com/dp/0367683040,0367683040,An Overview of General Relativity and Space-Time (Series in Astronomy and Astrophysics),Nicola Vittorio,Kindle,|,
1,https://www.amazon.com/dp/1032233087,1032233087,Person-Centered Studies in Psychology of Science,Lisa M. Osbeck,Kindle,by,
4,https://www.amazon.com/dp/1032003367,1032003367,Addicted to Growth (Routledge Explorations in Environmental Studies),Robert Costanza,Kindle,by,
1,https://www.amazon.com/dp/1786996561,1786996561,Contesting Africa’s New Green Revolution: Biotechnology and Philanthrocapitalist Development in Ghana (Politics and Development in Contemporary Africa),Jacqueline A. Ignatova,Kindle,|,
1,https://www.amazon.com/dp/0755642341,0755642341,"Palestinian National Movement in Lebanon, The: A Political History of the 'Ayn al-Hilwe Camp (SOAS Palestine Studies)",Erling Lorentzen Sogge,Kindle,|,
1,https://www.amazon.com/dp/1636407773,1636407773,The New Way - A Study in the Rise and the Establishment of a Gnostic Society - Volume 4,Patrizia Norelli-Bachelet,Paperback,by,
0,https://www.amazon.com/dp/3031223365,3031223365,Principles of Systems Design: Essays Dedicated to Thomas A. Henzinger on the Occasion of His 60th Birthday (Lecture Notes in Computer Science),Jean-François Raskin,Kindle,by,
0,https://www.amazon.com/dp/1668461145,1668461145,Implications of Industry 5.0 on Environmental Sustainability,Muhammad Jawad Sajid,Hardcover,by,
0,https://www.amazon.com/dp/1071618652,1071618652,Understanding Physiology with Ultrasound (Physiology in Health and Disease),L. Britt Wilson,Kindle,by,
1,https://www.amazon.com/dp/1032158506,1032158506,Environmental Disclosure (Routledge Research in Sustainability and Business),Luigi Lepore,Kindle,by,
0,https://www.amazon.com/dp/6205630141,6205630141,Simulating the Impact of Mix-Water on Oil Well Cementing:: Development of Predictive Models,Sunday Igbani,Paperback,by,
0,https://www.amazon.com/dp/6205630133,6205630133,Forensic Chemistry,Maha M. Elsawy,Paperback,by,
0,https://www.amazon.com/dp/6205545071,6205545071,Didactic proposal based on socio-ecological thinking: Peara's ownership of organic waste issues,Claudia Lorena Torres Orjuela,Paperback,by,
0,https://www.amazon.com/dp/6205543931,6205543931,New results and technical solutions in classical electrodynamics: Summary,Fjodor Mende,Paperback,by,
0,https://www.amazon.com/dp/6205440237,6205440237,Fig Culture: General Considerations,Mariana Regato,Paperback,by,
0,https://www.amazon.com/dp/6205426641,6205426641,Coastal use and management in the Mediterranean and Turkey,Murat Erginöz,Paperback,by,
0,https://www.amazon.com/dp/6204171801,6204171801,Evaluation of the genetic resources of Colocasia esculenta: Study of the diversity of taro: case of a collection from Burkina Faso and an international collection,Renan Ernest Traore,Paperback,by,
0,https://www.amazon.com/dp/3346794415,3346794415,Sandwich Glazed Photovoltaic Thermal Collector. Performance Study,Veeramanikandan M,Paperback,by,
0,https://www.amazon.com/dp/3031082737,3031082737,Absolute Breast Imaging Review: Multimodality Cases for the Core Exam,Lucy Chow,Kindle,by,
0,https://www.amazon.com/dp/3030864626,3030864626,Heritage and the Sea: Volume 1: Maritime History and Archaeology of the Global Iberian World (15th-18th centuries),Ana Crespo Solana,Kindle,by,
0,https://www.amazon.com/dp/1803273992,1803273992,Tectonic Archaeology: Subduction Zone Geology in Japan and Its Archaeological Implications,Gina L. Barnes,Paperback,by,
1,https://www.amazon.com/dp/1803273887,1803273887,Powerful Pictures: Rock Art Research Histories Around the World,Jamie Hampson,Paperback,by,
0,https://www.amazon.com/dp/1803272015,1803272015,"Late Bronze Age Painted Pottery Traditions at the Margins of the Hittite State: Papers Presented at a Workshop Held at the 11th ICAANE, Munchen 4 ... Additional Contributions (Access Archaeology)",Federico Manuelli,Paperback,by,
2,https://www.amazon.com/dp/1501393502,1501393502,The Bloomsbury Handbook of Sonic Methodologies,Michael Bull,Kindle,by,
1,https://www.amazon.com/dp/1472984927,1472984927,Climate and Capital in the Age of Petroleum: Locating Terminal Landscapes,Jeff Diamanti,Kindle,by,
1,https://www.amazon.com/dp/1350250783,1350250783,Using and Conquering the Watery World in Greco-Roman Antiquity,Georgia L. Irby,Kindle,by,
0,https://www.amazon.com/dp/1071629123,1071629123,Glycolipids: Methods and Protocols (Methods in Molecular Biology),Kazuya Kabayama,Kindle,|,
0,https://www.amazon.com/dp/1032295066,1032295066,Psychosocial Perspectives on Community Responses to Covid-19,Emma O'Dwyer,Kindle,by,
0,https://www.amazon.com/dp/1032221453,1032221453,Water Management and Violent Conflict in East Africa (Earthscan Studies in Water Resource Management),Julia Renner-Mugono,Kindle,|,
0,https://www.amazon.com/dp/1032039477,1032039477,Surviving the Climate Crisis,Stephen M. Turton,Kindle,by,
1,https://www.amazon.com/dp/0367566206,0367566206,From Proteins to Proteomics,Sanjeeva Srivastava,Kindle,by,
0,https://www.amazon.com/dp/0367546310,0367546310,Analyzing Recorded Music,William Moylan,Kindle,by,
0,https://www.amazon.com/dp/036749342X,036749342X,The Environmental Impact of Cities (Routledge Studies in Sustainability),Fabricio Chicca,Kindle,|,
0,https://www.amazon.com/dp/1955087342,1955087342,Star Guest .. Design for Morality,William Dudley Pelley,Paperback,by,
0,https://www.amazon.com/dp/103221306X,103221306X,Re-envisioning Organizations through Transformational Change,Poornima Madan,Kindle,by,
0,https://www.amazon.com/dp/2503596843,2503596843,"Perspectives on Byzantine Archaeology: From Justinian to the Abbasid Age - 6th-9th Centuries Ad (Archaeology of the Mediterranean World, 2)",Angelo Castrorao Barba,Paperback,by,
0,https://www.amazon.com/dp/1032277769,1032277769,Phytopharmaceuticals and Biotechnology of Herbal Plants (Exploring Medicinal Plants),Sachidanand Singh,Kindle,by,
1,https://www.amazon.com/dp/1032331356,1032331356,Fostering Innovation,Bill Artzberger,Kindle,by,
0,https://www.amazon.com/dp/6205629941,6205629941,Microbiological Examination of Cosmetic Products,Nikunj B. Patel,Paperback,by,
0,https://www.amazon.com/dp/103219717X,103219717X,Foundations of Quantitative Finance Book II: Probability Spaces and Random Variables (Chapman and Hall/CRC Financial Mathematics Series),Robert R. Reitano,Kindle,by,
0,https://www.amazon.com/dp/0367758377,0367758377,Sonic Engagement (Routledge Advances in Theatre & Performance Studies),Sarah Woodland,Kindle,|,
0,https://www.amazon.com/dp/9201427220,9201427220,Present Status and Emerging Applications: IAEA-Tecdoc 2012,International Atomic Energy Agency,Paperback,by,
0,https://www.amazon.com/dp/6205629976,6205629976,Sustainable Chemicals and Fuels From The Biorefining of Waste Leaves: Chemicals and Fuels production from Waste Leaves and their Applications,Haruna Ibrahim,Paperback,by,
0,https://www.amazon.com/dp/620562995X,620562995X,Unmanned Aerial Vehicles Applications: Development toward Few Grams Weight,Fouad A. S. Soliman,Paperback,by,
0,https://www.amazon.com/dp/6205541130,6205541130,Study on the cassava mealy bug and termites in the Republic of Congo,Valentin DIBANGOU,Paperback,by,
0,https://www.amazon.com/dp/620554010X,620554010X,The 4G/5G polymorphism in the PAI-1 inhibitor gene: The 4G/5G polymorphism in the plasminogen activator inhibitor-1 (PAI-1) gene,Lamia Mbarek,Paperback,by,
0,https://www.amazon.com/dp/620553939X,620553939X,Ensuring the safety of pipeline: Oil products pipeline transportation,Rasul Ahtjamov,Paperback,by,
0,https://www.amazon.com/dp/6205538237,6205538237,"IBERIAN HYSSOPUS OFFICINALIS (LAMIACEAE) POLLINATORS MANUAL: Bees, butterflies and moths",José Lara Ruiz,Paperback,by,
0,https://www.amazon.com/dp/6205538202,6205538202,Medicinal Plants of the Buiratau Mountains (Central and Northern Kazakhstan),Margarita Ishmuratova,Paperback,by,
0,https://www.amazon.com/dp/6205537524,6205537524,Methicillin-resistant Staphylococcus aureus: Emergence and resistance mechanisms,Rahima Touaitia,Paperback,by,
0,https://www.amazon.com/dp/6205536897,6205536897,HLA genotyping and autoimmune hepatitis: HLA and autoimmune hepatitis,Maroua Chaouali,Paperback,by,
0,https://www.amazon.com/dp/6205532069,6205532069,Wintering of honeybees under conditions of a long flightless period,Anna Brandorf,Paperback,by,
0,https://www.amazon.com/dp/6205529556,6205529556,RATOONING AND BUNCH SPRAY OF GA3 AND BA ON YIELD AND QUALITY OF BANANA,Mayur Der,Paperback,by,
0,https://www.amazon.com/dp/6205528762,6205528762,UNSTEADY MHD HEAT AND MASS TRANSFER FLOW: THROUGH A PLATE IN POROUS MEDIUM IN THE PRESENCE OF CHEMICAL REACTION AND HEAT ABSORPTION,Annareddy Sailakumari,Paperback,by,
0,https://www.amazon.com/dp/620542438X,620542438X,YIELD YIELD GAP OF MANDIOCA (Manihotesculenta Crantz): IN THE CENTER-SOUTH REGION OF BRAZIL,Luiz Gustavo Batista Ferreira,Paperback,by,
0,https://www.amazon.com/dp/1264421583,1264421583,Course Guide for Essentials of Anatomy & Physiology,Jason H. LaPres,Paperback,by,
0,https://www.amazon.com/dp/1071628534,1071628534,Mechanobiology: Methods and Protocols (Methods in Molecular Biology),Ronen Zaidel-Bar,Kindle,|,
1,https://www.amazon.com/dp/1959043110,1959043110,"The Monster's Secret: A Story in Traditional Chinese and Pinyin, 1200 Word Vocabulary Level (Journey to the West in Traditional Chinese)",Jeff Pepper,Paperback,|,
1,https://www.amazon.com/dp/8822267923,8822267923,The Medici Oriental Press: Knowledge and Cultural Transfer Around 1600 (Biblioteca Di Bibliografia. Documents and Studies in Book and Library History),Eckhard Leuschner,Paperback,by,
0,https://www.amazon.com/dp/0824891988,0824891988,"Making Our Own Destiny: Single Women, Opportunity, and Family in Shanghai, Hong Kong, and Tokyo",Lynne Y. Nakano,Kindle,by,
1,https://www.amazon.com/dp/9493298728,9493298728,"The Brief History of World War 2: The Rise of Adolf Hitler, Nazi Germany and the Third Reich, Allied Forces, and the Battles from Blitzkriegs to Atom Bombs (1939-1945) (Simplified Memoir Book)",Academy Archives,Paperback,by,
1,https://www.amazon.com/dp/9493298779,9493298779,"The Brief History of World War 2 in Asia: The Asia-Pacific War, the Eastern Fleet, Pearl Harbor and the Atom Bomb that Shocked Japan (1941-1945) (Simplified Memoir Book)",Academy Archives,Paperback,by,
0,https://www.amazon.com/dp/8383310323,8383310323,Migrations in the Slavic Cultural Space: From the Middle Ages to the Present Day,Zofia A. Brzozowska,Paperback,by,
0,https://www.amazon.com/dp/0974648523,0974648523,"The Great Argo Project: The Tunnel, Mill and Millionaire",Terry Cox,Paperback,by,
1,https://www.amazon.com/dp/9493298825,9493298825,"The Brief History of The Holocaust: The Rise of Antisemitism in Nazi Germany, Auschwitz, and Hitler's Genocide on Jewish People Fueled by Fascism (1941-1945) (Simplified Memoir Book)",Academy Archives,Paperback,by,
2,https://www.amazon.com/dp/9493258726,9493258726,"Greek Mythology: From Aphrodite to Zeus - The Gods, Goddesses, Heroes, and Monsters of Ancient Greece",History Activist Readers,Paperback,by,
0,https://www.amazon.com/dp/B0BRGSVKC9,B0BRGSVKC9,Interesting Facts About India: Children's Picture Book for India / Facts About India for Kids,James K. Mahi,Paperback,by,
0,https://www.amazon.com/dp/9493298671,9493298671,"The Brief History of World War 1: The Great War, Western and Eastern Front Battles, Chemical Warfare, and how Germany Lost, Leading to the Treaty of Versailles (1914-1919) (Simplified Memoir Book)",Academy Archives,Paperback,by,
0,https://www.amazon.com/dp/949325867X,949325867X,"Egyptian Mythology: Ancient Gods, Goddesses, Deities, and Fascinating Tales, Legends, and Myths from Egypt",History Activist Readers,Paperback,by,
0,https://www.amazon.com/dp/9493258629,9493258629,"Norse Mythology: Ancient Nordic Tales, Gods, Legends, and Beings from A-Z",History Activist Readers,Paperback,by,
0,https://www.amazon.com/dp/9042949627,9042949627,"Augustus Through the Ages: Receptions, Readings and Appropriations of the Historical Figure of the First Roman Emperor (Collection Latomus, 366)",Marco Cavalieri,Paperback,by,
0,https://www.amazon.com/dp/904294532X,904294532X,"The Cappadocian Fathers: Forerunners and Contemporaries (Studia Patristica Supplements, 10)",Claudio Moreschini,Paperback,by,
0,https://www.amazon.com/dp/8894926575,8894926575,"Orizzonti D'oriente. Tra Mediterraneo E Asia Centrale: Studi in Ricordo Di Sebastiano Tusa (Eothen, 25) (English and Italian Edition)",Stefano De Martino,Paperback,Italian Edition,
0,https://www.amazon.com/dp/8894198677,8894198677,Edal VIII (2019),Patrizia Piacentini,Paperback,by,
0,https://www.amazon.com/dp/8832211831,8832211831,Ancient Florentine Curiosities,Enio Pecchioni,Paperback,by,
0,https://www.amazon.com/dp/8382063241,8382063241,Studies on Spartan Reception,Archeobooks,Paperback,by,
0,https://www.amazon.com/dp/6205550474,6205550474,Discourse and Conflict:: The Useof Political Clichés as a form ofAdaptation to the Emergence ofAncien Régime Societies,Diego Alberto Beltrán,Paperback,by,
0,https://www.amazon.com/dp/6205549778,6205549778,FINKESSIYORO the mysterious village: The Foretold Destiny,Adama Negueba Traore,Paperback,by,
0,https://www.amazon.com/dp/250360398X,250360398X,"Images, Signes Et Paroles Dans l'Occident Medieval (Collection D'Etudes Medievales de Nice) (English and French Edition)",Brepols Publishers,Paperback,French Edition,
0,https://www.amazon.com/dp/2252045361,2252045361,Etudes Anglaises - 2021: Sociable Spaces in Eighteenth-century Britain: a Material and Visual Experience (English and French Edition),Valerie Capdeville,Paperback,French Edition,
0,https://www.amazon.com/dp/1991201907,1991201907,"Law, Religion, Health and Healing in Africa (Law and Religion in Africa)",M. Christian Green,Paperback,by,
0,https://www.amazon.com/dp/192258200X,192258200X,Early Christian Witnesses: Biblical and Theological Explorations,Pfitzner,Hardcover,by,
0,https://www.amazon.com/dp/1912224410,1912224410,The Heart of the Empire: Discussions of Problems of Modern City Life in England,Bentley B. Gilbert,Hardcover,by,
1,https://www.amazon.com/dp/191169412X,191169412X,"Dark Archives: Volume I. Voyages into the Medieval Unread and Unreadable, 2019-2021",Anthony John Lappin,Hardcover,by,
2,https://www.amazon.com/dp/1848408773,1848408773,From Rake to Radical: An Irish Abolitionist,Anne Chambers,Paperback,by,
0,https://www.amazon.com/dp/1526716720,1526716720,Struggle and Suffrage in Peterborough: Women's Lives and the Fight for Equality,Abigail Hamilton-Thompson,Kindle,|,
1,https://www.amazon.com/dp/1032416785,1032416785,The Complete Works of Claudian (Routledge Later Latin Poetry),Neil Bernstein,Kindle,by,
1,https://www.amazon.com/dp/1922582778,1922582778,Bleiburg: Massacre of the Croatian People 1945,Zvonimir Gavranovic,Hardcover,by,
2,https://www.amazon.com/dp/036769770X,036769770X,Uisneach or the Center of Ireland (Studies for the International Society for Cultural History),Frédéric Armao,Kindle,by,
0,https://www.amazon.com/dp/1032288507,1032288507,A Social History of Christian Origins (Routledge Studies in the Early Christian World),Simon J. Joseph,Kindle,|,
0,https://www.amazon.com/dp/0367713365,0367713365,Antígona by José Watanabe (Classics and the Postcolonial),Cristina Pérez Díaz,Kindle,by,
0,https://www.amazon.com/dp/1032210095,1032210095,Black Female Intellectuals in Nineteenth Century America,Rebecca J. Fraser,Kindle,by,
1,https://www.amazon.com/dp/0645567132,0645567132,Following Jesus: When the Church has Lost its Way (Freedom Matters Today),Dr Michael John Sutton,Paperback,|,
0,https://www.amazon.com/dp/1032131276,1032131276,Dracontius’ Orestes (Routledge Later Latin Poetry),Paul Roche,Kindle,by,
0,https://www.amazon.com/dp/0367547600,0367547600,Capitalism and Individualism in America (Seminar Studies),Gavin Benke,Kindle,by,
0,https://www.amazon.com/dp/103225291X,103225291X,Military Sociology,Wilbur J. Scott,Kindle,by,
1,https://www.amazon.com/dp/1032332107,1032332107,Human Rights in World History (Themes in World History),Peter N. Stearns,Kindle,by,
3,https://www.amazon.com/dp/1478019077,1478019077,New Growth: The Art and Texture of Black Hair (The Visual Arts of Africa and its Diasporas),Jasmine Nichole Cobb,Kindle,by,
0,https://www.amazon.com/dp/103222889X,103222889X,Psychoanalytic and Cultural Aspects of Trauma and the Holocaust,Rony Alfandary,Kindle,by,
2,https://www.amazon.com/dp/1032412348,1032412348,The Covenants of the Prophet Muḥammad (Routledge Studies in Islamic Philosophy),Ibrahim Mohamed Zein,Kindle,|,
1,https://www.amazon.com/dp/1032418273,1032418273,The Superpowers’ Playground (Indo-Pacific in Context),Sankalp Gurjar,Kindle,|,
0,https://www.amazon.com/dp/0367724855,0367724855,The Comintern and the Global South (Ideas beyond Borders),Anne Garland Mahler,Kindle,by,
2,https://www.amazon.com/dp/1138624551,1138624551,"The Fascist Faith of the Legion ""Archangel Michael"" in Romania, 1927–1941 (Routledge Studies in Fascism and the Far Right)",Constantin Iordachi,Kindle,|,
0,https://www.amazon.com/dp/1032267445,1032267445,Legal Consciousness and the Rule of Law in Post-Conflict Societies,Holly Dunn,Kindle,by,
0,https://www.amazon.com/dp/1032246766,1032246766,Ancient and Early Medieval Kingdoms of the Pamir Region of Central Asia,Muzaffar Zoirshoevich Zoolshoev,Kindle,by,
3,https://www.amazon.com/dp/1647690935,1647690935,The Full Gospel in Zion: A History of Pentecostalism in Utah,Alan J Clark,Hardcover,by,
0,https://www.amazon.com/dp/1032362189,1032362189,"Landscape and Identity in the Modern Basque Country, 1800 to 1936 (Routledge Studies in Cultural History)",Maitane Ostolaza,Kindle,|,
1,https://www.amazon.com/dp/036770241X,036770241X,"Race, Sex, and Segregation in Colonial Latin America (Early Modern Iberian History in Global Contexts)",Olimpia Rosenthal,Kindle,by,
2,https://www.amazon.com/dp/1032043989,1032043989,Foreign Fighters in Ukraine (Routledge Studies in Fascism and the Far Right),Kacper Rekawek,Kindle,|,
0,https://www.amazon.com/dp/1032392886,1032392886,"The Political Theology of Pope Francis (Routledge New Critical Thinking in Religion, Theology and Biblical Studies)",Ole Jakob Løland,Kindle,|,
4,https://www.amazon.com/dp/1739268601,1739268601,The Raising of the 144000 (Adept Occult),Dr Leon Moss,Hardcover,by,
0,https://www.amazon.com/dp/1032390131,1032390131,"Warfare and Society in British India, 1757–1947 (War and Society in South Asia)",Ashutosh Kumar,Kindle,|,
1,https://www.amazon.com/dp/1032227354,1032227354,Foreign Fighters and Radical Influencers (Political Violence),Asya Metodieva,Kindle,by,
0,https://www.amazon.com/dp/1032224770,1032224770,Investigating a Corpus of Historical Oral Testimonies (Routledge Applied Corpus Linguistics),Chris Fitzgerald,Kindle,|,
2,https://www.amazon.com/dp/0367706180,0367706180,The Trajectory of Holocaust Memory,Stephen D. Smith,Kindle,by,
0,https://www.amazon.com/dp/0367565269,0367565269,Cosmopolitan Italy in the Age of Nations (Ideas beyond Borders),Edoardo Tortarolo,Kindle,by,
0,https://www.amazon.com/dp/6205545713,6205545713,Zamość Academy,Ivan Furtak,Paperback,by,
0,https://www.amazon.com/dp/6205537362,6205537362,Public administration in the Transnistrian Moldovan Republic:: history and modernity,Ivan Voight,Paperback,by,
0,https://www.amazon.com/dp/1736244132,1736244132,The Descendants of Richard Thomas Taylor,David G Conklin,Kindle,by,
1,https://www.amazon.com/dp/103242043X,103242043X,Feminist Jurisography,Ann Genovese,Kindle,by,
0,https://www.amazon.com/dp/1032329882,1032329882,Humanitarian and Military Intervention in Libya and Syria (Routledge Humanitarian Studies),Aran M. Lewis,Kindle,|,
0,https://www.amazon.com/dp/1032320257,1032320257,Political Power and Colonial Development in British Central Africa 1938-1960s (Routledge Studies in Modern History),Alan Cousins,Kindle,by,
0,https://www.amazon.com/dp/1032226528,1032226528,A History of Crime in Australia,Nancy Cushing,Hardcover,by,
0,https://www.amazon.com/dp/1032127430,1032127430,Shadow Economies in the Globalising World (Perspectives in Economic and Social History),Anna Knutsson,Kindle,|,
0,https://www.amazon.com/dp/1032074906,1032074906,Transnational Modernity in Southern Europe (Routledge Research in Gender and History),Christina Bezari,Kindle,by,
0,https://www.amazon.com/dp/0813348315,0813348315,Catharine Beecher (Lives of American Women),Cindy R. Lobel,Kindle,by,
0,https://www.amazon.com/dp/0367532948,0367532948,Modern Japanese Economic Thought (Routledge Studies in the History of Economics),Kiichiro Yagi,Kindle,by,
0,https://www.amazon.com/dp/0367675137,0367675137,The Transfer of Power Between Presidential Administrations,Nicole L. Anslover,Hardcover,by,
0,https://www.amazon.com/dp/9523690795,9523690795,Finnish Settler Colonialism in North America: Rethinking Finnish Experiences in Transnational Spaces (Ahead: Advanced Studies in the Humanities and Social Sciences),Rani-Henrik Andersson,Paperback,by,
3,https://www.amazon.com/dp/1350046124,1350046124,Readings in Chinese Women’s Philosophical and Feminist Thought: From the Late 13th to Early 21st Century,Ann A. Pang-White,Kindle,by,
1,https://www.amazon.com/dp/135020224X,135020224X,"Austrian Dimension in German Intellectual History, The: From the Enlightenment to Anschluss",David S. Luft,Kindle,by,
2,https://www.amazon.com/dp/1501371096,1501371096,The Mad Max Effect: Road Warriors in International Exploitation Cinema (Global Exploitation Cinemas),James Newton,Kindle,|,
1,https://www.amazon.com/dp/1476689857,1476689857,"Lost in New Orleans: Friendship, Desire and Self-Destruction in Four Jazz Age Lives",Lynn Kear,Kindle,by,
0,https://www.amazon.com/dp/1350244589,1350244589,Fashioning Spain: From Mantillas to Rosalía,Francisco Fernández de Alba,Kindle,by,
1,https://www.amazon.com/dp/1350231037,1350231037,Alcohol in the Early Modern World: A Cultural History,B. Ann Tlusty,Kindle,by,
1,https://www.amazon.com/dp/1350193291,1350193291,Unexpected Voices in Imperial Parliaments (Empire’s Other Histories),Josep M. Fradera,Kindle,|,
0,https://www.amazon.com/dp/0755649443,0755649443,The Renaissance of Shi'i Islam: Facets of Thought and Practice (Shi'i Heritage Series),Janis Esots,Hardcover,by,
0,https://www.amazon.com/dp/0755642538,0755642538,"Moral Crisis in the Ottoman Empire: Society, Politics, and Gender during WWI",Çigdem Oguz,Kindle,by,
1,https://www.amazon.com/dp/1119772486,1119772486,"America, Sea Power, and the World",James C. Bradford,Kindle,by,
0,https://www.amazon.com/dp/2140318390,2140318390,Imaginaires sahariens (L'Ouest Saharien),Hassan Ould Moctar,Paperback,by,
0,https://www.amazon.com/dp/1032139161,1032139161,The Invention of Humboldt (Routledge Studies in Global Latin America),Mark Thurner,Kindle,|,
0,https://www.amazon.com/dp/1876843438,1876843438,Japan-Netherlands Trade 1600-1800: The Dutch East India Company and Beyond,Yasuko Suzuki,Hardcover,by,
0,https://www.amazon.com/dp/1032365226,1032365226,"Religion, Public Health and Human Security in Nigeria (Routledge Studies on Remote Places and Remoteness)",Abiodun Alao,Kindle,by,
1,https://www.amazon.com/dp/1982296372,1982296372,Double Vision: A History of Race Relations in the Wide Bay and Burnett,Margaret Slocomb,Kindle,by,
0,https://www.amazon.com/dp/6205534533,6205534533,Panamanian rural history: Local history and daily life in the towns that emerged during the 19th and 20th centuries in the Pacific savannas,Iván Alfredo Ricord Bernal,Paperback,by,
0,https://www.amazon.com/dp/6205424746,6205424746,The weakened Father's Name: Polyamour as a symptom,Suzana Raquel Bisognin Zanon,Paperback,by,
0,https://www.amazon.com/dp/6205413493,6205413493,"THE WORLD OF MIRACLES FOR THE CANONIZATION OF SAINT TORIBIO: THE HEALING OF MATEO DE ROJAS, LIMA 1684",José Antonio Benito Rodríguez,Paperback,by,
0,https://www.amazon.com/dp/6205413345,6205413345,THE DEVIL'S DEVOTION IN CORPUS CHRISTI DE YARE: REVEALING THE TRADITION IN THE DANCING DEVILS OF YARE,Gustavo Enrique Solorzano González,Paperback,by,
2,https://www.amazon.com/dp/6164510651,6164510651,"Monarchy, Revolution and Refugees: Laos - Thailand - Argentina - Kampuchea",Walter Irvine,Paperback,by,
0,https://www.amazon.com/dp/1399512617,1399512617,"The Declaration of Arbroath, 1320–2020: Scottish Historical Review: Volume 101, Issue 3 (Scottish Historical Review Monographs)",Terry Brotherstone,Paperback,|,
0,https://www.amazon.com/dp/9493258572,9493258572,"84 Inspiring Women: The Lives of Influential Sheroes that Rebelled, Made a Difference, and Inspire (Feminist Book)",History Activist Readers,Paperback,by,
2,https://www.amazon.com/dp/1788531892,1788531892,"Tiny Engines of Abundance: A History of Peasant Productivity and Repression (Critical Development Studies, 7)",James Handy,Kindle,by,
0,https://www.amazon.com/dp/620555173X,620555173X,"The importance of the family and safeguarding its best interests: of its minor members; case study, ""Atala Riffo vs. the Chilean State"".",Francisca Lizárraga Caro,Paperback,by,
0,https://www.amazon.com/dp/6205551373,6205551373,"Gender Inequality and Health: Mexico City, 18th and 19th Centuries: A bioarchaeological study of burials in the cemeteries of San Andrés and Santa Paula",Mirna Isalia Zárate Zúñiga,Paperback,by,
0,https://www.amazon.com/dp/6205529874,6205529874,Research in Education and Social Sciences: A Practical Guide to Mixed Method Research Design Statistical Theory and Applications,Rajendra Kunwar,Paperback,by,
1,https://www.amazon.com/dp/3756829499,3756829499,Receptive Music Therapy In Palliative Care: A Holistic Approach with The Sound of the Body Tambura,Cordula Dietrich,Kindle,by,
0,https://www.amazon.com/dp/3030654990,3030654990,The Aesthetics and Politics of the Online Self: A Savage Journey into the Heart of Digital Cultures,Donatella Della Ratta,Kindle,by,
0,https://www.amazon.com/dp/2825417807,2825417807,I Belong Volume 2: Biblical Reflections on Statelessness 2022,Semegnish Asfaw,Paperback,by,
0,https://www.amazon.com/dp/1935228285,1935228285,Early Fragments of Minsi Delaware,John Heckewelder,Hardcover,by,
0,https://www.amazon.com/dp/1734822155,1734822155,This & That,Whickwithy,Paperback,by,
0,https://www.amazon.com/dp/1032379820,1032379820,Fake News and Elections in Southeast Asia (Routledge Contemporary Southeast Asia Series),James Gomez,Kindle,|,
4,https://www.amazon.com/dp/1032050772,1032050772,The Norwegian Prison System,Are Høidal,Kindle,by,
1,https://www.amazon.com/dp/1032183381,1032183381,Housing in America,Marijoan Bull,Kindle,by,
4,https://www.amazon.com/dp/0367545365,0367545365,Domestic Violence Against Men and Boys,Elizabeth A. Bates,Kindle,by,
3,https://www.amazon.com/dp/0367468174,0367468174,Liveness,Philip Auslander,Kindle,by,
5,https://www.amazon.com/dp/1032288477,1032288477,Videogames and Agency (Routledge Advances in Game Studies),Bettina Bódi,Kindle,|,
4,https://www.amazon.com/dp/B0BRDDCKN9,B0BRDDCKN9,Emergency Operations Center How-to Quick Reference Guide [Latest: October 2022]: FEMA / National Incident Management System EOC Emergency Response and Recovery,National Incident Management System,Paperback,by,
2,https://www.amazon.com/dp/1032393432,1032393432,An Introduction to Lexical Semantics,EunHee Lee,Kindle,by,
0,https://www.amazon.com/dp/1032050578,1032050578,City and Regional Planning,Richard LeGates,Kindle,by,
0,https://www.amazon.com/dp/1032372850,1032372850,Gaming Disability (Routledge Research in Disability and Media Studies),Katie Ellis,Kindle,by,
5,https://www.amazon.com/dp/1032076305,1032076305,Landscape Performance Modeling Using Rhino and Grasshopper,Phillip Zawarus,Kindle,by,
0,https://www.amazon.com/dp/1032080434,1032080434,Community Development for Times of Crisis (Community Development Research and Practice Series),Mark A. Brennan,Kindle,|,
1,https://www.amazon.com/dp/1138189707,1138189707,Language in African American Communities (Routledge Guides to Linguistics),Sonja Lanehart,Kindle,|,
1,https://www.amazon.com/dp/1668424347,1668424347,The Future of Black Leadership in Higher Education: Firsthand Experiences and Global Impact,John A Kuykendall,Hardcover,by,
0,https://www.amazon.com/dp/1032232897,1032232897,"Crime, Criminal Justice and Religion (Routledge Studies in Crime and Society)",Philip Birch,Kindle,by,
1,https://www.amazon.com/dp/1032376546,1032376546,The Planetary Gentrification Reader,Loretta Lees,Kindle,by,
4,https://www.amazon.com/dp/103221502X,103221502X,Women Comedians in the Digital Age (Routledge Research in Cultural and Media Studies),Alex Symons,Kindle,|,
2,https://www.amazon.com/dp/1032201207,1032201207,Patriarchy and Its Discontents (Psychoanalysis in a New Key Book Series),Jean Petrucelli,Kindle,|,
4,https://www.amazon.com/dp/1032422874,1032422874,Coercive Control and the Criminal Law,Cassandra Wiener,Kindle,by,
0,https://www.amazon.com/dp/1032058692,1032058692,Working in America,Amy Wharton,Kindle,by,
0,https://www.amazon.com/dp/1032326468,1032326468,Plurilingual Pedagogy in the Arabian Peninsula (Routledge Research in Language Education),Daniela Coelho,Paperback,by,
0,https://www.amazon.com/dp/103205655X,103205655X,Practice Skills in Social Work and Welfare,Jane Maidment,Kindle,by,
0,https://www.amazon.com/dp/1032053739,1032053739,A Linguistic Image of Womanhood in South Korea (Routledge Studies in East Asian Translation),Jieun Kiaer,Kindle,by,
0,https://www.amazon.com/dp/1032149671,1032149671,Principles and Concepts of Social Research,Simon Hayhoe,Kindle,by,
0,https://www.amazon.com/dp/1032410817,1032410817,"Dignity, Women, and Immigration Detention (Routledge Studies in Criminal Justice, Borders and Citizenship)",Alice Gerlach,Kindle,by,
1,https://www.amazon.com/dp/1032140852,1032140852,"Cannabis Criminology (Drugs, Crime and Society)",Johannes Wheeldon,Kindle,|,
0,https://www.amazon.com/dp/1032148314,1032148314,Burning Down the House: Latin American Comics in the 21st Century (Global Perspectives in Comics Studies),Laura Cristina Fernández,Kindle,|,
0,https://www.amazon.com/dp/1032120061,1032120061,Feminist Animal Studies,Erika Cudworth,Kindle,by,
1,https://www.amazon.com/dp/1032273690,1032273690,The Fundamentals of Lebanese Grammar,Richard H. Assaley,Kindle,by,
0,https://www.amazon.com/dp/1032322314,1032322314,Women in Mass Communication,Pamela J. Creedon,Kindle,by,
2,https://www.amazon.com/dp/036777027X,036777027X,What Is a Criminal?,Katherine S. Gaudet,Kindle,by,
0,https://www.amazon.com/dp/1032335696,1032335696,Phishing for Nazis,Lev Topor,Kindle,by,
1,https://www.amazon.com/dp/1032420014,1032420014,Women Writers of the New African Diaspora (Routledge Contemporary Africa),Pauline Ada Uwakweh,Kindle,by,
2,https://www.amazon.com/dp/1032081368,1032081368,Further Case Studies in Forensic Psychology,Ruth J. Tully,Kindle,by,
0,https://www.amazon.com/dp/1032267259,1032267259,Punching Up in Stand-Up Comedy,Rashi Bhargava,Kindle,by,
2,https://www.amazon.com/dp/0875658199,0875658199,Latinx Studies Curriculum in K-12 Schools: A Practical Guide,David Colón,Paperback,by,
0,https://www.amazon.com/dp/1032117699,1032117699,Technology-Assisted Language Assessment in Diverse Contexts (Routledge Research in Language Education),Karim Sadeghi,Kindle,by,
0,https://www.amazon.com/dp/1032285591,1032285591,Representing Conflicts in Games (Routledge Advances in Game Studies),Björn Sjöblom,Kindle,|,
0,https://www.amazon.com/dp/1032424885,1032424885,The Constitution of Bangladesh,Arafat Hosen Khan,Paperback,by,
2,https://www.amazon.com/dp/0367506505,0367506505,Creating TV Formats,Catriona Miller,Kindle,by,
2,https://www.amazon.com/dp/1138615250,1138615250,Music in Star Trek (Routledge Music and Screen Media Series),Jessica Getman,Kindle,by,
0,https://www.amazon.com/dp/1032138556,1032138556,Politics as Public Art (Routledge Advances in Theatre & Performance Studies),Martin Zebracki,Kindle,|,
0,https://www.amazon.com/dp/103227994X,103227994X,Chinese Legality (Routledge Studies on Comparative Asian Politics),Shiping Hua,Kindle,by,
0,https://www.amazon.com/dp/1032372389,1032372389,Posthuman research playspaces,David Rousell,Kindle,by,
1,https://www.amazon.com/dp/0367722704,0367722704,"Drug Law Enforcement, Policing and Harm Reduction (Routledge Studies in Policing and Society)",Matthew Bacon,Kindle,|,
0,https://www.amazon.com/dp/1032276061,1032276061,Housing Philosophy,Yoric Irving-Clarke,Kindle,by,
0,https://www.amazon.com/dp/1032420480,1032420480,Narrative Performances of Mothering in South Asian Diasporic Fiction (Routledge Research in Postcolonial Literatures),Sarah Knor,Kindle,by,
0,https://www.amazon.com/dp/1032047984,1032047984,The Evolving Protection of Prisoners’ Rights in Europe (Routledge Frontiers of Criminal Justice),Gaëtan Cliquennois,Kindle,|,
0,https://www.amazon.com/dp/0367743736,0367743736,"Disneyization of Drug Use (Drugs, Crime and Society)",Tim Turner,Kindle,|,
0,https://www.amazon.com/dp/1032255234,1032255234,Criminal Law,Charles P. Nemeth,Kindle,by,
0,https://www.amazon.com/dp/1032299177,1032299177,COVID-19: Surviving a Pandemic (The COVID-19 Pandemic Series),J. Michael Ryan,Kindle,by,
0,https://www.amazon.com/dp/0367677636,0367677636,Rural Victims of Crime (Routledge Studies in Rural Criminology),Rachel Hale,Kindle,by,
2,https://www.amazon.com/dp/1032105348,1032105348,Sexuality (Key Ideas),Jeffrey Weeks,Kindle,by,
0,https://www.amazon.com/dp/1032305177,1032305177,"Destruction, Ethics, and Intergalactic Love (Routledge Advances in Comics Studies)",Peter Admirand,Kindle,|,
0,https://www.amazon.com/dp/1032197919,1032197919,"Gender Violence, Social Media, and Online Environments (Routledge Studies in Media, Communication, and Politics)",Lisa M. Cuklanz,Kindle,by,
0,https://www.amazon.com/dp/1032334177,1032334177,The Paradox of Planetary Human Entanglements (Routledge Studies in Nationalism and Ethnicity),Inocent Moyo,Kindle,by,
0,https://www.amazon.com/dp/1914481240,1914481240,Ethnographies of Collaborative Economies across Europe: Understanding Sharing and Caring,Penny Travlou,Paperback,by,
2,https://www.amazon.com/dp/1138345776,1138345776,Queer and Trans People of Colour in the UK (Transforming LGBTQ Lives),Stephanie Davis,Kindle,|,
0,https://www.amazon.com/dp/103242429X,103242429X,"Twenty-First Century Arab and African Diasporas in Spain, Portugal and Latin America (Routledge Studies in Latin American and Iberian Literature)",Cristián H. Ricci,Kindle,by,
0,https://www.amazon.com/dp/1032404787,1032404787,Perspectivism (Classical and Contemporary Social Theory),Kenneth Smith,Kindle,|,
0,https://www.amazon.com/dp/1032353929,1032353929,Unequal Development and Labour in Brazil (Routledge Inequality Studies),Gerry Rodgers,Kindle,by,
0,https://www.amazon.com/dp/1032344237,1032344237,Existential Social Work,Zvi Eisikovits,Kindle,by,
0,https://www.amazon.com/dp/103230393X,103230393X,The Rohingya Crisis (Routledge Research in Human Rights Law),Manzoor Hasan,Kindle,|,
2,https://www.amazon.com/dp/1032268875,1032268875,The Japanese LGBTQ+ Community in the World (Global Gender),Masami Tamagawa,Kindle,|,
0,https://www.amazon.com/dp/1032261730,1032261730,Leading Change in Gender and Diversity in Higher Education from Margins to Mainstream,Anna CohenMiller,Kindle,by,
1,https://www.amazon.com/dp/1032260890,1032260890,"Edge Entanglements with Mental Health Allyship, Research, and Practice (Postqualitative, New Materialist and Critical Posthumanist Research)",Tim Barlott,Kindle,|,
0,https://www.amazon.com/dp/1032229926,1032229926,Finding Blindness (Autocritical Disability Studies),David Bolt,Kindle,by,
0,https://www.amazon.com/dp/1032061030,1032061030,Understanding Virtual Reality (Routledge Research in Media Literacy and Education),Sarah Jones,Kindle,|,
2,https://www.amazon.com/dp/0367749688,0367749688,Protest Policing and Human Rights (Routledge Frontiers of Criminal Justice),Michael Smith,Kindle,|,
0,https://www.amazon.com/dp/0367638134,0367638134,Histories of Fascism and Anti-Fascism in Australia (Routledge Studies in Fascism and the Far Right),Evan Smith,Kindle,|,
0,https://www.amazon.com/dp/6205546663,6205546663,"Beyond the visible: Neo-shamanism, a symbolic resource between care and spirituality, through some life stories",François Kaech,Paperback,by,
0,https://www.amazon.com/dp/1032424036,1032424036,India’s Freedom Struggle and the Urdu Poetry,Gopi Chand Narang,Kindle,by,
0,https://www.amazon.com/dp/1032418087,1032418087,Patrolling the Homeland,John Parsons,Kindle,by,
0,https://www.amazon.com/dp/1032406771,1032406771,Communicating with the World,Lihua Liu,Kindle,by,
1,https://www.amazon.com/dp/1032405996,1032405996,Nayantara Sahgal,Maninder Sidhu,Kindle,by,
2,https://www.amazon.com/dp/103240535X,103240535X,Narratives of Trauma in South Asian Literature,Goutam Karmakar,Kindle,by,
0,https://www.amazon.com/dp/1032403152,1032403152,Assessing Students' Digital Reading Performance,Jie Hu,Kindle,by,
0,https://www.amazon.com/dp/1032386215,1032386215,Behind the Scenes in Social Research (Routledge Advances in Research Methods),Herbert J. Rubin,Kindle,by,
0,https://www.amazon.com/dp/1032366575,1032366575,Talking About Female Genital Mutilation,Caroline Lisa,Kindle,by,
1,https://www.amazon.com/dp/1032349328,1032349328,Gender and Nationalism,Gauri Mishra,Kindle,by,
0,https://www.amazon.com/dp/103233262X,103233262X,"Microfinance, Livelihoods and Poverty Reduction in Ghana (Routledge Studies in African Development)",Aaron Alesane,Kindle,by,
0,https://www.amazon.com/dp/1032319836,1032319836,Building Practice in the Dutch East Indies (Architext),David Hutama Setiadi,Hardcover,by,
1,https://www.amazon.com/dp/1032306637,1032306637,Ageing Masculinities in Contemporary European and Anglophone Cinema (Routledge Advances in Film Studies),Tony Tracy,Kindle,by,
0,https://www.amazon.com/dp/1032303727,1032303727,Inclusive Development in South Asia (Routledge New Horizons in South Asian Studies),Toshie Awaya,Kindle,by,
0,https://www.amazon.com/dp/1032299053,1032299053,COVID-19: Cultural Change and Institutional Adaptations (The COVID-19 Pandemic Series),J. Michael Ryan,Kindle,by,
0,https://www.amazon.com/dp/1032194219,1032194219,Contemporary Israeli Cinema (Routledge Studies in Middle East Film and Media),Raz Yosef,Kindle,by,
0,https://www.amazon.com/dp/1032187824,1032187824,Globalizing China – Social and Governance Reforms (Comparative Development and Policy in Asia),Ka Ho Mok,Kindle,by,
0,https://www.amazon.com/dp/1032147539,1032147539,British-Bangladeshi Women in Higher Education (Routledge Research in Gender and Society),Berenice Scandone,Kindle,by,
1,https://www.amazon.com/dp/1032134720,1032134720,China and Globalization in the Amazon (Global Connections),Cleiton Maciel Brito,Kindle,by,
0,https://www.amazon.com/dp/1032133341,1032133341,Tagore beyond Borders,Mihaela Gligor,Kindle,by,
0,https://www.amazon.com/dp/1032132841,1032132841,Deepening Democracy,Joseph Tharamangalam,Kindle,by,
0,https://www.amazon.com/dp/103205784X,103205784X,Cultural Democracy Now,Owen Kelly,Kindle,by,
1,https://www.amazon.com/dp/1032054190,1032054190,Assessing Multiculturalism in Global Comparative Perspective,Yasmeen Abu-Laban,Kindle,by,
0,https://www.amazon.com/dp/1032045221,1032045221,The Body Politics of Glocal Social Work (Routledge Advances in Social Work),Mona B. Livholts,Kindle,|,
0,https://www.amazon.com/dp/1032037857,1032037857,Trafficking and Sex Work (Interdisciplinary Studies in Sex for Sale),Mathilde Darley,Kindle,by,
0,https://www.amazon.com/dp/103202934X,103202934X,The Sexual Logics of Neoliberalism in Britain (Social Justice),Aura Lehtonen,Kindle,|,
0,https://www.amazon.com/dp/1032022809,1032022809,"Intersections of Tourism, Migration, and Exile",Natalia Bloch,Kindle,by,
0,https://www.amazon.com/dp/0367753618,0367753618,Reproducing Inequalities in Teaching (Routledge Advances in Critical Diversities),Stefania Pigliapoco,Kindle,|,
0,https://www.amazon.com/dp/0367704153,0367704153,Maoists and Government Welfare,Suparna Banerjee,Kindle,by,
0,https://www.amazon.com/dp/036769669X,036769669X,"Performance, Resistance and Refugees (Routledge Advances in Theatre & Performance Studies)",Suzanne Little,Kindle,|,
0,https://www.amazon.com/dp/0367683334,0367683334,Exploring Contemporary Police Challenges (Advances in Police Theory and Practice),Sanja Kutnjak Ivkovic,Kindle,by,
0,https://www.amazon.com/dp/0367631458,0367631458,"Exhaustivity, Contrastivity, and the Semantics of Mandarin Cleft-related Structures (Routledge Studies in Chinese Linguistics)",Ying Liu,Kindle,by,
0,https://www.amazon.com/dp/0367627884,0367627884,Policing in a Changing Vietnam (Routledge Studies in Policing and Society),Melissa Jardine,Kindle,|,
0,https://www.amazon.com/dp/0367498294,0367498294,Notelets of Filth (Routledge Advances in Theatre & Performance Studies),Laura Kressly,Kindle,|,
2,https://www.amazon.com/dp/0367484862,0367484862,The Metaphor Compass,Marianna Bolognesi,Kindle,by,
0,https://www.amazon.com/dp/0367350912,0367350912,Project Marketing,Milind Trivikram Phadtare,Kindle,by,
2,https://www.amazon.com/dp/1350375853,1350375853,Mapplethorpe and the Flower: Radical Sexuality and the Limits of Control,Derek Conrad Murray,Kindle,by,
0,https://www.amazon.com/dp/1350348708,1350348708,An Introduction to Global Media for the Twenty-First Century,Ole J. Mjøs,Kindle,by,
0,https://www.amazon.com/dp/0567697371,0567697371,Goddesses in Myth and Cultural Memory,Emilie Kutash,Kindle,by,
2,https://www.amazon.com/dp/1350348503,1350348503,Media and Everyday Life: Second Edition,Tim Markham,Kindle,by,
0,https://www.amazon.com/dp/1138579769,1138579769,"Transnational Feminisms and Art’s Transhemispheric Histories (Transnational Feminisms and the Arts: a Trilogy, 2)",Marsha Meskimmon,Kindle,by,
0,https://www.amazon.com/dp/1501378546,1501378546,Technológos in Being: Radical Media Archaeology & the Computational Machine (Thinking Media),Wolfgang Ernst,Kindle,by,
0,https://www.amazon.com/dp/1350229806,1350229806,"Bloomsbury Handbook to Katherine Mansfield, The",Todd Martin,Kindle,by,
0,https://www.amazon.com/dp/1350240079,1350240079,"Gender and Early Television: Mapping Women’s Role in Emerging US and British Media, 1850-1950 (Library of Gender and Popular Culture)",Sarah Arnold,Kindle,|,
0,https://www.amazon.com/dp/1350217352,1350217352,"Linguistic Condition, The: Kant's Critique of Judgment and the Poetics of Action",Claudia Brodsky,Kindle,by,
1,https://www.amazon.com/dp/B0BRDG1MXW,B0BRDG1MXW,The 2022 Yearbook of We The Italians,Umberto Mucci,Kindle,by,
0,https://www.amazon.com/dp/1032112131,1032112131,"A Translational Sociology (Translation, Politics and Society)",Esperança Bielsa,Kindle,by,
0,https://www.amazon.com/dp/6205496615,6205496615,African-born Female Professionals in American Higher Education,Oyibo H. Afoaku,Paperback,by,
0,https://www.amazon.com/dp/6205426919,6205426919,SOCIAL REPRESENTATIONS OF PSYCHOACTIVE SUBSTANCE USE (SPA): An approach to SPA,Andrés Reinosa,Paperback,by,
0,https://www.amazon.com/dp/1501380176,1501380176,"The Reenactment in Contemporary Screen Culture: Performance, Mediation, Repetition",Megan Carrigy,Kindle,by,
0,https://www.amazon.com/dp/1501377361,1501377361,The Space of Sex: The Porn Aesthetic in Contemporary Film and Television,Shelton Waldrep,Kindle,by,
0,https://www.amazon.com/dp/1350238457,1350238457,Language and Decoloniality in Higher Education: Reclaiming Voices from the South (Multilingualisms and Diversities in Education),Zannie Bock,Kindle,|,
0,https://www.amazon.com/dp/1032406755,1032406755,Literary Cultures and Digital Humanities in India,Nishat Zaidi,Kindle,by,
0,https://www.amazon.com/dp/1032389729,1032389729,Modern American Literature and Contemporary Iranian Cinema (Routledge Studies in Comparative Literature),Morteza Yazdanjoo,Kindle,by,
1,https://www.amazon.com/dp/1032294116,1032294116,Border Culture (Routledge Borderlands Studies),Victor Konrad,Kindle,|,
0,https://www.amazon.com/dp/103229261X,103229261X,Contemporary China in Anglo-American and Chinese Perspectives (Routledge Studies on Think Asia),Emre Demir,Kindle,by,
0,https://www.amazon.com/dp/1032230487,1032230487,The Right Periphery in L2 Chinese (Routledge Studies in Chinese Linguistics),Shanshan Yan,Kindle,by,
0,https://www.amazon.com/dp/075564252X,075564252X,"Cross-dressing in Turkish Cinema: Politics, Gender and National Trauma",Burcu Dabak,Kindle,by,
4,https://www.amazon.com/dp/0226822907,0226822907,"Dr. Nurse: Science, Politics, and the Transformation of American Nursing",Dominique A. Tobbell,Kindle,by,
2,https://www.amazon.com/dp/1032107456,1032107456,Private Security: An Introduction to Principles and Practice (Routledge Studies in Applied Linguistics),Charles P. Nemeth,Hardcover,by,
0,https://www.amazon.com/dp/0838936644,0838936644,Academic Librarian Faculty Status: CLIPP #47 (Volume 47) (College Library Information on Policy and Practice),Edgar Bailey,Paperback,by,
1,https://www.amazon.com/dp/1496843681,1496843681,Conversations with Nalo Hopkinson (Literary Conversations Series),Isiah Lavender III,Kindle,|,
0,https://www.amazon.com/dp/2140294270,2140294270,Genre et sexualité en Corée (Tan'gun) (French Edition),Na,Paperback,French Edition,
0,https://www.amazon.com/dp/1496841719,1496841719,At Risk: Black Youth and the Creative Imperative in the Post-Civil Rights Era (Cultures of Childhood),Jennifer Griffiths,Kindle,by,
0,https://www.amazon.com/dp/1138780758,1138780758,On Becoming Bilingual (Routledge Foundations in Linguistic Anthropology),Patricia Baquedano-López,Kindle,by,
0,https://www.amazon.com/dp/1496842650,1496842650,Rethinking Racial Uplift: Rhetorics of Black Unity and Disunity in the Obama Era,Nigel I. Malcolm,Kindle,by,
1,https://www.amazon.com/dp/1496842715,1496842715,Eudora Welty and Mystery: Hidden in Plain Sight (Critical Perspectives on Eudora Welty),Jacob Agner,Kindle,by,
0,https://www.amazon.com/dp/1496842057,1496842057,"Children, Deafness, and Deaf Cultures in Popular Media (Children's Literature Association Series)",John Stephens,Kindle,by,
0,https://www.amazon.com/dp/B0BR992V6L,B0BR992V6L,"Snowflakes Coloring Book: Awesome Heavenly Snowflakes Stained Glass Designs in 110 Coloring Pages for Relaxing, Creativity, Gifts for Adults, Teen, ... Snowflakes Stained Glass Lovers and Fans",Boboset Coloring,Paperback,by,
0,https://www.amazon.com/dp/6205630044,6205630044,TOPONYMS IN ENGLISH AND THEIR LEXICOGRAPHIC FEATURES,Ganieva Gulnozakhon Zakhirovna,Paperback,by,
0,https://www.amazon.com/dp/6205420139,6205420139,From the written word to tradition.: Outline of a hermeneutic philosophy of culture.,Salifou Boubé,Paperback,by,
0,https://www.amazon.com/dp/6205407833,6205407833,DEBATES AROUND MODERNITY IN LATIN AMERICA: The experience of modernity,Edgardo Ulloa Baeza,Paperback,by,
0,https://www.amazon.com/dp/6204155687,6204155687,Questionnaire & Semi-Directive Interview Guide,Cerrou Serge Roland Juno,Paperback,by,
0,https://www.amazon.com/dp/1496842928,1496842928,"They Also Write for Kids: Cross-Writing, Activism, and Children's Literature (Cultures of Childhood)",Suzanne Manizza Roszak,Kindle,by,
4,https://www.amazon.com/dp/1398607142,1398607142,Humanitarian Logistics: Meeting the Challenge of Preparing for and Responding to Disasters and Complex Emergencies,Professor Graham Heaslip,Kindle,by,
1,https://www.amazon.com/dp/023120339X,023120339X,Malaysian Crossings: Place and Language in the Worlding of Modern Chinese Literature (Global Chinese Culture),Cheow Thia Chan,Kindle,by,
2,https://www.amazon.com/dp/1032422424,1032422424,Digital Literature and Critical Theory (Routledge Interdisciplinary Perspectives on Literature),Annika Elstermann,Kindle,by,
0,https://www.amazon.com/dp/1032253835,1032253835,"In Conversation with Karen Barad (Postqualitative, New Materialist and Critical Posthumanist Research)",Karin Murris,Kindle,|,
1,https://www.amazon.com/dp/1509534660,1509534660,Multiracial: The Kaleidoscope of Mixedness,hephzibah v. strmic-pawl,Kindle,by,
1,https://www.amazon.com/dp/0367743892,0367743892,Alternative Planning History and Theory,Dorina Pojani,Paperback,by,
1,https://www.amazon.com/dp/1648410588,1648410588,From Conflict to Community: Transforming Conflicts Without Authorities,Gwendolyn Olton,Kindle,by,
2,https://www.amazon.com/dp/1032152036,1032152036,Practical Research Methods for Nonprofit and Public Administrators,Gary R. Rassel,Kindle,by,
5,https://www.amazon.com/dp/0231205171,0231205171,"Emerging Global Cities: Origin, Structure, and Significance",Alejandro Portes,Kindle,by,
2,https://www.amazon.com/dp/0745663184,0745663184,Crime and Control in China: The Myth of Harmony (China Today),Børge Bakken,Kindle,by,
1,https://www.amazon.com/dp/1469671549,1469671549,Before Equiano: A Prehistory of the North American Slave Narrative,Zachary McLeod Hutchins,Kindle,by,
0,https://www.amazon.com/dp/0252086791,0252086791,Global Labor Migration: New Directions (Studies of World Migrations),Eileen Boris,Kindle,|,
0,https://www.amazon.com/dp/0367751860,0367751860,House Sharing and Young Adults,Vicky Clark,Kindle,by,
0,https://www.amazon.com/dp/1662858647,1662858647,Temperament and Psychological Type Approaches in Clinical Social Work with Individuals,Dr F B Pete Campbell Jr,Kindle,by,
0,https://www.amazon.com/dp/1032393114,1032393114,"Understanding Security Role Evolution of US, China, and India (International Politics in the Age of Disruption)",Aditi Malhotra,Kindle,|,
0,https://www.amazon.com/dp/1032043733,1032043733,Diversity of Belonging in Europe (Critical Heritages of Europe),Susannah Eckersley,Kindle,by,
0,https://www.amazon.com/dp/B0BN4PDYML,B0BN4PDYML,An Amateur Performance: (Reminiscences of a Student in the 1850s) (Jews of Russia & Eastern Europe and Their Legacy),Lev Levanda,Hardcover,by,
0,https://www.amazon.com/dp/6205529432,6205529432,Sustainable Development and Management Research,Şinasi Akdemir,Paperback,by,
0,https://www.amazon.com/dp/1788213947,1788213947,Ignorance (Five Giants),Sally Tomlinson,Kindle,|,
0,https://www.amazon.com/dp/103235948X,103235948X,"Indigenous Question, Land Appropriation, and Development (South Asia in Context)",Gautam Pingali,Kindle,|,
1,https://www.amazon.com/dp/064518263X,064518263X,born in 1973? What else happened?,Ron Williams,Kindle,|,
0,https://www.amazon.com/dp/0367759063,0367759063,Science Fiction Cinema in the Twenty-First Century (Studies in Global Genre Fiction),Pablo Gómez-Muñoz,Kindle,by,
0,https://www.amazon.com/dp/0367716186,0367716186,Second Life as a Virtual Playground for Language Education,Julian Chen,Kindle,by,
3,https://www.amazon.com/dp/0367204673,0367204673,Crime Scene Investigation,Roy Fenoff,Kindle,by,
0,https://www.amazon.com/dp/1433177609,1433177609,Culture 2.0: The Intersection of National and Organizational Culture,Joann Keyton,Kindle,by,
0,https://www.amazon.com/dp/1032315024,1032315024,Understanding Global Crises,Thomas Sadler,Kindle,by,
1,https://www.amazon.com/dp/3348085837,3348085837,"Sketches of the Rise, Progress, and Decline of Secession: With a narrative of personal adventures among the rebels",William G Brownlow,Kindle,by,
0,https://www.amazon.com/dp/3348085810,3348085810,Yarrow: Its Poets and Poetry,R Borland,Kindle,by,
4,https://www.amazon.com/dp/3348085764,3348085764,A Child-World,James Whitcomb Riley,Kindle,by,
0,https://www.amazon.com/dp/B0BR15F8VK,B0BR15F8VK,"Creative Haven Celtic Alphabet Designs Coloring Book: Awesome Creative Haven Celtic Alphabet Designs Designs in 110 Coloring Pages for Relaxing, ... Haven Celtic Alphabet Designs Lovers and Fans",Boboset Coloring,Paperback,by,
0,https://www.amazon.com/dp/3348085829,3348085829,The Poetical Works of Samuel Butler: Two Volumes in One,Samuel Butler,Paperback,by,
0,https://www.amazon.com/dp/1433195003,1433195003,"The Color of Language: Centering the Student of Color in World Language Acquisition (Studies in Communication, Culture, Race, and Religion, 3)",Kami J. Anderson,Kindle,by,
4,https://www.amazon.com/dp/173798251X,173798251X,Reparations On Fire: How and Why It's Spreading Across America,Nkechi Taifa,Kindle,by,
2,https://www.amazon.com/dp/9356785325,9356785325,"A New System; or, an Analysis of Antient Mythology. Volume I.",Jacob Bryant,Kindle,by,
3,https://www.amazon.com/dp/9356785368,9356785368,The New Stone Age in Northern Europe,John M Tyler,Kindle,by,
5,https://www.amazon.com/dp/9356785120,9356785120,"A New Voyage Round the World in the Years 1823, 24, 25, and 26. Vol. 1",Otto Von Kotzebue,Kindle,by,
2,https://www.amazon.com/dp/9356785058,9356785058,"A New Voyage Round the World, in the years 1823, 24, 25, and 26, Vol. 2",Otto Von Kotzebue,Kindle,by,
2,https://www.amazon.com/dp/9356783152,9356783152,"Letters on Natural Magic; Addressed to Sir Walter Scott, Bart",David Brewster,Kindle,by,
3,https://www.amazon.com/dp/9356718229,9356718229,"Letters of David Ricardo to Thomas Robert Malthus, 1810-1823",David Ricardo,Kindle,by,
0,https://www.amazon.com/dp/B0BQYBTCG8,B0BQYBTCG8,WHAT A MAN WANTS IN HIS WOMAN: The Simple And Remarkable Attributes Of A Woman Every Man Hopes To Submit Himself To,DEBBIE HENLEY,Kindle,by,
1,https://www.amazon.com/dp/9356786097,9356786097,Marion Harland's Complete Etiquette; A Young People's Guide to Every Social Occasion,Marion Harland,Kindle,by,
0,https://www.amazon.com/dp/3031082176,3031082176,Responsible AI in Africa: Challenges and Opportunities (Social and Cultural Studies of Robots and AI),Damian Okaibedi Eke,Kindle,|,
3,https://www.amazon.com/dp/0367480182,0367480182,Hospitality Security,Darrell Clifton,Kindle,by,
5,https://www.amazon.com/dp/147668877X,147668877X,Pete Hill: Black Baseball's First Superstar,Bob Luke,Kindle,by,
1,https://www.amazon.com/dp/1032120533,1032120533,Museums and Social Responsibility,Kevin Coffee,Kindle,by,
2,https://www.amazon.com/dp/0807767107,0807767107,Our Children Can't Wait: The Urgency of Reinventing Education Policy in America,Joseph P. Bishop,Kindle,by,
1,https://www.amazon.com/dp/0226823059,0226823059,Voices That Matter: Kurdish Women at the Limits of Representation in Contemporary Turkey,Marlene Schäfers,Kindle,|,
2,https://www.amazon.com/dp/019768243X,019768243X,"Justice, Migration, and Mercy",Michael Blake,Kindle,by,
1,https://www.amazon.com/dp/0228869315,0228869315,Stepping Stones of My Life,René Robertson,Kindle,by,
0,https://www.amazon.com/dp/0128200790,0128200790,Circular Design for Zero Emission Architecture and Building Practice: It is the Green Way or the Highway (Woodhead Publishing Series in Civil and Structural Engineering),Marwa Dabaieh,Kindle,by,
0,https://www.amazon.com/dp/1032249005,1032249005,Rural Areas in Transition (Community Development Research and Practice Series),Norman Walzer,Kindle,|,
0,https://www.amazon.com/dp/1032317582,1032317582,Transdisciplinary Marine Research (Earthscan Oceans),Sílvia Gómez,Kindle,by,
2,https://www.amazon.com/dp/8027287782,8027287782,The Intelligence of Woman,Walter Lionel George,Kindle,by,
0,https://www.amazon.com/dp/1032172088,1032172088,Western Democracy and the AKP (Routledge Studies in Middle Eastern Politics),Mehmet Celil Çelebi,Kindle,by,
0,https://www.amazon.com/dp/B0BQY73H6J,B0BQY73H6J,"Flower Girl Coloring Book: A Kids Coloring Book With Over 100+ High Quality Pages, Cute Flower Girl Style for Your Boys Girls",Rodrigo Art,Paperback,by,
1,https://www.amazon.com/dp/B0BQY1ZWNW,B0BQY1ZWNW,"Valentine's Day Coloring Book: A Kids Coloring Book With Over 100+ High Quality Pages, Cute Valentine's Day Style for Your Boys Girls",Boboset Coloring,Paperback,by,
0,https://www.amazon.com/dp/6205525372,6205525372,THE EFFECT OF DIGITAL BROADCASTING MIGRATION ON TELEVISION VIEWERSHIP,Jane Mercy Muthoni Kamunyi,Paperback,by,
0,https://www.amazon.com/dp/6205476371,6205476371,The European vector of economic partnership,Irina Vysotskaya,Paperback,by,
0,https://www.amazon.com/dp/6205474956,6205474956,The Niger Delta and the Curse of Natural Resources: Historiographic analysis of the impact of Royal Dutch Shell on structural problems in the Niger Delta.,Belkis García Hernández,Paperback,by,
0,https://www.amazon.com/dp/6205393387,6205393387,"YOU WILL NEVER BE TURNED OFF: ""A shortened life of a martyred sage""",Hilarie Mukamazimpaka,Paperback,by,
0,https://www.amazon.com/dp/3631894600,3631894600,"Acta Germanica: German Studies in Africa (Acta Germanica / German Studies in Africa: Jahrbuch des Germanistenverbandes im südlichen Afrika / Journal ... Africa, 50) (English and German Edition)",Cilliers van den Berg,Kindle,English Edition,
0,https://www.amazon.com/dp/3348085756,3348085756,The Works of Sir William Davenant,Henry Herringman,Paperback,by,
0,https://www.amazon.com/dp/3346834808,3346834808,The Impact of Technology Transfer for Micro and Small Enterprises,Sintayehu Tadesse,Kindle,by,
0,https://www.amazon.com/dp/3030885739,3030885739,The International Radio Regulations: The Case for Reform,Mohamed Ali El-Moghazi,Kindle,by,
0,https://www.amazon.com/dp/3030824144,3030824144,Green Criminology and the Law (Palgrave Studies in Green Criminology),James Gacek,Kindle,|,
0,https://www.amazon.com/dp/3030787087,3030787087,American Jewish Year Book 2020: The Annual Record of the North American Jewish Communities Since 1899,Arnold Dashefsky,Hardcover,by,
2,https://www.amazon.com/dp/1350383260,1350383260,One Off (Modern Plays),Ric Renton,Kindle,by,
1,https://www.amazon.com/dp/1032423870,1032423870,From Subjection to Survival (Routledge Research in American Literature and Culture),Molly J. Freitas,Kindle,|,
0,https://www.amazon.com/dp/1032278560,1032278560,"Literary Representations of Pandemics, Epidemics and Pestilence",Nishi Pulugurtha,Kindle,by,
0,https://www.amazon.com/dp/1032030070,1032030070,The Museums and Collections of Higher Education,Andrew Simpson,Kindle,by,
0,https://www.amazon.com/dp/0367622955,0367622955,Planning in an Uncanny World (RTPI Library Series),Nicholas A. Phelps,Kindle,|,
0,https://www.amazon.com/dp/0323917186,0323917186,"Resilient and Sustainable Cities: Research, Policy and Practice",Zaheer Allam,Kindle,by,
0,https://www.amazon.com/dp/0323899633,0323899633,Blockchain in a Volatile-Uncertain-Complex-Ambiguous World,Kaliyan Mathiyazhagan,Kindle,by,
0,https://www.amazon.com/dp/0128202475,0128202475,Intelligent Environments: Advanced Systems for a Healthy Planet,P. Droege,Kindle,by,
0,https://www.amazon.com/dp/1032201584,1032201584,Transforming Leisure in the Pandemic (Routledge Critical Leisure Studies),Briony Sharp,Kindle,|,
0,https://www.amazon.com/dp/1032403160,1032403160,Maximum Malpractice Protection,Charles Theisler,Kindle,by,
0,https://www.amazon.com/dp/3031169042,3031169042,Marek Thee: My Story: A Journey through the 20th Century (SpringerBriefs on Pioneers in Science and Practice),Marek Thee,Kindle,|,
0,https://www.amazon.com/dp/9956552712,9956552712,The Pandemic and Social Science Approaches to Teaching and Learning,Maheshvari Naidu,Kindle,by,
0,https://www.amazon.com/dp/0472055461,0472055461,Thirty-two New Takes on Taiwan Cinema,Emilie Yueh-yu Yeh,Kindle,by,
0,https://www.amazon.com/dp/995655295X,995655295X,"Gender, Sexuality and Decolonization in Postcolonial Ghana: A Socio-philosophical Engagement",Charles Prempeh,Kindle,by,
0,https://www.amazon.com/dp/995655247X,995655247X,"Africa, Human Rights and the Covid-19 Pandemic: Mitigation Dynamics and Their Implications for Human Rights, Freedoms and Civil Liberties",Fidelis Peter Thomas Duri,Kindle,by,
0,https://www.amazon.com/dp/9956552356,9956552356,Dark Clouds on the Horizon: Some Developmental Changes Facing Africa,John W. Forje,Kindle,by,
0,https://www.amazon.com/dp/9914992161,9914992161,The Kenyan Socialist Vol. 5,Shiraz Durrani,Paperback,by,
0,https://www.amazon.com/dp/9811627401,9811627401,"Housing Movements in Rome: Resistance and Class (Alternatives and Futures: Cultures, Practices, Activism and Utopias)",Carlotta Caciagli,Kindle,|,
0,https://www.amazon.com/dp/6205472775,6205472775,"Adolescent Surgical Emergencies: Epidemiological, diagnostic and therapeutic aspects at the Sylvanus Olympio University Hospital of Lomé",Kokou Kanassoua,Paperback,by,
0,https://www.amazon.com/dp/3030904199,3030904199,"Irregular Migrants and the Sea at the Borders of Sabah, Malaysia: Pelagic Alliance (Migration, Diasporas and Citizenship)",Vilashini Somiah,Kindle,|,
0,https://www.amazon.com/dp/303087558X,303087558X,Marketplace Trade and West African Urban Development: A Paradox,Krys Ochia,Kindle,by,
1,https://www.amazon.com/dp/3030872491,3030872491,Mobile Storytelling in an Age of Smartphones,Max Schleser,Kindle,by,
0,https://www.amazon.com/dp/3030843815,3030843815,Emergent Spaces: Change and Innovation in Small Urban Spaces (Palgrave Studies in Urban Anthropology),Petra Kuppinger,Kindle,|,
0,https://www.amazon.com/dp/3030802140,3030802140,"Challenges in the Management of People Convicted of a Sexual Offence: A Way Forward (Palgrave Studies in Risk, Crime and Society)",Kasia Uzieblo,Kindle,|,
0,https://www.amazon.com/dp/1990988709,1990988709,Free People from Mental Slavery (Vol. 2),Paseka S Mazibuko,Kindle,by,
0,https://www.amazon.com/dp/1088080855,1088080855,The Global Features & Untold Stories Collected Book III,Hoa Truong,Paperback,by,
0,https://www.amazon.com/dp/0367677733,0367677733,Translation Project Management (Routledge Introductions to Translation and Interpreting),Callum Walker,Kindle,by,
1,https://www.amazon.com/dp/1138665827,1138665827,An Introduction to Television Studies,Jonathan Bignell,Kindle,by,
0,https://www.amazon.com/dp/1032080752,1032080752,The Illustrated Guide to the Mass Communication Research Project,Patricia Swann,Hardcover,by,
0,https://www.amazon.com/dp/0226822443,0226822443,Of Maybugs and Men: A History and Philosophy of the Sciences of Homosexuality,Pieter R. Adriaens,Kindle,by,
0,https://www.amazon.com/dp/9811953368,9811953368,Discursive Approaches to Politics in Malaysia: Legitimising Governance (Asia in Transition),Kumaran Rajandran,Kindle,|,
0,https://www.amazon.com/dp/1772014451,1772014451,Kisses Deep,Michel Marc Bouchard,Paperback,by,
0,https://www.amazon.com/dp/1138676144,1138676144,Social Psychology in Forensic Practice,Joel Harvey,Kindle,by,
0,https://www.amazon.com/dp/1639234969,1639234969,Alchoholics Anonymous,Anonymous,Paperback,by,
0,https://www.amazon.com/dp/1032420278,1032420278,Threats in Context,Jean Perois,Kindle,by,
0,https://www.amazon.com/dp/B0BRDHRCFZ,B0BRDHRCFZ,Doomed Project Sanction: Time Overrun (Shekhar's Sc.&Tech.),Himanshu Shekhar,Kindle,|,
0,https://www.amazon.com/dp/B0BSDC1LHM,B0BSDC1LHM,Weekly Planner: 2023,Georgia Taul,Hardcover,by,
0,https://www.amazon.com/dp/B0BRH2YDLR,B0BRH2YDLR,"Work Time Tracker for Projects and Hours Worked: Time tracker for working at home, freelance or keeping track of the hours you work for employers",Tracker Solutions Publishing,Paperback,by,
0,https://www.amazon.com/dp/B0BRDDCLD7,B0BRDDCLD7,"WHO IS STEVE JOBS?: All you need to know about Steve jobs, how he got inspirations with untold Biography Facts",Blessing Peter Flames,Kindle,by,
0,https://www.amazon.com/dp/B0BRDCPHXX,B0BRDCPHXX,Daily Planner,Jennifer Stonerock,Paperback,by,
0,https://www.amazon.com/dp/B0BRC945YF,B0BRC945YF,The Solo Traveler's Handbook: How to Explore the World on Your Own (The Adventurous Traveler: A traveler's tale exploring the world's most exotic locations),Tamara J Phan,Kindle,|,
0,https://www.amazon.com/dp/9264402918,9264402918,"Consumption Tax Trends 2022: VAT/GST and Excise, Core Design Features and Trends",Organisation for Economic Co-operation and Development,Paperback,by,
0,https://www.amazon.com/dp/6205629895,6205629895,"MANAGING INTELLECTUAL CAPITAL DURING THE COVID-19 PANDEMIC: NORMATIVE APPROACHES, TECHNOLOGICAL EVOLUTIONS AND COMPETITIVE ADVANTAGES",Elena Dinu Andreea Mitan,Paperback,by,
0,https://www.amazon.com/dp/6205551314,6205551314,Corporate Budgeting: From Theory to Practice,Nilton Cezar Carraro,Paperback,by,
3,https://www.amazon.com/dp/1913925102,1913925102,Managing Sickness Absence (Employment Law Library),Daniel Barnett,Kindle,|,
2,https://www.amazon.com/dp/1032170379,1032170379,Macroeconomics in Context,Neva Goodwin,Kindle,by,
1,https://www.amazon.com/dp/1032193271,1032193271,Material Matters,Thomas Rau,Kindle,by,
5,https://www.amazon.com/dp/1032192151,1032192151,Advertising Media Planning,Larry D. Kelley,Kindle,by,
1,https://www.amazon.com/dp/1032014695,1032014695,Travel Writing for Tourism and City Branding,Charlie Mansfield,Kindle,by,
1,https://www.amazon.com/dp/103242236X,103242236X,Sovereign Debt Restructuring and the Law (Routledge Research in Finance and Banking Law),Sebastian Grund,Kindle,|,
1,https://www.amazon.com/dp/0367622610,0367622610,Managing the Arts and Culture: Cultivating a Practice (Discovering the Creative Industries),Constance DeVereaux,Kindle,|,
4,https://www.amazon.com/dp/0367425033,0367425033,Strategic Portfolio Management (In the Multi-project and Program Organisation),Katy Angliss,Kindle,by,
4,https://www.amazon.com/dp/1032017244,1032017244,Big Data for Big Decisions,Krishna Pera,Kindle,by,
1,https://www.amazon.com/dp/1032382201,1032382201,Being Supervised,Erik de Haan,Kindle,by,
0,https://www.amazon.com/dp/1032121327,1032121327,Financialization and Macroeconomics (Routledge Critical Studies in Finance and Stability),Giovanni Scarano,Kindle,|,
0,https://www.amazon.com/dp/1032314605,1032314605,Skills in Neighbourhood Work,Paul Henderson,Kindle,by,
0,https://www.amazon.com/dp/0889375828,0889375828,Strengths-Based Resilience Workbook,Tayyab Rashid,Kindle,by,
0,https://www.amazon.com/dp/1032355964,1032355964,Screen Tourism and Affective Landscapes (Routledge Cultural Heritage and Tourism Series),Erik Champion,Kindle,|,
0,https://www.amazon.com/dp/1032424257,1032424257,Money and Capital (Routledge Frontiers of Political Economy),Laurent Baronian,Kindle,|,
1,https://www.amazon.com/dp/1032361255,1032361255,Building an Innovation Powerhouse,Andy Wynn,Kindle,by,
0,https://www.amazon.com/dp/1032419709,1032419709,"Knowledge Communication in Global Organisations (Routledge Studies in Management, Organizations and Society)",Nils Braad Petersen,Kindle,by,
3,https://www.amazon.com/dp/1032368322,1032368322,The Origins of Ethical Failures,Dennis Gentilin,Kindle,by,
0,https://www.amazon.com/dp/1032376627,1032376627,Shifting Categories of Work,Lisa Herzog,Kindle,by,
0,https://www.amazon.com/dp/1032228709,1032228709,Comparative CSR and Sustainability (Routledge Research in Sustainability and Business),Gabriel Donleavy,Kindle,by,
1,https://www.amazon.com/dp/B0BRMBQJWW,B0BRMBQJWW,How to Day Trade - With Beginner's in Mind,Terrance Walker,Kindle,by,
0,https://www.amazon.com/dp/1032386983,1032386983,Temporary Economic Crises (Routledge Frontiers of Political Economy),Shahzavar Karimzadi,Kindle,|,
0,https://www.amazon.com/dp/1032360577,1032360577,Subaltern Workers in Contemporary France (Routledge Advances in Sociology),Olivier Masclet,Kindle,|,
0,https://www.amazon.com/dp/103236033X,103236033X,"Flexible Human Resource Management and Vocational Behaviour (Routledge Studies in Management, Organizations and Society)",Anna Pawłowska,Kindle,by,
0,https://www.amazon.com/dp/B0BRLCPJ4Z,B0BRLCPJ4Z,Journal For My Thoughts: Notebook belongs to students | Capture in it what is in your mind,Satyabir Singh,Paperback,by,
0,https://www.amazon.com/dp/B0BRDMGH8P,B0BRDMGH8P,"Career For Middle School Students: How To Prepare For A Safe, Happy, Independent Life",Vincenzo Esquivias,Paperback,by,
0,https://www.amazon.com/dp/B0BRDGRFG1,B0BRDGRFG1,Fuel Your Success: Get Ready To Transform Yourself For Success,Carmel Amass,Paperback,by,
0,https://www.amazon.com/dp/B0BRDBSLDV,B0BRDBSLDV,Money Matters: A Financial Literacy Guide For Teens,Samuel E. Smart,Kindle,by,
0,https://www.amazon.com/dp/9292693891,9292693891,Green Infrastructure Investment Opportunities: Indonesia―Green Recovery 2022 Report,Asian Development Bank,Paperback,by,
0,https://www.amazon.com/dp/6205630281,6205630281,Thinking and Doing Global IT Business in The DevOps Way: DevOps is a set of smart practices that combines software development (Dev) and IT operations (Ops),Priyabrata Adhikary,Paperback,by,
0,https://www.amazon.com/dp/6205630230,6205630230,STUDY OF ATTITUDES TOWARDS THE PROFESSION OF PHYSICAL EDUCATION,Anil Kumar Bajpaee,Paperback,by,
0,https://www.amazon.com/dp/3631886764,3631886764,"Development and implementation of the EU grand strategies: sociological, policy, and regional considerations of Agenda 2030",Borut Rončević,Paperback,by,
0,https://www.amazon.com/dp/3631867956,3631867956,Great Reset and The New Deal After Covid-19,Fatma ÖZKUL,Kindle,by,
0,https://www.amazon.com/dp/1805457861,1805457861,Socio Political Movements and Mass Media,Haider Afaque,Paperback,by,
0,https://www.amazon.com/dp/1636407765,1636407765,The Development of Potential Commodity Based Agrotourism in Around Mt. Wilis,Herrukmi Septa Rinawati,Paperback,by,
1,https://www.amazon.com/dp/1484287975,1484287975,Mentoring Digital Media Projects: Project-Based Learning and Teaching for Professional Development,Patrick Parra Pennefather,Kindle,by,
0,https://www.amazon.com/dp/1032424583,1032424583,China’s Railway Transformation (Routledge Research in Planning and Urban Design),Junjie Xi,Kindle,by,
0,https://www.amazon.com/dp/103236940X,103236940X,European Banking Nationalism (Routledge/UACES Contemporary European Studies),Shawn Donnelly,Kindle,by,
0,https://www.amazon.com/dp/1032351217,1032351217,Civil Service Systems in East and Southeast Asia,Chong-Min Park,Kindle,by,
0,https://www.amazon.com/dp/1032268077,1032268077,Global Financial Networked Governance (RIPE Series in Global Political Economy),Peter Knaack,Kindle,by,
0,https://www.amazon.com/dp/1032209402,1032209402,Human Resource Management and Internal Marketing (Routledge Advances in Management and Business Studies),Teena Mishra,Kindle,by,
0,https://www.amazon.com/dp/1032200936,1032200936,Digital Transformation in Islamic Finance (Islamic Business and Finance Series),Yasushi Suzuki,Kindle,|,
0,https://www.amazon.com/dp/1032037326,1032037326,Agile Learning and Management in a Digital Age (Perspectives on Education in the Digital Age),David Kergel,Kindle,by,
0,https://www.amazon.com/dp/0367630893,0367630893,The War on Corruption in China (China Policy Series),Sunny L. Yang,Paperback,|,
1,https://www.amazon.com/dp/0367557193,0367557193,A New Principles of Economics,Carsten Herrmann-Pillath,Kindle,by,
1,https://www.amazon.com/dp/0367537311,0367537311,Organisational Resilience,Elmar Kutsch,Kindle,by,
0,https://www.amazon.com/dp/1350328529,1350328529,"Leadership: Limits and possibilities (Management, Work and Organisations)",Keith Grint,Kindle,by,
0,https://www.amazon.com/dp/1032306238,1032306238,The Positive Impact Mindset,Katrin Muff,Kindle,by,
0,https://www.amazon.com/dp/9819816297,9819816297,Cost Accounting: A Decision-oriented Approach,Gunther Friedl,Kindle,by,
1,https://www.amazon.com/dp/195711813X,195711813X,"Indie Author Magazine Featuring Darcy Pattison: Outlining Strategies, Setting Book Business Goals, Indie Author Mindset, and Finding Success",Chelle Honiker,Kindle,|,
0,https://www.amazon.com/dp/1668436531,1668436531,Knowledge Management and Research Innovation in Global Higher Education Institutions,Lawrence J Jones-Esan,Hardcover,by,
0,https://www.amazon.com/dp/B0BRDKR1FH,B0BRDKR1FH,#GOALS,Taylor Moore,Paperback,by,
0,https://www.amazon.com/dp/B0BRD6BX6Z,B0BRD6BX6Z,Be Self-Employed: Understanding Of The Issues Facing Freelancers And The Self-Employed,Cari Lessen,Paperback,by,
0,https://www.amazon.com/dp/B0BRCMGTS5,B0BRCMGTS5,A College Degree: The Story Of Young Adults Getting Their Diploma And Set Loose Into The Real World,Jeff Bunkers,Paperback,by,
0,https://www.amazon.com/dp/B0BRCBVSKG,B0BRCBVSKG,Female Leaders: Women Climbing The Ladder Of Success On Various Fronts,Antoine Markunas,Paperback,by,
0,https://www.amazon.com/dp/B0BRC86VHQ,B0BRC86VHQ,Tips For Interviewing: Using The Mbti And SSPs In Career Selection,Deandra Carabello,Paperback,by,
0,https://www.amazon.com/dp/B0BRC34NR8,B0BRC34NR8,Success In Real Estate: Create A Real Estate Business That Earns Them Six Figures And Beyond,Cyrstal Hewson,Paperback,by,
0,https://www.amazon.com/dp/B0BRC19JKK,B0BRC19JKK,Outdoor Adventure: Discover Advice To Manage Business And Grow Careers,Jayme Afton,Paperback,by,
0,https://www.amazon.com/dp/9264872175,9264872175,"Value for Money in School Education: Smart Investments, Quality Outcomes, Equal Opportunities",Organisation for Economic Co-operation and Development,Paperback,by,
0,https://www.amazon.com/dp/6205543753,6205543753,OPTIMIZING PUBLIC REVENUE COLLECTION: PUBLIC ADMINISTRATION,Georges SOLOFOSON,Paperback,by,
0,https://www.amazon.com/dp/6205543400,6205543400,"The Five ""I ""s, or a new system of state prosperity factors",Shavkat Nuriddinovich Zainutdinov,Paperback,by,
0,https://www.amazon.com/dp/6205542110,6205542110,Project Implementation of basic quality control tools: Through the application of ISO:9001:2000 standards in the commercialization process of Macadamia Nut,Marlene Campos Tufiño,Paperback,by,
0,https://www.amazon.com/dp/6205542072,6205542072,Climate Action Financing Options: Climate Action,Ana Díaz de Iparraguirre,Paperback,by,
0,https://www.amazon.com/dp/6205540541,6205540541,Environmental Education and the Sustainability of Agribusiness in the Southern Cone: The negative impacts of agribusiness,João Paulo Laranjo Velho,Paperback,by,
0,https://www.amazon.com/dp/6205470462,6205470462,"Knowledge, attitudes and practices: students at the University of Ouaga 2 in sexual and reproductive health.",Cheik Omar Sissoko,Paperback,by,
0,https://www.amazon.com/dp/6204268082,6204268082,PHYSICAL AND FLOW PROPERTIES: OF BEAN CULTIVARS FOR SILO SIZING,Diego José Araújo Bandeira,Paperback,by,
0,https://www.amazon.com/dp/6204135074,6204135074,Job performance of workers in a municipality: Individual factors related to the work performance of workers in a municipality,Luz Guisela Bustamante López,Paperback,by,
0,https://www.amazon.com/dp/3756885259,3756885259,Leadership is more.: 27 Questions we too can answer,Gianni Liscia,Paperback,by,
0,https://www.amazon.com/dp/3346799581,3346799581,Effect of Job Autonomy on Career Commitment through Career Path and Job Satisfaction. Moderating Role of Supportive Climate,Hassan Ahmad,Paperback,by,
0,https://www.amazon.com/dp/1628316594,1628316594,"Plunkett's Investment & Securities Industry Almanac 2023: Investment & Securities Industry Market Research, Statistics, Trends and Leading Companies",Jack W. Plunkett,Paperback,by,
0,https://www.amazon.com/dp/1032315113,1032315113,Environmental Risk Modelling in Banking (Routledge International Studies in Money and Banking),Magdalena Ziolo,Kindle,by,
1,https://www.amazon.com/dp/1032282355,1032282355,"Crisis Management, Destination Recovery and Sustainability",James Kennell,Kindle,by,
0,https://www.amazon.com/dp/036767257X,036767257X,China's Foreign Investment Law in the New Normal,Shen Wei,Kindle,by,
2,https://www.amazon.com/dp/B0BR9DQPT5,B0BR9DQPT5,Common Sense Income Strategies: Approaches for Reaching Your Retirement Destination,Mark Falter,Paperback,by,
0,https://www.amazon.com/dp/1119889219,1119889219,"Ethics and Business: An Integrated Approach for Business and Personal Success, International Adaptation",Paul C. Godfrey,Kindle,by,
0,https://www.amazon.com/dp/1516598113,1516598113,From Data to Decision: A Handbook for the Modern Business Analyst,Marco Vriens,Hardcover,by,
0,https://www.amazon.com/dp/B0BRDGW548,B0BRDGW548,Meeting Notebook,Shagufta Nehar Shah,Paperback,by,
2,https://www.amazon.com/dp/B0BR9CB2N4,B0BR9CB2N4,Candlesticks Forex Trading Pattern: An Essential Candlestick Patterns For All Traders,Frank Luther,Kindle,by,
0,https://www.amazon.com/dp/620563001X,620563001X,The Impact of Innovative Strategies Through Digital Transformation,Ildikó-Csilla Takács,Paperback,by,
0,https://www.amazon.com/dp/6205541106,6205541106,Ownership Structure and Performance of Microfinance Institutions: Case of CEMAC,Félix NDZIE,Paperback,by,
0,https://www.amazon.com/dp/6205536587,6205536587,DETOXIFICATION OF CASSAVA FLOUR IN THE FIGHT AGAINST KONZO: DETOXIFICATION BY HUMIDIFICATION OF CASSAVA FLOUR IN THE FIGHT AGAINST KONZO IN THE DRC,Ignace BALOW'A,Paperback,by,
0,https://www.amazon.com/dp/6205535793,6205535793,Improving the efficiency of regional airports of the Russian Federation in the context of sanctions: Monograph,Vladimir Rublev,Paperback,by,
0,https://www.amazon.com/dp/6205535688,6205535688,Russian Airports in the Macroeconomic Crisis: Monograph,Vladimir Rublev,Paperback,by,
0,https://www.amazon.com/dp/6205534916,6205534916,THE SOCIO-ENVIRONMENTAL VALUE: Transportation Infrastructure Projects in Light of the Economic Management of the Environment,Martoncheles Borges Souza,Paperback,by,
0,https://www.amazon.com/dp/6205534843,6205534843,Parents and caregivers in early childhood: The role of parents in the integral development of children under 6 years of age and their influence on adults,Katia Lucia Alfaro Garcia,Paperback,by,
0,https://www.amazon.com/dp/6205424983,6205424983,Experiences and meanings of the work of the visually impaired person: A study from the perspective of the Theory of Work Psychology (TPT),Luciana Aparecida Beliomini,Paperback,by,
0,https://www.amazon.com/dp/6205421577,6205421577,DIGITAL MARKETING AS A TOOL FOR SELF-SERVICE STORES: The use of Apps,Nora Hilda González Durán,Paperback,by,
0,https://www.amazon.com/dp/6205421259,6205421259,The Route of Wild Animals in the Cochabamba Tropics: Hunting of wild animals affects Amazonian fauna,Diana Agreda Herbas,Paperback,by,
0,https://www.amazon.com/dp/6205421119,6205421119,Human talent management and job performance: Management of human talent and labor performance of employees of an educational institution.,Reylis Michel Estela Yomona,Paperback,by,
0,https://www.amazon.com/dp/6205415143,6205415143,"Nutritional and economic model of the school lunchbox in Guayaquil: In light of the eating habits of Guayaquil's households, it solves with examples a new nutritional model.",Johanna Povea,Paperback,by,
0,https://www.amazon.com/dp/6205414015,6205414015,TOPICS ON PUBLIC SAFETY IN THE STATE OF MEXICO: ANALYSIS OF POLICE OPERATIONS,Moisés Elizarrarás Hernández,Paperback,by,
0,https://www.amazon.com/dp/6205409720,6205409720,Local history in physical recreation for older adults.: Remedial traditions and the elderly,Pedro Mendoza,Paperback,by,
0,https://www.amazon.com/dp/6204153870,6204153870,INCLUSIVE LIFE INSURANCE: a challenge of innovation on the Congolese market,Lysias Yoane Mylandou Massengo,Paperback,by,
0,https://www.amazon.com/dp/3346794059,3346794059,International Financial Reporting Standards: An Empirical Study in India,Sonika Suman,Paperback,by,
0,https://www.amazon.com/dp/1387369709,1387369709,Side Hustle Business Planner for Small Businesses | Undated Journal and Business Tracker Pages | 6” X 9” | 154 Pages | Idea Pages | Budget Tracker | Social Media Tracker |,Kristine R.W. Graphics,Paperback,by,
0,https://www.amazon.com/dp/111998520X,111998520X,"Joint Ventures Involving Tax-Exempt Organizations, 2022 Cumulative Supplement",Michael I. Sanders,Paperback,by,
0,https://www.amazon.com/dp/111988909X,111988909X,"Strategic Management: Concepts and Cases, International Adaptation",Jeffrey H. Dyer,Paperback,by,
3,https://www.amazon.com/dp/1803681683,1803681683,Colour Your Own Stickers: Princess,Igloo Books,Paperback,by,
0,https://www.amazon.com/dp/1441340181,1441340181,Solar System Coloring Book!,Peter Pauper Press,Paperback,by,
2,https://www.amazon.com/dp/148467300X,148467300X,How Music Came to the World (Discover Graphics: Global Folktales),Jarred Lujan,Hardcover,|,
0,https://www.amazon.com/dp/1484671805,1484671805,Jalen on the Go (Jalen’s Big City Life) (Jalen’s Big City Life),Dorothy H. Price,Paperback,|,
0,https://www.amazon.com/dp/6205630427,6205630427,Cooperative Spectrum Sensing Based Cognitive Radio System: 5G Communications,A Sai Suneel,Paperback,by,
1,https://www.amazon.com/dp/3868597611,3868597611,Europan 16: Lebendige Städte / Living Cities: Ergebnisse / Results,Vesta Nele Zareh,Paperback,by,
0,https://www.amazon.com/dp/3030871878,3030871878,Recent Approaches in the Theory of Plates and Plate-Like Structures (Advanced Structured Materials),Holm Altenbach,Kindle,by,
3,https://www.amazon.com/dp/1032136014,1032136014,Parametric Methods for Beginners,Umut Toker,Kindle,by,
0,https://www.amazon.com/dp/0367769301,0367769301,Leveraging Technology as a Response to the COVID Pandemic (Intelligent Health Series),Harry Pappas,Kindle,by,
1,https://www.amazon.com/dp/113885171X,113885171X,The Architecture of the Facade,Randall Korman,Kindle,by,
0,https://www.amazon.com/dp/0367555379,0367555379,Design for Fragility: 13 Stories of Humanitarian Architects,Esther Charlesworth,Kindle,by,
0,https://www.amazon.com/dp/6205548917,6205548917,Cell phone: Opportunity to develop economic activities in N'dajamena,Tiguetna Esaïe Albassar,Paperback,by,
0,https://www.amazon.com/dp/6205547015,6205547015,Problems in the drying process of cotton: And the environmental importance of solar drying plants to eliminate them,Abduvali Majidov,Paperback,by,
0,https://www.amazon.com/dp/1630575666,1630575666,Certified SOLIDWORKS Professional Advanced Preparation Material (SOLIDWORKS 2023),Paul Tran,Paperback,by,
0,https://www.amazon.com/dp/6205630087,6205630087,Impact of Environment on The Human Body,Magdy Madany,Paperback,by,
0,https://www.amazon.com/dp/6205544415,6205544415,Perceptual video quality metrics: Development and evaluation of perceptual quality metrics for video sequences,Mohamed BEN AMOR,Paperback,by,
0,https://www.amazon.com/dp/6205544059,6205544059,Documentary research and brief design,Leila DEKKICHE Ep SALAH,Paperback,by,
0,https://www.amazon.com/dp/620552662X,620552662X,Investigating Energy Demand and Renewable Energy Strategies: Enhance Energy Policy and Sustainability in Kuwait,Hassan Al-Fadhli,Paperback,by,
3,https://www.amazon.com/dp/1484288831,1484288831,Building Enterprise IoT Solutions with Eclipse IoT Technologies: An Open Source Approach to Edge Computing,Frédéric Desbiens,Kindle,by,
1,https://www.amazon.com/dp/1774590875,1774590875,SolidWorks Simulation 2023 Black Book,Gaurav Verma,Hardcover,by,
1,https://www.amazon.com/dp/1788215117,1788215117,The Anthropocene: 101 Questions and Answers for Understanding the Human Impact on the Global Environment,B. L. Turner II,Kindle,by,
0,https://www.amazon.com/dp/1954081553,1954081553,Innovation in Practice (in Theory),Valeria Federighi,Paperback,by,
0,https://www.amazon.com/dp/1957183128,1957183128,Lunch 15: Thick,Ben Small,Paperback,by,
0,https://www.amazon.com/dp/B0BRLRS6VW,B0BRLRS6VW,"Vehicle Maintenance Log: Keep track of your fuel economy, maintenance, and repairs with this logbook that fits in your glovebox",GMP Press,Paperback,by,
0,https://www.amazon.com/dp/6205529769,6205529769,Pollution Monitoring System Using Raspberry Pi and PHP Web Server,A Sai Suneel,Paperback,by,
0,https://www.amazon.com/dp/6205529246,6205529246,Improving the energy performance of the building envelope: using phase change materials,Nouhaila Benachir,Paperback,by,
0,https://www.amazon.com/dp/6205529173,6205529173,SELECTED CHAPTERS ELECTRODYNAMICS ELECTRONICS AND RADIO ENGINEERING: Summary,Fedor Mende,Paperback,by,
0,https://www.amazon.com/dp/620552628X,620552628X,"Transportation Of Turkey: Infrastructure, transportation, investments, advancements",Mehmet Çağrı Kızıltaş,Paperback,by,
0,https://www.amazon.com/dp/3346798070,3346798070,Solar thermal energy as renewable energy,Anonymous,Paperback,by,
0,https://www.amazon.com/dp/3030871916,3030871916,Diagnosis and Management of Endocrine Disorders in Interventional Radiology,Hyeon Yu,Kindle,by,
0,https://www.amazon.com/dp/0367763737,0367763737,Debates in Design and Technology Education (Debates in Subject Teaching),Alison Hardy,Kindle,|,
1,https://www.amazon.com/dp/0367333163,0367333163,Introduction to Mechanical Engineering: Part 1,Michael Clifford,Kindle,by,
1,https://www.amazon.com/dp/0323886639,0323886639,Structural Mechanics and Design of Metal Pipes: A Systematic Approach for Onshore and Offshore Pipelines,Spyros A. A. Karamanos,Kindle,by,
0,https://www.amazon.com/dp/0367517639,0367517639,Music Production Cultures (Perspectives on Education in Audio & Music Production),Brendan Anthony,Kindle,by,
0,https://www.amazon.com/dp/6205529416,6205529416,Additive Manufacturing of Optically Transparent Glasses: Vol. I,Arish Dasan,Paperback,by,
0,https://www.amazon.com/dp/3346791238,3346791238,What distinguishes food insecurity in Dryland areas in Ethiopia from the highlands?,Hama Mamo Sagaro,Paperback,by,
0,https://www.amazon.com/dp/1032257652,1032257652,A History of Radioecology (Routledge Explorations in Environmental Studies),Patrick C. Kangas,Kindle,by,
1,https://www.amazon.com/dp/0128236795,0128236795,Anti-Aging Pharmacology,Vitaly Koltover,Kindle,by,
0,https://www.amazon.com/dp/9356783063,9356783063,Letters to a Young Housekeeper,Jane Prince,Kindle,by,
2,https://www.amazon.com/dp/9356786100,9356786100,Marion Harland's Complete Cook Book; A Practical and Exhaustive Manual of Cookery and Housekeeping,Marion Harland,Kindle,by,
5,https://www.amazon.com/dp/9356785333,9356785333,A New System of Sword Exercise for Infantry,Sir Richard Francis Burton,Kindle,by,
0,https://www.amazon.com/dp/9356785295,9356785295,New Tablecloths,American Thread Company,Kindle,by,
2,https://www.amazon.com/dp/935678521X,935678521X,New Royal Cook Book,Royal Baking Powder Company,Kindle,by,
0,https://www.amazon.com/dp/B0BR5DLYVM,B0BR5DLYVM,Vintage Mileage Log Book: Mileage Log Book for Taxes: Mileage & Gas Journal: Mileage Log For Work: Mileage Tracker For Business,Designs By Denise,Paperback,by,
0,https://www.amazon.com/dp/B0BR19TPW9,B0BR19TPW9,Drywaller By Day Really tired By night: This is an awesome journal with prompts to write in for every Drywaller. This Notebook would make the perfect ... Drywall Finisher & Drywall Laborer.,The Drywalling Enthusiasts,Paperback,by,
0,https://www.amazon.com/dp/9356785341,9356785341,A New System of Horsemanship,Claude Bourgelat,Kindle,by,
0,https://www.amazon.com/dp/9356784892,9356784892,"New York at the Louisiana Purchase Exposition, St. Louis 1904; Report of the New York State Commission",Delancey M Elli,Kindle,by,
0,https://www.amazon.com/dp/9356784809,9356784809,"The New York Subway, Its Construction and Equipment",Anonymous,Paperback,by,
0,https://www.amazon.com/dp/6205481103,6205481103,"Level of agricultural mechanization in the parish of Rosa Zárate, Quinindé.: Tool to promote agricultural development in Quinindé, Esmeradas, Ecuador",Manuel Moreira,Paperback,by,
0,https://www.amazon.com/dp/3030853411,3030853411,"Shipboard Literary Cultures: Reading, Writing, and Performing at Sea (Maritime Literature and Culture)",Susann Liebich,Kindle,|,
3,https://www.amazon.com/dp/3030830721,3030830721,Applying Predictive Analytics: Finding Value in Data,Richard V. McCarthy,Kindle,by,
0,https://www.amazon.com/dp/9811991944,9811991944,"Methods and Applications for Modeling and Simulation of Complex Systems: 21st Asia Simulation Conference, AsiaSim 2022, Changsha, China, December ... in Computer and Information Science)",Wenhui Fan,Kindle,by,
0,https://www.amazon.com/dp/9811687579,9811687579,"Polymer-Based Advanced Functional Materials for Energy and Environmental Applications (Energy, Environment, and Sustainability)",Nithin Kundachira Subramani,Kindle,|,
0,https://www.amazon.com/dp/9811684162,9811684162,"Potential and Challenges of Low Carbon Fuels for Sustainable Transport (Energy, Environment, and Sustainability)",Avinash Kumar Agarwal,Kindle,|,
0,https://www.amazon.com/dp/9811638934,9811638934,Agritech: Innovative Agriculture Using Microwaves and Plasmas: Thermal and Non-Thermal Processing,Satoshi Horikoshi,Kindle,by,
