Total Reviews,Product Url,ASIN,Title,Author,Format,Publication Date,Publisher
1,https://www.amazon.com/dp/B0DS62JRBX,B0DS62JRBX,"Sign Up Log Book: Event Registration: Record Email List (Mailing) | Grow your Audiance & Leads: Collect Visitors & Attendees Contact Details: Names, Email Addresses & Phone Numbers | Organizer",FinInsight Publishing,Paperback,"Dec 31, 2024",
2,https://www.amazon.com/dp/1398618349,1398618349,Growth Marketing Strategy: Drive Profits and Sustained Business Growth,Rose Jia,Kindle,"Dec 31, 2024",
0,https://www.amazon.com/dp/B0DS7YK6D3,B0DS7YK6D3,"Beach-Themed Visitor Guest Book: Place in Your AirBnB, VRBO, Vacation Rental or Guest House | 8.25 x 8.25"" | 111 Guest Pages | Capture Memories, Recommendations and Feedback with Ratings",FiveSails Publishing,Paperback,"Dec 31, 2024",
0,https://www.amazon.com/dp/B0DSC2SRL8,B0DSC2SRL8,The Hidden Goldmine in Your Auto Repair Shop,Jason Stretch,Kindle,"Dec 30, 2024",
3,https://www.amazon.com/dp/B0DRZJF8YM,B0DRZJF8YM,Marketing That Matters - The Entrepreneur's Guide to Growth and Success,Corey  T Holman,Paperback,"Dec 30, 2024",
0,https://www.amazon.com/dp/B0DRXTSKVJ,B0DRXTSKVJ,"Employees I'm Thinking About A Party: Employee notebook organize ideas, Funny Employee Gifts, Blank Lined Journal, Blank Lined Paper Notebook 6x9, Soft Cover, 110 Pages.",Medyox Medy,Paperback,"Dec 28, 2024",
2,https://www.amazon.com/dp/1962694607,1962694607,Practical Psychology For Success Respect Between Employer And Employee: 12 Days To Master Workplace Psychology: Build Stronger Professional ... Relationships (Psychology: Leadership Series),Dr. Belinda Liau,Paperback,"Dec 26, 2024",
0,https://www.amazon.com/dp/B0DRPNCDH1,B0DRPNCDH1,Receptionist Word Search: Puzzle Book Featuring Theme of Reception Terminology,Rongh Studio,Paperback,"Dec 25, 2024",
0,https://www.amazon.com/dp/B0DRNSYF1B,B0DRNSYF1B,"Cahier Journal, Notebook, Moleskine, Pocket (6"" x 9"") Dotted 140 Pages",Belaidi,Paperback,"Dec 24, 2024",
0,https://www.amazon.com/dp/B0DRJ5H4YS,B0DRJ5H4YS,"AI FOR SMALL BUSINESSES: Strategies to Automate, Scale and Innovate",Merite,Kindle,"Dec 23, 2024",
0,https://www.amazon.com/dp/303148794X,303148794X,Artificial Intelligence along the Customer Journey: A Customer Experience Perspective,Ada Maria Barone,Kindle,"Dec 21, 2024",
0,https://www.amazon.com/dp/B0DRJHZCYZ,B0DRJHZCYZ,"Marketing Skills Notebook: A Journal for Developing, Enhancing, and Mastering Your Marketing Expertise with Ease (6x9 Size with Quotes)",Harmony HR Press,Paperback,"Dec 20, 2024",
0,https://www.amazon.com/dp/B0DRSZM9NY,B0DRSZM9NY,Gold Marble Elegant Planner 2025,Liz Sondra,Paperback,"Dec 19, 2024",
0,https://www.amazon.com/dp/B0DQYL3W2V,B0DQYL3W2V,Always On: Seamless Support Around the Clock,Jayashankar Lingaiah,Kindle,"Dec 19, 2024",
1,https://www.amazon.com/dp/9391970567,9391970567,Are You Doing it Right: Customer Retention is What Matters,Sujit Sengupta,Kindle,"Dec 19, 2024",
3,https://www.amazon.com/dp/B0DQVX928B,B0DQVX928B,Like you don't give a sh*t: The No-Nonsense Guide to Sales,Joe Harris,Kindle,"Dec 17, 2024",
1,https://www.amazon.com/dp/B0DQV4XK1T,B0DQV4XK1T,AI Voice Solutions for Small Businesses - A Practical Guide: A Step-by-Step Guide to Automating Your Small Business with AI Voice Solutions,Raymond Boodhoo,Paperback,"Dec 17, 2024",
0,https://www.amazon.com/dp/B0DQJR8QWT,B0DQJR8QWT,"CRM in the Digital Age: ""Leveraging Technology to Build Strong Customer Relationships, Drive Loyalty, and Achieve Business Growth in the Era of AI, Big Data, and Digital Transformation",JAI SAN,Kindle,"Dec 15, 2024",
0,https://www.amazon.com/dp/B0DQWJZWWB,B0DQWJZWWB,"Handyman Job Record Book: Keep Track of Every Task, Client, and Payment with This Handy Record Book for Handyman Professionals!",Jaxon Reed,Paperback,"Dec 15, 2024",
0,https://www.amazon.com/dp/B0DRGXJ72S,B0DRGXJ72S,"Great Fortune in the Year of the Snake, Weekly Planner: Glide through 2025 with strategy, wisdom and weekly goals!",Federico Delgado,Paperback,"Dec 14, 2024",
0,https://www.amazon.com/dp/B0DQV8QBSF,B0DQV8QBSF,The Year of the Snake Weekly Planner: Move with purpose and shed distractions in the Year of the Snake!,Federico Delgado,Paperback,"Dec 14, 2024",
0,https://www.amazon.com/dp/B0DQV5BZHZ,B0DQV5BZHZ,The Year of the Snake Weekly Planner: Strike out procrastination and slither into a productive year!,Federico Delgado,Paperback,"Dec 14, 2024",
0,https://www.amazon.com/dp/B0DQHDJM8S,B0DQHDJM8S,Flash Sale Formula: Step-by-Step Playbook for Running Profitable eCommerce Flash Sales via Email Marketing,Becc Lee,Kindle,"Dec 14, 2024",
0,https://www.amazon.com/dp/B0DRGYLLKN,B0DRGYLLKN,"Great Fortune in the Year of the Snake, Weekly Planner: Shed Procrastination and slither into a productive 2025!",Federico Delgado,Paperback,"Dec 13, 2024",
0,https://www.amazon.com/dp/B0DRGVLHQD,B0DRGVLHQD,"Great Fortune in the Year of the Snake, Weekly Planner: Plan smart and strike your goals - It's the Year of the Snake!",Federico Delgado,Paperback,"Dec 13, 2024",
0,https://www.amazon.com/dp/B0DQNSL1G4,B0DQNSL1G4,Lost and Found Log Book: Lost Property & Item Tracker | Hotels - Schools - Hospitality Venues | 110 Pages,FinInsight Publishing,Paperback,"Dec 12, 2024",
0,https://www.amazon.com/dp/B0DQLGFZYC,B0DQLGFZYC,"Reseller Planner to Help You Track Daily Sales, Organize Inventory, and Grow Your Business",Aran Shibata,Paperback,"Dec 12, 2024",
0,https://www.amazon.com/dp/B0DR6XPCDW,B0DR6XPCDW,"Prosperous Year of the Snake, Weekly Planner: Stay sharp, stay agile, and seize every opportunity in the Year of the Snake!",Federico Delgado,Paperback,"Dec 12, 2024",
0,https://www.amazon.com/dp/B0DQPYRKW4,B0DQPYRKW4,"Room Reservation Sign-up Log Book: Effortlessly track and organize room reservations with this streamlined logbook, perfect for maintaining clear booking records.",Tafrite Touder,Paperback,"Dec 12, 2024",
0,https://www.amazon.com/dp/B0DQLQK3WM,B0DQLQK3WM,"The Chinese Snake Year Weekly Planner: Shed old habits and slither into a productive, goal-crushing year!",Federico Delgado,Paperback,"Dec 12, 2024",
1,https://www.amazon.com/dp/B0DPN3NTZN,B0DPN3NTZN,Player 360: Elevate Player Engagement!: Reimagine Your Casino with Data-Driven Insights,Sanjiv Goyal,Paperback,"Dec 10, 2024",
0,https://www.amazon.com/dp/B0DQHGNCZV,B0DQHGNCZV,"Sales Skills Notebook: A Notebook for Learning, Growing, and Updating Your Sales Knowledge Effortlessly (6x9 Size with Quotes)",Harmony HR Press,Paperback,"Dec 10, 2024",
0,https://www.amazon.com/dp/B0DQH9ZTBL,B0DQH9ZTBL,Things I Want to Say Out Loud But Can't: Funny Notebook for Meeting Notes Taking,Work Fever Publishing,Paperback,"Dec 9, 2024",
0,https://www.amazon.com/dp/B0DPXN8B7X,B0DPXN8B7X,From Service to Success: Unlocking the Power of Customer Focus: How Exceptional Service Drives Business Growth and Customer Loyalty,Marina Coldwell,Paperback,"Dec 9, 2024",
0,https://www.amazon.com/dp/B0DPVLJZ1N,B0DPVLJZ1N,"The CRM Handbook: A Comprehensive Guide to Building Customer Relationships: A Comprehensive Handbook to Mastering CRM Strategies, Building Strong ... Driving Business Growth in the Digital Era",JAI SAN,Kindle,"Dec 8, 2024",
0,https://www.amazon.com/dp/B0DQB96963,B0DQB96963,"Hair Stylist Income Tracker: Effortlessly track income with this hairdresser's log. Record payments, services, and tips to stay organized and manage finances.",Tafrite Touder,Paperback,"Dec 8, 2024",
0,https://www.amazon.com/dp/B0DQDQWXW9,B0DQDQWXW9,2025 Weekly Planner: Let be Planning and Organization your superpowers for 2025!,Federico Delgado,Paperback,"Dec 8, 2024",
0,https://www.amazon.com/dp/B0DQCW5NCD,B0DQCW5NCD,2025 Weekly Planner: Your weekly sidekick for crushing goals and staying balanced!,Federico Delgado,Paperback,"Dec 8, 2024",
0,https://www.amazon.com/dp/B0DQCV14ZV,B0DQCV14ZV,"2025 Weekly Planner: Plan your week, own your goals and conquer 2025!",Federico Delgado,Paperback,"Dec 8, 2024",
0,https://www.amazon.com/dp/B0DPVKX6NS,B0DPVKX6NS,"CRM and SRM Mastery : A Guide for Industry Professionals: A Comprehensive Guide to Strategies, Tools, and Best Practices for Building Long-Lasting, Sustainable, and Profitable Partnerships in Business",JAI SAN,Kindle,"Dec 8, 2024",
0,https://www.amazon.com/dp/B0DQ65XQ3M,B0DQ65XQ3M,"2025 Weekly Planner: “Slay your week, one task at a time—2025 is yours!”",Federico Delgado,Paperback,"Dec 7, 2024",
0,https://www.amazon.com/dp/B0DQ65CVGS,B0DQ65CVGS,"2025 Weekly Planner: “Plan, reflect, and conquer 2025 like a total boss!”",Federico Delgado,Paperback,"Dec 7, 2024",
0,https://www.amazon.com/dp/B0DQ5ZNM6W,B0DQ5ZNM6W,2025 Weekly Planner: “Because your goals deserve more than sticky notes!”,Federico Delgado,Paperback,"Dec 7, 2024",
0,https://www.amazon.com/dp/B0DPVHFF7V,B0DPVHFF7V,More-On Customer Service: Common Sense Reminders on How to Keep Customers Coming Back Again and Again,Mike Marchev,Paperback,"Dec 7, 2024",
0,https://www.amazon.com/dp/B0DPTZ7YV6,B0DPTZ7YV6,The Engagement Factor: How to Keep Your Customers Coming Back with Consistent Engagement,Marina Coldwell,Paperback,"Dec 7, 2024",
0,https://www.amazon.com/dp/B0DPTXYFT8,B0DPTXYFT8,Customer Compass: Guiding Your Business Toward Customer-Centric Success,Marina Coldwell,Paperback,"Dec 7, 2024",
0,https://www.amazon.com/dp/B0DPTXKK4H,B0DPTXKK4H,Customer First: How Prioritizing Customers Can Transform Your Business Success,Marina Coldwell,Paperback,"Dec 7, 2024",
5,https://www.amazon.com/dp/B0DPVTGMKR,B0DPVTGMKR,R.A.V.E.: How to Respect and Value Everyone!—A Journey of Life Lessons From Disney and Beyond,Chuck Salvo,Kindle,"Dec 6, 2024",
0,https://www.amazon.com/dp/B0DQ4Q9DC8,B0DQ4Q9DC8,I'm Just Sayin': Volume 2,Mike Marchev,Kindle,"Dec 6, 2024",
0,https://www.amazon.com/dp/B0DPR8CD61,B0DPR8CD61,Winning with Customer Experience: The Secret to Building Relationships That Keep Customers Coming Back,Marina Coldwell,Paperback,"Dec 6, 2024",
0,https://www.amazon.com/dp/B0DPR78HGQ,B0DPR78HGQ,"Mastering Business Customer Relationships: Strategies for Creating Meaningful, Value-Driven Relationships with Clients",Marina Coldwell,Paperback,"Dec 6, 2024",
0,https://www.amazon.com/dp/B0DPNGCQ1Z,B0DPNGCQ1Z,The Heart of Customer Service in Childcare: The Art of Serving Well,Frances Davis,Paperback,"Dec 5, 2024",
0,https://www.amazon.com/dp/B0DT3SY12R,B0DT3SY12R,2025-2026 Monthly Planner: 8.5” x 11” 100+ Pages,Helen Bosco,Paperback,"Dec 5, 2024",
0,https://www.amazon.com/dp/B0DRLC4PKX,B0DRLC4PKX,"Nail Technician Client Record Book: Detailed Customer Management Organizer Logbook (100 profiles) 7""×10"" Premium floral design cover",Jini Sung,Paperback,"Dec 5, 2024",
0,https://www.amazon.com/dp/B0DPXV23DQ,B0DPXV23DQ,"100 Questions to understand your customers' needs: With an introspective approach, discover practical and profound tools to better understand your ... their needs authentically and meaningfully.",Wellington Hammerfield,Hardcover,"Dec 5, 2024",
0,https://www.amazon.com/dp/B0DPVHB7DL,B0DPVHB7DL,Nail Tech Appointment Book: Undated Weekly Hourly Nail Salon Appointment Schedule planner/ client profile tracking,Jini Sung,Paperback,"Dec 4, 2024",
0,https://www.amazon.com/dp/B0DPTX1B82,B0DPTX1B82,This Easy-to-Use Reseller Planner for Tracking Daily Operations,Hikaru Watanabe,Paperback,"Dec 3, 2024",
0,https://www.amazon.com/dp/B0DPPFSFNT,B0DPPFSFNT,Bridging The Customer Gap,Richard Fischer OLSON,Kindle,"Dec 3, 2024",
0,https://www.amazon.com/dp/B0DPV1BC9J,B0DPV1BC9J,"Reseller Planner to Help You Stay Organized, Maximize Sales, and Manage Inventory Effortlessly",Moe Maeda,Paperback,"Dec 3, 2024",
0,https://www.amazon.com/dp/B0DPN1RW9G,B0DPN1RW9G,"Attracting More Customers: The Ultimate Blueprint for Business Growth""",Elias Azar,Kindle,"Dec 3, 2024",
0,https://www.amazon.com/dp/B0DPLCPM78,B0DPLCPM78,Instagram Guide: How to Build a Successful Astrology Blog on Instagram: Starting a Social Media Business,Helen Maslava,Paperback,"Dec 3, 2024",
0,https://www.amazon.com/dp/B0DPMW1MR7,B0DPMW1MR7,"Corporate Visitor Log Book: Business Sign In/Out Register Including Pass Number Column For 1000 Visitors [With Name, Phone Number/Email, Company ... Cover Book Makes Tracking Office Guests Easy",Trendy Visitor Designs,Paperback,"Dec 1, 2024",
0,https://www.amazon.com/dp/B0DPMRMFHT,B0DPMRMFHT,"Corporate Visitor Log Book: Business Sign In/Out Register Including Pass Number Column For 1000 Visitors [With Name, Phone Number/Email, Company ... Cover Book Makes Tracking Office Guests Easy",Trendy Visitor Designs,Paperback,"Dec 1, 2024",
1,https://www.amazon.com/dp/B0DS8GQYH2,B0DS8GQYH2,Workout Log Book,C Cosper,Paperback,"Dec 31, 2024",
1,https://www.amazon.com/dp/B0DS62SMKN,B0DS62SMKN,The 100 Acre Wood Adventure Journal,Rique JayCo,Paperback,"Dec 31, 2024",
0,https://www.amazon.com/dp/B0DS5V54KT,B0DS5V54KT,"In The Morning When I Rise, Words of Affirmation and The Power They Hold Meditation Journal",Kesha Postell Gibson,Paperback,"Dec 31, 2024",
0,https://www.amazon.com/dp/B0DS7S1XW3,B0DS7S1XW3,"Cambodia Notebook: The Classic One of a Kind, Blank Notebook: Inspirational Notebook-Journal, Blank Book to Write In",Landscape Notebooks,Paperback,"Dec 31, 2024",
4,https://www.amazon.com/dp/B0DS5R3XDK,B0DS5R3XDK,"The Leadership Conquest: 365 Days to Elevate Your Mindset, Master Your Leadership, and Transform Your Impact",Chris Atwell,Hardcover,"Dec 31, 2024",
0,https://www.amazon.com/dp/B0DSTSMT3T,B0DSTSMT3T,The Pickleball Pickle: Bold & Easy For Kids & Adults,Hielo Calore,Paperback,"Dec 31, 2024",
3,https://www.amazon.com/dp/B0DSC16XZ7,B0DSC16XZ7,"Gratitude Journal: Cultivate Positivity, Mindfulness, and Joy in Everyday Life.",Mrs. Kimberly Rodriguez,Paperback,"Dec 31, 2024",
0,https://www.amazon.com/dp/B0DS8GTKSN,B0DS8GTKSN,Serenity Reflections: A Guided Journal for Al-Anon Journeys,M Cantwell,Paperback,"Dec 31, 2024",
2,https://www.amazon.com/dp/B0F1N4MX2D,B0F1N4MX2D,"Fearfully, Wonderfully, Authentically Me!",Tarry Little,Kindle,"Dec 31, 2024",
3,https://www.amazon.com/dp/B0DSJM5LPH,B0DSJM5LPH,Guided Vision Planning Workbook,Donnamarie Hall,Paperback,"Dec 31, 2024",
0,https://www.amazon.com/dp/B0DS7VVVLT,B0DS7VVVLT,French Riviera - Travel Journal: Experience the glamour of luxury cars and breathtaking coastal views with this elegant notebook,Frédéric Legrand,Paperback,"Dec 31, 2024",
0,https://www.amazon.com/dp/B0DS7TRRQF,B0DS7TRRQF,French Riviera - Travel Journal: Escape to serene beaches and azure waters with this inspiring notebook,Frédéric Legrand,Paperback,"Dec 31, 2024",
2,https://www.amazon.com/dp/B0DS7SYFP7,B0DS7SYFP7,90 Days To Freedom: A Guided Recovery Journal for Breaking Free from Addiction,Gia P.,Hardcover,"Dec 31, 2024",
0,https://www.amazon.com/dp/B0DSJDJSB3,B0DSJDJSB3,The 6 Step Concentration Method Story Journal: Transform Your Mindset with Proven Concentration Techniques,Tee  Lee Jones,Paperback,"Dec 31, 2024",
0,https://www.amazon.com/dp/B0DS7MXM84,B0DS7MXM84,2025 Weekly Planner for Writers with Daily Word Count Tracker: At a Glance Weekly Organizer for Authors with Writing Time & Wordcount Goals,Penny Wise Press,Paperback,"Dec 31, 2024",
0,https://www.amazon.com/dp/B0GVJB46PH,B0GVJB46PH,"Your Brain is not Broken: Why Anxiety, Overthinking, And Emotional Exhaustion Are Survival Responses (The Survival Brain Series)","Alina Smith, PMHNP-C",Paperback,"Mar 30, 2026",
2,https://www.amazon.com/dp/B0DS7WYK3V,B0DS7WYK3V,369 Manifestation Journal: Harness The Energy Of Law Of Attraction And The Universe For Men And Women: Achieve Your Life Desires with the 369 Method ... Enjoy 100 Pages Of Daily Affirmations Writing,Boho Publishing LLC,Hardcover,"Dec 31, 2024",
0,https://www.amazon.com/dp/B0DS8GVPN3,B0DS8GVPN3,"Word of the Year: Professional, Personal, and Physical Goals Journal for 2025",Chelsey Schultz,Paperback,"Dec 31, 2024",
1,https://www.amazon.com/dp/B0DS61DWYC,B0DS61DWYC,The Diary of A Brilliant Woman,Dr. Angela L Hood,Paperback,"Dec 31, 2024",
0,https://www.amazon.com/dp/B0DS9MTVNP,B0DS9MTVNP,My Weekly Music Journal,Sarah Jane Bonsignore,Paperback,"Dec 31, 2024",
1,https://www.amazon.com/dp/B0DS63PDQT,B0DS63PDQT,Beautiful Me: Embrace Your Uniqueness,Monique Anderson,Paperback,"Dec 31, 2024",
1,https://www.amazon.com/dp/B0DS631P9C,B0DS631P9C,"2025-2026 Pocket Planner for Women – | 4x6 Purse-Sized Calendar with Floral Cover, Small 2-Year Monthly Calendar with Notes, Password Tracker, Important Dates, and Yearly Overview, Purse or Bag size",Dani Songer,Paperback,"Dec 31, 2024",
0,https://www.amazon.com/dp/B0DSBSFMFW,B0DSBSFMFW,"The Builder's Manual: 5 Keys to Unlocking Your God-given Assignment: Building Beyond Limits: Faith, Purpose, and Legacy",Tameria Weaver,Paperback,"Dec 31, 2024",
0,https://www.amazon.com/dp/B0DS635H1K,B0DS635H1K,"What You Imagine, You Become: Visionboarding Journal",Kim Kay,Paperback,"Dec 31, 2024",
0,https://www.amazon.com/dp/B0DS8L2RYC,B0DS8L2RYC,"365 Days of Possibilities: Your Plan, Your Path: 12 Fillable Daily/Weekly/Monthly Planner | Birthday Planner| Personal/Work Schedule| Daily Journal| ... Adult Book| 8.5 X 11 inches, 200 + pages",Brigette Disla,Paperback,"Dec 31, 2024",
2,https://www.amazon.com/dp/B0DS5Z888H,B0DS5Z888H,Just Five,Maritza Bryan,Paperback,"Dec 31, 2024",
0,https://www.amazon.com/dp/B0DS647B71,B0DS647B71,"Inspirational Writing Notebook, Psalm 126, Blue, Gifts, Women, Prayer Journal, Notes,130 lined pages, Size 8.5x11: Diary, Christian,Teen, Mom, ... Paper, Scripture, Devotional, Art, Self Help",Royal Diadem,Paperback,"Dec 31, 2024",
0,https://www.amazon.com/dp/B0DS77PDLK,B0DS77PDLK,"High, Low, Hmmm: The Simplest Daily Journal in the World",Bright Page Press,Paperback,"Dec 31, 2024",
0,https://www.amazon.com/dp/B0DSC6D31D,B0DSC6D31D,"Reflect, Grow, and Succeed: A business owner’s journal with daily journal prompts",Alexis Danielle,Paperback,"Dec 31, 2024",
3,https://www.amazon.com/dp/B0DS7CNNG8,B0DS7CNNG8,Content Planner,Mary Celeste Ervin,Paperback,"Dec 31, 2024",
1,https://www.amazon.com/dp/B0DS5X4WNC,B0DS5X4WNC,Day of The Dead - Journal 200 pages,Kadric Publishing,Paperback,"Dec 31, 2024",
0,https://www.amazon.com/dp/B0FY55FDMM,B0FY55FDMM,Radiant Reflections: A journal of inspiration and grace.,Barry A Derrick,Paperback,"Dec 31, 2024",
0,https://www.amazon.com/dp/B0FXF7TPQ8,B0FXF7TPQ8,The Money Playbook: Mastering Credit at 16 to Become a Millionaire by 20,Darvia Danielle,Paperback,"Dec 31, 2024",
2,https://www.amazon.com/dp/B0DS9SZHMM,B0DS9SZHMM,"LIVING FULLY: 30 DAYS, 30 STEPS: A Journey of 30 Simple Steps to a Fulfilling and Happy Life",KISHORE KARVE,Kindle,"Dec 31, 2024",
0,https://www.amazon.com/dp/B0DS63QRRS,B0DS63QRRS,ACCOUNTIBILITY JOURNAL FOR WOMEN,ELENORA MOUPHOUET,Hardcover,"Dec 31, 2024",
0,https://www.amazon.com/dp/B0DS7TQ1MZ,B0DS7TQ1MZ,ReDiscover Yourself and The Life You Desire: An Interactive Journal,Rubye  A. Dunn,Paperback,"Dec 31, 2024",
0,https://www.amazon.com/dp/B0DS9T4H2Q,B0DS9T4H2Q,Courageous Hearts Workbook: Navigating Breast Cancer with Faith,DivineDestiny Solutions,Paperback,"Dec 31, 2024",
0,https://www.amazon.com/dp/B0DS65JF84,B0DS65JF84,"""Gemini 2025 Moon & Astrology Planner: Harness the Power of the Stars and Moon Phases"": ""145-Page Astrological Guide with Monthly and Weekly ... Habit Trackers, and More for Gemini Energy""",Eve Crescent,Paperback,"Dec 31, 2024",
1,https://www.amazon.com/dp/B0DS632G6P,B0DS632G6P,The Great Balloon Adventure: Winnie the Pooh & Friends,Rique JayCo,Paperback,"Dec 31, 2024",
0,https://www.amazon.com/dp/B0DS8CSKPT,B0DS8CSKPT,Maui Travel Journal: Lined Notebook Diary. Capturing Moments from Around the Globe,Travel Muses,Paperback,"Dec 31, 2024",
5,https://www.amazon.com/dp/B0DS652VYZ,B0DS652VYZ,"Passive Income Made Simple: A Short Guide to Transform Your Mindset, Create a Flexible Lifestyle and Gain Financial Freedom",Mr Robert A Hallas,Kindle,"Dec 31, 2024",
0,https://www.amazon.com/dp/B0DS425KQK,B0DS425KQK,How To Evolve: The Blueprint For Perfect Health,Jordan Vidal,Hardcover,"Dec 31, 2024",
1,https://www.amazon.com/dp/B0DSKKW27L,B0DSKKW27L,Gratitude for Growth Journal,B. S. L,Paperback,"Dec 31, 2024",
1,https://www.amazon.com/dp/B0DS97ZBVT,B0DS97ZBVT,Whiskey and the Autumn Wind,Richard White,Paperback,"Dec 31, 2024",
2,https://www.amazon.com/dp/B0DVT67JNZ,B0DVT67JNZ,"WEALTHY MIND, HEALTHY BODY: How Childhood habits shape emotional health and the hidden link between overeating and depression",Pekeetia Levering,Kindle,"Dec 31, 2024",
0,https://www.amazon.com/dp/B0DS9PWR9B,B0DS9PWR9B,The Ultimate Child Custody Trial Prep Workbook,Kim Kollmeyer,Hardcover,"Dec 31, 2024",
2,https://www.amazon.com/dp/B0DS84H645,B0DS84H645,The Freedom of Forgiveness: A Heart Transformed: 30 Day Journal,Tiffany L. Pearson,Hardcover,"Dec 31, 2024",
1,https://www.amazon.com/dp/B0DS7T9TFC,B0DS7T9TFC,"Affirmations Journal Book, Sunflower: Made with love, By Natasha Lentner",Natasha Lentner,Hardcover,"Dec 31, 2024",
1,https://www.amazon.com/dp/B0DS7SY7GK,B0DS7SY7GK,Bean To Being: The Intentional Act of Being 2025 Weekly Planner and Journal,Lucy Damiani,Hardcover,"Dec 31, 2024",
0,https://www.amazon.com/dp/B0G4CSWM5R,B0G4CSWM5R,"New Year, New Me: 365 Days of Growth",Harlean Kaur,Hardcover,"Dec 31, 2024",
0,https://www.amazon.com/dp/B0DZFY6X23,B0DZFY6X23,2025 Personal Diary: Organize your year,Gurnaaz Kaur,Paperback,"Dec 31, 2024",
0,https://www.amazon.com/dp/B0DZFVHVC9,B0DZFVHVC9,"Bullet Journal: ""Your Life, Organized: A Space for Plans, Dreams, and Growth""",Gurnaaz Kaur,Paperback,"Dec 31, 2024",
1,https://www.amazon.com/dp/B0DXQ1FNKQ,B0DXQ1FNKQ,"EmpowerQuest - Brave Hearts, Strong Minds: Mastering Emotions and Life Challenges: Book 2 (EmpowerQuest: A Journey to Unleashing Your Extraordinary)",Jessica Wernett,Kindle,"Dec 31, 2024",
1,https://www.amazon.com/dp/B0DVGJH94X,B0DVGJH94X,Discovering You Journal,Tim Boatwright Johnson,Paperback,"Dec 31, 2024",
0,https://www.amazon.com/dp/B0DVG7YKWL,B0DVG7YKWL,RELAX AND ENJOY THE VIEW: MINDFUL REFLECTIONS JOURNAL,Kinitra L Epps,Paperback,"Dec 31, 2024",
0,https://www.amazon.com/dp/B0DTTLK782,B0DTTLK782,My Journey to Self-Love: The Journal That Puts You First,Brittany Foster,Paperback,"Dec 31, 2024",
1,https://www.amazon.com/dp/B0DTMG8S2Y,B0DTMG8S2Y,Hustle With Purpose,Darien M Adair,Paperback,"Dec 31, 2024",
0,https://www.amazon.com/dp/B0DTHYL7D3,B0DTHYL7D3,Glamorous Camping Coloring Activity Book,Nadiyah Minor,Paperback,"Dec 31, 2024",
0,https://www.amazon.com/dp/B0DTHSSM4K,B0DTHSSM4K,75 days edition : daily planner: become your best form,Insurgent group,Paperback,"Dec 31, 2024",
0,https://www.amazon.com/dp/B0DTHM2JZ7,B0DTHM2JZ7,Anti Anxiety Mindfulness Journal,Ms Ana Sobers,Paperback,"Dec 31, 2024",
0,https://www.amazon.com/dp/B0DTF8FN2P,B0DTF8FN2P,No Strings Attached: Weekly Gratitude Journal,Ashley Cody,Kindle,"Dec 31, 2024",
0,https://www.amazon.com/dp/B0DT9BY8GS,B0DT9BY8GS,Peace and Love Affirmations: Easy Mandala Coloring Book for Adults: Relax and Empower Your Mind with Positive Words and Inspiring Designs,Luna Bright Illustrations,Paperback,"Dec 31, 2024",
1,https://www.amazon.com/dp/B0G6D5KFCW,B0G6D5KFCW,How to Become the Person You Want to Be: A Practical Guide to Identity Shifting and Personal Reinvention (SELF-ESTEEM & SELF-IMAGE),Debra Elaine Cooper,Paperback,"Dec 10, 2025",
0,https://www.amazon.com/dp/B0DSZ3MQ6N,B0DSZ3MQ6N,Book of Misconceptions,MISS BELLA,Kindle,"Dec 31, 2024",
0,https://www.amazon.com/dp/B0DSWL51BQ,B0DSWL51BQ,The Glimmer Journal: Quick Jots of Joy for a better Mindset.,Joy Fullness,Hardcover,"Dec 31, 2024",
0,https://www.amazon.com/dp/B0DSW2M9GB,B0DSW2M9GB,"Everyday Journal | Size: 6 x 9 | Theme: Inspiration | 120 pages | Blank pages | Paperback: Discover yourself, one page at a time",Akshayjit S Narula,Paperback,"Dec 31, 2024",
0,https://www.amazon.com/dp/B0DSTYLXKM,B0DSTYLXKM,"Crazy Cat Lover Journal : 8.5"" x 11"", 100 Page Notebook: A whimsical, amusing lined blank writing book for a feline enjoyer",Blackthorne,Paperback,"Dec 31, 2024",
0,https://www.amazon.com/dp/B0DSTPL5G6,B0DSTPL5G6,The Joyful Business Journal,Rachael Bodie,Paperback,"Dec 31, 2024",
0,https://www.amazon.com/dp/B0DST93H59,B0DST93H59,notebook with planner: multi-tasker,Ms. Zinneerah H Hawwa,Paperback,"Dec 31, 2024",
0,https://www.amazon.com/dp/B0DST64Q6S,B0DST64Q6S,The 369 Method-Writer Manifestation Journal,Vanessa Chica Ferreira,Paperback,"Dec 31, 2024",
0,https://www.amazon.com/dp/B0DST5J1TY,B0DST5J1TY,Fungi Fuckery: A Stress Relieving Coloring Book Filled with Whimsical Mushrooms,Ben Caldwell,Paperback,"Dec 31, 2024",
0,https://www.amazon.com/dp/B0DSSYCN5X,B0DSSYCN5X,Take Heed Mandalas Adult Coloring Pages,Jona Alicia Hall,Paperback,"Dec 31, 2024",
0,https://www.amazon.com/dp/B0DSSM9W2Z,B0DSSM9W2Z,Brainstorms Notebook: Colourful blank lined notebook,Fairylight Press,Paperback,"Dec 31, 2024",
0,https://www.amazon.com/dp/B0DSPVVCSD,B0DSPVVCSD,2025 Monthly Goals,Erin Meagher-Smith,Paperback,"Dec 31, 2024",
0,https://www.amazon.com/dp/B0DSPJ3XDW,B0DSPJ3XDW,"PLANS I INTENT TO CANCEL AT THE LAST MINUTE: Your Complete Organizer with Weekly To-Do Lists, Bill & Birthday Reminders, and a Full 2025 Calendar",Jatin Chugh,Paperback,"Dec 31, 2024",
0,https://www.amazon.com/dp/B0DSLS5VTR,B0DSLS5VTR,"Regular Journal A New Year, A New Me: 365 Days of Transformation",Harlean Kaur,Hardcover,"Dec 31, 2024",
0,https://www.amazon.com/dp/B0DSLKN8R5,B0DSLKN8R5,Attitude not Altitude Journal: Attitude not Aptitude determines your Altitude,Jessica Stewart,Hardcover,"Dec 31, 2024",
0,https://www.amazon.com/dp/B0DSLHK7F8,B0DSLHK7F8,"Agenda 2025: Organize your life, feed your soul: The perfect planner for creatives",Maury Guerrero,Hardcover,"Dec 31, 2024",
0,https://www.amazon.com/dp/B0DSLH6R47,B0DSLH6R47,Mom journal: Write everything about your motherhood experience,Bongiwe Msibi,Paperback,"Dec 31, 2024",
3,https://www.amazon.com/dp/B0FVZ416C3,B0FVZ416C3,Life's too short to wear tight underpants,Derek Lee Olson,Paperback,"Oct 11, 2025",
0,https://www.amazon.com/dp/B0DSLCBB7D,B0DSLCBB7D,Redlands Temple Inspired Journal,Inskeep Publishing,Paperback,"Dec 31, 2024",
3,https://www.amazon.com/dp/B0DSKXD7DS,B0DSKXD7DS,"The Light Within: A Gratitude Journey: A 100-Day Guided Journal to Cultivate Thankfulness, Reflection, and Inner Peace",Mother-Daughter Printing Press,Paperback,"Dec 31, 2024",
0,https://www.amazon.com/dp/B0DSKLZ5Z5,B0DSKLZ5Z5,I am worthy of all good things | Gratitude Journal,Taylor Irene,Paperback,"Dec 31, 2024",
0,https://www.amazon.com/dp/B0DSJQQN1Q,B0DSJQQN1Q,"Finances Planner: Whole Year, Colorful, Discrete 6 x 9 in, 12 Monthly Budget, 52 Weekly Shopping List, 52 Weekly Gratitude Journal, Savings Tracker, Debt Tracker, 2025 Calendar",Sheila Richardson,Paperback,"Dec 31, 2024",
0,https://www.amazon.com/dp/B0DSJNJS96,B0DSJNJS96,"Calendar 2025 Planner : Record your daily work schedule: Keep a daily schedule and to-do list, and set monthly work goals. Record income and ... lists, and important passwords for websites.",Kritsana Attanant,Paperback,"Dec 31, 2024",
0,https://www.amazon.com/dp/B0DSJJZTLB,B0DSJJZTLB,"""End of Life Planner: A Comprehensive Guide to Organizing Your Final Wishes"" is an essential tool designed to help individuals prepare for the inevitable with grace and clarity.",mr raj b vijay,Paperback,"Dec 31, 2024",
1,https://www.amazon.com/dp/B0DSJFSTZR,B0DSJFSTZR,Powerful Planner: Plan and Conquer Your Daily Goals,Srta IKIGAI DESIGN,Hardcover,"Dec 31, 2024",
0,https://www.amazon.com/dp/B0DSJ5XLVK,B0DSJ5XLVK,BOSS Life 6 Month Planner: Brother Overcame Struggle Successfully,Lateka S Carter,Hardcover,"Dec 31, 2024",
0,https://www.amazon.com/dp/B0DSHZZJQT,B0DSHZZJQT,Around the World: A Travel Journal for Dreamers by Agnes,Agnes Novak-Kovacs,Hardcover,"Dec 31, 2024",
0,https://www.amazon.com/dp/B0DSHZFHYC,B0DSHZFHYC,Daily Journal,TIna Hutchinson,Paperback,"Dec 31, 2024",
0,https://www.amazon.com/dp/B0DSHYQZ3B,B0DSHYQZ3B,Why IS She Sleeping ?,Minati Behera,Paperback,"Dec 31, 2024",
0,https://www.amazon.com/dp/B0DSHX1TQM,B0DSHX1TQM,"Gratitude Journal ""The Power of Thanks"": Transform your life with thankfulness",Maimoona A,Paperback,"Dec 31, 2024",
0,https://www.amazon.com/dp/B0DSHVZ5PJ,B0DSHVZ5PJ,how to become confident,Sunday SunnyDay,Paperback,"Dec 31, 2024",
0,https://www.amazon.com/dp/B0DSH9XSKT,B0DSH9XSKT,New York Nails: Personal Manicure & Pedicure Logbook - Color Edition,Amy Jane Thomas,Paperback,"Dec 31, 2024",
0,https://www.amazon.com/dp/B0DSH7711K,B0DSH7711K,My Vegan Dishes: A Food Discovery Journal,Denise E. Wilson,Hardcover,"Dec 31, 2024",
1,https://www.amazon.com/dp/B0DSGLM4MS,B0DSGLM4MS,My Fitness Tracker,Tanya Adams,Paperback,"Dec 31, 2024",
0,https://www.amazon.com/dp/B0DSGH653H,B0DSGH653H,"Fashion Vibes Coloring Book | 50 Bold and Easy, Big Designs: Relax with Variety of Cozy Patterns, Super Cute Clothings Things for summer fun with Alcohol Markers for adults, girls and teens.",Mohinder Prashad,Paperback,"Dec 31, 2024",
0,https://www.amazon.com/dp/B0DSGFW6RV,B0DSGFW6RV,I'm Not Old I'm A Classic: A Thoughtful Journal for Reflection and Memories on Your 40th Birthday Milestone with Lined Pages for Personal Insights and ... in a Convenient 6 by 9 Inch Format,Laura MN Lee,Paperback,"Dec 31, 2024",
0,https://www.amazon.com/dp/B0DSG7MHZV,B0DSG7MHZV,"All in one Planner: ""Stay Focused, Stay Ahead: ""Your Ultimate Companion for Staying Organized and Achieving Goals""",Sidra Ali,Paperback,"Dec 31, 2024",
0,https://www.amazon.com/dp/B0DSG37LQQ,B0DSG37LQQ,BISMILLAH SAY ALHAMDULILLAH... A GRATITUDE JOURNAL FOR KIDS,Ms Samiyah Jamal,Paperback,"Dec 31, 2024",
0,https://www.amazon.com/dp/B0DSFZLFK7,B0DSFZLFK7,"Undated, 2025 Planner, 8.5"" x 11"" Planner to Achieve Your 2025 Goals A NEW YEAR DIARY: for professionals, students and teenagers",KALYANI SUBODHKUMAR JHA,Paperback,"Dec 31, 2024",
0,https://www.amazon.com/dp/B0DSFFWNKD,B0DSFFWNKD,Gratitude Journal: A Perfect era to save thoughts,Navjot Bagga,Paperback,"Dec 31, 2024",
0,https://www.amazon.com/dp/B0DSF7D1PY,B0DSF7D1PY,2025 Gratitude Journal | 25 Pages,M.P. Printing,Paperback,"Dec 31, 2024",
0,https://www.amazon.com/dp/B0DSDKFKP9,B0DSDKFKP9,2025 Witchy Weekly Planner: Manifest Your Magic,Kayla LaShae Mauldin,Paperback,"Dec 31, 2024",
0,https://www.amazon.com/dp/B0DSDKDFNT,B0DSDKDFNT,Unembellished Truth,Global Visionary Pen Legacy Co-Authors,Paperback,"Dec 31, 2024",
0,https://www.amazon.com/dp/B0DSD56YTW,B0DSD56YTW,"Gratitude in Focus: Weekly Reflections for a Positive Life: Discover the power of gratitude with this journal, perfect for daily or weekly reflection",Willow Brooks Co.,Hardcover,"Dec 31, 2024",
0,https://www.amazon.com/dp/B0DSC61MSW,B0DSC61MSW,"Fitness Journal: Track cardio, strength, stress management and other activities!",Rune Ice Storm,Paperback,"Dec 31, 2024",
0,https://www.amazon.com/dp/B0DSC2MNGL,B0DSC2MNGL,The Ultimate Hospitality Business Success Planner: Your Step-by-Step Guide to Growth and Profits,Morgan Ayres,Hardcover,"Dec 31, 2024",
0,https://www.amazon.com/dp/B0DSBZYW99,B0DSBZYW99,Think On These Things Companion Journal: A 30 Day Journey To A Renewed Mind and Heart,Shawné Jackson,Paperback,"Dec 31, 2024",
0,https://www.amazon.com/dp/B0DSBX7QJZ,B0DSBX7QJZ,Internet Passwords Log Book: Keep Your Online Accounts Organized and Safe,Dynamic Creations,Paperback,"Dec 31, 2024",
0,https://www.amazon.com/dp/B0DSBW5RD8,B0DSBW5RD8,"Financial Growth Strategist Journal: Wealth, Goals, and Smarter Decisions",Nigel Pickerton,Paperback,"Dec 31, 2024",
0,https://www.amazon.com/dp/B0DSBK1CJ1,B0DSBK1CJ1,"Declutter Your Home, Declutter Your Life Guided Workbook: Step-by-Step Decluttering Guide for a Stress-Free House",Scribe & Vibe Co.,Paperback,"Dec 31, 2024",
0,https://www.amazon.com/dp/B0DSB7N88K,B0DSB7N88K,Soulful Self-Care: Aligning Your Practices with Lunar Phases: A beginners guide to the moon phases and self care,Melanie McDonald,Kindle,"Dec 31, 2024",
0,https://www.amazon.com/dp/B0DS9WNVN9,B0DS9WNVN9,"Word Search Maker, Inventors: ""Brilliant Minds that Changed the World"". Word search for adults",Linda Acosta,Paperback,"Dec 31, 2024",
0,https://www.amazon.com/dp/B0DS9V4NPC,B0DS9V4NPC,"Lupus And The 8th Grade Classroom: Surviving autoimmune challenges while teaching math. A lesson in patience, stamina, and not losing your cool.",Lekeitha Sheffield,Paperback,"Dec 31, 2024",
0,https://www.amazon.com/dp/B0DS9SC6PW,B0DS9SC6PW,My Journey to Success,Devin Ryan,Paperback,"Dec 31, 2024",
0,https://www.amazon.com/dp/B0DS9S9LVL,B0DS9S9LVL,Popup Princess Planner,Patrice Monique,Paperback,"Dec 31, 2024",
5,https://www.amazon.com/dp/B0F4KJ8X1R,B0F4KJ8X1R,"Just one good thought: Daily Reminders to Keep You Grounded, Hopeful, and Kind to Yourself",True Path Publishing,Paperback,"Apr 10, 2025",
0,https://www.amazon.com/dp/B0DS9Q9X84,B0DS9Q9X84,Fun Planner for Menopausal Women: Help Organise and Remind the Women Who Can't Remember Anything!,AliPear Designs,Paperback,"Dec 31, 2024",
0,https://www.amazon.com/dp/B0DS9PTD8P,B0DS9PTD8P,"Six Month Planner: For Motivation, Stress and Time Management",AliPear Designs,Paperback,"Dec 31, 2024",
0,https://www.amazon.com/dp/B0DS9PP4LF,B0DS9PP4LF,Guided Six-Month Planner,AliPear Designs,Paperback,"Dec 31, 2024",
0,https://www.amazon.com/dp/B0DS9PJL9N,B0DS9PJL9N,"You Are Enough: A Beautiful Notebook of Affirmations and Self-Love: A Journal to Inspire Confidence, Self-Love, and Inner Strength",Alexis Kenton,Paperback,"Dec 31, 2024",
0,https://www.amazon.com/dp/B0DS9NZCN3,B0DS9NZCN3,Mindful Reflections: A Guided Journal on Your Mental Wellbeing for 2025,Kristen M Georgiou,Paperback,"Dec 31, 2024",
0,https://www.amazon.com/dp/B0DS9NCJHM,B0DS9NCJHM,Agenda 2025 Blue: An ocean of possibilities,Jose Roberto Cordova Izaguirre,Hardcover,"Dec 31, 2024",
0,https://www.amazon.com/dp/B0DS9NBCG4,B0DS9NBCG4,Morning Routine Journal- A Guide for starting a Morning routine for healthy life,Loveleen Kaur,Paperback,"Dec 31, 2024",
0,https://www.amazon.com/dp/B0DS9MZ2H7,B0DS9MZ2H7,AQUARIUS 2025 Astrological 8.5 x 11 in. Planner: 2025 Daily Weekly Monthly Organizer for AQUARIUS with Goal Planning – 165 Pages,JEM Publishing,Paperback,"Dec 31, 2024",
0,https://www.amazon.com/dp/B0DS9MSHLR,B0DS9MSHLR,ABCD The Teacher Tour Lined Notebook Journal,Lisa Bowen,Paperback,"Dec 31, 2024",
0,https://www.amazon.com/dp/B0DS9MHH1W,B0DS9MHH1W,Notebook: Notes from Beyond,chirag S,Paperback,"Dec 31, 2024",
0,https://www.amazon.com/dp/B0DS9M3B22,B0DS9M3B22,"Vintage Scripting Journal: Notebook for Manifestation, Gratitude and Attracting your Ideal Life, Blank Lined, 120 pages",The Zen Woman,Paperback,"Dec 31, 2024",
0,https://www.amazon.com/dp/B0DS9LRPHM,B0DS9LRPHM,POWER HOUSE SPARK JOURNAL: Success Starts Here,Nicholas Copenbarger,Paperback,"Dec 31, 2024",
0,https://www.amazon.com/dp/B0DS9LQ1L2,B0DS9LQ1L2,Agenda 2025 White: The purity of the organization,Jose  Roberto Cordova Izaguirre,Hardcover,"Dec 31, 2024",
0,https://www.amazon.com/dp/B0DS9JT14Z,B0DS9JT14Z,"Grasping my Dreams, my personal dream journal: What's your favorite?",Martin DeAnnuntis,Paperback,"Dec 31, 2024",
0,https://www.amazon.com/dp/B0DS9JF4W8,B0DS9JF4W8,2025 Adult Planner,Simone Peters,Paperback,"Dec 31, 2024",
1,https://www.amazon.com/dp/B0DS9J32J7,B0DS9J32J7,"daily planer 2025 ""MyGO"": goals journal, productivity notebook and motivational organizer. The best S.M.A.R.T goals setter with a schedule for each day Jan - March 2025",MAXWELL CLARK,Paperback,"Dec 31, 2024",
0,https://www.amazon.com/dp/B0DS9GR695,B0DS9GR695,"Empowering Daily Planner for Women and Girls: Stay Inspired and Organized: Hourly Scheduling for Women’s Work, Appointments, and Dreams - Ideal Office supply for Women, 6 x 9 IN, 150 Pages",Approved by Chloe D.,Paperback,"Dec 31, 2024",
0,https://www.amazon.com/dp/B0DS9FJKL8,B0DS9FJKL8,Celebration Calendar: A Birthday Reminder Journal by Mr.Salvi,Mr Salvi,Paperback,"Dec 31, 2024",
0,https://www.amazon.com/dp/B0DS9F3PYG,B0DS9F3PYG,Gratitude: The key to joy and fulfillment,Samad P,Paperback,"Dec 31, 2024",
0,https://www.amazon.com/dp/B0DS9F2FGX,B0DS9F2FGX,"Monthly Planner 2026-2027: Two-Years from January 2026 to December 2027 | 6"" x 9"" Inch Size, Floral Cover.",Zea Gordon,Hardcover,"Dec 31, 2024",
0,https://www.amazon.com/dp/B0DS9DFQ4H,B0DS9DFQ4H,"52-Week Guided Journal: Mindfulness, Gratitude, and Breathing Prompts for Personal Growth",Simone Braskov,Hardcover,"Dec 31, 2024",
0,https://www.amazon.com/dp/B0DS9DBBSG,B0DS9DBBSG,Weekly planner,Dupe B Olaniyi,Paperback,"Dec 31, 2024",
0,https://www.amazon.com/dp/B0DS9D9QFJ,B0DS9D9QFJ,Monthly Planner 2025-2026: Your Perfect Companion for Organization and Goals,Celeste Wipp,Paperback,"Dec 31, 2024",
3,https://www.amazon.com/dp/B0DS9BFV2S,B0DS9BFV2S,Project: About Me: A Guide to Self-Discovery,Ionica Guinea,Kindle,"Dec 31, 2024",
0,https://www.amazon.com/dp/B0DS93PTT1,B0DS93PTT1,"BEING TCHITAKA: Faith, Resilience, and the Courage to Reinvent",Ing Rodrigue Tchitaka,Kindle,"Dec 31, 2024",
0,https://www.amazon.com/dp/B0DS92B6BK,B0DS92B6BK,"New 2025 Planner | Yearly Planner | 110 Pages: An Excellent Book for Planning for weekly, monthly and yearly planning",Saptarshi M,Paperback,"Dec 31, 2024",
0,https://www.amazon.com/dp/B0DS91PGPP,B0DS91PGPP,Planner: Monthly Weekly and Daily Organizer.,MRB MRB,Paperback,"Dec 31, 2024",
0,https://www.amazon.com/dp/B0DS91JQDK,B0DS91JQDK,Glow Up Journal,Kristie Nichols,Paperback,"Dec 31, 2024",
0,https://www.amazon.com/dp/B0DS8X58Y3,B0DS8X58Y3,"""EMBRACING THE CELTIC HEART JOURNEY:Balancing Feminine & Masculine Within (""The Balanced Heart Series"")",Tammy Clark,Kindle,"Dec 31, 2024",
0,https://www.amazon.com/dp/B0DS8VVS81,B0DS8VVS81,Composition Notebook - St. Patrick's Day,Jillian Rae,Paperback,"Dec 31, 2024",
0,https://www.amazon.com/dp/B0DS8TFZZZ,B0DS8TFZZZ,2025 Motivational Calendar Planner,J Holloman,Paperback,"Dec 31, 2024",
0,https://www.amazon.com/dp/B0DS8SV8ZN,B0DS8SV8ZN,30 Day Yoga Challenge Journal,Ashley Howe,Paperback,"Dec 31, 2024",
0,https://www.amazon.com/dp/B0DS8RY65T,B0DS8RY65T,Serenity in the Lists,T Fawke,Hardcover,"Dec 31, 2024",
0,https://www.amazon.com/dp/B0DS8RSW7C,B0DS8RSW7C,EmpowerQuest - The Journey Begins: Building Your Inner Strength: Book 1 (EmpowerQuest: A Journey to Unleashing Your Extraordinary),Jessica Wernett,Kindle,"Dec 31, 2024",
0,https://www.amazon.com/dp/B0DS8RD3FX,B0DS8RD3FX,Your Weekly Masterplan: Your Weekly Planner to Turn Goals into Reality,Blaze Basma,Paperback,"Dec 31, 2024",
0,https://www.amazon.com/dp/B0DS8R3NDH,B0DS8R3NDH,"Rich Girl Elite: A Journal 4 Women Who Have no Option but to make IT Happen: A 12-Week Motivational Planner with Guided Prompts, Inspirational ... Your Mindset, Take Control of Your Life",Rich Girl Elite Project 241014,Paperback,"Dec 31, 2024",
0,https://www.amazon.com/dp/B0DS8QWY1N,B0DS8QWY1N,Let words be wins,Carlos Casamayor,Paperback,"Dec 31, 2024",
3,https://www.amazon.com/dp/B0DS8QC4VQ,B0DS8QC4VQ,I Love My Life 2025 Q1 Journal,Krista Daneluz Vieira,Paperback,"Dec 31, 2024",
0,https://www.amazon.com/dp/B0DS8Q2GF3,B0DS8Q2GF3,Journal: College Ruled with Light Academia Theme,Curated Wonders Printing Press,Paperback,"Dec 31, 2024",
0,https://www.amazon.com/dp/B0DS8PZGPV,B0DS8PZGPV,"Black & Lime Green Medium Ruled Lined Paper Notebook 120 Pages 8.5 x 11 Inches: Gifts for Students, Workers, and Writing Down Notes",Justin Anthony Ortiz,Paperback,"Dec 31, 2024",
0,https://www.amazon.com/dp/B0DS8PTM69,B0DS8PTM69,Focus and Flourish Daily Planner,Marco Rodriguez,Paperback,"Dec 31, 2024",
0,https://www.amazon.com/dp/B0DS8PT4JH,B0DS8PT4JH,Daily Planner 2025,Sakis Goulas,Paperback,"Dec 31, 2024",
0,https://www.amazon.com/dp/B0DS8PRPYQ,B0DS8PRPYQ,"The Ultimate School Notebook: A Place to Write, Draw, and Dream",Ala Obaid,Paperback,"Dec 31, 2024",
0,https://www.amazon.com/dp/B0DS8PP1H2,B0DS8PP1H2,"2025 JOURNAL OF FAITH: Resilient Reflections and Growth: A year of strength, self-discovery, and unwavering faith. Embrace thoughtful prompts to ... into a fulfilling and purpose-driven year.",JoyfullVisions AYO,Hardcover,"Dec 31, 2024",
0,https://www.amazon.com/dp/B0DS8PK33P,B0DS8PK33P,Valentine’s Notebook: With Love,Mattlove Art,Paperback,"Dec 31, 2024",
0,https://www.amazon.com/dp/B0DS8PFZ32,B0DS8PFZ32,2025 PLANNER,Lovely Journals,Paperback,"Dec 31, 2024",
0,https://www.amazon.com/dp/B0DS8P4W7R,B0DS8P4W7R,Secret Keeper: A 200 page wide line blank journal for Cat Lovers!,Dream Weaver Journals,Paperback,"Dec 31, 2024",
0,https://www.amazon.com/dp/B0DS8NV2KG,B0DS8NV2KG,"My Hamster Notebook: Adorable Journal for Hamster Lovers, Ideal for Writing, Drawing, and Note-Taking (6"" x 9"" Lined Pages)",The Leader,Paperback,"Dec 31, 2024",
0,https://www.amazon.com/dp/B0DS8NG861,B0DS8NG861,"Great White Shark Notebook Aquatic Animal - Sharks Lovers Ocean Lovers - Marine and Aquatic Creatures Collection - Gifts for Men Women Children - Cool ... Lined Notebook Journal Diaries 6x9, 120 pages",LionessNotebook,Paperback,"Dec 31, 2024",
0,https://www.amazon.com/dp/B0DS8MZS4Z,B0DS8MZS4Z,"NEW THINGS HAPPEN EVERYDAY: SIMPLE LINED JOURNAL TO WRITE, JOURNAL, WHATEVER THERE IS, BECAUSE NEW THINGS HAPPEN EVERYDAY.",NIYSHARAA,Paperback,"Dec 31, 2024",
0,https://www.amazon.com/dp/B0DS8MVVQB,B0DS8MVVQB,"Premium Dotted Notebook: Designed for Bullet Journaling, Notes, and Goal Setting - 110 pages - business thoughts, plans & ideas - 5.25 x 8 - black and white",RH Notes,Paperback,"Dec 31, 2024",
0,https://www.amazon.com/dp/B0DS8MRM4T,B0DS8MRM4T,Weekly Planner 2025,Sakis Goulas,Paperback,"Dec 31, 2024",
1,https://www.amazon.com/dp/B0DS8MJ9NN,B0DS8MJ9NN,Fantasy Novel Planning Notebook,Geneva Oleander,Hardcover,"Dec 31, 2024",
0,https://www.amazon.com/dp/B0DS8M8KBD,B0DS8M8KBD,Know your thing : discover your unique skill or talent and shine your own way,Kunjan Patel,Kindle,"Dec 31, 2024",
0,https://www.amazon.com/dp/B0DS8LQLMQ,B0DS8LQLMQ,Sacred Cycles: A 36-Month Cycle Tracker (2025-2027),Lila Song,Paperback,"Dec 31, 2024",
0,https://www.amazon.com/dp/B0DS8LKW1Z,B0DS8LKW1Z,"I May Be Wrong, But I Highly Doubt It: Funny Sarcastic Notebook for Work, Office Gag Gift for Coworkers and Friends | Lined Journal for Writing, 6x9, 120 Pages",amer alalaak,Paperback,"Dec 31, 2024",
0,https://www.amazon.com/dp/B0DS8LKKXK,B0DS8LKKXK,Tea To Myself Journal,Perri Ann,Paperback,"Dec 31, 2024",
0,https://www.amazon.com/dp/B0DS8KVDVY,B0DS8KVDVY,Master Mind: Memory Journal,Sarah Hertzler,Paperback,"Dec 31, 2024",
0,https://www.amazon.com/dp/B0DS8KVBPF,B0DS8KVBPF,"5 minute gratitude journal: Perfect for busy schedules, it’s your daily dose of mindfulness and happiness—one page at a time.",Beca Amado,Paperback,"Dec 31, 2024",
0,https://www.amazon.com/dp/B0DS8KGD4B,B0DS8KGD4B,If it’s not written down it didn’t happen: Funny Gift Notebook Journal for Friends and Family,Ala Obaid,Paperback,"Dec 31, 2024",
0,https://www.amazon.com/dp/B0DS8KFDBH,B0DS8KFDBH,2025 Monthly Calendar | 8.5-inch x 11-inch,M.P. Printing,Paperback,"Dec 31, 2024",
0,https://www.amazon.com/dp/B0DS8K8SPW,B0DS8K8SPW,Notebook: Forest Bathing,Aurora Munro,Paperback,"Dec 31, 2024",
0,https://www.amazon.com/dp/B0DS8K2V4Q,B0DS8K2V4Q,28 Day Gratitude Journal: Love thy Self,Elisha Marie,Paperback,"Dec 31, 2024",
0,https://www.amazon.com/dp/B0DS8K2741,B0DS8K2741,"My Gratitude Journal: A journey toward embracing the power of self-reflection, positivity and joy",Melissa Thompson,Hardcover,"Dec 31, 2024",
0,https://www.amazon.com/dp/B0GVN43957,B0GVN43957,RAISE YOUR VIBRATION: A Complete Workbook for Living at a Higher Frequency,Embodied Reset,Paperback,"Mar 31, 2026",
0,https://www.amazon.com/dp/B0DS8K22Z8,B0DS8K22Z8,"Really Important Stuff I Can Never Remember: Funny Lined Notebook for Work, Office Humor Journal, Perfect Gag Gift for Coworkers, Friends, and Family",amer alalaak,Paperback,"Dec 31, 2024",
0,https://www.amazon.com/dp/B0DS8JR4S7,B0DS8JR4S7,Never Stop Improving Your Best: Motivational quote notebook,Dreams Publish,Paperback,"Dec 31, 2024",
0,https://www.amazon.com/dp/B0DS8JMFN2,B0DS8JMFN2,I Love My Hot Girlfriend Notebook – Cute and Fun Journal for Couples: A Romantic and Fun Notebook for Couples – Perfect Gift for Boyfriends or Girlfriends to Share Love and Laughter!,Love Notes Publishing RomanticCreations,Paperback,"Dec 31, 2024",
0,https://www.amazon.com/dp/B0DS8JG323,B0DS8JG323,DEFINE ONE MAIN GOAL THAT YOU WOULD LIKE TO ACHIEVE TODAY: Goal for the day……………..,HOPE WIDZ,Paperback,"Dec 31, 2024",
0,https://www.amazon.com/dp/B0DS8JFH5L,B0DS8JFH5L,2025 Motivational Planner: Your Inspirational Guide to a Purposeful Year: Featuring Daily Quotes from the World’s Most Influential Thinkers to Keep You Inspired and Focused,Arden Gray,Hardcover,"Dec 31, 2024",
0,https://www.amazon.com/dp/B0DS8J5BWG,B0DS8J5BWG,"Work Hard Achieve Your Goals, Notebook: Motivational quote notebook",Dreams Publish,Paperback,"Dec 31, 2024",
0,https://www.amazon.com/dp/B0DS8J4YKL,B0DS8J4YKL,My School Adventure Notebook: Your Go-To Notebook for Learning and Fun,Ala Obaid,Paperback,"Dec 31, 2024",
0,https://www.amazon.com/dp/B0DS8J45G1,B0DS8J45G1,Is that on your bingo card?: A monthly guide of goals,Keshandra Melson,Paperback,"Dec 31, 2024",
0,https://www.amazon.com/dp/B0DS8J3VG2,B0DS8J3VG2,Bills Tracker: Keep Record of Bills Due and Paid | Stay on Top of Your Spending and Debt Payments,Jenny Davis,Paperback,"Dec 31, 2024",
1,https://www.amazon.com/dp/B0DS8J3V9M,B0DS8J3V9M,My Brilliant Ideas,Staci Cornwell,Paperback,"Dec 31, 2024",
0,https://www.amazon.com/dp/B0DS8HZFFB,B0DS8HZFFB,Candy Hearts Love Notebook: A Sweet Valentine's Day Blank Notebook,Anastasia Designs,Paperback,"Dec 31, 2024",
0,https://www.amazon.com/dp/B0DS8HWN1S,B0DS8HWN1S,Forever Grateful: A Gratitude Journal for Daily Reflection and Mindfulness | Cultivate Positivity and Thankfulness,Eric L Jackson,Paperback,"Dec 31, 2024",
0,https://www.amazon.com/dp/B0DS8HWFNL,B0DS8HWFNL,Time Flows By: A 5-Year Journal,Produce Ministry Team,Paperback,"Dec 31, 2024",
0,https://www.amazon.com/dp/B0DS8HV428,B0DS8HV428,Archangel Azrael Journal ~ Death Grief Sorrow Endings ( 222 pages),Angali Devi,Paperback,"Dec 31, 2024",
0,https://www.amazon.com/dp/B0DS8HS9DV,B0DS8HS9DV,My Magical Year,Renee DuPee,Paperback,"Dec 31, 2024",
0,https://www.amazon.com/dp/B0DS8HPQ23,B0DS8HPQ23,"Cheerful Cherry Pattern Notebook: 160 Lined Pages, 6"" x 9"", Journal for School, Work, Writing, Travel, Gifts",Antheia Paperie,Paperback,"Dec 31, 2024",
0,https://www.amazon.com/dp/B0DS8HM4L6,B0DS8HM4L6,"Vision Board guided Journal: Create, Manifest, and Achieve Your Dreams: vision board for men and women",Mohit Nanda,Paperback,"Dec 31, 2024",
0,https://www.amazon.com/dp/B0DS8HHV4X,B0DS8HHV4X,Reading Journal,Sweet Myrtle Designs,Paperback,"Dec 31, 2024",
0,https://www.amazon.com/dp/B0DS8HHTGM,B0DS8HHTGM,"Bluebird on a Branch - Bird Lovers - Birds Notebook - Gifts for Men Women Children - Bluebird Lined Notebook Journal Diaries 6x9, 120 pages",LionessNotebook,Paperback,"Dec 31, 2024",
0,https://www.amazon.com/dp/B0DS8HFCKY,B0DS8HFCKY,"The 24-Hour Life Hack Playbook: Revolutionize Your Day, One Hour at a Time, for a Happier and More Organized Life",Ty Harris,Kindle,"Dec 31, 2024",
0,https://www.amazon.com/dp/B0DS8HDFWB,B0DS8HDFWB,"If You Don’t Want a Sarcastic Answer, Don’t Ask a Stupid Question: Funny Sarcastic Notebook for Work, Office Humor Journal, Gag Gift for Coworkers, Friends, and Adults",amer alalaak,Paperback,"Dec 31, 2024",
0,https://www.amazon.com/dp/B0DS8H65NK,B0DS8H65NK,2025 Planner: Boho style for all adults & children,Gem Tell,Paperback,"Dec 31, 2024",
0,https://www.amazon.com/dp/B0DS8GV4R4,B0DS8GV4R4,WHAT TO TELL MY LAWYER (and the things I shouldn't): 6 x 9 inch (A5) Blank Journal Gag Gift,T.  B. Dee,Paperback,"Dec 31, 2024",
0,https://www.amazon.com/dp/B0DS8GRKWT,B0DS8GRKWT,"ONE EXCUSE TODAY, ONE REGRET TOMORROW: DAILY PLANNER & JOURNAL 121 PAGES",T&Ts proud mom,Paperback,"Dec 31, 2024",
0,https://www.amazon.com/dp/B0DS8GLGBB,B0DS8GLGBB,Create Your Own Success Story: Motivational quote notebook,Dreams Publish,Paperback,"Dec 31, 2024",
0,https://www.amazon.com/dp/B0DS8GB9NR,B0DS8GB9NR,I AM > I WAS,Cat Mom Publishing,Paperback,"Dec 31, 2024",
0,https://www.amazon.com/dp/B0DS8G9QLN,B0DS8G9QLN,Notebook: Lined Pages - Tomato Watercolor on Navy Background - 120 Pages - 6x9 inches,Dear Sunday,Paperback,"Dec 31, 2024",
0,https://www.amazon.com/dp/B0DS8FV6VT,B0DS8FV6VT,Letter Of The Week Teacher Sarcastic Journal Notebook,Lisa Bowen,Paperback,"Dec 31, 2024",
0,https://www.amazon.com/dp/B0DS8FT4YL,B0DS8FT4YL,Cute Watermelon-Themed Notebook: A Juicy Take on Everyday Journaling!,Kashif Sattar,Paperback,"Dec 31, 2024",
2,https://www.amazon.com/dp/B0DS8FGXPN,B0DS8FGXPN,"Journal Notebook, To Do List Workbook, Boho Mid Size Lined Portable, 6"" x 9"", 75 Pages",Wetherbee Press,Paperback,"Dec 31, 2024",
0,https://www.amazon.com/dp/B0DS8F7VP4,B0DS8F7VP4,"Notebook: Perfect for Journaling, Note-Taking, or Creative Writing | 120 Pages, 6x9 Softcover",Goham Publishing,Paperback,"Dec 31, 2024",
1,https://www.amazon.com/dp/1969844892,1969844892,Moving Up,Reginald Tshepo Pheqe,Paperback,"Nov 11, 2025",
0,https://www.amazon.com/dp/B0DS8F2Q89,B0DS8F2Q89,Gratitude: Being Grateful to whatever offered in life,Suchita Adhikari Thapa,Paperback,"Dec 31, 2024",
0,https://www.amazon.com/dp/B0DS8DTPFP,B0DS8DTPFP,Christian Study Journal: 52 gospel study topics for each week,M.R. Printing Press,Paperback,"Dec 31, 2024",
0,https://www.amazon.com/dp/B0DS8DSTVG,B0DS8DSTVG,Simple daily use notebook,Aleeza Sarfraz,Paperback,"Dec 31, 2024",
0,https://www.amazon.com/dp/B0DS8DN1Q4,B0DS8DN1Q4,Witch Please: Book of Shadows,Jessie Lamontagne,Paperback,"Dec 31, 2024",
0,https://www.amazon.com/dp/B0DS8D8VRJ,B0DS8D8VRJ,A Sweet Escape: A Free-Flow Journal for Bold Dreams and Big Ambitions,Melisha Anderson,Paperback,"Dec 31, 2024",
0,https://www.amazon.com/dp/B0DS8D6YC5,B0DS8D6YC5,My Power Within: A Daily Affirmations Journal for Self-Love and Positivity,Miss Saima Sattar,Paperback,"Dec 31, 2024",
0,https://www.amazon.com/dp/B0DS8D329P,B0DS8D329P,Gemini Lined Notebook - Astrology Lovers - The Zodiac Signs Collection - Gifts for Men Women Teen & Children - 6x9'' 120 pages.,LionessNotebook,Paperback,"Dec 31, 2024",
1,https://www.amazon.com/dp/B0DS8CZF4Y,B0DS8CZF4Y,Tulum Travel Journal: Lined Notebook Diary. Capturing Moments from Around the Globe,Travel Muses,Paperback,"Dec 31, 2024",
0,https://www.amazon.com/dp/B0DS8CY11H,B0DS8CY11H,"2025 Productivity Planner, New Mission: To Increase Productivity and Growth",The  Vision Vault,Paperback,"Dec 31, 2024",
0,https://www.amazon.com/dp/B0DS8CVK5L,B0DS8CVK5L,"Wellness in Bloom: A 6-Week Journey to Wellness, Resilience, and Joy",Amber Oriole,Paperback,"Dec 31, 2024",
0,https://www.amazon.com/dp/B0DS8CPLNC,B0DS8CPLNC,"Goals, Goals and more GOALS: The Path to Achievement and a Road map to success! Write it, Read it, Say it and Repeat.",LBG Enterprises,Paperback,"Dec 31, 2024",
0,https://www.amazon.com/dp/B0DS8CFWRG,B0DS8CFWRG,"Colorful Watercolor Rose Journal: Bright & Beautiful Floral Notebook for Women, 6 x 9, 120 College Ruled Pages",Kobkorn PS,Paperback,"Dec 31, 2024",
0,https://www.amazon.com/dp/B0DS8CDVBZ,B0DS8CDVBZ,"Contacts at a Glance – Your Address Book: ""The Address Book That Works as Hard as You Do""",Celeste Wipp,Paperback,"Dec 31, 2024",
0,https://www.amazon.com/dp/B0DS8CC5JM,B0DS8CC5JM,2025 Daily Planner: The Smart Way Through 2025 – Easy and Effective Planning,Celeste Wipp,Paperback,"Dec 31, 2024",
0,https://www.amazon.com/dp/B0DS8CC1BX,B0DS8CC1BX,The Meditation Logbook: The Path Within Ourselves,Mr Rudraa V Patil,Kindle,"Dec 31, 2024",
0,https://www.amazon.com/dp/B0DS8C5MY3,B0DS8C5MY3,Brain Power: The Science Behind Mental Mastery,Nena Buenaventura,Kindle,"Dec 31, 2024",
0,https://www.amazon.com/dp/B0DS8C55PD,B0DS8C55PD,Better Me,Flummi Lee,Paperback,"Dec 31, 2024",
0,https://www.amazon.com/dp/B0DS8C44JP,B0DS8C44JP,NEVER ELECT A BIBLE SALESMAN AS PRESIDENT: A DAILY DIARY TO STAY SANE AFTER NOVEMBER 5th 2024,D M O'Cracy,Paperback,"Dec 31, 2024",
0,https://www.amazon.com/dp/B0DS8BPCVH,B0DS8BPCVH,My Dear Journal,Avanza by Dgarcia,Paperback,"Dec 31, 2024",
0,https://www.amazon.com/dp/B0DS8B4PLP,B0DS8B4PLP,Notebook: Lined Pages - Tomato Watercolor on Green Background - 120 Pages - 6x9 inches,Dear Sunday,Paperback,"Dec 31, 2024",
0,https://www.amazon.com/dp/B0DS8B4HK6,B0DS8B4HK6,GRATITUDE OF THE DAY: Write down three things you are grateful for today,HOPE WIDZ,Paperback,"Dec 31, 2024",
0,https://www.amazon.com/dp/B0DS89NCD6,B0DS89NCD6,"Lavender Watercolor Floral Journal: Elegant Notebook for Women, 6 x 9, 120 College Ruled Pages",Kobkorn PS,Paperback,"Dec 31, 2024",
0,https://www.amazon.com/dp/B0DS89KJMH,B0DS89KJMH,"Minding my Own Business: Focusing on Me, One Page at a Time",Melisha Anderson,Paperback,"Dec 31, 2024",
0,https://www.amazon.com/dp/B0DS898QCZ,B0DS898QCZ,Theology Matters Notebook Journal,Simple Christian,Paperback,"Dec 31, 2024",
0,https://www.amazon.com/dp/B0DS896XML,B0DS896XML,Inspirational Notebook: There Is Always Light. If Only We’re Brave Enough To See It. If Only We’re Brave Enough To Be It. Amanda Gorman,Paulove Art,Paperback,"Dec 31, 2024",
0,https://www.amazon.com/dp/B0DS894G24,B0DS894G24,MY JOURNAL,Amina p v,Paperback,"Dec 31, 2024",
0,https://www.amazon.com/dp/B0DS88RLZJ,B0DS88RLZJ,Night Shift Productivity Planner: The Ultimate Productivity Tool for Night Shifters,Primary Notes,Hardcover,"Dec 31, 2024",
0,https://www.amazon.com/dp/B0DS88PLB6,B0DS88PLB6,"ONE EXCUSE TODAY, ONE REGRET TOMORROW: DAILY PLANNER & JOURNAL 121 PAGES",T&Ts proud mom,Paperback,"Dec 31, 2024",
0,https://www.amazon.com/dp/B0DS88HPDJ,B0DS88HPDJ,"2025-2026 Boho Pocket Planner – Small 2-Year Calendar with Monthly Overview, Notes, Password Tracker, and Important Dates | Compact 4x6 Organizer with Boho Floral Design",Dani Songer,Paperback,"Dec 31, 2024",
0,https://www.amazon.com/dp/B0DS88F53Q,B0DS88F53Q,"Cosmic Wonders For Night Owls: A Journal for Inspiration, Creativity, and Reflection Under the Night Sky",Nova Dawn,Paperback,"Dec 31, 2024",
0,https://www.amazon.com/dp/B0DS888TNS,B0DS888TNS,I AM LOVE | Gratitude journal,Taylor Irene,Paperback,"Dec 31, 2024",
0,https://www.amazon.com/dp/B0DS87LN3T,B0DS87LN3T,Paper Notebook ''2025 Your Year'': 100 Powerful Affirmations (Freedom),Adrian Brzozowski,Hardcover,"Dec 31, 2024",
0,https://www.amazon.com/dp/B0G3B2P3CT,B0G3B2P3CT,"The Ten Doors: How to Navigate Your Life With Courage and Clarity (Frameworks, Formulas and Checklists)",Kit Sadgrove,Paperback,"Nov 21, 2025",
0,https://www.amazon.com/dp/B0DS86YKQ4,B0DS86YKQ4,"Fitness Journal: Track Cardio, Strength, Stress Management and other activities!",Rune Ice Storm,Paperback,"Dec 31, 2024",
0,https://www.amazon.com/dp/B0DS86VZZV,B0DS86VZZV,Wellness Journal,Nicole J Flint,Paperback,"Dec 31, 2024",
0,https://www.amazon.com/dp/B0DS86VWZT,B0DS86VWZT,Notebook: Lined Pages - Tomato Watercolor on Yellow Background - 120 Pages - 6x9 inches,Dear Sunday,Paperback,"Dec 31, 2024",
0,https://www.amazon.com/dp/B0DS86PGMK,B0DS86PGMK,"Guinea Pig Pet Gift: 108 Lined Page Notebook, Journal, Diary, Keepsake, Family Pet For Kids, Nature, 6x9 Inches",Sasha Noteworthy,Paperback,"Dec 31, 2024",
0,https://www.amazon.com/dp/B0DS86NZW5,B0DS86NZW5,"Guinea Pig Gifts: 108 Lined Page Notebook, Journal, Diary, Keepsake, Family Pet For Kids, Nature, 6x9 Inches",Sasha Noteworthy,Paperback,"Dec 31, 2024",
0,https://www.amazon.com/dp/B0DS86M8T9,B0DS86M8T9,2025 Believe Journal,Molly Blaisdell,Paperback,"Dec 31, 2024",
0,https://www.amazon.com/dp/B0DS865RKZ,B0DS865RKZ,A Truly Great Teacher Is Hard To Find Notebook Journal,Lisa Bowen,Paperback,"Dec 31, 2024",
0,https://www.amazon.com/dp/B0DS85XMLF,B0DS85XMLF,"Dream Journal: Composition Notebook For Recording Dreams - 120 Pages, College Ruled, 8 1/2 x 11 in. Paperback",Purple Pigeon,Paperback,"Dec 31, 2024",
0,https://www.amazon.com/dp/B0DS85R6K2,B0DS85R6K2,"January-March 2025 | Daily Task Planner: Dated for Home and Work Scheduling with Time Slots, Notes and Reminders Sections",Tidy Made Easy,Paperback,"Dec 31, 2024",
0,https://www.amazon.com/dp/B0DS83VDZR,B0DS83VDZR,Manifesting Mondays: 52 Affirmations to jump start your week,Mercedes Elston,Paperback,"Dec 31, 2024",
1,https://www.amazon.com/dp/B0DS83RTG1,B0DS83RTG1,"Budget Planner and Expense Tracker: 6 Months | Track Your Income, Expenses and Savings",Jenny Davis,Paperback,"Dec 31, 2024",
0,https://www.amazon.com/dp/B0DS83G8PZ,B0DS83G8PZ,EMBRACE the Glorious Mess that You Are!: Planner/Journal,AZK Publishers,Paperback,"Dec 31, 2024",
0,https://www.amazon.com/dp/B0DS83FXLN,B0DS83FXLN,"Pretty Pink Bow coquette KawaiiJournal notebook lined pages for school, writing composition and exercise book",Honey May,Paperback,"Dec 31, 2024",
1,https://www.amazon.com/dp/B0DS83FHHQ,B0DS83FHHQ,Inspirational Journal Notebook for Women,Elizabeth Wass,Paperback,"Dec 31, 2024",
0,https://www.amazon.com/dp/B0DS83B6H8,B0DS83B6H8,"Write it, Feel it, Heal it: A Guided Journal and workbook for Emotional Awareness, Self-Discovery, and Healing....",Heart to Heart,Paperback,"Dec 31, 2024",
0,https://www.amazon.com/dp/B0DS8327GF,B0DS8327GF,Libra Zodiac Notebook: A Great Libra Gift,IM Creations,Paperback,"Dec 31, 2024",
0,https://www.amazon.com/dp/B0DS82TS2R,B0DS82TS2R,"Cool Vampire Cover Blank Notebook Journal: Perfect for Vampire Fans, Students, and Creative Minds: Ideal for Sketching, Writing, and Note-Taking",Alien Artist,Paperback,"Dec 31, 2024",
0,https://www.amazon.com/dp/B0DS82SH94,B0DS82SH94,"Behind the Fluff Resides a Mastermind [Cute Wombat]: Beautiful Funny Notebook, Journal and Diary for Friends and Family [Animal Humor]",Rita Martin,Paperback,"Dec 31, 2024",
0,https://www.amazon.com/dp/B0DS82PZY4,B0DS82PZY4,"""The Gift of Thanks: A Daily Gratitude Journal"": ""Write Your Own Story""",Sarabjit Singh,Paperback,"Dec 31, 2024",
0,https://www.amazon.com/dp/B0DS82HBP7,B0DS82HBP7,"WEDDING JOURNAL: ""A 180-LINED BLANK PAGES, Themed Journal for Memories, Plans, and Dreams""",PAGE & PLAN,Hardcover,"Dec 31, 2024",
0,https://www.amazon.com/dp/B0DS81YPPJ,B0DS81YPPJ,Hustle In Silence: A Motivational Journal To Make Your Dreams Your Reality,Megan Eleanor,Paperback,"Dec 31, 2024",
1,https://www.amazon.com/dp/B0DS81WT48,B0DS81WT48,"""Worlds Within"" City of Ravens",M. A. Levi,Hardcover,"Dec 31, 2024",
0,https://www.amazon.com/dp/B0DS81RR7Y,B0DS81RR7Y,"My Daily Journal: Wellness, Therapeutic Purposes, Goal Setting and Planning, Gratitude and Positivity, Hobbies and Interest",Iyonna's World Journals & More,Paperback,"Dec 31, 2024",
0,https://www.amazon.com/dp/B0DS81L65G,B0DS81L65G,Peace Love Illinois Notebook with blue background | 6 x 9 in | 128 lined pages | Office Products | Office Supplies | School Supplies,Kasi Wardlaw,Paperback,"Dec 31, 2024",
0,https://www.amazon.com/dp/B0DS818QY6,B0DS818QY6,"The Journey Writes Your Story, the Destination Just Signs it [Beautiful Sunrise and Sea Landscape]: Notebook, Journal and Diary for Friends and Family: Feel Good, Nature Photo, Spiritual Quote",Rita Martin,Paperback,"Dec 31, 2024",
0,https://www.amazon.com/dp/B0DS817KP6,B0DS817KP6,"My Daily Journal: Wellness, Therapeutic Purposes, Goal Setting and Planning, Gratitude and Positivity, Hobbies and Interest",Iyonna's World Journals & More,Paperback,"Dec 31, 2024",
0,https://www.amazon.com/dp/B0DS817B1X,B0DS817B1X,Daily Gratitude Journal,PK Mpane Phillipine,Paperback,"Dec 31, 2024",
0,https://www.amazon.com/dp/B0DS817917,B0DS817917,Butterfly Journal,Randa Lewis,Paperback,"Dec 31, 2024",
0,https://www.amazon.com/dp/B0DS816D8D,B0DS816D8D,Bible Study Journal: R.E.A.P METHOD,Jasmine I Valenzuela,Paperback,"Dec 31, 2024",
0,https://www.amazon.com/dp/B0DS814DX1,B0DS814DX1,"WEDDING JOURNAL: ""A 150-LINED BLANK PAGES, Themed Journal for Memories, Plans, and Dreams""",PAGE & PLAN,Hardcover,"Dec 31, 2024",
0,https://www.amazon.com/dp/B0DS81399X,B0DS81399X,Professional Development Workbook & Planner 2025,Chelsea Witherspoon,Paperback,"Dec 31, 2024",
0,https://www.amazon.com/dp/B0DS8126JM,B0DS8126JM,"Elegant Design Journal: Blank Lined Gratitude Notebook For Self Guided Affirmations, Manifestation and Scripting120 Pages",The Zen Woman,Paperback,"Dec 31, 2024",
0,https://www.amazon.com/dp/B0DS7ZZTJ8,B0DS7ZZTJ8,"90-Day Intermittent Fasting Journal For Women: Eating Window & Meal Tracker To Record Fasting Hours, Food & Water Intake, Calories & Activities. IF ... Weight Loss. Large 8.5x11 Inches, 103 Pages.",Melissa Miracle,Paperback,"Dec 31, 2024",
0,https://www.amazon.com/dp/B0DS7ZVPQ2,B0DS7ZVPQ2,"Great Things Are Waiting for You 2025 planner: One-Year organizer to Help You Stay Focused with Goal-Setting, Priorities, To-Do Lists, Notes, and Important Contacts.",Ayoub Designs,Paperback,"Dec 31, 2024",
0,https://www.amazon.com/dp/B0DS7ZRPV5,B0DS7ZRPV5,Peace Love Georgia Notebook with blue background | 6 x 9 in | 128 lined pages | Office Products | Office Supplies | School Supplies,Kasi Wardlaw,Paperback,"Dec 31, 2024",
0,https://www.amazon.com/dp/B0DS7ZPQ6D,B0DS7ZPQ6D,She's Got Goals: Goal Getter planner,AZK Publishers,Hardcover,"Dec 31, 2024",
0,https://www.amazon.com/dp/B0DS7ZP5LJ,B0DS7ZP5LJ,Notes,Randa Lewis,Paperback,"Dec 31, 2024",
0,https://www.amazon.com/dp/B0DS7ZHZPG,B0DS7ZHZPG,"Doodle & Dreams: Multi Color Shamrock Black Background Cover, Journal Notebook, 120 Pages, 5.5 x 9 inch, Softcover Notebook, Ruled Note Pages for Writing, Blank Pages for Drawing/Sketching",Rand Positive,Paperback,"Dec 31, 2024",
0,https://www.amazon.com/dp/B0DS7ZHRXS,B0DS7ZHRXS,May your wishes guide new adventures: A Journal for Exploring Dreams and Embracing New Horizons,Artistic Aura,Paperback,"Dec 31, 2024",
0,https://www.amazon.com/dp/B0DS7ZHRFR,B0DS7ZHRFR,Dill With It!: A 150-Page Lined Journal For When You're In A Pickle!,Elijah Blue Designs,Paperback,"Dec 31, 2024",
0,https://www.amazon.com/dp/B0DS7Z5Q7M,B0DS7Z5Q7M,Personal Productivity Daily Planner: What's Next?,Paul Anton,Hardcover,"Dec 31, 2024",
1,https://www.amazon.com/dp/B0DS7YZZSR,B0DS7YZZSR,"91 mood tracker: mood tracking journal, ideal for people who suffer with low moods, 101 pages",Blossom Tribe,Paperback,"Dec 31, 2024",
0,https://www.amazon.com/dp/B0DS7YWDMS,B0DS7YWDMS,"Notebook: Blank Journal with 100 Pages | Perfect for Writing, Note-Taking, Doodling, and Journaling | Large 8.5 x 11 Size | Minimalist Design for ... and Creative Minds - White cover",Beauty Full Minds,Paperback,"Dec 31, 2024",
0,https://www.amazon.com/dp/B0DS7YQXH3,B0DS7YQXH3,"Luxurious Royal Blue Scripting Journal: Manifestation Notebook For Women: Law Of Attraction, Scripting and Creating Your Own Reality Notebook",The Zen Woman,Paperback,"Dec 31, 2024",
0,https://www.amazon.com/dp/B0DS7YQM3K,B0DS7YQM3K,Lamenting & Gratitude,Terrella Omaña,Hardcover,"Dec 31, 2024",
0,https://www.amazon.com/dp/B0DS7YL8PN,B0DS7YL8PN,"NoteBook K-Pop 좋아요 (I love Kpop): A Notebook for K-Pop Fans - Black Pink Edition: Your Ultimate Journal for Fangirling, Songwriting, and Creative Inspiration",Roseanne Jaesan,Paperback,"Dec 31, 2024",
1,https://www.amazon.com/dp/B0CPGLG7S7,B0CPGLG7S7,The Complete Anti-Anxiety Guide: How to Manage Your Anxiety for a Happier Life,Future Publishing Ltd,Paperback,"Aug 16, 2023",
0,https://www.amazon.com/dp/B0DS7YCKN1,B0DS7YCKN1,Let Your Wishes Soar This Year: A Guided Journal to Elevate Your Dreams and Aspirations,Artistic Aura,Paperback,"Dec 31, 2024",
0,https://www.amazon.com/dp/B0DS7Y85ZL,B0DS7Y85ZL,"Thailand Notebook: The Classic One of a Kind, Blank Notebook: Inspirational Notebook-Journal, Blank Book to Write In",Landscape Notebooks,Paperback,"Dec 31, 2024",
0,https://www.amazon.com/dp/B0DS7Y6Q6G,B0DS7Y6Q6G,Creative Ideas Notebook: 100 Pages for Jotting Down Inspiration On the Go,Hunter,Paperback,"Dec 31, 2024",
0,https://www.amazon.com/dp/B0DS7Y69NV,B0DS7Y69NV,GUIDED GRATTITUDE JOURNAL,NITISH PARWAL,Paperback,"Dec 31, 2024",
0,https://www.amazon.com/dp/B0DS7Y4HCG,B0DS7Y4HCG,Daily Gratitude Journal: 90 Days to a Happier You!: A Simple Guide to Cultivating Positivity and Joy,Ebony  A Saunders,Paperback,"Dec 31, 2024",
0,https://www.amazon.com/dp/B0DS7Y3TNF,B0DS7Y3TNF,"Intermittent Fasting Tracker For Men & Women: 90-Day Fasting Journal For Weight Loss To Track & Log Your Fasting Hours, Food & Water Intake, Calories, ... and More. Large 8.5x11 Inches, 103 Pages.",Melissa Miracle,Paperback,"Dec 31, 2024",
0,https://www.amazon.com/dp/B0DS7Y1XG6,B0DS7Y1XG6,Writing things down: the secret weapon of the 'slightly seasoned' brain: Because sticky notes on the fridge only get you so far!,5 Steps In The Right Direction Bennett,Paperback,"Dec 31, 2024",
0,https://www.amazon.com/dp/B0DS7XV2PL,B0DS7XV2PL,Valentine’s Day Heartfelt Journal: A Notebook for All Your Loving Thoughts,Izabela Kampczyk,Paperback,"Dec 31, 2024",
0,https://www.amazon.com/dp/B0DS7XKQ97,B0DS7XKQ97,2025 Is My Year: Journal,Bobbie Jean S Huerth,Paperback,"Dec 31, 2024",
0,https://www.amazon.com/dp/B0DS7XK9ZR,B0DS7XK9ZR,"2025 Fitness Planner: 6-Month Workout and Wellness Tracker: Achieve Your Fitness Goals with This 24-Week Journal | Perfect for Tracking Workouts, Nutrition, and Progress | 7.5 x 9.25 inches, 180 Pages",RS PUBLISHER,Paperback,"Dec 31, 2024",
0,https://www.amazon.com/dp/B0DS7X7GLH,B0DS7X7GLH,Girly Daily Planner and Goal Tracker: Guided Goal Planning and Daily Tracking for the Working Girly,Latalia Charles,Paperback,"Dec 31, 2024",
0,https://www.amazon.com/dp/B0DS7X7CJN,B0DS7X7CJN,"Doodle & Dreams: Shamrock Hat and Horseshoe Cover, Journal Notebook, 120 Pages, 5.5 x 9 inch, Softcover Notebook, Ruled Note Pages for Writing, Blank Pages for Drawing/Sketching",Rand Positive,Paperback,"Dec 31, 2024",
0,https://www.amazon.com/dp/B0DS7WYHGB,B0DS7WYHGB,Wishing for a year of new beginnings.: A Journal to Embrace Fresh Starts and Bright Opportunities,Artistic Aura,Paperback,"Dec 31, 2024",
0,https://www.amazon.com/dp/B0DS7WY347,B0DS7WY347,"My Daily Journal: Wellness, Therapeutic Purposes, Goal Setting and Planning, Gratitude and Positivity, Hobbies and Interest",Iyonna's World Journals & More,Paperback,"Dec 31, 2024",
0,https://www.amazon.com/dp/B0DS7WPS1Z,B0DS7WPS1Z,2025 Bingo Vision Board Monthly Planner - Blue: Goals and Dreams Organizer Journal,Michelle Urra,Hardcover,"Dec 31, 2024",
0,https://www.amazon.com/dp/B0DS7WG154,B0DS7WG154,"The Year of Focus 2025 Planner: One-Year Organizer with Weekly and Monthly Layouts for Goal-Setting, Priorities, To-Do Lists, Notes, and Contact Info.",Ayoub Designs,Paperback,"Dec 31, 2024",
0,https://www.amazon.com/dp/B0DS7WFQ67,B0DS7WFQ67,"Fuck It 2025 Planner for Sarcastically Gifted Women: One-Year Weekly and Monthly Layouts with Sections for Goals, Priorities, To-Do Lists, Notes, and Contact Info.",Ayoub Designs,Paperback,"Dec 31, 2024",
0,https://www.amazon.com/dp/B0DS7W7H45,B0DS7W7H45,"End of Day Reflections: A Journey to Gratitude and Calm: A 90-Day Journey to Reflection, Gratitude, and Inner Peace",Noodle Nudgers,Paperback,"Dec 31, 2024",
0,https://www.amazon.com/dp/B0DS7VWDGL,B0DS7VWDGL,"Elegant Journal [Golden Black Edition] : Journaling notebook for Men and Women for Travel, work, school, college purposes. Size - 6"" x 9"" , Pages - 144",Garrin Harbour,Paperback,"Dec 31, 2024",
1,https://www.amazon.com/dp/B0DS7VV643,B0DS7VV643,A Winter Joy Journal: To Greet the New Year,River Sisters,Paperback,"Dec 31, 2024",
0,https://www.amazon.com/dp/B0DS7VRXCV,B0DS7VRXCV,Planner 2025,Rajdeep S Singh,Paperback,"Dec 31, 2024",
0,https://www.amazon.com/dp/B0DS7VRTDZ,B0DS7VRTDZ,"My Daily Journal: Wellness, Therapeutic Purposes, Goal Setting and Planning, Gratitude and Positivity, Hobbies and Interest",Spotted Calf Designs,Paperback,"Dec 31, 2024",
0,https://www.amazon.com/dp/B0DS7VN7JK,B0DS7VN7JK,"Golden Blooms: A Stunning Sunflower-Inspired notebook for Creativity, and Joy.",Notebooks Souna,Paperback,"Dec 31, 2024",
0,https://www.amazon.com/dp/B0DS7VJDR5,B0DS7VJDR5,"Music Lover’s Lined Notebook - Book 2, 100 Lined pages, 8.5' x 11': For work, study, journaling, note taking, and whatever else you want to write",Creative Africa Space,Paperback,"Dec 31, 2024",
0,https://www.amazon.com/dp/B0DS7VGC3F,B0DS7VGC3F,"My Daily Journal: Wellness, Therapeutic Purposes, Goal Setting and Planning, Gratitude and Positivity, Hobbies and Interest",Spotted Calf Designs,Paperback,"Dec 31, 2024",
0,https://www.amazon.com/dp/B0DS7VC8D1,B0DS7VC8D1,"360° Success: Personal Transformation Goal Planner: A 52-Week Journey to Transform Your Life Through Daily Planning, Habit Tracking, Financial Goals & Self-Reflection",Marcel Plum,Hardcover,"Dec 31, 2024",
0,https://www.amazon.com/dp/B0DS7VBKFW,B0DS7VBKFW,MAKE IT HAPPEN: Ultimate Planner,AZK Publishers,Paperback,"Dec 31, 2024",
0,https://www.amazon.com/dp/B0DS7V3FV6,B0DS7V3FV6,"Doodle & Dreams: Green Black Yellow Plaid Cover, Journal Notebook, 120 Pages, 5.5 x 9 inch, Softcover Notebook, Ruled Note Pages for Writing, Blank Pages for Drawing/Sketching",Rand Positive,Paperback,"Dec 31, 2024",
0,https://www.amazon.com/dp/B0DS7V1G5W,B0DS7V1G5W,Daily Planner 2025,Ghulam Zubaida,Paperback,"Dec 31, 2024",
0,https://www.amazon.com/dp/B0DS7TRXS6,B0DS7TRXS6,"My 2025 Gratitude Journal: Notebook for practicing gratitude, mindfulness, and caring for mental health. Positive thoughts assigned to each month inspire and encourage positive thinking",Alex Harmony,Paperback,"Dec 31, 2024",
0,https://www.amazon.com/dp/B0DS7T9Z64,B0DS7T9Z64,"Wings Up, Worries Down 2025 Planner: A Yearly Organizer with Sections for Goals, Priorities, To-Do Lists, Notes, and Contact Information to Keep You Focused.",Ayoub Designs,Paperback,"Dec 31, 2024",
0,https://www.amazon.com/dp/B0DS7T9PZR,B0DS7T9PZR,"Organized Fucking Chaos Planner 2025-2026: Two-Year Sweary Organizer Featuring Weekly and Monthly Layouts, Goals, Notes, Priorities, and To-Do Lists.",Ayoub Designs,Paperback,"Dec 31, 2024",
0,https://www.amazon.com/dp/B0DS7T948D,B0DS7T948D,HENDRIX: Sports Notebook,ES Publishing,Paperback,"Dec 31, 2024",
0,https://www.amazon.com/dp/B0DS7T7RQ7,B0DS7T7RQ7,Sweet Love Notebook: Valentine’s Day Edition: Fill Your Pages with Love and Joy,Izabela Kampczyk,Paperback,"Dec 31, 2024",
0,https://www.amazon.com/dp/B0DS7SYJBV,B0DS7SYJBV,"Make 2025-2026 Your Bitch: Weekly and Monthly Planner with Space for Goals, Priorities, To-Do Lists, Notes, and Contacts to Rule the Next Two Years.",Ayoub Designs,Paperback,"Dec 31, 2024",
0,https://www.amazon.com/dp/B0DS7SVXQF,B0DS7SVXQF,I need a Journal.: For eanyone how wants to remember some thoughts.,Aorys Journals,Paperback,"Dec 31, 2024",
0,https://www.amazon.com/dp/B0DS7STVBP,B0DS7STVBP,"Heart Notebook | Wide Rule Notebook | 7.5 x 9.25, 120 pages | For kids, teens and adults",Amanda Kay Wright,Paperback,"Dec 31, 2024",
1,https://www.amazon.com/dp/B0DS7SPZQR,B0DS7SPZQR,Gut Feelings A Journal for Those with Gastrointestinal Illnesses,Ashley Turner,Paperback,"Dec 31, 2024",
0,https://www.amazon.com/dp/B0DS7SMWH8,B0DS7SMWH8,"Believe in You 2025 Planner: One-Year Organizer for Staying Inspired with Goals, Priorities, To-Do Lists, Notes, and Contact Pages.",Ayoub Designs,Paperback,"Dec 31, 2024",
0,https://www.amazon.com/dp/B0DS7SHTGQ,B0DS7SHTGQ,Love Notes: A Valentine’s Day Notebook: Write Your Heart Out This Valentine’s Day,Izabela Kampczyk,Paperback,"Dec 31, 2024",
0,https://www.amazon.com/dp/B0DS7SG8FH,B0DS7SG8FH,Black girl magic notebook,Taylor Strange,Paperback,"Dec 31, 2024",
0,https://www.amazon.com/dp/B0DS7S8W5H,B0DS7S8W5H,"Maybe Swearing Will Help Weekly Planner 2025-2026: Two-Year Weeks and Monthly Organizer with Goal-Setting, To-Do Lists, Priorities, Notes, and Contact Information.",Ayoub Designs,Paperback,"Dec 31, 2024",
0,https://www.amazon.com/dp/B0DS7S8DML,B0DS7S8DML,"A New Dawn 2025-2026 Planner: Two-Year Organizer for Goal-Setting, Priorities, To-Do Lists, Notes, and Contact Information to Begin Your New Chapter.",Ayoub Designs,Paperback,"Dec 31, 2024",
0,https://www.amazon.com/dp/B0DS7S7DBP,B0DS7S7DBP,Fast With Purpose: Fasting and Prayer Journal,Jasmine I Valenzuela,Paperback,"Dec 31, 2024",
0,https://www.amazon.com/dp/B0DS7S71B6,B0DS7S71B6,"Planning Out My Anxiety 2025-2026: A Two-Year Planner with Weekly and Monthly Pages, Goal-Setting, Priorities, Notes, and Contact Information.",Ayoub Designs,Paperback,"Dec 31, 2024",
0,https://www.amazon.com/dp/B0DS7S5H69,B0DS7S5H69,"The Ultimate 2025 Monthly Planner: Make 2025 your most aesthetic, organized and inspired year yet!",Matilda Ohnolz,Paperback,"Dec 31, 2024",
0,https://www.amazon.com/dp/B0DS7RXZNV,B0DS7RXZNV,"Seize The Fucking Day Planner 2025-2026: Bold Two-Year Weekly and Monthly Organizer with Spaces for Goals, Priorities, Notes, To-Do Lists, and Contact Pages.",Ayoub Designs,Paperback,"Dec 31, 2024",
0,https://www.amazon.com/dp/B0DS7RWRY7,B0DS7RWRY7,Sailing In Icy Seas Journal: a DOT GRID notebook for self-expression,JumpJammies Journals,Hardcover,"Dec 31, 2024",
0,https://www.amazon.com/dp/B0DS7RQKX3,B0DS7RQKX3,The Year in Your Words: A Daily Journal Volume 2: Daily Unique Prompts to Explore Yourself,Mr. Vipul Kavithiya,Hardcover,"Dec 31, 2024",
0,https://www.amazon.com/dp/B0DS7R9G17,B0DS7R9G17,"My Fucking Planner 2025-2026: Two-Year Weekly and Monthly Layouts with Dedicated Sections for Goals, Notes, Priorities, To-Do Lists, and Contacts.",Ayoub Designs,Paperback,"Dec 31, 2024",
0,https://www.amazon.com/dp/B0DS7R59F1,B0DS7R59F1,LAAVANYA Journal,ES Publishing,Paperback,"Dec 31, 2024",
0,https://www.amazon.com/dp/B0DS7R3G9M,B0DS7R3G9M,"To Give Up 2025 Planner: One-Year Organizer with Space for Goals, Priorities, Notes, To-Do Lists, and Contact Information to Help You Keep Going.",Ayoub Designs,Paperback,"Dec 31, 2024",
0,https://www.amazon.com/dp/B0DS7QXD2B,B0DS7QXD2B,Fast With Purpose: Fasting and Prayer Journal,Jasmine I Valenzuela,Paperback,"Dec 31, 2024",
0,https://www.amazon.com/dp/B0DS7QVMM8,B0DS7QVMM8,"Fuck Off you Fucking Fuck Sweary 2025-2026: A Bold Two-Year Weekly and Monthly Planner with Dedicated Sections for Goals, Priorities, Notes, and Contacts.",Ayoub Designs,Paperback,"Dec 31, 2024",
0,https://www.amazon.com/dp/B0DS7QVJ9W,B0DS7QVJ9W,"BILL TACKING NOTEBOOK TO organize monthly BUDGET, bill PAYMENT and daily EXPENSES: ""Your All-in-One Financial Planner""",Wonder Bookworld,Paperback,"Dec 31, 2024",
0,https://www.amazon.com/dp/B0DS7QH2SX,B0DS7QH2SX,"New Year, New You Journal: Self Reflection Notebook, Workbook, Diary",N Addison,Paperback,"Dec 31, 2024",
0,https://www.amazon.com/dp/B0DS7Q1LHQ,B0DS7Q1LHQ,"Peace of Mind End of Life Planner 2025-2026: Two-Year Organizer with Sections for Final Wishes, Goals, Important Contacts, To-Do Lists, and Notes for Peaceful Planning.",Ayoub Designs,Paperback,"Dec 31, 2024",
0,https://www.amazon.com/dp/B0DS7PYXX6,B0DS7PYXX6,I Got This (But Maybe Tommorow): Journal / Gift Notebook for Friends or Family,Shay . Niles,Paperback,"Dec 31, 2024",
0,https://www.amazon.com/dp/B0DS7PQ5V8,B0DS7PQ5V8,Notebook,MJ Lintrepide,Paperback,"Dec 31, 2024",
0,https://www.amazon.com/dp/B0DS7PJ6JM,B0DS7PJ6JM,Grateful Every Day: A Journal for Positive Thinking and Daily Reflection,Primary Notes,Hardcover,"Dec 31, 2024",
0,https://www.amazon.com/dp/B0DS7NXNM8,B0DS7NXNM8,"End of Life Planner 2025-2026: A Thoughtful Two-Year Organizer Featuring Space for Final Wishes, Goals, To-Do Lists, Notes, and Contact Information.",Ayoub Designs,Paperback,"Dec 31, 2024",
0,https://www.amazon.com/dp/B0DS7NHBWF,B0DS7NHBWF,"Portugal Notebook: The Classic One of a Kind, Blank Notebook: Inspirational Notebook-Journal, Blank Book to Write In",Landscape Notebooks,Paperback,"Dec 31, 2024",
0,https://www.amazon.com/dp/B0DS7NDHRM,B0DS7NDHRM,"Make Today Your Bitch Sweary Planner 2025: One-Year Weekly and Monthly Organizer with Goal-Setting, Priorities, To-Do Lists, Notes, and Contact Information.",Ayoub Designs,Paperback,"Dec 31, 2024",
0,https://www.amazon.com/dp/B0DS7MXHN2,B0DS7MXHN2,"F It! Sweary Planner 2025-2026: Two-Year Weekly and Monthly Organizer Featuring Goals, Priorities, Notes, To-Do Lists, and Contact Pages.",Ayoub Designs,Paperback,"Dec 31, 2024",
0,https://www.amazon.com/dp/B0DS7M6N27,B0DS7M6N27,"My Daily Journal: Wellness, Therapeutic Purposes, Goal Setting and Planning, Gratitude and Positivity, Hobbies and Interest",Spotted Calf Designs,Paperback,"Dec 31, 2024",
0,https://www.amazon.com/dp/B0DS7HQG2T,B0DS7HQG2T,"DEAR GOD I REALLY WANT YOU TO LOOK AT IT: A 120-Page Journal for Gratitude, Affirmations, and Heartfelt Prayers""",NIYSHARAA,Paperback,"Dec 31, 2024",
0,https://www.amazon.com/dp/B0DS7HJNKL,B0DS7HJNKL,The Self-Love Workbook for Women: Empowering Exercises to Build Confidence and Embrace Yourself,Chalsian Wright-Marston,Paperback,"Dec 31, 2024",
0,https://www.amazon.com/dp/B0DS7F13R1,B0DS7F13R1,The daily flow,M Bodo,Paperback,"Dec 31, 2024",
0,https://www.amazon.com/dp/B0DS7DVG54,B0DS7DVG54,"Blessed, Stressed, & Slightly Obsessed: A journal to unload, unwind, and celebrate the chaos.",Stephanie Floberg,Paperback,"Dec 31, 2024",
1,https://www.amazon.com/dp/B0DS7DRPCT,B0DS7DRPCT,90-Day Wellness Journal,Abbey Landry,Paperback,"Dec 31, 2024",
0,https://www.amazon.com/dp/B0DS7DMH2G,B0DS7DMH2G,"In case of ... Information, instructions, and personal wishes: A register to convey my essential instructions and information in the event of incapacity, death, or emergency.",Directions & Impact,Hardcover,"Dec 31, 2024",
0,https://www.amazon.com/dp/B0DS7DJJ92,B0DS7DJJ92,"Daily Planner: A 100-Day Undated Personal Organizer to Increase Productivity Using To-do lists, Hourly Schedules, Notes, and more",Elle G.,Paperback,"Dec 31, 2024",
0,https://www.amazon.com/dp/B0DS7D29JN,B0DS7D29JN,"Notebook therian (110 hojas rayadas de 6 x 9 in)Cuaderno de composición, Cuaderno del diario, portada therian vintage, papel crema: Therian",Fio Stazzone,Paperback,"Dec 31, 2024",
0,https://www.amazon.com/dp/B0DS7CVZ64,B0DS7CVZ64,The Diary of A Brilliant Man,Dr. Angela L. Hood,Paperback,"Dec 31, 2024",
0,https://www.amazon.com/dp/B0DS79VRZ6,B0DS79VRZ6,Let That Shit Go: Positive Funny Humoristic Gift Idea Notebook,Lucas Read,Paperback,"Dec 31, 2024",
0,https://www.amazon.com/dp/B0DS79N4DJ,B0DS79N4DJ,"Notebook therian (110 hojas rayadas de 6 x 9 in)Cuaderno de composición, Cuaderno del diario, portada therian vintage, papel crema: Therian",Fio Stazzone,Paperback,"Dec 31, 2024",
1,https://www.amazon.com/dp/B0DS79JCD4,B0DS79JCD4,Thanks-A-Bunch Grattiude Journal; A Blank Keepsake Journal For Daily Use,Nyche` D,Paperback,"Dec 31, 2024",
0,https://www.amazon.com/dp/B0DS794P9B,B0DS794P9B,"Self-Care Affirmation Journal: A Brighter Day Workbook For Women: Guided Prompts for Self-Acceptance, Positivity, Affirmations, Empowerment, and Mindfulness, size 6 X 9",Upright Books,Paperback,"Dec 31, 2024",
0,https://www.amazon.com/dp/B0DS793FSC,B0DS793FSC,"Choreograph Let Your Body Do the Talking Dance Notebook: Dance Choreography Notebook for Dancers, Instructors & Creatives | 8.5 x 11 Lined Journal for Ideas, Routines & Inspiration",Dee J Organizers,Paperback,"Dec 31, 2024",
0,https://www.amazon.com/dp/B0DS78MCFV,B0DS78MCFV,"Too Busy to Remember, So I Wrote It Here: A Journal for Ideas, Plans, and Overloaded Minds",Jack Scribble,Paperback,"Dec 31, 2024",
0,https://www.amazon.com/dp/B0DS78FJRV,B0DS78FJRV,La Clau*: Vocabulary Journal for Language Learners: Take on the challenge to learn 100 new words,La Clau*,Paperback,"Dec 31, 2024",
0,https://www.amazon.com/dp/B0DS7891GD,B0DS7891GD,"Fuck You and Your Lies: Rage, Heal, Forgive—A Journey from Betrayal to Freedom: A Journal for the Pissed Off and Brokenhearted",Phoenix Rey,Paperback,"Dec 31, 2024",
0,https://www.amazon.com/dp/B0DS786NVL,B0DS786NVL,"Manifesting Gratitude: A Guided Journal for Self-Care, Positivity, and Happiness",Amelia Joy,Paperback,"Dec 31, 2024",
2,https://www.amazon.com/dp/B0DS77YXFS,B0DS77YXFS,The Soft Power Journal: Your Social Climbing Wellness Guide to a Better Life!,The  New Feminine,Paperback,"Dec 31, 2024",
0,https://www.amazon.com/dp/B0DS77SNBR,B0DS77SNBR,My Journal,Kristie Nichols,Paperback,"Dec 31, 2024",
0,https://www.amazon.com/dp/B0DS77R4DL,B0DS77R4DL,Intentional Chick 30 Day Journal,Alana Mundy-Olds,Paperback,"Dec 31, 2024",
0,https://www.amazon.com/dp/B0DS77465X,B0DS77465X,Camp Life Notebook for Outdoor Lovers: Nature-Inspired Dot Grid Journal!,Lila Dawn,Paperback,"Dec 31, 2024",
5,https://www.amazon.com/dp/B0DB8PCP3Q,B0DB8PCP3Q,"Alcohol Use Disorders: From Struggles to Strength; Recognise the Signs of Dependence, Rise Above the Addiction, and Develop Your Resilience in this Self-Help Guide",Erica May,Paperback,"Jul 26, 2024",
0,https://www.amazon.com/dp/B0DS76JKM9,B0DS76JKM9,"WEDDING JOURNAL: ""A 120-LINED BLANK PAGES, Themed Journal for Memories, Plans, and Dreams""",PAGE & PLAN,Hardcover,"Dec 31, 2024",
0,https://www.amazon.com/dp/B0DS76GZ9M,B0DS76GZ9M,CATALEYA Journal,ES Publishing,Paperback,"Dec 31, 2024",
0,https://www.amazon.com/dp/B0DS765355,B0DS765355,"Shape Your Ideas: A Grid Notebook for Creativity, Planning and Productivity, Pink Journal",Molly Ortega,Paperback,"Dec 31, 2024",
0,https://www.amazon.com/dp/B0DS755WG8,B0DS755WG8,Resolution Tracker: Habit Tracking Diary to Set Your Goals and Monitor Your Progress Month by Month to Stay Motivated and Achieve Success,Ruby Galvez,Paperback,"Dec 31, 2024",
0,https://www.amazon.com/dp/B0DS74HHWD,B0DS74HHWD,A Personal Journal,Mr Deepak Kishor Bhatt,Hardcover,"Dec 31, 2024",
0,https://www.amazon.com/dp/B0DS73XZGH,B0DS73XZGH,Pink Croquette Daily Planner with 96 pages for planning,Briana Christie,Kindle,"Dec 31, 2024",
0,https://www.amazon.com/dp/B0DS73V99X,B0DS73V99X,"Focus & Excel: 2025 Planner: Unlock Your Potential with Daily, Weekly, and Monthly Goals – Stay Organized, Ace Your Studies, and Excel",Aria Noor,Paperback,"Dec 31, 2024",
0,https://www.amazon.com/dp/B0DS73TXYG,B0DS73TXYG,Cat Series Journals: GOAT,Madeline Henners,Paperback,"Dec 31, 2024",
0,https://www.amazon.com/dp/B0DS73J6GP,B0DS73J6GP,Thoughts Unleashed: Notebook - Pack of 1 | Single Line | 300 Pages | A4 - 29.7cm x 21.0cm |Lined notebook | Blank journal | Daily notes | Writing ... Everyday writing | Creative writing notebook|,Harish Bisht,Paperback,"Dec 31, 2024",
0,https://www.amazon.com/dp/B0DS7391RL,B0DS7391RL,Aesthetic Minimalist Journal 2025,Ana D Cruz,Paperback,"Dec 31, 2024",
0,https://www.amazon.com/dp/B0DS72CN11,B0DS72CN11,Crowned with Confidence: The Royal Look Journal for Every Woman 2025,Mansi Saini,Paperback,"Dec 31, 2024",
0,https://www.amazon.com/dp/B0DS72CGFF,B0DS72CGFF,Cat Series Journals: Say That Again,Madeline Henners,Paperback,"Dec 31, 2024",
0,https://www.amazon.com/dp/B0DS729466,B0DS729466,Lance Journal Sketchbook,JULIA A ROYSTON,Paperback,"Dec 31, 2024",
0,https://www.amazon.com/dp/B0DS721K23,B0DS721K23,Cat Series Journals: Find Your Light,Madeline Henners,Paperback,"Dec 31, 2024",
0,https://www.amazon.com/dp/B0DS715FVN,B0DS715FVN,The Beautiful Life I'm Creating: Extended Version: Six Month Manifestation Journal,Abigail Atkins,Paperback,"Dec 31, 2024",
0,https://www.amazon.com/dp/B0DS6ZBHTJ,B0DS6ZBHTJ,I AM Catalina,Laughing Dog Press,Paperback,"Dec 31, 2024",
0,https://www.amazon.com/dp/B0DS6YQWKT,B0DS6YQWKT,Composition notebook: Easter Chick cute aesthetic design - 101 wide ruled pages - Space for little drawings included,Wiktoria Lad,Paperback,"Dec 31, 2024",
0,https://www.amazon.com/dp/B0DS6Y8FXT,B0DS6Y8FXT,"My Notes: Lined Notebook for Lists, Journaling, and Planning – Ballet Shoes In Flowers",Shannon Lee Furrow,Paperback,"Dec 31, 2024",
0,https://www.amazon.com/dp/B0DS6Y5GG1,B0DS6Y5GG1,"Empowered Living: A Guided Journal to Manifest Joy, Clarity, and Abundance in Your Daily Life",Mr Daksh Sherigar,Paperback,"Dec 31, 2024",
0,https://www.amazon.com/dp/B0DS6Y58V6,B0DS6Y58V6,Composition Notebook: Easter Chick adorable illustration - 101 Wide ruled pages - Space for little drawings included - perfect for kids and school,Wiktoria Lad,Paperback,"Dec 31, 2024",
0,https://www.amazon.com/dp/B0DS6Y542R,B0DS6Y542R,"Starting Over - You're Not Alone, Honey: A Book To Help You Heal After A Breakup",Jarosław Moose,Paperback,"Dec 31, 2024",
0,https://www.amazon.com/dp/B0DS6Y3KPB,B0DS6Y3KPB,Composition Notebook: Easter chick floral design - 101 wide ruled pages - space for little drawings included - perfect for kids,Wiktoria Lad,Paperback,"Dec 31, 2024",
0,https://www.amazon.com/dp/B0DS6Y26QY,B0DS6Y26QY,"100 days of school: 6x9 Blank Lined Notebook to Write In | Perfect Gift for Teachers, Students, and Parents",Sophie  Nila Press,Paperback,"Dec 31, 2024",
0,https://www.amazon.com/dp/B0DS6Y1FRK,B0DS6Y1FRK,The Plant Killer Journal: A Hilariously Honest Diary for the Botanically Challenged,Ostlyngen Farms,Paperback,"Dec 31, 2024",
0,https://www.amazon.com/dp/B0DS6XTHMY,B0DS6XTHMY,The Stillness Within: A Journal for Samatha Practice: Cultivating Mindful Presence Through Daily Samatha Meditation Practices,Ethan J. Virtue,Paperback,"Dec 31, 2024",
0,https://www.amazon.com/dp/B0DS6XSZF7,B0DS6XSZF7,"My Notes: Lined Notebook for Lists, Journaling, and Planning – Tropical Beach Bar",Shannon Lee Furrow,Paperback,"Dec 31, 2024",
0,https://www.amazon.com/dp/B0DS6WV75Y,B0DS6WV75Y,Thought and Memory: A journal for the spirit.,B A Derrick,Paperback,"Dec 31, 2024",
0,https://www.amazon.com/dp/B0DS6WQCFX,B0DS6WQCFX,I AM Catherine,Laughing Dog Press,Paperback,"Dec 31, 2024",
0,https://www.amazon.com/dp/B0DS6WQ7TX,B0DS6WQ7TX,"Dream Big, Plan Smart: The 2025 Planner & Journal for Goal-Getters: Special Edition Argentina/Uruguay: Tango Dance Expressionist Art",Goldy Publication,Paperback,"Dec 31, 2024",
0,https://www.amazon.com/dp/B0DS6WLMVP,B0DS6WLMVP,"2025 Master Planner & Journal – Organize, Set Goals, and Achieve Success: Special Edition: Belly dance Impressionist Art",Goldy Publication,Paperback,"Dec 31, 2024",
0,https://www.amazon.com/dp/B0DS6WK1JG,B0DS6WK1JG,2025 PLANNER WITH NOTES SECTION,STAMBACK,Kindle,"Dec 31, 2024",
0,https://www.amazon.com/dp/B0DS6VTC6P,B0DS6VTC6P,Journeys & Memories: A special Beautiful Notebook journal for Capturing life’s Special Moments.,Souna's Notebooks,Paperback,"Dec 31, 2024",
0,https://www.amazon.com/dp/B0DS6GWTMF,B0DS6GWTMF,"Fitness Tracker Planner: Your Ultimate Guide to Crushing Fitness Goals, Staying Consistent, and Owning Your Journey to Wellness.",Love and Light,Paperback,"Dec 31, 2024",
0,https://www.amazon.com/dp/B0DS6FZM81,B0DS6FZM81,60th Wedding Anniversary Notebook: Sixty Years Celebration Journal for Husband and Wife - Funny Couples Keepsake Celebrating 60 Years of Marriage,Happy Mus Co,Paperback,"Dec 31, 2024",
0,https://www.amazon.com/dp/B0DS6FYS26,B0DS6FYS26,I AM Cataleya,Laughing Dog Press,Paperback,"Dec 31, 2024",
0,https://www.amazon.com/dp/B0DS6DZHKR,B0DS6DZHKR,Confessions of a Professional Overthinker,Aireen Lomasoc,Paperback,"Dec 31, 2024",
0,https://www.amazon.com/dp/B0DS6DH1RC,B0DS6DH1RC,The Plant Killer Journal: A Hilariously Honest Diary for the Botanically Challenged,Ostlyngen Farms,Paperback,"Dec 31, 2024",
0,https://www.amazon.com/dp/B0DS6DGYDD,B0DS6DGYDD,"Unspoken Thoughts- The Meeting Edition;Funny Novelty Office Gag Notebook | Lined Paperback Notebook | Matte Finish Cover | White Paper (Funny Office ... for Colleagues, Bosses, and Work Meetings",rajaratnam lishanthan,Paperback,"Dec 31, 2024",
0,https://www.amazon.com/dp/B0DS6D9778,B0DS6D9778,You're Crazy. I like You: Positive Funny Humoristic Gift Idea Notebook,Lucas Read,Paperback,"Dec 31, 2024",
0,https://www.amazon.com/dp/B0DS6CX11D,B0DS6CX11D,"Rise in Grace: Cultivating Prayer, Gratitude, and Peace for a Joyful Start",Ms. Jenny Liz,Paperback,"Dec 31, 2024",
0,https://www.amazon.com/dp/B0DS6CVLRV,B0DS6CVLRV,From Goals to Greatness: Your 2025 Planner & Journal: Japan Special Edition: Kabuki Dance Impressionist Art,Goldy Publication,Paperback,"Dec 31, 2024",
0,https://www.amazon.com/dp/B0DS6CTY2Z,B0DS6CTY2Z,60th Wedding Anniversary Notebook: Sixty Years Celebration Journal for Husband and Wife - Funny Couples Keepsake Celebrating 60 Years of Marriage,Happy Mus Co,Paperback,"Dec 31, 2024",
0,https://www.amazon.com/dp/B0DS6CPR6D,B0DS6CPR6D,"Stress & Anxiety Mood Journal: Daily Emotional Wellness Tracker – Perfect Gift for Anxiety Relief: 141 Pages to Manage Stress, Overcome Anxiety, Improve Mental Health, and Promote Emotional Clarity",Autumn Well,Paperback,"Dec 31, 2024",
0,https://www.amazon.com/dp/B0DS6CPCMV,B0DS6CPCMV,60th Wedding Anniversary Notebook: Sixty Years Celebration Journal for Husband and Wife - Funny Couples Keepsake Celebrating 60 Years of Marriage,Happy Mus Co,Paperback,"Dec 31, 2024",
0,https://www.amazon.com/dp/B0DS6C7DH6,B0DS6C7DH6,Daily Planner - Day per page with checklist - 366 pages - 14 x 22 cm - For man/woman,Diego McGuigan,Paperback,"Dec 31, 2024",
1,https://www.amazon.com/dp/B0DS6C3CF7,B0DS6C3CF7,"369 Manifestation Journal: Affirmations, Law of Attraction, and Divine Numbers to Manifest in 120 Days",Ola B,Paperback,"Dec 31, 2024",
0,https://www.amazon.com/dp/B0DS6C1J4K,B0DS6C1J4K,"Your Future is Created Today: Lined 100 Pages. Plan, Dream, Achieve – All in One Place",Elena Cohen,Paperback,"Dec 31, 2024",
0,https://www.amazon.com/dp/B0DS6C124X,B0DS6C124X,2025 Journal: MANIFESTATION GUIDE,Ms. Zinneerah  H Hawwa,Paperback,"Dec 31, 2024",
0,https://www.amazon.com/dp/B0DS6BZ4JR,B0DS6BZ4JR,Love Journal,Michelle Charise,Paperback,"Dec 31, 2024",
0,https://www.amazon.com/dp/B0DS6BYHCH,B0DS6BYHCH,Dot Grid Notebook: Blank 100 pages Dot Grid Notebook for Creatives,Rosewood Books,Paperback,"Dec 31, 2024",
0,https://www.amazon.com/dp/B0DS6BX6XY,B0DS6BX6XY,"Dream, Believe, Achieve: A Manifestation Journey, ""2025 will Be Different"": A Manifestation Journal for Success and Gratitude",Mr. Kreative Kid,Paperback,"Dec 31, 2024",
0,https://www.amazon.com/dp/B0DS6BWKJG,B0DS6BWKJG,Organized Adventures Travel Planning Notebook: It’s Time to Pack with the Pros: Being Your Total Companion for Stress-Free and Fun Trips,Briona Nguyen,Paperback,"Dec 31, 2024",
0,https://www.amazon.com/dp/B0DS6BSGMC,B0DS6BSGMC,Vibrant Energy Notebook: Ignite Your Creativity and Flow with Positivity,angelika pieczynska,Paperback,"Dec 31, 2024",
0,https://www.amazon.com/dp/B0DS6BS4RB,B0DS6BS4RB,It's Ok. I'm On 500mgs Of Fukitol: Funny Sarcastic Blank Notebook; Humoristic Workplace Gift,Luke Adams,Paperback,"Dec 31, 2024",
0,https://www.amazon.com/dp/B0DS6BQY46,B0DS6BQY46,Smart Moving Planner: Here is Your Comprehensive Guide to Stress-Free and Organized Moving.,Briona Nguyen,Paperback,"Dec 31, 2024",
0,https://www.amazon.com/dp/B0DS6BQVG7,B0DS6BQVG7,The Plant Killer Journal: A Hilariously Honest Diary for the Botanically Challenged,Ostlyngen Farms,Paperback,"Dec 31, 2024",
0,https://www.amazon.com/dp/B0DS6BMXXB,B0DS6BMXXB,"The Power Series - Break through: Smash through barriers and limitations. Write about challenges faced, lessons learned, and victories achieved.",Federico Delgado,Paperback,"Dec 31, 2024",
0,https://www.amazon.com/dp/B0DS6BM71X,B0DS6BM71X,Self-Esteem Journal: Inspirational guided prompts that help the reader dive deeply into their journey of self-esteem and personal growth.,Jules Wright,Hardcover,"Dec 31, 2024",
0,https://www.amazon.com/dp/B0DS6BJXVN,B0DS6BJXVN,Affirmations for Success: A Women's Journal to Empower Your 2025 Journey: Affirmation 2025 : key to success,Mansi Saini,Paperback,"Dec 31, 2024",
0,https://www.amazon.com/dp/B0DS6BDJQS,B0DS6BDJQS,Breathe it Out: A Notebook To Relieve Your Stress Out,Sylviya Lorn,Paperback,"Dec 31, 2024",
0,https://www.amazon.com/dp/B0DS6BBCQN,B0DS6BBCQN,Mindful Pregnancy Journal,Sayed Islam,Paperback,"Dec 31, 2024",
0,https://www.amazon.com/dp/B0DS6B788T,B0DS6B788T,Love Coupons For Her: 45 Prefilled and 15 Fillable Vouchers,DD Creative Press,Paperback,"Dec 31, 2024",
0,https://www.amazon.com/dp/B0DS6B2JG2,B0DS6B2JG2,"Paws & Play: A Notebook & Journal for Dog Lovers: 120 Pages of Lined Paper with Motivational Words on Front and Back Cover, Colorful Dog-Themed ... for Creativity, Reflections, and Fun Ideas",Golden Pages Publishing,Paperback,"Dec 31, 2024",
0,https://www.amazon.com/dp/B0DS69VYJS,B0DS69VYJS,"ADHD-Friendly Daily Planner 2025: Simple Layout for Staying Organized, Focused, and Productive in a Busy Day",Vintage Press,Paperback,"Dec 31, 2024",
1,https://www.amazon.com/dp/B0DS69TSTV,B0DS69TSTV,Shield-maiden: A journal of strength and triumph.,B A Derrick,Paperback,"Dec 31, 2024",
0,https://www.amazon.com/dp/B0DS69QHMX,B0DS69QHMX,November: Monthly Dotted Notebook for any purpose,Dana Ewa Raven,Paperback,"Dec 31, 2024",
0,https://www.amazon.com/dp/B0DS69PLVG,B0DS69PLVG,"The Power Series - Act: The starting point of any journey. Use this notebook to brainstorm ideas, commit to decisions, and take bold actions.",Federico Delgado,Paperback,"Dec 31, 2024",
0,https://www.amazon.com/dp/B0DS697SZH,B0DS697SZH,"The power Series - Decide: Gain clarity and confidence in your choices. Use this notebook to weigh options, set priorities, and choose your path forward.",Federico Delgado,Paperback,"Dec 31, 2024",
0,https://www.amazon.com/dp/B0DS697MR6,B0DS697MR6,Feelings Journal,Kyri Demby,Paperback,"Dec 31, 2024",
0,https://www.amazon.com/dp/B0DS695X7Z,B0DS695X7Z,"Daily Dose of Inspiration Notebook: A Guided Space for Daily Reflections, Positive Affirmations, and Personal Growth.",Souna Notebooks,Paperback,"Dec 31, 2024",
0,https://www.amazon.com/dp/B0DS694CDY,B0DS694CDY,My diary,Waiting Pages,Paperback,"Dec 31, 2024",
0,https://www.amazon.com/dp/B0DS68Y8K3,B0DS68Y8K3,2025 IS MY YEAR,suneetha arety,Paperback,"Dec 31, 2024",
0,https://www.amazon.com/dp/B0DS68QLSX,B0DS68QLSX,Lead with Purpose: Guided Leadership Notebook A4 Blue,MJ Flanagan,Paperback,"Dec 31, 2024",
0,https://www.amazon.com/dp/B0DS68PPB9,B0DS68PPB9,The 2025 Dream Journal: Where Possibilities Take Flight,BIBHUDATTA BAHINIPATI,Paperback,"Dec 31, 2024",
0,https://www.amazon.com/dp/B0DS68NZ67,B0DS68NZ67,"Fox Tales: 6 x 9 College-Ruled Notebook with Artistic Fox Pattern: A Stylish and Functional Notebook for Writing, Journaling, and Planning",New Grafiks,Hardcover,"Dec 31, 2024",
0,https://www.amazon.com/dp/B0DS68F5HC,B0DS68F5HC,Boho Dots: A lined Notebook/Journal,Arden Books,Paperback,"Dec 31, 2024",
0,https://www.amazon.com/dp/B0DS68CRF6,B0DS68CRF6,"Cute Capybara College Ruled 6x9"" Notebook/Journal: Trendy coquette preppy gift for school, home and dorm.",Evelyn Hope,Paperback,"Dec 31, 2024",
0,https://www.amazon.com/dp/B0DS68BLXD,B0DS68BLXD,October,Dana Ewa Raven,Paperback,"Dec 31, 2024",
0,https://www.amazon.com/dp/B0DS682C9Q,B0DS682C9Q,"Beyond the Waves: A journal to write down the moment of happiness, gratitude, strength and triumph, perfect gift for you or your loved ones.",Ms Serena Vale,Paperback,"Dec 31, 2024",
0,https://www.amazon.com/dp/B0DS681912,B0DS681912,"Grind & Grow 6 Month Fitness jounral: Track Your Workouts, Build Strength, and Stay Motivated",Derrick Campbell,Paperback,"Dec 31, 2024",
0,https://www.amazon.com/dp/B0DS67YQ3Y,B0DS67YQ3Y,"""Cancer 2025 Astrology & Moon Planner: Your Zodiac Guide to Success and Self-Care"": ""Astrological Calendar with Moon Phases, Planetary Movements, ... and Practical Trackers for Cancer Energy""",Eve Crescent,Paperback,"Dec 31, 2024",
0,https://www.amazon.com/dp/B0DS67Y411,B0DS67Y411,Goal Planner - Project Planner - Undated Planner,Liane Ray,Paperback,"Dec 31, 2024",
0,https://www.amazon.com/dp/B0DS67VHDV,B0DS67VHDV,Notebook: Happy New Year,MR  MOHAMMAD IRFAN KHAN,Paperback,"Dec 31, 2024",
0,https://www.amazon.com/dp/B0DS67VBZH,B0DS67VBZH,"Dance Notebook - Be The Wave, Dance, Flow & Rise: Lined Dance Notebook for Dancers, Choreographers Journal, Dance Instructors, Dance Notebook for ... Dance Choreography Notebook and Creative Flow",Dee J Organizers,Paperback,"Dec 31, 2024",
0,https://www.amazon.com/dp/B0DS67SSSH,B0DS67SSSH,"chasing thoughts aesthetic daily journal Dear Diary to do list 8.5""x11"" daily planner cute design Cloudy Thoughts",Meow Meow,Paperback,"Dec 31, 2024",
0,https://www.amazon.com/dp/B0DS67MML9,B0DS67MML9,"Have A Magical Day!: Motivational Notebook 110 lined 6""x9"" Beautiful magical inspirational notebook with quotes on every page - Notebook to Write In ... Quotes| Inspirational Journals to Write In",Inspiring Anett,Hardcover,"Dec 31, 2024",
0,https://www.amazon.com/dp/B0DS67LJHV,B0DS67LJHV,The Power Of Now Is Yours: Lined 100 Pages. Stay Motivated and Organized Every Day,Elena Cohen,Paperback,"Dec 31, 2024",
1,https://www.amazon.com/dp/B0DS67LH25,B0DS67LH25,"Success And Study Motivation 120 Page Ruled Notebook: For Studying, Notes Making And Daily TO DO Lists",Fresh Pen,Paperback,"Dec 31, 2024",
0,https://www.amazon.com/dp/B0DS67K2Q5,B0DS67K2Q5,"Keep Calm I Have Spreadsheet For That: Workplace Humor Notebook, Droll Employee Journal, 6x9 in, 100 Ruled Pages With One Motivational Quote On Each Pages",Crea Vex,Paperback,"Dec 31, 2024",
0,https://www.amazon.com/dp/B0DS67JNP8,B0DS67JNP8,"Confident Girl Planner: Guiding the Young Females to Organize, Set Goals and Achieve for the Day",Briona Nguyen,Paperback,"Dec 31, 2024",
0,https://www.amazon.com/dp/B0DS67CZQP,B0DS67CZQP,"Mermaid Dreams: A Notebook & Journal for Dreamers: 120 Pages of Lined Paper with Motivational Words on Front and Back Cover, Colorful Mermaid-Themed Graphic Design, 6 Unique Designs Every 20 Pages",Golden Pages Publishing,Paperback,"Dec 31, 2024",
0,https://www.amazon.com/dp/B0DS67CW2X,B0DS67CW2X,"Serene Blossoms: An 8.25 x 6 Blank Notebook for Your Creative Journey: Inspired by Nature’s Beauty, Perfect for Sketching, Journaling, or Note-Taking",Ralph Webber Publishing,Paperback,"Dec 31, 2024",
0,https://www.amazon.com/dp/B0DS678CZV,B0DS678CZV,Daily Planner - Day per page with checklist - 366 pages - 14 x 22 cm - For man/woman,Diego McGuigan,Paperback,"Dec 31, 2024",
0,https://www.amazon.com/dp/B0DS67899C,B0DS67899C,"Adorable Cat Notebook / Journal: Fluffy kitty sticking out its tongue. Glossy cover. 110 lined pages. 7.5"" x 9.25""",Catie Cat Creations Publishing,Paperback,"Dec 31, 2024",
0,https://www.amazon.com/dp/B0DS67683V,B0DS67683V,"New Year Journal: Cozy fall themed notebook, 111 pages, Ideal for Mom, Journaling, Manifestation",My Emotion Mastery,Paperback,"Dec 31, 2024",
0,https://www.amazon.com/dp/B0DS674WQD,B0DS674WQD,"Golden Elegance: A 6x9 College Ruled Notebook with Vintage Ornamental Design: A Perfect Companion for Writing, Note-Taking, and Organizing Your Thoughts",New Grafiks,Hardcover,"Dec 31, 2024",
0,https://www.amazon.com/dp/B0DS672R1R,B0DS672R1R,A JOURNAL FOR THR DREAMER & THE WRITER,MISTEY A FORVOUR,Paperback,"Dec 31, 2024",
0,https://www.amazon.com/dp/B0DS66W1BN,B0DS66W1BN,"Unicorn Dreams: A Notebook & Journal for Dreamers: 120 Pages of Lined Paper with Motivational Words on Front and Back Cover, Colorful Unicorn-Themed Graphic Design, 6 Unique Designs Every 20 Pages",Golden Pages Publishing,Paperback,"Dec 31, 2024",
0,https://www.amazon.com/dp/B0DS66TBRY,B0DS66TBRY,"The Peekaboo Cat Notebook: for lovers of all things feline. Glossy Cover. 100 lined pages. 7.5"" x 9.25""",Catie Cat Creations Publishing,Paperback,"Dec 31, 2024",
0,https://www.amazon.com/dp/B0DS66PJY1,B0DS66PJY1,"Enjoy Every Moment: A Journal for Inspiration and Reflection: Capture Your Thoughts, Dreams, and Daily Wins | 150+ Pages of Guided Prompts, Creative Space, and Motivation",Afia Sameen,Paperback,"Dec 31, 2024",
0,https://www.amazon.com/dp/B0DS66NTL4,B0DS66NTL4,"K.I.S.S Planner: Your Roadmap to Simplify, Home, Business and Take Control of Your Day-to-Day Life",Mary Ham,Paperback,"Dec 31, 2024",
0,https://www.amazon.com/dp/B0DS66F5PV,B0DS66F5PV,Battery Low: It's a Journal Bro,Dominic D Hudson,Paperback,"Dec 31, 2024",
0,https://www.amazon.com/dp/B0DS668298,B0DS668298,NOTEBOOK-Club 4 FIFTEEN,T. BANYA,Paperback,"Dec 31, 2024",
0,https://www.amazon.com/dp/B0DS667CGZ,B0DS667CGZ,"New Year's Resolution,Plan Your October,That Will Change Your Life: Become The Person You Really Want To Be ,Resolution Notebook,Monthly Plenner, ... Minimalist Planner To Help You Get Stuff Done",Naomi Evans,Paperback,"Dec 31, 2024",
0,https://www.amazon.com/dp/B0DS666QWR,B0DS666QWR,"French Bulldog and Paw Print Lined Notebook: 110 Pages, 7.5 x 9.25 Inches, Cute Paperback Journal for Everyday Use",Mrs. Onarin Sirisatidkid,Paperback,"Dec 31, 2024",
0,https://www.amazon.com/dp/B0DS663XS5,B0DS663XS5,"2025 Weekly Planner Pocket Edition Dark Gray: Compact 6x4 Inches, Monthly & Weekly Views, Contacts, Passwords, Ruled & Unruled Pages",Calendiaries,Paperback,"Dec 31, 2024",
0,https://www.amazon.com/dp/B0DS663BSX,B0DS663BSX,"Journal for Doctoral Students: The beauty of research lies in the journey, not just the destination.",Kev Antonip,Paperback,"Dec 31, 2024",
0,https://www.amazon.com/dp/B0DS66187P,B0DS66187P,Club 4 FIFTEEN: Office Organizer,T. Banya,Paperback,"Dec 31, 2024",
0,https://www.amazon.com/dp/B0DS65Y5KK,B0DS65Y5KK,Pretty On Purpose Lined Journal,Kamilah  A. Van,Paperback,"Dec 31, 2024",
0,https://www.amazon.com/dp/B0DS65W54H,B0DS65W54H,"Student Homework Planner: Designed for Students of All Levels and Learning Styles | Undated with Goal Setting, Tracking, & Reflection | 8.5”x11” with 122 Pages",Valchand Creations,Paperback,"Dec 31, 2024",
0,https://www.amazon.com/dp/B0DS65VKW1,B0DS65VKW1,2025 JOURNAL,MR Akshat KUMARR Jain,Paperback,"Dec 31, 2024",
0,https://www.amazon.com/dp/B0DS65SDBN,B0DS65SDBN,Explore Creative Journal: Connect,Akhilesh Jalakanta,Paperback,"Dec 31, 2024",
0,https://www.amazon.com/dp/B0DS65R7TG,B0DS65R7TG,Cholo Notebook - 200 Lined pages,Kadric Publishing,Paperback,"Dec 31, 2024",
0,https://www.amazon.com/dp/B0DS65P36F,B0DS65P36F,Journal,Lyra Night,Paperback,"Dec 31, 2024",
0,https://www.amazon.com/dp/B0DS65JFJ1,B0DS65JFJ1,My Daily Journal,Jonathan Scott,Hardcover,"Dec 31, 2024",
0,https://www.amazon.com/dp/B0DS65J7N9,B0DS65J7N9,"Premium 80-page lined notebook “Scorpio notebook - Astro collection"" – 15.24 x 22.86 cm (6 x 9 po) journal for writing, Note-Taking, and Organizing – Perfect for Work, School, or Personnal Use",Julia TSE,Paperback,"Dec 31, 2024",
0,https://www.amazon.com/dp/B0DS65HLS3,B0DS65HLS3,The 222 Journal: 30 Days to Mindfulness in Just 4 Minutes a Day,Lila Monroe,Paperback,"Dec 31, 2024",
0,https://www.amazon.com/dp/B0DS65GM6B,B0DS65GM6B,"Daily Planner: Organize Your Year for Maximum Productivity: 365 Pages to Help You Stay Focused, Organized, and Achieve Your Goals",Prince Suryawanshi,Paperback,"Dec 31, 2024",
0,https://www.amazon.com/dp/B0DS65BLCR,B0DS65BLCR,"""Mom and Dad, Listen to My Heart""|is a beautifully crafted notebook designed to bridge the gap between generations and create a lasting legacy of love, memories, and personal reflections.",mr  raj b vijay,Paperback,"Dec 31, 2024",
0,https://www.amazon.com/dp/B0DS658YRH,B0DS658YRH,"Cherry Blossoms Daily Reflections Journal: A 90-Day 8x10 College Ruled Lined Motivational, Gratitude, Affirmation Notebook. With 2025 Calendar.",The Adriana Nicole Collection,Paperback,"Dec 31, 2024",
0,https://www.amazon.com/dp/B0DS657PHQ,B0DS657PHQ,"Fuck Off I'm Busy Notebook / Journal: Go on......off you fuck! Glossy cover, 110 lined paged 7.5"" x 9.25""",Catie Cat  Creations Publishing,Paperback,"Dec 31, 2024",
0,https://www.amazon.com/dp/B0DS656ZLM,B0DS656ZLM,"Premium 120-page lined notebook “Scorpio notebook - Astro collection"" – 15.24 x 22.86 cm (6 x 9 po) journal for writing, Note-Taking, and Organizing – Perfect for Work, School, or Personnal Use",Julia TSE,Paperback,"Dec 31, 2024",
0,https://www.amazon.com/dp/B0DS655R31,B0DS655R31,"Composition Notebook | Vintage Botanical: Journal with 100 Cream College Ruled Pages | Notebook for Students, Back to School, Note Taking, Homework Assignments",Publish Pros,Paperback,"Dec 31, 2024",
1,https://www.amazon.com/dp/B0DS6537P6,B0DS6537P6,"""Leo 2025 Moon & Astrology Planner: Harness the Power of the Stars and Moon Phases"": ""145-Page Astrological Guide with Monthly and Weekly Calendars, ... Habit Trackers, and More for Leo Energy""",Eve Crescent,Paperback,"Dec 31, 2024",
0,https://www.amazon.com/dp/B0DS65136B,B0DS65136B,Sunlit Cherry Kisses Composition Notebook: Glossy ~ Wide Ruled ~ 100 Pages ~ Watermark @ Page 51,Andrea Guadalupe Gonzales,Paperback,"Dec 31, 2024",
0,https://www.amazon.com/dp/B0DS64ZVYP,B0DS64ZVYP,"Floral Monthly & Weekly Planner Book – Trendy Font Design for School, Work, and Goal Organization – Cute, Durable Calendar Organizer",H Armstrong,Paperback,"Dec 31, 2024",
0,https://www.amazon.com/dp/B0DS64ZCFT,B0DS64ZCFT,Gratitude & Dreams | A Notebook for Inspiration and Reflection: Fill your heart with gratitude and your pages with dreams,Alexis Kenton,Paperback,"Dec 31, 2024",
0,https://www.amazon.com/dp/B0DS64YP7L,B0DS64YP7L,Eco Footprints: A Journal for Greener Habits and Love for Nature,Deepesh Roy,Paperback,"Dec 31, 2024",
0,https://www.amazon.com/dp/B0DS64WQHB,B0DS64WQHB,128 pages college ruled journal notebook 7x10in balck,Sabeen Asif,Paperback,"Dec 31, 2024",
0,https://www.amazon.com/dp/B0DS64WPSV,B0DS64WPSV,Gratitude Journal: Another day to be thankful,Prabhjot Bains,Paperback,"Dec 31, 2024",
1,https://www.amazon.com/dp/B0DS64W9SD,B0DS64W9SD,Evil Eye Hamsa Hand Journal/Notebook: 120 Pages,F S,Paperback,"Dec 31, 2024",
0,https://www.amazon.com/dp/B0DS64V4LQ,B0DS64V4LQ,College Ruled NOTEBOOK BASIC DUSTY PINK (128 PAGES ),Sabeen Asif,Paperback,"Dec 31, 2024",
0,https://www.amazon.com/dp/B0DS64TK71,B0DS64TK71,Journal: 2025,Mrs Anusha A,Paperback,"Dec 31, 2024",
0,https://www.amazon.com/dp/B0DS64PD46,B0DS64PD46,Daily Planner For Everyone: Notebook for Daily Goal Setting and Planning,Alex Ererar,Paperback,"Dec 31, 2024",
0,https://www.amazon.com/dp/B0DS64P6Q8,B0DS64P6Q8,"PLANNER 2025: Be Organized, Be Confident and Reduce You Anxiety",Serena-Belle Grace,Hardcover,"Dec 31, 2024",
0,https://www.amazon.com/dp/B0DS64GX11,B0DS64GX11,"Inspirational Writing Notebook, He is Love, Pink, Gifts, Women, Prayer Journal, Notes,130 lined pages, Size 6x9: Diary, Christian,Teen, Mom, Daughter, ... Paper, Scripture, Devotional, Art, Self Help",Royal Diadem,Paperback,"Dec 31, 2024",
0,https://www.amazon.com/dp/B0DS64FQNX,B0DS64FQNX,"Premium Notebook - Perfect for Planning, Writing, Journaling & Creativity","Bigger Dreams, Little Design,",Paperback,"Dec 31, 2024",
0,https://www.amazon.com/dp/B0DS64FQNP,B0DS64FQNP,Daily dose of positivity,Rupa  Kalpesh Patel,Paperback,"Dec 31, 2024",
0,https://www.amazon.com/dp/B0DS64CN8Y,B0DS64CN8Y,"Composition Notebook: College Ruled Lined Journal, Smooth Thick Pages | 8.5x11 inches: 150 Pages",P.K. Ansah,Paperback,"Dec 31, 2024",
0,https://www.amazon.com/dp/B0DS648PF7,B0DS648PF7,"Premium Notebook - Perfect for Planning, Writing, Journaling & Creativity","Bigger Dreams, Little Design,",Paperback,"Dec 31, 2024",
0,https://www.amazon.com/dp/B0DS64787J,B0DS64787J,Paperback Journal Lined Notebook: Creative Brown Cover with Motivational Quote,SAM Co.,Paperback,"Dec 31, 2024",
0,https://www.amazon.com/dp/B0DS646GSN,B0DS646GSN,"Inspirational Writing Notebook, Notes, Teal, Blue, Women, Prayer Journal, Notes,130 lined pages, Size 8.5x11: Diary, Christian,Teen, Mom, Daughter, ... Paper, Scripture, Devotional, Art, Self Help",Royal Diadem,Paperback,"Dec 31, 2024",
0,https://www.amazon.com/dp/B0DS644BZK,B0DS644BZK,2025 Mindful Planner: Balance Your Life with Purpose and Clarity,Nakata Yoshito,Paperback,"Dec 31, 2024",
0,https://www.amazon.com/dp/B0DS643DPL,B0DS643DPL,Shine Bright: A Gratitude Journal to joy and Satisfaction,BFZ Studio,Paperback,"Dec 31, 2024",
0,https://www.amazon.com/dp/B0DS6432VY,B0DS6432VY,ADHD 2025 Adult planner: Thought organizer,al bookmaker,Hardcover,"Dec 31, 2024",
0,https://www.amazon.com/dp/B0DS642WRW,B0DS642WRW,Caution: May Contain Existential Dread,Aireen Lomasoc,Paperback,"Dec 31, 2024",
0,https://www.amazon.com/dp/B0DS63ZQLW,B0DS63ZQLW,"2025 Weekly Planner Pocket Edition Medium Dark Gray: Compact 6x4 Inches, Monthly & Weekly Views, Contacts, Passwords, Ruled & Unruled Pages",Calendiaries,Paperback,"Dec 31, 2024",
0,https://www.amazon.com/dp/B0DS63Y154,B0DS63Y154,Where Genius Begins Idea Journal: Momentum Builder,Akhilesh Jalakanta,Paperback,"Dec 31, 2024",
0,https://www.amazon.com/dp/B0DS63XC6R,B0DS63XC6R,"Inspirational Writing Notebook, Notes, Purple, Gifts, Women, Prayer Journal, Notes,130 lined pages, Size 8.5x11: Diary, Christian,Teen, Mom, Daughter, ... Paper, Scripture, Devotional, Art, Self Help",Royal Diadem,Paperback,"Dec 31, 2024",
0,https://www.amazon.com/dp/B0DS63WPVP,B0DS63WPVP,"118 journal prompts For 2025: Inspiring Prompts for Women, Goal Setting, Manifestation, Writing, Self-Care",Goal Gal,Paperback,"Dec 31, 2024",
0,https://www.amazon.com/dp/B0DS63W8XK,B0DS63W8XK,"Inspirational Writing Notebook, Psalm 148, Mint Green, Gifts, Women, Prayer Journal, Notes,130 lined pages, Size 8.5x11: Diary, Christian,Teen, Mom, ... Paper, Scripture, Devotional, Art, Self Help",Royal Diadem,Paperback,"Dec 31, 2024",
0,https://www.amazon.com/dp/B0DS63SZ1Z,B0DS63SZ1Z,A Promise To Myself Journal3: Retreat,Nikki's  Home Closet,Hardcover,"Dec 31, 2024",
0,https://www.amazon.com/dp/B0DS63R7LP,B0DS63R7LP,Boss Up!: Business Journal,Dr. Yvonne .Henderson,Paperback,"Dec 31, 2024",
0,https://www.amazon.com/dp/B0DS63PKH6,B0DS63PKH6,"2025 Weekly Planner Pocket Edition Medium Light Gray: Compact 6x4 Inches, Monthly & Weekly Views, Contacts, Passwords, Ruled & Unruled Pages",Calendiaries,Paperback,"Dec 31, 2024",
0,https://www.amazon.com/dp/B0DS63MFRX,B0DS63MFRX,Child of Grace Christian Journal,Simple Christian,Paperback,"Dec 31, 2024",
0,https://www.amazon.com/dp/B0DS63HR9Q,B0DS63HR9Q,Daily Planner For Everyone: Notebook for Daily Goal Setting and Planning,Alex Ererar,Paperback,"Dec 31, 2024",
0,https://www.amazon.com/dp/B0DS63GVM2,B0DS63GVM2,Create the Life You Desire,Cassandra Denise Jones,Paperback,"Dec 31, 2024",
0,https://www.amazon.com/dp/B0DS63GDG4,B0DS63GDG4,Coquette Girly Journal,Marsha Darby,Paperback,"Dec 31, 2024",
1,https://www.amazon.com/dp/B0DS63G689,B0DS63G689,PISCES 2025 Astrological 8.5 x 11 in. Planner: 2025 Daily Weekly Monthly Organizer for PISCES with Goal Planning – 165 Pages,JEM Publishing,Paperback,"Dec 31, 2024",
0,https://www.amazon.com/dp/B0DS63FDHL,B0DS63FDHL,"The Ultimate Self-Discovery Journal: A 5-Minute Daily Gratitude, Mindfulness & Reflection Journal for Personal Growth, Goal Setting, and Positive ... to Cultivate Happiness, Focus, and Well-Being",cameron marsh,Hardcover,"Dec 31, 2024",
0,https://www.amazon.com/dp/B0DS63FCCQ,B0DS63FCCQ,Celebrating the Remarkable Journey of a 39 Year Old Born in 1983: A Thoughtful Journal for Reflection and Creative Expression with 120 Pages to ... Ideas and Memories in a 6 by 9 Inch Format,Robert RO Moore,Paperback,"Dec 31, 2024",
0,https://www.amazon.com/dp/B0DS63F7D8,B0DS63F7D8,"Decluttering for a Stress-Free, Productive Life: From Chaos to Clarity",Reagan Skye,Kindle,"Dec 31, 2024",
0,https://www.amazon.com/dp/B0DS63CYMC,B0DS63CYMC,"Aesthetics Everyday Journal: Your Space for Dreams, Reflections, and Daily Inspiration",Olga Oslandi,Paperback,"Dec 31, 2024",
0,https://www.amazon.com/dp/B0DS63CLC1,B0DS63CLC1,Jesus There's Just Something About that Name: An Inclusive Journal for Believers,Codas 4 Christ,Paperback,"Dec 31, 2024",
2,https://www.amazon.com/dp/B0DS63BXTF,B0DS63BXTF,Handala Journal/Notebook: Handala on the Palestinian Flag,F S,Paperback,"Dec 31, 2024",
0,https://www.amazon.com/dp/B0DS63B355,B0DS63B355,Nursing Pharmacology Study Notebook: Blank Medication Template Notebook For Nursing School,Jacqueline Pentzel,Paperback,"Dec 31, 2024",
0,https://www.amazon.com/dp/B0DS636XJK,B0DS636XJK,Daily journal,Mrs Anusha A,Paperback,"Dec 31, 2024",
0,https://www.amazon.com/dp/B0DS632SSS,B0DS632SSS,Professional Notebook Journal Basic Notebook Lined Paperback,Mrs Kerry E Francis,Paperback,"Dec 31, 2024",
0,https://www.amazon.com/dp/B0DS632SPD,B0DS632SPD,Paperback Journal Lined Notebook: Creative Brown Nature Lover Theme,SAM Co.,Paperback,"Dec 31, 2024",
0,https://www.amazon.com/dp/B0DS63232S,B0DS63232S,Daily journal - 365 questions to explore yourself,Luna Elle Fluff,Paperback,"Dec 31, 2024",
0,https://www.amazon.com/dp/B0DS631GL5,B0DS631GL5,"Let's Think Outside The Box: 6 x 9 Blank Lined Notebook Journal - for Family and Friends, Perfect for Aspiring Entrepreneurs and Notes",Terry Lukenson,Paperback,"Dec 31, 2024",
0,https://www.amazon.com/dp/B0DS62WL6K,B0DS62WL6K,"Gratitude Journaling :"" Embrace the Blessings""",Jaspreet  Kaur Brar,Paperback,"Dec 31, 2024",
0,https://www.amazon.com/dp/B0DS62W4J9,B0DS62W4J9,"Reflections and Dreams Journal: A Beautiful Space for Writing, Planning, and Dreaming. Gold-Accented Wide-Ruled Notebook | Perfect for All Ages | 6 x 9 Inches",Seraphina Arts,Paperback,"Dec 31, 2024",
0,https://www.amazon.com/dp/B0DS62SPVD,B0DS62SPVD,"365 Day Dream Journal:: 365 Day Dream Log w/Purple Landscape for Kids, Women, and Men",McGuire Entertainment,Paperback,"Dec 31, 2024",
0,https://www.amazon.com/dp/B0DS62R91C,B0DS62R91C,Main Character Energy: A Self-Help Journal (undated): Comic Book version,K Hunt,Paperback,"Dec 31, 2024",
0,https://www.amazon.com/dp/B0DS62Q5P9,B0DS62Q5P9,"Composition Notebook: College Ruled Lined Journal, Smooth Thick Pages | 8.5x11 inches: 150 pages",P.K. Ansah,Paperback,"Dec 31, 2024",
0,https://www.amazon.com/dp/B0DS62KHDM,B0DS62KHDM,I've Got a Terrible Idea: a journal,Hudson,Paperback,"Dec 31, 2024",
0,https://www.amazon.com/dp/B0DS62G2QT,B0DS62G2QT,Dream Diary,Sarah Hertzler,Paperback,"Dec 31, 2024",
0,https://www.amazon.com/dp/B0DS62FYWT,B0DS62FYWT,Cholo Journal 200 Lined Pages,Kadric Publishing,Paperback,"Dec 31, 2024",
0,https://www.amazon.com/dp/B0DS62BQDG,B0DS62BQDG,Planned Chaos 2025,Kaitlan Stockman,Paperback,"Dec 31, 2024",
0,https://www.amazon.com/dp/B0DS628HSG,B0DS628HSG,My Daily Journal,Mr Jean Francois,Hardcover,"Dec 31, 2024",
0,https://www.amazon.com/dp/B0DS626MZ2,B0DS626MZ2,My Daily Bread: Prayer Journal for Black Women,Yvonne T Smith,Paperback,"Dec 31, 2024",
0,https://www.amazon.com/dp/B0DS626LXZ,B0DS626LXZ,2025 Weekly & Daily Planner,Prithika H,Paperback,"Dec 31, 2024",
0,https://www.amazon.com/dp/B0DS62447J,B0DS62447J,God Moves Mountains: A Journal for Recording and Reflecting on Life's Obstacles and How God Has Worked Them Out,Codas 4 Christ,Paperback,"Dec 31, 2024",
1,https://www.amazon.com/dp/B0DS6233XW,B0DS6233XW,Daily Journal,Dixie South,Paperback,"Dec 31, 2024",
0,https://www.amazon.com/dp/B0DS61Y8GD,B0DS61Y8GD,Elegant 2025 Calendar Book and Monthly Planner: A To-Do List Notebook That Makes Organizing Your Tasks Easy and Increases Productivity,Penny Forgetful,Paperback,"Dec 31, 2024",
0,https://www.amazon.com/dp/B0DS61Y16N,B0DS61Y16N,"Seashell Pocket Calendar 2025-2026 – Small 2-Year Planner with Monthly calendar with Notes, Password Tracker, and Important Dates | Compact 4x6 Organizer with Seashell Cover for purse or bag",Dani Songer,Paperback,"Dec 31, 2024",
0,https://www.amazon.com/dp/B0DS61X63Q,B0DS61X63Q,Accounting Ledger Log Book: A Comprehensive Financial Record Tracker: Efficiently Manage Your Finances with This Organized Ledger,Prince Suryawanshi,Paperback,"Dec 31, 2024",
0,https://www.amazon.com/dp/B0DS61QGRM,B0DS61QGRM,Daily Planner For Everyone: Notebook for Daily Goal Setting and Planning,Alex Ererar,Paperback,"Dec 31, 2024",
1,https://www.amazon.com/dp/B0DS61JTZR,B0DS61JTZR,"Be Fab Be Happy Be You: Affirmations for women to cultivate confidence, resilience, and inner strength",Camencia Pollard,Paperback,"Dec 31, 2024",
0,https://www.amazon.com/dp/B0DS61JTBM,B0DS61JTBM,"Positive affirmation notebook cover: 8.5×11 in, 120 pages, matte:: For gift, productivity, goal setting, schedule, logbook, journal and more, college ruled",Peace  Work Press,Paperback,"Dec 31, 2024",
0,https://www.amazon.com/dp/B0DS61HZ7J,B0DS61HZ7J,Paperback Journal Lined Notebook: Creative Notebook Lover Theme,SAM Co.,Paperback,"Dec 31, 2024",
0,https://www.amazon.com/dp/B0DS61GNZD,B0DS61GNZD,"Positive affirmation notebook cover: 8.5×11 in, 120 pages, matte:: For gift, productivity, goal setting, schedule, logbook, journal and more, college ruled",Peace  Work Press,Paperback,"Dec 31, 2024",
0,https://www.amazon.com/dp/B0DS61G9TV,B0DS61G9TV,"Premium Notebook - Perfect for Planning, Writing, Journaling & Creativity","Bigger Dreams, Little Design,",Paperback,"Dec 31, 2024",
0,https://www.amazon.com/dp/B0DS61G8GD,B0DS61G8GD,The Ultimate beginners guide to Gamifing your Goals - Make this year your year and Celebrate the small wins: Turn Goals into Wins and Challenges into Aventures.,Lauren Kate,Paperback,"Dec 31, 2024",
0,https://www.amazon.com/dp/B0DS61DY2C,B0DS61DY2C,Pawprints in Our Heart: Thoughtful & supportive journal and pet keepsake book for those affected by pet bereavement or pet loss.,Mindful Mama Publishing,Paperback,"Dec 31, 2024",
0,https://www.amazon.com/dp/B0DS61B5G1,B0DS61B5G1,Wedding Guest Book,Mila Joy,Paperback,"Dec 31, 2024",
0,https://www.amazon.com/dp/B0DS61B5FY,B0DS61B5FY,2025 PLANNER,SHIFA MALHOTRA,Paperback,"Dec 31, 2024",
0,https://www.amazon.com/dp/B0DS619DQK,B0DS619DQK,My Daily Bread: Prayer Journal for Black Men,Yvonne T Smith,Paperback,"Dec 31, 2024",
0,https://www.amazon.com/dp/B0DS6173FM,B0DS6173FM,My dream book,Mr Akshat Kumarr Jain,Paperback,"Dec 31, 2024",
0,https://www.amazon.com/dp/B0DS614Q3L,B0DS614Q3L,Doing the Thing: A Self-Guided Journey to Achieving What Matters Most,Nicholas Barnby,Paperback,"Dec 31, 2024",
0,https://www.amazon.com/dp/B0DS612HH2,B0DS612HH2,"Positive affirmation notebook cover: 8.5×11 in, 120 pages, matte:: For gift, productivity, goal setting, schedule, logbook, journal and more, college ruled",Peace  Work Press,Paperback,"Dec 31, 2024",
0,https://www.amazon.com/dp/B0DS5ZPB97,B0DS5ZPB97,"52 Weeks of Gratitude: A Guided Journal to Cultivate Positivity and Thankfulness: Daily and Weekly Prompts for Mindfulness, Self-Reflection, and Building a Happier Life",Nourished Roots Publishing,Paperback,"Dec 31, 2024",
0,https://www.amazon.com/dp/B0DS5ZNZK7,B0DS5ZNZK7,"The Next Chapter: Expanding the Urgency of Communication with the 13 C's: Clarity, Confidence, and Compassion",Renee Grey,Paperback,"Dec 31, 2024",
2,https://www.amazon.com/dp/B0DS5Z9M7P,B0DS5Z9M7P,2025 Bingo Vision Board Monthly Planner - Purple: Goals and Dreams Organizer Journal,Michelle Urra,Hardcover,"Dec 31, 2024",
0,https://www.amazon.com/dp/B0DS5Z7WKJ,B0DS5Z7WKJ,Inner Child Healing for Parents: A Guided Journal for Self-Healers and Cycle Breakers,Nourished Roots Publishing,Paperback,"Dec 31, 2024",
0,https://www.amazon.com/dp/B0DS5Z7V57,B0DS5Z7V57,"Things I'll Forget To Remember Notebook 6""x9"" College Ruled Journal: Makes a great gift for Mom, Dad, Grandma, Grandpa, Co Workers and anyone else who could use some help remembering.",Evelyn Hope,Paperback,"Dec 31, 2024",
0,https://www.amazon.com/dp/B0DS5Z7146,B0DS5Z7146,"Daily Journal: Your Sanctuary for Dreams, Reflection, and Imagination",Irene Christoulas,Paperback,"Dec 31, 2024",
1,https://www.amazon.com/dp/B0DS5YS5BN,B0DS5YS5BN,The Acceleration Planner: Rise Faster. Think Smarter. Dream Bigger.,MaQuettia Denise Ledet,Paperback,"Dec 31, 2024",
2,https://www.amazon.com/dp/B0DS5YR9QF,B0DS5YR9QF,Self Love Journal,Junique Powell,Hardcover,"Dec 31, 2024",
0,https://www.amazon.com/dp/B0DS5YMGTC,B0DS5YMGTC,"Eat, Drink and Be Thankful - Guided Gratitude Journal - 125 Pages of Mindful Reflection & Positivity",SpaceBeing Designs,Paperback,"Dec 31, 2024",
0,https://www.amazon.com/dp/B0DS5YLWWL,B0DS5YLWWL,My First Year SGRHO: A Journey Through Sisterhood and Service,Christina A. Tillery,Paperback,"Dec 31, 2024",
1,https://www.amazon.com/dp/B0DS5YBGVX,B0DS5YBGVX,"The Affirmation & Gratitude Spark: Gratitude, Positive Affirmations & Inspiration Notebook",Imogen Willow,Paperback,"Dec 31, 2024",
0,https://www.amazon.com/dp/B0DS5XXKDZ,B0DS5XXKDZ,My Goal Planner: Your Ultimate Tool for Achieving Goals and Staying Organized,Bright Henderson,Paperback,"Dec 31, 2024",
0,https://www.amazon.com/dp/B0GSMPBJNG,B0GSMPBJNG,"Anxiety Relief Journal: A Guided Daily Journal to Track Emotions, Reduce Stress, and Build Healthy Coping Habits",E J Opara,Paperback,"Mar 11, 2026",
0,https://www.amazon.com/dp/B0DS5XX334,B0DS5XX334,2025 planner & goal tracker,Jordan Kennedy,Paperback,"Dec 31, 2024",
0,https://www.amazon.com/dp/B0DS5XW5TP,B0DS5XW5TP,All about me: Gift Notebook Journal with 100 different motivational quotes for school Kids and adults.,Oliver  Nik Hayes,Paperback,"Dec 31, 2024",
0,https://www.amazon.com/dp/B0DS5XW1TD,B0DS5XW1TD,Journals for Women,Mr Jean Francois,Paperback,"Dec 31, 2024",
0,https://www.amazon.com/dp/B0DS5XVRDS,B0DS5XVRDS,"Empower Your Mind: A Women’s Mental Health Journal for Self-Care, Healing, and Inner Strength",Chantelle Richards,Paperback,"Dec 31, 2024",
0,https://www.amazon.com/dp/B0DS5XJ4SR,B0DS5XJ4SR,"""My Own Story: A Personal Journal for Self-Discovery and Reflection"" is a beautifully designed notebook that invites you to embark on a journey of self-exploration and personal growth.",mr  raj b vijay,Paperback,"Dec 31, 2024",
0,https://www.amazon.com/dp/B0DS5XJ3X2,B0DS5XJ3X2,Gratitude unlocked: Embracing Joy Each Day,Sandra Anderson,Kindle,"Dec 31, 2024",
0,https://www.amazon.com/dp/B0DS5XC5HV,B0DS5XC5HV,Chic Checkboard: 2025-2026 Pink and Green Planner: Stay Organized in Style: A Two-Year Logbook with Weekly Pages,Palm Street Designs,Paperback,"Dec 31, 2024",
0,https://www.amazon.com/dp/B0DS5XBNQY,B0DS5XBNQY,Reflections,L C C,Paperback,"Dec 31, 2024",
0,https://www.amazon.com/dp/B0DS5X9DND,B0DS5X9DND,MY BLOOD PRESSURE LOGBOOK: YOUR WAY TO BETTER HEALTH.,CHLOE ORTIZ,Paperback,"Dec 31, 2024",
0,https://www.amazon.com/dp/B0DS5X955P,B0DS5X955P,"Lined Notebook Journal for Women and Girls, 200 Numbered Pages, College Ruled Notebook with Gift Box, 100gsm Thick Floral Diary, Cute Aesthetic Office School Supplies",Luv Em,Hardcover,"Dec 31, 2024",
0,https://www.amazon.com/dp/B0DS5X8NX9,B0DS5X8NX9,"Take A Chance: Green Notebook / Journal: 6""x9"" Blank, Lined, 100 Pages",I Said What I Said,Paperback,"Dec 31, 2024",
0,https://www.amazon.com/dp/B0DS5X2J7V,B0DS5X2J7V,My Daily Bread: Prayer Journal,Yvonne T Smith,Paperback,"Dec 31, 2024",
0,https://www.amazon.com/dp/B0DS5WZGYW,B0DS5WZGYW,Worship Journal,Ethan L. Ketterer,Paperback,"Dec 31, 2024",
0,https://www.amazon.com/dp/B0DS5WQHND,B0DS5WQHND,"Daily Bullet Planner for 2025: Habit Tracker 2025 Bullet Journal: Jan 2025 - Dec 2025 Daily Bullet Journaling for Men and Women with Vision Board, Goals and Self Care Even Full Day Weekends Hardcover",Fiona Chiaraviglio,Hardcover,"Dec 31, 2024",
1,https://www.amazon.com/dp/B0DS5WNTG9,B0DS5WNTG9,2025 Bingo Vision Board Monthly Planner - Red: Goals and Dreams Organizer Journal,Michelle Urra,Hardcover,"Dec 31, 2024",
0,https://www.amazon.com/dp/B0DS5WN2MM,B0DS5WN2MM,"Dream. Hustle. Achieve.: Gift, Notebook Journal For Achievement And Reaching Your Goals.",Rowan Chase,Paperback,"Dec 31, 2024",
0,https://www.amazon.com/dp/B0DS5WM4Z2,B0DS5WM4Z2,Gratitude Journal,Donika Altamirano,Paperback,"Dec 31, 2024",
0,https://www.amazon.com/dp/B0DS5WLKQ7,B0DS5WLKQ7,"Aesthetic Cute Cat Notebook: Adorable Lined Journal for Cat Lovers, Women and Girls: Cute Note Book With 200 Lined Pages - Perfect For Gifting, ... Organized at Work or School, Daily use.",Ms Neha Kurian,Hardcover,"Dec 31, 2024",
0,https://www.amazon.com/dp/B0DS5WKM2M,B0DS5WKM2M,"Dreams Don’t Wait—Why Should You?: A 122-Page Lined Notebook for Dreamers and Doers | Capture Goals, Plan Your Journey, Reflect on Progress, Stay ... Achievements, and Turn Ambitions into Reality",Kayto Yokuto,Paperback,"Dec 31, 2024",
0,https://www.amazon.com/dp/B0DS5WJS5R,B0DS5WJS5R,"Basic Journal for You: Everyone needs to remember those important moments, young or adult, male or females. 6x9in/100pages/lined",Joey Books4you,Paperback,"Dec 31, 2024",
0,https://www.amazon.com/dp/B0DS5WDSGD,B0DS5WDSGD,4 Week Self-Discovery Journal: Activity Workbook,The Therapy Tools,Paperback,"Dec 31, 2024",
0,https://www.amazon.com/dp/B0DS5WCV1N,B0DS5WCV1N,WTF Is My Password: Security Book with Alphabetical Tabs | Keep Your Passwords Secure | Practical Journal for Internet Websites Usernames Emails and Notes,Christopher’s Creative Books,Paperback,"Dec 31, 2024",
0,https://www.amazon.com/dp/B0DS5WCPZM,B0DS5WCPZM,"Your Life, Your Plan: A 2025 Roadmap To Success",Mindful Muse,Paperback,"Dec 31, 2024",
0,https://www.amazon.com/dp/B0DS5WBT99,B0DS5WBT99,"Take A Chance: Blue Notebook / Journal: 6""x9"" Blank, Lined, 100 Pages",I Said What I Said,Paperback,"Dec 31, 2024",
0,https://www.amazon.com/dp/B0DS5W8H5S,B0DS5W8H5S,"Dream. Do. Repeat: A Self Care Journal for Women to Cultivate Self Love, Inner Peace, and Personal Growth",Doodle and Dream Co,Paperback,"Dec 31, 2024",
0,https://www.amazon.com/dp/B0DS5W827V,B0DS5W827V,2025 Vision: Weekly & Monthly Planner,Sandeep Repoody,Paperback,"Dec 31, 2024",
0,https://www.amazon.com/dp/B0DS5W7JKL,B0DS5W7JKL,"Take A Chance: Pink Notebook / Journal: 6""x9"" Blank, Lined, 100 Pages",I Said What I Said,Paperback,"Dec 31, 2024",
0,https://www.amazon.com/dp/B0DS5VX93V,B0DS5VX93V,The Culture Effect: Creating an Engaged and Productive Workforce,Cameron Ellis Grey,Paperback,"Dec 31, 2024",
0,https://www.amazon.com/dp/B0DS5VSWY6,B0DS5VSWY6,"IT’S TIME TO UNBIG YOUR BACK: A Weight Loss Tracking Journal, Women's Health, Simple Weight Tracker Journal, Goals",Annice G,Paperback,"Dec 31, 2024",
0,https://www.amazon.com/dp/B0DS5VQWH8,B0DS5VQWH8,2025 Basic Hourly Planner,P Asa Smith,Paperback,"Dec 31, 2024",
0,https://www.amazon.com/dp/B0DS5VCT7V,B0DS5VCT7V,"Life Unfolded: A 200-Page Journal of Thoughts and Experiences: Capture the Moments, Embrace the Journey",Tidi Grace,Paperback,"Dec 31, 2024",
0,https://www.amazon.com/dp/B0G92FXCWZ,B0G92FXCWZ,When the Mind Won’t Settle: A Guided Journal for Overthinking and Inner Rest,Claruna Studio,Paperback,"Dec 18, 2025",
0,https://www.amazon.com/dp/B0DS5V7D2G,B0DS5V7D2G,MY BLOOD PRESSURE LOGBOOK: THE JOURNEY TO TRACKING AND MANAGING YOUR BLOOD PRESSURE,CHLOE MAZON,Paperback,"Dec 31, 2024",
0,https://www.amazon.com/dp/B0DS5V71JZ,B0DS5V71JZ,"Payneful Thoughts on Life, Love, Hope and Healing From Trauma: A reflective journal","Aaron ""Payne"" Matthew Samples MS",Kindle,"Dec 31, 2024",
0,https://www.amazon.com/dp/B0DS5TWHHH,B0DS5TWHHH,Nighttime journal: Wind down before you sleep,Christine Valentine,Hardcover,"Dec 31, 2024",
0,https://www.amazon.com/dp/B0DS5TVT9F,B0DS5TVT9F,My Gratitude Journal: Watercolor,Ms Kristina S Zee,Paperback,"Dec 31, 2024",
0,https://www.amazon.com/dp/B0DS5T6SM3,B0DS5T6SM3,"The Moment You Believe In Yourself, Everything Changes: A 122-Page Lined Notebook for Self-Belief, Personal Growth, and Life Transformation | Capture ... Daily, Stay Inspired, and Achieve Your Dreams",Kayto Yokuto,Paperback,"Dec 31, 2024",
0,https://www.amazon.com/dp/B0DS5RF7Y9,B0DS5RF7Y9,The Monthly Planner & Journal 2025: MY PLANS SCHEDULES MEMORIES OF THE YEAR,JP G. Hovel,Paperback,"Dec 31, 2024",
2,https://www.amazon.com/dp/B0DS4X88BZ,B0DS4X88BZ,"No Is My Superpower: The Ultimate Guide for Entrepreneurs, Executives, and Leaders to Master Boundaries, Focus on What Matters, and Say 'No' to the Rest",Sreehari Menon,Kindle,"Dec 31, 2024",
0,https://www.amazon.com/dp/B0DS4V8BYF,B0DS4V8BYF,"Adulting Made Simple for Teens: A Practical Guide to Overcoming Fear, Create Meaningful Connections, and Take Charge of Your Future",Gabrielle Lomas,Kindle,"Dec 31, 2024",
0,https://www.amazon.com/dp/B0DS4T2KDK,B0DS4T2KDK,24 Settings to Help You Beat the Game: (of Life),Daniel Martin,Kindle,"Dec 31, 2024",
0,https://www.amazon.com/dp/B0DS4M5F7L,B0DS4M5F7L,"Wandering Home: Finding Fulfilment in Work, Travel & Family",Eden Howard,Hardcover,"Dec 31, 2024",
0,https://www.amazon.com/dp/B0DS4BJ4VB,B0DS4BJ4VB,Decluttering: A simple read for simple help.,Jake Holland,Paperback,"Dec 31, 2024",
2,https://www.amazon.com/dp/B0DS44LZ8X,B0DS44LZ8X,LEGENDS RISING: Creating the Modern Man,Brian Evans,Kindle,"Dec 31, 2024",
0,https://www.amazon.com/dp/B0DS42H43K,B0DS42H43K,The Art of Intention: 30 Days of Coloring Your Way to Manifestation,Taylor L. Wilhelm,Paperback,"Dec 31, 2024",
1,https://www.amazon.com/dp/B0DS41F3FS,B0DS41F3FS,"The Power Within All of Us: Vibrant Minds, Vibrant Lives",Mary M Jones,Kindle,"Dec 31, 2024",
0,https://www.amazon.com/dp/B0DS3XTRVD,B0DS3XTRVD,Sunday Sermons: How a praying Mother saved me.,Rev Gilbert  L Brewington ThD,Hardcover,"Dec 31, 2024",
0,https://www.amazon.com/dp/B0DS3VFH23,B0DS3VFH23,The Puzzle of You: Solve It to Succeed,Bikash Das,Paperback,"Dec 31, 2024",
0,https://www.amazon.com/dp/B0DS3CVFKV,B0DS3CVFKV,Time Management: My Personal Perspectives on How to Manage Your Time Efficiently,Diane Bastarache,Kindle,"Dec 31, 2024",
0,https://www.amazon.com/dp/B0DS2Z124Z,B0DS2Z124Z,HOW TO LIVE A LIFE OF LOVE AND JOY: Simple Steps to Build Strong Relationships and Happiness,Martin K. Tony,Paperback,"Dec 31, 2024",
0,https://www.amazon.com/dp/B0DS2XQ66W,B0DS2XQ66W,Caregiver Recharge: Find Me-Time,Jennifer Marks RN,Paperback,"Dec 31, 2024",
0,https://www.amazon.com/dp/B0DS2WSNTK,B0DS2WSNTK,Realisations from my 20s,Concept Cabin,Kindle,"Dec 31, 2024",
0,https://www.amazon.com/dp/B0DS2WHGV5,B0DS2WHGV5,Finding Happiness: The Happiness Word Search Journal,Chris Morisset,Paperback,"Dec 31, 2024",
1,https://www.amazon.com/dp/B0DS2WBBMF,B0DS2WBBMF,Twenty25: 25 THINGS TO BRING INTO 2025,Precious Johnson,Paperback,"Dec 31, 2024",
0,https://www.amazon.com/dp/B0DS2V9853,B0DS2V9853,4 Week Self-Discovery Activity Journal,The Therapy Tools,Paperback,"Dec 31, 2024",
0,https://www.amazon.com/dp/B0DS2RV7GM,B0DS2RV7GM,My Dad Doesn’t Love Me,Unlovable Daughter,Paperback,"Dec 31, 2024",
0,https://www.amazon.com/dp/B0DS2QYNQK,B0DS2QYNQK,"Lion Mandala Coloring Book for Adults: 45 Beautiful Lion Illustrations to Color, Simple and Bold Designs for Relaxation, Large Print 8.5"" x 8.5"", 94 Pages.",Liam Publishing,Paperback,"Dec 31, 2024",
1,https://www.amazon.com/dp/B0DS2QQ1C4,B0DS2QQ1C4,Victory or Defeat: The Ultimate Mind Game,Amya,Kindle,"Dec 31, 2024",
0,https://www.amazon.com/dp/B0DS2NVGTJ,B0DS2NVGTJ,values and boundaries that i should remember,A Home For Learning,Hardcover,"Dec 31, 2024",
1,https://www.amazon.com/dp/B0DS2LY1MC,B0DS2LY1MC,relaxation Mandalas: coloring book,Syam Marquez,Paperback,"Dec 31, 2024",
0,https://www.amazon.com/dp/B0DS2L21CF,B0DS2L21CF,Embracing the Inexpressible: An Exploration of Life's Silent Notes,Kaifi Chomani,Kindle,"Dec 31, 2024",
1,https://www.amazon.com/dp/B0DS2K8FK4,B0DS2K8FK4,Bitcoin Coloring: A Relaxing Adult & Teen Coloring/Colouring Experience with Over 40 Easy and Bold Bitcoin & Cryptocurrency Designs for Stress Relief & Fun While HODLing to the Moon.,Morgan Lindsey,Paperback,"Dec 31, 2024",
0,https://www.amazon.com/dp/B0DS2JK362,B0DS2JK362,I Am...: Activity Book V.2,Esha K,Paperback,"Dec 31, 2024",
0,https://www.amazon.com/dp/B0DS2JFWM8,B0DS2JFWM8,Cute & Cuddly: Bold & Easy Coloring Book,Serenity Hues,Paperback,"Dec 31, 2024",
3,https://www.amazon.com/dp/B0DVQ1YHX3,B0DVQ1YHX3,"You Are Born To Be Loved: A journal to help you build a gentle, compassionate, loving relationship with “YOU”",Tess Han,Paperback,"Jan 28, 2025",
0,https://www.amazon.com/dp/B0DS2GZW64,B0DS2GZW64,"Bold and Easy Sweet Delights Coloring Book-Perfect for kids, teens, adults and anyone who enjoys the sweetness of life!",HeavenlyMist,Paperback,"Dec 31, 2024",
0,https://www.amazon.com/dp/B0DS2FVCFG,B0DS2FVCFG,"First 21 Stories Of Change: ""21 Stories Which Your have to read for First Learnings of your life""",Abhinay Verma,Paperback,"Dec 31, 2024",
0,https://www.amazon.com/dp/B0DS2FF7BF,B0DS2FF7BF,I Am...: Colouring Book V.2,Esha K,Paperback,"Dec 31, 2024",
0,https://www.amazon.com/dp/B0DS2F4RX9,B0DS2F4RX9,Out-of-body experience phenomenon,Andrew Veklich,Hardcover,"Dec 31, 2024",
0,https://www.amazon.com/dp/B0DS2DY28Y,B0DS2DY28Y,I Am...: Colouring Book V.3,Esha K,Paperback,"Dec 31, 2024",
0,https://www.amazon.com/dp/B0DS2DN5R4,B0DS2DN5R4,Symphony Of The Year-end: Your One-stop Guide and Workbook for a Fulfilled Year-End and a Well-Planned Year Ahead,Precious Oluwanifemi A.,Kindle,"Dec 31, 2024",
0,https://www.amazon.com/dp/B0DS2DFT1S,B0DS2DFT1S,Goal Tracker 2025: Journal Tracker Minimalist Diary Notes Musings Goal,Saggere Book Publications,Paperback,"Dec 31, 2024",
0,https://www.amazon.com/dp/B0DS2D5DBD,B0DS2D5DBD,Hello Summer: Bold & Easy Coloring Book,Serenity Hues,Paperback,"Dec 31, 2024",
0,https://www.amazon.com/dp/B0DS2CTXZL,B0DS2CTXZL,"groovy summer: Coloring Book for Adults, Teens, and Kids. Simple, Cute, Bold and Easy Designs",du ba giang,Paperback,"Dec 31, 2024",
0,https://www.amazon.com/dp/B0DS2C7PY6,B0DS2C7PY6,"Bold and Easy Cute and Groovy Coloring Book: 40 Cute and Simple Designs For Adults and Teens, Stress-Free and Relaxation Illustrations",Arti Vibe,Paperback,"Dec 31, 2024",
0,https://www.amazon.com/dp/B0DS29GNP6,B0DS29GNP6,Glow up!: Your challenge 2025 with step by step instructions,Glitzereinhorn 123,Kindle,"Dec 31, 2024",
0,https://www.amazon.com/dp/B0DS28SVHF,B0DS28SVHF,Swear Word - Things I Want To Say At Work But Can't: Humor Workplace Cuss Coloring Book For Woman | Adult Stress Relieving | Motivational & ... Coloring Pages for Grown Ups 50 Designs,Reina Cecilia,Paperback,"Dec 31, 2024",
0,https://www.amazon.com/dp/B0DS28FGVX,B0DS28FGVX,Garden Dreams: Adult Coloring Book with 50 Flower Illustrations: Relaxing and Mindful Coloring Book for Adults Featuring Beautiful Floral Designs.,Teechai T.,Paperback,"Dec 31, 2024",
0,https://www.amazon.com/dp/B0DS284D9S,B0DS284D9S,Floral Serenity: 50 Relaxing Flower Coloring Pages for Adults: A Coloring Book Featuring Elegant Floral Bouquets for Stress Relief and Creativity.,Teechai T.,Paperback,"Dec 31, 2024",
0,https://www.amazon.com/dp/B0DS27JGNG,B0DS27JGNG,"Cozy Dog Coloring Book For Adults: Beautiful Illustrations of Dog Breeds to Color, Simple and Big Designs for Relaxation , Large Print 8.5""x8.5"", 63 Pages.",Liam Publishing,Paperback,"Dec 31, 2024",
0,https://www.amazon.com/dp/B0DS27C2MQ,B0DS27C2MQ,BELIEVE IN YOU: An Affirmation Coloring Book for Self-Love and Growth (OMI aka Sonja Stoeckli Series),Mrs Sonja Stoeckli,Paperback,"Dec 31, 2024",
0,https://www.amazon.com/dp/B0DS26SSRZ,B0DS26SSRZ,"Calming Patterns: A Relaxing Adult Coloring Book for Stress Relief and Mindfulness, Color Your Stress Away, Unwind with Relaxing Designs, Soothe Your ... Coloring, Stress-Free Living, Focus, Serenity",Dream Catcher,Paperback,"Dec 31, 2024",
0,https://www.amazon.com/dp/B0DS26N9JZ,B0DS26N9JZ,Keep Going No One GIves Sh*t: Adult Coloring Book,Blob Fish Press,Paperback,"Dec 31, 2024",
0,https://www.amazon.com/dp/B0DS26KYF5,B0DS26KYF5,PUZZLE BOOK WITH DIFFRENT MONTHLY PLANNERS AND CALENDER,Lovepreet SINGH,Paperback,"Dec 31, 2024",
0,https://www.amazon.com/dp/B0DS25RKR5,B0DS25RKR5,"God's Breath of Life: Breathing Prayers for Strength, Hope, and Healing from Anxiety and Depression","Nanette Floyd Patterson, LCMHC",Paperback,"Dec 31, 2024",
0,https://www.amazon.com/dp/B0DS24JTJS,B0DS24JTJS,120 Animals for Adults: An Adult Coloring Book with 120 Beautiful Animal Designs: An Adult Coloring Book with 120 Beautiful and Intricate Animal Designs for Relaxation and Creativity,Med Ben,Paperback,"Dec 31, 2024",
0,https://www.amazon.com/dp/B0DS23RFZQ,B0DS23RFZQ,Beautiful Tattooed Women – A unique and fun adult coloring book of artistic female tattoo designs for stress and leisure.,Bear Lam,Paperback,"Dec 31, 2024",
0,https://www.amazon.com/dp/B0DS22L7BH,B0DS22L7BH,Elegant Tattooed Women – A Beautiful Adult Coloring Book for Relaxation and Creative of Artistic Female Tattoos,Bear Lam,Paperback,"Dec 31, 2024",
0,https://www.amazon.com/dp/B0DS22L1DL,B0DS22L1DL,How to Focus and Finish Reading a Book,Grey Peterson,Kindle,"Dec 31, 2024",
0,https://www.amazon.com/dp/B0DS21KF52,B0DS21KF52,Self-Love Swear Word Coloring Book: Anxiety Relief and Relaxation Therapy for Women,Nerdy Spring,Paperback,"Dec 31, 2024",
0,https://www.amazon.com/dp/B0DS21715C,B0DS21715C,Sudoku 1000+ Puzzles: Easy to Hard Puzzles for Adults with Solutions,My Active Mind,Paperback,"Dec 31, 2024",
0,https://www.amazon.com/dp/B0DS1ZTVV4,B0DS1ZTVV4,"Mindfulness Coloring & Reflection for Her: Relax, Reflect, and Color with Inspirational Quotes, Thoughtful Prompts, and Calming Designs",Jolly Jolie,Paperback,"Dec 31, 2024",
0,https://www.amazon.com/dp/B0DS1YNW5R,B0DS1YNW5R,"7 Truths About Life: Unveiling the Path to Purpose, Happiness, and Fulfillment",Magical papers,Kindle,"Dec 31, 2024",
0,https://www.amazon.com/dp/B0DS1YGVJ9,B0DS1YGVJ9,Practical Habits for a Positive Life: A practical strategy to creating strong habits for a positive life.,Ta'Li Springs,Kindle,"Dec 31, 2024",
0,https://www.amazon.com/dp/B0DS1Y7583,B0DS1Y7583,From doubt to Destiny: Trusting Yourself Through the Emotional Maze,Piyush Tripathi,Kindle,"Dec 31, 2024",
0,https://www.amazon.com/dp/B0DS1XRPZD,B0DS1XRPZD,Swim Through Life: Inspirational Fish Quotes to Color and Reflect,Olajumoke Graphics Arts,Paperback,"Dec 31, 2024",
1,https://www.amazon.com/dp/B0DS1XGDBP,B0DS1XGDBP,"Idols In Our Heart: ""A Biblical Examination of Worship: Recognizing and rejecting False Gods"" (Dichotomies Explored: A Comparative Non-Fiction Series)",Cee Cee H. Caldwell,Kindle,"Dec 31, 2024",
0,https://www.amazon.com/dp/B0DS1WP8HF,B0DS1WP8HF,Spiritual guide in many ways,Alani Pratt,Paperback,"Dec 31, 2024",
0,https://www.amazon.com/dp/B0DS1W5FVS,B0DS1W5FVS,Empowered to Bloom: A Coloring Book of Affirmative Quotes to Inspire Women,Olajumoke Graphics Arts,Paperback,"Dec 31, 2024",
0,https://www.amazon.com/dp/B0DS1V5GBL,B0DS1V5GBL,Butterfly Inspired Quotes Coloring Book: Empowering Affirmations for Creativity and Transformation,Olajumoke Graphics Arts,Paperback,"Dec 31, 2024",
0,https://www.amazon.com/dp/B0DS1V15M9,B0DS1V15M9,"Practice Coloring For Beginners Volume 3: Summer - to help you with Swatching and Blending, Learn how to color with 50 pages of summer fun coloring examples",Amy Cates Corner,Paperback,"Dec 31, 2024",
0,https://www.amazon.com/dp/B0DS1RM9G9,B0DS1RM9G9,Forever 67: 30 Days Of Healing: Affirmations For Grief,Kenyatta Williams Magee,Kindle,"Dec 31, 2024",
0,https://www.amazon.com/dp/B0DS1QJJSW,B0DS1QJJSW,Calm and Color: Mindfulness Affirmations and Beautiful Designs. Coloring Book.,J. Carlos Landero R.,Paperback,"Dec 31, 2024",
0,https://www.amazon.com/dp/B0DS1P4J2S,B0DS1P4J2S,"Mandala Coloring Book for Adults: Inspiring Designs for Relaxation, Stress Relief, and Mindfulness | Perfect for Creativity and Art Therapy",Clarissa Tenny,Paperback,"Dec 31, 2024",
0,https://www.amazon.com/dp/B0DS1NWFB7,B0DS1NWFB7,The Shadow Within: A Beginners Guide to Understanding Yourself (The Inner Work Series),Ruby Asher,Kindle,"Dec 31, 2024",
2,https://www.amazon.com/dp/B0DS1LNP51,B0DS1LNP51,Nomad No More: An account of my journey home.,Bernice D Kear,Hardcover,"Dec 31, 2024",
0,https://www.amazon.com/dp/B0DS1DYQZB,B0DS1DYQZB,Forever Young-ish: The Science of Staying Vibrantly Alive: Unlocking the Secrets to Timeless Energy and Ageless Vitality,Alex Sugay,Kindle,"Dec 31, 2024",
0,https://www.amazon.com/dp/B0DS16M7BX,B0DS16M7BX,EmpowerQuest - Unlocking Your Potential: Skills for Success: Book 3 (EmpowerQuest: A Journey to Unleashing Your Extraordinary),Jessica Wernett,Kindle,"Dec 31, 2024",
0,https://www.amazon.com/dp/B0DS1566MQ,B0DS1566MQ,PAIN IS THE SILENCE OF LOVE: A Journey Through Love's Loss and the Quest for Healing,Margarita Nieto Mora,Kindle,"Dec 31, 2024",
1,https://www.amazon.com/dp/B0DS152F7S,B0DS152F7S,Where Shadows Dwell,Kyle Little,Kindle,"Dec 31, 2024",
0,https://www.amazon.com/dp/B0DS14DDJR,B0DS14DDJR,"Magical Manifestations: How to Harness the Power of Intentions for Wealth, Love, and Success",Michelle Hoffmann,Kindle,"Dec 31, 2024",
0,https://www.amazon.com/dp/B0DS14CCJ3,B0DS14CCJ3,The Way of the Rune Warrior,Joel Huncar,Paperback,"Dec 31, 2024",
0,https://www.amazon.com/dp/B0DS143JLY,B0DS143JLY,"Your Voice, Your Tool: A Guide to Becoming an Empowered, Engaged and Educated Patient!",Sandra L Washington,Paperback,"Dec 31, 2024",
0,https://www.amazon.com/dp/B0DS142QJR,B0DS142QJR,Natural Solutions to Combat Body Odor: Reduce Your Body Odor Naturally (The D.I.Y Healer),Dr.  Emily Carter,Kindle,"Dec 31, 2024",
0,https://www.amazon.com/dp/B0DS13JKDD,B0DS13JKDD,THE GOSPEL OF JESUS (1st Revised Edition): His Teachings and Their Spiritual Meaning,Alta Luz Caminho e Sabedoria,Paperback,"Dec 31, 2024",
0,https://www.amazon.com/dp/B0DS13DSG6,B0DS13DSG6,Surviving the Rising Cost of Living: Practical Strategies for Thriving on a Budget,Oluchi Ike,Kindle,"Dec 31, 2024",
0,https://www.amazon.com/dp/B0DS13CDM4,B0DS13CDM4,Zero Evidence of Life,Tracey Sivek,Paperback,"Dec 31, 2024",
0,https://www.amazon.com/dp/B0DS134NWK,B0DS134NWK,Forgiveness and Healing: A Dual Approach to Healing from Abuse (The Empowering Stories),J.D. Grace,Paperback,"Dec 31, 2024",
0,https://www.amazon.com/dp/B0DS12BLVN,B0DS12BLVN,Nourished & Wise: A Senior's Complete Guide to Vegan Nutrition and Wellness,Kathleen Sage,Kindle,"Dec 31, 2024",
1,https://www.amazon.com/dp/B0DS11YTVL,B0DS11YTVL,Decline the Offer – The Mental Marketplace: Rejecting Negative Whispers with God’s Truth,NJ Domrufus,Kindle,"Dec 31, 2024",
0,https://www.amazon.com/dp/B0DS11KF3P,B0DS11KF3P,"Empowered Habits: Unlocking Your Potential: Introduction to Three Main Concepts: Habit Stacking, The Two-Minute Rule, The Goldilocks (Self-Help Books)",Ahiranta Rinpoche BSc MA,Kindle,"Dec 31, 2024",
0,https://www.amazon.com/dp/B0DRZX8QZ6,B0DRZX8QZ6,Reclaiming Radiance: A Holistic Guide to Emotional and Physical Well-Being for Mid-Life Women,Maureen Chaloner,Kindle,"Dec 31, 2024",
0,https://www.amazon.com/dp/B0DRZX6LNS,B0DRZX6LNS,From Memories to Meaning: A Guide to Storytelling and Inner Healing - Senior's Edition,Sue Relihan,Kindle,"Dec 31, 2024",
0,https://www.amazon.com/dp/B0DRZX2HZ1,B0DRZX2HZ1,Empowered and Ageless: Thriving in Midlife & Beyond. Living Fully,Diane Marksz,Kindle,"Dec 31, 2024",
0,https://www.amazon.com/dp/B0DRZWQ745,B0DRZWQ745,"Anxiety: Reduce your stress, concentrate, and revitalize your spirit.",SEAMALL BREE,Kindle,"Dec 31, 2024",
0,https://www.amazon.com/dp/B0DRZWMWQ1,B0DRZWMWQ1,Poetry For Success: Become the Source of Your Happiness,Sushanto Basak,Kindle,"Dec 31, 2024",
0,https://www.amazon.com/dp/B0DRZWB65B,B0DRZWB65B,THE CREATIVE JOURNEY,Sasha Beaumont,Paperback,"Dec 31, 2024",
0,https://www.amazon.com/dp/B0DRZVDTMM,B0DRZVDTMM,The New Science of Getting Rich: The Secrets of Manifesting Financial Abundance,Jeff Hammer,Paperback,"Dec 31, 2024",
0,https://www.amazon.com/dp/B0DRZV1DQ7,B0DRZV1DQ7,Organized Chaos: How to Tame the Mess Without Losing Your Mind,Carolline Jesionowski,Kindle,"Dec 31, 2024",
1,https://www.amazon.com/dp/B0DRZT8P64,B0DRZT8P64,365 Affirmations for Teenage Girls,HicksGroup Publishing,Paperback,"Dec 31, 2024",
0,https://www.amazon.com/dp/B0DRZSVZZR,B0DRZSVZZR,BREATHLESS: THE HIDDEN COST OF VAPING,NIC ASHMORE,Kindle,"Dec 31, 2024",
0,https://www.amazon.com/dp/B0DRZQCC3W,B0DRZQCC3W,THE SOBER ALCOHOLIC: How To Put The Bottle Down For The Last Time,Amanda C. Jackson,Kindle,"Dec 31, 2024",
0,https://www.amazon.com/dp/B0DRZQ75MK,B0DRZQ75MK,"365 Days of Affirmation: A Guide to Gratitude, Discipline, and Legacy",Di Tran,Kindle,"Dec 31, 2024",
0,https://www.amazon.com/dp/B0DRZL8SW5,B0DRZL8SW5,MAKING SEX SWEETER THAN EVER: Reaching New Peaks Of Sexual Satisfaction After 40 For Men And Women,Dr. Fredrick Kim,Kindle,"Dec 31, 2024",
0,https://www.amazon.com/dp/B0DRZGZL75,B0DRZGZL75,Mindfulness in Moments: Finding Peace in a Fast-Paced World,Jasper Nelson,Kindle,"Dec 31, 2024",
0,https://www.amazon.com/dp/B0DRYTYVTH,B0DRYTYVTH,Clutter to Calm: The Lazy Person’s Guide to a Clean(ish) House (Become a better version of yourself),Joi Kass,Kindle,"Dec 31, 2024",
1,https://www.amazon.com/dp/B0DRYRCXYX,B0DRYRCXYX,"Marked by Spirit: Christ Consciousness, Tattoos and The Ego",David Richie,Kindle,"Dec 31, 2024",
1,https://www.amazon.com/dp/B0DS13DN35,B0DS13DN35,How to Keep Loving Your Spouse When You Want to Let Go: A genuine hope for couples in challenging marriages,Michelle C. Ward,Kindle,"Dec 30, 2024",
1,https://www.amazon.com/dp/B0DS5MH3NF,B0DS5MH3NF,Oma's Story - Once Upon a Lifetime: Oma's Guided Journal and Memory Keepsake Book With 218 Guided Prompts,Memory Lane Publishing,Paperback,"Dec 30, 2024",
1,https://www.amazon.com/dp/B0DSG3BRZK,B0DSG3BRZK,"Guided Journal After Pregnancy Loss and Miscarriage: Healing Writing Prompts, Relaxing Coloring Pages and Letters to your Angel",LoLo Paz,Paperback,"Dec 30, 2024",
0,https://www.amazon.com/dp/B0DS2KGVNC,B0DS2KGVNC,Intentional: The Three-Year Vision Journal,Tammy L Kelly,Paperback,"Dec 30, 2024",
1,https://www.amazon.com/dp/B0DS5N9TL7,B0DS5N9TL7,Opa's Story - Once Upon a Lifetime: Opa's Guided Journal and Memory Keepsake Book With 218 Guided Prompts,Memory Lane Publishing,Paperback,"Dec 30, 2024",
1,https://www.amazon.com/dp/B0DS2DJ5B8,B0DS2DJ5B8,"Elegant Journal Notebook with Frank Lloyd Wright-Inspired Cover: 6x9 Ruled Lined Pages | 100 Pages for Writing, Journaling, or Note-Taking | Classic Design for Everyday Use",DAILY MOTIVATION MEDIA,Paperback,"Dec 30, 2024",
1,https://www.amazon.com/dp/B0DS27L23N,B0DS27L23N,The Rich Vibes Journal: Includes Money Affirmations and Easy Money Manifestation Practices to Attract More Money!,Claudia Infinity,Paperback,"Dec 30, 2024",
0,https://www.amazon.com/dp/B0DS2S5M8L,B0DS2S5M8L,"Facing OCD with the Help of Jesus Christ: A Christian's Guide to Overcoming OCD, Overcoming Intrusive Thoughts, and Breaking Free from Compulsive Behaviors Through Faith and Grace",marlene swilley,Paperback,"Dec 30, 2024",
0,https://www.amazon.com/dp/B0DS4GDCQY,B0DS4GDCQY,Birthday Planner: Never Miss a Special Day Again,Tom Fraley,Paperback,"Dec 30, 2024",
1,https://www.amazon.com/dp/B0DS2NQBQ1,B0DS2NQBQ1,Windows Into My Soul: A Survivor's Journey to Wholeness,Adena Hodges,Kindle,"Dec 30, 2024",
0,https://www.amazon.com/dp/B0DS49K8VX,B0DS49K8VX,"Best Big Brother Ever Notebook: Older Sibling Teenager for Boys Notebook ,120 Pages Lined Journal 6x9 Inch",Promo Design,Paperback,"Dec 30, 2024",
1,https://www.amazon.com/dp/B0DS28LS8P,B0DS28LS8P,"Elegant Journal Notebook with Frank Lloyd Wright-Inspired Cover: 6x9 Ruled Lined Pages | 100 Pages for Writing, Journaling, or Note-Taking | Classic Design for Everyday Use",DAILY MOTIVATION MEDIA,Paperback,"Dec 30, 2024",
1,https://www.amazon.com/dp/B0DS2FPKPM,B0DS2FPKPM,"Elegant Journal Notebook with Frank Lloyd Wright-Inspired Cover: 6x9 Ruled Lined Pages | 100 Pages for Writing, Journaling, or Note-Taking | Classic Design for Everyday Use",DAILY MOTIVATION MEDIA,Paperback,"Dec 30, 2024",
0,https://www.amazon.com/dp/B0DRYR2J5H,B0DRYR2J5H,My Project 2025: A Black Woman's Guide to Thriving in 2025 and Beyond,Anson M Stuart,Kindle,"Dec 30, 2024",
1,https://www.amazon.com/dp/B0DS2CC2GD,B0DS2CC2GD,12 Steps to Gratitude: A path to peace and Fulfillment: A twelve week journey to foster inner peace and self reflection,Thrice3 Publications,Paperback,"Dec 30, 2024",
1,https://www.amazon.com/dp/B0DS3XY3YD,B0DS3XY3YD,The Kaizen Challenge Journal: Transform Your Life with the Power of 1% Daily Improvements,J P Swift,Paperback,"Dec 30, 2024",
0,https://www.amazon.com/dp/B0DS67YQBW,B0DS67YQBW,"Thawt Provoking: A collection of Thoughts (The ""Reclaiming Our Streets"" Series)",Tru Ajani,Hardcover,"Dec 30, 2024",
2,https://www.amazon.com/dp/B0DS15ZDV5,B0DS15ZDV5,Dr. Michelle's Prescription for Lifelong Health: A Comprehensive Guide to Preventive Wellness,Michelle Malcolmson,Paperback,"Dec 30, 2024",
1,https://www.amazon.com/dp/B0DS286K1J,B0DS286K1J,Money Flows With Ease: An Inspiring Manifestation Journal that Includes Money Affirmations and Easy Money Manifestation Practices to Make Money Flow!,Claudia Infinity,Paperback,"Dec 30, 2024",
1,https://www.amazon.com/dp/B0DS2HXVH2,B0DS2HXVH2,"Pitbull-Themed Notebook: 120 Pages of Lined Paper with Margins: Perfect for Dog Lovers: Journal, Sketch, or Take Notes in Style",GW Harper,Paperback,"Dec 30, 2024",
0,https://www.amazon.com/dp/B0DS9M4LG7,B0DS9M4LG7,"Queens of The Block: Blueprint for Urban Female Empowerment (The ""Reclaiming Our Streets"" Series)",The  Learnt One,Hardcover,"Dec 30, 2024",
0,https://www.amazon.com/dp/B0DSGFFSHS,B0DSGFFSHS,Colorful Pitbull Notebook: A 120-Page Vibrant Journal for Dog Lovers and Creative Minds,GW Harper,Paperback,"Dec 30, 2024",
0,https://www.amazon.com/dp/B0DS64VXB8,B0DS64VXB8,"Kings of The Block: Blueprint for Urban Male Empowerment (The ""Reclaiming Our Streets"" Series)",The  Learnt One,Hardcover,"Dec 30, 2024",
0,https://www.amazon.com/dp/B0DS5JCGHZ,B0DS5JCGHZ,Affirmation Journal: A Journey to Self -Development and Inner Growth,Wisdom Symone,Paperback,"Dec 30, 2024",
5,https://www.amazon.com/dp/B09SP8JNWW,B09SP8JNWW,Discover Your Happy Place: Your Way to Health and Wellness,David Griffiths,Paperback,"Feb 18, 2022",
4,https://www.amazon.com/dp/B09CV3W2BG,B09CV3W2BG,Attack Your Fear: And Find Your Fortune,Captain Mac,Paperback,"Aug 14, 2021",
2,https://www.amazon.com/dp/B0DS1L5Z7Z,B0DS1L5Z7Z,Heart On Art,Stacy DaSuta,Kindle,"Dec 30, 2024",
0,https://www.amazon.com/dp/B0DS1JS8DY,B0DS1JS8DY,Seeking Godly Directions: Navigating Life on the Christian Path Volume 1,Romaine Lyons,Paperback,"Dec 30, 2024",
0,https://www.amazon.com/dp/B0DXKM49K6,B0DXKM49K6,Get Ready! It’s Emotional! Fudgsicles!: The ABC’s to Navigating Grief,Linda J Kaye,Paperback,"Dec 30, 2024",
0,https://www.amazon.com/dp/B0DS11TDGH,B0DS11TDGH,The True Form Of Society,Bhargava Bharath,Kindle,"Dec 30, 2024",
1,https://www.amazon.com/dp/B0DTN4SN5Y,B0DTN4SN5Y,"""Peace"" an Expression of Mental Illness",Luanie Lion Blessup Lambeybermudez,Kindle,"Dec 30, 2024",
0,https://www.amazon.com/dp/B0DS1BKTR4,B0DS1BKTR4,"Heart & Art: A love coloring book, similar to a mandala",Ann Smith,Paperback,"Dec 30, 2024",
0,https://www.amazon.com/dp/B0DS2SRG3J,B0DS2SRG3J,French Riviera - Travel Journal: Stroll through the vibrant streets and timeless elegance of the Côte d'Azur with this charming notebook,Frédéric Legrand,Paperback,"Dec 30, 2024",
0,https://www.amazon.com/dp/B0DS5VSS6W,B0DS5VSS6W,"Ermine Stoat Weasel Gift: 108 Lined Page Notebook, Journal, Diary, Keepsake, Wilderness, Nature, 6x9 Inches",Sasha Noteworthy,Paperback,"Dec 30, 2024",
0,https://www.amazon.com/dp/B0DS4HZTCK,B0DS4HZTCK,My Year in Pixels Tracker,Valentina Tallveir,Paperback,"Dec 30, 2024",
0,https://www.amazon.com/dp/B0DS77Z65P,B0DS77Z65P,The Soft Power Journal: Your Daily Feminine Wellness Guide!,The  New Feminine,Paperback,"Dec 30, 2024",
1,https://www.amazon.com/dp/B0DSKM7GXV,B0DSKM7GXV,Healing Hearts: A Journal for Grieving Parents,Kimberly Love Clark,Paperback,"Dec 30, 2024",
4,https://www.amazon.com/dp/B0DS2GN1KN,B0DS2GN1KN,I am Beautifully HER,Brooke Parker,Paperback,"Dec 30, 2024",
0,https://www.amazon.com/dp/B0DS9QQ89B,B0DS9QQ89B,Untamed Spirit: Western-Style Buffalo Journal - 120 pages,Lauren Hayward,Paperback,"Dec 30, 2024",
1,https://www.amazon.com/dp/B0DS9J9PPF,B0DS9J9PPF,Blinkity Blink: What Happens Next in the Life to Come?,Douglas M Husen,Kindle,"Dec 30, 2024",
0,https://www.amazon.com/dp/B0DS16YJL3,B0DS16YJL3,Compulsive Spending - The Myth of Retail Therapy: Why Shopping Addiction Won’t Heal Your Emotions—or What Will,Laura Szekely,Kindle,"Dec 30, 2024",
1,https://www.amazon.com/dp/B0DRZWH9LN,B0DRZWH9LN,Extinguishing Burnout in Direct Primary Care,Kirsten D. Lin MD,Kindle,"Dec 30, 2024",
1,https://www.amazon.com/dp/B0DS2JM47K,B0DS2JM47K,To Whom It May Concern A Path to Contentment,Marianne Rothmann,Kindle,"Dec 30, 2024",
0,https://www.amazon.com/dp/B0DS8DTC1P,B0DS8DTC1P,Powerful Manifestation Journal-Planner,Kathy Kaye,Paperback,"Dec 30, 2024",
0,https://www.amazon.com/dp/B0DS2LXFHJ,B0DS2LXFHJ,"365 blank journeys: A Year of Pages to Fill with Your Dreams, Goals, and Stories",Jay's Journals,Paperback,"Dec 30, 2024",
2,https://www.amazon.com/dp/B0DS2GZ7XK,B0DS2GZ7XK,Breaking the Silence: Overcoming a Narcissistic Relationship,Ayahna Moorer,Paperback,"Dec 30, 2024",
1,https://www.amazon.com/dp/B0DS4YFJWS,B0DS4YFJWS,You Got This: Annual Planner,A. B. H.,Hardcover,"Dec 30, 2024",
0,https://www.amazon.com/dp/B0DS3LJD5G,B0DS3LJD5G,A Year in Pixels: Bullet Journal,Valentina Tallveir,Paperback,"Dec 30, 2024",
1,https://www.amazon.com/dp/B0DS2GTVYP,B0DS2GTVYP,Abuelo's Story - Once Upon a Lifetime: Abuelo's Guided Journal and Memory Keepsake Book With 218 Guided Prompts,Memory Lane Publishing,Hardcover,"Dec 30, 2024",
0,https://www.amazon.com/dp/B0DS29NNZC,B0DS29NNZC,"2025-2026 Retro Flower Pocket Planner – Small Compact 2-Year Monthly Calendar Organizer with Notes, Password Tracker, Important Dates, and Yearly Overview | 4x6 Purse-Sized Calendar for Women",Dani Songer,Paperback,"Dec 30, 2024",
0,https://www.amazon.com/dp/B0DS2C7SZD,B0DS2C7SZD,Healing Yourself: 52 Poems to a New You,Alpha Miguel Sanford,Kindle,"Dec 30, 2024",
0,https://www.amazon.com/dp/B0DS2LHJWP,B0DS2LHJWP,Recovery Journal 3,Chappale Burton,Hardcover,"Dec 30, 2024",
0,https://www.amazon.com/dp/B0DS2MGJNR,B0DS2MGJNR,Recovery Journal 2,Chappale Burton,Hardcover,"Dec 30, 2024",
0,https://www.amazon.com/dp/B0DS2JC6P3,B0DS2JC6P3,Recovery Journal 1,Chappale Burton,Hardcover,"Dec 30, 2024",
0,https://www.amazon.com/dp/B0DS586K3B,B0DS586K3B,Do Not Fear Prayer Journal,Christina Majett,Paperback,"Dec 30, 2024",
3,https://www.amazon.com/dp/B0DS5TS5GN,B0DS5TS5GN,Capybara Notebook,Fun Books For You,Paperback,"Dec 30, 2024",
1,https://www.amazon.com/dp/B0DS28G7WN,B0DS28G7WN,"A Year of Winning: A Guided Journal of Glimmers, Gratitude, and Goals",Mental Fitness Journals,Paperback,"Dec 30, 2024",
1,https://www.amazon.com/dp/B0DS2FG88V,B0DS2FG88V,"Freedom Rising: A Treasury of Prayer, Purpose & Insight. A Guided Self-Inquiry Journal",Elsbeth Wetherill,Hardcover,"Dec 30, 2024",
0,https://www.amazon.com/dp/B0DS965XMW,B0DS965XMW,Maybe It’s Me: A Journey to Recognizing Self-Defeating Dating Patterns,UAD Boone,Paperback,"Dec 30, 2024",
0,https://www.amazon.com/dp/B0DS2Q161G,B0DS2Q161G,"Amsterdam Netherlands Vintage Travel Poster Lined Notebook:: 100 Pages, Extra Large (8.5x11 inches) Retro Journal for Travel Memories and Writing",Taya Design,Paperback,"Dec 30, 2024",
0,https://www.amazon.com/dp/B0DS5FG8KH,B0DS5FG8KH,"Egyptian God Anubis with Dog: Blank, lined notebook",Kendall Brown,Paperback,"Dec 30, 2024",
0,https://www.amazon.com/dp/B0DS9SPNJF,B0DS9SPNJF,Hockey Word Search: 50 Word Search Puzzles for Ice Hockey Fans of All Ages,Puzzle Alley,Paperback,"Dec 30, 2024",
0,https://www.amazon.com/dp/B0DSHK2KR5,B0DSHK2KR5,"Cookie Business Planner & Organizer for Home-Based Bakers (Modern Design): Daily/Weekly/Monthly Agenda with Calendars, Order Pages, and Trackers",Petite Press,Paperback,"Dec 30, 2024",
0,https://www.amazon.com/dp/B0DTRPBQKX,B0DTRPBQKX,Seeking Christ III: Simplifying the Process,David A Jamadar,Kindle,"Dec 30, 2024",
1,https://www.amazon.com/dp/B0DS2CXCBV,B0DS2CXCBV,Gratitude Journal: A 30-day journey to daily gratitude for a more fulfilling life,Kristina Lamorena,Paperback,"Dec 30, 2024",
5,https://www.amazon.com/dp/B0DS2GGH65,B0DS2GGH65,One Shift At a Time: A wellness journal for the industry by the industry,Yetzenia Diaz,Paperback,"Dec 30, 2024",
1,https://www.amazon.com/dp/B0DS5HHCMQ,B0DS5HHCMQ,"Pocket Planner Calendar 2025-2026 – Small 2-Year Monthly Planner, Cute Checkered Daisy Design Cover, Password Tracker, Notes Page, and Important Dates ... Organizer for Purse or Bag to stay Organized",Dani Songer,Paperback,"Dec 30, 2024",
2,https://www.amazon.com/dp/B0DS2KKYTD,B0DS2KKYTD,Glow and Grow Boss Lady: Empowered Entrepreneur woman journal,Wadia Forbes Brown,Hardcover,"Dec 30, 2024",
0,https://www.amazon.com/dp/B0DRYPDG5N,B0DRYPDG5N,The Black Friendship Project: A Modern Guide to Healthy Friendships,Deidra A Sorrell Ed.D.,Kindle,"Dec 30, 2024",
2,https://www.amazon.com/dp/B0DS2R377Q,B0DS2R377Q,I'm Actually Writing About My Cat: A Fun Gift Journal For Cat Lovers,Donna Munoz,Paperback,"Dec 30, 2024",
0,https://www.amazon.com/dp/B0DSK2HLPB,B0DSK2HLPB,The Very Best of You: Lifestyle Collection Series,James Frederick Jones,Kindle,"Dec 30, 2024",
0,https://www.amazon.com/dp/B0DS6HTFCF,B0DS6HTFCF,"Preschool Worksheet - Learn to Write and More: Practice writing, coloring, tracing and counting!",Marlo Moore,Paperback,"Dec 30, 2024",
0,https://www.amazon.com/dp/B0DS5DMRT7,B0DS5DMRT7,"Graph Paper Notebook: 8.5 x 11 Inch - 4x4 Grid - 100 Pages - Perfect for School, Work, or Creative Ideas",Millipede Media,Paperback,"Dec 30, 2024",
0,https://www.amazon.com/dp/B0DVZB18YJ,B0DVZB18YJ,"The Mirror Doesn't Lie: Navigating Change, Embracing Who You Are (LYF Teens)",Cree Cole,Kindle,"Dec 30, 2024",
0,https://www.amazon.com/dp/B0DS143RYK,B0DS143RYK,"Carrying the Weight: How to Grieve, Heal, and Grow Through Loss",Portia Hall Turner,Paperback,"Dec 30, 2024",
1,https://www.amazon.com/dp/B0DS19F7FB,B0DS19F7FB,Mindful Moments for Couples: Fall in Love on Purpose,Ericka Avila Brian,Kindle,"Dec 30, 2024",
1,https://www.amazon.com/dp/B0DS2JL4QQ,B0DS2JL4QQ,Expectant Hope Journal: Colored Interior Notebook,Rachel Ann Dittmer,Hardcover,"Dec 30, 2024",
2,https://www.amazon.com/dp/B0DSC9XRDG,B0DSC9XRDG,Pieces and Praise: A Journal for Praise and Rest,Marilu Urciuoli,Hardcover,"Dec 30, 2024",
0,https://www.amazon.com/dp/B0DSGHGY4T,B0DSGHGY4T,Freedom,Kia Young,Paperback,"Dec 30, 2024",
0,https://www.amazon.com/dp/B0DS5D66PG,B0DS5D66PG,Pretty Wings,Kia Young,Paperback,"Dec 30, 2024",
1,https://www.amazon.com/dp/B0DS4NM1D4,B0DS4NM1D4,Emotions Tracking Journal For Self-Discovery and Self-Therapy: Track 13 Key Emotions Through Short Reflections,Siham Arif,Paperback,"Dec 30, 2024",
0,https://www.amazon.com/dp/B0DS2G3TFT,B0DS2G3TFT,This Year: A Mind Setting Journal,Baysil Concept,Paperback,"Dec 30, 2024",
1,https://www.amazon.com/dp/B0DS1B97JB,B0DS1B97JB,Jesus Word Search for Seniors Large Print: 50 Inspirational Puzzles with Scriptures; Relaxing Faith-Based Activity Book for Senior Citizens and Adults; Solutions Included,Wordsmith Lane,Paperback,"Dec 30, 2024",
1,https://www.amazon.com/dp/B0DSBY1TB6,B0DSBY1TB6,"How to Repair, Rebuild and Restore your Credit to Unlimited Business Credit: Step by Step to Restore your Credit to Unlimited Credit",Lavi Roe,Kindle,"Dec 30, 2024",
3,https://www.amazon.com/dp/B0DS156BL1,B0DS156BL1,AFFIRMATIONS: BELIEF IS MAGIC,Mr. Jeffery Darrin Rahming,Kindle,"Dec 30, 2024",
0,https://www.amazon.com/dp/B0DS89DB7F,B0DS89DB7F,Susie Brown's 30 Day Challenge: A guided journal and planner to help you meet your fitness goals,Susie Autumn Brown,Paperback,"Dec 30, 2024",
0,https://www.amazon.com/dp/B0DS4VSF36,B0DS4VSF36,Gratitude Journal Coffee Break: Spend your daily coffee break to appreciate your journey of thankfulness and joy,Seems Fresh,Paperback,"Dec 30, 2024",
5,https://www.amazon.com/dp/B0GG9TZJ5J,B0GG9TZJ5J,"A Life That Doesn’t Need Recovery: Redefining Success, Pace, and Self-Trust After Burnout (The Capacity to Sustain)",Ewan Vale,Paperback,"Jan 11, 2026",
0,https://www.amazon.com/dp/B0DS2GVS4T,B0DS2GVS4T,Sakura Cherry Blossoms in Japan Watercolor Composition Notebook: Matte ~ Wide Ruled ~ Watermark @ Page 51,Andrea Guadalupe Gonzales,Paperback,"Dec 30, 2024",
0,https://www.amazon.com/dp/B0DS93GP47,B0DS93GP47,ARISE INSIGHTS: 31 Days Ride Of Intentional Thoughtful Reflections,CYNTHIA NATASHA YARUMA,Kindle,"Dec 30, 2024",
3,https://www.amazon.com/dp/B0DS635B4L,B0DS635B4L,"Don't Give Up, You're Almost There",Donald Archey,Kindle,"Dec 30, 2024",
1,https://www.amazon.com/dp/B0DS48V62K,B0DS48V62K,The sun always comes back around,Shyler Leigh Fletcher,Paperback,"Dec 30, 2024",
3,https://www.amazon.com/dp/B0DS42P82X,B0DS42P82X,21st Century Proverbs of William Craig: Revised Second Edition,William Craig,Kindle,"Dec 30, 2024",
0,https://www.amazon.com/dp/B0DRYHPJG9,B0DRYHPJG9,Secrets of Healthy Longevity: WHO Recommendations That Work,Alexander Jacobi,Kindle,"Dec 30, 2024",
0,https://www.amazon.com/dp/B0GDGLGD76,B0GDGLGD76,"Elegant planner 2026 for women: Plan your year with style, balance and elegance",Dorota Landyczkowska,Kindle,"Dec 30, 2024",
0,https://www.amazon.com/dp/B0FJ67KRP1,B0FJ67KRP1,I Am Enough | Gratitude journal,Taylor Irene,Paperback,"Dec 30, 2024",
0,https://www.amazon.com/dp/B0F1BK5TFR,B0F1BK5TFR,What is Man,Tumisang Mabe,Paperback,"Dec 30, 2024",
0,https://www.amazon.com/dp/B0DZPCQLDN,B0DZPCQLDN,Winning Her Heart,Bledar Lika,Kindle,"Dec 30, 2024",
0,https://www.amazon.com/dp/B0DZFT7RXY,B0DZFT7RXY,Ruled Notebook: For kids and adults,Gurnaaz Kaur,Paperback,"Dec 30, 2024",
0,https://www.amazon.com/dp/B0DZ648YDT,B0DZ648YDT,Dear Diary Mom Life,shante davis,Paperback,"Dec 30, 2024",
0,https://www.amazon.com/dp/B0DW4C7N6H,B0DW4C7N6H,SuperEaglesTeam: Gratitude Notebook,Onysh K,Paperback,"Dec 30, 2024",
0,https://www.amazon.com/dp/B0DVQQDS2V,B0DVQQDS2V,Fitness & Food Journal: My Journey for Health & Wellness,Naveen Arora,Paperback,"Dec 30, 2024",
1,https://www.amazon.com/dp/B0DVQ5BZYT,B0DVQ5BZYT,"2025: My WTF Year – Watch Things Flourish Journal- A Year of Personal Growth, Daily Gratitude, and Self-Discovery for Empowering Your Best Self",Sony B Luxama,Paperback,"Dec 30, 2024",
0,https://www.amazon.com/dp/B0DV9QVVDG,B0DV9QVVDG,Get Your Life Together Prayer Journal-Black & White Copy,Dr. Vanessa Williams EdD,Paperback,"Dec 30, 2024",
0,https://www.amazon.com/dp/B0DTT7MLM5,B0DTT7MLM5,30 days manifestation: Manifestation journal,MR. Sanketh shankar Gaonkar,Paperback,"Dec 30, 2024",
0,https://www.amazon.com/dp/B0DTFCDPXY,B0DTFCDPXY,365 Days of Self-Discovery: Your Five-Minute Reflection Journal for a Year of Growth,Jennifer Keller,Paperback,"Dec 30, 2024",
0,https://www.amazon.com/dp/B0DTF3W65B,B0DTF3W65B,the introvert advantage: flourishing on your own terms,Zara Wren,Kindle,"Dec 30, 2024",
0,https://www.amazon.com/dp/B0DTB6ZD9T,B0DTB6ZD9T,"Dog Notebook | Blank Journal | Animal Diary: 100 Pages for Journaling and Planning | Perfect Gift for Dog Lovers, Woman and Kids | Perfect for School, Office or Everyday Use",Bloomify Publications,Paperback,"Dec 30, 2024",
0,https://www.amazon.com/dp/B0DT72GB49,B0DT72GB49,The Scripting Manifestation Journal: A 60 Day Guided Workbook for Women,Soul Artista,Paperback,"Dec 30, 2024",
0,https://www.amazon.com/dp/B0DT6R7H7J,B0DT6R7H7J,"Weekly Planner, Goal/Habit & Self Care Guide",Carolyn McFann,Hardcover,"Dec 30, 2024",
0,https://www.amazon.com/dp/B0DT668K1Q,B0DT668K1Q,School Time Table Journal: Organize Your Weekly Schedule: A Practical Planner for Students to Track Classes and Activities,Prince Suryawanshi,Paperback,"Dec 30, 2024",
0,https://www.amazon.com/dp/B0DT5PS7QN,B0DT5PS7QN,LUCA'S TERRIBLE STORY,Tex Saint-Fabrisce,Kindle,"Dec 30, 2024",
0,https://www.amazon.com/dp/B0DT5JDSP8,B0DT5JDSP8,Daily Gratitude Journal,Nabila Kauser,Hardcover,"Dec 30, 2024",
0,https://www.amazon.com/dp/B0DT4WY2F4,B0DT4WY2F4,"Dog Notebook | Blank Journal | Animal Diary: 100 Pages for Journaling and Planning | Perfect Gift for Dog Lovers, Woman and Kids | Perfect for School, Office or Everyday Use",Bloomify Publications,Paperback,"Dec 30, 2024",
0,https://www.amazon.com/dp/B0DT2GBJZD,B0DT2GBJZD,"Dog Notebook | Blank Journal | Animal Diary | Pet Notebook: 100 Pages for Journaling and Planning | Perfect Gift for Dog Lovers, Woman and Kids | Perfect for School, Office or Everyday Use",Bloomify Publications,Paperback,"Dec 30, 2024",
1,https://www.amazon.com/dp/B0DSZGRTJL,B0DSZGRTJL,Touchstones of the Heart: A Guide Out of Hell,Eliana Taeko Salter,Kindle,"Dec 30, 2024",
0,https://www.amazon.com/dp/B0DSWM4HKW,B0DSWM4HKW,Back To School Planner: A Creative And Organized Year Ahead For Students,Andy Lark,Paperback,"Dec 30, 2024",
0,https://www.amazon.com/dp/B0DSWGLPB9,B0DSWGLPB9,"Dog Notebook | Corgi Dog | Blank Journal | Animal Diary: 100 Pages for Journaling and Planning | Perfect Gift for Dog Lovers, Woman and Kids | Perfect for School, Office or Everyday Use",Bloomify Publications,Paperback,"Dec 30, 2024",
0,https://www.amazon.com/dp/B0DSWDMY99,B0DSWDMY99,"Focus on Progress - Undated Daily Planner, Weekly Journal, Lined & Bulleted",Leapworthy Paper Co.,Hardcover,"Dec 30, 2024",
3,https://www.amazon.com/dp/B0DSW6SPFY,B0DSW6SPFY,Echoes of Me A Self-Awareness Journey,Andre Atkinson,Paperback,"Dec 30, 2024",
0,https://www.amazon.com/dp/B0DSV7PQYQ,B0DSV7PQYQ,Mandala Horses: Coloring Book (Mandala Animals Collection),Penny Cooper,Paperback,"Dec 30, 2024",
0,https://www.amazon.com/dp/B0DSV6RPRM,B0DSV6RPRM,For The Love Of Birds: Coloring Book (For The Love of Animals - Coloring Books by Penny Cooper),Penny Cooper,Paperback,"Dec 30, 2024",
0,https://www.amazon.com/dp/B0DSV5RNB4,B0DSV5RNB4,"DAILY AFFIRMATION JOURNAL _ AN AFFIRMATION FOR BEING WORTHY, HAPPY , PEACEFUL FOR BOTH MEN & WOMEN",MR.  VIDANSHU SEHDEV,Paperback,"Dec 30, 2024",
0,https://www.amazon.com/dp/B0DSV392XJ,B0DSV392XJ,Seven's Shadow Work Exercise Book,Arielle Rose,Paperback,"Dec 30, 2024",
0,https://www.amazon.com/dp/B0DSV38C8H,B0DSV38C8H,My Epic Life Book: Design Your Dream Life Canvas,Lilly Field,Paperback,"Dec 30, 2024",
0,https://www.amazon.com/dp/B0DSTXN2F6,B0DSTXN2F6,Modern Composition Notebook: Lined for all your needs - from note taking to songwriting,Unlimtied Group,Hardcover,"Dec 30, 2024",
0,https://www.amazon.com/dp/B0DSTRCJ75,B0DSTRCJ75,My Path to Growth: A guided journal to self-reflection,Divinely Yahdi,Paperback,"Dec 30, 2024",
0,https://www.amazon.com/dp/B0DST95T5L,B0DST95T5L,"Therepy Notes "" Mental Health Journal: Journey to the Light"": 6x9 Inch, 100 Pages, Dotted.",J Klara,Paperback,"Dec 30, 2024",
0,https://www.amazon.com/dp/B0DSQVB3NK,B0DSQVB3NK,Tattooed In My Heart,Sibongiseni Masengemu,Paperback,"Dec 30, 2024",
0,https://www.amazon.com/dp/B0DSPZH6H5,B0DSPZH6H5,"90-Day Gratitude Journal for Women: A 90-Day Gratitude Journey For Women with Daily Reflections, Weekly Affirmations, and Practices to Foster ... Personal Growth, Inner Peace, and Joy",3Js,Paperback,"Dec 30, 2024",
0,https://www.amazon.com/dp/B0DSPRSYS7,B0DSPRSYS7,Nursing Notes,Harris,Paperback,"Dec 30, 2024",
0,https://www.amazon.com/dp/B0DSP5WLFT,B0DSP5WLFT,you are the creator himself,ido shmueli,Paperback,"Dec 30, 2024",
0,https://www.amazon.com/dp/B0DSMX2R13,B0DSMX2R13,Know your power,ido shmueli,Paperback,"Dec 30, 2024",
0,https://www.amazon.com/dp/B0DSLPXBHN,B0DSLPXBHN,Care For Yourself,Rhonda L. Jones,Paperback,"Dec 30, 2024",
0,https://www.amazon.com/dp/B0DSLLJDMN,B0DSLLJDMN,Broken But Not Destroyed: 60 Day Journal,Amy Moreland,Paperback,"Dec 30, 2024",
0,https://www.amazon.com/dp/B0DSLK7BBK,B0DSLK7BBK,"WRITE YOUR OWN STORY: Whether you're jotting down dreams, reflecting on your journey, or planning your next big step, this journal is your perfect companion .",ss,Paperback,"Dec 30, 2024",
0,https://www.amazon.com/dp/B0DSLJNZHZ,B0DSLJNZHZ,"Boss Lady notebook: Notebook journal for women write it down before you forget it, best gift",Dijahcrush Recollector,Paperback,"Dec 30, 2024",
0,https://www.amazon.com/dp/B0DSLHB9Q8,B0DSLHB9Q8,You Don't Need to Be an Expert to do something: Don't lose Focus- Planner,AZK Publishers,Hardcover,"Dec 30, 2024",
0,https://www.amazon.com/dp/B0DSLDZSGS,B0DSLDZSGS,Gratitude Changes Every thing: Finding the Joy Everyday Planner,AZK Publishers,Hardcover,"Dec 30, 2024",
1,https://www.amazon.com/dp/B0DSKT163H,B0DSKT163H,"Pink Heart Notebook for Teen Girls: Cute and Stylish Journal for Teens: Write, Dream, and Create",TS Publications,Hardcover,"Dec 30, 2024",
0,https://www.amazon.com/dp/B0DSKQCFKX,B0DSKQCFKX,My intimate diary: 2025,Ana  Paula Molina,Paperback,"Dec 30, 2024",
0,https://www.amazon.com/dp/B0DSKKHDNQ,B0DSKKHDNQ,Dogs Notebook: Journal,Mary Wiley,Paperback,"Dec 30, 2024",
0,https://www.amazon.com/dp/B0DSJQTYXZ,B0DSJQTYXZ,I will Stab You: Funny Lined Journal Notebook for Healthcare Workers,Nurse LoLo,Paperback,"Dec 30, 2024",
0,https://www.amazon.com/dp/B0DSJL2RWD,B0DSJL2RWD,Achieve Your Goals: A 90-Day Planner to Boost Productivity and Build Positive Habits,Mittu and Momo,Paperback,"Dec 30, 2024",
0,https://www.amazon.com/dp/B0DSJHCKQD,B0DSJHCKQD,"Today is the Day - Daily Productivity Planner 2025, 8.27"" x 11.69"" (21.01 x 29.69 cm)",Leonardo Teleanu,Paperback,"Dec 30, 2024",
0,https://www.amazon.com/dp/B0DSJGJN72,B0DSJGJN72,My Unicorn: Journal,Daher Books,Paperback,"Dec 30, 2024",
0,https://www.amazon.com/dp/B0DSJGHQDF,B0DSJGHQDF,Get It Done: Productivity Planner,Priya Leo Jeyapathy,Paperback,"Dec 30, 2024",
0,https://www.amazon.com/dp/B0DSJF4YN5,B0DSJF4YN5,MY GRATITUDE JOURNAL: A JOURNEY OF THANKS FOR YOUNG MINDS,Divya Bhatnagar,Paperback,"Dec 30, 2024",
0,https://www.amazon.com/dp/B0DSJ3MWJV,B0DSJ3MWJV,Cultivate an attitude of Gratitude-100 pages Gratitude Journal,Darsh K,Paperback,"Dec 30, 2024",
0,https://www.amazon.com/dp/B0DSJ2NBBT,B0DSJ2NBBT,My Teaching Journey: My lesson plans are written proof that I tried my best.: Teacher gift notebook journal for lesson planning reflections and meeting notes,Inspired Purpose-CS,Paperback,"Dec 30, 2024",
1,https://www.amazon.com/dp/B0DSHVYBK7,B0DSHVYBK7,"Scripture Coloring Book & Prayer Journal, Gift for Women and Teens - Pray, Relax, Reflect: Unwind your mind with encouraging scripture, relaxing coloring pages & prayer journaling prompts.",LoLo Paz,Paperback,"Dec 30, 2024",
0,https://www.amazon.com/dp/B0DSHKFS78,B0DSHKFS78,"Cookie Business Planner & Organizer for Home-Based Bakers (Lady): Daily/Weekly/Monthly Agenda with Calendars, Order Pages, and Trackers",Petite Press,Paperback,"Dec 30, 2024",
0,https://www.amazon.com/dp/B0DSHGV1HH,B0DSHGV1HH,TAKE A MINDFUL MINUTE,Bright Henderson,Paperback,"Dec 30, 2024",
0,https://www.amazon.com/dp/B0DSHDR2BS,B0DSHDR2BS,"Cookie Business Planner & Organizer for Home-Based Bakers (Sage): Daily/Weekly/Monthly Agenda with Calendars, Order Pages, & Trackers",Petite Press,Paperback,"Dec 30, 2024",
0,https://www.amazon.com/dp/B0DSH68PWT,B0DSH68PWT,Cassandra,Beverly Wright,Paperback,"Dec 30, 2024",
0,https://www.amazon.com/dp/B0DSGJBPRQ,B0DSGJBPRQ,Sermon Notes: Church Journal | 52-Page Guided Reflection for Faith and Growth | Journal for Women | Reflect on Weekly Sermons | Scripture Notebook | Gift for Christian Women,Amy Estell,Paperback,"Dec 30, 2024",
0,https://www.amazon.com/dp/B0DSGFVZHL,B0DSGFVZHL,"Composition Notebook College Ruled 250 pages 8.5"" X 11""",Kris V,Paperback,"Dec 30, 2024",
0,https://www.amazon.com/dp/B0DSGDXPHR,B0DSGDXPHR,To-Do List: Baking Theme,MS Booksellers,Paperback,"Dec 30, 2024",
0,https://www.amazon.com/dp/B0DSGCZLXH,B0DSGCZLXH,To-Do List: Floral Pattern,MS Booksellers,Paperback,"Dec 30, 2024",
0,https://www.amazon.com/dp/B0DSGC1SJZ,B0DSGC1SJZ,Plan with Purpuse - A Journal for Goal-Setting with a Holistic Approach: Transform Your Goals into Action with Mindful Planning and Reflection,L. Journals,Paperback,"Dec 30, 2024",
0,https://www.amazon.com/dp/B0DSG925JK,B0DSG925JK,"Home Office Success Planner: Manage Your Time Better, Productivity Higher, And Achieve Work-from-Home",Briona Nguyen,Paperback,"Dec 30, 2024",
0,https://www.amazon.com/dp/B0DSG5BZGC,B0DSG5BZGC,"Daily Journal & Diary A New Year, A New Me: 365 Days of Transformation",Harlean Kaur,Hardcover,"Dec 30, 2024",
0,https://www.amazon.com/dp/B0DSG4LPLJ,B0DSG4LPLJ,My Secret Recipe Book,Nawaal Weitz,Paperback,"Dec 30, 2024",
0,https://www.amazon.com/dp/B0DSG2XLL7,B0DSG2XLL7,Rise and Thrive: A Daily Journal for Personal Growth,Harlean Kaur,Hardcover,"Dec 30, 2024",
0,https://www.amazon.com/dp/B0DSFY8X4K,B0DSFY8X4K,"life journal: Featuring daily questions, Weekly planner , and Dotted Pages for Notes",HARSHIT YADAV,Hardcover,"Dec 30, 2024",
0,https://www.amazon.com/dp/B0DSFVMRQZ,B0DSFVMRQZ,Travel journal,Palak Parmar,Paperback,"Dec 30, 2024",
0,https://www.amazon.com/dp/B0DSFS6DN8,B0DSFS6DN8,2025 planner,Palak Parmar,Paperback,"Dec 30, 2024",
0,https://www.amazon.com/dp/B0DSFNS23V,B0DSFNS23V,"Gothic Corpsposition Notebook: A College Ruled.""Corpsposition"" Composition Notebook, 7.5 x 9.25, 100 pages",Black Cat Unicorn Press,Paperback,"Dec 30, 2024",
0,https://www.amazon.com/dp/B0DSFLSV24,B0DSFLSV24,"L.I.M.B.S. to Thrive in 2025 - Weekly Planner: theWoman theWisdom theWonder (theWoman theWisdom theWonder - L.I.M.B.S. to Thrive (Living In Mind, Body & Spirit))",theWoman theWisdom theWonder,Paperback,"Dec 30, 2024",
0,https://www.amazon.com/dp/B0DSFCPB5F,B0DSFCPB5F,2025 ONE YEAR MONTHLY CALENDAR,JUANITA Cruz,Paperback,"Dec 30, 2024",
0,https://www.amazon.com/dp/B0DSF5GNHL,B0DSF5GNHL,Your Journal Your Thoughts,shante davis,Paperback,"Dec 30, 2024",
0,https://www.amazon.com/dp/B0DSDKTQJR,B0DSDKTQJR,The Dream Life Architect: Building Your Dream Life Page by Page,Amy Rae,Paperback,"Dec 30, 2024",
0,https://www.amazon.com/dp/B0DSBYJB9P,B0DSBYJB9P,gratitude joural,mr muhammad soban,Paperback,"Dec 30, 2024",
0,https://www.amazon.com/dp/B0DSBTPLV3,B0DSBTPLV3,My Recipes,J. Kiss,Hardcover,"Dec 30, 2024",
0,https://www.amazon.com/dp/B0DSBMXVN7,B0DSBMXVN7,JOURNAL,KJ Proulx,Paperback,"Dec 30, 2024",
0,https://www.amazon.com/dp/B0DSBHTVDF,B0DSBHTVDF,"Passionfruit Books Nigeria Country Writing Journal, 120 pages, 6” x 9” inches, multicolor glossy cover",Passionfruit Stationery Books,Paperback,"Dec 30, 2024",
0,https://www.amazon.com/dp/B0DSBHKT8Y,B0DSBHKT8Y,Daily Journal: Simple Black and White Lined Notebook,Useful Press,Paperback,"Dec 30, 2024",
0,https://www.amazon.com/dp/B0DSBDBHYR,B0DSBDBHYR,"Passionfruit Books South Africa Flag Writing Journal, 120 pages, 6” x 9” inches, multicolor glossy cover",Passionfruit Stationery Books,Paperback,"Dec 30, 2024",
1,https://www.amazon.com/dp/B0DS9RZDLF,B0DS9RZDLF,"2025 Planner - Weekly and Monthly Planner: Vision board, goal and intention setting and daily positive affirmations to Design your Best Life this year",Nicole Ross,Paperback,"Dec 30, 2024",
0,https://www.amazon.com/dp/B0DS9RVC3P,B0DS9RVC3P,Golf Word Search: 50 Word Search Puzzles for Golf Fans of all Ages,Puzzle Alley,Paperback,"Dec 30, 2024",
0,https://www.amazon.com/dp/B0DS9R97GW,B0DS9R97GW,Football Word Search: 50 Word Search Puzzles for Football Fans fo all Ages,Puzzle Alley,Paperback,"Dec 30, 2024",
0,https://www.amazon.com/dp/B0DS9R5RRK,B0DS9R5RRK,"Empower Your Journal (Mountain): Gratitude, Creativity, and Self-Discovery",Dr.  Kandice Pereira,Paperback,"Dec 30, 2024",
0,https://www.amazon.com/dp/B0DS9QZSTD,B0DS9QZSTD,"Empower Your Journal (Celestial): Gratitude, Creativity, and Self-Discovery",Dr.  Kandice Pereira,Paperback,"Dec 30, 2024",
0,https://www.amazon.com/dp/B0DS9Q1QS5,B0DS9Q1QS5,Daily Journal: A Space for Unfiltered Expression and Creative Freedom,Mr Farhan Jaffer,Paperback,"Dec 30, 2024",
0,https://www.amazon.com/dp/B0DS9PK4GY,B0DS9PK4GY,"Empowerment Through Self-Discovery: A Guided Journal for Women: Explore Personal Growth, Self-Love, Mindfulness, and Inner Peace Through Reflection and Goal-Setting",imene oussama,Paperback,"Dec 30, 2024",
1,https://www.amazon.com/dp/B0DBFF5DTP,B0DBFF5DTP,Monthly Puzzles Workbook: Personal Mental Assessment Volume 4,Dan Laughlin,Paperback,"Jul 25, 2024",
0,https://www.amazon.com/dp/B0DS9NV5X1,B0DS9NV5X1,"2025 Planner: Stay on Track with Your Goals and Schedule: Perfect for Busy Professionals, Students, and Goal-Getters",Hastee Dabhi,Paperback,"Dec 30, 2024",
0,https://www.amazon.com/dp/B0DS9LMGG8,B0DS9LMGG8,"Animal Kingdom - Coloring Book For Adults and Teens, All Skills Levels, Clear & Bold Animal Drawings",J O'Gorman,Paperback,"Dec 30, 2024",
0,https://www.amazon.com/dp/B0DS9L3XCZ,B0DS9L3XCZ,Gratitude Journal For Her,Raunak R.Creations,Paperback,"Dec 30, 2024",
0,https://www.amazon.com/dp/B0DS9KYSMX,B0DS9KYSMX,Nurse's Journal: Where Healing & Colors Collide,Akpene Publications,Paperback,"Dec 30, 2024",
0,https://www.amazon.com/dp/B0DS9G3GFH,B0DS9G3GFH,"Reframe Your Mind, Redefine Your Life: 52 Weeks of Mindset Transformation",Shani Lowe  MD,Kindle,"Dec 30, 2024",
0,https://www.amazon.com/dp/B0DS9CJ176,B0DS9CJ176,"2025 Floral Planner: Track Your Goals, Plan Your Life, Monthly & Weekly Pages, Spending Tracker, To-Do Lists, Habit Tracker, 2025",Ragula Rukmini,Hardcover,"Dec 30, 2024",
0,https://www.amazon.com/dp/B0DS92HLQV,B0DS92HLQV,"Caring Hands, Healing Hearts: A Notebook for all Medical Professionals: A Perfect Gift for nurses, doctors, midwives, caregivers and other health care providers",Cindy Magz,Paperback,"Dec 30, 2024",
0,https://www.amazon.com/dp/B0DS91WSGT,B0DS91WSGT,Children Gratitude Book,A B,Paperback,"Dec 30, 2024",
0,https://www.amazon.com/dp/B0DS8LPY1P,B0DS8LPY1P,The Lucky Journal: How to Use the Law of Attraction for Daily Positivity and Gratitude,Delia Kain,Paperback,"Dec 30, 2024",
0,https://www.amazon.com/dp/B0DS8L827C,B0DS8L827C,Letters to Allah,Ms Samina Bibi,Kindle,"Dec 30, 2024",
0,https://www.amazon.com/dp/B0DS8KD9MH,B0DS8KD9MH,My Daily Self-Care Journal: Cultivating Gratitude and Mindfulness,Gabriel Gamaliel,Kindle,"Dec 30, 2024",
0,https://www.amazon.com/dp/B0DS86DT6R,B0DS86DT6R,Nurture your Soul: a journal to craft emotions,Amber Lopez,Paperback,"Dec 30, 2024",
0,https://www.amazon.com/dp/B0DS7X7CW7,B0DS7X7CW7,"Plan Your Year, Meet Your Goals, Discover Yourself: Proactively Manifest Your Best Year",Penny  L Lane,Paperback,"Dec 30, 2024",
1,https://www.amazon.com/dp/B0DS7RSPST,B0DS7RSPST,"Let Your Light Shine- A Self-Discovery Journal: 250 pages, 6x9 Matte, Purple, Blue and Pink cover with Disco Ball",Ashlyn Lafleur,Paperback,"Dec 30, 2024",
0,https://www.amazon.com/dp/B0DS7F15BH,B0DS7F15BH,2025-2026 Planner: Your Time is Precious Plan Wisely and Live Fully -- Stay Organized and Boost Productivity with This Monthly and Weekly Pages,Thunder Digitals,Paperback,"Dec 30, 2024",
0,https://www.amazon.com/dp/B0DS788VS3,B0DS788VS3,The Soft Power Journal: Your Daily Feminine Wellness Guide for Personal Success!,The  New Feminine,Paperback,"Dec 30, 2024",
0,https://www.amazon.com/dp/B0DS77XTTB,B0DS77XTTB,Waves of Gratitude: Finding Calm in the Storm,Hugo Martins Cervantes,Paperback,"Dec 30, 2024",
0,https://www.amazon.com/dp/B0DS77MMWC,B0DS77MMWC,Bullet Journal,Stephanie Floberg,Hardcover,"Dec 30, 2024",
0,https://www.amazon.com/dp/B0DS74JX8T,B0DS74JX8T,MOTIVATIONAL DIARY: MINT AND PINK FLOWERS,Praemious Press Nosila,Paperback,"Dec 30, 2024",
0,https://www.amazon.com/dp/B0DS7245TC,B0DS7245TC,"For Your Perfect Wedding Day: A 3-in-1 Journal to Organise Guests, Plan Your Week, and Keep Everything on Track",Hunter J Wordsworth,Paperback,"Dec 30, 2024",
0,https://www.amazon.com/dp/B0DS6WDMFW,B0DS6WDMFW,"Squat 'Til You Walk Funny: The Gym Planner For Leg Day Lovers: Track Your Workouts, Build Strong Legs, And Laugh Through The Pain",JoHn SmItH,Hardcover,"Dec 30, 2024",
0,https://www.amazon.com/dp/B0DS6GHJ6Z,B0DS6GHJ6Z,"Endless Pages for Endless Thoughts: Perfect for Professionals, Students, and Writers",GW Harper,Paperback,"Dec 30, 2024",
0,https://www.amazon.com/dp/B0DS6G599C,B0DS6G599C,GRATITUDE JOURNAL FOR MOM: Reflect on Blessings Every Day,SUDIPTA CHAKRABORTY,Paperback,"Dec 30, 2024",
0,https://www.amazon.com/dp/B0DS6CRV1F,B0DS6CRV1F,Alchemize: Keys to Unlocking a Lifetime of Love and Partnership,Nasir El,Kindle,"Dec 30, 2024",
0,https://www.amazon.com/dp/B0DS6C3MHT,B0DS6C3MHT,"Notebook:: Blank Journal for Writing, Drawing, Doodling | Large 8.5 x 11 Lined and Unlined Pages | Perfect for Students, Professionals, and Creative Journaling - White cover",Beauty Full Minds,Paperback,"Dec 30, 2024",
0,https://www.amazon.com/dp/B0DS69PZCG,B0DS69PZCG,"NoteBook K-POP 좋아요 (I love Kpop) : Perfect gift for K-Pop fans, lover of Korea, K-Drama, Boys Band, Girls Band",Roseanne Jaesan,Paperback,"Dec 30, 2024",
0,https://www.amazon.com/dp/B0DS68QZW9,B0DS68QZW9,"“Centred Souls: The Blueprint Soulful Diary for Mindful Living""",Lisa Mccreadie,Paperback,"Dec 30, 2024",
0,https://www.amazon.com/dp/B0DS68QHHF,B0DS68QHHF,Empower Your Journal: A Creative Space for Reflection and Growth,Dr. Kandice Pereira,Paperback,"Dec 30, 2024",
1,https://www.amazon.com/dp/B0DS68G34C,B0DS68G34C,The ADHD Gemini Manifestation Planner: Daily Journal & Organizer for Navigating Your Brilliant Chaos (Relatable and empowering),Adriana Kordik,Paperback,"Dec 30, 2024",
0,https://www.amazon.com/dp/B0DS683XTZ,B0DS683XTZ,"Plan Your Year! 52 Week Planner: Weekly style, with space for notes and fun! 100 pages_6x9 compact design!",Kayla Macfarlane,Paperback,"Dec 30, 2024",
0,https://www.amazon.com/dp/B0DS65CSFL,B0DS65CSFL,2025 Monthly Planner: Your Ultimate Tool for a Perfect Year,Vaibhav Shinkar,Paperback,"Dec 30, 2024",
0,https://www.amazon.com/dp/B0DS634B49,B0DS634B49,My Personal Journal for 6 months,Shruti,Paperback,"Dec 30, 2024",
0,https://www.amazon.com/dp/B0DS631FJ7,B0DS631FJ7,Elegant Arkansas Flag Notebook for Daily Use: Showcase Your Arkansas Pride with a Unique State-Inspired Journal,Zen Ink Publishing,Paperback,"Dec 30, 2024",
0,https://www.amazon.com/dp/B0DS5ZXRX3,B0DS5ZXRX3,"Sorry, it’s Your Problem Now , Because I'm Dead: Funny End of life planner , End Of Life Planner Organizer",MR  RAJ  B VIJAY,Paperback,"Dec 30, 2024",
0,https://www.amazon.com/dp/B0DS5Z49HX,B0DS5Z49HX,Purposeful Goal Planner for teenagers and adults: A yearly and quarterly organizer. Achieve your yearly goals!,Laura Rodriguez,Paperback,"Dec 30, 2024",
0,https://www.amazon.com/dp/B0DS5YWR3G,B0DS5YWR3G,"Music Practice & Assignment Notebook: Organize Your Lessons, Practice Goals, and Progress! - 8.5"" x 11""",Michael Bambo,Paperback,"Dec 30, 2024",
0,https://www.amazon.com/dp/B0DS5X98KQ,B0DS5X98KQ,"Floral Harmony: 2025-2026 Two-Year Planner: Organize Your Life with Grace: A Two-Year Daybook for Goals, Growth, and Balance",Palm Street Designs,Paperback,"Dec 30, 2024",
0,https://www.amazon.com/dp/B0DS5X711S,B0DS5X711S,Basketball Word Search: 50 Word Search Puzzles for Basketball Fans of All Ages,Puzzle Alley,Paperback,"Dec 30, 2024",
0,https://www.amazon.com/dp/B0DS5X68YF,B0DS5X68YF,PHASES CREATIONS _ Day Dreaming Journal & Notebook,Phases Creations,Paperback,"Dec 30, 2024",
0,https://www.amazon.com/dp/B0DS5X21GQ,B0DS5X21GQ,"Dear Infinite Intelligence: A Journal for Questions, Dreams, and Gratitude",Dr. Tasia White,Paperback,"Dec 30, 2024",
0,https://www.amazon.com/dp/B0DS5WQDVP,B0DS5WQDVP,"Stoat Weasel Ermine Gift: 108 Lined Page Notebook, Journal, Diary, Keepsake, Wilderness, Nature, 6x9 Inches",Sasha Noteworthy,Paperback,"Dec 30, 2024",
3,https://www.amazon.com/dp/B0DS5WK6CF,B0DS5WK6CF,2025 Bingo Vision Board Monthly Planner - Vintage: Goals and Dreams Organizer Journal,Michelle Urra,Hardcover,"Dec 30, 2024",
1,https://www.amazon.com/dp/B0DS5W6BY7,B0DS5W6BY7,"A Journey with His word: A Self-Guided Journal for Faith, Gratitude, and Intentional Living",Princess Philips,Paperback,"Dec 30, 2024",
0,https://www.amazon.com/dp/B0DS5VYX88,B0DS5VYX88,Thoughts and Moments - My Personal Journal: A Journey Through My Thoughts and Dreams,Tidi Grace,Paperback,"Dec 30, 2024",
0,https://www.amazon.com/dp/B0DS5VSYNY,B0DS5VSYNY,"Weasel Ermine Stoat Gift: 108 Lined Page Notebook, Journal, Diary, Keepsake, Wilderness, Nature, 6x9 Inches",Sasha Noteworthy,Paperback,"Dec 30, 2024",
0,https://www.amazon.com/dp/B0DS5VSXZL,B0DS5VSXZL,"Manifesting Destiny through Prayer: A Winter Journal: Simple Steps to Reflect, Pray, and Grow (Manifesting Through Prayer: Daily Reflections for Every Season)",R. G. McAdams,Hardcover,"Dec 30, 2024",
0,https://www.amazon.com/dp/B0DS5TTXZC,B0DS5TTXZC,"My Journal: A Personal Space for Your Thoughts, Dreams, and Goals",Li’kah Li’kah,Paperback,"Dec 30, 2024",
0,https://www.amazon.com/dp/B0DS5TRDGL,B0DS5TRDGL,2025 Weekly & Monthly Planner: Agenda and Organizer | Inspirational Quotes | Federal holidays | Summer Cover,Cottage Garden Publishing,Paperback,"Dec 30, 2024",
0,https://www.amazon.com/dp/B0DS5TR7X4,B0DS5TR7X4,31 Days to Self-Love: Daily thoughts & mindfulness,Ifetayo Nellons,Paperback,"Dec 30, 2024",
0,https://www.amazon.com/dp/B0DS5TNVSD,B0DS5TNVSD,Seizure Journal Tracker,Clubb,Paperback,"Dec 30, 2024",
0,https://www.amazon.com/dp/B0DS5TDHYK,B0DS5TDHYK,Prayer Journal For Women,Ashley Ham,Paperback,"Dec 30, 2024",
0,https://www.amazon.com/dp/B0DS5TCZ97,B0DS5TCZ97,"In My Silent Era 2025 - Inspirational Quote - Journal, Notebook, Diary, Composition Book (8.5 x 11 inches) - 120 Lines Pages",Dr. Danielle Eddins,Paperback,"Dec 30, 2024",
0,https://www.amazon.com/dp/B0DS5T6TQB,B0DS5T6TQB,Female Rage: The Musical: Bullet Journal,Sagar Jain,Hardcover,"Dec 30, 2024",
0,https://www.amazon.com/dp/B0DS5T1WDM,B0DS5T1WDM,My memory is so bad I'll forget if i don't write it down: Funny Gift Notebooks Journal for family and friends,Dijahcrush Recollector,Paperback,"Dec 30, 2024",
0,https://www.amazon.com/dp/B0DS5SMJ35,B0DS5SMJ35,Notebook: A Place for Ideas: Creativity and Clarity Brain,Zen Mako,Paperback,"Dec 30, 2024",
0,https://www.amazon.com/dp/B0DS5S1S7Y,B0DS5S1S7Y,Intentional Days Vision Retreat Guidebook,Kara Stott,Paperback,"Dec 30, 2024",
0,https://www.amazon.com/dp/B0DS5RQHXC,B0DS5RQHXC,Fresh Off the Sesh,Lauren Garrett LCSW,Paperback,"Dec 30, 2024",
0,https://www.amazon.com/dp/B0DS5RH9D3,B0DS5RH9D3,Moms Life Planner,Danyele Ross,Hardcover,"Dec 30, 2024",
0,https://www.amazon.com/dp/B0DS5R3VGR,B0DS5R3VGR,"Black & Grass Green Medium Ruled Lined Paper Notebook 120 Pages 8.5 x 11 Inches: Gifts for Students, Workers, and Writing Down Notes",Justin Anthony Ortiz,Paperback,"Dec 30, 2024",
0,https://www.amazon.com/dp/B0DS5R3CMY,B0DS5R3CMY,Grandma's Favorite Heirloom Cook Book for Recording Family Favorite Recipes Grandma Mom Gift: Stir up fond memories of family meals and gatherings ... Grandma's best recipes for future geenrations,EVelyn Hope,Paperback,"Dec 30, 2024",
0,https://www.amazon.com/dp/B0DS5R36GR,B0DS5R36GR,Church Notes: A Journal for Noting Key Insights and Information from Church Services,Codas 4 Christ,Paperback,"Dec 30, 2024",
0,https://www.amazon.com/dp/B0DS5R2FZ4,B0DS5R2FZ4,A Fulfilling Year Ahead,Suma George,Paperback,"Dec 30, 2024",
1,https://www.amazon.com/dp/B0DS5QPCYW,B0DS5QPCYW,Inspirational Journal: Aspiration Action & Achievement,Sophia L Arnold,Paperback,"Dec 30, 2024",
0,https://www.amazon.com/dp/B0DS5QJPDL,B0DS5QJPDL,"2025 Floral Planner - Plan for a Successful & Organized Year Ahead!: 450+ Pages of Daily, Weekly & Monthly Planning",Honey Bee Writes,Paperback,"Dec 30, 2024",
0,https://www.amazon.com/dp/B0DS5QH5QD,B0DS5QH5QD,2025 PLANNER,Lovely Journals,Paperback,"Dec 30, 2024",
0,https://www.amazon.com/dp/B0DS5QH27D,B0DS5QH27D,2025 Minimalist Daily Planner: Minimalist one page per day agenda,SRMR Publishing,Paperback,"Dec 30, 2024",
0,https://www.amazon.com/dp/B0DS5QF68Q,B0DS5QF68Q,Gratitude Journal,Pretty Cosy Chai,Paperback,"Dec 30, 2024",
0,https://www.amazon.com/dp/B0DS5Q8PX3,B0DS5Q8PX3,Dream Journal Notebook: Record & analyze your dreams with a lined diary,day,Paperback,"Dec 30, 2024",
4,https://www.amazon.com/dp/B0DS5Q85R8,B0DS5Q85R8,A Journey Within: My 8-Week Self-Reflection Journal,Inner Journey,Paperback,"Dec 30, 2024",
0,https://www.amazon.com/dp/B0DS5Q7JX1,B0DS5Q7JX1,Vision journal: Aligning your vision with God’s plan,Bongiwe Msibi,Paperback,"Dec 30, 2024",
0,https://www.amazon.com/dp/B0DS5Q6CZN,B0DS5Q6CZN,"The Majestic Cat Notebook - for Cat Lovers: Glossy Cover, 110 lined pages, 7.5"" x 9.25""",Catie Cat Creations Publishing,Paperback,"Dec 30, 2024",
0,https://www.amazon.com/dp/B0DS5Q6C3N,B0DS5Q6C3N,Negative Emotions Journal: Transform Emotional Challenges into Personal Strength,Mihai-Alexandru Dumnicăi,Paperback,"Dec 30, 2024",
0,https://www.amazon.com/dp/B0DS5Q3VGT,B0DS5Q3VGT,Military Fitness Journal!: Record your daily fitness routines and prepare for fitness tests.,Rune Ice Storm,Paperback,"Dec 30, 2024",
2,https://www.amazon.com/dp/B0DS5Q1VQF,B0DS5Q1VQF,"Check Yourself: A Gal's Guide to Body, Mind and Spirit",Jennifer Bridges,Paperback,"Dec 30, 2024",
1,https://www.amazon.com/dp/B0DS5PZVN5,B0DS5PZVN5,"""Dream It, See It, Achieve It: Your Ultimate Vision Board Journal"" by Regina Luque",Regina Luque,Paperback,"Dec 30, 2024",
0,https://www.amazon.com/dp/B0DS5PZSZR,B0DS5PZSZR,Elevate Daily Productivity Planner (Daily Planner),Jacob Brown,Paperback,"Dec 30, 2024",
0,https://www.amazon.com/dp/B0DS5PZSW8,B0DS5PZSW8,"Journal Notebook: Stay on top of your schedule with this compact and functional Notebook planner, designed for simplicity and efficiency.",Kon Meto,Paperback,"Dec 30, 2024",
0,https://www.amazon.com/dp/B0DS5PTZP6,B0DS5PTZP6,We Are The Culture. This Is The Legacy.- Prairie View A&M University: 2025 Planner,LJ Lemond,Paperback,"Dec 30, 2024",
0,https://www.amazon.com/dp/B0DS5PTXX5,B0DS5PTXX5,Graceful: Embracing Elegance and Inner Strength,Mak3itHapp3n Publisher,Paperback,"Dec 30, 2024",
0,https://www.amazon.com/dp/B0DS5PKHDW,B0DS5PKHDW,"Cut Out And Collage Book: For Bible Junk Journals, Cards, Mixed Media, Scrapbooking, Paper Crafts, Vision Boards And More",Gwyn’s Publications,Paperback,"Dec 30, 2024",
0,https://www.amazon.com/dp/B0DS5PGN37,B0DS5PGN37,"Always find time for things that make you happy!: Journal - Notebook - Diary, Lay Flat. Convenient 6"" x 9"" size, 120 unique pages",Inward  Regeneration Meditiation,Paperback,"Dec 30, 2024",
0,https://www.amazon.com/dp/B0DS5PF87H,B0DS5PF87H,2025 Planner: Stop Dreaming And Start Doing,Betty Laggis,Paperback,"Dec 30, 2024",
0,https://www.amazon.com/dp/B0DS5P8XZ6,B0DS5P8XZ6,March: One Month At a Time Journal,N M Y,Paperback,"Dec 30, 2024",
0,https://www.amazon.com/dp/B0DS5P78T5,B0DS5P78T5,New Year Goal Setting Journal Your Guide to Success: Daily Gratitude: Your Companion to Mindful Living,Everly Press,Hardcover,"Dec 30, 2024",
0,https://www.amazon.com/dp/B0DS5NZWBR,B0DS5NZWBR,Daily Journal 180 pages for your daily writing: A Space for Unfiltered Expression and Creative Freedom,Mr Farhan Jaffer,Paperback,"Dec 30, 2024",
0,https://www.amazon.com/dp/B0DS5NZPZ8,B0DS5NZPZ8,2025 Daily Planner: Minimalist one page per day agenda,SRMR Publishing,Paperback,"Dec 30, 2024",
0,https://www.amazon.com/dp/B0DS5NNB3M,B0DS5NNB3M,"The Judging Cat Notebook - for cat lovers everywhere!: Glossy Cover, 110 lined pages, 7.5"" x 9.25""",Catie Cat Creations Publishing,Paperback,"Dec 30, 2024",
0,https://www.amazon.com/dp/B0DS5NHWCY,B0DS5NHWCY,"My Journal: Notes , planning,goals,analytical writing,mindfulness",Thalie  Michelle Nunez,Paperback,"Dec 30, 2024",
0,https://www.amazon.com/dp/B0DS5NHNGY,B0DS5NHNGY,Motivation Journal: Perfect gift Notebook,David B Devlin,Paperback,"Dec 30, 2024",
0,https://www.amazon.com/dp/B0DS5NF2NX,B0DS5NF2NX,The Daily Gratitude Journal,Bhim R,Paperback,"Dec 30, 2024",
0,https://www.amazon.com/dp/B0DS5ND7TJ,B0DS5ND7TJ,Connected: A Journal Based on the Codas4Christ Word of the Year and the Verse John 15:5,Codas 4 Christ,Paperback,"Dec 30, 2024",
0,https://www.amazon.com/dp/B0DS5N9PR7,B0DS5N9PR7,"No day will be repeated, no two nights are alike",Aston Max,Paperback,"Dec 30, 2024",
1,https://www.amazon.com/dp/B0DS5N9DQB,B0DS5N9DQB,"""Ink & Honour: A Samurai's Journey Through Words""",miss Alia Bachell,Paperback,"Dec 30, 2024",
0,https://www.amazon.com/dp/B0DS5MVSQB,B0DS5MVSQB,A Promise to Myself Journal,Nikki's Home Closet,Paperback,"Dec 30, 2024",
0,https://www.amazon.com/dp/B0DS5MT1K4,B0DS5MT1K4,ATV Journal/Sketchbook,JULIA A ROYSTON,Paperback,"Dec 30, 2024",
0,https://www.amazon.com/dp/B0DS5MQRGX,B0DS5MQRGX,"Winter Wonders Journal: Lined Notebook for Your Daily Inspirations: A versatile 6x9-inch lined notebook with 120 pages – perfect for notes, plans, and creative writing.",Uncle Gargoyle,Paperback,"Dec 30, 2024",
0,https://www.amazon.com/dp/B0DS5MJJSH,B0DS5MJJSH,Shit I Can't Remember: Password & Things: Notebook,Brianne Nicquole,Paperback,"Dec 30, 2024",
0,https://www.amazon.com/dp/B0DS5MGWYW,B0DS5MGWYW,"2025 Planner 8.5""x11"", Weekly and Monthly Planner from January to Dec 2025, softcover in midnight blue",Sofi Blaze,Paperback,"Dec 30, 2024",
0,https://www.amazon.com/dp/B0DS5MFB5B,B0DS5MFB5B,Positive Self-Affirmation's Daily Planner 2025,Nyche Davis,Paperback,"Dec 30, 2024",
0,https://www.amazon.com/dp/B0DS5M5C8T,B0DS5M5C8T,A Woman / A Journal,Ms Sage Chalamet,Hardcover,"Dec 30, 2024",
0,https://www.amazon.com/dp/B0DS5LZTM6,B0DS5LZTM6,Introspection-Practicing Anti-Rumination: Eliminate Rumination,Essie Fay,Paperback,"Dec 30, 2024",
0,https://www.amazon.com/dp/B0DS5LTYT7,B0DS5LTYT7,"A 90-Day Mindfulness Journal For Women: A 90-Day Mindfulness Journey: Daily Reflections, Weekly Affirmations, and Practices to Cultivate Mindfulness, ... Balance, Confidence, and Inner Strength.",3Js  | The Joyful Journey Journals,Paperback,"Dec 30, 2024",
0,https://www.amazon.com/dp/B0DS5LTV3D,B0DS5LTV3D,2025 Daily Planner,Dr Thurston Furmorre,Hardcover,"Dec 30, 2024",
1,https://www.amazon.com/dp/B0DS5LPSDX,B0DS5LPSDX,Gratitude Journal,Engy Dous,Paperback,"Dec 30, 2024",
0,https://www.amazon.com/dp/B0DS5LJ7PF,B0DS5LJ7PF,"Gratitude Journal: Daily Reflections for a Happier, Mindful You.",Maha Khalid,Hardcover,"Dec 30, 2024",
0,https://www.amazon.com/dp/B0DS5LFLTP,B0DS5LFLTP,Ultimate 5 Year Goal Planner: with bonus pages for notes,Julia Fonda,Hardcover,"Dec 30, 2024",
0,https://www.amazon.com/dp/B0DS5LDS4W,B0DS5LDS4W,"""Grace and Gratitude: A Journal of Faithful Thanks""",Rajdeep Sran,Paperback,"Dec 30, 2024",
0,https://www.amazon.com/dp/B0DS5L1KV5,B0DS5L1KV5,Notes: A cute cat theme notebook for daily use.,Ava Holcomb,Paperback,"Dec 30, 2024",
0,https://www.amazon.com/dp/B0DS5KY882,B0DS5KY882,Email and Password Logbook,sarika k,Paperback,"Dec 30, 2024",
0,https://www.amazon.com/dp/B0DS5KXTBD,B0DS5KXTBD,"Love Hearts Journal, Notebook, Diary, Composition Book (8.5 x 11 inches) - 120 Lines Pages",Dr. Danielle Eddins,Paperback,"Dec 30, 2024",
0,https://www.amazon.com/dp/B0DS5KMV5B,B0DS5KMV5B,"Undated Daily ADHD Behavior Tracker: 6x9 Undated Weekly Behavioral Tracker, Daily ADHD Symptom Log, Parental ADHD Management Journal, Children's Tracker",Lacey Womack,Paperback,"Dec 30, 2024",
0,https://www.amazon.com/dp/B0DS5KGJP9,B0DS5KGJP9,2025 Weekly & Monthly Planner: Agenda and Organizer | Inspirational Quotes | Federal holidays and inspirational quotes | Spring Cover,Cottage Garden Publishing,Paperback,"Dec 30, 2024",
0,https://www.amazon.com/dp/B0DS5K8YCJ,B0DS5K8YCJ,Notebook: I Like To Be Alone… But It’s Better Together,Paulove Art,Paperback,"Dec 30, 2024",
0,https://www.amazon.com/dp/B0DS5K3V8D,B0DS5K3V8D,Things To Do Book,James A Ancrum,Paperback,"Dec 30, 2024",
0,https://www.amazon.com/dp/B0DS5JG8RN,B0DS5JG8RN,Transportation Journal Sketchbook,JULIA A ROYSTON,Paperback,"Dec 30, 2024",
0,https://www.amazon.com/dp/B0DS5J2NNN,B0DS5J2NNN,"DO YOU WANNA TALK ABOUT IT?: Transform overthinking into clarity and self-compassion with this thoughtfully designed journal. Featuring guided ... gratitude exercises, and daily affirmations.",NIYSHARAA,Paperback,"Dec 30, 2024",
0,https://www.amazon.com/dp/B0DS5HRKB6,B0DS5HRKB6,Daily Dot Journal: Your Space for Creativity,Alicja Wieczorek,Paperback,"Dec 30, 2024",
0,https://www.amazon.com/dp/B0DS5HR9BS,B0DS5HR9BS,Stronger Every Day: A Fitness Journal for Workouts and Progress,Primary Notes,Hardcover,"Dec 30, 2024",
0,https://www.amazon.com/dp/B0DS5HPPS9,B0DS5HPPS9,Journal,Mr.Penguini Miller,Paperback,"Dec 30, 2024",
1,https://www.amazon.com/dp/B0DS5HNC26,B0DS5HNC26,"Proof I ""Try"" to Live Healthy!: Daily Food Tracker and Healthy Living Journal for Women and Teens.",Apolla Roth,Paperback,"Dec 30, 2024",
0,https://www.amazon.com/dp/B0DS5HGKJJ,B0DS5HGKJJ,Do This First: A 12 week planner to create your desired outcome *Business edition*,Dina Mitchell,Paperback,"Dec 30, 2024",
0,https://www.amazon.com/dp/B0DS5H6Y7B,B0DS5H6Y7B,The Power of Small Joys: A Gratitude Journal 2025,Prajakta S,Paperback,"Dec 30, 2024",
0,https://www.amazon.com/dp/B0DS5GP2JC,B0DS5GP2JC,It's My Life: Daily Journal,Shannon Jean,Paperback,"Dec 30, 2024",
0,https://www.amazon.com/dp/B0DS5GG3LY,B0DS5GG3LY,"Note Book: Perfect for Journaling, Note-Taking, or Creative Writing | 120 Pages, 6x9 Softcover",Goham Publishing,Paperback,"Dec 30, 2024",
0,https://www.amazon.com/dp/B0DS5GG3JX,B0DS5GG3JX,The Secret Keys to Love: Love Journal by Agnes,Agnes Novak-Kovacs,Paperback,"Dec 30, 2024",
0,https://www.amazon.com/dp/B0DS5G71LM,B0DS5G71LM,"Dear me, Don't tell (Bleu): A Quiet Space to Reflect, Embrace, and Grow: paper cover journal, diary, or notebook with a blue watercolor design, 7 x 10 inches, 120 pages.",June Meadow,Hardcover,"Dec 30, 2024",
0,https://www.amazon.com/dp/B0DS5G3925,B0DS5G3925,Pet Care Planner Logbook: The Perfect Tool for Busy Pet Parents,Christopher Hodgson,Paperback,"Dec 30, 2024",
0,https://www.amazon.com/dp/B0DS5G2T79,B0DS5G2T79,Notebook For Meditation: Meditation Log,Mattlove Art,Paperback,"Dec 30, 2024",
0,https://www.amazon.com/dp/B0DS45C1XT,B0DS45C1XT,"Mini Crock Pot Recipes Cookbook: Mini Crock Pot Dishes with Pictures: 50 Step-by-Step Recipes for Quick, Flavorful, and Healthy Dishes",Eva Smith,Kindle,"Dec 31, 2024",
3,https://www.amazon.com/dp/B0DS124RS8,B0DS124RS8,"Super Easy Addison's Disease Diet Cookbook For Beginners: Effortless Recipes to Help Relieve Stress, Reduce Fatigue and Support Adrenal Health",Elaine Hayter,Kindle,"Dec 31, 2024",
1,https://www.amazon.com/dp/B0DS13MQR3,B0DS13MQR3,Just Cocktails (Classic Cocktail Books),Classic Cocktail Books,Kindle,"Dec 31, 2024",
2,https://www.amazon.com/dp/B0DSG62XJ7,B0DSG62XJ7,"Ingredient Addiction Brown Sugar Cookbook: Ingredient Addiction: Brown Sugar – Sweet and Savory Recipes, Decadent Desserts, Creative Cooking and Baking with Brown Sugar. Cookbook",Chef Sandra Mallut,Kindle,"Dec 31, 2024",
1,https://www.amazon.com/dp/B0DRZWPCMP,B0DRZWPCMP,"INSULIN RESISTANCE DIET: Delicious Recipes and Expert Guidance to Balance Blood Sugar, Manage Diabetes, Boost Energy, and Reverse Insulin Resistance Naturally (The Ultimate Healthy Living Kitchen)",JOEL OLIVER,Kindle,"Dec 31, 2024",
2,https://www.amazon.com/dp/B0DRZFGTMT,B0DRZFGTMT,Thermomix TM6 Cookbook: Curries of the World (Thermomix Cookery Books),Claudine Young,Kindle,"Dec 31, 2024",
0,https://www.amazon.com/dp/B0DS6NWZDZ,B0DS6NWZDZ,50 Party Recipes Everyone Will Love,Kelly Johnson,Paperback,"Dec 31, 2024",
0,https://www.amazon.com/dp/B0DRYVVGW5,B0DRYVVGW5,"Mediterranean Diet Cookbook for Beginners: Authentic Mediterranean Recipes with a 30-Day Meal Plan, Shopping Lists, and Nutritional Guidance for a Healthy Lifestyle",Roberto Kayra,Hardcover,"Dec 31, 2024",
0,https://www.amazon.com/dp/B0DRZK91RK,B0DRZK91RK,"Low Cholesterol Mediterranean Cookbook: Easy Delicious Heart-Healthy Low Sodium, Low Fat Recipes to Lower Cholesterol, Reduce Blood Pressure & Prevent Heart Disease [30-Day Cardiac Renal Diet Plan]",Lora Kemp,Kindle,"Dec 31, 2024",
2,https://www.amazon.com/dp/B0DRZZSRFK,B0DRZZSRFK,"IKIGAI TYPE 2 DIABETES COOKBOOK, FOOD LIST (7 Day Weekly Meal Plan): Balancing Blood Sugar With Low Glycemic Recipes For Purposeful Eating Inspired By Japanese Wisdom",YUKIHITO HAMANO,Paperback,"Dec 31, 2024",
2,https://www.amazon.com/dp/B0GW69RT6Y,B0GW69RT6Y,"The Fancy Italian Cookbook: 67 Restaurant-Quality Recipes with Step-by-Step Plating, Wine Pairings, and Chef's Notes for Elevated Italian Dining at Home",The Velvet Quarto Kitchen,Paperback,"Apr 5, 2026",
1,https://www.amazon.com/dp/B0DS2WV73H,B0DS2WV73H,"The Ultimate Cajun Cookbook: Authentic Cajun Recipes, Spices, and Techniques for Perfect Creole Cooking from Louisiana’s Bayou",Ellie Fiona,Kindle,"Dec 31, 2024",
0,https://www.amazon.com/dp/B0DRZWGLNN,B0DRZWGLNN,The Fry Chronicles: A Journey to Mastering the Art of Frying,Payton Thomas Troutman,Paperback,"Dec 31, 2024",
1,https://www.amazon.com/dp/B0DRYWGSXW,B0DRYWGSXW,Grandma's Recipe Box: Sweet Treats,Tessa Aura,Kindle,"Dec 31, 2024",
0,https://www.amazon.com/dp/B0DS2Q69QG,B0DS2Q69QG,Extravagant Recipes: YEMEN: 20 incredible typical recipes,Ricette Stravaganti,Kindle,"Dec 31, 2024",
0,https://www.amazon.com/dp/B0DS11SGYT,B0DS11SGYT,"AYURVEDA RENAL DIABETIC COOKBOOK, FOOD LIST (30 Day Weekly Meal Plan): Discover The Healing Power Of Indian Ingredients And Recipes Designed To ... Blood Sugar Level Kidney Disease Patients",SUVAN TUHIN,Paperback,"Dec 31, 2024",
1,https://www.amazon.com/dp/B0DRZGTCMN,B0DRZGTCMN,VEGAN RENAL DIET COOKBOOK 2025: Your Dietary Companion for Kidney Friendly Meals with Delicious Recipes for Disease Prevention,Dr.  Anna Lein,Paperback,"Dec 31, 2024",
0,https://www.amazon.com/dp/B0DS6NB8KH,B0DS6NB8KH,50 Classic Dishes Reinvented,Kelly Johnson,Paperback,"Dec 31, 2024",
0,https://www.amazon.com/dp/B0DS13K2Q4,B0DS13K2Q4,Gracious Gatherings: The Art of Hosting with Heart,MEHCO by Design,Paperback,"Dec 31, 2024",
1,https://www.amazon.com/dp/B0DV3PZF9V,B0DV3PZF9V,365 Days of Cake with Kathy Schumacher (Vol.1),Kathy Schumacher,Kindle,"Dec 31, 2024",
1,https://www.amazon.com/dp/B0DRZ39BGH,B0DRZ39BGH,Cooking at 20 Degrees: 100 Recipes for Life at an Angle,Bill White,Hardcover,"Dec 31, 2024",
3,https://www.amazon.com/dp/B0DRYSQTJ9,B0DRYSQTJ9,"Meatless Magic: A Delicious Journey Through Vegetarian Cuisine | 50 Healthy, Delicious Meals for Busy People: This Book features 50 quick and easy ... cookbook brings vibrant, plant-based meals.",Boundless Bookshelf,Kindle,"Dec 31, 2024",
0,https://www.amazon.com/dp/B0DS2NP7GJ,B0DS2NP7GJ,"NATURAL REMEDY FOR JOINT PAIN: Holistic Solutions to Reduce Inflammation, Relieve Pain, and Restore Mobility",JOEL OLIVER,Kindle,"Dec 31, 2024",
4,https://www.amazon.com/dp/B0DS1QYH2K,B0DS1QYH2K,"Air Fryer Made Easy: Discover 100 Simple Quick, and Healthy Recipes Perfect for Beginners. Colorful Photos Included.",Patrick Ottilie,Kindle,"Dec 31, 2024",
0,https://www.amazon.com/dp/B0DRZSDN9K,B0DRZSDN9K,"Clean & Green Kitchen: 120 Beginner-Friendly Plant-Based Recipes without Gluten, Dairy or Oil With 4 weeks meal plan",Peter Nikki,Kindle,"Dec 31, 2024",
1,https://www.amazon.com/dp/B0DRZJF88T,B0DRZJF88T,"Embrace the Okinawa Way: Transform Your Health Today: Start your journey to longevity, mindfulness and vibrant living",Haley Pierre,Kindle,"Dec 31, 2024",
0,https://www.amazon.com/dp/B0DRZ145VC,B0DRZ145VC,Kerala Kitchen Chronicles: A Culinary Journey Through Tradition and Flavor,Mr T Vijayan Babu,Kindle,"Dec 31, 2024",
2,https://www.amazon.com/dp/B0DST2YSG4,B0DST2YSG4,Complete Nutrition: I Don't Want Any More Salad: Caribbean and African Vegan and Vegetarian Holiday Cuisines,Chimene Castor,Kindle,"Dec 31, 2024",
0,https://www.amazon.com/dp/B0DSPWKHBW,B0DSPWKHBW,Happy Marriage Recipe Book: Recipe For A Happy Marriage,Destiny Bell,Paperback,"Dec 31, 2024",
0,https://www.amazon.com/dp/B0DSLT44KQ,B0DSLT44KQ,THE GLUCOSE JOURNAL: PERFECT BLOOD SUGAR LOGBOOK,Kristina Johns,Paperback,"Dec 31, 2024",
0,https://www.amazon.com/dp/B0DSJSTWM9,B0DSJSTWM9,Weekly Meal Planner,Marvin Keller,Paperback,"Dec 31, 2024",
0,https://www.amazon.com/dp/B0DSJP1RX1,B0DSJP1RX1,My Recipe Encyclopedia: The Perfect Recipe Book to Organize Your Recipes- Suitable for Everyone,Mohd Faizan Khan,Hardcover,"Dec 31, 2024",
0,https://www.amazon.com/dp/B0DSFYX8XH,B0DSFYX8XH,Weekly Menu Planner,Lyndsay Douglas,Paperback,"Dec 31, 2024",
0,https://www.amazon.com/dp/B0DS9FCT92,B0DS9FCT92,Weight Loss Journal,Mrs  Krystal Sneath,Paperback,"Dec 31, 2024",
0,https://www.amazon.com/dp/B0DS8W1RL8,B0DS8W1RL8,"The Anti-inflammatory Diet Cookbook For Beginners: Easy and Tasty Recipes to enhance Immunity, Reduce Inflammations and Restore Health.",Megan Sherryl,Kindle,"Dec 31, 2024",
1,https://www.amazon.com/dp/B0DS8RXRHF,B0DS8RXRHF,"RECIPE JOURNAL (A Simple Blank Recipe Journal to Write in Your Own Recipes; 100 pages, 6 × 9 in)",Tam Tran Prejusa,Paperback,"Dec 31, 2024",
0,https://www.amazon.com/dp/B0DS8QTH5M,B0DS8QTH5M,Blank Favorite Recipe Book with Baking Measurement Conversion Chart – 150 Pages : Made with Love,Morgan Flavor,Paperback,"Dec 31, 2024",
0,https://www.amazon.com/dp/B0DS8NVNJQ,B0DS8NVNJQ,"90 Day Journal and Challenge Tracker - Fit 4 Fellowship (2025): 70-Day to 90-Day Planner for Diet, Exercise and Workout",Tamara Renee,Paperback,"Dec 31, 2024",
0,https://www.amazon.com/dp/B0DS8FSL6G,B0DS8FSL6G,ASTONISHING WONDERS OF WILDLIFE: DISCOVER THE BEAUTY OF NATURE THROUGH YOUR COLORS,ODOGWU .C,Paperback,"Dec 31, 2024",
0,https://www.amazon.com/dp/B0DS8D6JW7,B0DS8D6JW7,Espresso Yourself: Darling Pug Notebook: A Cute and Quirky Journal for Coffee Lovers and Pug Fans!,TM Daliggr,Paperback,"Dec 31, 2024",
0,https://www.amazon.com/dp/B0DS868X7D,B0DS868X7D,CUPA's Coffee Tasting Journal,Landon Worsham,Paperback,"Dec 31, 2024",
1,https://www.amazon.com/dp/B0DS81DNYP,B0DS81DNYP,My Recipes: a collection of my favorite recipes.,Margaret Testa,Hardcover,"Dec 31, 2024",
0,https://www.amazon.com/dp/B0DS7XFF9L,B0DS7XFF9L,Spices Of My Soul,Caribbean Pages,Paperback,"Dec 31, 2024",
0,https://www.amazon.com/dp/B0DS6XRT71,B0DS6XRT71,"Whisk, Flip, Yum! 30 Exciting Recipes for Little Chefs: A Fun-Filled Cookbook for Kids With Tasty Adventures from Breakfast to Dinner",A Seddeka,Paperback,"Dec 31, 2024",
0,https://www.amazon.com/dp/B0DS6X1W3H,B0DS6X1W3H,recipe notebook to write in your own100 recipes: recipe paperback notebook,Mr. Rakesh Kumar,Paperback,"Dec 31, 2024",
0,https://www.amazon.com/dp/B0DS6WSGBY,B0DS6WSGBY,"My Recipe Book: Blank Recipe Book to Write in Your Own Recipes, 6x9 inches, 101 pages",Reach The Sky,Paperback,"Dec 31, 2024",
0,https://www.amazon.com/dp/B0DS6WQ87N,B0DS6WQ87N,"My Recipe Book: Blank Recipe Book to Write in Your Own Recipes, 6x9 inches, 101 pages",Reach The Sky,Paperback,"Dec 31, 2024",
0,https://www.amazon.com/dp/B0DS6PZ55D,B0DS6PZ55D,50 Back to Basics: Simple and Tasty Recipes,Kelly Johnson,Paperback,"Dec 31, 2024",
0,https://www.amazon.com/dp/B0DS6P5GN1,B0DS6P5GN1,50 Camping Cuisine: Easy Outdoor Recipes,Kelly Johnson,Paperback,"Dec 31, 2024",
0,https://www.amazon.com/dp/B0DS6NSY62,B0DS6NSY62,50 The Essential Cookbook for Beginners,Kelly Johnson,Paperback,"Dec 31, 2024",
0,https://www.amazon.com/dp/B0DS6CFRJ5,B0DS6CFRJ5,"My Recipe Book: Blank Recipe Book to Write in Your Own Recipes, 6x9 inches, 101 pages",Reach The Sky,Paperback,"Dec 31, 2024",
0,https://www.amazon.com/dp/B0DS6CD11F,B0DS6CD11F,Culinary Creations: A Recipe Notebook to Organize Your Favorite Dishes and Ideas,Lila Knight,Paperback,"Dec 31, 2024",
0,https://www.amazon.com/dp/B0DS6BGM7Q,B0DS6BGM7Q,Restaurant Ideas Notebook: The Perfect little book if you want to get your restaurant off the ground. Creative ideas Notebook!,MMD Designs,Paperback,"Dec 31, 2024",
0,https://www.amazon.com/dp/B0DS67P11M,B0DS67P11M,My Dessert Recipes Baked with Love: A Recipe Journal for Home Bakers and Sweet Lovers | Create Your Personalized Dessert Cookbook,Puraluna Creations,Paperback,"Dec 31, 2024",
0,https://www.amazon.com/dp/B0DS64NCM9,B0DS64NCM9,Sweet Recipe Book: A Blank Recipe Notebook for Dessert Lovers to Write and Save Your Favorite Desserts and Sweet Treats,Puraluna Creations,Paperback,"Dec 31, 2024",
0,https://www.amazon.com/dp/B0DS64C1VZ,B0DS64C1VZ,My Dessert Recipes: A Blank Recipe Journal for Dessert Lovers and Home Bakers to Save and Organize Favorite Sweet Recipes,Puraluna Creations,Paperback,"Dec 31, 2024",
0,https://www.amazon.com/dp/B0DS5WJPGL,B0DS5WJPGL,Our Wedding Cookie Table: Recipes from those who contributed to Our Cookie Table,NJ B,Paperback,"Dec 31, 2024",
0,https://www.amazon.com/dp/B0DS59LCP7,B0DS59LCP7,"From Breakfast to Dessert: Wholesome Plant-Based Recipes: Your Guide to Vibrant, Wholesome, and Irresistible Plant-Based Meals",Walden Vire,Kindle,"Dec 31, 2024",
0,https://www.amazon.com/dp/B0DS2NT6MS,B0DS2NT6MS,GLUTEN-FREE DESSERTS: EASY AND DELICIOUS RECIPES,Benedetta Marcelli,Kindle,"Dec 31, 2024",
0,https://www.amazon.com/dp/B0DS2HH5D7,B0DS2HH5D7,FLAVOURS OF THE WORLD: A culinary journey through 195 countries,JAFE,Kindle,"Dec 31, 2024",
1,https://www.amazon.com/dp/B0DS2F6TS5,B0DS2F6TS5,"DIABETES ULTIMATE RECIPES COOKBOOK: YOUR GUIDE TO FLAVORFUL, LOW-SUGAR COOKING FOR A BALANCED LIFE",ROBIN B. BROWN,Paperback,"Dec 31, 2024",
0,https://www.amazon.com/dp/B0DS2CZQJ7,B0DS2CZQJ7,"ITALIAN CUISINE WORD SEARCH: Savor the Flavors of Italy – Pasta, Pizza, Gelato, Risotto, Tiramisu & More – A Fun Journey Through Dishes, Secrets & Culture for Foodies & Fans",Buona Tavola Press,Paperback,"Dec 31, 2024",
0,https://www.amazon.com/dp/B0DS1RBGGS,B0DS1RBGGS,Mexican Treats Coloring Book: Bold and Easy Designs Featuring Mexican Sweets and Treats for Relaxation and Fun.,Jose Pinatapron,Paperback,"Dec 31, 2024",
1,https://www.amazon.com/dp/B0DS19G16R,B0DS19G16R,Flavors of the Mediterranean,iris eva,Kindle,"Dec 31, 2024",
0,https://www.amazon.com/dp/B0DS13LDT9,B0DS13LDT9,"5 INGREDIENTS CROCK POT COOKBOOK FOR BEGINNERS: Easy delicious recipes including full colour images, Health benefits, meal plan and more.",THERESA A. SMITH,Paperback,"Dec 31, 2024",
0,https://www.amazon.com/dp/B0DS11NYHD,B0DS11NYHD,"AYURVEDA ARTHRITIS HEALING COOKBOOK, FOOD LIST (7 Day Weekly Meal Plan): Restore Inner Harmony And Radiant Health by Aligning Your Diet Or Recipes With Indian's Holistic Principles For Joints Pains",SHAMI KAPOOR,Paperback,"Dec 31, 2024",
0,https://www.amazon.com/dp/B0DRZY6QFM,B0DRZY6QFM,MEDITERRANEAN INSPIRED KETO DIET COOKBOOK: Flavorful Low-Carb Recipes for A Healthier You With 4-Weeks Meal Plan (Healthy eating),DONALD T. AUSTINE,Kindle,"Dec 31, 2024",
3,https://www.amazon.com/dp/B0DRZXR4KF,B0DRZXR4KF,"Embrace the Mess, Find Your Flavor: From Messy Mistakes to Mouthwatering Masterpieces from the Kitchen (Clueless101)",Artemus Tanner,Kindle,"Dec 31, 2024",
0,https://www.amazon.com/dp/B0DRZR7YP6,B0DRZR7YP6,"Plant-Based Cookbook for Beginners: Easy, Delicious, and Nutrient-Packed Recipes for a Healthier Lifestyle",Fern Meadows,Kindle,"Dec 31, 2024",
2,https://www.amazon.com/dp/B0DRZQDPWB,B0DRZQDPWB,100 Multicultural Heritage Recipes Made Easy: A Culinary Journey Through Traditional and Modern Favorites,Ann-Marie Stephens,Kindle,"Dec 31, 2024",
1,https://www.amazon.com/dp/B0DRZQ5J53,B0DRZQ5J53,Ulcer diet cookbook for beginners: Delicious recipes and nutritional tips to soothe your stomach and promote digestive health,Michelle Rockwell,Kindle,"Dec 31, 2024",
0,https://www.amazon.com/dp/B0DRZPVNDN,B0DRZPVNDN,"Master The Grill and Smoker Cookbook: 300+ Flavor-Packed Recipes for Perfect BBQ, Smoking, and Grilling Mastery",Orville Ernser,Kindle,"Dec 31, 2024",
0,https://www.amazon.com/dp/B0DRZMTNNR,B0DRZMTNNR,AUTOIMMUNE PROTOCOL DIET COOKBOOK FOR BEGINNERS: Discover Healthy and Delicious Recipes to Balance Your Immune System,JENNIFER DAVIS,Kindle,"Dec 31, 2024",
0,https://www.amazon.com/dp/B0DRZKQHLC,B0DRZKQHLC,"""Grandmother's….. stolen recipes."": Original Italian dishes",Damiano Ferrari,Kindle,"Dec 31, 2024",
0,https://www.amazon.com/dp/B0DRZF25BN,B0DRZF25BN,"LOW CHOLESTEROL COOKBOOK FOR BEGINNERS 2025: Easy Delicious Recipes with Nutritional Value, Health Benefit, Color photos and More.",Harlan P. Williams,Kindle,"Dec 31, 2024",
1,https://www.amazon.com/dp/B0DRZCJWPM,B0DRZCJWPM,"The Ultimate Guide to Countertop Ice Makers: Troubleshooting, Maintenance, and Mastering Your Ice Machine",Jamie Maxwell,Kindle,"Dec 31, 2024",
0,https://www.amazon.com/dp/B0DRYZDGYP,B0DRYZDGYP,Extravagant Recipes: NEW ZEALAND: 20 incredible typical recipes,Ricette Stravaganti,Kindle,"Dec 31, 2024",
0,https://www.amazon.com/dp/B0DRYTFTTD,B0DRYTFTTD,"Zero Waste Living: Your Essential Guide to Sustainable Habits, Reducing Waste, and Creating a Greener Future: Simple Steps to Reduce Waste, Save ... Your Lifestyle for a Sustainable Future",GreenMind Collective,Kindle,"Dec 31, 2024",
4,https://www.amazon.com/dp/B0DRYTCDQF,B0DRYTCDQF,"MEDITERRANEAN DIET COOKBOOK FOR BEGINNERS: 2000 DAYS BUDGET FRIENDLY, TASTY AND NUTRITIOUS RECIPES",MITCHELL JADE,Kindle,"Dec 31, 2024",
0,https://www.amazon.com/dp/B0DRYTCBQ6,B0DRYTCBQ6,Demystifying Blood Type Nutrition,Barbara Adomako,Paperback,"Dec 31, 2024",
0,https://www.amazon.com/dp/B0DRYT3ZFP,B0DRYT3ZFP,Vegan Cuisine of the World: A Journey Through Iconic Recipes Reimagined,chef max,Paperback,"Dec 31, 2024",
1,https://www.amazon.com/dp/B0DRXSTP21,B0DRXSTP21,"Hamilton Beach Smoothie Recipe Book: Transform Your Hamilton Beach Blender into a Powerhouse for Nutritious, Delicious Smoothies",Eva Smith,Kindle,"Dec 30, 2024",
0,https://www.amazon.com/dp/B0DRY79TB1,B0DRY79TB1,Sommelier Level 1 Prep Book: A Beginner’s Guide to Wine Knowledge and Exam Preparation: SOMM DIGI AI - AI-Generated Handbook for Aspiring Sommeliers,Alper Billik,Paperback,"Dec 30, 2024",
2,https://www.amazon.com/dp/B0DRW5SH8G,B0DRW5SH8G,THE ULTIMATE FONDUE AND RACLETTE COOKBOOK: Discover the Joy of Melting Cheese with Classic and Modern Recipes.,CHRISTIANA WHITE,Kindle,"Dec 30, 2024",
2,https://www.amazon.com/dp/B0DRXYKB67,B0DRXYKB67,CKD STAGE 4 AIR FRYER COOKBOOK: A Comprehensive Dietary Guide for Renal Disease Prevention and Reversal with Low Sodium Recipes,Dr.  Anna Lein,Paperback,"Dec 30, 2024",
0,https://www.amazon.com/dp/B0DVGJVLN1,B0DVGJVLN1,Contemporary Caribbean Cuisine: TextBook for Professionals and Students,William Jasper Moore AAC,Paperback,"Dec 30, 2024",
0,https://www.amazon.com/dp/B0DRW5QGRW,B0DRW5QGRW,Outdoor Pizza Oven Recipes Cookbook: Homemade Pizza Baking Techniques,Anusha A,Kindle,"Dec 30, 2024",
3,https://www.amazon.com/dp/1446541649,1446541649,A Selection of Recipes for Making Home-Made Fruit and Flower Wines,Dorothy Wise,Paperback,"Mar 23, 2011",
5,https://www.amazon.com/dp/B0DRXPLPYT,B0DRXPLPYT,"Keto Mediterranean Diet cookbook for women over 60: 80+ Healthy Low-Carb Recipes to Boost Energy, Balance Hormones, Support Longevity, Aid Weight ... Tips, and Exercise for Sustainable Health",Kathryn R. Baldwin,Kindle,"Dec 30, 2024",
0,https://www.amazon.com/dp/B0DRYYSY55,B0DRYYSY55,LACTOSE-FREE DESSERT RECIPES: Delights for the palate,Benedetta Marcelli,Kindle,"Dec 30, 2024",
1,https://www.amazon.com/dp/B0DS2KZFP5,B0DS2KZFP5,Baldur's Gate 3 cookbook,Joey Alford,Paperback,"Dec 30, 2024",
0,https://www.amazon.com/dp/B0DRVXTVXR,B0DRVXTVXR,"The Ultimate Guide To Festivus: A Pole, Complaints, And Chaos. Perfect.",NewLeaf,Hardcover,"Dec 30, 2024",
3,https://www.amazon.com/dp/B0DRYSFPZX,B0DRYSFPZX,The Hunters Harvest: A Journey from Field to Feast,Christopher Avena,Kindle,"Dec 30, 2024",
0,https://www.amazon.com/dp/B0DRYNP6Z9,B0DRYNP6Z9,"FATTY LIVER DIET COOKBOOK FOR BEGINNERS: ""A Simple Guide to Nourishing Your Liver with Delicious, Easy-to-Make Recipes""",GINA  .P. ERIN,Kindle,"Dec 30, 2024",
1,https://www.amazon.com/dp/B0DRZ8H9HS,B0DRZ8H9HS,The World of Tapas: 50 Recipes,Kelly Johnson,Paperback,"Dec 30, 2024",
0,https://www.amazon.com/dp/B0DRZWQT8Z,B0DRZWQT8Z,Happy Baking The Entertainment Edition: 232 Cannabis-Infused Tapas and Other Party Food Recipes,Jillian R. Fisk,Paperback,"Dec 30, 2024",
0,https://www.amazon.com/dp/B0DRZ7XHGQ,B0DRZ7XHGQ,Healthy Desserts: 50 Guilt-Free Recipes,Kelly Johnson,Paperback,"Dec 30, 2024",
0,https://www.amazon.com/dp/B0DRZ8MZVJ,B0DRZ8MZVJ,The Cheese Lover's Cookbook: 50 Recipes,Kelly Johnson,Paperback,"Dec 30, 2024",
0,https://www.amazon.com/dp/B0DRZ7NRK3,B0DRZ7NRK3,50 Street Tacos You Can Make at Home,Kelly Johnson,Paperback,"Dec 30, 2024",
1,https://www.amazon.com/dp/B0DSFDGXPK,B0DSFDGXPK,Cooking Hacks for Very Busy People: Managing Time and Cooking for Picky Eaters,Peggy Owens,Kindle,"Dec 30, 2024",
0,https://www.amazon.com/dp/B0DS5B159M,B0DS5B159M,LOW FODMAP COOKBOOK FOR SENIORS:: Delicious and Nutritious Recipes for Optimum Health and Weight Loss,JANIE POINDEXTER,Kindle,"Dec 30, 2024",
1,https://www.amazon.com/dp/B0DRZKX5CB,B0DRZKX5CB,The Dog Kitchen: A Guide to Healthy Homemade Meals,Ana W. Cortinas,Kindle,"Dec 30, 2024",
0,https://www.amazon.com/dp/B0DRYK4736,B0DRYK4736,Zero-Waste Cookbook: Over 150 Recipes That Make the Most of Every Ingredient to Reduce Food Waste,Mia Parker,Kindle,"Dec 30, 2024",
1,https://www.amazon.com/dp/B0DRYJ5HSK,B0DRYJ5HSK,"The Heart Healthy Cookbook for Beginners: Easy, Delicious and Flavorful recipes with Low Fats, Low Cholesterol, Low Sodium To Reduce Blood Pressure And Boost Long-Term health wellness. Includes....",Merritt Thompson,Kindle,"Dec 30, 2024",
0,https://www.amazon.com/dp/B0DRYH9TGC,B0DRYH9TGC,Healing Gardens: Cultivating Medicinal Herbs for Natural Relief,Phil Potts,Kindle,"Dec 30, 2024",
0,https://www.amazon.com/dp/B0DRYGVBRT,B0DRYGVBRT,Eat Right for Your Blood Type: The Secret of Blood Group-Specific Nutrition,Eric Arkomah,Kindle,"Dec 30, 2024",
0,https://www.amazon.com/dp/B0DRX629CP,B0DRX629CP,"365 Delicious Smoothies: The Ultimate Guide for Wellness, Energy and Balance: 365 Smoothie Ideas Bible : Easy, Healthy, and Irresistible Recipes for Weight Loss, Energy Boosts, and Radiant Skin",Nicky Brookes,Kindle,"Dec 30, 2024",
1,https://www.amazon.com/dp/B0DRX55J1X,B0DRX55J1X,Fondant Fantasia: Recipes and Secrets for Decadent Desserts,Olesia Naumchyk,Kindle,"Dec 30, 2024",
0,https://www.amazon.com/dp/B0DSVSYMQW,B0DSVSYMQW,Gerald's Kitchen: Cooking Made Quick and Easy!,Gerald E. Bailey,Kindle,"Dec 30, 2024",
0,https://www.amazon.com/dp/B0DSLNTF7N,B0DSLNTF7N,Quick and Delicious Multicooker Recipes for Busy People: Spend less time in the kitchen – and more time for yourself!,Cook Sandra,Kindle,"Dec 30, 2024",
0,https://www.amazon.com/dp/B0DSLFDL5F,B0DSLFDL5F,Recipes that rekindle your appetite for life,Kristina Birukova,Kindle,"Dec 30, 2024",
0,https://www.amazon.com/dp/B0DSJP2LDC,B0DSJP2LDC,Cooking Recipe Note Book,Mr Raju Das,Paperback,"Dec 30, 2024",
1,https://www.amazon.com/dp/1473327970,1473327970,The Art of Wine-Making in All its Branches,David Booth,Paperback,"Nov 19, 2015",
0,https://www.amazon.com/dp/B0DS8TC2GB,B0DS8TC2GB,"Healthy Holiday Cookbook: Delicious and Easy Holiday Recipes from All Around the World, Party Activities and Themed Table Settings - All for Your Perfect Feast",Liza Bluebird,Paperback,"Dec 30, 2024",
0,https://www.amazon.com/dp/B0DS8QQVRV,B0DS8QQVRV,"El Completo y Fácil Recetario Antiinflamatorio para Principiantes: Recetas Deliciosas y Estrategias Sencillas para Reducir el Dolor, Aumentar la Energía y Restaurar el Equilibrio Natural de tu Cuerpo",Amaya Ferreiro,Kindle,"Dec 30, 2024",
0,https://www.amazon.com/dp/B0DS697QVK,B0DS697QVK,Notebook,Foxel Designs,Paperback,"Dec 30, 2024",
0,https://www.amazon.com/dp/B0DS68QQ25,B0DS68QQ25,Notebook,Foxel Designs,Paperback,"Dec 30, 2024",
0,https://www.amazon.com/dp/B0DS5VDSW5,B0DS5VDSW5,DIY Recipe Book: Create your Own Recipe Book,J JOHNSON,Paperback,"Dec 30, 2024",
0,https://www.amazon.com/dp/B0DS5NZK1C,B0DS5NZK1C,"Shit I Can Cook Blank Recipe Book: Shit I Can Cook Fill in Blank Cookbook to Personalize and Record Your Favorite Recipes: ""6 x 9"" inch, 120 Lined pages With Floral Design",STAR ART,Paperback,"Dec 30, 2024",
0,https://www.amazon.com/dp/B0DS5L29MG,B0DS5L29MG,"Shit I Can Cook Blank Recipe Book: Shit I Can Cook Fill in Blank Cookbook to Personalize and Record Your Favorite Recipes: ""6 x 9"" inch, 120 Lined pages With Floral Design",STAR ART,Paperback,"Dec 30, 2024",
0,https://www.amazon.com/dp/B0DS5HGRSF,B0DS5HGRSF,"Just A Girl Who Loves Cupcakes: A Cool CupCakes-themed notebook, perfect for Girl and teens to write diaries and notes , (6*9) Inches 120 Pages",jack ricket,Paperback,"Dec 30, 2024",
0,https://www.amazon.com/dp/B0DS5FDPL4,B0DS5FDPL4,2025 family cookbook planner journal,BLUE SKY DESIGN,Paperback,"Dec 30, 2024",
0,https://www.amazon.com/dp/B0DS5FBQQL,B0DS5FBQQL,"Shit I Can Cook Blank Recipe Book: Shit I Can Cook Fill in Blank Cookbook to Personalize and Record Your Favorite Recipes: ""6 x 9"" inch, 120 Lined pages With Floral Design",STAR ART,Paperback,"Dec 30, 2024",
0,https://www.amazon.com/dp/B0DS3NWZ7R,B0DS3NWZ7R,My Recipe Book - 100 blank recipes - Paperback Cover: Organize and Preserve up to 100 of Your Best Recipes,Alejandro Fernandez,Paperback,"Dec 30, 2024",
0,https://www.amazon.com/dp/B0DS2QBZ8S,B0DS2QBZ8S,"My Recipe Book: Blank Recipe Book to Write in Your Own Recipes, 6 x 9 inches, 101 pages",Reach The Sky,Paperback,"Dec 30, 2024",
0,https://www.amazon.com/dp/B0DS2NHG77,B0DS2NHG77,"Tips & Tricks For Weight Loss Success: Tracker, Planner & 12-Week Diary",Andrea Howlett,Paperback,"Dec 30, 2024",
0,https://www.amazon.com/dp/B0DS2JJNBW,B0DS2JJNBW,"Vibrant, Fresh Citrus Journal",Shiny House Designs,Paperback,"Dec 30, 2024",
0,https://www.amazon.com/dp/B0DS2G8SCC,B0DS2G8SCC,"Weight Loss Success: A Tracker, Diary, Journal & Planner for Dieting & Long-Term Maintenance",Andrea Howlett,Paperback,"Dec 30, 2024",
0,https://www.amazon.com/dp/B0DS2FW4TV,B0DS2FW4TV,The Bourbon Whiskey Pocket Notebook: Bourbon Whiskey Review and Rating Notebook,Szeth Blackthorn,Paperback,"Dec 30, 2024",
0,https://www.amazon.com/dp/B0DS2CM2TZ,B0DS2CM2TZ,HEALTHY RENAL DIET COOKBOOK FOR BEGINNERS,Royce Vick,Paperback,"Dec 30, 2024",
0,https://www.amazon.com/dp/B0DS2C3BKG,B0DS2C3BKG,OUR FAMILY RECIPES: FOR MY SON,Plume d'Velvet,Paperback,"Dec 30, 2024",
0,https://www.amazon.com/dp/B0DS29ZSZ8,B0DS29ZSZ8,OUR FAMILY RECIPES: FOR MY DAUGHTER,Plume d'Velvet,Paperback,"Dec 30, 2024",
2,https://www.amazon.com/dp/B0DS19QV2T,B0DS19QV2T,"A-Z Veggies Coloring Book: A Fun Fusion of Creativity, Food, and Puzzles: A Whimsical A-Z Veggie Adventure: Mandala-Inspired Designs for Coloring, ... and Fun Facts to Celebrate Nature’s Bounty",Life Scape Plans,Paperback,"Dec 30, 2024",
0,https://www.amazon.com/dp/B0DS17J6WH,B0DS17J6WH,Crock Pot Cookbook For Beginners 2025: Super Easy and Delicious Recipes,Rachel Fraser,Kindle,"Dec 30, 2024",
0,https://www.amazon.com/dp/B0DS15WLL6,B0DS15WLL6,"A Kawaii Breakfast: Bold and Easy Coloring Book For Adult and Teens, Cute & Simple Food Characters",Amara Grace,Paperback,"Dec 30, 2024",
0,https://www.amazon.com/dp/B0DS12WBMD,B0DS12WBMD,Extravagant Recipes: ICELAND: 20 incredible typical recipes,Ricette Stravaganti,Kindle,"Dec 30, 2024",
0,https://www.amazon.com/dp/B0DRZZ9334,B0DRZZ9334,"Food Market Coloring Book: Create Colorful Scenes, Stories, and Flavors from Food Markets Around the World.",Daniel I Taotua,Paperback,"Dec 30, 2024",
0,https://www.amazon.com/dp/B0DRZKZRX9,B0DRZKZRX9,"Kawaii Donut Coloring Book, Edition One: for Kids, Teens, Adults & Seniors Who Are Looking for a Relaxing Activity",Gear Girl NJ,Paperback,"Dec 30, 2024",
0,https://www.amazon.com/dp/B0DRZ8PSC4,B0DRZ8PSC4,50 Irresistible Doughnuts to Make at Home,Kelly Johnson,Paperback,"Dec 30, 2024",
0,https://www.amazon.com/dp/B0DRZ87G53,B0DRZ87G53,50 Hearty Casserole Dishes,Kelly Johnson,Paperback,"Dec 30, 2024",
0,https://www.amazon.com/dp/B0DRZ84MBS,B0DRZ84MBS,50 Classic BBQ Sides and Mains,Kelly Johnson,Paperback,"Dec 30, 2024",
0,https://www.amazon.com/dp/B0DRYZXVW8,B0DRYZXVW8,Extravagant Recipes - BRAZIL: 20 Recipes to Amaze the Palate,Ricette Stravaganti,Kindle,"Dec 30, 2024",
0,https://www.amazon.com/dp/B0DRYQC3SC,B0DRYQC3SC,Blood Type B & Nomad: 4-Week Meal Plan,Scott E. Burgess,Paperback,"Dec 30, 2024",
0,https://www.amazon.com/dp/B0DRYNJFV7,B0DRYNJFV7,Bake & Bliss Sweet Inspirations: Cookbook,Heather Schulze,Kindle,"Dec 30, 2024",
0,https://www.amazon.com/dp/B0DRYNC3SB,B0DRYNC3SB,"Fun Facts for Beer Buffs: A hoppy collection of unbelievable facts, hilarious mishaps, and fascinating tales all about your favorite brew!",Jordan Chase,Paperback,"Dec 30, 2024",
0,https://www.amazon.com/dp/B0DRYM8SP8,B0DRYM8SP8,"VEGETARIAN HIGH PROTEIN COOKBOOK FOR BEGINNERS: Delicious Plant Based Recipes To Loss Weight, Boost Energy For Optimal Health And Lifestyle (HEALTHY MEAL & LIFESTYLE)",Cindy D. Mills,Kindle,"Dec 30, 2024",
0,https://www.amazon.com/dp/B0DRYGJJS2,B0DRYGJJS2,"West Africa, Bold Tastes of the Gold Coast (The African Table)",Leo Robledo,Kindle,"Dec 30, 2024",
0,https://www.amazon.com/dp/B0DRYFWLGT,B0DRYFWLGT,"No Point Mediterranean Diet Cookbook for Beginners: 30-Day Stress-Free, Budget-Friendly Recipes for a Balanced Diet, Full of Flavor, and Perfect for Everyday Wellness",Jennie Catron,Kindle,"Dec 30, 2024",
0,https://www.amazon.com/dp/B0DRYF9ZJF,B0DRYF9ZJF,"Small Spaces, Big Flavours: A Guide to Container Herb Gardening",Phil Potts,Kindle,"Dec 30, 2024",
0,https://www.amazon.com/dp/B0DRY93J1Q,B0DRY93J1Q,Extravagant Recipes - ALASKA: 20 incredible typical recipes,Ricette Stravaganti,Kindle,"Dec 30, 2024",
0,https://www.amazon.com/dp/B0DRY6L39T,B0DRY6L39T,Gut Friendly Easy Recipes,Jen Wilson,Paperback,"Dec 30, 2024",
0,https://www.amazon.com/dp/B0DRXVSCST,B0DRXVSCST,"A Practical Guide to Managing Prediabetes and Diabetes Types 1 & 2 for Adults and Beginners:: After 60, diabetics can eat safely by following a sound ... blood sugar and safeguarding heart disease",Emily Carter,Paperback,"Dec 30, 2024",
2,https://www.amazon.com/dp/B0DRXVGX8D,B0DRXVGX8D,"Mastering The Ninja Multicooker Cookbook for Beginners: Effortless Meals and Gourmet Creations with the Ninja Combi All-in-One Multicooker, Oven, & Air Fryer",Catherine William,Paperback,"Dec 30, 2024",
0,https://www.amazon.com/dp/B0DRXRP9TW,B0DRXRP9TW,No Gallbladder Diet Cookbook for Beginners 2025: Easy delicious recipes with nutritional value and health benefits.,Rosie K. Silva,Kindle,"Dec 30, 2024",
0,https://www.amazon.com/dp/B0DRXJ4LGK,B0DRXJ4LGK,Kosher Recipes For Beginners,Healthy Mindset,Kindle,"Dec 30, 2024",
0,https://www.amazon.com/dp/B0DRXGGZ47,B0DRXGGZ47,MASTERING THE wok RECIPES AND COOKING TECHNIQUES: Your Guide to Delicious Asian Cooking From Beginner to Expert,Yuan Yeh,Kindle,"Dec 30, 2024",
0,https://www.amazon.com/dp/B0DRX5JBWP,B0DRX5JBWP,NIGERIAN SOUP,GODWIN ADOLE,Kindle,"Dec 30, 2024",
1,https://www.amazon.com/dp/B0DRX4HKMJ,B0DRX4HKMJ,"I Can Cook, So Can You!",Sophia Amjadi,Kindle,"Dec 30, 2024",
0,https://www.amazon.com/dp/B0DRWPG8NT,B0DRWPG8NT,Assemble Your Appetite: Marvel-Inspired Brunches,Anya Sharma,Hardcover,"Dec 30, 2024",
1,https://www.amazon.com/dp/B0DRW456M8,B0DRW456M8,Home Sweet Home Recipes!,Edwin Overvliet,Paperback,"Dec 30, 2024",
0,https://www.amazon.com/dp/B0DRW3V8H2,B0DRW3V8H2,"The Easy Ninja Dual Zone Air Fryer Cookbook UK: 2000 Days Quick, Mouthwatering & Crispy Recipes Book for Beginners to Satisfy Your Cravings without the Extra Calories",Boguiumila Jeliyupolaer,Kindle,"Dec 30, 2024",
0,https://www.amazon.com/dp/B0DRW31W1V,B0DRW31W1V,THE COMPLETE KIDS-FRIENDLY COOKBOOK: Super Easy and Delicious Everyday Recipes for Little Foodies,BETTY  R. BRIGGS,Kindle,"Dec 30, 2024",
0,https://www.amazon.com/dp/B0DRVYY963,B0DRVYY963,100 Easy & Budget-Friendly Gluten-Free Recipes: Basics of Gluten-Free Cooking,Valentyna Domagala,Kindle,"Dec 30, 2024",
0,https://www.amazon.com/dp/B0DRVVTBYW,B0DRVVTBYW,"Work Hard, Laugh Harder: Bad Jokes for Good Chefs",Quinn Reed,Paperback,"Dec 30, 2024",
0,https://www.amazon.com/dp/B0DRWVPHFY,B0DRWVPHFY,Easy Bake Oven Cookbook for Kids: 100 Fun and Simple Recipes for Young Chefs.,Lillith Haines,Kindle,"Dec 29, 2024",
1,https://www.amazon.com/dp/B0DRTXD9VV,B0DRTXD9VV,Thermomix TM6 Cookbook 85 Cake and Patisserie Recipes for Every Occasion (Thermomix Cookery Books),Claudine Young,Kindle,"Dec 29, 2024",
0,https://www.amazon.com/dp/B0DRWDKG5G,B0DRWDKG5G,50 Homemade Ice Cream Recipes,Kelly Johnson,Paperback,"Dec 29, 2024",
0,https://www.amazon.com/dp/B0DRTG5YNR,B0DRTG5YNR,"hamilton beach breakfast sandwich maker cookbook: 150 Irresistible Recipes for Every Craving, From Savory Pork Sandwiches to Delectable Fish & Seafood Delights, Egg Classics, Burgers, and So Much More",phoebe maisie,Kindle,"Dec 29, 2024",
3,https://www.amazon.com/dp/B0DRZ7H63M,B0DRZ7H63M,TASTE OF HOME: ORDINARY INGREDIENTS FOR EXTRAORDINARY FOOD,SOFIA MISABISHVILI,Kindle,"Dec 29, 2024",
0,https://www.amazon.com/dp/B0DRVPVJ1K,B0DRVPVJ1K,The Meat Detox Blueprint: Reclaim Your Health through Plant Power,Kathleen Sage,Kindle,"Dec 29, 2024",
4,https://www.amazon.com/dp/B0DRTKYNLZ,B0DRTKYNLZ,2 QT MINI CROCKPOT COOKBOOK: A Comprehensive Guide with Delicious Recipes for Your Small Slow Cooker,CATHERINE WILMA,Kindle,"Dec 29, 2024",
0,https://www.amazon.com/dp/B0DRTKDNSD,B0DRTKDNSD,"Seasonal Sips: 100 Cocktails for Every Time of Year: Sip through the seasons with 100 fresh, vibrant cocktail recipes featuring spring florals, summer fruits, autumn spices, and winter warmers",Morris Binner,Kindle,"Dec 29, 2024",
1,https://www.amazon.com/dp/B0DRTDF5R9,B0DRTDF5R9,"My Curly Hair: How to Take Care Without Robbing the Bank and Why Sometimes Products in the Market Don’t Work: Natural, Affordable Hair Care Tips for Black Women",Asha Belle,Paperback,"Dec 29, 2024",
2,https://www.amazon.com/dp/B0DRV676DL,B0DRV676DL,"Ninja Woodfire Outdoor Pizza Oven & Smoker Cookbook: 365 Days Mouthwatering Recipes for Beginners and Advanced Grillers | Pizza, Roast, Broil, Bake, ... | 30-Day Meal Plan (An Unofficial Guide).",Billy Cooper,Paperback,"Dec 29, 2024",
0,https://www.amazon.com/dp/B0DRTGWVN1,B0DRTGWVN1,THE EASY MENIERE'S COOKBOOK FOR SENIORS: Low-Sodium Recipes to Reduce Symptoms and Support Better Balance,Anita  F. MS. RDN Mccluskey,Paperback,"Dec 29, 2024",
0,https://www.amazon.com/dp/B0DRWFJYFT,B0DRWFJYFT,50 Chicken Dishes for Every Occasion,Kelly Johnson,Paperback,"Dec 29, 2024",
0,https://www.amazon.com/dp/B0DRWJ59MQ,B0DRWJ59MQ,50 Sizzling Summer Grills,Kelly Johnson,Paperback,"Dec 29, 2024",
2,https://www.amazon.com/dp/B0DRYR4WTM,B0DRYR4WTM,"Ninja DT201 Pro Digital Air Fryer Toaster Oven Cookbook: 365 Days Mouthwatering Recipes for Beginners and Advanced Grillers | Fry, Roast, Bake, Broil, ... Pizza | 30-Day Meal Plan (Unofficial Guide)",Billy Cooper,Paperback,"Dec 29, 2024",
0,https://www.amazon.com/dp/B0DRWG6WTN,B0DRWG6WTN,50 Best-Ever Cookies and Biscuits,Kelly Johnson,Paperback,"Dec 29, 2024",
0,https://www.amazon.com/dp/B0DRWDWF52,B0DRWDWF52,50 Dishes for a Perfect Picnic,Kelly Johnson,Paperback,"Dec 29, 2024",
0,https://www.amazon.com/dp/B0DRZW4TX3,B0DRZW4TX3,2026 Weekly Planner: 6x9 Dated Diary With To Do List - Habit Tracker - Notes Section / Agenda Gift / Pink Blue Cupcake Donut - Dessert Food Art Pattern,Carlee Ann Abbott,Hardcover,"Dec 29, 2024",
0,https://www.amazon.com/dp/B0DRVRKWM5,B0DRVRKWM5,"INSTANT POT RECIPES COOKBOOK: Quick, Easy, and Delicious Meals for Every Occasion (The Ultimate Healthy Living Kitchen)",JOEL OLIVER,Kindle,"Dec 29, 2024",
3,https://www.amazon.com/dp/B0DRVH1QWD,B0DRVH1QWD,"The 30-Minute Mediterranean Diet Cookbook for Beginners: Simple & Quick 99+ Easy, Healthy Recipes for Weight Loss & Heart Health with a 28-Day Meal Plan for Lasting Wellness",Simona Andrews,Kindle,"Dec 29, 2024",
0,https://www.amazon.com/dp/B0DY7J6FBH,B0DY7J6FBH,Refreshing Rituals: 52 Weekly Mocktails for a Vibrant Life,Michaela Tuttle,Paperback,"Dec 29, 2024",
0,https://www.amazon.com/dp/B0DTF9DVKF,B0DTF9DVKF,Brooks Daily Meals Planner,Kelly Brooks,Paperback,"Dec 29, 2024",
1,https://www.amazon.com/dp/B0DS69P6VG,B0DS69P6VG,"The Complete and Easy Anti- Inflammatory Cookbook for Beginners: Delicious Recipes and Simple Strategies to Reduce Pain, Boost Energy, and Restore Your Body's Natural Balance",Serenity Gamble,Kindle,"Dec 29, 2024",
0,https://www.amazon.com/dp/B0DS56HZ7B,B0DS56HZ7B,My Brain is a bit SCRAMBLED! I should probably WRITE this down: Funny Recipe Notebook Journal for Friends and Family,Zed Green,Paperback,"Dec 29, 2024",
0,https://www.amazon.com/dp/B0DS48G1LN,B0DS48G1LN,PARKINSON'S DISEASE TREATMENTS COOKBOOK FOR BEGINNERS: A No-Stress Meal Plan with Easy Recipes to Mitigate Oxidative Stress and Neuroinflammation.,Dr. Laura Campbell,Kindle,"Dec 29, 2024",
0,https://www.amazon.com/dp/B0DS2C6XLD,B0DS2C6XLD,"just a boy who loves pickles: A Cool Pickels-themed notebook, perfect for Boy and teens to write diaries and notes , (6*9) Inches 120 Pages",rick jake,Paperback,"Dec 29, 2024",
0,https://www.amazon.com/dp/B0DS28M6W2,B0DS28M6W2,"Welcome Visitors Guest Book Leave your Feedback: A Beautifully Crafted Log Book, Travelers, and Special Occasions",Ped Lag,Paperback,"Dec 29, 2024",
0,https://www.amazon.com/dp/B0DS284Z3D,B0DS284Z3D,My Special Dishes,Mini Book Botique,Kindle,"Dec 29, 2024",
0,https://www.amazon.com/dp/B0DS25TX5C,B0DS25TX5C,Coffee Recipes,mr Anthony Martin Mcdaid,Paperback,"Dec 29, 2024",
0,https://www.amazon.com/dp/B0DS25G416,B0DS25G416,"Just A Boy Who Loves Coffee & Dogs: A Cool Coffee & Dogs -themed notebook, perfect for Boy and teens to write diaries and notes , (6*9) Inches 120 Pages",jack richer,Paperback,"Dec 29, 2024",
0,https://www.amazon.com/dp/B0DS24NT97,B0DS24NT97,"Compilation Notes- Wine: A notebook to take down all those details about the wine you like when out and about dining or visiting etc. A notebook to ... the meal, the occasion or just for pleasure.",Daffy O'Dil,Paperback,"Dec 29, 2024",
0,https://www.amazon.com/dp/B0DS23MYJ7,B0DS23MYJ7,My Recipes -: First and Second Courses,La Masetta Press,Hardcover,"Dec 29, 2024",
0,https://www.amazon.com/dp/B0DS22FF6L,B0DS22FF6L,"SteadStyle Valentines Day Gifts for Her or Him - Wedding Anniversary Notebook Gift For Husband Frow Wife, Romantic I Love You Gifts, Christmas, ... Wedding Gifts for Couple Wife Husband",Doliana QA,Paperback,"Dec 29, 2024",
0,https://www.amazon.com/dp/B0DS1ZZ2CK,B0DS1ZZ2CK,Recipe Planner For Women With 120 Wide Lined Pages: A Blank Recipe Journal To Write Your Own And Favorite Recipes,Ms Pandi Priya Guru,Paperback,"Dec 29, 2024",
0,https://www.amazon.com/dp/B0DS1YH2TV,B0DS1YH2TV,"My Bakery Recipes: A Blank Recipe Book to Write in Your Favorite Bakery, Dessert, Sweet Treats, and Create Your Personalized Baking Cookbook",Puraluna Creations,Paperback,"Dec 29, 2024",
0,https://www.amazon.com/dp/B0DS1XV1C4,B0DS1XV1C4,Our Family Recipes: A Blank Recipe Book for Home Cooks and Food Lovers | Organize Your Family Favorite Recipes,Puraluna Creations,Paperback,"Dec 29, 2024",
0,https://www.amazon.com/dp/B0DS1X9JW4,B0DS1X9JW4,"Our Family Recipes: A Blank Recipe Journal to Write, Organize, and Preserve Your Family’s Favorite Recipes",Puralua Creations,Paperback,"Dec 29, 2024",
0,https://www.amazon.com/dp/B0DS1WNBSY,B0DS1WNBSY,"Let Food Be Thy Medicine, Medicine Be Thy Food: A Notebook For Weekly Meal Planning",Alexander Cross,Paperback,"Dec 29, 2024",
0,https://www.amazon.com/dp/B0DS1T9G4F,B0DS1T9G4F,Restaurant Booking Diary 2025: Full Year of 365 Days Hostess Table Logbook Dated from January 2025 to December 2025 | Record and Tracking Customers,Angus Burnet,Paperback,"Dec 29, 2024",
0,https://www.amazon.com/dp/B0DS1QX57M,B0DS1QX57M,"Recipe Book: Where Flavors Come to Life, Blank Recipe Notebook & Journal to Create Your Own Cookbook, Stores 100 Recipes",Whimsy & Wisdom,Paperback,"Dec 29, 2024",
0,https://www.amazon.com/dp/B0DS1QR3WW,B0DS1QR3WW,My special dishes,Mini Book Botique,Kindle,"Dec 29, 2024",
0,https://www.amazon.com/dp/B0DS1PBZTB,B0DS1PBZTB,"Elegant Wine Tasting Journal: 7x10 Notebook for Wine Reviews and Notes: A Beautiful 7x10 Notebook Designed for Wine Enthusiasts to Log Tasting Notes, Reviews, and Memories",Alfred James,Hardcover,"Dec 29, 2024",
0,https://www.amazon.com/dp/B0DS15D36Y,B0DS15D36Y,My Recipes: Cakes and Desserts - Recipes Journal,La  Masetta Press Press,Hardcover,"Dec 29, 2024",
1,https://www.amazon.com/dp/B0DRZJGZ5K,B0DRZJGZ5K,Gastronot's Gin Alchemy: From Botanicals to Bottle: Exploring Gastronot’s Gin Recipes,Ali F. Özseven,Hardcover,"Dec 29, 2024",
0,https://www.amazon.com/dp/B0DRZ7G3VN,B0DRZ7G3VN,"Recipes from the heart, Mediterranean Cuisine",Nelli Manilenko,Paperback,"Dec 29, 2024",
0,https://www.amazon.com/dp/B0DRYGNS6N,B0DRYGNS6N,Monkey Mania: A Fun Coloring Book Adventure,Mr Akshay Goregaonkar,Paperback,"Dec 29, 2024",
0,https://www.amazon.com/dp/B0DRY5Y5RJ,B0DRY5Y5RJ,Korean Foods - Recipe & Coloring: From dishes to drinks,Crystal H,Paperback,"Dec 29, 2024",
0,https://www.amazon.com/dp/B0DRXZKN2H,B0DRXZKN2H,Hungarian Lowcarb Cookbook,Susan Zeppieri,Hardcover,"Dec 29, 2024",
0,https://www.amazon.com/dp/B0DRXQY81X,B0DRXQY81X,"Low FODMAP Cookbook: Simple Recipes for Digestive Health: A Diet Book with Gluten-Free Food, Seasonings, and Meals - Breakfasts, Snacks, Soups, Main Dishes, and Desserts for Beginners and Experts",Baltazar Soul,Paperback,"Dec 29, 2024",
0,https://www.amazon.com/dp/B0DRWRDZC6,B0DRWRDZC6,"OUTDOOR GAS GRIDDLE COOKBOOK: Master Delicious Recipes, Hosting Tips, and Expert Techniques for Unforgettable Outdoor Cooking Adventures",Doris Mills,Kindle,"Dec 29, 2024",
0,https://www.amazon.com/dp/B0DRVVXPCW,B0DRVVXPCW,"Keto Air Fryer Recipes Cookbook - Low-Carb, Flavorful Meals for Every Occasion: Delicious and Easy-to-Make Keto Air Fryer Recipes – Perfectly Crafted for Two People",Sophia Ellison,Paperback,"Dec 29, 2024",
0,https://www.amazon.com/dp/B0DRVT4V95,B0DRVT4V95,Sabor Saludable: A Journey Through Healthy Spanish Recipes,Tyler H Matthews,Paperback,"Dec 29, 2024",
0,https://www.amazon.com/dp/B0DRVT4G2P,B0DRVT4G2P,"Air Fryer Easy Recipes Cookbook - Crispy, Flavorful Meals for Every Occasion: Delicious and Easy-to-Make Air Fryer Recipes – Perfectly Crafted for Two People",Emma Birch,Paperback,"Dec 29, 2024",
0,https://www.amazon.com/dp/B0DRVRTFFC,B0DRVRTFFC,"Air Fryer Chicken Recipes Cookbook - Crispy, Flavorful Meals for Every Occasion: Delicious and Easy-to-Make Air Fryer Chicken Recipes – Perfectly Crafted for Two People",Olivia Hensley,Paperback,"Dec 29, 2024",
0,https://www.amazon.com/dp/B0DRVQCL7L,B0DRVQCL7L,Blood Type O & Paleo: 4-Week Meal Plan,Scott E. Burgess,Paperback,"Dec 29, 2024",
0,https://www.amazon.com/dp/B0DRVKXP6H,B0DRVKXP6H,"Gluten-Free For Everyone: Affordable, Healthy, Easy Gluten-free Meals",Haythem Bastawy,Hardcover,"Dec 29, 2024",
0,https://www.amazon.com/dp/B0DRV7RM7D,B0DRV7RM7D,"Ninja Smoothie Recipes Book: 365 Days Healthy & Tasty 4-Season Smoothies Made for Your NJ601AMZ Professional Blender – For Weight Loss, Energy Boost, and Body Cleansing (Unofficial Guide)",Cynthia Blanchette,Paperback,"Dec 29, 2024",
0,https://www.amazon.com/dp/B0DRV76MJ1,B0DRV76MJ1,Easy Sous Vide Cookbook: Easy Sous Vide Recipes for Perfectly Cooked Meals at Home,Lamar Hammes,Kindle,"Dec 29, 2024",
0,https://www.amazon.com/dp/B0DRV6T88Y,B0DRV6T88Y,"Flavors of Iconic Indian Fast Food & Sweet Cookbook: Quick and Delicious Recipes for Indian Street Food Lovers, from Samosas to Gulab Jamun",Mr Amit Karmakar,Hardcover,"Dec 29, 2024",
0,https://www.amazon.com/dp/B0DRV5VVNB,B0DRV5VVNB,"Vegan Street Food: Tacos, Burgers, Wraps, and Sandwiches from the World",chef max,Paperback,"Dec 29, 2024",
0,https://www.amazon.com/dp/B0DRV49YQ3,B0DRV49YQ3,THE EVERYDAY GLUTEN-FREE COOKBOOK: “Deliciously Simple Recipes for Every Occasion”,EMILY JACOBS,Kindle,"Dec 29, 2024",
0,https://www.amazon.com/dp/B0DRV3TKHR,B0DRV3TKHR,WOOD PELLET SMOKER AND GRILL RECIPES VEGETABLE COOKBOOK FOR BEGINNERS:: Master Smoking And Grilling Vegetables With 150 Easy Recipes and Become the Ultimate Pit Boss (3 IN 1 FULL COLOR RECIPES),Lawson  A. Johnson,Kindle,"Dec 29, 2024",
0,https://www.amazon.com/dp/B0DRV1HHPB,B0DRV1HHPB,"IMMERSION BLENDER COOKBOOK: Delicious and tasty recipes for making soups, sauce, smoothies , easy desserts and more",ANN D. HALEY,Kindle,"Dec 29, 2024",
0,https://www.amazon.com/dp/B0DRTJM9RS,B0DRTJM9RS,"Joint Relief Kitchen: 50 Easy, Anti-Inflammatory Recipes for a Pain-Free Life",Lee,Kindle,"Dec 29, 2024",
0,https://www.amazon.com/dp/B0DRTHF4K7,B0DRTHF4K7,Joy in a Jar: Recipes for a Happy Life,Debbie Danielsen,Paperback,"Dec 29, 2024",
0,https://www.amazon.com/dp/B0DRTH4K9H,B0DRTH4K9H,"Good Energy Juice Recipe Book: 110+ Revitalizing Juice Blends to Naturally Energize Your Body, Sharpen Your Mind, and Boost Overall Wellness",Anissa C. Hardy,Kindle,"Dec 29, 2024",
0,https://www.amazon.com/dp/B0DR9DVFK1,B0DR9DVFK1,"FATTY LIVER DIET COOKBOOK: QUICK MEDITERRANEAN RECIPES FOR LASTING WELLNESS - HEALTHY, EASY-TO-FOLLOW DISHES FOR A REVERSAL LIFESTYLE",Sienna Maldini,Kindle,"Dec 29, 2024",
1,https://www.amazon.com/dp/B0DRT79RV3,B0DRT79RV3,Fertility Diet and Nutrition Cookbook: Mediterranean-Inspired Homemade Recipes to Naturally Enhance Women's Health and Improve the Odds of Getting Pregnant.,Nancy Green,Kindle,"Dec 28, 2024",
4,https://www.amazon.com/dp/B0DRTKT4HK,B0DRTKT4HK,"33 Super Healthy Honey Dessert Recipes: Wholesome, Guilt-Free Treats Sweetened Naturally with Honey for Every Occasion",Health Base,Paperback,"Dec 28, 2024",
0,https://www.amazon.com/dp/B0DRSRJHQ5,B0DRSRJHQ5,"Ticino Switzerland Travel Guide 2025: A comprehensive Companion to visiting and preparing the perfect trip to this beautiful canton, Italian-Swiss, ... things to do tailored for all four seasons.",Clara Rosewood,Hardcover,"Dec 28, 2024",
4,https://www.amazon.com/dp/B0DRTB9W5C,B0DRTB9W5C,"SERBIAN COOKBOOK BY REGION: 100+ recipes, Easy instructions & photos, In Full Color",Nelli Dragova,Paperback,"Dec 28, 2024",
0,https://www.amazon.com/dp/B0DRVTGZMX,B0DRVTGZMX,HOW TO START A HOME BAKING BUSINESS: Unlock Your Culinary Passion and Build a Thriving Enterprise,Sophia McNeil,Paperback,"Dec 28, 2024",
1,https://www.amazon.com/dp/B0DRSS8CVR,B0DRSS8CVR,MEDITERRANEAN DIET COOKBOOK FOR ONE PERSON: Easy Recipes for Busy Lives |Quick Cooking for a Healthier Lifestyle and Rapid Weight Loss,Sally S. Kelley,Kindle,"Dec 28, 2024",
3,https://www.amazon.com/dp/B0DRTB26CW,B0DRTB26CW,Greek Desserts: Quick Easy and Delicious Greek Desserts for Every Occasion,Carol Ramírez,Kindle,"Dec 28, 2024",
4,https://www.amazon.com/dp/B0DRTBWSHP,B0DRTBWSHP,"SALVADORAN COOKBOOK BY REGION: 100+ meals, easy instructions, in full color",NELLI DE PAZ,Paperback,"Dec 28, 2024",
2,https://www.amazon.com/dp/B0DRSVGLX9,B0DRSVGLX9,Healing with Heritage: Traditional Korean Postpartum Recipes for New Mothers,Lee,Kindle,"Dec 28, 2024",
0,https://www.amazon.com/dp/B0DRTLYZBM,B0DRTLYZBM,Harvest to Jar for Beginners: A Complete Step by Step Guide to Canning and Preserving Vegetables,Lylah Grey,Kindle,"Dec 28, 2024",
0,https://www.amazon.com/dp/B0DRSPZ8NB,B0DRSPZ8NB,How to Start a Home Baking Business: The Ultimate Guide for Aspiring Entrepreneurs,James Roland,Kindle,"Dec 28, 2024",
0,https://www.amazon.com/dp/B0DRSWKY3L,B0DRSWKY3L,"High Protein, Low Carb., & Hearty Easy Mediterranean PLANT-BASED SLOW COOKER COOKBOOK: 1500 Days + delicious recipes, with considerations for ... and Weekly Shopping List. Colored Edition",Lillian Warren,Kindle,"Dec 28, 2024",
1,https://www.amazon.com/dp/B0DRSSM5GC,B0DRSSM5GC,Italian Snacking Cookbook: 100 Irresistible Italian Bites from Classic Antipasti to Modern Small Plates for Everyday and Special Occasions,Anissa C. Hardy,Kindle,"Dec 28, 2024",
2,https://www.amazon.com/dp/B0DRT9SGX4,B0DRT9SGX4,"The Unofficial TikTok Cookbook 2025: 77 Internet-Breaking Recipes for Breakfast, Snacks, Dinners, Drinks and More",Dr. Ellie Vance,Kindle,"Dec 28, 2024",
3,https://www.amazon.com/dp/B0DRYJWD4N,B0DRYJWD4N,"Homemade Healthy Dog Food Cookbook: 90+ Everyday Recipes, Simple & Delicious Home Cooking for Life 28-Days Balanced Meal Plan, Training Treats, Detailed Instructions, and a Guide for Your Pets",Ivy Shepard,Kindle,"Dec 28, 2024",
0,https://www.amazon.com/dp/B0DRSSKFF2,B0DRSSKFF2,A Lazy Person's Guide to Cooking: 30 Minute Meals with 5 Ingredients or Less,Regi Huber,Kindle,"Dec 28, 2024",
1,https://www.amazon.com/dp/B0DRT2D38Y,B0DRT2D38Y,"The Dubai Pistachio Chocolate Bar: Magic, Luxury, and a Life-Changing Experience",Daisy Wick,Paperback,"Dec 28, 2024",
1,https://www.amazon.com/dp/B0DRTBM2JM,B0DRTBM2JM,Weekday Delights: Quick & Delicious Recipes for Busy Moms,Alnisa R. Myers,Kindle,"Dec 28, 2024",
0,https://www.amazon.com/dp/B0DRSVPSCC,B0DRSVPSCC,"Ninja Smoothie Recipes Book: 365 Days Healthy & Tasty 4-Season Smoothies Made for Your QB900B Master Prep Food Processor Blender – For Weight Loss, Energy Boost, and Body Cleansing (Unofficial Guide)",Cynthia Blanchette,Paperback,"Dec 28, 2024",
0,https://www.amazon.com/dp/B0DRYDM987,B0DRYDM987,Dessert Recipe Book: Blank Dessert Recipe Book to Write in Your Own Recipes for Home Bakers | Create Your Own Sweet Treat Cookbook,Puraluna Creations,Paperback,"Dec 28, 2024",
1,https://www.amazon.com/dp/B0DRSSLJ7W,B0DRSSLJ7W,"Ninja Smoothie Recipes Book: 356 Days Healthy & Tasty 4-Season Smoothies Made for Your QB3001SS Fit Compact Personal Blender – For Weight Loss, Energy Boost, and Body Cleansing (Unofficial Guide)",Cynthia Blanchette,Paperback,"Dec 28, 2024",
0,https://www.amazon.com/dp/B0DRSVWBPD,B0DRSVWBPD,"RENAL DIET FOOD LIST REFERENCE FOR KIDNEY DISEASE: A Complete Guide to Kidney-Friendly Foods, Nutritional Tips, Meal Plans, and Recipes with Low ... Health Pathways: Stage 4 & 5 Solutions)",Dr. Diana Harmon,Kindle,"Dec 28, 2024",
1,https://www.amazon.com/dp/B0DRT5H9KK,B0DRT5H9KK,9 Vegan and Gluten-free cookie recipe's,Ayush Ramawat,Kindle,"Dec 28, 2024",
0,https://www.amazon.com/dp/B0DRWGK5K1,B0DRWGK5K1,50 Taste of Korea Dishes,Kelly Johnson,Paperback,"Dec 28, 2024",
0,https://www.amazon.com/dp/B0DRSTL6LM,B0DRSTL6LM,"SOUP AND STEWS COOKBOOK 2025: Hearty, Flavorful Recipes for Every Season and Occasion",Roselia Wick,Paperback,"Dec 28, 2024",
0,https://www.amazon.com/dp/B0DRWGLM9L,B0DRWGLM9L,50 Taste of Spain Dishes,Kelly Johnson,Paperback,"Dec 28, 2024",
0,https://www.amazon.com/dp/B0DRWFQTPJ,B0DRWFQTPJ,50 Taste of Mexico Dishes,Kelly Johnson,Paperback,"Dec 28, 2024",
1,https://www.amazon.com/dp/B0DRSTSBS2,B0DRSTSBS2,Sourdough Discard Cookbook: 40+ Beginner-Friendly Recipes and a 7-Step Starter Guide,Mary Golanna,Kindle,"Dec 28, 2024",
1,https://www.amazon.com/dp/B0DRYMZCWT,B0DRYMZCWT,Remember your souls gotta eat too,Syd Cooks,Paperback,"Dec 28, 2024",
1,https://www.amazon.com/dp/B0DRT8GCWP,B0DRT8GCWP,"The Essence of South India : Flavors, Spices, and Traditions: South Indian Cookbook with Photos | The Indian Cooking Course | Top South Indian Recipes | South Indian Cuisines and Culture",Abhishek Tiwari,Hardcover,"Dec 28, 2024",
2,https://www.amazon.com/dp/B0DRSPXN4D,B0DRSPXN4D,"Okinawa Diet: Discover the Secrets of Longevity with the Healthy Japanese Diet, Eating to Live Longer Thanks to the Okinawa Nutrition",Giulio Massironi,Kindle,"Dec 28, 2024",
0,https://www.amazon.com/dp/B0DRWYKQ9M,B0DRWYKQ9M,Healthy Habits: A Planner,ADRIANNA JEFFAUN HILLIARD,Paperback,"Dec 28, 2024",
1,https://www.amazon.com/dp/B0DS1NGRFQ,B0DS1NGRFQ,"MEDITERRANEAN DIET COOKBOOK: 500 Quick, Easy, and Healthy Recipes for Everyday Cooking",Gloria K. Matteson,Kindle,"Dec 28, 2024",
0,https://www.amazon.com/dp/B0DRYD7NY5,B0DRYD7NY5,Restaurant Reservation Book 2025,Zoe Gastro Publishing,Hardcover,"Dec 28, 2024",
1,https://www.amazon.com/dp/B0DRTCB9XH,B0DRTCB9XH,Albanian Cookbook: Quick Easy and Delicious Albanian Recipes for Every Occasion,Marina-Lakis Stylianou,Kindle,"Dec 28, 2024",
0,https://www.amazon.com/dp/B0DRTB592W,B0DRTB592W,"HASHIMOTO DIET RECIPES COOKBOOK: Nourishing, Gluten-Free Meals to Support Thyroid Health and Manage Symptoms Naturally (The Ultimate Healthy Living Kitchen)",JOEL OLIVER,Kindle,"Dec 28, 2024",
2,https://www.amazon.com/dp/B0DRT4GNXS,B0DRT4GNXS,Instant Pot Duo Crisp Cookbook: 365 Days of Instant Pot Duo Crisp with 125 Crisp and Tender Recipes from Breakfast to Dessert,Brandon L. Bennett,Kindle,"Dec 28, 2024",
1,https://www.amazon.com/dp/B0DRT3WW8K,B0DRT3WW8K,"Homemade Heaven: Ice Creams, Sorbets, Gelatos, and Irresistible Toppings: The Complete Homemade Ice Cream Recipe Book",Olesia Naumchyk,Kindle,"Dec 28, 2024",
0,https://www.amazon.com/dp/B0DRSTM48J,B0DRSTM48J,"Gluten free cookbook for beginners 2025: A nutritious compilation of 115 protein-free recipes to help control celiac disease, reduce gluten, maintain health, and improve mental clarity.",Katherine Wydra,Kindle,"Dec 28, 2024",
0,https://www.amazon.com/dp/B0DTYN9N1R,B0DTYN9N1R,The Cookbook: A blank recipe book,Mr RAMA CHANDRA NAYAK,Paperback,"Dec 28, 2024",
0,https://www.amazon.com/dp/B0DSHR1V8F,B0DSHR1V8F,The Magical Taste of Hogwarts: Culinary Delights for Wizards and Muggles,Andrii Trunevich,Paperback,"Dec 28, 2024",
0,https://www.amazon.com/dp/B0DSGH8H1N,B0DSGH8H1N,Infinity Bottle Tasting Journal: For Exploring and Intentionally Guiding the Direction of Your Infinity Bottle,Dad's Parlor,Paperback,"Dec 28, 2024",
0,https://www.amazon.com/dp/B0DS7NXQBP,B0DS7NXQBP,"Anime Notebook, Sketchbook Anime Cover, Journal Sketchbook, 6x9 100 Pages White Papers, Holger's writing",Gustav Erik Holgersson,Paperback,"Dec 28, 2024",
0,https://www.amazon.com/dp/B0DS1R5WN2,B0DS1R5WN2,"The Ultimate Sausage Cookbook: Delicious Recipes for Every Occasion: Master the Art of Sausages: Easy, Flavorful Recipes for Home Cooks",Kempinska A,Paperback,"Dec 28, 2024",
2,https://www.amazon.com/dp/B0DS1R1ZLC,B0DS1R1ZLC,The Ultimate Steak Cookbook: Perfect Recipes for Meat Lovers: Master the Art of Cooking Steaks with Simple and Delicious Recipes,Kempinska A,Paperback,"Dec 28, 2024",
2,https://www.amazon.com/dp/B0DS14PRV7,B0DS14PRV7,Restaurant Daily planner: Day To Day For Waiters,Mr Anthony  Martin McDaid,Paperback,"Dec 28, 2024",
0,https://www.amazon.com/dp/B0DS12TZVD,B0DS12TZVD,"Delicious Adventures: A Very Simple Recipe Journal, Fun & Novelty Item: Organise Your Culinary Creations, Ingredients, and Notes in One Easy-to-Use Book",S Pryce,Paperback,"Dec 28, 2024",
0,https://www.amazon.com/dp/B0DS128W11,B0DS128W11,Recipe Book,pinto,Hardcover,"Dec 28, 2024",
0,https://www.amazon.com/dp/B0DRZTPF26,B0DRZTPF26,Flavor Rush: Quick & Tasty Meals for Busy Students,Fariha Rahman,Kindle,"Dec 28, 2024",
0,https://www.amazon.com/dp/B0DRZQ9Y65,B0DRZQ9Y65,KITCHEN INVENTORY: UPDATE & MAINTAIN YOUR KITCHEN AND FREEZER,MR SREEJESH G PILLAI,Paperback,"Dec 28, 2024",
0,https://www.amazon.com/dp/B0DRZNZ17J,B0DRZNZ17J,"Blank Favorite Recipes Book: Blank Recipe Book To Write Your Favorite Recipes In, Write Recipe Book | 200 Pages | Cute Vibrant Empty Cookbook For ... and Friends | Perfect Gift For Holidays",The Scribbler Studio,Paperback,"Dec 28, 2024",
0,https://www.amazon.com/dp/B0DRZNG3DG,B0DRZNG3DG,Family Recipe Book,Creative Aim,Paperback,"Dec 28, 2024",
0,https://www.amazon.com/dp/B0DRZL3X6G,B0DRZL3X6G,"Blessings and Flavours: A Journal of Daily Gratitude, Recipes and Reflections",Mrs. Ponnamma Mathew,Paperback,"Dec 28, 2024",
0,https://www.amazon.com/dp/B0DRZFVZ1V,B0DRZFVZ1V,50 Taco and Salsa Dishes,Kelly Johnson,Paperback,"Dec 28, 2024",
0,https://www.amazon.com/dp/B0DRZFNP23,B0DRZFNP23,Lemonade and friends is all you need: Lined Journal,gathy berlin,Paperback,"Dec 28, 2024",
0,https://www.amazon.com/dp/B0DRZF8JYZ,B0DRZF8JYZ,50 Taste of Japan Dishes,Kelly Johnson,Paperback,"Dec 28, 2024",
0,https://www.amazon.com/dp/B0DRYPYNYF,B0DRYPYNYF,NINJA CRISPI AIR FRYER COOKBOOK: MASTERING DELICIOUS RECIPES FOR YOUR NINJACRISPI AIR Fryer,ETHAN COOPER,Kindle,"Dec 28, 2024",
0,https://www.amazon.com/dp/B0DRYNCJG2,B0DRYNCJG2,My Recipe Experiments That Almost Worked!: A Funny Gift Recipe Journal for Friends and Family | The Perfect Gift for Cooks and Non-Cooks,Max Messy Chef Carter,Paperback,"Dec 28, 2024",
0,https://www.amazon.com/dp/B0DRYLVSR7,B0DRYLVSR7,ShopSmart: The Ultimate Shopping List Organizer: Effortlessly Organize Your Shopping Trips and Save Time,Kartik Nayak,Paperback,"Dec 28, 2024",
0,https://www.amazon.com/dp/B0DRYLR5MZ,B0DRYLR5MZ,Dessert Recipe Book to Write in Your Own Recipes: Organize Your Sweet Creations | A Blank Dessert Recipe Book for Home Bakers and Pastry Lovers,Puraluna Creations,Paperback,"Dec 28, 2024",
0,https://www.amazon.com/dp/B0DRYKCQSZ,B0DRYKCQSZ,"Don't wait for the perfect moment, Start now: A notebook to write down everything, New Year's resolutions, goals, physical activity, daily notes, write down everything that comes to your mind",KINZ Publishing,Paperback,"Dec 28, 2024",
0,https://www.amazon.com/dp/B0DRYFSKXT,B0DRYFSKXT,"Dessert Recipe Book: A Blank Recipe Book to Write, Organize, and Save Your Favorite Dessert Recipes | Create Your Own Sweet Treat Cookbook",Puraluna Creations,Paperback,"Dec 28, 2024",
0,https://www.amazon.com/dp/B0DRYF7WFW,B0DRYF7WFW,"Restaurant Reservation Book Undated: 366 Day Hostess Table Reservation, Monthly Planner and Yearly Important Dates.",MM- Print,Hardcover,"Dec 28, 2024",
1,https://www.amazon.com/dp/B0DRYCG1HS,B0DRYCG1HS,Coffee Shop Idea Notebook: Time to be Creative!,Mr Anthony Martin McDaid,Paperback,"Dec 28, 2024",
0,https://www.amazon.com/dp/B0DRY9PCHJ,B0DRY9PCHJ,"Recipes: A Book for your Favourite Recipes, Newly Discovered, Handed Down, or to be tried! 6x9 inch book, 120 pages.",Inward Regeneration Meditation,Paperback,"Dec 28, 2024",
0,https://www.amazon.com/dp/B0DRY7BHWM,B0DRY7BHWM,restaurant booking diary 2025: From January to December 2025 ( 365 Day ) |,Angus Burnet,Paperback,"Dec 28, 2024",
0,https://www.amazon.com/dp/B0DRY5JV3D,B0DRY5JV3D,Blood Sugar Logbook,Karan Smith,Paperback,"Dec 28, 2024",
0,https://www.amazon.com/dp/B0DRY5DWMG,B0DRY5DWMG,Tomato: A5 Notebook | Lined Notebook | 100 Pages,Papyrus Paper,Paperback,"Dec 28, 2024",
0,https://www.amazon.com/dp/B0DRXXDK26,B0DRXXDK26,Recipe & Meal Journal: For Easy Recipe Tracking and Stress-Free Meal Planning,Clara Wells,Paperback,"Dec 28, 2024",
0,https://www.amazon.com/dp/B0DRXK8B69,B0DRXK8B69,YUMMY!,Minding Mine,Paperback,"Dec 28, 2024",
0,https://www.amazon.com/dp/B0DRWH5B95,B0DRWH5B95,The Sauce Whisperer: Unlocking the Secrets of Culinary Alchemy,Payton T. Troutman,Paperback,"Dec 28, 2024",
0,https://www.amazon.com/dp/B0DRWGF4TZ,B0DRWGF4TZ,50 Lunchbox Love Dishes,Kelly Johnson,Paperback,"Dec 28, 2024",
0,https://www.amazon.com/dp/B0DRW1PKM7,B0DRW1PKM7,"Fatty liver diet cookbook: Delicious and easy-to-prepare recipes for a healthier liver, discover the taste of wellness!",Ares Inger,Kindle,"Dec 28, 2024",
0,https://www.amazon.com/dp/B0DRVJLKJ3,B0DRVJLKJ3,"Foodie Colouring Book: Satisfy Your Creativity, Not Your Cravings. Explore, Color, and Learn Fun Food Facts!",Daniel  I Taotua,Paperback,"Dec 28, 2024",
0,https://www.amazon.com/dp/B0DRVG72DT,B0DRVG72DT,"One-Pot Wonders: Simple, Stress-Free Recipes for Every Meal",Rochelle Reid,Kindle,"Dec 28, 2024",
0,https://www.amazon.com/dp/B0DRTLS3FF,B0DRTLS3FF,The Anti-Inflammatory Life,Lori Perkins,Kindle,"Dec 28, 2024",
0,https://www.amazon.com/dp/B0DRTD3WRB,B0DRTD3WRB,"The High-Protein Cookbook: 100+ Quick & Easy Recipes of Healthy and Delicious Meals, Snacks, Treats. Ideal for Muscle Growth and Optimal Nutrition.",Arnold Meyer,Kindle,"Dec 28, 2024",
0,https://www.amazon.com/dp/B0DRTBJ59L,B0DRTBJ59L,"IKIGAI VITALITY, LONGEVITY COOKBOOK AND FOOD LIST FOR MEN(30 Day Weekly Meal Plan): Unlock The Power Of Nutrition With A Curated Recipes That Boosts Males Health While Elevating Their Well Being.",YUUJI SUTOU,Paperback,"Dec 28, 2024",
0,https://www.amazon.com/dp/B0DRTB7MGZ,B0DRTB7MGZ,Danish Cookbook: Quick Easy and Delicious Danish Recipes for Every Meal,Stacey Connor,Kindle,"Dec 28, 2024",
0,https://www.amazon.com/dp/B0DRT9M1DS,B0DRT9M1DS,"AYURVEDIC HYSTERECTOMY RECOVERY COOKBOOK, FOOD LIST FOR WOMEN (A 7 Day Weekly Meal Plan): Restorative Integrative Recipes That Brings Back Strength Balance And Hormonal Harmony Healing After Surgery",NEHA SURATI,Paperback,"Dec 28, 2024",
1,https://www.amazon.com/dp/B0DRT9G2WB,B0DRT9G2WB,"ADVANCED JAPAN TRAVEL GUIDE 2025: A Sustainable Traveller's Handbook for Culture, Food, and Adventure Seekers, Eco-Friendly Experiences, Affordable Lodges with Hidden Gems, with Japanese Traditions",Hana Elizabeth Steves D.,Kindle,"Dec 28, 2024",
0,https://www.amazon.com/dp/B0DRT96W54,B0DRT96W54,quick and easy recipes for every day: practical guide for beginners and non-beginners,Roberto Sorrentino,Paperback,"Dec 28, 2024",
0,https://www.amazon.com/dp/B0DRT92LWD,B0DRT92LWD,"The Big Book of Italian Cuisine : Over 72 simple, economical, authentic and varied dishes. From Neapolitan pizzas to pastas, and much more.",BRANDELLO GRITANNI,Paperback,"Dec 28, 2024",
0,https://www.amazon.com/dp/B0DRT8ZLYP,B0DRT8ZLYP,Christmas Gathering Ideas For Family Fun,Tammy L. Gilbert,Paperback,"Dec 28, 2024",
0,https://www.amazon.com/dp/B0DRT8VJHT,B0DRT8VJHT,Lyla and Flopsy's Hawaiian Adventure (The Adventures of Lyla and Flopsy),Mohamed Ibrahim,Kindle,"Dec 28, 2024",
0,https://www.amazon.com/dp/B0DRT862F6,B0DRT862F6,Low Calorie Vegan Recipes Cookbook - Irresistibly Flavorful Dishes for Every Occasion: Delicious and Easy-to-Make Low Calorie Vegan Recipes – Perfectly Crafted for Two People,Ishani Gupta,Paperback,"Dec 28, 2024",
0,https://www.amazon.com/dp/B0DRT7NBT8,B0DRT7NBT8,Vegan Mediterranean Recipes Cookbook - Irresistibly Flavorful Dishes for Every Occasion: Delicious and Easy-to-Make Vegan Mediterranean Recipes – Perfectly Crafted for Two People,Lucía Moretti,Paperback,"Dec 28, 2024",
1,https://www.amazon.com/dp/B0DRT62846,B0DRT62846,"AYURVEDA FERTILITY RECIPES, FOOD LIST FOR WOMEN (A 7 Day Weekly Meal Plan): Traditional Fecundity Indian Medicine Reset Healing Cookbook To Support ... Balance And Reproductive Wellness Of Ladies.",SOORAT RAJARSHI,Paperback,"Dec 28, 2024",
0,https://www.amazon.com/dp/B0DRT5LW72,B0DRT5LW72,"Let’s Make Some Recipes of Beans and Grains: Tasty, Simple, and Delicious Recipes For Everyone",Henley Pointer,Kindle,"Dec 28, 2024",
0,https://www.amazon.com/dp/B0DRT56JJC,B0DRT56JJC,9 Mocktails and Juices Recipes of Holidays : Alcoholic and Non-Alcoholic,Ayush Ramawat,Kindle,"Dec 28, 2024",
0,https://www.amazon.com/dp/B0DRT4PST5,B0DRT4PST5,Healing Bowls: Diabetic Soups and Stews For Daily Comfort,Angela Topman,Kindle,"Dec 28, 2024",
0,https://www.amazon.com/dp/B0DRT2Y8MF,B0DRT2Y8MF,Digestive Harmony: Tasty Recipes for Hiatal Hernia Relief,Goldsack,Kindle,"Dec 28, 2024",
0,https://www.amazon.com/dp/B0DRSTVCMQ,B0DRSTVCMQ,Convection oven cookbook for beginners: Mastering Meals with a Modern Twist (Kitchen Appliance Mastery),Lora Phillips,Kindle,"Dec 28, 2024",
0,https://www.amazon.com/dp/B0DRSTB9CR,B0DRSTB9CR,Flavors of Well-being with 30 Easy to Follow COPD-Focused Recipes,Jeffy E Flair,Kindle,"Dec 28, 2024",
0,https://www.amazon.com/dp/B0DRSSWBW8,B0DRSSWBW8,The Ultimate Migraine Book For Beginners Book 1: The Beginner’s Guide to Migraine Relief: Unlock the Secrets to a Pain-Free Life,F Faycal,Kindle,"Dec 28, 2024",
0,https://www.amazon.com/dp/B0DRSRZ38G,B0DRSRZ38G,Malay Motherhood Recipes: Modern Postpartum Healing and Wellness,Farah Aminah,Kindle,"Dec 28, 2024",
0,https://www.amazon.com/dp/B0DRSRT1G7,B0DRSRT1G7,Pizza and Pinsa (Pinza): A World of Flavors for all Palates,Marco Berti,Kindle,"Dec 28, 2024",
0,https://www.amazon.com/dp/B0DRSR57PD,B0DRSR57PD,"Keto Epilepsy Diet Cookbook For Seniors: A Comprehensive Guide to High-Fat, Moderate-Protein, Low-Carb Recipes to Reduce Seizures and Promote Health and Vitality (Delicious Epilepsy Diet)",Audrey Waldron,Hardcover,"Dec 28, 2024",
0,https://www.amazon.com/dp/B0DRSPBYRY,B0DRSPBYRY,Wines around the World: Abruzzo (Wines of the World: Italy),Bernardo Musumeci,Kindle,"Dec 28, 2024",
4,https://www.amazon.com/dp/B0DRSP348V,B0DRSP348V,Home Recipes,David Guilbeau,Kindle,"Dec 28, 2024",
0,https://www.amazon.com/dp/B0DRSNXMKJ,B0DRSNXMKJ,The Vegetarian Cook-Book - Substitutes For Flesh Foods: 2025 edition,E. G. FULTON,Kindle,"Dec 28, 2024",
0,https://www.amazon.com/dp/B0DRSFX7YR,B0DRSFX7YR,"The Ultimate Lebanese Cookbook: Quick, Easy, and Delicious Lebanese Traditional Cooking Recipes",Emma Emily,Kindle,"Dec 27, 2024",
2,https://www.amazon.com/dp/B0DRPN9RTV,B0DRPN9RTV,AFRO-VEGAN COOKBOOK: Plant-Based Goodness From the Heart of Africa,George R. Wilson,Kindle,"Dec 27, 2024",
1,https://www.amazon.com/dp/B0DRSJCZPK,B0DRSJCZPK,Libyan Cookbook: Quick Easy and Delicious Libyan Recipes for Every Occasion,Nelly Doretha,Kindle,"Dec 27, 2024",
0,https://www.amazon.com/dp/B0DRSF6N92,B0DRSF6N92,"Traditional Kiribati Cookbook: Quick, Easy, and Delicious Kiribati Cooking Recipes",Priscilla Alexis Canales,Kindle,"Dec 27, 2024",
2,https://www.amazon.com/dp/B0DSL4QWC6,B0DSL4QWC6,"Laos Cookbook: Quick, Easy, and Delicious Laos Traditional Cooking Recipes",Lisa Resnick,Kindle,"Dec 27, 2024",
1,https://www.amazon.com/dp/B0DRS4FLPD,B0DRS4FLPD,"Keto Dutch Oven Cookbook: Master the Art of Keto Cooking 65+ Easy, Low-Carb Dutch Oven Recipes for Hearty Meals, Flavorful Soups, Poultry, Beef, and Vegetables",Brandon L. Bennett,Kindle,"Dec 27, 2024",
4,https://www.amazon.com/dp/B0DRTB2692,B0DRTB2692,2025 Certified Specialist of Spirits Workbook,Jane Nickles,Paperback,"Dec 27, 2024",
2,https://www.amazon.com/dp/B0DRRX2CVN,B0DRRX2CVN,The Art of Koji: A Simple Guide to Complex Flavors,Hana Kim,Paperback,"Dec 27, 2024",
1,https://www.amazon.com/dp/B0DRSBY2KW,B0DRSBY2KW,The Carnivore Cure Blueprint: A Meat-Based Solution to Ultimate Health and Wellness,Ralph S. Phair,Kindle,"Dec 27, 2024",
0,https://www.amazon.com/dp/B0DZXSHSKF,B0DZXSHSKF,CKD STAGE 4 SMOOTHIE COOKBOOK: Delicious Low-Sodium Drinks for Chronic Kidney Disease Management and Control,Dr.  Anna Lein,Paperback,"Dec 27, 2024",
0,https://www.amazon.com/dp/B0DRVZYJRB,B0DRVZYJRB,"The Family Fast Devotional: A 30-day Journey of Transformation ”Faith, Family and Fasting”",Tori Strawter-Tanks,Paperback,"Dec 27, 2024",
0,https://www.amazon.com/dp/B0DSC73FXD,B0DSC73FXD,"Kids’ Healthy Cookbook: Fun & Easy Recipes for Breakfast, Snacks, Lunches, and Dinners to Cook Together as a Family Healthy Meals for Kids and Simple Meals for Busy Families",Rise Learning,Paperback,"Dec 27, 2024",
1,https://www.amazon.com/dp/B0DRSFT3LS,B0DRSFT3LS,"Latvian Cookbook: Easy, Quick, and Delicious Traditional Latvian Recipes for Everyone",Brittany Jones,Kindle,"Dec 27, 2024",
0,https://www.amazon.com/dp/B0DRSGP36K,B0DRSGP36K,Turkish Cookbook: Quick Easy and Delicious Turkish Recipes for Every Occasion,Maria Muñoz,Kindle,"Dec 27, 2024",
2,https://www.amazon.com/dp/B0DRT81KCY,B0DRT81KCY,Armenia on a Plate,Hamlet Studio,Paperback,"Dec 27, 2024",
0,https://www.amazon.com/dp/B0DRRPSTN4,B0DRRPSTN4,Korean American Cookbook: 120+ Fusion Recipes Celebrating the Bold Flavors of Korea and the Diversity of American Cuisine,Alice R. Reynolds,Kindle,"Dec 27, 2024",
2,https://www.amazon.com/dp/B0DRPJ68NB,B0DRPJ68NB,Butter Believe It: Spread for Every Occasion,Megan Clarkski,Kindle,"Dec 27, 2024",
1,https://www.amazon.com/dp/B0DRPFKQHM,B0DRPFKQHM,PIEZANO Crispy Crust Pizza Oven Cookbook: Effortless & Delicious Healthy Homemade Tomato Pie Recipes for indoor Cooking,KATHLEEN CORNISH,Kindle,"Dec 27, 2024",
0,https://www.amazon.com/dp/B0DRS9QPY5,B0DRS9QPY5,Zero Point Mediterranean Diet Cookbook for Beginners: Your Complete Guide To Effortless Weight Loss Without Counting Calories,Kristy Nolan,Kindle,"Dec 27, 2024",
0,https://www.amazon.com/dp/B0DRT5ZFKB,B0DRT5ZFKB,Zojirushi Bread Machine Cookbook For Beginners 2025: A Beginner’s Guide to Perfect Artisan and Everyday Breads with Your Zojirushi Bread Machine,Helen Keller,Kindle,"Dec 27, 2024",
0,https://www.amazon.com/dp/B0DRSKHL8F,B0DRSKHL8F,Algerian Cookbook: Quick Easy and Delicious Algerian Recipes for Every Occasion,Shauntel Clark,Kindle,"Dec 27, 2024",
0,https://www.amazon.com/dp/B0DRPGZXJZ,B0DRPGZXJZ,"Mahi-Mahi Tacos: Fresh Ingredients, Bold Flavors, and Easy Techniques: A Seafood Cookbook for Unforgettable Meals (The Ultimate Cookbook Collection Around The Globe)",Roza Kay,Kindle,"Dec 27, 2024",
0,https://www.amazon.com/dp/B0DRS8PNL3,B0DRS8PNL3,The Art of the Grill: Flavors and Recipes from Around the World,Jakeddu Contu,Kindle,"Dec 27, 2024",
0,https://www.amazon.com/dp/B0DRTDFBK7,B0DRTDFBK7,"SOUL FOOD WORD SEARCH: Feed Your Passion for Southern Cuisine | Discover Flavors, Dishes, Secrets, Techniques, Culture & Traditions | Large Print ... Must-Have for Gastronomy Fans & Curious Cooks",Darian Hale Publishing,Paperback,"Dec 27, 2024",
1,https://www.amazon.com/dp/B0DRSDD9LL,B0DRSDD9LL,"The Vegan Masterclass: Unleash the Full Flavor of Plant-Based Living for Health, Energy, and a Better Tomorrow Discover the secrets to vibrant meals that nourish your body and the earth.",Megan Porter,Hardcover,"Dec 27, 2024",
0,https://www.amazon.com/dp/B0DRSM33TX,B0DRSM33TX,VEGETARIAN AIR FRYER COOKBOOK UK: Delicious Veggie & Vegan-Friendly Recipes with British Ingredients and Measurements (Air Fryer Cookbook for Beginners),Katherine Lawrence,Kindle,"Dec 27, 2024",
1,https://www.amazon.com/dp/B0DRRR3193,B0DRRR3193,"Mediterranean diet cookbook: 200+ nutritious, delicious, tasty recipes for lifelong health and lose weight",Samantha McKInsley,Kindle,"Dec 27, 2024",
0,https://www.amazon.com/dp/B0DRSQH4CM,B0DRSQH4CM,"Plan. Eat. Repeat.: The Fun and Easy Guide to Meal Planning, Delicious Dinners, and Organized Shopping.",TM Daliggr,Paperback,"Dec 27, 2024",
0,https://www.amazon.com/dp/B0DXJYGB45,B0DXJYGB45,Inventory Control and Store Management in Hotels and Restaurants: Optimize Inventory Control and Store Management in Hospitality: Proven Strategies to ... and Drive Success in Hotels and Restaurants,JAI SAN,Kindle,"Dec 27, 2024",
0,https://www.amazon.com/dp/B0DRVKMQ9Z,B0DRVKMQ9Z,Sustaining the Global Agriculture Supply Chain (Premier Research Source),Sneha Kumari,Hardcover,"Dec 27, 2024",
0,https://www.amazon.com/dp/B0DRS88LX2,B0DRS88LX2,Vietnamese Cookbook: Exploring the Rich Flavors and Traditional Tastes of Vietnam (Best Cookbook from The World),Anders Stevens,Kindle,"Dec 27, 2024",
0,https://www.amazon.com/dp/B0DRS84VP2,B0DRS84VP2,The Cozy Kitchen: Delicious Recipes for Busy Lives,Briana Fulmer,Kindle,"Dec 27, 2024",
0,https://www.amazon.com/dp/B0DSB75FR9,B0DSB75FR9,"Passionfruit Books Avocado Green Writing Journal, 120 pages, 6” x 9” inches, multicolor glossy cover",Passionfruit Stationery Books,Paperback,"Dec 27, 2024",
1,https://www.amazon.com/dp/B0DS9TL9QC,B0DS9TL9QC,Dishes In A Snap,Miss Khaleil Neisa Gay Woolcock,Paperback,"Dec 27, 2024",
0,https://www.amazon.com/dp/B0DRZV4WZ2,B0DRZV4WZ2,Art On The Plate: Mastering Modern Techniques for Culinary Presentation,Chef John Muriel,Paperback,"Dec 27, 2024",
0,https://www.amazon.com/dp/B0DRZSB9CL,B0DRZSB9CL,My Little Recipe Book: Recipe Journal,Axaszzz,Paperback,"Dec 27, 2024",
0,https://www.amazon.com/dp/B0DRYB2TBG,B0DRYB2TBG,Behind the Smoke: A Man’s Secret Meat Chronicles: Ultimate sidekick for conquering the art of smoking meat,Bear Woods,Hardcover,"Dec 27, 2024",
0,https://www.amazon.com/dp/B0DRXM5594,B0DRXM5594,"Diabetic Diet after 60 for Beginners- Cookbook: Step-by-Step Low-Carb Recipes to Manage Diabetes, Shed Weight, and Reclaim Energy After 60 with Quick, Easy, and Flavorful Meals You’ll Love",Cecilia Matthews,Kindle,"Dec 27, 2024",
0,https://www.amazon.com/dp/B0DRX6MN4B,B0DRX6MN4B,50 Premium Italian Pasta Recipes for the Kitchen,Kelly Johnson,Paperback,"Dec 27, 2024",
0,https://www.amazon.com/dp/B0DRX4JG62,B0DRX4JG62,50 Bread Lover's Guide Recipes,Kelly Johnson,Paperback,"Dec 27, 2024",
0,https://www.amazon.com/dp/B0DRVZDM61,B0DRVZDM61,100-Page Recipe Notebook,Ravi Kant,Paperback,"Dec 27, 2024",
0,https://www.amazon.com/dp/B0DRVYNG5J,B0DRVYNG5J,Savor The Flavor,Elizabeth Souza,Paperback,"Dec 27, 2024",
1,https://www.amazon.com/dp/B0DRVRXL72,B0DRVRXL72,"The 30-Minute Carnivore Diet Cookbook for Beginners: Simple, Delicious High-Protein Recipes to Burn Fat, Boost Energy, and Transform Your Health",Simona Andrews,Kindle,"Dec 27, 2024",
0,https://www.amazon.com/dp/B0DRVRSJMG,B0DRVRSJMG,"coffee tasting log book: A Practical Tracker for Rating Flavors, Scents, and Brewing Styles",ELMER CRIST,Paperback,"Dec 27, 2024",
0,https://www.amazon.com/dp/B0DRVR4BDR,B0DRVR4BDR,2025 CALENDAR: Traditional Food,Joelys Rodriguez,Paperback,"Dec 27, 2024",
0,https://www.amazon.com/dp/B0DRVLN8YN,B0DRVLN8YN,Recipe Journal,Chis Catalin Stefan,Paperback,"Dec 27, 2024",
0,https://www.amazon.com/dp/B0DRVK3KGB,B0DRVK3KGB,"I don't get drunk, I get AWESOME: Bartender's Cocktail Journal",Mel E. Publishing,Paperback,"Dec 27, 2024",
0,https://www.amazon.com/dp/B0DRV9DFW1,B0DRV9DFW1,The Ultimate Weekly Meal Planner,Mr Paul Michael Bell,Paperback,"Dec 27, 2024",
0,https://www.amazon.com/dp/B0DRV978LJ,B0DRV978LJ,My Favorite Recipes: Blank Recipe Book to Write in Your Favorite Recipes | Create Your Personalized Cookbook | Recipe Journal for Home Cooks and Cooking Lovers,Puraluna Creations,Paperback,"Dec 27, 2024",
0,https://www.amazon.com/dp/B0DRV8NN86,B0DRV8NN86,Chef Journal,Chis Catalin Stefan,Paperback,"Dec 27, 2024",
0,https://www.amazon.com/dp/B0DRV7MYQH,B0DRV7MYQH,"Composition Notebook | 8.5 X 11"" | Ruled: A Notebook for All Ages: | Kids | Teens | Young Adults | Adults | School | College | Workplace | GREEN",Brenda Q Swanson,Paperback,"Dec 27, 2024",
0,https://www.amazon.com/dp/B0DRV314B3,B0DRV314B3,Recipes Cooking with Love: Blank Recipe Notebook to Record Your Favorite Recipes and Create a Family Cookbook,Puraluna Creations,Paperback,"Dec 27, 2024",
0,https://www.amazon.com/dp/B0DRV248M5,B0DRV248M5,Our Family Recipes: A Blank Recipe Book to Organize Your Family’s Favorite Recipes and Create a Personalized Cookbook,Puraluna Creations,Paperback,"Dec 27, 2024",
0,https://www.amazon.com/dp/B0DRTZ9JBD,B0DRTZ9JBD,My Recipe book,Travel.is my.life,Paperback,"Dec 27, 2024",
0,https://www.amazon.com/dp/B0DRTYGW9B,B0DRTYGW9B,"Notebook, 100 Pages Of 6x9 White Papers, Sketchbook, Journal White Paper, Drawing Book",Gustav Erik Holgersson,Paperback,"Dec 27, 2024",
0,https://www.amazon.com/dp/B0DRTXYHFY,B0DRTXYHFY,"Modern Recipe Tracker: Your Culinary Journey, A Global Recipe Journal, 160 pages.",Souna Cookbooks,Paperback,"Dec 27, 2024",
0,https://www.amazon.com/dp/B0DRTXMBDD,B0DRTXMBDD,"London Underground Stations Notebook, Circle Line: Wood Lane ,Lines",Mr Matulf,Paperback,"Dec 27, 2024",
2,https://www.amazon.com/dp/B0DRTN16L8,B0DRTN16L8,FOOD TO THE HEART: Jasmine's Cook Book,Jasmine Niccol Larry,Kindle,"Dec 27, 2024",
0,https://www.amazon.com/dp/B0DRTGC47T,B0DRTGC47T,"Healthy & Delicious Keto Diet Cookbook: Discover New Ideas for Easy, Low-Carb Dishes with Stunning Photos and Simple Instructions!",Bea Whitake,Kindle,"Dec 27, 2024",
0,https://www.amazon.com/dp/B0DRTD7YBS,B0DRTD7YBS,Healthy and Easy Diabetic Dessert Recipes: Discover Original Ideas with Pictures,Bea Whitaker,Kindle,"Dec 27, 2024",
0,https://www.amazon.com/dp/B0DRTD5YRX,B0DRTD5YRX,The Complete Mediterranean Ketogenic Diet Cookbook: Discover New Flavors with Stunning Photos and Easy-to-Follow Recipes for a Healthy Lifestyle,Bea Whitake,Kindle,"Dec 27, 2024",
0,https://www.amazon.com/dp/B0DRT8KQX7,B0DRT8KQX7,Cute Kawaii food: Coloring book for kids 150 pages,Miranda Skeldon,Paperback,"Dec 27, 2024",
0,https://www.amazon.com/dp/B0DRT8HB9Y,B0DRT8HB9Y,Vegan Breakfast Recipes Cookbook - Irresistibly Tasty Dishes for Any Morning: Delicious and Easy-to-Make Vegan Breakfast Recipes – Perfectly Designed for Two People,Priya Mehta,Paperback,"Dec 27, 2024",
2,https://www.amazon.com/dp/B0DRT6NKRG,B0DRT6NKRG,5 Minute Fun Simple Recipes Cookbook For Kids: 150 Cooking Recipes,Madison Wilson,Kindle,"Dec 27, 2024",
0,https://www.amazon.com/dp/B0DRT34H7Z,B0DRT34H7Z,"Cozy Autumn Cupcakes Coloring Book: Bold And Easy Designs For Adults And Kids Featuring Leaves Cupcakes And Pumpkins Cupcakes, Apple Cupcakes and ... Turkey Cupcakes for Hygge Delight",berkachia publishing,Paperback,"Dec 27, 2024",
0,https://www.amazon.com/dp/B0DRT24CWH,B0DRT24CWH,Asian Food Adventure: 55 Word Search Puzzles for Cuisine Enthusiasts Food Lovers: Savor 55 puzzles featuring 495 words inspired by Asia's iconic ... traditions—perfect for food enthusiasts.,WorldPuzzleKorn Book,Paperback,"Dec 27, 2024",
0,https://www.amazon.com/dp/B0DRSRM2Y1,B0DRSRM2Y1,Easy Meal Planner: Your Guide to Healthy Eating,Sachin Naha,Paperback,"Dec 27, 2024",
0,https://www.amazon.com/dp/B0DRSRLVC7,B0DRSRLVC7,Shaken & Stirred by Gastronot: Vegetarian Cocktails & Mocktails with Melodic Pairings: Exploration of Vegetarian Beverage Pairing with Music,Ali F. Özseven,Hardcover,"Dec 27, 2024",
0,https://www.amazon.com/dp/B0DRSP64Z7,B0DRSP64Z7,"The Creative Writer's Notebook: A Guided Journal for Inspiration and Ideas: Unlock Your Creativity, Organize Your Thoughts, and Fuel Your Writing Passion",Mr Latesh Digambar Shivalkar,Paperback,"Dec 27, 2024",
0,https://www.amazon.com/dp/B0DRSNQBCV,B0DRSNQBCV,Recipe Notebook,A B,Paperback,"Dec 27, 2024",
0,https://www.amazon.com/dp/B0DRSMRBCM,B0DRSMRBCM,"The Culinary Compass: Over 600 Essential Food Tips, Facts, and Hacks for Mastering Your Kitchen, Cooking and Diets: Unlock the Secrets of the Kitchen and Cooking with The Culinary Compass!",JASON KOMOSKI,Kindle,"Dec 27, 2024",
0,https://www.amazon.com/dp/B0DRSJK5SK,B0DRSJK5SK,“Everyday Coffee Coloring Book”: 35 Beautiful Hand-Drawn Images of Women and Coffee in Relaxing Everyday Moments and Places.,Bougie Booklish,Paperback,"Dec 27, 2024",
0,https://www.amazon.com/dp/B0DRSGCRZ5,B0DRSGCRZ5,"""50 Delicious Recipes for a Balanced Lifestyle: Nourish Your Body and Thrive"":",Alexander Vinokurov,Paperback,"Dec 27, 2024",
0,https://www.amazon.com/dp/B0DRSG1L53,B0DRSG1L53,"Macro Cookbook For Weight Loss: Delicious, Easy-to-Follow Recipes to Simplify Meal Planning, Curb Cravings, and Transform Your Health",Joan G. Milone,Kindle,"Dec 27, 2024",
0,https://www.amazon.com/dp/B0DRSDYK3D,B0DRSDYK3D,Peruvian: Cookbook,Annalena Alice,Kindle,"Dec 27, 2024",
0,https://www.amazon.com/dp/B0DRS9LC9T,B0DRS9LC9T,BORDEAUX TRAVEL GUIDE: A Smart Pocket Guide to Exploring the Wine Capital of the World,MARSAI JACKSON,Kindle,"Dec 27, 2024",
0,https://www.amazon.com/dp/B0DRS8ZLJ7,B0DRS8ZLJ7,Epic Smoothies: Top Secret Marvel-Inspired Smoothies Recipes,Tomas Burnis,Hardcover,"Dec 27, 2024",
0,https://www.amazon.com/dp/B0DRS53SXY,B0DRS53SXY,How I Lost 40 kg Aged Over 40: My Journey from Diet Failure to Weight Loss Success,Adam Gregory,Kindle,"Dec 27, 2024",
0,https://www.amazon.com/dp/B0DRS459KK,B0DRS459KK,Professional Mixology Secrets: Essential Guide to Crafting Premium Cocktails and Modern Drink Recipes,Marcus Hargrove,Kindle,"Dec 27, 2024",
0,https://www.amazon.com/dp/B0DRRWHL96,B0DRRWHL96,Dog Food Cookbook: Cookbook for Dogs with Healthy and Tasty Pork Recipes for Your Furry Friend,Sven Blasters,Kindle,"Dec 27, 2024",
0,https://www.amazon.com/dp/B0DRRNDYXV,B0DRRNDYXV,The Festive Flavors of New Year: A Culinary Celebration (Apophis's Astrology),Matthew Petchinsky,Paperback,"Dec 27, 2024",
0,https://www.amazon.com/dp/B0DRQX9PCX,B0DRQX9PCX,"How to Bake the Perfect Chocolate Cake, A Decadent Guide for Dessert Lovers",Vincent Wb,Paperback,"Dec 27, 2024",
2,https://www.amazon.com/dp/B0DRPNPB2F,B0DRPNPB2F,Takju & Sool: The Art and Tradition of Korean Rice Wines,Hana Kim,Paperback,"Dec 27, 2024",
2,https://www.amazon.com/dp/B0DRPMSS54,B0DRPMSS54,"Celebrating the Year of the Snake: A Guide to Chinese New Year Traditions, Festive Recipes, Cultural Insights, and Global Celebrations for Lunar New Year 2025",Xiu Ying,Kindle,"Dec 27, 2024",
0,https://www.amazon.com/dp/B0DRPMBP7Y,B0DRPMBP7Y,"Grill Mastery Cookbook: Proven Recipes and Expert Tips for Perfectly Grilled Meats, Veggies, Seafood, and More",Isabella Green,Kindle,"Dec 27, 2024",
0,https://www.amazon.com/dp/B0DRPLS6MN,B0DRPLS6MN,"How to Train Your Beagle: The Essential Guide to Obedience, Socialization, and Advanced Commands for Raising a Hunting Companion Dog (The Dog Trainer’s Handbook)",Willow Peterson,Kindle,"Dec 27, 2024",
0,https://www.amazon.com/dp/B0DRPL7MC3,B0DRPL7MC3,"The Chicken Bible:300 Recipes for Every Taste and Occasion: From Classic Comfort Foods to Global Delights – Easy, Tasty, and Perfect for Home Cooks",Elysia Farrow,Kindle,"Dec 27, 2024",
0,https://www.amazon.com/dp/B0DRPBRPP1,B0DRPBRPP1,Slow Cooker Chicken Recipes Cookbook - Irresistibly Tasty Dishes for Any Occasion: Delicious and Easy-to-Make Slow Cooker Chicken Recipes – Perfectly Designed for Two People,Nina Vega,Paperback,"Dec 27, 2024",
0,https://www.amazon.com/dp/B0DRPB99F7,B0DRPB99F7,Crock Pot Chicken Recipes Cookbook - Global Inspirations for the Perfect Dish: Irresistible Chicken Dishes for Every Occasion – Perfectly Designed for Two People,Lina Costa,Paperback,"Dec 27, 2024",
4,https://www.amazon.com/dp/B0DRKJW6H5,B0DRKJW6H5,"The Great Spring Roll Cookbook: Recipes, Techniques, and Sauces to Savor",Olesia Naumchyk,Kindle,"Dec 26, 2024",
0,https://www.amazon.com/dp/B0DRNPVVCJ,B0DRNPVVCJ,"PLANT BASED LOW OXALATE DIET COOKBOOK: Easy Vegan Anti-Inflammatory Recipes to Prevent Kidney Stones, Manage Oxalate Sensitivity, Support Gut Health & Autoimmune Conditions [30-Day Renal Diet Plan]",Lora Kemp,Kindle,"Dec 26, 2024",
2,https://www.amazon.com/dp/B0DRPJ8498,B0DRPJ8498,"Complete Guide to Home Canning: The Official USDA Guide (2015 Edition, 2025 Printing): 7 Essential Guides with 150+ Tested Recipes for Safe Home Food ... | Agriculture Information Bulletin No. 539",US Department of Agriculture,Hardcover,"Dec 26, 2024",
2,https://www.amazon.com/dp/B0DRKG7Y76,B0DRKG7Y76,Diabetic Renal Diet Cookbook For Beginners: A Diabetes And Kidney Disease Meal Prep Book For Managing Chronic Decline In Renal Function Of Type 2 Diabetics,Dr. Georgina Tracy,Kindle,"Dec 26, 2024",
0,https://www.amazon.com/dp/B0DRNJB1BN,B0DRNJB1BN,MATCHA COOKBOOK: Elevate Your Taste: Mastering Matcha in Every Bite and Sip,Thomas D. Breeze,Kindle,"Dec 26, 2024",
1,https://www.amazon.com/dp/B0DRJZWVMG,B0DRJZWVMG,Cooking With the Flock: Little Flock Fellowship Church 2025 Cookbook,Jeffery Mills,Paperback,"Dec 26, 2024",
3,https://www.amazon.com/dp/B0DRPD4JZQ,B0DRPD4JZQ,The Complete Air Fryer Cookbook For Beginners: Quick & Easy Budget-Friendly Recipes For Effortless Air frying,Linda Cooke,Kindle,"Dec 26, 2024",
2,https://www.amazon.com/dp/B0DRT5FCK8,B0DRT5FCK8,Pigeon Peas: From The Pigeon Pea Project (Yard-to-Table Collection),Blue Kitchen Inc.,Kindle,"Dec 26, 2024",
2,https://www.amazon.com/dp/B0DRNY7XRJ,B0DRNY7XRJ,Super Easy Dessert Cookbook for Kids Ages 8–12: 150 Fun Baking Recipes.,Eden Humphrey,Kindle,"Dec 26, 2024",
0,https://www.amazon.com/dp/B0DRPQST9W,B0DRPQST9W,"The Healthy Diabetic Smoothies Cookbook for Beginners: Quick and Nutritious Smoothies to Support Healthy Blood Sugar, Boost Energy, Manage Weight, and a 30-Day Kickstart Meal Plan.",John A. Benny,Kindle,"Dec 26, 2024",
0,https://www.amazon.com/dp/B0DRPJFTF1,B0DRPJFTF1,"Coffee Lover Sketchbook: Vintage Aesthetic Drawing Notebook for Adults, Girls, Boys, and Kids | Ideal for Sketching, Journaling, or Doodling",Rose Bloom,Paperback,"Dec 26, 2024",
1,https://www.amazon.com/dp/B0DRPMK5KC,B0DRPMK5KC,Sweet Recipe Book to Write in Your Own Recipes: Blank Recipe Notebook to Record Your Favorite Desserts | Organize and Create a Personalized Baking Cookbook for Sweet Treat and Bakery Lovers,Puraluna Creations,Paperback,"Dec 26, 2024",
1,https://www.amazon.com/dp/B0DRNSR4Z4,B0DRNSR4Z4,"Healthy eating. Mediterranean Greek cuisine.: Cookbook contains 150 recipes for cooking: drinks, meze, meat and fish, soups, salads, desserts, ... sun-dried tomatoes, jams (Mediterranean Diet)",Oksun Smile,Paperback,"Dec 26, 2024",
0,https://www.amazon.com/dp/B0DRNRLSXV,B0DRNRLSXV,Wines around the World: Beujolais (Wines of the World: France),Bernardo Musumeci,Kindle,"Dec 26, 2024",
1,https://www.amazon.com/dp/B0DRNGSTBH,B0DRNGSTBH,"Pitboss Wood Pellet Grill & smoker cookbook for beginners 2025: A Complete Guide to Perfect Grilling and Smoking for Beginners, Packed with Easy Recipes, Tips, and Techniques for Unforgettable BBQ",Helen Jefferson,Kindle,"Dec 26, 2024",
0,https://www.amazon.com/dp/B0DRSXTRHZ,B0DRSXTRHZ,"Secrets of the Mediterranean Diet: Simple and Delicious Recipes for Health and Longevity: A cherished dream of lightness, health, and longevity: you ... in your body and mind in just 30 days",Nancy Robbins,Kindle,"Dec 26, 2024",
1,https://www.amazon.com/dp/B0DRSQSRK3,B0DRSQSRK3,"Blackstone Recipe Book: Master 120+ mouthwatering recipes for your Blackstone grill, griddle, and smoker from breakfasts and desserts to sizzling entrees and sweet treats for ultimate outdoo",Nita P. Dalton,Kindle,"Dec 26, 2024",
0,https://www.amazon.com/dp/B0DRP2RZF5,B0DRP2RZF5,"GLYCEMIC INDEX DIET COOKBOOK: Easy, Low-Glycemic Recipes for Balanced Blood Sugar, Sustainable Weight Loss, and Optimal Health (The Ultimate Healthy Living Kitchen)",JOEL OLIVER,Kindle,"Dec 26, 2024",
0,https://www.amazon.com/dp/B0DRN4SVNS,B0DRN4SVNS,From Scratch To Swag: Recipes with a Twist,Crowe J. Donna,Kindle,"Dec 26, 2024",
0,https://www.amazon.com/dp/B0DRKMZBJY,B0DRKMZBJY,"Gastronot's Vanilla Dreams: The Power, Popularity, and Sustainability of the Bean: About Journey of Vanilla Bean & Flavor",Ali F. Özseven,Kindle,"Dec 26, 2024",
0,https://www.amazon.com/dp/B0DRJQMQYY,B0DRJQMQYY,"Regional Cookbook For Christmas: Over 100 Delicious Holiday Dishes From Italy, America, France, And More",Bethany Kelvin,Kindle,"Dec 26, 2024",
1,https://www.amazon.com/dp/B0DSP4B3V7,B0DSP4B3V7,Finger Licking Good Book Guide,Chef Roosevelt Murphy . Jr,Kindle,"Dec 26, 2024",
1,https://www.amazon.com/dp/B0DSLHM822,B0DSLHM822,Little hands big flavors,Sanika Natasha Phillips,Kindle,"Dec 26, 2024",
3,https://www.amazon.com/dp/B0DS6S9XSF,B0DS6S9XSF,Sunday Dinner with FAB's Cheesecake and More Cookbook,Felisa Burks Payne,Paperback,"Dec 26, 2024",
0,https://www.amazon.com/dp/B0DS2PXC3G,B0DS2PXC3G,52 Week Meal Planner,Rish Inkspire,Paperback,"Dec 26, 2024",
1,https://www.amazon.com/dp/B0DRZL86R5,B0DRZL86R5,Weight Loss Tracker: 24-month interactive weight loss log book to monitor and track your goals daily.,Queen Reen Publishing,Paperback,"Dec 26, 2024",
0,https://www.amazon.com/dp/B0DRTWL3T9,B0DRTWL3T9,"""The Daily Plate: Meal Planning Made Easy""",DAMINI GARG,Paperback,"Dec 26, 2024",
1,https://www.amazon.com/dp/B0DRTB1T2X,B0DRTB1T2X,Lean Machine: A Beginner's Guide to Body Fat and How to Burn It,James Canning,Kindle,"Dec 26, 2024",
0,https://www.amazon.com/dp/B0DRSTYB9Y,B0DRSTYB9Y,New Year’s Festive Recipes: Vegan & Gluten-Free Dishes to Ring in the Year,Ayush Ramawat,Kindle,"Dec 26, 2024",
0,https://www.amazon.com/dp/B0DRSS39T3,B0DRSS39T3,Deliciously Fun Coloring Book for Kids: A Jumbo Collection of Simple Food-Themed Designs,ABDELMALEK BELKACEM,Paperback,"Dec 26, 2024",
0,https://www.amazon.com/dp/B0DRSRJDSY,B0DRSRJDSY,Daily Blood Sugar and Diet Monitoring Notebook,Devina Garg,Paperback,"Dec 26, 2024",
0,https://www.amazon.com/dp/B0DRSQCRC7,B0DRSQCRC7,Notefood,yorwill david agudelo graterol,Hardcover,"Dec 26, 2024",
0,https://www.amazon.com/dp/B0DRSL1BQN,B0DRSL1BQN,Recipe Book: Blank Recipe Journal for Home-Cooked Inspiration,Aina Moltó,Paperback,"Dec 26, 2024",
0,https://www.amazon.com/dp/B0DRSKX84K,B0DRSKX84K,Blank Family Recipe Book: Blank Recipe Book to Write in Your Own Recipes - 8.25'' x 6'' Inch - 150 Pages - Empty Cookbook to Fill in for Family Recipes and Culinary Creations,Anakin Rewritten,Paperback,"Dec 26, 2024",
0,https://www.amazon.com/dp/B0DRSJYNV8,B0DRSJYNV8,"Planner with motivation quotes: How to Plan, Achieve, and Stay Inspired.",Aginger Lidia,Kindle,"Dec 26, 2024",
0,https://www.amazon.com/dp/B0DRSJ9Y1P,B0DRSJ9Y1P,BRAVE NEW AGENDA - RECIPE BOOK,JSP West,Hardcover,"Dec 26, 2024",
0,https://www.amazon.com/dp/B0DRSFMGH4,B0DRSFMGH4,"MY FAVORITE RECIPES COOKBOOK: Cookbook for Recipes, 103 Pages, Ideal for Cooking, Baking, Everyday Meals, Holiday Meals",Earth Meets Asteroid,Paperback,"Dec 26, 2024",
0,https://www.amazon.com/dp/B0DRSD6TW2,B0DRSD6TW2,Cajun Flavors Recipe Book: Bringing 6 New Orleans style recipes right to your kitchen!,Wizdom Chantrell,Paperback,"Dec 26, 2024",
0,https://www.amazon.com/dp/B0DRSBCN92,B0DRSBCN92,Family Recipe Book to Write in Your Own Recipes: A Personal Cookbook for Cherished Family Dishes,Dr. Jeff Casper,Hardcover,"Dec 26, 2024",
0,https://www.amazon.com/dp/B0DRS98C24,B0DRS98C24,"Shit My Mom Taught Me To Cook: Blank Recipe Book to Write In 100 Of Your Own Recipes, Personalized Recipe Book, Empty Cooking Journal to Write in Recipes, Customized Recipe Book..Swear Cookbook Gift",Mitu Mia,Hardcover,"Dec 26, 2024",
0,https://www.amazon.com/dp/B0DRS79V52,B0DRS79V52,"My Recipe, My Legacy: Guided Journal, 106 Recipe Pages",SilverQuill Publications,Hardcover,"Dec 26, 2024",
0,https://www.amazon.com/dp/B0DRRXVD8Q,B0DRRXVD8Q,Personal Recipe Journal,IMS Publishing,Paperback,"Dec 26, 2024",
0,https://www.amazon.com/dp/B0DRPP3HH8,B0DRPP3HH8,THE COMPLETE KETO COOKBOOK: Ultimate Low Carb Recipes for Achieving and Maintaining Ketosis,Teddy D. Jones,Kindle,"Dec 26, 2024",
0,https://www.amazon.com/dp/B0DRPMX61Q,B0DRPMX61Q,"THE SMOOTHIE DIET: Nourishing drinks for a lean,healthy body",Tiffany Austin,Paperback,"Dec 26, 2024",
0,https://www.amazon.com/dp/B0DRPMJJ9H,B0DRPMJJ9H,my culinary collection,Mr  john s,Paperback,"Dec 26, 2024",
0,https://www.amazon.com/dp/B0DRPMGHKP,B0DRPMGHKP,101 MOM RECIPES: FAMILY SECRETS,JURGEN PRESS PLOT,Paperback,"Dec 26, 2024",
0,https://www.amazon.com/dp/B0DRPM53NZ,B0DRPM53NZ,"Recipe Book to Write in Your Own Recipes: Blank Recipe Journal to Organize, Write, and Preserve Your Favorite Recipes | Create Your Personalized Cookbook for Home Cooks",Puraluna Creations,Paperback,"Dec 26, 2024",
0,https://www.amazon.com/dp/B0DRPM17L2,B0DRPM17L2,The Gourmet Journal: recipes.,Mrs. Natalia Kravchenko,Paperback,"Dec 26, 2024",
0,https://www.amazon.com/dp/B0DRPL8W3Q,B0DRPL8W3Q,The Gourmet Journal: recipes.,Mrs. Natalia Kravchenko,Paperback,"Dec 26, 2024",
0,https://www.amazon.com/dp/B0DRPL3KF8,B0DRPL3KF8,Recipe Book Cook with Love: Blank Recipe Notebook to Write in Your Own Recipes | Personal Recipe Organizer and Journal for Cooking Lovers,Puraluna Creations,Paperback,"Dec 26, 2024",
1,https://www.amazon.com/dp/B0DRP8TB9Q,B0DRP8TB9Q,From Batter to Blessings: Devotions and Recipes to Nourish Your Soul,Debbie Danielsen,Paperback,"Dec 26, 2024",
0,https://www.amazon.com/dp/B0DRP3YFPZ,B0DRP3YFPZ,The Senior's Vegan Kitchen: A Guide to Easy Vegan Cooking,Kathleen Sage,Kindle,"Dec 26, 2024",
0,https://www.amazon.com/dp/B0DRP378FP,B0DRP378FP,Food & Snacks Easy Coloring Book: Simple & Brave Designs for Adults and Kids,Robin Ben,Paperback,"Dec 26, 2024",
0,https://www.amazon.com/dp/B0DRNHQ844,B0DRNHQ844,Tasty and Fantastic Mushroom Feast Recipes: Elegant and Sophisticated Ways of Cooking Mushrooms For Every Mushroom Lover,Henley Pointer,Kindle,"Dec 26, 2024",
1,https://www.amazon.com/dp/B0DRNFKYN2,B0DRNFKYN2,"Sacred Smoke, Divine Noodles: The Alchemy of BBQ and Ramen",Ren Lumière,Paperback,"Dec 26, 2024",
0,https://www.amazon.com/dp/B0DRNCGT8D,B0DRNCGT8D,"AYURVEDA DETOXIFICATION, LONGEVITY COOKBOOK AND FOOD LIST FOR BEGINNERS (7 Day Weekly Meal Plan): An Indian Starter Tailored Recipes With Remedies To Cleanse While Nourishing The Entire Body.",MAHESH BIPEN,Paperback,"Dec 26, 2024",
0,https://www.amazon.com/dp/B0DRN952W4,B0DRN952W4,"OKINAWAN DETOXIFYING, CLEANSING TEAS FOR LONGEVITY: Japanese Time Tested Secret Blends To Purify The Body And Prolong Life.",HIROTA MASANORI,Paperback,"Dec 26, 2024",
0,https://www.amazon.com/dp/B0DRN8VLQN,B0DRN8VLQN,"IKIGAI DETOXIFICATION AND CLEANSING COOKBOOK, FOOD LIST ( 30 Day Meal Plan): Transform Your Health With These Japanese-Inspired Recipes That Blend ... While Following Modern Nutritional Insights.",YAMASAKI HITOSHI,Paperback,"Dec 26, 2024",
0,https://www.amazon.com/dp/B0DRN5Z3W1,B0DRN5Z3W1,Slow Cooker Sensations: Set It and Forget It Recipes,Aria Blake,Kindle,"Dec 26, 2024",
1,https://www.amazon.com/dp/B0DRLFXQQ5,B0DRLFXQQ5,Layers of Love: The Art and Soul of Croissants,Lulu Puffsparkle,Paperback,"Dec 26, 2024",
2,https://www.amazon.com/dp/B0DRLFMV8F,B0DRLFMV8F,The Mediterranean Diet Cookbook for Beginners: Low-Carbohydrate Mediterranean Diet: The Path to Long-Term Health,Sandra Morries,Kindle,"Dec 26, 2024",
0,https://www.amazon.com/dp/B0DRL8FW84,B0DRL8FW84,Cooking Without Trying: Delicious Meals Without the Hassle,Tracy Colgan,Kindle,"Dec 26, 2024",
0,https://www.amazon.com/dp/B0DRL6DQ9Z,B0DRL6DQ9Z,It's Just Your Life! Revised Edition: What Are you Waiting For,John F. Xuereb,Kindle,"Dec 26, 2024",
0,https://www.amazon.com/dp/B0DRJYG2HV,B0DRJYG2HV,"LOW CARB MEDITERRANEAN DIET COOKBOOK: Your Step-by-Step Guide to 326 Simple, Healthy and Tasty Recipes WITH Practical Guides From The Mediterranean Cuisine For Sustainable Weight Loss & Staying Slim",Deborah Hoglund,Kindle,"Dec 26, 2024",
0,https://www.amazon.com/dp/B0DRJRVSWV,B0DRJRVSWV,Mediterranean Cookbook for Two - Recipes for Cardiovascular Wellness . Heart Health . Mediterranean Diet: Delicious Meals for Cardiovascular Wellness and Long-Term Heart Health.,Mara Solis,Paperback,"Dec 26, 2024",
1,https://www.amazon.com/dp/B0DRJH37C3,B0DRJH37C3,I Love Thai Food: Learn Ingredients in Thai Foods,Atima Guzzonato,Kindle,"Dec 25, 2024",
0,https://www.amazon.com/dp/B0DRJKDBKC,B0DRJKDBKC,"RICE Method Diet: A Proven Path to Weight Loss, Detox, and Sustainable Healthy Living",Lisa Sharon,Kindle,"Dec 25, 2024",
0,https://www.amazon.com/dp/B0DRPLSDC9,B0DRPLSDC9,"Reservation Book For Restaurant: Organize Dining Appointments, Track Customers Daily, and Simplify Event Planning with Time-Saving Tools for 365 Day",GABA CHEF,Paperback,"Dec 25, 2024",
3,https://www.amazon.com/dp/B0DRPSZJVV,B0DRPSZJVV,The Greatest Chrismukkah Book Of All Time,Julie Snyder,Kindle,"Dec 25, 2024",
5,https://www.amazon.com/dp/B0DRPJDK6Z,B0DRPJDK6Z,Bake Therapy,Jennifer Sobjack,Kindle,"Dec 25, 2024",
1,https://www.amazon.com/dp/B0DRH1K1KF,B0DRH1K1KF,The Complete Ugandan Cookbook: Quick Easy and Delicious Ugandan Cooking at Home,Casey Cardinal,Paperback,"Dec 25, 2024",
0,https://www.amazon.com/dp/B0DRGH9VFK,B0DRGH9VFK,50 delicious US style paneer recipe's book. united state style paneer recipe.,Mr. vishal sahu,Kindle,"Dec 25, 2024",
0,https://www.amazon.com/dp/B0DV3W6CWC,B0DV3W6CWC,A Country Blessing Cookbook,Kirk  A Reeves Jr.,Kindle,"Dec 25, 2024",
0,https://www.amazon.com/dp/B0DRJFYW49,B0DRJFYW49,30-minutes fresh Mediterranean air fryer meals for busy lives.,Maria R. Hudson,Kindle,"Dec 25, 2024",
2,https://www.amazon.com/dp/B0DRJFSTF8,B0DRJFSTF8,Tadka Tales: Exploring for India's Culinary Diversity,Partha Samal,Kindle,"Dec 25, 2024",
0,https://www.amazon.com/dp/B0DRHZ2P3N,B0DRHZ2P3N,Ecuador Raw and Cooked: The Ecuadorian Cuisine No One Dares to Serve at the Table (Raw and Unfiltered),Camilo Cesarino,Kindle,"Dec 25, 2024",
0,https://www.amazon.com/dp/B0DRHT2WFT,B0DRHT2WFT,10 Days No Grain Diet: A Simple 10 Day Detox Diet Plan To Help End Pain And Inflammation In Your Body,Brick Fort,Kindle,"Dec 25, 2024",
0,https://www.amazon.com/dp/B0DRG788C7,B0DRG788C7,"THANKSGIVING RECIPES: Delicious Dishes, Time-Saving Tips, and Memorable Meals for a Perfect Holiday Celebration (Festive and Holiday Sweet Flavor Collection)",JOEL OLIVER,Kindle,"Dec 25, 2024",
0,https://www.amazon.com/dp/B0F38CQQDT,B0F38CQQDT,Chef Dad's Cookin' Kitchen Recipes (The 50 Dollar Reader Series),The Dollar Writers,Hardcover,"Dec 25, 2024",
0,https://www.amazon.com/dp/B0DRTZGZ3L,B0DRTZGZ3L,"My Recipe Journal: 6"" x 9"" New year blank recipe book to write in, Recipe notebook for Beginners,Chefs or foodies. New Year Gift Ideas for Women Mom Wife 100 Recipe Pages to write in.",Mitu Mia,Hardcover,"Dec 25, 2024",
0,https://www.amazon.com/dp/B0DRJC49ZV,B0DRJC49ZV,Blood Sugar Balance Cookbook,Healthy Mindset,Kindle,"Dec 25, 2024",
0,https://www.amazon.com/dp/B0DRJ4PFHB,B0DRJ4PFHB,The Pleasure of Rum,Edo Cruz,Paperback,"Dec 25, 2024",
0,https://www.amazon.com/dp/B0DRHR6KX3,B0DRHR6KX3,"Tokaj Hungary Travel Guide 2025: A Comprehensive Companion that will walk you through everything you need to know on how to visit, tour the wine region and top rated activities for your trip.",Deborah J. Weeks,Hardcover,"Dec 25, 2024",
0,https://www.amazon.com/dp/B0DRGZW17M,B0DRGZW17M,THE LOW-CALORIE LIVING: Simple Recipes to Lose Weight and Feel Great,Hermina Willis,Kindle,"Dec 25, 2024",
0,https://www.amazon.com/dp/B0DRGWSV2C,B0DRGWSV2C,Body by Bites: Unlocking Your Potential Through Fitness-Inspired Cooking: Transformative Recipes and Fitness Plans for Every Goal,Michael Fink,Kindle,"Dec 25, 2024",
2,https://www.amazon.com/dp/B0DRGM5P49,B0DRGM5P49,"THE GOOD ENERGY COOKBOOK: Overcome fatigue with easy recipes for endless energy, balanced weight, and an active life.",ZOE  VICTORIA LAWRENCE,Kindle,"Dec 25, 2024",
0,https://www.amazon.com/dp/B0DRGBLLQ7,B0DRGBLLQ7,"The Little Coffee Table Book: Cocktails: Packed with stunning photos and tidbits of knowledge, it's the perfect centerpiece for entertaining guests or as a thoughtful gift.",MEHCO by Design,Paperback,"Dec 25, 2024",
0,https://www.amazon.com/dp/B0DRG988HR,B0DRG988HR,"PIT BOSS SMOKER COOKBOOK FOR BEGINNERS: Master Delicious BBQ Recipes with Easy, Tasty, and Foolproof Grilling Techniques.",JULIA LOPEZ,Kindle,"Dec 25, 2024",
2,https://www.amazon.com/dp/B0DRG8YLRH,B0DRG8YLRH,Eldritch Kitchen Nightmares,Stryker Daniels,Kindle,"Dec 25, 2024",
1,https://www.amazon.com/dp/B0DRDGD9Y5,B0DRDGD9Y5,"NON-ALCOHOLIC FATTY LIVER DISEASE HIGH FIBER SUGAR CARB FREE COOKBOOK, FOOD LIST FOR TEENS AND KIDS (30 Day Weekly Meal Plan): A Delicious Hepatic ... Healing Recipes Which Supports Optimal Health",JEAN L. TRUMAN,Paperback,"Dec 24, 2024",
1,https://www.amazon.com/dp/B0DRF9LTM3,B0DRF9LTM3,"Keto Diet: A Flavorful Journey to Low-Carb Living, Keto Meal Plan, Easy Recipes, Healthy Cookbook for Busy People (Healthy books)",Andrii Pysarenko,Kindle,"Dec 24, 2024",
4,https://www.amazon.com/dp/B0DRK81SXX,B0DRK81SXX,The Gourmet Costa Rican Cookbook: A Decade of Discovery In The Osa Peninsula,Patrick H Ludwig,Hardcover,"Dec 24, 2024",
2,https://www.amazon.com/dp/B0GK2DX75B,B0GK2DX75B,Official CPC® Certification 2026 - Study Guide,AAPC,Paperback,"Dec 31, 2024",
4,https://www.amazon.com/dp/B0DS9SPGL2,B0DS9SPGL2,"Wisdom in Color: Inspirational Proverbs to Reflect, Relax, and Create",Joseph Zaak,Paperback,"Dec 31, 2024",
2,https://www.amazon.com/dp/B0DS2V29S1,B0DS2V29S1,The Wash Playbook: A Comprehensive Guide to Pressure Washing & Soft Washing,Jonathan Etter,Paperback,"Dec 31, 2024",
2,https://www.amazon.com/dp/B0DS9166HB,B0DS9166HB,Mortgage Note Investing for Beginners: Your Workbook to Start Your Journey as a Note Investor,Daphne R Wilson,Kindle,"Dec 31, 2024",
5,https://www.amazon.com/dp/B0DS5XFHRQ,B0DS5XFHRQ,Important Shit You Need to Know & Do When I Die: Funny End of Life Planner and Personal Affairs Organizer,Mystic Butterfly,Paperback,"Dec 31, 2024",
1,https://www.amazon.com/dp/B0DS6B1WFD,B0DS6B1WFD,Slayer 66 2/3: A Metal Band Biography (Post-Reunion Update: REBORN AND RE-REMASTERED 4th Edition),D.X. Ferris,Paperback,"Dec 31, 2024",
1,https://www.amazon.com/dp/B0DS75X89X,B0DS75X89X,"Cross Stitch Graph Paper 13 Count Notebook: 13 Squares Per Inch, For Creating Cross Stitch, Embroidery and Needlepoint Patterns, 8.5"" x 11"", 120 Pages",Sachi Publishers,Paperback,"Dec 31, 2024",
1,https://www.amazon.com/dp/B0DS29N3C5,B0DS29N3C5,"Fractions Math Workbook For Grades 3-4 With Addition, Subtraction, Multiplication, Division: Fractions Practice Workbook For 3rd and 4th Grade With ... Worksheets For Homeschooling or Classroom",Mia Math,Paperback,"Dec 31, 2024",
5,https://www.amazon.com/dp/B0DS9RMJJY,B0DS9RMJJY,"Lent Activity Book for Kids: Stories, Coloring, Mazes, Devotionals and Prayers for 40 Days of Faith",Billy James,Paperback,"Dec 31, 2024",
0,https://www.amazon.com/dp/B0DRZTCD18,B0DRZTCD18,Holy Humor: Complete Worship Services for Special Sundays: Set Two,Bass Mitchell,Kindle,"Dec 31, 2024",
2,https://www.amazon.com/dp/B0DS7DWHKP,B0DS7DWHKP,Missiology with Power: A Missing Dimension in Intercultural Ministry,Charles H. Kraft,Kindle,"Dec 31, 2024",
0,https://www.amazon.com/dp/B0DS6KSJGK,B0DS6KSJGK,The Blessed Breaths of the Messenger of Allah,Shuaib Khan,Paperback,"Dec 31, 2024",
1,https://www.amazon.com/dp/B0DS124JPK,B0DS124JPK,Immortal DNA: Living Forever as an Eternal Spirit,Scott Perdue,Kindle,"Dec 31, 2024",
0,https://www.amazon.com/dp/1645855104,1645855104,Messiah: Old Testament Prophecies Fulfilled in Christ,Gary Michuta,Paperback,"Apr 7, 2026",
0,https://www.amazon.com/dp/B0DS125RZ7,B0DS125RZ7,Southlands Snuffys: Forest of Assassins - to - City of Hong Kong Book # 2,Sergeant Walker,Paperback,"Dec 31, 2024",
0,https://www.amazon.com/dp/B0DRVCY1YT,B0DRVCY1YT,Vietnam War Quiz (RedBeach Quiz Books),RedBeach Books,Kindle,"Dec 29, 2024",
0,https://www.amazon.com/dp/1300726407,1300726407,Nurse Florence® Coloring Book: How Bad are Health Problems from Agent Orange?,Michael Dow,Paperback,"Dec 29, 2024",
3,https://www.amazon.com/dp/B0DRT43QHX,B0DRT43QHX,A Simple Summary Of The Vietnam War (RedBeach - History),RedBeach Books,Kindle,"Dec 28, 2024",
3,https://www.amazon.com/dp/B0DRJDWKLW,B0DRJDWKLW,The Ultimate Military Trivia Book: Fascinating Facts About America's Armed Forces,Eric Moore,Kindle,"Dec 25, 2024",
2,https://www.amazon.com/dp/B0DRFDWMPN,B0DRFDWMPN,Phantoms from Vietnam: A search for meaning in the charnel of war,John Trotti,Kindle,"Dec 24, 2024",
0,https://www.amazon.com/dp/B0DRFCWS7L,B0DRFCWS7L,Southlands Snuffys: Cradle of the Corps - to - City of Da Nang Book # 1,Sergeant Walker,Paperback,"Dec 24, 2024",
0,https://www.amazon.com/dp/B0DRW9X36L,B0DRW9X36L,And the Tears Flowed,William L McCarron,Hardcover,"Dec 21, 2024",
1,https://www.amazon.com/dp/B0DR3DCGJ9,B0DR3DCGJ9,Vietnam: Fools In Charge,Colonel William Bertram Hill,Hardcover,"Dec 19, 2024",
1,https://www.amazon.com/dp/B0DP3PV37F,B0DP3PV37F,Paris West to Paris: Around the World in Three Years with a Stop for War,Alston M. Barrow,Kindle,"Dec 18, 2024",
4,https://www.amazon.com/dp/1009504797,1009504797,A History of East Asia: From the Origins of Civilization to the Twenty-First Century,Charles Holcombe,Paperback,"Jun 4, 2025",
0,https://www.amazon.com/dp/B0DQYN6CQZ,B0DQYN6CQZ,THE TALE OF SURVIVAL,Jane Phuong Nguyen,Kindle,"Dec 17, 2024",
0,https://www.amazon.com/dp/1501778617,1501778617,"A Displaced Nation: The 1954 Evacuation and Its Political Impact on the Vietnam Wars (Studies of the Weatherhead East Asian Institute, Columbia University)",Phi-Van Nguyen,Kindle,"Dec 15, 2024",
0,https://www.amazon.com/dp/B0DQHC7MR3,B0DQHC7MR3,A BLACK MARK ON AMERICAN MILITARY HISTORY: AFRICAN AMERICAN MEDALS OF HONOR VOL. 3 - VIETNAM AND WAR ON TERRORISM,SCOTT BARON,Kindle,"Dec 14, 2024",
3,https://www.amazon.com/dp/1916346367,1916346367,Drawing Under Fire: War Diary of a Young Vietnamese Artist (The Vietnam Collection),Pham Thanh Tâm,Hardcover,"Dec 12, 2024",
2,https://www.amazon.com/dp/B0DPST9G4Z,B0DPST9G4Z,Mike's Hill: The True Story of Captain John L. Prichard,Kelly Prichard Burleson,Paperback,"Dec 12, 2024",
5,https://www.amazon.com/dp/B0DQ7RLPFR,B0DQ7RLPFR,"Grunt--Three Years in the Infantry, 1967-1970: A Memoir",Peter Farnham,Kindle,"Dec 11, 2024",
0,https://www.amazon.com/dp/B0DPWPDPDM,B0DPWPDPDM,Turning Point in the Jungle: The Tet Offensive and Its Impact on the Vietnam War,Dr Alex Bugeja,Kindle,"Dec 8, 2024",
0,https://www.amazon.com/dp/B0DPV7RH8W,B0DPV7RH8W,"Rifles, Parachutes, and Hard Hats",COL  John A. Hughes Jr,Paperback,"Dec 6, 2024",
1,https://www.amazon.com/dp/B0DS2TDYHW,B0DS2TDYHW,The Love That Is Missing: An Exploration of Consciousness and Medical Science,Carlos E Millan,Kindle,"Dec 31, 2024",
1,https://www.amazon.com/dp/B0DRZGK43H,B0DRZGK43H,Organic Chemistry Basic Stereochemistry: You can learn by solving the problems!,Yoshitaka Matsushima,Kindle,"Dec 31, 2024",
0,https://www.amazon.com/dp/B0DS9LJZDW,B0DS9LJZDW,My Big Solar System Workbook,WillowInkDesigns on Tiktok,Paperback,"Dec 31, 2024",
1,https://www.amazon.com/dp/B0DRYSC57L,B0DRYSC57L,Experiments in Organic Chemistry: A lab Manual for Organic Chemistry I,Dr. Renee Y. Becker,Paperback,"Dec 31, 2024",
0,https://www.amazon.com/dp/B0DRZS8XZ8,B0DRZS8XZ8,Experiments in Organic Chemistry: A Lab Manual for Organic Chemistry II,Dr. Renee Y. Becker,Paperback,"Dec 31, 2024",
0,https://www.amazon.com/dp/B0DS26WCPR,B0DS26WCPR,"6-in-1 Number Puzzles Volume 1: Crossword Numbers, Numbers Search, Calcudoku, Balance Beam (Weights), Money Search & Kakuro",Christopher D Morgan,Paperback,"Dec 31, 2024",
0,https://www.amazon.com/dp/B0DSQ87BWV,B0DSQ87BWV,"Packaging Done Right is Magic, Vol. I: A Field Guide 33 Years in the Making",Jay Edwards,Paperback,"Dec 31, 2024",
0,https://www.amazon.com/dp/B0DRYXVDN2,B0DRYXVDN2,Bee-yond the Ordinary: Volume 2: Capturing the Hidden World of Pollinators Through Macro Photography (Nature's Wonders),Alain Grandemangee,Paperback,"Dec 31, 2024",
0,https://www.amazon.com/dp/B0DRZJZ1KD,B0DRZJZ1KD,Bee-yond the Ordinary: Volume 3: Admiring the Intricate Lives of Pollinators Through Macro Photography (Nature's Wonders),Alain Grandemange,Paperback,"Dec 31, 2024",
0,https://www.amazon.com/dp/B0DRZP6YGJ,B0DRZP6YGJ,Bee-yond the Ordinary: Volume 4: Contemplating the Marvels of Pollinators and the Natural World (Nature's Wonders),Alain Grandemange,Paperback,"Dec 31, 2024",
1,https://www.amazon.com/dp/B0DS2D2XF2,B0DS2D2XF2,The Coming of Jetson Thor: How Nvidia's Next-Gen Robotics Platform is Shaping the Future of AI and Automation,Colleen Dutton,Kindle,"Dec 31, 2024",
0,https://www.amazon.com/dp/B0GSZJVHQ7,B0GSZJVHQ7,Tom the Beet: Journey to Space,TOM MAI Maistrenko,Paperback,"Mar 17, 2026",
5,https://www.amazon.com/dp/B0CHL7WS7B,B0CHL7WS7B,The Way of Machine Thinking: Volume 1: Rules of Universal Language and Fundamental Math,weili chen,Paperback,"Sep 8, 2023",
0,https://www.amazon.com/dp/B0DS64NF7V,B0DS64NF7V,"Yesenia: Personalized To Do List Notepad with Elegant Floral Design Cover. 120 Pages of Practicality and Charm. The Perfect Yesenia Name Gift, Lined ... Goals. Enhance Your Efficiency and Style",Eleanor Rosewood,Paperback,"Dec 31, 2024",
4,https://www.amazon.com/dp/B0DS2K6JZC,B0DS2K6JZC,The Axolotl Alphabet Book: An Engaging ABC of Unusual Animals with Cute Illustrations and Interactive Nature Learning for Toddlers and Kids,CuriousInk Books,Kindle,"Dec 31, 2024",
0,https://www.amazon.com/dp/B0DRYXPRWP,B0DRYXPRWP,Multiple Universe Star System 7 Heaven's Configuration Framework,Jamil Eugene Brown,Kindle,"Dec 31, 2024",
1,https://www.amazon.com/dp/B0DS131M9H,B0DS131M9H,ANCIENT STONE READING: THE FIRST STEPS ON THE STONEPATH,T L HARRIS,Kindle,"Dec 31, 2024",
0,https://www.amazon.com/dp/B0DRZVCHF4,B0DRZVCHF4,Historic Currents: A Cultural History of Electricity,Paul Dunn,Paperback,"Dec 31, 2024",
0,https://www.amazon.com/dp/B0DS47QW4R,B0DS47QW4R,OpenStax: Introduction to Behavioral Neuroscience,Kirby et al,Paperback,"Dec 31, 2024",
0,https://www.amazon.com/dp/B0DRYS9C8C,B0DRYS9C8C,The Future of Humanity is Now: Where Are We Going in The Future (As A Species)?,Melvin Dodson III M.D. PhD,Kindle,"Dec 31, 2024",
0,https://www.amazon.com/dp/B0DSTQZ9C4,B0DSTQZ9C4,Living World (2024): Journal of the Trinidad and Tobago Field Naturalists' Club,Trinidad and Tobago Field Naturalists' Club,Paperback,"Dec 31, 2024",
0,https://www.amazon.com/dp/B0DSFDG78C,B0DSFDG78C,"Koi Fish Journal Composition Notebook: Science Notebook | 110 Pages, 7.5 x 9.25""",Colin Butler,Paperback,"Dec 31, 2024",
0,https://www.amazon.com/dp/B0DSF9DLHR,B0DSF9DLHR,"Cool Science Journal: Notebook for Kids | 110 Pages, 7.5 x 9.25"", College Ruled",Colin Butler,Paperback,"Dec 31, 2024",
0,https://www.amazon.com/dp/B0DSC8BFDN,B0DSC8BFDN,Birdwatching Logbook: Birdwatching Logbook: Detailed Observation Journal,Ysolda Erickson,Paperback,"Dec 31, 2024",
0,https://www.amazon.com/dp/B0DS9PH616,B0DS9PH616,"2000+ Sudoku Puzzles Book with Complete Solutions Easy Level for Beginners, Teens, Adults, Seniors: Improve Your Logic, Memory, and Focus with Hours of Brain-Boosting Fun",Brain Boost Studio,Paperback,"Dec 31, 2024",
0,https://www.amazon.com/dp/B0DS9NX2J8,B0DS9NX2J8,1000 Sudoku Puzzles with Solutions for Adults Large Print: Easy-to-read Sudoku for adults of all ages.,Smart Minds LLC,Paperback,"Dec 31, 2024",
0,https://www.amazon.com/dp/B0DS9N8CRK,B0DS9N8CRK,Green Science Notebook: College Ruled Notebook | 6 x 9 inches | 100 pages | For All Ages,Barry Woodbary,Paperback,"Dec 31, 2024",
0,https://www.amazon.com/dp/B0DS9LXFXT,B0DS9LXFXT,1000 Simple Sudoku Challenges for Adults Large Print with Answers: Keep boredom away with fun and simple puzzles.,Smart Minds LLC,Paperback,"Dec 31, 2024",
1,https://www.amazon.com/dp/B0DS8XKKQZ,B0DS8XKKQZ,The Ultimate Guide to Eco-Friendly Living: Sustainable Solutions for Everyday Life,Michelle Hoffmann,Kindle,"Dec 31, 2024",
0,https://www.amazon.com/dp/B0DS8KGCRS,B0DS8KGCRS,Journal With Cute Pink Flowers: Notebook,Daisy Ford Design,Paperback,"Dec 31, 2024",
0,https://www.amazon.com/dp/B0DS8JHM5G,B0DS8JHM5G,"Cute Mushroom & Crystal Composition Notebook: Cute Mushroom & Crystal Composition Book, 7.5x9.25, 200, Wide Ruled Pages",Shell Hearts,Paperback,"Dec 31, 2024",
0,https://www.amazon.com/dp/B0DS8CPYZ7,B0DS8CPYZ7,"Black Paper notebook Perfect for White Ink and Gel Pens: | 100 Pages | Compact Size 8.5"" x 11"" ,Black Pages ,for White Ink and Gel Pens",HAM LOK,Paperback,"Dec 31, 2024",
0,https://www.amazon.com/dp/B0DS87TK3W,B0DS87TK3W,Vintage Botanical Composition Notebook: 100 Doted Pages – Nature-Inspired Journal for Garden Lovers & Creative Writers,My Own Mess,Paperback,"Dec 31, 2024",
0,https://www.amazon.com/dp/B0DS86TN57,B0DS86TN57,Astronomy Observation Log Book: Night Sky Observation Journal | Astronomy Journal Notebook,Valdo Yerkov,Paperback,"Dec 31, 2024",
0,https://www.amazon.com/dp/B0DS86QHF3,B0DS86QHF3,Notebook: College Ruled Notebook | 6x9 inches | 100 Pages,Miss C Triick,Paperback,"Dec 31, 2024",
0,https://www.amazon.com/dp/B0DS7Y3196,B0DS7Y3196,Vintage Botanical & Butterfly Composition Notebook: 100 Lined Pages – Nature-Inspired Journal for Garden Lovers & Creative Writers,My Own Mess,Paperback,"Dec 31, 2024",
0,https://www.amazon.com/dp/B0DS7THGT1,B0DS7THGT1,Notebook: Flowers 3,Lucky Owl Creations,Hardcover,"Dec 31, 2024",
0,https://www.amazon.com/dp/B0DS7T1HZY,B0DS7T1HZY,Notebook: Hopeful Flowers,Lucky Owl Creations,Hardcover,"Dec 31, 2024",
0,https://www.amazon.com/dp/B0DS7PZ3QC,B0DS7PZ3QC,"Graph Paper Notebook: Grid Paper for Math and Science, 5 x 5 Squares, Ideal for Precision Drawings, Graphs, and Diagrams",Toby Motley,Paperback,"Dec 31, 2024",
0,https://www.amazon.com/dp/B0DS75GCM4,B0DS75GCM4,Vintage Biology & Sea Life Composition Notebook: 100 Lined Pages – Scientific Botanical Journal for Students and Nature Lovers,My Own Mess,Paperback,"Dec 31, 2024",
0,https://www.amazon.com/dp/B0DS6CM9FT,B0DS6CM9FT,Innovations and Challenges in Space Medicine and Healthcare,Kyla Latrice Tennin,Hardcover,"Dec 31, 2024",
0,https://www.amazon.com/dp/B0DS66YZ3B,B0DS66YZ3B,Notebook (100 pages),Niha Tharanam,Paperback,"Dec 31, 2024",
0,https://www.amazon.com/dp/B0DS66L39D,B0DS66L39D,"Composition Notebook College Ruled | Vintage Bees & Honey: Journal with 100 Cream College Ruled Pages | Notebook for Students, Back to School, Note Taking, Homework Assignments",Publish Pros,Paperback,"Dec 31, 2024",
2,https://www.amazon.com/dp/1009493507,1009493507,Hands-On Mathematical Optimization with Python,Krzysztof Postek,Paperback,"Apr 3, 2025",
0,https://www.amazon.com/dp/B0DS65QCGX,B0DS65QCGX,Composition Notebook: Wide Ruled Notebook | 6 x 9 inches | 200 Pages | Kids Teens Adults [BLUE],Silence Co.,Paperback,"Dec 31, 2024",
0,https://www.amazon.com/dp/B0DS64YKW8,B0DS64YKW8,"Graph Paper Notebook: 2x2, 1/2 Inch Squares",Nikki West,Paperback,"Dec 31, 2024",
0,https://www.amazon.com/dp/B0DS64J9TN,B0DS64J9TN,"Composition Notebook | Vintage Dragonflies: Journal with 100 Cream College Ruled Pages | Notebook for Students, Back to School, Note Taking, Homework Assignments",Publish Pros,Paperback,"Dec 31, 2024",
0,https://www.amazon.com/dp/B0DS6438SD,B0DS6438SD,"Yazmin: Personalized To Do List Notepad with Elegant Floral Design Cover. 120 Pages of Practicality and Charm. The Perfect Yazmin Name Gift, Lined ... Goals. Enhance Your Efficiency and Style",Eleanor Rosewood,Paperback,"Dec 31, 2024",
0,https://www.amazon.com/dp/B0DS63R531,B0DS63R531,"Yasmine: Personalized To Do List Notepad with Elegant Floral Design Cover. 120 Pages of Practicality and Charm. The Perfect Yasmine Name Gift, Lined ... Goals. Enhance Your Efficiency and Style",Eleanor Rosewood,Paperback,"Dec 31, 2024",
0,https://www.amazon.com/dp/B0DS63CWPN,B0DS63CWPN,"Mixed Graph and Lined Paper Journal Notebook with Peeking Dog: For Drawing, Designing, Writing and More",Kaylea Marston,Paperback,"Dec 31, 2024",
0,https://www.amazon.com/dp/B0DS638JBX,B0DS638JBX,"Composition Notebook, College Ruled: Burgundy And Beige Vintage Farm chicken Illustration: Maroon Country Chic Aesthetic Rustic Rooster Journal",Lydia Craven,Paperback,"Dec 31, 2024",
0,https://www.amazon.com/dp/B0DS5Z4NMY,B0DS5Z4NMY,Composition Notebook: Wide Ruled Notebook | 6 x 9 inches | 200 Pages | Kids Teens Adults [BLACK],Silence Co.,Paperback,"Dec 31, 2024",
0,https://www.amazon.com/dp/B0DS5Y6G4W,B0DS5Y6G4W,"Graph Paper Notebook 8.5 x 11: Square Grid Paper Notebook, Graph Ruled, 5x5 (5 Squares per Inch), 100 Pages - Blue",Bright Bookstore,Paperback,"Dec 31, 2024",
0,https://www.amazon.com/dp/B0DS5W3L2B,B0DS5W3L2B,Composition Notebook: Wide Ruled Notebook | 6 x 9 inches | 200 Pages | Kids Teens Adults,Silence Co.,Paperback,"Dec 31, 2024",
5,https://www.amazon.com/dp/B0DS3WGF57,B0DS3WGF57,Biology Made Fun: Crosswords & Color Your Learning,Mr.  Ashish  Chakkumkal Abraham,Paperback,"Dec 31, 2024",
0,https://www.amazon.com/dp/B0DS2WMR5F,B0DS2WMR5F,Herbal Monograph Quick Reference Guide: Page Street Prairie Herbals,Sienna Bethany Morrow,Paperback,"Dec 31, 2024",
0,https://www.amazon.com/dp/B0DS2TF6J3,B0DS2TF6J3,ABC's Activity and Coloring Book: Living on the Farm,Brian McCall,Paperback,"Dec 31, 2024",
0,https://www.amazon.com/dp/B0DS2PSCMH,B0DS2PSCMH,Artificial Intelligence: Foundations and Concepts,Dr. Muslum Yildiz,Kindle,"Dec 31, 2024",
0,https://www.amazon.com/dp/B0DS2MXCYN,B0DS2MXCYN,"Ultimate Sudoku Puzzle Book: Sudoku Puzzles with Easy to Read Print about Logic, Focus, Brain Training and More | 6x9 | 800 Pages | 1600 Puzzles | Gifts for Holidays, Christmas, Birthdays",A Dickenson,Paperback,"Dec 31, 2024",
0,https://www.amazon.com/dp/B0DS2KFD7C,B0DS2KFD7C,1000 Beginner Sudoku Games for Adults and Seniors Large Print with Solutions: A collection of satisfying Sudoku solutions awaits.,Smart Minds LLC,Paperback,"Dec 31, 2024",
0,https://www.amazon.com/dp/B0DS2JTM67,B0DS2JTM67,1000 Easy Sudoku Collection for Adults and Seniors Large Print with Solutions: A great way to spend quality time solving puzzles.,Smart Minds LLC,Paperback,"Dec 31, 2024",
0,https://www.amazon.com/dp/B0DS2JSGBH,B0DS2JSGBH,1000 Fun Sudoku for Adults and Seniors Large Print with Solutions: Stay entertained with puzzles designed just for you.,Smart Minds LLC,Paperback,"Dec 31, 2024",
0,https://www.amazon.com/dp/B0DS2JPCQJ,B0DS2JPCQJ,1000 Sudoku Games for Adults and Seniors Large Print with Solutions: Dive into an exciting world of Sudoku entertainment.,Smart Minds LLC,Paperback,"Dec 31, 2024",
0,https://www.amazon.com/dp/B0DS2J3GNC,B0DS2J3GNC,"1000 Easy Sudoku Large Print for Adults and Seniors with Solutions: Clear, bold puzzles for hassle-free enjoyment.",Smart Minds LLC,Paperback,"Dec 31, 2024",
0,https://www.amazon.com/dp/B0DS2HRSHB,B0DS2HRSHB,1000 Easy Sudoku Puzzles for Adults and Seniors Large Print with Solutions: Enjoy hours of relaxing Sudoku fun!,Smart Minds LLC,Paperback,"Dec 31, 2024",
0,https://www.amazon.com/dp/B0DS2HQXPG,B0DS2HQXPG,1000 Easy Sudoku Challenges for Adults and Seniors Large Print with Answers: Keep your brain sharp with easy-to-solve puzzles.,Smart Minds LLC,Paperback,"Dec 31, 2024",
0,https://www.amazon.com/dp/B0DS2HPYDL,B0DS2HPYDL,"1000 Easy Sudoku Puzzles with Solutions for Adults and Seniors Large Print: Solve, relax, and enjoy large-print Sudoku puzzles.",Smart Minds LLC,Paperback,"Dec 31, 2024",
0,https://www.amazon.com/dp/B0DS2HNP8H,B0DS2HNP8H,1000 Beginner Sudoku Puzzles for Adults and Seniors Large Print with Solutions: Build your Sudoku skills with ease and confidence.,Smart Minds LLC,Paperback,"Dec 31, 2024",
0,https://www.amazon.com/dp/B0DS2HGL8C,B0DS2HGL8C,"1000 Sudoku for Adults Large Print with Solutions and Answers: Master the art of Sudoku, one puzzle at a time.",Smart Minds LLC,Paperback,"Dec 31, 2024",
0,https://www.amazon.com/dp/B0DS2GTSFY,B0DS2GTSFY,1000 Simple Sudoku Books for Adults and Seniors Large Print with Solutions: Your ultimate guide to Sudoku simplicity.,Smart Minds LLC,Paperback,"Dec 31, 2024",
0,https://www.amazon.com/dp/B0DS2GJ3S8,B0DS2GJ3S8,1000 Fun Sudoku Puzzles for Adults and Seniors Large Print with Solutions: Fun and engaging puzzles for quiet moments.,Smart Minds LLC,Paperback,"Dec 31, 2024",
0,https://www.amazon.com/dp/B0DS2G6SWZ,B0DS2G6SWZ,1000 Easy Sudoku for Seniors and Adults Large Print with Solutions: A stress-free Sudoku experience for all ages.,Smart Minds LLC,Paperback,"Dec 31, 2024",
0,https://www.amazon.com/dp/B0DS2FNH39,B0DS2FNH39,1000 Easy Sudoku Activities for Adults and Seniors Large Print with Solutions: The ideal companion for Sudoku beginners.,Smart Minds LLC,Paperback,"Dec 31, 2024",
0,https://www.amazon.com/dp/B0DS2DV8QY,B0DS2DV8QY,1000 Simple Sudoku Puzzles for Seniors and Adults Large Print with Solutions: Boost your brainpower with simple Sudoku games.,Smart Minds LLC,Paperback,"Dec 31, 2024",
0,https://www.amazon.com/dp/B0DS2DRGJ8,B0DS2DRGJ8,"Sudoku Challenge Puzzle Book - Volume 1: Relax, Focus, and Sharpen Your Mind with Sudoku for All Ages. Perfect Challenge for All Skill Levels (Easy to ... Vacations, Holidays, Commutes and Free Times",Manz Publishing,Paperback,"Dec 31, 2024",
0,https://www.amazon.com/dp/087335043X,087335043X,"Modeling and Simulation of Mineral Processing Systems, Updated Second Edition",R.P. King,Paperback,"Feb 23, 2026",
0,https://www.amazon.com/dp/B0DS2CTWLL,B0DS2CTWLL,1200 Sudoku Puzzles for Intermediates: Medium Level Challenges: A Collection of Engaging Sudoku Puzzles for Intermediate Players,Brain Boost Studio,Paperback,"Dec 31, 2024",
0,https://www.amazon.com/dp/B0DS2C5G8Z,B0DS2C5G8Z,Abstract Flames: Celebrating the Art of Fractals (Coloring Books),Christian Heisch,Paperback,"Dec 31, 2024",
0,https://www.amazon.com/dp/B0DS2C3S6F,B0DS2C3S6F,"6-in-1 Number Puzzles Volume 4: Crossword Math, Sudoku, Money Search, Logic Puzzles, Balance Beam (Forces) & Crossword Numbers",Christopher D Morgan,Paperback,"Dec 31, 2024",
0,https://www.amazon.com/dp/B0DS2BWM6N,B0DS2BWM6N,"3-in-1 Number Puzzles Volume 4: Balance Beam (Forces), Numbers Search & Sudoku",Christopher D Morgan,Paperback,"Dec 31, 2024",
0,https://www.amazon.com/dp/B0DS2BVPY2,B0DS2BVPY2,Fractal Animals 2: Adult First Go,ScaLoo,Paperback,"Dec 31, 2024",
0,https://www.amazon.com/dp/B0DS2BQ9ML,B0DS2BQ9ML,1200 Sudoku Puzzles for Experts: Hard Level Challenges Large Print: A Collection of Challenging Sudoku Puzzles for Advanced Players,Brain Boost studio,Paperback,"Dec 31, 2024",
0,https://www.amazon.com/dp/B0DS29VGYV,B0DS29VGYV,"6-in-1 Number Puzzles Volume 3: Make 14-18, Fraction Codes, Calcudoku, Kakuro, Numbers Search & Balance Beam (Weights)",Christopher D Morgan,Paperback,"Dec 31, 2024",
0,https://www.amazon.com/dp/B0DS298HV9,B0DS298HV9,"3-in-1 Number Puzzles Volume 1: Crossword Numbers, Calcudoku & Money Search",Christopher D Morgan,Paperback,"Dec 31, 2024",
0,https://www.amazon.com/dp/B0DS296DS8,B0DS296DS8,"3-in-1 Number Puzzles Volume 3: Crossword Math, Fraction Codes & Make 13-17",Christopher D Morgan,Paperback,"Dec 31, 2024",
0,https://www.amazon.com/dp/B0DS27Z1K5,B0DS27Z1K5,"3-in-1 Number Puzzles Volume 2: Kakuro, Logic Puzzles & Balance Beam (Weights)",Christopher D Morgan,Paperback,"Dec 31, 2024",
0,https://www.amazon.com/dp/B0DS278QBJ,B0DS278QBJ,"6-in-1 Number Puzzles Volume 2: Logic Puzzles, Balance Beam (Forces), Sudoku, Fraction Codes & Crossword Math",Christopher D Morgan,Paperback,"Dec 31, 2024",
0,https://www.amazon.com/dp/B0DS25TRTT,B0DS25TRTT,Homophonic Prepper-Primes-Puzzles: Patch 936,Francis Gurtowski,Paperback,"Dec 31, 2024",
0,https://www.amazon.com/dp/B0DS25HWB2,B0DS25HWB2,"Mastering Numbers to 100: Fill in the Blanks, Reading, and Writing",Mr. HOCINE BOUMESSID,Paperback,"Dec 31, 2024",
0,https://www.amazon.com/dp/B0DS248H39,B0DS248H39,Homophonic Prepper-Primes-Puzzles: Patch 935,Francis Gurtowski,Paperback,"Dec 31, 2024",
0,https://www.amazon.com/dp/B0DS1ZXBDW,B0DS1ZXBDW,"2000+ Sudoku Puzzles Book with Complete Solutions Hard Level for Experts, Adults: Master Your Sudoku Skills with These Brain-Bending Puzzles",Brain Boost studio,Paperback,"Dec 31, 2024",
0,https://www.amazon.com/dp/B0DS1PXB2N,B0DS1PXB2N,Homophonic Prepper-Primes-Puzzles: Patch 932,Francis Gurtowski,Paperback,"Dec 31, 2024",
0,https://www.amazon.com/dp/B0DS1PJYVY,B0DS1PJYVY,Homophonic Prepper-Primes-Puzzles: Patch 933,Francis Gurtowski,Paperback,"Dec 31, 2024",
0,https://www.amazon.com/dp/B0DS1PFQ25,B0DS1PFQ25,Chinese Characters Composed & Classified by Ritchell Canape Lozares,Ritchell Canape Lozares,Kindle,"Dec 31, 2024",
0,https://www.amazon.com/dp/B0DS1PCXKL,B0DS1PCXKL,FRACTAL ABSTRACT TWO CROSS STITCH PATTERNS,DOWNHAM PRINTABLES,Paperback,"Dec 31, 2024",
1,https://www.amazon.com/dp/B0DS12T9ST,B0DS12T9ST,The Big Book of WHY: 100 Curiosities Unlocked for Space and the Universe,Kris V,Paperback,"Dec 31, 2024",
0,https://www.amazon.com/dp/B0DS11CWW5,B0DS11CWW5,Relativity and Rocks: The Nature of Time,Gem and Mineral Exchange,Kindle,"Dec 31, 2024",
0,https://www.amazon.com/dp/B0DRZYG7JZ,B0DRZYG7JZ,Secrets of The Human Brain,Felipe Matos,Kindle,"Dec 31, 2024",
0,https://www.amazon.com/dp/B0DRZWHQS5,B0DRZWHQS5,We Are the Aliens: How the Grays Could Be Our Future Selves and Time Travelers,Dario Arcano,Kindle,"Dec 31, 2024",
0,https://www.amazon.com/dp/B0DRZV6MY7,B0DRZV6MY7,Plants and NVC Lists,Stephen Wharton,Paperback,"Dec 31, 2024",
0,https://www.amazon.com/dp/B0DRZV4Z9D,B0DRZV4Z9D,Meteorological Disasters: Handling with Latest Technologies,Rakesh Kumar,Kindle,"Dec 31, 2024",
0,https://www.amazon.com/dp/B0DRZS98BD,B0DRZS98BD,"Living Green: Wellbeing for You, for Animals and for the Planet",Marco Ferrari,Kindle,"Dec 31, 2024",
0,https://www.amazon.com/dp/B0DRZL3YJX,B0DRZL3YJX,The Path To Perfect Home Comfort: Energy Efficiency And Cost Savings From Proper Sizing,Tom Platania,Kindle,"Dec 31, 2024",
0,https://www.amazon.com/dp/B0DRZKBPZ7,B0DRZKBPZ7,The Path To Perfect Home Comfort: What Are Load Calculations And Why They Matter,Tom Platania,Kindle,"Dec 31, 2024",
0,https://www.amazon.com/dp/B0DRZDX7CS,B0DRZDX7CS,"The Metaverse Family: Parenting in a Digital, Virtual World",Emilie BUYTON,Kindle,"Dec 31, 2024",
0,https://www.amazon.com/dp/B0DRZ2CYHG,B0DRZ2CYHG,Analysis of Advanced Wireless Infrastructure Information for the Creation of Intelligent Applications,Takashi Yasushi,Paperback,"Dec 31, 2024",
0,https://www.amazon.com/dp/B0DRYZV7YX,B0DRYZV7YX,Bird: For kids and adults,Benjamin Mohn,Kindle,"Dec 31, 2024",
0,https://www.amazon.com/dp/B0DRYZ1HB5,B0DRYZ1HB5,"Chronology of Jesus Christ: as told by the Gospel of John, Volume I",Andrejs Vanags,Kindle,"Dec 31, 2024",
2,https://www.amazon.com/dp/B0DRX6G18C,B0DRX6G18C,"Superpowered College Algebra 2: Relations, Functions, and Lines (Superpowered Mathematics)",The Math Sorcerer,Kindle,"Dec 30, 2024",
5,https://www.amazon.com/dp/B0DRZ3DSDK,B0DRZ3DSDK,"Reptiles and Amphibians Adult Coloring Book: Reptiles and Amphibians Coloring Book for Adults, Fun and Relaxing Designs, Great for Stress Relief, Fun Facts Included! (Animal Facts and Colors)",Pip Artwell,Paperback,"Dec 30, 2024",
1,https://www.amazon.com/dp/B0F3N9TGZJ,B0F3N9TGZJ,AP PRECALCULUS REVIEW AND WORKBOOK: THE ULTIMATE GUIDE TO AP PRECALCULUS SUCCESS,JOSEPH PAK,Paperback,"Dec 30, 2024",
4,https://www.amazon.com/dp/B0DS12MVLF,B0DS12MVLF,"Sudoku Puzzles Hard - Vol. 1, Large Print - 20 pt Font",A. T. Wise,Paperback,"Dec 30, 2024",
0,https://www.amazon.com/dp/B0DS46CLTJ,B0DS46CLTJ,Lockout Tagout Logbook: Business and warehouse lockout tagout record book,Alvato Smith,Paperback,"Dec 30, 2024",
0,https://www.amazon.com/dp/B0DRZFJJ88,B0DRZFJJ88,"Green Valley, Solano County, California: A Little Piece of History",David Sroaf,Paperback,"Dec 30, 2024",
5,https://www.amazon.com/dp/B0DS1J73N4,B0DS1J73N4,HEMP: Rewriting Paper’s Future With Ancient Fibers of the Past,Benjamin Draper,Kindle,"Dec 30, 2024",
0,https://www.amazon.com/dp/B0DRZX66Z2,B0DRZX66Z2,"Basic Math Workbook for Adults, Medium: 960 Equations, Extra Large Print, Add, Subtract, Multiply, Divide",Pat Gansen,Paperback,"Dec 30, 2024",
0,https://www.amazon.com/dp/B0DS18DX7B,B0DS18DX7B,Vermont Comprehensive Assessment Program Test Prep: 6th Grade Math Practice Workbook and Full-length Online Assessments: VTCAP Study Guide,Lumos Learning,Paperback,"Dec 30, 2024",
4,https://www.amazon.com/dp/B0DRZH7DRB,B0DRZH7DRB,Sudoku Book for Adults - Large Print: Easy to Hard Sudoku Puzzles with Solutions,Quest Memory Publishing,Paperback,"Dec 30, 2024",
0,https://www.amazon.com/dp/B0DRYYVHWJ,B0DRYYVHWJ,Bee-yond The Ordinary Vol. 1: Discovering the Secret Lives of Bees and Other Pollinator (Nature's Wonders),Alain Grandemange,Paperback,"Dec 30, 2024",
0,https://www.amazon.com/dp/B0DS5337JB,B0DS5337JB,"Yadira: Personalized To Do List Notepad with Elegant Floral Design Cover. 120 Pages of Practicality and Charm. The Perfect Yadira Name Gift, Lined ... Goals. Enhance Your Efficiency and Style",Eleanor Rosewood,Paperback,"Dec 30, 2024",
0,https://www.amazon.com/dp/B0DRYNW96V,B0DRYNW96V,Pixel Perfect: 100 Prompts for Stunning Visual Creations,Leonardo AI Prompts,Paperback,"Dec 30, 2024",
1,https://www.amazon.com/dp/B0DRWVFYXL,B0DRWVFYXL,The General Theory of Singularity: The Unified Field Equation,Alessandro Rizzo,Paperback,"Dec 30, 2024",
0,https://www.amazon.com/dp/B0DRYKJGS5,B0DRYKJGS5,The Advancement of Learning: A Vision for Scientific Inquiry: Reimagining Knowledge in the Modern Age,Francis Bacon,Hardcover,"Dec 30, 2024",
3,https://www.amazon.com/dp/B0DR5YP4YH,B0DR5YP4YH,"Creating Comfort for Your Senior Cat: Stories, Poems, and Illustrations of Cats in Their Golden Years",Mollie Hunt,Kindle,"Dec 30, 2024",
0,https://www.amazon.com/dp/B0DQ4C6KSW,B0DQ4C6KSW,Easy-Medium-Hard Number Search Puzzle Book For Adults Large Print: Multiple Difficulty Levels for a Challenging and Fun Experience,Wendy Hand,Paperback,"Dec 30, 2024",
3,https://www.amazon.com/dp/B0DQVBJBX3,B0DQVBJBX3,U-Turn: How to Reroute Your Life Through Tiny Actions and Powerful Choices,"Jen Bickerton DC, MS",Kindle,"Dec 30, 2024",
0,https://www.amazon.com/dp/B0DS7V252G,B0DS7V252G,Emergent Minds: Unraveling the Agency in Artificial Intelligence,Najeed Khan,Kindle,"Dec 30, 2024",
2,https://www.amazon.com/dp/B0DS1T8SXM,B0DS1T8SXM,Renewable Horozons: The Challenges and Promise of Renewable Energy,Earl R Decker,Kindle,"Dec 30, 2024",
4,https://www.amazon.com/dp/B0DRXSTR45,B0DRXSTR45,Raising Chickens for Beginners: From Egg to Happy Healty Layers,Kelly Kerlin,Kindle,"Dec 30, 2024",
0,https://www.amazon.com/dp/B0DVTJHJKJ,B0DVTJHJKJ,Biochemistry and Cell Biology: The Science of Life (Textbook and Lab Manual),Wendy Rappazzo,Paperback,"Dec 30, 2024",
0,https://www.amazon.com/dp/B0DTKDCL61,B0DTKDCL61,Cute Shiba Dog Chemistry Notebook: Adorable Shiba Inu 6x9 inches notebook - 80 pages,Prototype Ten,Paperback,"Dec 30, 2024",
0,https://www.amazon.com/dp/B0DSG7G8K2,B0DSG7G8K2,Student Notebook: Made for Everyday Note Taking. Graph pages. Snake design.,Curlew,Paperback,"Dec 30, 2024",
0,https://www.amazon.com/dp/B0DS7T7DYS,B0DS7T7DYS,"Math notebook A4 75 pages, for school",Sarosi Balazs Samuel,Paperback,"Dec 30, 2024",
0,https://www.amazon.com/dp/B0DS5VL155,B0DS5VL155,"Plants & Flowers Bold and Easy Coloring Book: Large, Simple and Relaxing Designs for Kids, Adults and Seniors on the theme of nature.",Smith Schop,Paperback,"Dec 30, 2024",
0,https://www.amazon.com/dp/B0DS5RNC13,B0DS5RNC13,"Science Notebook: 6"" x 9"", 80 pages, grid lines paper",God Dewi,Hardcover,"Dec 30, 2024",
0,https://www.amazon.com/dp/B0DS5NYWGG,B0DS5NYWGG,"Girl Math: Funny Gift for Women, Friends, Notebook/Journal",Corporate Girlie,Paperback,"Dec 30, 2024",
0,https://www.amazon.com/dp/B0DS5MSWQH,B0DS5MSWQH,"Aesthetic College-Ruled Notebook for School, Journaling, Work, 100 pages, 6"" x 9"" Size",Cloud L.,Paperback,"Dec 30, 2024",
0,https://www.amazon.com/dp/B0DS5M5W48,B0DS5M5W48,Whimsical and Inspirational Bird Notebook: Flock to Your Best Ideas Here! Explore the Full Collection!,TM Daliggr,Paperback,"Dec 30, 2024",
0,https://www.amazon.com/dp/B0DS5KM35J,B0DS5KM35J,"Graph Paper Notebook: Grid Paper for Math and Science, 5 x 5 Squares, Ideal for Precision Drawings, Graphs, and Diagrams",Toby Motley,Paperback,"Dec 30, 2024",
0,https://www.amazon.com/dp/B0DS5FP85Y,B0DS5FP85Y,"Notebook with the zodiac sign Aquarius, planner: General, zodiac, jurnal",elinazyrek elinazyrek,Paperback,"Dec 30, 2024",
0,https://www.amazon.com/dp/B0DS5D4QDD,B0DS5D4QDD,"Graph Paper Notebook: Grid Paper for Math and Science, 5 x 5 Squares, Ideal for Precision Drawings, Graphs, and Diagrams",Toby Motley,Paperback,"Dec 30, 2024",
0,https://www.amazon.com/dp/B0DS5D499P,B0DS5D499P,"28x36 grid composition notebook - math, physics graphing paper: Born to dilly dally, forced to lock in.",Hazel's Books,Paperback,"Dec 30, 2024",
0,https://www.amazon.com/dp/B0DS589QZV,B0DS589QZV,"Graph Paper Notebook: Grid Paper for Math and Science, 5 x 5 Squares, Ideal for Precision Drawings, Graphs, and Diagrams",Toby Motley,Paperback,"Dec 30, 2024",
0,https://www.amazon.com/dp/B0DS5734KR,B0DS5734KR,"Elegant Mandala: An 8.25x8.25 Graph Paper Notebook with Intricate Gold Patterns: A Stylish Graph Paper Journal for Sketching, Planning, and Creative Design",New Grafiks,Paperback,"Dec 30, 2024",
0,https://www.amazon.com/dp/B0DS55BB43,B0DS55BB43,Notebook with hexagonal squares for biochemistry | A4 | 100+ pages,Kittens and Chemicals,Paperback,"Dec 30, 2024",
0,https://www.amazon.com/dp/B0DS51HCGB,B0DS51HCGB,Bernese Mountain Dog With Flowers Journal: a DOT GRID notebook for self-expression,JumpJammies Journals,Hardcover,"Dec 30, 2024",
0,https://www.amazon.com/dp/B0DS4YWBVC,B0DS4YWBVC,"Floral Dreams Composition Notebook: Perfect for School, College, Journaling & Handwriting Improvement & Creative Writing",Sneha Acharya,Paperback,"Dec 30, 2024",
0,https://www.amazon.com/dp/B0DS4V33VK,B0DS4V33VK,"Yasmin: Personalized To Do List Notepad with Elegant Floral Design Cover. 120 Pages of Practicality and Charm. The Perfect Yasmin Name Gift, Lined ... Goals. Enhance Your Efficiency and Style",Eleanor Rosewood,Paperback,"Dec 30, 2024",
0,https://www.amazon.com/dp/B0DS438C2M,B0DS438C2M,Real-World Statistics: In-Person Version,Carol Saltsgaver,Paperback,"Dec 30, 2024",
0,https://www.amazon.com/dp/B0DS2L9RJ8,B0DS2L9RJ8,"Notebook with the zodiac sign Capricorn, planner: Zodiac, general, jurnal",elinazyrek elinazyrek,Paperback,"Dec 30, 2024",
0,https://www.amazon.com/dp/B0DS2FTVZH,B0DS2FTVZH,"Positive affirmation notebook cover: 8.5×11 in, 120 pages, matte:: For gift, productivity, goal setting, schedule, logbook, journal and more, college ruled",Peace  Work Press,Paperback,"Dec 30, 2024",
0,https://www.amazon.com/dp/B0DS2DBZB8,B0DS2DBZB8,"Composition Notebook College Ruled: Moth Botanical Cover | Cute Aesthetic Journal for School, Work, Planning, Organizing, and Gifts",Destiny's Gem,Paperback,"Dec 30, 2024",
0,https://www.amazon.com/dp/B0DS1GW9BJ,B0DS1GW9BJ,Mushrooms Land Coloring Book: Journey Through a Whimsical World of Mushrooms for Relaxation and Creative Fun for All Ages,VividHues Editions,Paperback,"Dec 30, 2024",
0,https://www.amazon.com/dp/B0DS1DNY5P,B0DS1DNY5P,"Hard Sudoku Puzzle Book: Extra Hard Sudoku Puzzle Book: 16 X 16 Grids | 8.5 X 11 inches, 2 Puzzles Per Page, Easy To Read, With Solutions |",Spiffiest Oak,Paperback,"Dec 30, 2024",
0,https://www.amazon.com/dp/B0DS1BRNJW,B0DS1BRNJW,"Hard Sudoku 9x9 for Experts:: 316 Engaging Puzzles | Perfect for Adults, Sudoku Enthusiasts, Brain Training, and Easy Reading with Large Prin",Logic Lounge,Paperback,"Dec 30, 2024",
0,https://www.amazon.com/dp/B0DS14P847,B0DS14P847,Addition Using Decomposing: Learning to Add 2-Digit Numbers,Mr. HOCINE BOUMESSID,Paperback,"Dec 30, 2024",
1,https://www.amazon.com/dp/B0DS133CVB,B0DS133CVB,Simple sudoku for beginners: a great place to start for new players including seniors and younger children,Paul dick,Paperback,"Dec 30, 2024",
0,https://www.amazon.com/dp/B0DS11G2NM,B0DS11G2NM,Diabolical sudoku: the ultimate fiendish set of puzzles for those who like a challenge,Paul dick,Paperback,"Dec 30, 2024",
0,https://www.amazon.com/dp/B0DRZYTRFQ,B0DRZYTRFQ,"Amazing Dogs Coloring Book: Fun and Relaxing Designs for Dog Lovers of All Ages: A Perfect Gift for Kids, Teens, and Adults Who Love Dogs – 50 Unique, Beautiful, and Creative Designs",Steve Thor,Paperback,"Dec 30, 2024",
0,https://www.amazon.com/dp/B0DRZVC6MZ,B0DRZVC6MZ,Dinosaur Word Search: Explore the Lost World with Prehistoric Puzzles and Fossilized Fun!: Dinosaur Word Search: Explore the Lost World with Prehistoric Puzzles and Fossilized Fun!,Hunter J Wordsworth,Paperback,"Dec 30, 2024",
0,https://www.amazon.com/dp/B0DRZTZ9VX,B0DRZTZ9VX,"2000+ Sudoku Puzzles Book with Complete Solutions Medium Level for Intermediates, Teens, Adults, Senior: Improve Your Logic and Problem-Solving Skills with Engaging Puzzles",Sudoku Mastermind,Paperback,"Dec 30, 2024",
0,https://www.amazon.com/dp/B0DRZH93YM,B0DRZH93YM,"300+ SUDOKU PUZZLE BOOK FOR ADULT: Sharpen Your Mind,To Solve One At A Time|The Path of Mental Mastery|A Mindful Journey",NUMAAN PRESS,Paperback,"Dec 30, 2024",
2,https://www.amazon.com/dp/B0DRZ39MKC,B0DRZ39MKC,A World Beneath the Waves: Ocean Animal Coloring Book: A Relaxing and Artistic Dive into Marine Life | Color the Creatures of the Ocean’s Depths ... Sea Life Designs (Animal Facts and Colors),Pip Artwell,Paperback,"Dec 30, 2024",
0,https://www.amazon.com/dp/B0DRYZML95,B0DRYZML95,PChem Notebook: Module 2. Postulates of Quantum Mechanics,Glenn Lo,Paperback,"Dec 30, 2024",
0,https://www.amazon.com/dp/B0DRYNJ43V,B0DRYNJ43V,Elstree Laboratories:: A remarkable history of scientific excellence (Colonial Edition),Dr Tim Sandle,Kindle,"Dec 30, 2024",
0,https://www.amazon.com/dp/B0DRYJN8CQ,B0DRYJN8CQ,The Sustainability Revolution,Adam Robeck,Kindle,"Dec 30, 2024",
0,https://www.amazon.com/dp/B0DRYFVDT4,B0DRYFVDT4,Bound but Unbroken: A Century of Policy Setbacks and Foreign Hands Regressing Ethiopia's Progress,Yohannes Mekonnen Shanka,Kindle,"Dec 30, 2024",
0,https://www.amazon.com/dp/B0DRY71G51,B0DRY71G51,PAIRED-DOMINATION In Neutrosophic SuperHyperGraphs,Dr. Henry Garrett,Kindle,"Dec 30, 2024",
0,https://www.amazon.com/dp/B0DRXY4QXN,B0DRXY4QXN,Geological Disasters: Handling with Latest Technologies,Rakesh Kumar,Kindle,"Dec 30, 2024",
0,https://www.amazon.com/dp/B0DRXL5DBX,B0DRXL5DBX,Introduction to Information Physics Understanding the Role of Information in the Universe,Eric Diel,Paperback,"Dec 30, 2024",
0,https://www.amazon.com/dp/B0DRX229YF,B0DRX229YF,Next-Generation Cellular Networks: Advanced Artificial Intelligence Strategies for Enabling Seamless Communication Solutions in Distributed Ledger Technology Applications,Nahash Melech,Paperback,"Dec 30, 2024",
0,https://www.amazon.com/dp/B0DRW68FT3,B0DRW68FT3,"""Math Challenge: Test Your Skills with Fun and Engaging Questions"": ""Dive into sections with 30 expertly crafted questions: 10 easy to warm up, 10 ... Complete with answers and explanations,",Mahi Publication,Paperback,"Dec 30, 2024",
2,https://www.amazon.com/dp/B0DRW57YXV,B0DRW57YXV,Home Grown Vegetables And Fruits The Miller Family Way,Mrs. Sally A. Miller,Paperback,"Dec 30, 2024",
0,https://www.amazon.com/dp/B0DRW4QMQ7,B0DRW4QMQ7,"""The Song of Physics: Harmonizing Science with Life"": ""Exploring the Beauty of Physics Through Examples and Engaging Instructions""",v s,Kindle,"Dec 30, 2024",
0,https://www.amazon.com/dp/B0DRW4HGBH,B0DRW4HGBH,"RED-FOOTED TORTOISE HANDBOOK: A comprehensive Guide to Care, Housing, Diet, and Health for Red-Footed Tortoise Owners",JAMES E. HEZEKIAH,Kindle,"Dec 30, 2024",
0,https://www.amazon.com/dp/B0DRW3QDVD,B0DRW3QDVD,Bob the Hamburger (Duck's Science),Sherry Lu,Paperback,"Dec 30, 2024",
1,https://www.amazon.com/dp/B0DRW1R65K,B0DRW1R65K,THE BIOGRAPHY OF AL-BIRUNI (973-1048): Master of a Thousand Arts: The Life of Medieval Islam's Greatest Scholar”,THANE ALRIC,Kindle,"Dec 30, 2024",
0,https://www.amazon.com/dp/B0DRW1Q167,B0DRW1Q167,The Future of Finance: How AI Will Revolutionize Your Job and Make You Obsolete,Hudson Budrick III,Kindle,"Dec 30, 2024",
0,https://www.amazon.com/dp/B0DRRQJ5B4,B0DRRQJ5B4,Shadowed Secrets: Groundhog Day Mysteries (Apophis Groundhog),Matthew Petchinsky,Kindle,"Dec 30, 2024",
0,https://www.amazon.com/dp/B0DR5VX52L,B0DR5VX52L,Crisis Without Borders: Advancing Cultural Competency In Disaster Management,"CBCP Brodrick Nettles, M.S., CEM",Kindle,"Dec 30, 2024",
0,https://www.amazon.com/dp/B0DS1Z4JJ2,B0DS1Z4JJ2,"Composition Notebook College Ruled: Vintage Botanical Bee Floral Illustration | Cute Aesthetic Bees Journal For School, College, Work, Office, And More... | Wide Lined",H.Z.R. Publisher,Paperback,"Dec 29, 2024",
1,https://www.amazon.com/dp/B0DRYVSN3B,B0DRYVSN3B,"Basic Math Workbook for Adults, Easy: 960 Equations, Extra Large Print, Add, Subtract, Multiply, Divide",Pat Gansen,Paperback,"Dec 29, 2024",
2,https://www.amazon.com/dp/B0DRYWYQHP,B0DRYWYQHP,"Wild Animals Coloring Book for Kids ages 8-12: Awesome Wildlife, Wild, and Beautiful Animals to Learn, Color, and Have Fun with Amazing Facts and Fun Jokes.",Alanna Rowse,Paperback,"Dec 29, 2024",
0,https://www.amazon.com/dp/B0DRVPZ8QQ,B0DRVPZ8QQ,Physical Chemistry: The Comprehensive Reference,Steven Johnson,Kindle,"Dec 29, 2024",
0,https://www.amazon.com/dp/B0DRZ33SYM,B0DRZ33SYM,The Philosophical-Theological Contributions of Hans Jonas: A Possible Enrichment for Christian Theology in Dialogue with Modern Natural Science,Dr Luca Settimo,Paperback,"Dec 29, 2024",
0,https://www.amazon.com/dp/B0DRTYXK2T,B0DRTYXK2T,THE HOUSEPLANT MASTERY HANDBOOK: THE EXPERT GUIDE TO GROWING SUSTAINABLE AND THRIVING INDOOR PLANTS AND CREATING A BEAUTIFUL HOME,Dr. Richard Trent,Kindle,"Dec 29, 2024",
1,https://www.amazon.com/dp/B0DSVNHYZ8,B0DSVNHYZ8,"Color by Number Books For Girls: 50 Cute Coloring Designs Including Mermaids, Unicorns, Princesses & More!",Elementary Island,Paperback,"Dec 29, 2024",
0,https://www.amazon.com/dp/B0DRY4HTJ1,B0DRY4HTJ1,Number Fill In Puzzles: A Fill It In Cross Numbers Puzzle Book with a Starter Number for Adults and Teens,Vidya Eshwar,Paperback,"Dec 29, 2024",
0,https://www.amazon.com/dp/B0DS242DQF,B0DS242DQF,"Beekeeping Log Book: Beehive Inspection, Maintenance, and Planner for Beekeepers: A Comprehensive Journal For Beekeepers By Beekeepers",J  C Wheatley,Paperback,"Dec 29, 2024",
0,https://www.amazon.com/dp/B0DRYX9F9S,B0DRYX9F9S,BEYOND THE STARS: UFOs AND EXTRATERRESTRIAL LIFE,Dr Nijad Ishak,Kindle,"Dec 29, 2024",
1,https://www.amazon.com/dp/B0DRVSHTJ2,B0DRVSHTJ2,"Joshua Tree Park Paranormal Mysteries: UFOS, Time Slips, Cryptids",Katherine Fletcher,Kindle,"Dec 29, 2024",
0,https://www.amazon.com/dp/B0DRTYWH6S,B0DRTYWH6S,THE PERU SPECIES DISCOVERY: What to know about the 27 New Species in Peru’s Alto Mayo Region,JAMES  D JOHN,Hardcover,"Dec 29, 2024",
0,https://www.amazon.com/dp/B0DS1XC37K,B0DS1XC37K,"Colorful Fractal Journal: Lined 8.5x11 Notebook, 120 Pages, Soft Cover: Dynamic Abstract Patterns to Spark Creativity and Organize Your Thoughts",Blossom Serenity,Paperback,"Dec 29, 2024",
0,https://www.amazon.com/dp/B0DS1YCXQM,B0DS1YCXQM,1299 Sudoku Puzzles: From Easy to Hard - Newest Edition for Adults: The Ultimate Sudoku Challenge Book - from Beginner to Expert,Brain Boost Studio,Paperback,"Dec 29, 2024",
0,https://www.amazon.com/dp/B0DRVTX6YM,B0DRVTX6YM,Kepler 62 Experiment : The Future of Consumer Electronics - Volume 2 (Kepler 62 Experiment Presents: The Future of Consumer Electronics Series),Michael  Ross Catania,Kindle,"Dec 29, 2024",
1,https://www.amazon.com/dp/B0DS6DS5F2,B0DS6DS5F2,Sleep Strategies: 5 Steps to Sleep Better and Master Your Sleep Hygiene,Edwin Gall,Kindle,"Dec 29, 2024",
4,https://www.amazon.com/dp/B0DRZ51GFR,B0DRZ51GFR,AI Queries for Beginners,William Rhea,Kindle,"Dec 29, 2024",
0,https://www.amazon.com/dp/B0DRTGRHXR,B0DRTGRHXR,A Secret of the Apocalypse (Secrets of Prophets and Sages),L. A. Braun,Kindle,"Dec 29, 2024",
0,https://www.amazon.com/dp/B0DS9VBN13,B0DS9VBN13,"Mathematical Tricks That will make you master in Maths: ""Unlocking the Secrets to Quick Calculations and Problem-Solving Mastery""",MUHAMMED SABIQ,Kindle,"Dec 29, 2024",
0,https://www.amazon.com/dp/B0DS5FBVMJ,B0DS5FBVMJ,CMVR-PWM technique with optimized switching losses for 3 phase VSI,Amit Ved,Paperback,"Dec 29, 2024",
0,https://www.amazon.com/dp/B0DS2P5D94,B0DS2P5D94,"Laboratory Notebook for Research and Science Student:: cute, science, students, femine",Niedzwiedz,Paperback,"Dec 29, 2024",
1,https://www.amazon.com/dp/B0DS28H8N2,B0DS28H8N2,"I am the Rose and The Thorn - Rose Notebook / Journal, 121 Pages; by: Blue Pixie Creations",Blue Pixie,Paperback,"Dec 29, 2024",
0,https://www.amazon.com/dp/B0DS27XJPC,B0DS27XJPC,"Multicolor notebook: simple minimalist notebook, exercise book, for boys and girls,for everyone, for adults, for students",Burgundy garden Burgundy garden,Paperback,"Dec 29, 2024",
0,https://www.amazon.com/dp/B0DS272TPT,B0DS272TPT,"Graph Paper Notebook: Grid Paper for Math and Science, 5 x 5 Squares, Ideal for Precision Drawings, Graphs, and Diagrams",Toby Motley,Paperback,"Dec 29, 2024",
0,https://www.amazon.com/dp/B0DS26X3GG,B0DS26X3GG,"Starry Night Astronomy Composition Notebook | 6""x9"" Celestial Constellation Journal |120 Pages: College ruled lined | CREAM PAPER | for Astronomy Lovers & Note Taking",Cosmic Ink,Paperback,"Dec 29, 2024",
0,https://www.amazon.com/dp/B0DS24M5FT,B0DS24M5FT,"Antique Telescope | Astrology Composition Notebook | 120 pages: Lined ruled | Cream Paper| 6""x9"" Astronomy Journal, School. Writing, Journaling",Cosmic Ink,Paperback,"Dec 29, 2024",
0,https://www.amazon.com/dp/B0DS244M9Q,B0DS244M9Q,"Antique Celestial Sphere Composition Notebook | 6""x9""| Vintage Astronomy Journal, 120 Pages: College lined ruled | CREAM PAPER | notes for work, school, creative writing",Cosmic Ink,Paperback,"Dec 29, 2024",
0,https://www.amazon.com/dp/B0DS241T7B,B0DS241T7B,"Misty Landscapes Colored Graph Paper Notebook: Decorative Squared Paper Notepad With Scenic Backgrounds For Math Projects, Games, Scrapbooking, Paper Crafts",Pink Nebula,Paperback,"Dec 29, 2024",
0,https://www.amazon.com/dp/B0DS23YTK1,B0DS23YTK1,Golden Celestial Design for Spiritual & Creative Writing | Astrology Composition College Notebook: 120 lined ruled pages | CREAM PAPER | school | work | science,Cosmic Ink,Paperback,"Dec 29, 2024",
0,https://www.amazon.com/dp/B0DS2387X6,B0DS2387X6,Brown Bear Cub in Sedge Grass Meadow Journal: a GRAPH notebook for self-expression,JumpJammies Journals,Hardcover,"Dec 29, 2024",
0,https://www.amazon.com/dp/B0DS233ZJ1,B0DS233ZJ1,"Graph Paper Notebook: Grid Paper for Math and Science, 5 x 5 Squares, Ideal for Precision Drawings, Graphs, and Diagrams",Toby Motley,Paperback,"Dec 29, 2024",
0,https://www.amazon.com/dp/B0DS22XF4X,B0DS22XF4X,"Vintage Compass Notebook| 6""x9"" | Nautical Astronomy Notebook | 120 Pages: CREAM PAPER | College lined ruled | Antique Gold Design | for creative notes, journaling",Cosmic Ink,Paperback,"Dec 29, 2024",
0,https://www.amazon.com/dp/B0DS226BL2,B0DS226BL2,"Moon Phases | Celestial Lunar Design for Astronomy | Composition Notebook 120 lined pages: College Ruled | CREAM PAPER | Writing, Journaling, School, Work, Perfect Gift",Cosmic Ink,Paperback,"Dec 29, 2024",
0,https://www.amazon.com/dp/B0DS223PX3,B0DS223PX3,"Composition Notebook College Ruled: Fossil Plants Vintage Prehistoric Illustration | Cute Paleontology Journal For School, College, Work, Office, And More... | Wide Lined",H.Z.R. Publisher,Paperback,"Dec 29, 2024",
0,https://www.amazon.com/dp/B0DS221V69,B0DS221V69,"Every small step forward is progress, no matter how slow.",Sahil bector,Paperback,"Dec 29, 2024",
0,https://www.amazon.com/dp/B0DS21HFWV,B0DS21HFWV,"Mountain Notebook | Verais Notes | Composition Lined Ruled Journal: 120 college cream pages | for writing, for school, for creative ideas, for book lovers",Cosmic Ink,Paperback,"Dec 29, 2024",
0,https://www.amazon.com/dp/B0DS211J7C,B0DS211J7C,"Golden Eye Composition Constellation Notebook | 120 lined college ruled pages: CREAM PAPER | Elegant Celestial Design for Students, Writers, & Journaling",Cosmic Ink,Paperback,"Dec 29, 2024",
0,https://www.amazon.com/dp/B0DS2116BS,B0DS2116BS,Brown Bear Cub in Sedge Grass Meadow Journal: a LINED notebook for self-expression,JumpJammies Journals,Hardcover,"Dec 29, 2024",
0,https://www.amazon.com/dp/B0DS1Z9QGC,B0DS1Z9QGC,"Golden Astrological Symbols Notebook:| 8"" x 10"" College Ruled Journal | 120 Pages: Mystical Celestial Design | Notes for work| school | CREAM PAPER | zodiac signs",Cosmic Ink,Paperback,"Dec 29, 2024",
0,https://www.amazon.com/dp/B0DS1Z4HW1,B0DS1Z4HW1,"Blue and Gold Fractal Graph Notebook: 8.5x11 Grid Paper, 120 Pages, Soft Cover: Elegant Fractal Patterns for Precision Drawing and Creative Planning",Blossom Serenity,Paperback,"Dec 29, 2024",
0,https://www.amazon.com/dp/B0DS1Z1LRG,B0DS1Z1LRG,"Black and Gold Fractal Hex Journal: 8.5x11 Hex Grid Notebook, 120 Pages, Soft Cover: Sophisticated Geometric Design for Creative Mapping and Innovative Projects",Blossom Serenity,Paperback,"Dec 29, 2024",
0,https://www.amazon.com/dp/B0DS1XG212,B0DS1XG212,Mountain | Stars Composition Notebook | College Ruled: 120 lined pages | for acotar lovers | writing | study,Cosmic Ink,Paperback,"Dec 29, 2024",
0,https://www.amazon.com/dp/B0DS1XBDWN,B0DS1XBDWN,"Minimalist Star Constellation | Composition Notebook | College Ruled: 120 lined pages | for work | for school | ote-taking, and creative writing",Cosmic Ink,Paperback,"Dec 29, 2024",
0,https://www.amazon.com/dp/B0DS1X639B,B0DS1X639B,"Celestial Zodiac Notebook: Mystical Astronomy Design | 120 Pages | College Ruled: Lined pages | Ideal for journaling, note-taking, and creative projects",Cosmic Ink,Paperback,"Dec 29, 2024",
0,https://www.amazon.com/dp/B0DS1WHZ6B,B0DS1WHZ6B,Antique Composition Notebook |Celestial Design: 120 college lined ruled pages | for Journaling & Note Taking,Cosmic Ink,Paperback,"Dec 29, 2024",
0,https://www.amazon.com/dp/B0DS1WDBFP,B0DS1WDBFP,"Moon Phase Composition Notebook | Astronomy Design | 120 lined pages: College ruled | Perfect for lunar studies, journaling, and creative writing",Cosmic Ink,Paperback,"Dec 29, 2024",
0,https://www.amazon.com/dp/B0DS1W4CQV,B0DS1W4CQV,"Notebook with the zodiac sign Scorpio: Planner, general, jurnal",elinazyrek elinazyrek,Paperback,"Dec 29, 2024",
0,https://www.amazon.com/dp/B0DS1VSBS4,B0DS1VSBS4,"Composition Lined Astrology Notebook | 120 college ruled pages: perfect for work, school, sciene, creative writing, journaling",Cosmic Ink,Paperback,"Dec 29, 2024",
0,https://www.amazon.com/dp/B0DS1VGXWY,B0DS1VGXWY,"Composition Astrology College Lined Notebook | 120 pages: Perfect Gift, for Work, School, Creative writing, Journaling, Science",Cosmic Ink,Paperback,"Dec 29, 2024",
0,https://www.amazon.com/dp/B0DS1TY72R,B0DS1TY72R,"Astrology Lined Tarot Composition Notebook, Golden Styled Cover: 120 college lined ruled pages, creative writing, school notes, work gift",Cosmic Ink,Paperback,"Dec 29, 2024",
0,https://www.amazon.com/dp/B0DS1TFVKV,B0DS1TFVKV,"Astronimical Notes in Composition College Ruled Notebook: 120 lined pages | for work, science, school| creative writing",Cosmic Ink,Paperback,"Dec 29, 2024",
0,https://www.amazon.com/dp/B0DS1T9C9P,B0DS1T9C9P,"Tarot Styled Cover, Composition Lined Astrology Notebook, Perfect Gift: 120 college ruled pages, notes for school, work, writing",Cosmic Ink,Paperback,"Dec 29, 2024",
0,https://www.amazon.com/dp/B0DS1RQTQW,B0DS1RQTQW,"Celestial Composition Lined Notebook, Astrology themed, Perfect Gift, Journal for school, work: 120 college ruled pages, stargazing notes, daily journaling",Cosmic Ink,Paperback,"Dec 29, 2024",
0,https://www.amazon.com/dp/B0DS1RLX1N,B0DS1RLX1N,"Universal Perspectives, Celestial Notes, Composition Notebook for school, work, science: 120 college ruled pages, daily journaling, creative writing, golden sun cover",Cosmic Ink,Paperback,"Dec 29, 2024",
0,https://www.amazon.com/dp/B0DS1RCVLX,B0DS1RCVLX,"Astrology Lined Composition Notebook, Moon Tringle, perfect notes for school, work: 120 college ruled pages, perfect gift, journaling, writing, study",Cosmic Ink,Paperback,"Dec 29, 2024",
0,https://www.amazon.com/dp/B0DS1QYX1Z,B0DS1QYX1Z,"FLOWERS DISTORTION EFFECT: journal, lined, 120 pages, 6x9 inches, matte finish cover, notebook, diary gift, no bleed",ONSTROPHE JOURNALS,Paperback,"Dec 29, 2024",
0,https://www.amazon.com/dp/B0DS1QRYM8,B0DS1QRYM8,"Cut-out & Collage Book Vintage Mushrooms: Over 500 stunning illustrations for creatives, including downloads.",Amanda Lilae,Paperback,"Dec 29, 2024",
0,https://www.amazon.com/dp/B0DS1Q35DT,B0DS1Q35DT,"Graph Paper Notebook: Grid Paper for Math and Science, 5 x 5 Squares, Ideal for Precision Drawings, Graphs, and Diagrams",Toby Motley,Paperback,"Dec 29, 2024",
0,https://www.amazon.com/dp/B0DS12DMHR,B0DS12DMHR,"Vintage Industrial Spotlight: A 7x10 Wide-Ruled Notebook for Creative Thinkers: A Classic Retro Design Journal with Wide-Ruled Paper, Perfect for Writing, Journaling, and Planning",Ralph Webber Publishing,Hardcover,"Dec 29, 2024",
0,https://www.amazon.com/dp/B0DRZSQNJF,B0DRZSQNJF,"Positive affirmation notebook cover: 8.5×11 in, 120 pages, matte:: For gift, productivity, goal setting, schedule, logbook, journal and more, college ruled",Peace  Work Press,Paperback,"Dec 29, 2024",
0,https://www.amazon.com/dp/B0DRZSGNGT,B0DRZSGNGT,"Whitney: Personalized To Do List Notepad with Elegant Floral Design Cover. 120 Pages of Practicality and Charm. The Perfect Whitney Name Gift, Lined ... Goals. Enhance Your Efficiency and Style",Eleanor Rosewood,Paperback,"Dec 29, 2024",
0,https://www.amazon.com/dp/B0DRZSBLG1,B0DRZSBLG1,"Willow: Personalized To Do List Notepad with Elegant Floral Design Cover. 120 Pages of Practicality and Charm. The Perfect Willow Name Gift, Lined ... Goals. Enhance Your Efficiency and Style",Eleanor Rosewood,Paperback,"Dec 29, 2024",
0,https://www.amazon.com/dp/B0DRZR6CXR,B0DRZR6CXR,"Positive affirmation notebook cover: 8.5×11 in, 120 pages, matte:: For gift, productivity, goal setting, schedule, logbook, journal and more, college ruled",Peace  Work Press,Paperback,"Dec 29, 2024",
0,https://www.amazon.com/dp/B0DRZNP695,B0DRZNP695,"Viviana: Personalized To Do List Notepad with Elegant Floral Design Cover. 120 Pages of Practicality and Charm. The Perfect Viviana Name Gift, Lined ... Goals. Enhance Your Efficiency and Style",Eleanor Rosewood,Paperback,"Dec 29, 2024",
0,https://www.amazon.com/dp/B0DRZ75B74,B0DRZ75B74,320 Sudoku Puzzles: All Levels + Solutions + Bonus Content,Vladyslava Sushko,Paperback,"Dec 29, 2024",
0,https://www.amazon.com/dp/B0DRYZ37HF,B0DRYZ37HF,"Activity Book for Bored Kids: Perfect for Kids Aged 6-12 | Hours of Entertainment with Mazes, Word Searches, Sudoku and More!",Peter Scarfo,Paperback,"Dec 29, 2024",
0,https://www.amazon.com/dp/B0DRYY1WB9,B0DRYY1WB9,Vegetables of the Garden: Includes Interesting Facts about Each Plant - Suitable for Children 10+ and Adults,Lorna Whitney,Paperback,"Dec 29, 2024",
0,https://www.amazon.com/dp/B0DRYXQLR6,B0DRYXQLR6,Underwater Escape: A Relaxing Ocean Coloring Book for Adults and Teens,SMILOS,Paperback,"Dec 29, 2024",
0,https://www.amazon.com/dp/B0DRYX93VB,B0DRYX93VB,Times Tables Colouring Book: A more engaging way to learn maths (Times & Rhymes),M Wozniak,Paperback,"Dec 29, 2024",
0,https://www.amazon.com/dp/B0DRYX7HZW,B0DRYX7HZW,PULSE WIDTH MODULATION OF DUAL ACTIVE BRIDGE CONVERTER FOR EV CHARGING APPLICATIONS,Amit Ved,Kindle,"Dec 29, 2024",
0,https://www.amazon.com/dp/B0DRYWN8M1,B0DRYWN8M1,Space Word Search: Blast Off Into the Universe with Over 50 Stellar Puzzles!: Blast Off Into the Universe with Over 50Stellar Puzzles! Explore ... While Sharpening Your Mind and Having Fun!,Hunter J Wordsworth,Paperback,"Dec 29, 2024",
0,https://www.amazon.com/dp/B0DRYWCM89,B0DRYWCM89,PChem Notebook: Module 1. Experiments that led to quantum mechanics,Glenn Lo,Paperback,"Dec 29, 2024",
0,https://www.amazon.com/dp/B0DRYRSWJ2,B0DRYRSWJ2,"SUDOKU 1000+ PUZZLE BOOK: EYE FRIENDLY EASY TO HARD SUDOKU PUZZLES | 8.5 x 11 inches, 92 pages | ...GREAT FOR ADULTS, SENIORS, TEENS, VACATIONS, BIRTHDAYS, PUZZLE LOVERS OR FOR YOURSELF",Simplistic Press,Paperback,"Dec 29, 2024",
0,https://www.amazon.com/dp/B0DRYQLTTT,B0DRYQLTTT,1000 Extreme Sudoku: test your wits with this fantastic brain teaser puzzle book,Paul dick,Paperback,"Dec 29, 2024",
0,https://www.amazon.com/dp/B0DRYKFK9M,B0DRYKFK9M,EXQUISTE INSECTS: OR BEAUTIFUL PESTS,deb rawley,Paperback,"Dec 29, 2024",
5,https://www.amazon.com/dp/B0DRYJS9BG,B0DRYJS9BG,The Naked Forager,Colin Unsworth,Kindle,"Dec 29, 2024",
0,https://www.amazon.com/dp/B0DRY19NRL,B0DRY19NRL,Sudoku puzzle book: +85 Big & Bold Puzzles | Hard Level: One Puzzle Per Page for Easy Solving with Answers in the Back | For All Ages,Studio FRANK,Paperback,"Dec 29, 2024",
0,https://www.amazon.com/dp/B0DRY13Z1Z,B0DRY13Z1Z,Sudoku 2025 Page A Day: 365 Sudoku Puzzles for Adults – A Large Print Page-A-Day / Easy to Hard,activity book,Paperback,"Dec 29, 2024",
0,https://www.amazon.com/dp/B0DRXVSN3R,B0DRXVSN3R,Fractal Animals: Adult First Go,ScaLoo,Paperback,"Dec 29, 2024",
0,https://www.amazon.com/dp/B0DRXQ2K7Z,B0DRXQ2K7Z,"1000+ Sudoku Puzzles for Adults: Over 1000 Sudoku Puzzles with Solutions | Easy, Medium, and Hard Levels for All Ages | A Brain-Boosting Activity for Relaxation and Fun",Kazi Hosain,Paperback,"Dec 29, 2024",
0,https://www.amazon.com/dp/B0DRXFTMXV,B0DRXFTMXV,Giraffe Mandala Coloring Book: A Relaxing Journey Through Art and Creativity: Whimsical and Intricate Designs for Stress Relief and Relaxation,Steve Thor,Paperback,"Dec 29, 2024",
0,https://www.amazon.com/dp/B0DRWQJ446,B0DRWQJ446,"Sudoku: A Dog Lovers Valentine: Featuring 150 Dog-Themed Valentines Puzzles, With 3 Levels of Difficulty and Solutions to Challenge Your Mind (Dog Lover Fun)",M.B. Books,Paperback,"Dec 29, 2024",
1,https://www.amazon.com/dp/B0DRWQ9XYP,B0DRWQ9XYP,BLACK HOLE: Exploring The Mysteries,Mr. Amazir Amanath,Kindle,"Dec 29, 2024",
4,https://www.amazon.com/dp/B0DRWKL79Z,B0DRWKL79Z,"250+ Sudoku Puzzles for Adults: Easy, Medium, Hard & Expert Sudoku Puzzles with Solutions for Adults | 8.5x11-inches, 128 Pages | Gift for Vacations, Holidays and Free Times",Serenity Publishing DB,Paperback,"Dec 29, 2024",
0,https://www.amazon.com/dp/B0DRWDLYK6,B0DRWDLYK6,Ocean Alphabet Adventures: A to Z Sea Life Coloring Book for Kids: 48 Fun-Filled Pages of Marine Animals and Underwater Wonders to Color!,Fernanda Bernardo,Paperback,"Dec 29, 2024",
0,https://www.amazon.com/dp/B0DRW5NVFL,B0DRW5NVFL,Homophonic Prepper-Primes-Puzzles: Patch 930,Francis Gurtowski,Paperback,"Dec 29, 2024",
0,https://www.amazon.com/dp/B0DRW5G2CY,B0DRW5G2CY,"Awaken Now: The Resonate Universe Unlocking the Vibrational Secrets of Reality-Exploring Energy, Consciousness, Sacred Geometry, and the Unified Field",Michael A. Hardin,Kindle,"Dec 29, 2024",
0,https://www.amazon.com/dp/B0DRW4XT5W,B0DRW4XT5W,Find the Bomb: 100 Fun and Stimulating Math Logic Puzzles for All Ages,Little Earl Oakerson,Paperback,"Dec 29, 2024",
0,https://www.amazon.com/dp/B0DRW4K1RY,B0DRW4K1RY,Homophonic Prepper-Primes-Puzzles: Patch 929,Francis Gurtowski,Paperback,"Dec 29, 2024",
0,https://www.amazon.com/dp/B0DRW319K4,B0DRW319K4,Homophonic Prepper-Primes-Puzzles: Patch 931,Francis Gurtowski,Paperback,"Dec 29, 2024",
0,https://www.amazon.com/dp/B0DRVQN1D7,B0DRVQN1D7,Who We Are: Uniting Science and Spirituality to Understand Human Nature and the Mystery of the Universe: Uniting Science and Spirituality to Transform Your Life and Unlock New Realms of Awareness,VICTOR DEVLIN,Kindle,"Dec 29, 2024",
1,https://www.amazon.com/dp/B0DRVH1NLQ,B0DRVH1NLQ,Symbolic Astronomy,Mackenzie Muileboom,Kindle,"Dec 29, 2024",
0,https://www.amazon.com/dp/B0DRV9ZPRG,B0DRV9ZPRG,Cosmic Connections: A Grand Tour of Existence,Tony Hicks,Kindle,"Dec 29, 2024",
0,https://www.amazon.com/dp/B0DRV6FSQY,B0DRV6FSQY,Picture Book of Flamingo Birds: Photography Coffee Table Book,Anna Cruz,Paperback,"Dec 29, 2024",
0,https://www.amazon.com/dp/B0DRV5FZF3,B0DRV5FZF3,"Random facts for adults: Bizarre truths, unbelievable phenomena and crazy facts - the book for curious minds and smart alecks",Mia Mirillia,Kindle,"Dec 29, 2024",
0,https://www.amazon.com/dp/B0DRV52BF6,B0DRV52BF6,"Mastering Advanced FUNCTIONS. A comprehensive Guide for High School Success: Functions Quadratics, limits, Trigonometry, Convexity, Exponentials, Logarithms, Differentiation, Continuity.",Franck Toubalem,Paperback,"Dec 29, 2024",
0,https://www.amazon.com/dp/B0DRV3CXSX,B0DRV3CXSX,Modern Leadership,Hossain KA PhD,Kindle,"Dec 29, 2024",
0,https://www.amazon.com/dp/B0DRTZ15GS,B0DRTZ15GS,Future Spacecraft Nested Safety Design Frameworks (Aviation Security and Safety),Jamil Eugene Brown,Kindle,"Dec 29, 2024",
0,https://www.amazon.com/dp/B0DRTXBS3T,B0DRTXBS3T,"The Depths of Personality: On the Mental Phenomena in Scientific, Religious and Social Spheres (Fontes Historiarum)",Dr. Konstantin Gennadievich Volkodav,Paperback,"Dec 29, 2024",
0,https://www.amazon.com/dp/B0DRTJP38H,B0DRTJP38H,Rob's micro world trivia challenge: 400 Questions in 20 quizzes to test your knowledge of our microscopic world (Robs Trivia Challenges),R.F.W. Bobb,Kindle,"Dec 29, 2024",
0,https://www.amazon.com/dp/B0DRTHV5H6,B0DRTHV5H6,Journey from Superstition To Modern Science,SURYAMANI MISHRA,Kindle,"Dec 29, 2024",
0,https://www.amazon.com/dp/B0DRTG1X5X,B0DRTG1X5X,"The book of Time - A Path to Wisdom: (Entropy, Consciousness, and Unified Physics: Bridging Quantum Mechanics, Thermodynamics, and Relativity) (The Empyrean Church of EL)",Dr. Erick Nyevz,Paperback,"Dec 29, 2024",
0,https://www.amazon.com/dp/B0DRTFRW3L,B0DRTFRW3L,"""Quantum Quizzes: Test Your Physics Knowledge"": ""Dive into sections with 30 expertly crafted questions: 10 easy to warm up, 10 medium to test your ... Complete with answers and explanations",Mahi Publication,Paperback,"Dec 29, 2024",
0,https://www.amazon.com/dp/B0DRTFG439,B0DRTFG439,"Beyond the Quantum Horizon: Dialogues on Existence: Author of Embracing the Inevitability, Empty Riches, and the Another Perspective series",Martin C Jarvis MBA,Kindle,"Dec 29, 2024",
0,https://www.amazon.com/dp/B0DRTF59KX,B0DRTF59KX,General Zero Gravity Theory,Mr. F. Javier Cuesta Gutierrez,Kindle,"Dec 29, 2024",
0,https://www.amazon.com/dp/B0DRTDJ8K7,B0DRTDJ8K7,Sunset Series: Vacuum,Emery Sunset,Hardcover,"Dec 29, 2024",
0,https://www.amazon.com/dp/B0DQ4G4V7G,B0DQ4G4V7G,Large Print Number Search Puzzle Book For Seniors: Perfect for Seniors with Easy-to-Read Large Print and Fun Puzzles,Meghan Mertz,Paperback,"Dec 29, 2024",
0,https://www.amazon.com/dp/B0GWHWQK3V,B0GWHWQK3V,"Urban Survival For Families: The F.A.M.I.L.Y. System for Emergency Preparedness — A Bug-In & Bug-Out Guide to Protect Children, Support Seniors and ... Shelter-in-Place Plans for Any Urban Crisis",Mark Reddinger,Paperback,"Apr 7, 2026",
0,https://www.amazon.com/dp/B0DRT7VDLN,B0DRT7VDLN,Respiratory System: Anatomy and Physiology Simple Systems,Prof Marilyn Myers,Kindle,"Dec 28, 2024",
0,https://www.amazon.com/dp/B0DS13D4SZ,B0DS13D4SZ,Bird Watching Journal: Perfect Birdwatching Log Book and Notebook for Bird Watchers & Birders to Track and Record Sightings,Ruxy Amelis,Paperback,"Dec 28, 2024",
0,https://www.amazon.com/dp/B0DRTBNC5Z,B0DRTBNC5Z,The Forest's Internet: Decoding the Mycorrhizal Network,Lucy Jane Powers,Kindle,"Dec 28, 2024",
0,https://www.amazon.com/dp/B0DRT42ZQJ,B0DRT42ZQJ,Algae Gator III: The Hatchling (The River Series),Dale Swimer,Paperback,"Dec 28, 2024",
0,https://www.amazon.com/dp/B0G4LD79XW,B0G4LD79XW,Celebrity Word Scramble At the Zoo! 2nd Edition,Bill Maier,Paperback,"Dec 28, 2024",
2,https://www.amazon.com/dp/B0DRSRJX35,B0DRSRJX35,"Buddhism and Quantum Theory: Impermanence, the nature of reality, consciousness and observation, interconnectedness. All the surprising similarities. ... Texts by Bruno Del Medico in English. (ING))",Bruno Del Medico,Kindle,"Dec 28, 2024",
0,https://www.amazon.com/dp/B0DRW2S73P,B0DRW2S73P,The Solution: to Society’s Imbalance with Nature,Dayananda Dasa,Kindle,"Dec 28, 2024",
1,https://www.amazon.com/dp/B0DRSS1SJR,B0DRSS1SJR,Introduction to Ion Trapping: Paul and Penning Traps,John Smith,Kindle,"Dec 28, 2024",
1,https://www.amazon.com/dp/B0DRSNV2FH,B0DRSNV2FH,The Psilocybin Strain Bible,Jon Allen Stamets,Paperback,"Dec 28, 2024",
0,https://www.amazon.com/dp/B0DRT7RSJS,B0DRT7RSJS,The World's Greatest Volcanoes,Dr Alex Bugeja,Kindle,"Dec 28, 2024",
0,https://www.amazon.com/dp/B0DS21TV4G,B0DS21TV4G,Sonic Roots: The Hidden Power of Sound in Plant Growth,Jeevan Kumar Gullari,Kindle,"Dec 28, 2024",
3,https://www.amazon.com/dp/B0DRSPJWQP,B0DRSPJWQP,Symphony of Life: How Human DNA Plays Like Music,Scott Perdue,Kindle,"Dec 28, 2024",
4,https://www.amazon.com/dp/B0DRT85DH4,B0DRT85DH4,A Simple Summary of The Black Death (RedBeach - History),RedBeach Books,Kindle,"Dec 28, 2024",
2,https://www.amazon.com/dp/B0DRT3PNBR,B0DRT3PNBR,HOW ARE MICROCHIPS MADE?: A Storytelling Guide to the Science Behind ICs Manufacturing (Intriguing Tech Stories),Joe E. Grayson,Kindle,"Dec 28, 2024",
0,https://www.amazon.com/dp/B0DRYY34KW,B0DRYY34KW,Timber Tempo: Project Flow in Forestry,Dr. Steven Bick,Kindle,"Dec 28, 2024",
0,https://www.amazon.com/dp/B0F5HF59Q8,B0F5HF59Q8,Mathematical Foundations of Artificial Intelligence: From Logic to Learning,Yang Liu,Paperback,"Dec 28, 2024",
1,https://www.amazon.com/dp/B0DRXYHY61,B0DRXYHY61,"My Appaloosa, a special American Horse: 40 designs to color",Valérie Ozanon,Paperback,"Dec 28, 2024",
0,https://www.amazon.com/dp/B0DRTBR1MW,B0DRTBR1MW,"Anatomy Word Search Puzzles: Exploring the Wonders of the Human Body, A Fun Puzzle Book for Adults - KWorldPuzzleGroup: Dive into the fascinating ... designed for adults who love a challenge.",KWorldPuzzleGroup Korn Publishing,Paperback,"Dec 28, 2024",
0,https://www.amazon.com/dp/B0DRWFQ9G9,B0DRWFQ9G9,Emerging Technologies in Oil and Gas Industry,Matthew Sadiku,Hardcover,"Dec 28, 2024",
0,https://www.amazon.com/dp/B0DRVMN2MZ,B0DRVMN2MZ,The Amber Room,CMM Waterstone-Hillier,Kindle,"Dec 28, 2024",
0,https://www.amazon.com/dp/B0DRT7ZH4T,B0DRT7ZH4T,The Causes of Climate Change and the Solutions to Challenges: The author regards the earth as a home to humanity. He performed earth temperature calculations to find the causes & solutions.,Prof Weihai Wayne Xue P. Eng,Kindle,"Dec 28, 2024",
0,https://www.amazon.com/dp/B0DRSSXFKS,B0DRSSXFKS,Infinite Mysteries Of COSMOS,SURYAMANI MISHRA,Kindle,"Dec 28, 2024",
0,https://www.amazon.com/dp/B0GNZPVZYH,B0GNZPVZYH,Botanical Word Search: Nature-Inspired Puzzles and Facts on Every Page,Maglic Books,Paperback,"Dec 28, 2024",
3,https://www.amazon.com/dp/B0DVLDBJ4L,B0DVLDBJ4L,Understanding the Properties and Behavior of the COSMOS: A Historical Perspective,M Sc M Eng Don Hainesworth,Hardcover,"Dec 28, 2024",
0,https://www.amazon.com/dp/B0DSLK1NZS,B0DSLK1NZS,Fractal Worldspace - the idea store: Notebook . Diary . Collegebook,Emma Rabe,Paperback,"Dec 28, 2024",
0,https://www.amazon.com/dp/B0DSFNXTBF,B0DSFNXTBF,"2025 Weekly/Monthly Engagement Planner 8.5 x 11 Mushroom Themed: 12- month, January - December Dated Weekly/Monthly/Yearly Calendar With Bonus Goals, ... Monthly/Yearly Reflection, Vision Board Pages",AJ Kikumoto,Paperback,"Dec 28, 2024",
0,https://www.amazon.com/dp/B0DS9M5KQW,B0DS9M5KQW,"INFINITE COSMOS, endless inspiration flows: Cosmos: a story waiting to be told",IND LIBRARY,Paperback,"Dec 28, 2024",
0,https://www.amazon.com/dp/B0DS78CH5Y,B0DS78CH5Y,AI Meets Quantum: Synergies and Future Applications,Najeed Khan,Kindle,"Dec 28, 2024",
0,https://www.amazon.com/dp/B0DS75BH7C,B0DS75BH7C,Quantum Solutions: Practical Applications across Industries,Najeed Khan,Kindle,"Dec 28, 2024",
0,https://www.amazon.com/dp/B0DS6DFM4B,B0DS6DFM4B,"How to Train, Tend, and Trust Your Robot Companion: Harmony at Home",Ricky Guiterrez,Paperback,"Dec 28, 2024",
0,https://www.amazon.com/dp/B0DS2WFD7P,B0DS2WFD7P,The Synaptic Archive: Decoding the Grid of Past Experiences in Present Minds,Milo Law,Paperback,"Dec 28, 2024",
0,https://www.amazon.com/dp/B0DS1ZW63N,B0DS1ZW63N,"Flowers and Butterflies Coloring Book: Simple and Easy, Cozy Flowers Coloring Book. Easy to Color for Adults and Teens Relaxation.",Michaela Stratton,Paperback,"Dec 28, 2024",
0,https://www.amazon.com/dp/B0DS1S6LRJ,B0DS1S6LRJ,StarShip Notebook: A Notebook for Space Enthusiasts: Ignite Your Creativity and Explore the Universe Through Writing,Roseanne Jaesan,Paperback,"Dec 28, 2024",
0,https://www.amazon.com/dp/B0DRZNG47N,B0DRZNG47N,"Zodiac Sign Cover, Astrology Composition Lined Notebook, Perfect Gift: 120 college ruled pages, for work, school, stargazing notes",Cosmic Ink,Paperback,"Dec 28, 2024",
0,https://www.amazon.com/dp/B0DRZNDPHJ,B0DRZNDPHJ,Chemistry Notebook: Organized Note-Taking for Science Students: Jot Down What You Know – and Explore What You Don’t- 120 Lined Pages,A1 Essentials,Paperback,"Dec 28, 2024",
0,https://www.amazon.com/dp/B0DRZNBNKS,B0DRZNBNKS,"Astrological composition notebook, astral elegance, great for your thoughts: 120 college lined ruled pages, notes for work, school, gift",Cosmic Ink,Paperback,"Dec 28, 2024",
0,https://www.amazon.com/dp/B0DRZN17FV,B0DRZN17FV,"Composition Notebook College Ruled, Science Astronomy Moon Phases and Planet, Perfect Gift: 120 lined pages, for work, school, notes, daily journaling",Cosmic Ink,Paperback,"Dec 28, 2024",
0,https://www.amazon.com/dp/B0DRZM1MYB,B0DRZM1MYB,"Composition Notebook College Ruled: Vintage Blue Flowers Design, Perfect for Students, Writers, and Professionals",Just Vintage,Paperback,"Dec 28, 2024",
0,https://www.amazon.com/dp/B0DRZL9M6C,B0DRZL9M6C,Fractal Worldspace - the idea store: Notebook . Diary . Collegebook,Emma Rabe,Paperback,"Dec 28, 2024",
0,https://www.amazon.com/dp/B0DRZL8X64,B0DRZL8X64,Weather Watching Log Book: Meteorology Diary Record Book,Rhett Maddpo,Paperback,"Dec 28, 2024",
0,https://www.amazon.com/dp/B0DRZL8SNP,B0DRZL8SNP,"Cosmic Paths, Astrological Composition Journal, Notebook for Work, School, Perfect Gift for Dreamer: 120 college ruled lined pages, astronomy themed cover, creative writing, notes",Cosmic Ink,Paperback,"Dec 28, 2024",
0,https://www.amazon.com/dp/B0DRZL4HW1,B0DRZL4HW1,"Composition Notebook: Science Notebook with 110 Fun Facts of Science | 110 Pages, 7.5 x 9.25",Dila Dasdelen,Paperback,"Dec 28, 2024",
0,https://www.amazon.com/dp/B0DRZL4C4M,B0DRZL4C4M,"Bird Watching Log Book: The Ultimate Birding Field Notebook: For Serious Birders & Casual Observers | Birdwatching Journal: Log Your Sightings, Notes, & Sketches",Robert S Perez,Paperback,"Dec 28, 2024",
0,https://www.amazon.com/dp/B0DRZL4234,B0DRZL4234,"Astrological composition notebook, for notes, work, lined journal: 120 college lined ruled pages, perfect gift, for school",Cosmic Ink,Paperback,"Dec 28, 2024",
0,https://www.amazon.com/dp/B0DRZJW8ZB,B0DRZJW8ZB,"Astrological Composition Notebook, Lined Journal, for School, Work, Science: 120 Lined Pages for Stargazing Notes, Journaling, or Daily Thoughts, Perfect Gift",Cosmic Ink,Paperback,"Dec 28, 2024",
0,https://www.amazon.com/dp/B0DRZJ8XKR,B0DRZJ8XKR,"Astrology Notebook perfect for stargazing notes, gift, school, work: 120 college lined ruled pages for dailry writing, journaling for dreamers",Cosmic Ink,Paperback,"Dec 28, 2024",
0,https://www.amazon.com/dp/B0DRZJ6M2N,B0DRZJ6M2N,"Moon Tringle Astronomy Composition Lined Notebook, 120 College Lined Ruled Pages: Astrology Notes, Perfect Gift for Dreamer, for school, for work, for science",Cosmic Ink,Paperback,"Dec 28, 2024",
0,https://www.amazon.com/dp/B0DRZH7KGN,B0DRZH7KGN,"Stellar Impressions, Astrological Composition Notebook, Perfect for School. Work, Gift: 120 college ruled lined pages, daily journalig, astrology lovers, Stars, Constellations",Cosmic Ink,Paperback,"Dec 28, 2024",
0,https://www.amazon.com/dp/B0DRZGBD5Z,B0DRZGBD5Z,"Composition Notebook, Astrology, for school, work, perfect for journaling: 120 college lined ruled pages, golden sun cover, science notes",Cosmic Ink,Paperback,"Dec 28, 2024",
0,https://www.amazon.com/dp/B0DRZFM8KK,B0DRZFM8KK,"Fractal Dreams Notebook: Lined 8.5x11 Journal, 120 Pages, Soft Cover: Vibrant Fractal Art for Inspiring Writing and Everyday Creativity",Blossom Serenity,Paperback,"Dec 28, 2024",
0,https://www.amazon.com/dp/B0DRZFCTTD,B0DRZFCTTD,"Notebook with an Inspiring Quote 6x9 inches, 110 Lined Pages – Perfect for Daily Writing, School Notebook, Creative Quote.",J.M. KOSI,Paperback,"Dec 28, 2024",
0,https://www.amazon.com/dp/B0DRZBB32S,B0DRZBB32S,Math notebook,Sahil bector,Paperback,"Dec 28, 2024",
0,https://www.amazon.com/dp/B0DRYYT6YM,B0DRYYT6YM,Sudokus 1000+: Streamline your mind and reduce stress. Relax in a moment of intimate rest with yourself: This sudoku book offers hours of fun and ... logic and memory for beginners or adults,XUXUY PUBLISHING,Paperback,"Dec 28, 2024",
0,https://www.amazon.com/dp/B0DRYQFCK3,B0DRYQFCK3,"Farm Management Record Book: Simple Record Keeping for Livestock, Equipment, and Finances",Toby Perkins,Paperback,"Dec 28, 2024",
0,https://www.amazon.com/dp/B0DRYNB3QZ,B0DRYNB3QZ,Just a Girl Who Loves Dinosaurs Notebook - Cute Pink Dinosaur Journal for Girls - 120 Wide Ruled Pages – Paperback,Asha Madushani,Paperback,"Dec 28, 2024",
0,https://www.amazon.com/dp/B0DRYMTJ12,B0DRYMTJ12,"Graph Paper Notebook: Grid Paper for Math and Science, 5 x 5 Squares, Ideal for Precision Drawings, Graphs, and Diagrams",Toby Motley,Paperback,"Dec 28, 2024",
0,https://www.amazon.com/dp/B0DRYKH8M3,B0DRYKH8M3,Cavalier King Charles Spaniel With Flowers Journal: a DOT GRID notebook for self-expression,JumpJammies Journals,Hardcover,"Dec 28, 2024",
0,https://www.amazon.com/dp/B0DRYK2KRN,B0DRYK2KRN,"Dinosaur Notebook - Perfect Gift for Adults, Teens, Students and All Dinosaurs Lovers - T-Rex Lined Journal with 120 Wide-Ruled Pages – Paperback",Asha Madushani,Paperback,"Dec 28, 2024",
0,https://www.amazon.com/dp/B0DRY6PWMM,B0DRY6PWMM,"Graph Paper Notebook: Grid Paper for Math and Science, 5 x 5 Squares, Ideal for Precision Drawings, Graphs, and Diagrams",Toby Motley,Paperback,"Dec 28, 2024",
0,https://www.amazon.com/dp/B0DRY6KZGJ,B0DRY6KZGJ,"Graph Paper Notebook: Grid Paper for Math and Science, 5 x 5 Squares, Ideal for Precision Drawings, Graphs, and Diagrams",Toby Motley,Paperback,"Dec 28, 2024",
0,https://www.amazon.com/dp/B0DRXYGZPW,B0DRXYGZPW,Sea Turtle Organic Chemistry Notebook: College Ruled and Hexagonal Paper,Dragonfly Heart Art,Paperback,"Dec 28, 2024",
0,https://www.amazon.com/dp/B0DRXKMBC3,B0DRXKMBC3,College Ruled Notebook Vintage | with Mystical Forest Scene in Antique Bronze Surface Design | 8 by 11 size notebook | with Page Numbers,exquisite arts,Paperback,"Dec 28, 2024",
0,https://www.amazon.com/dp/B0DRXGD3RN,B0DRXGD3RN,"Fractal Worldspace - the idea store: Notebook, Diary, Collegebook",Emma Rabe,Paperback,"Dec 28, 2024",
0,https://www.amazon.com/dp/B0DRWFTF39,B0DRWFTF39,Spring's Whispers: The Groundhog's Prediction (Apophis Groundhog),Matthew Petchinsky,Kindle,"Dec 28, 2024",
0,https://www.amazon.com/dp/B0DRWDYWXD,B0DRWDYWXD,Simple Biohacking for Life: How to achieve healthier and stronger body and mind,Rubie Owen,Kindle,"Dec 28, 2024",
0,https://www.amazon.com/dp/B0DRW7D23N,B0DRW7D23N,The Great AI Debate—Dream or Danger?,Ravi Janardhan,Kindle,"Dec 28, 2024",
0,https://www.amazon.com/dp/B0DRW6XG89,B0DRW6XG89,Sudoku Puzzles for Adults: Book with Two Puzzles per Page From Easy to Hard with Full Solutions,Genius Lab,Paperback,"Dec 28, 2024",
1,https://www.amazon.com/dp/B0DRW4GCP4,B0DRW4GCP4,"Axolotl Fun: Cute Axolotl Coloring Book for All Ages, With A Fun Trivia About Axolotls, Cute, Simple, and Relaxing Designs (Animal Adventures: Colors and Facts)",Pip Artwell,Paperback,"Dec 28, 2024",
0,https://www.amazon.com/dp/B0DRW3PVYG,B0DRW3PVYG,KAUNTO 2go - 180 funny number puzzles: Numbers 1-16 (KAUNTO - number puzzles),Arpad Fritsche,Paperback,"Dec 28, 2024",
0,https://www.amazon.com/dp/B0DRW19F8F,B0DRW19F8F,"Dragon Sudoku Puzzles: A Dragon Themed Sudoku Puzzle for Adults, Seniors, and Teens.",Loot Goblin,Paperback,"Dec 28, 2024",
0,https://www.amazon.com/dp/B0DRVXRDZK,B0DRVXRDZK,Big sudoku 1500: fantastic puzzle book with medium-hard-very hard levels,Paul dick,Paperback,"Dec 28, 2024",
0,https://www.amazon.com/dp/B0DRVVC4DX,B0DRVVC4DX,Progressive Kakuro Puzzles for Adults: A Brain-Teaser Puzzle Book with Cross Sums: Book 2 - Intermediate,Enigma Forge,Paperback,"Dec 28, 2024",
0,https://www.amazon.com/dp/B0DRVM8JCM,B0DRVM8JCM,Number Bonds with Sequences for Digits 1–20: Addition and Subtraction with Answer Key Included,Mr. HOCINE BOUMESSID,Paperback,"Dec 28, 2024",
0,https://www.amazon.com/dp/B0DRVF71HP,B0DRVF71HP,Homophonic Prepper-Primes-Puzzles: Patch 928,Francis Gurtowski,Paperback,"Dec 28, 2024",
0,https://www.amazon.com/dp/B0DRV9QT6X,B0DRV9QT6X,Homophonic Prepper-Primes-Puzzles: Patch 927,Francis Gurtowski,Paperback,"Dec 28, 2024",
0,https://www.amazon.com/dp/B0DRV2ZD7Q,B0DRV2ZD7Q,AUSTRALIA: The Six States and Two Territories,JoJo Parillo,Kindle,"Dec 28, 2024",
0,https://www.amazon.com/dp/B0DRTFH9SG,B0DRTFH9SG,The AI Teacher's Companion: Integrating Artificial Intelligence in Your Classroom,Davor Mulalić,Kindle,"Dec 28, 2024",
0,https://www.amazon.com/dp/B0DRTCS6VP,B0DRTCS6VP,Sudoku Fun For All Ages,Ryan Keys,Paperback,"Dec 28, 2024",
0,https://www.amazon.com/dp/B0DRTBSTSL,B0DRTBSTSL,Quantum Money:: Your Financial Playbook for the Post-Bitcoin Era (The Human Algorithm Series),Future Ethic Press,Kindle,"Dec 28, 2024",
0,https://www.amazon.com/dp/B0DRTB6QR9,B0DRTB6QR9,"Sudoku Book for Adults, Kids and Teens: Easy to Read Puzzle Book with Solutions",Zachary Fraley,Paperback,"Dec 28, 2024",
0,https://www.amazon.com/dp/B0DRTB4X35,B0DRTB4X35,Norovirus Threat: Navigating the Rise of the Winter Vomiting Bug,Kingsley Freeman,Kindle,"Dec 28, 2024",
0,https://www.amazon.com/dp/B0DRT9FBJY,B0DRT9FBJY,AI for Environmental Sustainability_ Tackling Climate Change (LEARN AI),Aayush Paliwal,Kindle,"Dec 28, 2024",
0,https://www.amazon.com/dp/B0DRT8ZZWW,B0DRT8ZZWW,Mini-Guide to Smart Plant Care: Azalea (Rhododendron simsii) (Home Botanica Series: Smart Guides for Houseplant Lovers),Maxwell Steinbeck,Kindle,"Dec 28, 2024",
0,https://www.amazon.com/dp/B0DRT82P78,B0DRT82P78,Redesigning Reality: Life in the Age of AI,Tony Hicks,Kindle,"Dec 28, 2024",
0,https://www.amazon.com/dp/B0DRT4FLHQ,B0DRT4FLHQ,Homophonic Prepper-Primes-Puzzles: Patch 926,Francis Gurtowski,Paperback,"Dec 28, 2024",
0,https://www.amazon.com/dp/B0DRT479TB,B0DRT479TB,Hyper Active Magnetic Energized Space Lane Highways Framework,Jamil Eugene Brown,Kindle,"Dec 28, 2024",
0,https://www.amazon.com/dp/B0DRSSSFCN,B0DRSSSFCN,Bill Free and the Twin Prime Sieve (Maxwell Pragmatic),J. W. Helkenberg,Kindle,"Dec 28, 2024",
0,https://www.amazon.com/dp/B0DRSSH54S,B0DRSSH54S,"""The Biology Brain Buster: Quiz Your Way Through Life Sciences"": ""Dive into sections with 30 expertly crafted questions: 10 easy to warm up, 10 medium ... Complete with answers and explanations,",Mahi Publication,Paperback,"Dec 28, 2024",
0,https://www.amazon.com/dp/B0DRSRQQKW,B0DRSRQQKW,"""Chemical Curiosities: The Ultimate Chemistry Quiz Book"": ""Dive into sections with 30 expertly crafted questions: 10 easy to warm up, 10 medium to ... Complete with answers and explanations,",Mahi Publication,Paperback,"Dec 28, 2024",
1,https://www.amazon.com/dp/B0DRSR68SH,B0DRSR68SH,"Age of the Mechanarchy: How to live, adapt and strive in a robot dominated society",Ricky Guiterrez,Paperback,"Dec 28, 2024",
0,https://www.amazon.com/dp/B0DRSR3DW8,B0DRSR3DW8,"The Universe Explained: Well, sort of...",JOHN HARTIG,Kindle,"Dec 28, 2024",
0,https://www.amazon.com/dp/3111389022,3111389022,Computer-Aided Intelligent Imaging: Artificial Intelligence in Healthcare Informatics (De Gruyter STEM),Shiv Naresh Shivhare,Paperback,"Mar 17, 2026",
2,https://www.amazon.com/dp/B0DRSGKL9J,B0DRSGKL9J,Counting Coins Workbook: Counting Coins for Kids,Laura Putman,Paperback,"Dec 27, 2024",
1,https://www.amazon.com/dp/B0DRSY4JMC,B0DRSY4JMC,Foundations of Neurofeedback: Preparing for BCN Certification,Ian Gentry,Kindle,"Dec 27, 2024",
0,https://www.amazon.com/dp/B0DRPHMN7R,B0DRPHMN7R,Moths of the Limberlost: A Book About Limberlost Cabin,Gene Stratton-Porter,Kindle,"Dec 27, 2024",
0,https://www.amazon.com/dp/B0DRV1C2DL,B0DRV1C2DL,"Veronica: Personalized To Do List Notepad with Elegant Floral Design Cover. 120 Pages of Practicality and Charm. The Perfect Veronica Name Gift, Lined ... Goals. Enhance Your Efficiency and Style",Eleanor Rosewood,Paperback,"Dec 27, 2024",
1,https://www.amazon.com/dp/B0DRVD4Q9Q,B0DRVD4Q9Q,ASPEN PLUS DEMYSTIFIED: A STEP-BY-STEP GUIDE FOR CHEMICAL ENGINEERING PROCESS SIMULATION Exploring Aspen Plus Process Modeling and Simulation.,Dr. S. Ilaiah,Kindle,"Dec 27, 2024",
1,https://www.amazon.com/dp/B0DRPHP1YM,B0DRPHP1YM,Forex Trading Mathematics All in One Skills Practice Workbook: 500+ Practice Problems with Full Step by Step Solutions (Math Magicians),Jamie Flux,Kindle,"Dec 27, 2024",
1,https://www.amazon.com/dp/B0DRRTKC23,B0DRRTKC23,"WORM COMPOSTING MASTERY HANDBOOK: A BEGINNER'S GUIDE TO SUSTAINABLE GARDENING, ECO-FRIENDLY LIVING, AND REDUCING WASTE WITH VERMICOMPOSTING.",DR. Richard Trent,Kindle,"Dec 27, 2024",
3,https://www.amazon.com/dp/B0DRT9C5LF,B0DRT9C5LF,Sudoku for Kids Ages 8-12: Fun Sudoku Puzzles for Smart Boys and Girls. Over 200 Educational Games to Boost Your Child's Brainpower,Edward Whitehead,Paperback,"Dec 27, 2024",
0,https://www.amazon.com/dp/B0DRSB58NG,B0DRSB58NG,The World's Greatest Rivers,Dr Alex Bugeja,Kindle,"Dec 27, 2024",
0,https://www.amazon.com/dp/B0DRSJ7N2G,B0DRSJ7N2G,"Claire Elise Boucher: Visionary Artist of Sound and Future: Redefining Music, technology and modern identity",Robert J. Bowers,Kindle,"Dec 27, 2024",
0,https://www.amazon.com/dp/B0DRWGP88V,B0DRWGP88V,Flora and Function: How Plants Shape Our World and Well-being,Juniper Hill,Paperback,"Dec 27, 2024",
1,https://www.amazon.com/dp/B0DRTKSF4S,B0DRTKSF4S,"The Conscious Dance: Quantum Gravity, Fractals, and the Fabric of Reality",Christopher Brinson Keel,Kindle,"Dec 27, 2024",
0,https://www.amazon.com/dp/B0DRSH1MD1,B0DRSH1MD1,"Slow Cooker Dog Cookbook: Elevate Your Dog's Health with Vet-Approved, Balanced Homemade Meals and Recipes Packed with Nutritious Ingredients for every Size and Age extending your dog's life",Beatrix Henderson,Kindle,"Dec 27, 2024",
0,https://www.amazon.com/dp/B0DRTZYXYM,B0DRTZYXYM,"Radiant Vortex: A 6x9 College-Ruled Notebook for Creative Thinkers: A Mesmerizing Abstract Design Journal with College-Ruled Paper, Perfect for Writing, Journaling, and Everyday Use",Sidney Greyson Linder,Hardcover,"Dec 27, 2024",
0,https://www.amazon.com/dp/B0DRS8JWWS,B0DRS8JWWS,The World's Greatest Mountains,Dr Alex Bugeja,Kindle,"Dec 27, 2024",
0,https://www.amazon.com/dp/B0DS2HMCFN,B0DS2HMCFN,"Multiple use notebook with design theories and grid and To-Do list: Grid Paper Notebook with To-Do Lists – Perfect for Planning, Organizing, and Sketching",Vivek Parekh,Paperback,"Dec 27, 2024",
0,https://www.amazon.com/dp/B0DS1S4JS3,B0DS1S4JS3,Climate Change and Literature,Ayush Gaur,Kindle,"Dec 27, 2024",
0,https://www.amazon.com/dp/B0DRZKB8VY,B0DRZKB8VY,"400 Sudoku Puzzle Book with Solutions for all Levels: 200 Easy, 140 Normal, and 60 Hard Puzzles to Sharpen Your Mind: Sudoku Book Puzzle that you need ... mathematical skills and abstract reasoning.",Lee Yorong,Paperback,"Dec 27, 2024",
0,https://www.amazon.com/dp/B0DRWGS91Y,B0DRWGS91Y,Green World Unveiled: Exploring the Diversity and Importance of Plants,Iris Gardenia,Paperback,"Dec 27, 2024",
0,https://www.amazon.com/dp/B0DRVV861Y,B0DRVV861Y,NOTEBOOK: MUSHROOMS 6X9 110 PAGES,Fun Books,Paperback,"Dec 27, 2024",
0,https://www.amazon.com/dp/B0DRVS8J2L,B0DRVS8J2L,"Graph Paper Notebook: Grid Paper for Math and Science, 5 x 5 Squares, Ideal for Precision Drawings, Graphs, and Diagrams",Toby Motley,Paperback,"Dec 27, 2024",
0,https://www.amazon.com/dp/B0DRVQPGPW,B0DRVQPGPW,"Graph Paper Notebook: Grid Paper for Math and Science, 5 x 5 Squares, Ideal for Precision Drawings, Graphs, and Diagrams",Toby Motley,Paperback,"Dec 27, 2024",
0,https://www.amazon.com/dp/B0DRVQJFS7,B0DRVQJFS7,"Graph Paper Notebook: Grid Paper for Math and Science, 5 x 5 Squares, Ideal for Precision Drawings, Graphs, and Diagrams",Toby Motley,Paperback,"Dec 27, 2024",
0,https://www.amazon.com/dp/B0DRVPWXT9,B0DRVPWXT9,NOTEBOOK: MUSHROOMS 8X10 110 PAGES,Fun Books,Paperback,"Dec 27, 2024",
0,https://www.amazon.com/dp/B0DRVNMTQS,B0DRVNMTQS,Two Different Worlds but Stronger Together. Symbiosis Between Fungi and Plants - Lined Notebook with College Ruled Pages.,Rafael Hornet,Hardcover,"Dec 27, 2024",
0,https://www.amazon.com/dp/B0DRVN3FVC,B0DRVN3FVC,"Composition Notebook: Vibrant and Inspiring Journal: Wide-Ruled, 120 Pages, 7.5” x 9.25” – Perfect for Creativity, School, and Work",chunho yun,Paperback,"Dec 27, 2024",
0,https://www.amazon.com/dp/B0DRVMPM2X,B0DRVMPM2X,"Girl Math Graph Paper Notebook: Grid Paper for Math and Science Students, Quad Ruled 5x5 ( 120 Pages, 8.5 x 11)",A. Little Birdie,Paperback,"Dec 27, 2024",
0,https://www.amazon.com/dp/B0DRVMJZ7Z,B0DRVMJZ7Z,"Composition Notebook: Vibrant and Inspiring Journal: Wide-Ruled, 120 Pages, 7.5” x 9.25” – Perfect for Creativity, School, and Work",chunho yun,Paperback,"Dec 27, 2024",
0,https://www.amazon.com/dp/B0DRVM75GP,B0DRVM75GP,"Composition Notebook College Ruled: Vintage Pink Peonies Flower Design with Butterflies – Perfect for Writing, Journaling, and Note-Taking",Just Vintage,Paperback,"Dec 27, 2024",
0,https://www.amazon.com/dp/B0DRVJKLVX,B0DRVJKLVX,"Composition Notebook College Ruled: Beige Flowers Composition Design – Perfect for School, Journaling, and Note-Taking",Just Vintage,Paperback,"Dec 27, 2024",
0,https://www.amazon.com/dp/B0DRVD5DHL,B0DRVD5DHL,"Graph paper 4 x 4 composition notebook | 5.5 x 8.5 in (13.97 x 21.59 cm) 80 pages, Paperback (Red)",Ann Njeri Watathi,Paperback,"Dec 27, 2024",
0,https://www.amazon.com/dp/B0DRVC6M25,B0DRVC6M25,"Notebook: Cute Notebook suitable for school, college or university",Niedźwiedź,Paperback,"Dec 27, 2024",
0,https://www.amazon.com/dp/B0DRVBXY65,B0DRVBXY65,Graph paper 4 x 4 composition notebook | 6.14 x 9.21 in (15.6 x 23.39 cm) 80 pages. Paperback (Purple),Ann Njeri Watathi,Paperback,"Dec 27, 2024",
0,https://www.amazon.com/dp/B0DRVBJY1X,B0DRVBJY1X,Accident & Incident Record Log Book: Incident Report Notebook,Rhett Maddpo,Paperback,"Dec 27, 2024",
0,https://www.amazon.com/dp/B0DRV766ZD,B0DRV766ZD,"3D SPACE ART THEME NOTEBOOK : College Ruled Notebook - Large (8.5 x 11 inches) | 149 Pages | College Ruled Composition Notebook | Moon, Galaxy,Space.: Page Number Included",exquisite arts,Paperback,"Dec 27, 2024",
0,https://www.amazon.com/dp/B0DRTZ7ZT1,B0DRTZ7ZT1,"Vivian: Personalized To Do List Notepad with Elegant Floral Design Cover. 120 Pages of Practicality and Charm. The Perfect Vivian Name Gift, Lined ... Goals. Enhance Your Efficiency and Style",Eleanor Rosewood,Paperback,"Dec 27, 2024",
0,https://www.amazon.com/dp/B0DRTZ3379,B0DRTZ3379,"Composition Notebook: Vibrant and Inspiring Journal: Wide-Ruled, 120 Pages, 7.5” x 9.25” – Perfect for Creativity, School, and Work",chunho yun,Paperback,"Dec 27, 2024",
0,https://www.amazon.com/dp/B0DRTY5GJF,B0DRTY5GJF,"Violet: Personalized To Do List Notepad with Elegant Floral Design Cover. 120 Pages of Practicality and Charm. The Perfect Violet Name Gift, Lined ... Goals. Enhance Your Efficiency and Style",Eleanor Rosewood,Paperback,"Dec 27, 2024",
0,https://www.amazon.com/dp/B0DRTX3PY2,B0DRTX3PY2,"Alligator Notebook – A Pink Lined Journal for Kids, Teens, Girls, and All Alligator Lovers | 120 Wide Ruled Pages | Paperback",Asha Madushani,Paperback,"Dec 27, 2024",
1,https://www.amazon.com/dp/B0DRT5V75S,B0DRT5V75S,Aliens And Cats Coloring Book For Kids And Adults That Love UFOS And Science Fiction: With 13 Hand-drawn Pages For A Mindful Activity And Relaxation,The Moon Beams Books,Paperback,"Dec 27, 2024",
0,https://www.amazon.com/dp/B0DRT4TJNJ,B0DRT4TJNJ,PYTHON PROGRAMMING COLORING BOOK FOR KIDS,Nurgul Madinesh,Hardcover,"Dec 27, 2024",
0,https://www.amazon.com/dp/B0DRSVH3L3,B0DRSVH3L3,Sudoku puzzle book: +85 Big & Bold Puzzles | Hard Level: One Puzzle Per Page for Easy Solving with Answers in the Back | For All Ages,Studio FRANK,Paperback,"Dec 27, 2024",
0,https://www.amazon.com/dp/B0DRSV8CGZ,B0DRSV8CGZ,"Space Word Search: +1000 Space Themed Word Searches, Gifts for Astronauts, Space & Astronomy Lovers Activity Book | Large Print",Theo Puzzleton,Paperback,"Dec 27, 2024",
0,https://www.amazon.com/dp/B0DRSV1G6D,B0DRSV1G6D,Sudoku puzzle book: +85 Big & Bold Puzzles | Hard Level: One Puzzle Per Page for Easy Solving with Answers in the Back | For All Ages,Studio FRANK,Paperback,"Dec 27, 2024",
0,https://www.amazon.com/dp/B0DRSTLRBH,B0DRSTLRBH,Homophonic Prepper-Primes-Puzzles: Patch 923,Francis Gurtowski,Paperback,"Dec 27, 2024",
0,https://www.amazon.com/dp/B0DRST3ZXN,B0DRST3ZXN,Homophonic Prepper-Primes-Puzzles: Patch 924,Francis Gurtowski,Paperback,"Dec 27, 2024",
0,https://www.amazon.com/dp/B0DRSSX9QX,B0DRSSX9QX,Homophonic Prepper-Primes-Puzzles: Patch 925,Francis Gurtowski,Paperback,"Dec 27, 2024",
0,https://www.amazon.com/dp/B0DRSS9NJP,B0DRSS9NJP,"Forklift Inspection Checklist Log Book: Forklift Safety Check and Maintenance Record Book (120Pages - 6""x9"")",Rhett Maddpo,Paperback,"Dec 27, 2024",
0,https://www.amazon.com/dp/B0DRSS6J4Q,B0DRSS6J4Q,"""Sudoku Puzzle Book: Challenge Your Mind"": ""Boost Your Brainpower and Relax with Hours of Fun and Entertainment""",BRAIN TEASERS,Paperback,"Dec 27, 2024",
0,https://www.amazon.com/dp/B0DRSRX3T8,B0DRSRX3T8,Otter Coloring Book: A Coloring Adventure With Relaxing Designs and Fun Facts About Sea Otters For Kids and Adults,Brightbuds Books,Paperback,"Dec 27, 2024",
0,https://www.amazon.com/dp/B0DRSRMWS4,B0DRSRMWS4,"Bird Watching LogBook: Bird Enthusiast Gift, Ornithology Notes Book, Capture Every Detail of Your Birdwatching Hobby | 6"" x 9"" Inches | 120 Pages",Bhata Computer,Paperback,"Dec 27, 2024",
0,https://www.amazon.com/dp/B0DRSRM8G1,B0DRSRM8G1,Numbers Fill-In Puzzle Book: Fun and Educational Number Activities for Kids Ages 3-7,Zippy Zebra Publications,Paperback,"Dec 27, 2024",
0,https://www.amazon.com/dp/B0DRSRF4FV,B0DRSRF4FV,"Bird Watching NoteBook: Ornithology Notes Book, Capture Memorable Sightings with Notes and Sketches | 6"" x 9"" Inches | 120 Pages",Bhata Computer,Paperback,"Dec 27, 2024",
0,https://www.amazon.com/dp/B0DRSR1BCY,B0DRSR1BCY,"Bird Watching Note Book: Ornithology Notes Book, Nature Observation Journal, A Companion for Birding Trips and Observations | 6"" x 9"" Inches | 120 Pages",Bhata Computer,Paperback,"Dec 27, 2024",
0,https://www.amazon.com/dp/B0DRSQX9K3,B0DRSQX9K3,"Only The Strongest Women Become Engineers: notebook for women, engineer notebook Gift for Women, civil engineer Notebook for girls, Blank Lined ... Paper Notebook 6x9, Soft Cover, 110 Pages.",Medyox Medy,Paperback,"Dec 27, 2024",
0,https://www.amazon.com/dp/B0DRSPXB2C,B0DRSPXB2C,"Composition Notebook College Ruled Vintage: Oceanic Botanical Illustration | Calm Sea Life Realistic Journal For School, College, Office, Work | Wide Lined: Page no included",exquisite arts,Paperback,"Dec 27, 2024",
0,https://www.amazon.com/dp/B0DRSLZJC7,B0DRSLZJC7,"""THE ULTIMATE 'SUDOKU' CHALLENGE: 1800 Easy, Medium, and Hard Puzzles with Solution"": ""Test Your Logic Skills with 600 Easy, 600 Medium, and 600 Hard Puzzles""",Sudeep Jain,Paperback,"Dec 27, 2024",
0,https://www.amazon.com/dp/B0DRSLYL9Y,B0DRSLYL9Y,"I'm a Pickle Who Loves Science, Composition Notebook, 110 Pages, Wide Ruled, 8.5x11: School Biology, Chemistry & Physics Notepad for Kids, Tweens & Teens Who Love Pickled Cucumbers & Gherkins",Gear Girl NJ,Paperback,"Dec 27, 2024",
0,https://www.amazon.com/dp/B0DRSLX776,B0DRSLX776,"Evolution and Creation: Different Questions, One Path",Kendir Ramiz,Kindle,"Dec 27, 2024",
0,https://www.amazon.com/dp/B0DRSLSNLC,B0DRSLSNLC,"Daily Sudoku for Your Brain: 30-Day Challenge to Boost Focus, Relaxation & Mental Fitness with Easy to Hard Puzzles, Fun Facts & Solutions included (Travel-Sized 5x8 Puzzle-Book for Teens & Adults)",SunDesigns,Paperback,"Dec 27, 2024",
0,https://www.amazon.com/dp/B0DRSJH9GH,B0DRSJH9GH,Celestial Revolution: Tycho Brahe and the Tychonic System's Lasting Impact (Space),Gem and Mineral Exchange,Kindle,"Dec 27, 2024",
0,https://www.amazon.com/dp/B0DRSDHW3S,B0DRSDHW3S,EQUALITY CO-NEIGHBORHOOD DOMINATING SET In Neutrosophic SuperHyperGraphs,Dr. Henry Garrett,Kindle,"Dec 27, 2024",
0,https://www.amazon.com/dp/B0DRSD91HD,B0DRSD91HD,Easy Sudoku: Vol 2,Crafty Carla,Paperback,"Dec 27, 2024",
0,https://www.amazon.com/dp/B0DRRWX4V4,B0DRRWX4V4,The Active Mind (The Fundamental Theory of Life & Existence),Sandeep Chavan,Paperback,"Dec 27, 2024",
0,https://www.amazon.com/dp/B0DRRWN4Q5,B0DRRWN4Q5,Sheeple: When society becomes the experiment,Tudor Finneran,Kindle,"Dec 27, 2024",
0,https://www.amazon.com/dp/B0DRRBXPN6,B0DRRBXPN6,"Isolation, Analysis, and Suppression of Nucleotide-Degrading Enzyme from Serpent Toxin",Rico B,Paperback,"Dec 27, 2024",
0,https://www.amazon.com/dp/B0DRPM5MGM,B0DRPM5MGM,Understanding Topological Geometry For The Layperson,Stephen Fairweather,Kindle,"Dec 27, 2024",
0,https://www.amazon.com/dp/B0DRPLXYXP,B0DRPLXYXP,"WiFi, Why Me? Keeping Up with Tech Without Going Crazy",Rachel W.,Kindle,"Dec 27, 2024",
0,https://www.amazon.com/dp/B0DRPL3WNB,B0DRPL3WNB,"""Embracing the Unconventional: A Journey Through Legal Taboos"": ""Exploring the Boundaries of Acceptable Behavior in Modern Society""",v s,Paperback,"Dec 27, 2024",
0,https://www.amazon.com/dp/B0DRPKQN3P,B0DRPKQN3P,Shadows of Influence: Mastering the Art of Psychological Manipulation: A Comprehensive Guide to Dark Psychological Tricks with Practical Examples and Step-by-Step Instructions,v s,Paperback,"Dec 27, 2024",
0,https://www.amazon.com/dp/B0DRPJQZ73,B0DRPJQZ73,An Introduction to Groundwater for Construction Managers (Water Resources Engineering),J. Paul Guyer,Kindle,"Dec 27, 2024",
0,https://www.amazon.com/dp/B0DRPHMP9S,B0DRPHMP9S,Origin of Life: Deciphering Secrets About the Start of Life,W J Francis,Kindle,"Dec 27, 2024",
0,https://www.amazon.com/dp/B0DRPG2GYG,B0DRPG2GYG,Demystifying Quantum Computing: The Future of Technology Explained,Najeed Khan,Kindle,"Dec 27, 2024",
0,https://www.amazon.com/dp/B0DRPDZFJX,B0DRPDZFJX,The Knowledge Graph Guide for AI Innovators: Master Graph Reasoning and Semantic Data Models to Transform Your Applications (Getting the most from your Apple device),Eric Techson,Kindle,"Dec 27, 2024",
0,https://www.amazon.com/dp/B0DRNP3DX2,B0DRNP3DX2,The Space-Time and The Biography of The Cosmos,Sounak Ghosal,Paperback,"Dec 27, 2024",
0,https://www.amazon.com/dp/B0DQ48KH41,B0DQ48KH41,Extreme Number Search Puzzles Book Large Print: For Puzzle Enthusiasts Seeking a Real Challenge in Large Print,Carroll Davis,Paperback,"Dec 27, 2024",
0,https://www.amazon.com/dp/B0DRK1T6PB,B0DRK1T6PB,Pre-Algebra Practice Problems Workbook: 700+ Pre-Algebra Practice Problems with Full Step by Step Solutions (Math Magicians),Jamie Flux,Paperback,"Dec 26, 2024",
0,https://www.amazon.com/dp/B0DRLJ5FK6,B0DRLJ5FK6,Drone Control Mathematics All in One Skills Practice Workbook: 500+ Practice Problems with Full Step by Step Solutions (Math Magicians),Jamie Flux,Paperback,"Dec 26, 2024",
0,https://www.amazon.com/dp/B0DRNSN2R3,B0DRNSN2R3,"Fa'afetai Tele, La'au (Tausiaina)",Sabrina Suluai-Mahuka,Kindle,"Dec 26, 2024",
0,https://www.amazon.com/dp/B0DRS61Y3X,B0DRS61Y3X,"Valerie: Personalized To Do List Notepad with Elegant Floral Design Cover. 120 Pages of Practicality and Charm. The Perfect Valerie Name Gift, Lined ... Goals. Enhance Your Efficiency and Style",Eleanor Rosewood,Paperback,"Dec 26, 2024",
2,https://www.amazon.com/dp/B0DRPJV98M,B0DRPJV98M,"Basic Math Workbook For Seniors With Addition, Subtraction, Multiplication, Division, Word Problems: Daily Math Practice Workbook For Seniors With ... For Seniors | Math Worksheets For Seniors",Mia Math,Paperback,"Dec 26, 2024",
0,https://www.amazon.com/dp/B0DRPHQTBY,B0DRPHQTBY,"Driver Vehicle Inspection Report Book: Vehicle's Daily Inspection Checklist Log Book for Drivers and Truckers, 200 Single Sided sheets",TRUCKFROMS,Paperback,"Dec 26, 2024",
0,https://www.amazon.com/dp/B0DRNZSR3M,B0DRNZSR3M,Competitive Geometry: Bridge the Gap Between School Geometry and Olympiad-Level Mastery (Mathematical Competitions. Levels A1-A2),Tatiana Babicheva,Paperback,"Dec 26, 2024",
0,https://www.amazon.com/dp/B0DRPDQTXB,B0DRPDQTXB,Divisibility Rules for the Numbers 2 to 10: Answers Included.,Mr. HOCINE BOUMESSID,Paperback,"Dec 26, 2024",
0,https://www.amazon.com/dp/B0DRP4HZK7,B0DRP4HZK7,"Basic Math Workbook for Low Vision, Easy: 600 Equations In Giant Print, Add, Subtract, Multiply, Divide",Pat Gansen,Paperback,"Dec 26, 2024",
1,https://www.amazon.com/dp/B0DRK7CQK9,B0DRK7CQK9,Algebra 2 Practice Problems Workbook: 700+ Algebra 2 Practice Problems with Full Step by Step Solutions (Math Magicians),Jamie Flux,Paperback,"Dec 26, 2024",
0,https://www.amazon.com/dp/B0DRJM2HVN,B0DRJM2HVN,"THE WARTHOG: Fascinating Facts, Habitats, and Behaviors of Nature’s Toughest Survivor",Scott M. Cook,Kindle,"Dec 26, 2024",
1,https://www.amazon.com/dp/B0DRPMGNMJ,B0DRPMGNMJ,"Basic Math Workbook for Low Vision, Medium: 600 Equations In Giant Print, Add, Subtract, Multiply, Divide",Pat Gansen,Paperback,"Dec 26, 2024",
0,https://www.amazon.com/dp/B0DRPMWRN7,B0DRPMWRN7,"Vanessa: Personalized To Do List Notepad with Elegant Floral Design Cover. 120 Pages of Practicality and Charm. The Perfect Vanessa Name Gift, Lined ... Goals. Enhance Your Efficiency and Style",Eleanor Rosewood,Paperback,"Dec 26, 2024",
2,https://www.amazon.com/dp/B0DRSYGYSK,B0DRSYGYSK,The Music + Math Workbook,Joanna Smith,Paperback,"Dec 26, 2024",
3,https://www.amazon.com/dp/B0DRN43FTP,B0DRN43FTP,Beekeeping for Beginners: The Art of Beekeeping | A Comprehensive Guide for Aspiring Beekeepers | How to get off to a strong start and keep moving forward without missteps,Y.R. Rivers,Kindle,"Dec 26, 2024",
2,https://www.amazon.com/dp/B0DRRYX7PX,B0DRRYX7PX,The Enigma Of the Codex Gigas: Unveiling the Devil's Bible,CMM Waterston-Hillier,Kindle,"Dec 26, 2024",
1,https://www.amazon.com/dp/B0DRJMJPV4,B0DRJMJPV4,"Ready, Set, Stay Safe: Empowering Kids In a World Of Emergencies (4 Kids)",David Holman,Kindle,"Dec 26, 2024",
0,https://www.amazon.com/dp/B0DRS649G6,B0DRS649G6,"SUDOKU: For When the Boss Isn't Looking - Puzzles for Adults, Teens, and Seniors",Mathews Puzzle Books,Paperback,"Dec 26, 2024",
0,https://www.amazon.com/dp/B0DRK5T1VP,B0DRK5T1VP,Demystifying Physics: Classical Mechanics: Making Classical Mechanics Accessible: Simplified Concepts for Students and Enthusiasts,A Broke Postgrad Researcher,Kindle,"Dec 26, 2024",
0,https://www.amazon.com/dp/B0DRJNL5ML,B0DRJNL5ML,"Coherent Cooperative Games: Unifying Game Theory, Information/Communication Theory and Formal Logic",Victor Morgante,Kindle,"Dec 26, 2024",
0,https://www.amazon.com/dp/B0DYZG5DBM,B0DYZG5DBM,51 Golden Threads of Communication: Master the Art of Connection in Every Conversation (The Personal Development Toolkit: A Mastery Series (Premium Collection)),Arihant Jain,Kindle,"Dec 26, 2024",
0,https://www.amazon.com/dp/B0DST8YM1S,B0DST8YM1S,Math Work Book,R.Winston Publishing,Paperback,"Dec 26, 2024",
0,https://www.amazon.com/dp/B0DS6P5SKP,B0DS6P5SKP,Regulatory Mechanisms of 5-hydroxytryptamine 2C and N-methyl-D-aspartate Receptors in Pilocarpine-Induced Temporal Lobe Epilepsy in Rats: Neuroprotective Effects of Water Hyssop,Lyubov,Paperback,"Dec 26, 2024",
0,https://www.amazon.com/dp/B0DRVJJQ7S,B0DRVJJQ7S,"Integrating Agriculture, Green Marketing Strategies, and Artificial Intelligence",Jabulani Garwi,Hardcover,"Dec 26, 2024",
0,https://www.amazon.com/dp/B0DRT3CL3H,B0DRT3CL3H,"Greenprints for the Future: Building a Sustainable Tomorrow: Practical Pathways to a Cleaner, Greener, and Resilient Planet",Alex Sugay,Kindle,"Dec 26, 2024",
0,https://www.amazon.com/dp/B0DRSM9CHC,B0DRSM9CHC,"Composition Notebook College Ruled: Vintage Red Roses Design – Perfect for Writing, Journaling, and Note-Taking",Just Vintage,Paperback,"Dec 26, 2024",
0,https://www.amazon.com/dp/B0DQVDPHB4,B0DQVDPHB4,Planet of the Robots (Black and White Edition): The Emergence of a Robotic Civilization (Robotics Engineering and Intelligence),Gareth Morgan Thomas,Paperback,"Dec 18, 2024",
0,https://www.amazon.com/dp/B0DRSLV1S9,B0DRSLV1S9,"Composition Notebook : Vintage Botanical Illustration, college ruled ,120 pages: Vintage Botanical Illustration, college ruled ,120 pages",In Hyu Lee,Paperback,"Dec 26, 2024",
0,https://www.amazon.com/dp/B0DRSH7KNY,B0DRSH7KNY,"Graph Paper Notebook: 1 cm graph paper notebook, Large 8.5 x 11 Inches, 110 Pages",Necole Horton Ware,Paperback,"Dec 26, 2024",
0,https://www.amazon.com/dp/B0DRSGZTHN,B0DRSGZTHN,"Graph Paper Notebook: 1 cm graph paper notebook, Large 8.5 x 11 Inches, 110 Pages",Necole Horton Ware,Paperback,"Dec 26, 2024",
0,https://www.amazon.com/dp/B0DRSGBK7L,B0DRSGBK7L,"Composition Notebook College Ruled: Colorful Vintage Floral Design | Elegant Journal for Writing, Notes, and Ideas",Just Vintage,Paperback,"Dec 26, 2024",
0,https://www.amazon.com/dp/B0DRSFLBGG,B0DRSFLBGG,Developing Safer Complex Systems: Proceedings of the 33rd Safety-Critical Systems Symposium (SSS’25) 4-6th February 2025,Dr Mike Parsons,Paperback,"Dec 26, 2024",
0,https://www.amazon.com/dp/B0DRSC9Y5Y,B0DRSC9Y5Y,"Graph Paper Composition Notebook: Math Notebook, for school, kids, Math and Science Students, 4-Squares Per Inch, 110 Pages, 8.5 x 11 inches",Shirley Zhen,Paperback,"Dec 26, 2024",
0,https://www.amazon.com/dp/B0DRSBXMC1,B0DRSBXMC1,"Composition Notebook: Cats And Milk: Grid Paper Notebook for Students, Engineers, and Writers with 100 Wide-Ruled Pages (7.5"" x 9.25"")",Alex Krotov,Paperback,"Dec 26, 2024",
0,https://www.amazon.com/dp/B0DRS9R7F9,B0DRS9R7F9,"Graph Paper Notebook: Winter Squirrel: Grid Paper Composition Notebook for Math and Science Engineering Students, Quad Ruled 5х5, 100 Sheets (Large, 8.5"" x 11"")",Alex Krotov,Paperback,"Dec 26, 2024",
0,https://www.amazon.com/dp/B0DRS9Q4HD,B0DRS9Q4HD,Woodland Escape: A Tranquil Coloring Journey into the Forest: Relax and Unwind with Serene Forest Scenes and Nature-Inspired Designs for Stress Relief and Creativity,John Blaze,Paperback,"Dec 26, 2024",
0,https://www.amazon.com/dp/B0DRS8LDWQ,B0DRS8LDWQ,"Purple Graph Paper Composition Notebook: 5x5 Graph Ruled, 120 Grid Paper Pages, for School and College Maths and Science Students",Sonya L. Smith,Paperback,"Dec 26, 2024",
0,https://www.amazon.com/dp/B0DRS8HJ8Q,B0DRS8HJ8Q,"Graph Paper Notebook: Alien World: Grid Paper Composition Notebook for Math and Science Engineering Students, Quad Ruled 4х4, 100 Sheets (Large, 8.5"" x 11"")",Alex Krotov,Paperback,"Dec 26, 2024",
0,https://www.amazon.com/dp/B0DRS8GQN1,B0DRS8GQN1,Homophonic Prepper-Primes-Puzzles: Patch 922,Francis Gurtowski,Paperback,"Dec 26, 2024",
0,https://www.amazon.com/dp/B0DRS84G7B,B0DRS84G7B,Homophonic Prepper-Primes-Puzzles: Patch 920,Francis Gurtowski,Paperback,"Dec 26, 2024",
0,https://www.amazon.com/dp/B0DRS81RTN,B0DRS81RTN,Homophonic Prepper-Primes-Puzzles: Patch 921,Francis Gurtowski,Paperback,"Dec 26, 2024",
0,https://www.amazon.com/dp/B0DRS5HF6S,B0DRS5HF6S,German Shepherd With Flowers Journal: a DOT GRID notebook for self-expression,JumpJammies Journals,Hardcover,"Dec 26, 2024",
0,https://www.amazon.com/dp/B0DRS43T1G,B0DRS43T1G,"Vanesa: Personalized To Do List Notepad with Elegant Floral Design Cover. 120 Pages of Practicality and Charm. The Perfect Vanesa Name Gift, Lined ... Goals. Enhance Your Efficiency and Style",Eleanor Rosewood,Paperback,"Dec 26, 2024",
0,https://www.amazon.com/dp/B0DRRQD3B2,B0DRRQD3B2,Sudoku Puzzles for Adults Large Print: Book with Sudoku for Teens and Seniors. Big Print-One Puzzle per Page for 2025,O M,Paperback,"Dec 26, 2024",
0,https://www.amazon.com/dp/B0DRPP3GN5,B0DRPP3GN5,Sudoku Book for Adults: Large Print | Sudoku Puzzle Book with Solutions | 6x9 | BIG PRINT | 250 Puzzles for Easy Skill Level,The  Book Store,Paperback,"Dec 26, 2024",
0,https://www.amazon.com/dp/B0DRPNVYQS,B0DRPNVYQS,"Graph paper 4 x 4 composition notebook | 5.5 x 8.5 in (13.97 x 21.59 cm) 80 pages, Paperback (Purple)",Ann Njeri Watathi,Paperback,"Dec 26, 2024",
0,https://www.amazon.com/dp/B0DRPNFH8Q,B0DRPNFH8Q,"Graph paper 4 x 4 composition notebook | 5.5 x 8.5 in (13.97 x 21.59 cm) 80 pages, Paperback (Blue)",Ann Njeri Watathi,Paperback,"Dec 26, 2024",
0,https://www.amazon.com/dp/B0DRPLXTKD,B0DRPLXTKD,"Composition Notebook: Vibrant and Inspiring Journal: Wide-Ruled, 120 Pages, 7.5” x 9.25” – Perfect for Creativity, School, and Work",chunho yun,Paperback,"Dec 26, 2024",
0,https://www.amazon.com/dp/B0DRPLKY93,B0DRPLKY93,"Graph Paper Notebook - 110 Pages, Quad Ruled 5x5 Grid, 8.5 x 11 Inches",Necole Horton Ware,Paperback,"Dec 26, 2024",
0,https://www.amazon.com/dp/B0DRPLFGZG,B0DRPLFGZG,"Graph paper 4 x 4 composition notebook | 6.14 x 9.21 in (15.6 x 23.39 cm) 80 pages, Paperback (Blue)",Ann Njeri Watathi,Paperback,"Dec 26, 2024",
0,https://www.amazon.com/dp/B0DRPL2SDZ,B0DRPL2SDZ,Sudoku Puzzles for Adults: Easy to Hard with Full Solutions - Two Puzzles per Page,Brain Zone,Paperback,"Dec 26, 2024",
0,https://www.amazon.com/dp/B0DRPL1CQX,B0DRPL1CQX,"Composition Notebook: Vibrant and Inspiring Journal: Wide-Ruled, 120 Pages, 7.5” x 9.25” – Perfect for Creativity, School, and Work",chunho yun,Paperback,"Dec 26, 2024",
0,https://www.amazon.com/dp/B0DRPK9ZG4,B0DRPK9ZG4,"i'm a Chemical Engineer if i run you should run too: inspirational quotes notebook friends, Chemical Engineer Graduation, Blank Lined Journal, Blank Lined Paper Notebook 6x9, Soft Cover, 110 Pages.",Medyox Medy,Paperback,"Dec 26, 2024",
0,https://www.amazon.com/dp/B0DRPK876F,B0DRPK876F,Mathematics Notebook 5 mm graph squares: Lined Graph Paper Composition Notebook (8.5X11): Exploring the Logic of Numbers and the Beauty of Mathematics,Mr Andru Publishing,Paperback,"Dec 26, 2024",
0,https://www.amazon.com/dp/B0DRPJRD2Q,B0DRPJRD2Q,"I'm My Family's Unpaid Engineers Support: engineering notebook for School, professional engineering notes, Blank Lined Journal, Blank Lined Paper Notebook 6x9, Soft Cover, 110 Pages.",Medyox Medy,Paperback,"Dec 26, 2024",
0,https://www.amazon.com/dp/B0DRPJFD8D,B0DRPJFD8D,"Composition Notebook: Vibrant and Inspiring Journal: Wide-Ruled, 120 Pages, 7.5” x 9.25” – Perfect for Creativity, School, and Work",chunho yun,Paperback,"Dec 26, 2024",
0,https://www.amazon.com/dp/B0DRPHYVYB,B0DRPHYVYB,"Only The Strongest Women Become Civil Engineers: engineering notebook for women, civil engineer Notebook for girls, Blank Lined Journal, Blank Lined Paper Notebook 6x9, Soft Cover, 110 Pages.",Medyox Medy,Paperback,"Dec 26, 2024",
0,https://www.amazon.com/dp/B0DRPH7K6N,B0DRPH7K6N,KAUNTO 2go - 180 funny number puzzles: Numbers 1-99 (KAUNTO - number puzzles),Arpad Fritsche,Paperback,"Dec 26, 2024",
0,https://www.amazon.com/dp/B0DRP87B62,B0DRP87B62,"The Little Coffee Table Book: The Cosmos: This book brings the universe into your hands, one mesmerizing page at a time.",MEHCO by Design,Paperback,"Dec 26, 2024",
0,https://www.amazon.com/dp/B0DRPJHXN4,B0DRPJHXN4,Notebook - lined: German flag design,Linga Bites,Paperback,"Dec 25, 2024",
0,https://www.amazon.com/dp/B0DRPJ6F6F,B0DRPJ6F6F,"Composition Notebook: Vibrant and Inspiring Journal: Wide-Ruled, 120 Pages, 7.5” x 9.25” – Perfect for Creativity, School, and Work",chunho yun,Paperback,"Dec 25, 2024",
0,https://www.amazon.com/dp/B0DRPHG2HS,B0DRPHG2HS,"Composition Notebook: Vibrant and Inspiring Journal: Wide-Ruled, 120 Pages, 7.5” x 9.25” – Perfect for Creativity, School, and Work",chunho yun,Paperback,"Dec 25, 2024",
0,https://www.amazon.com/dp/B0DRPGR1Z8,B0DRPGR1Z8,"Graph paper 4 x 4 composition notebook | 7 x 10 in (17.78 x 25.4 cm) 100 pages, paperback (Purple)",Ann Njeri Watathi,Paperback,"Dec 25, 2024",
0,https://www.amazon.com/dp/B0DRPG84QQ,B0DRPG84QQ,"Butterfly Composition Notebook – Elegant Floral Design, 110 Pages, Perfect for Journaling, School, and Office Use: Aesthetic Butterfly and ... for Students, Professionals, and Writers",Luna Sterling,Paperback,"Dec 25, 2024",
0,https://www.amazon.com/dp/B0DRPG215N,B0DRPG215N,"Tyra: Personalized To Do List Notepad with Elegant Floral Design Cover. 120 Pages of Practicality and Charm. The Perfect Tyra Name Gift, Lined ... Goals. Enhance Your Efficiency and Style",Eleanor Rosewood,Paperback,"Dec 25, 2024",
0,https://www.amazon.com/dp/B0DRPFY5MY,B0DRPFY5MY,"Graph paper 4 x 4 composition notebook | 7 x 10 in (17.78 x 25.4 cm) 100 pages, paperback (Red)",Ann Njeri Watathi,Paperback,"Dec 25, 2024",
0,https://www.amazon.com/dp/B0DRPFVNXF,B0DRPFVNXF,"Valentina: Personalized To Do List Notepad with Elegant Floral Design Cover. 120 Pages of Practicality and Charm. The Perfect Valentina Name Gift, ... Goals. Enhance Your Efficiency and Style",Eleanor Rosewood,Paperback,"Dec 25, 2024",
0,https://www.amazon.com/dp/B0DRPFVG26,B0DRPFVG26,"Unique: Personalized To Do List Notepad with Elegant Floral Design Cover. 120 Pages of Practicality and Charm. The Perfect Unique Name Gift, Lined ... Goals. Enhance Your Efficiency and Style",Eleanor Rosewood,Paperback,"Dec 25, 2024",
0,https://www.amazon.com/dp/B0DRPF41MX,B0DRPF41MX,"Valeria: Personalized To Do List Notepad with Elegant Floral Design Cover. 120 Pages of Practicality and Charm. The Perfect Valeria Name Gift, Lined ... Goals. Enhance Your Efficiency and Style",Eleanor Rosewood,Paperback,"Dec 25, 2024",
0,https://www.amazon.com/dp/B0DRPDNZPC,B0DRPDNZPC,"Carnet Ligné Renard: Journal De Composition Theme Renard De Noël Pour Les Enfants, Les Amateurs De Nature, Les Artistes, Les Écrivains Et Pour Les Amoureux Des Animaux",Mélina Dupuy Edition,Paperback,"Dec 25, 2024",
0,https://www.amazon.com/dp/B0DRPBJCYX,B0DRPBJCYX,"I'm An Engineer I'm Good With Math: daily school Engineering journal, engineer Student Gift, Blank Lined Journal, Blank Lined Paper Notebook 6x9, Soft Cover, 110 Pages.",Medyox Medy,Paperback,"Dec 25, 2024",
0,https://www.amazon.com/dp/B0DRPB2SPK,B0DRPB2SPK,"Calculus - Julia Set Fractal - Graph Paper Notebook: size 8.5x11 inches, approximately portrait A4, 100 pages, 7mm grid, 0.25mm tickness",Dr. Fernando Pujaico Rivera,Paperback,"Dec 25, 2024",
0,https://www.amazon.com/dp/B0DRPB2QZD,B0DRPB2QZD,"Composition Notebook College Ruled: Elegant Vintage Journal with Black Floral Design, Perfect for Students, Writers, and Professionals",Just Vintage,Paperback,"Dec 25, 2024",
0,https://www.amazon.com/dp/B0DRP9YL76,B0DRP9YL76,"Composition Notebook: Vibrant and Inspiring Journal: Wide-Ruled, 120 Pages, 7.5” x 9.25” – Perfect for Creativity, School, and Work",chunho yun,Paperback,"Dec 25, 2024",
0,https://www.amazon.com/dp/B0DRP9P5X9,B0DRP9P5X9,"Composition Notebook College Ruled: Colorful Tulip Flowers Vintage Aesthetic Illustration, Perfect for Students, Writers, and Professionals",Just Vintage,Paperback,"Dec 25, 2024",
0,https://www.amazon.com/dp/B0GQMBSBLH,B0GQMBSBLH,True Science for Teachers: Reject Earth Science Lies,J. Marvin Herndon,Paperback,"Feb 27, 2026",
0,https://www.amazon.com/dp/B0DRJVN7C3,B0DRJVN7C3,The Mind Machine Revolution: Command Robots with the Power of Your Thoughts,Ricky Guiterrez,Paperback,"Dec 26, 2024",
0,https://www.amazon.com/dp/B0DRGJ6J28,B0DRGJ6J28,180 Interview Questions for Computational Biologists: Navigating Computational Biology Interviews,David Klein,Kindle,"Dec 25, 2024",
0,https://www.amazon.com/dp/B0DRHW4LNV,B0DRHW4LNV,"Technical Manual of Airship Aerodynamics: War Department February 11, 1941",War Department,Kindle,"February 11, 1941",
2,https://www.amazon.com/dp/B0DRJDR3Q1,B0DRJDR3Q1,"Exposing Deep State Science Mistakes, Lies and Environment Devastation",J. Marvin Herndon Ph.D.,Kindle,"Dec 25, 2024",
0,https://www.amazon.com/dp/B0DRGGSRJT,B0DRGGSRJT,"Off-Grid Solar Power For Beginners: Design, Install, And Maintain Off-Grid Solar Systems For Homes And Rvs",Patrick C. Lau,Paperback,"Dec 25, 2024",
0,https://www.amazon.com/dp/B0DQ4DN1H9,B0DQ4DN1H9,"2500+ Numbers, Jumbo Number Search Puzzle Book For Adults: large Print Puzzles for Hours of Mind-Engaging Fun",Jesus Schroeder,Paperback,"Dec 25, 2024",
0,https://www.amazon.com/dp/B0DRK9LXMK,B0DRK9LXMK,Swearing Cats With An Attitude Coloring Book: Hilarious and Sassy Cats for Stress Relief and Creative Fun: A Laugh-Out-Loud Coloring Experience with Cats Who Say What You're Thinking,Kd Per,Paperback,"Dec 25, 2024",
1,https://www.amazon.com/dp/B0DRGT3TQ1,B0DRGT3TQ1,The Little Crow Compendium: Decoding the Life and Lore of Corvids,Jens Peter Heuer,Paperback,"Dec 25, 2024",
0,https://www.amazon.com/dp/B0DTB6927B,B0DTB6927B,Revolution in Space Engineering: Mega-Structures and Cosmic Construction Technologies (Beyond the Stars: The Future Space Technologies),CAN BARTU H.,Kindle,"Dec 25, 2024",
0,https://www.amazon.com/dp/B0DRP99VS9,B0DRP99VS9,Mind in Motion: ADHD Parenting Simplified,Anna Sams,Kindle,"Dec 25, 2024",
0,https://www.amazon.com/dp/B0DRPFP9RR,B0DRPFP9RR,"Black Cover Dot Grid Notebook for Students & Professionals: 8.5 x 11 Inches | 120 Pages | Ideal for Notes, Sketches, and Planning",Any C.,Paperback,"Dec 25, 2024",
0,https://www.amazon.com/dp/B0DRP6S9DG,B0DRP6S9DG,"Cherry Blossom Colored Graph Paper Notebook: Decorative Squared Paper Notepad With Colorful Floral Backgrounds For Math Projects, Games, Scrapbooking, Paper Crafts",Pink Nebula,Paperback,"Dec 25, 2024",
2,https://www.amazon.com/dp/B0DQWFBFM1,B0DQWFBFM1,Craft: Elemental Gods,The Phantom Writer,Paperback,"Dec 25, 2024",
0,https://www.amazon.com/dp/B0DTBG367Y,B0DTBG367Y,Reaching for the Stars: The Technology and Physics of Breaking the Speed of Light (Beyond the Stars: The Future Space Technologies),CAN BARTU H.,Kindle,"Dec 25, 2024",
0,https://www.amazon.com/dp/B0DSFJ7FHY,B0DSFJ7FHY,The Tree of Infinity: The Cosmopoem of the Fractal Garden Trilogy (Fantasy Romance — The Fractal Garden),Alejandro Fiorenova,Kindle,"Dec 25, 2024",
0,https://www.amazon.com/dp/B0DS13WL22,B0DS13WL22,Cosmic Wreath Outer Space James Webb Composition Notebook: 110 College Ruled Pages,Beneva A McFarland,Paperback,"Dec 25, 2024",
0,https://www.amazon.com/dp/B0DRWH48NL,B0DRWH48NL,Intermediate Sudoku: A full sized 8.5x11 Brain-Training Puzzle Book,J B R,Paperback,"Dec 25, 2024",
0,https://www.amazon.com/dp/B0DRTB216P,B0DRTB216P,"Cozy Cat Cafe Coloring Book: Relax, Unwind, and Bring Charming Cat Cafe Scenes to Life with This Easy-to-Color Book",Steve Thor,Paperback,"Dec 25, 2024",
0,https://www.amazon.com/dp/B0DRSG4N15,B0DRSG4N15,"1500 puzzles for adults, teens, kids: A Book With 1500 various Sudoku Puzzles, Has 5 levels from Easy to genius for all ages",Sketch Sprout,Paperback,"Dec 25, 2024",
0,https://www.amazon.com/dp/B0DRS7BWB9,B0DRS7BWB9,"Button the Busy Bee: A Delightful Journey of Friendship and Finding Joy in the Meadow. A Tale of Patience, Nature, and Friendship.",Isabella Harbour,Kindle,"Dec 25, 2024",
0,https://www.amazon.com/dp/B0DRQVP7HJ,B0DRQVP7HJ,Meowt & Furious: Squared Notebook |School Notebook | 110 Page Meowty Notebook,Meowty Newton,Paperback,"Dec 25, 2024",
0,https://www.amazon.com/dp/B0DRPSHKV5,B0DRPSHKV5,Brain Power: Unleashing Neuroplasticity and Wellness,Mahjabin Ananna,Paperback,"Dec 25, 2024",
0,https://www.amazon.com/dp/B0DRPRP9S5,B0DRPRP9S5,"Brain Games Book for Adults: Large Print 90+ Relaxing Sudoku, Word Search, Maze Puzzles + BONUS Mandala Coloring Pages | Mind Training Activity Book | ... & Mental Exercise for Seniors, Adults & Teens",Mrs. Melisa Felder,Paperback,"Dec 25, 2024",
0,https://www.amazon.com/dp/B0DRPMCRFM,B0DRPMCRFM,"Composition Notebook College Ruled: Vintage Floral Aesthetic Design with Red Blooms – Perfect for Students, Writers, and Creatives",Just Vintage,Paperback,"Dec 25, 2024",
0,https://www.amazon.com/dp/B0DRPL8P77,B0DRPL8P77,"Monthly Bill Tracker Log Book: Organize, Budget, And Stay On Top Of Your Finances",Julia Ansumana,Paperback,"Dec 25, 2024",
0,https://www.amazon.com/dp/B0DRPKGXCC,B0DRPKGXCC,"Graph paper 4 x 4 composition notebook | 7 x 10 in (17.78 x 25.4 cm) 100 pages, paperback (Blue)",Ann Njeri Watathi,Paperback,"Dec 25, 2024",
0,https://www.amazon.com/dp/B0DRP92P76,B0DRP92P76,"Calculus - Sierpinski Fractal 3D - Graph Paper Notebook: size 8.5x11 inches, approximately portrait A4, 100 pages, 7mm grid, 0.25mm tickness",Dr. Fernando Pujaico Rivera,Paperback,"Dec 25, 2024",
0,https://www.amazon.com/dp/B0DRP6KHVR,B0DRP6KHVR,"I'm A Chemical Engineer I Solve Problems You Don't Know You Have In Ways You Can't Understand: Chemical engineer gifts, Notebook Engineer ... Paper Notebook 6x9, Soft Cover, 110 Pages.",Medyox Medy,Paperback,"Dec 25, 2024",
0,https://www.amazon.com/dp/B0DRNWFXK2,B0DRNWFXK2,"Variety Puzzle Book for Clever Kids Ages 8-12: Over 360 Puzzles with Solutions:Tic Tac Toe Grids and Logic,Math Exercises, Nurikabe, Hitori, Kakurasu, ... Word Scramble, Sudoku, Calcudoku, Mazes....",Fouad Ait Taleb,Paperback,"Dec 25, 2024",
0,https://www.amazon.com/dp/B0DRNQR57Q,B0DRNQR57Q,Woodland Escape: A Tranquil Coloring Journey into the Forest: Relax and Unwind with Serene Forest Scenes and Nature-Inspired Designs for Stress Relief and Creativity,John Blaze,Paperback,"Dec 25, 2024",
0,https://www.amazon.com/dp/B0DRNJ95LG,B0DRNJ95LG,Philosophy of Brevity,Aletheos Sophere,Kindle,"Dec 25, 2024",
0,https://www.amazon.com/dp/B0DRND8KS7,B0DRND8KS7,"""The Galactic Brain: Test Your Astronomy Knowledge"" ""Dive into sections with 30 expertly crafted questions: 10 easy to warm up, 10 medium to test ... Complete with answers with explanation",Mahi Publication,Paperback,"Dec 25, 2024",
0,https://www.amazon.com/dp/B0DRMJFQT2,B0DRMJFQT2,A Potential Agent for Promoting Repair in Neural Network Damage and Conditions: 5-Nonyloxytryptamine,Llama K,Paperback,"Dec 25, 2024",
0,https://www.amazon.com/dp/B0DRLJ5QPT,B0DRLJ5QPT,Sudoku puzzle book: +85 Big & Bold Puzzles | Medium Level: One Puzzle Per Page for Easy Solving with Answers in the Back | For All Ages,Studio FRANK,Paperback,"Dec 25, 2024",
0,https://www.amazon.com/dp/B0DRLH4C3Q,B0DRLH4C3Q,EASY Sudoku For Beginners: 300+ Easy Puzzles to Start Your Journey,Lumen Spark,Paperback,"Dec 25, 2024",
0,https://www.amazon.com/dp/B0DRL97ZTK,B0DRL97ZTK,Enchanted Gardens Coloring Book for Adults and Teens: 60 Grayscale Illustrative Images for Stress relief and Fun (Grayscale Creations),Dess Trent,Paperback,"Dec 25, 2024",
0,https://www.amazon.com/dp/B0DRL4ZSFZ,B0DRL4ZSFZ,Large Print Sudoku For Kids Ages 8-12: 200 Challenging And Fun Puzzles For Children From Medium To Hard,Brett Ortega,Paperback,"Dec 25, 2024",
1,https://www.amazon.com/dp/B0DRJKQCDC,B0DRJKQCDC,Wired Gardens: Sparking Young Minds With Electroculture (4 Kids),David Holman,Kindle,"Dec 25, 2024",
0,https://www.amazon.com/dp/B0DRJHVMH8,B0DRJHVMH8,Lights and Shadow: The Love of Earth and Moon (The Learner’s Series),Unathi Matyeke,Kindle,"Dec 25, 2024",
0,https://www.amazon.com/dp/B0DRJG2Y31,B0DRJG2Y31,"BIG SUR AND DIRECTED MENTAL CONSCIOUSNESS: The Amazing New Science of Health, Money, Love, and Happiness",Brent J. Jordan Esq.,Kindle,"Dec 25, 2024",
0,https://www.amazon.com/dp/B0DRJ9R2RX,B0DRJ9R2RX,BASIC BACTERIOLOGY SUPPLEMENTED WITH RECENT RESEARCH WORKS FROM ETHIOPIA: -,Dr. Zeleke Wolde Tenssay OTTORO,Kindle,"Dec 25, 2024",
0,https://www.amazon.com/dp/B0DRJ2CMM7,B0DRJ2CMM7,"Echoes of the Cosmos: A Woven Tapestry of Ancient Civilizations: A Comparative Analysis of Ancient China, Atlantis, Lemuria, and the Pleiades",Sophia Laurel Pack,Kindle,"Dec 25, 2024",
0,https://www.amazon.com/dp/B0DRJ1S5P5,B0DRJ1S5P5,The Autonomous Life Secrets of Nature and Survival: Self-production techniques Breeding and Natural Remedies. Gregor Falkner's advice The Mountaineer.,Gregor Falkner,Kindle,"Dec 25, 2024",
1,https://www.amazon.com/dp/B0DRJ1Q86W,B0DRJ1Q86W,A Manual on Statistical Analysis in Ayurveda Research,Dr Kadiroo Jayaraman,Kindle,"Dec 25, 2024",
0,https://www.amazon.com/dp/B0DRHX5R3W,B0DRHX5R3W,"Hack Yourself: How Biohacking is Making Human Enhancement Accessible to All: Making DIY Human Optimization Available, Affordable, and Achievable for Everyone",Dr Israel Carlos Lomovasky,Kindle,"Dec 25, 2024",
0,https://www.amazon.com/dp/B0DRHS7T6T,B0DRHS7T6T,Nervous system: Morphological and functional basis of signaling,Boris Mravec,Kindle,"Dec 25, 2024",
0,https://www.amazon.com/dp/B0DRGQGNYM,B0DRGQGNYM,Echoes of Narcism: Navigating the Maze of Manipulation,Rah Kon,Kindle,"Dec 25, 2024",
0,https://www.amazon.com/dp/B0DRG6R4W3,B0DRG6R4W3,Quivers of Reality: A Journey Through M-Theory and Lie Algebras,Oliver Vella,Kindle,"Dec 25, 2024",
0,https://www.amazon.com/dp/B0DRB1NVG4,B0DRB1NVG4,Space Race and Beyond - History and Future of Space Exploration,M Ali,Paperback,"Dec 25, 2024",
0,https://www.amazon.com/dp/B0DR1P9VYP,B0DR1P9VYP,Scenarics,Frank Michael Staerkert,Kindle,"Dec 25, 2024",
0,https://www.amazon.com/dp/B0DQGRN52Z,B0DQGRN52Z,GALAXY-QubitGrace-Bible: The Singularity Civilization Bible,Kujira Airplane,Kindle,"Dec 25, 2024",
0,https://www.amazon.com/dp/9819971942,9819971942,Planning for Urban Country: Taking First Nations Values into Future Urban Designs,David S. Jones,Kindle,"Dec 25, 2024",
5,https://www.amazon.com/dp/B0DRLHQTDD,B0DRLHQTDD,The Ultimate Guide to Stem Cell Therapy,Joshua Ketner,Kindle,"Dec 24, 2024",
1,https://www.amazon.com/dp/B0DRLGBGDH,B0DRLGBGDH,"Only The Strongest girls Become Civil Engineers: engineering notebook for School, Girl Civil Engineering Gift, Blank Lined Journal, Blank Lined Paper Notebook 6x9, Soft Cover, 110 Pages.",Medyox Medy,Paperback,"Dec 24, 2024",
1,https://www.amazon.com/dp/B0DRF98VCL,B0DRF98VCL,Judy: The Greatest Chimpanzee That Ever Lived,Mr. Ralph Helfer,Hardcover,"Dec 24, 2024",
0,https://www.amazon.com/dp/B0DRNPLT1N,B0DRNPLT1N,"Tracy: Personalized To Do List Notepad with Elegant Floral Design Cover. 120 Pages of Practicality and Charm. The Perfect Tracy Name Gift, Lined ... Goals. Enhance Your Efficiency and Style",Eleanor Rosewood,Paperback,"Dec 24, 2024",
0,https://www.amazon.com/dp/B0DRP3RLQZ,B0DRP3RLQZ,"Periodic Table Coloring Notebook for Chemistry, Science Studies, and Educational Fun | A4: 100 pages | Perfect for Students to Learn Chemistry, Explore the Periodic Table, and Enhance Science Skills",metebf Designs,Paperback,"Dec 24, 2024",
1,https://www.amazon.com/dp/B0DRFH7B5J,B0DRFH7B5J,From Dust to Data: How ILCD and ICD Codes Can Guide Genealogical Journeys,Thomas MacEntee,Kindle,"Dec 24, 2024",
0,https://www.amazon.com/dp/B0DRDHCHLR,B0DRDHCHLR,"The Little Coffee Table Book: Labradors: Featuring stunning photos and engaging content, this book is perfect for dog lovers of all ages.",MEHCO by Design,Paperback,"Dec 24, 2024",
1,https://www.amazon.com/dp/B0DRDGGVZC,B0DRDGGVZC,"Work Hard, Laugh Harder: Bad Jokes for Good Engineers",Quinn Reed,Paperback,"Dec 24, 2024",
0,https://www.amazon.com/dp/B0DRJVZH6D,B0DRJVZH6D,Counting and Writing Numbers to 1000: For Grades 2 and 3.,Mr. HOCINE BOUMESSID,Paperback,"Dec 24, 2024",
0,https://www.amazon.com/dp/B0DRP32FL2,B0DRP32FL2,"Wolf Notebook - Green Edition: Wolf Lined Journal Gift for Wolf Lovers | 120 Wide-Ruled Pages, Paperback",Asha Madushani,Paperback,"Dec 24, 2024",
0,https://www.amazon.com/dp/B0DRG4Y5M1,B0DRG4Y5M1,1974 Speakerlab Catalog – A Nostalgic Journey Through Audio History,Speaker Builder,Paperback,"Dec 24, 2024",
0,https://www.amazon.com/dp/B0DRL9G73J,B0DRL9G73J,Quantum Physics and Photochemistry: Understanding Light-Matter Interactions for Scientific Innovation (The Secret Science Of Wellness),The Secret Science of wellness,Kindle,"Dec 24, 2024",
1,https://www.amazon.com/dp/B0DRJ2TDCZ,B0DRJ2TDCZ,"1000 9X9 Sudoku Puzzles Book#1: LARGE 6 Puzzles Per Page. Teens, Adults & Seniors. All Levels: Easy, Medium & Hard. Printed Solutions. Challenging ... Hours of fun, keep your brain active.",Rachel Hansen,Paperback,"Dec 24, 2024",
0,https://www.amazon.com/dp/B0DRGQDC7J,B0DRGQDC7J,AN EPITOME OF ELECTRICITY & GALVANISM.,Jacob Green,Kindle,"Dec 24, 2024",
0,https://www.amazon.com/dp/B0DTC5VYL5,B0DTC5VYL5,Quaternary Quotient: Dividing Time by Ice Ages,Obadiah Carter,Paperback,"Dec 24, 2024",
0,https://www.amazon.com/dp/B0DS6FRNHW,B0DS6FRNHW,Catoptric Conversations: Reflections on Light,Waldo Hersey,Paperback,"Dec 24, 2024",
0,https://www.amazon.com/dp/B0DRYG85XM,B0DRYG85XM,Natural Remedies for Pet Health Resources: Simple Solutions for Everyday Health anbd Wellness (Natural Remedies Series),Claiborne  C Patrick,Kindle,"Dec 24, 2024",
0,https://www.amazon.com/dp/B0DRSCQ8WP,B0DRSCQ8WP,"300 Large Print Sudoku Puzzles with Easy to Hard difficulty. Book includes puzzle solutions, how to play instructions with Tips & Tricks to master the game.",Fox Hill Studios,Paperback,"Dec 24, 2024",
0,https://www.amazon.com/dp/B0DRPCZTBF,B0DRPCZTBF,"Composition Notebook College Ruled: Pink River at Sunset: Writing Journal for School, Students, Engineers and Writers with 100 College Ruled Pages (7.5""x9.25"")",Alex Krotov,Paperback,"Dec 24, 2024",
0,https://www.amazon.com/dp/B0DRNXV81M,B0DRNXV81M,Dino Might | A T-Rex Notebook for Big Ideas: 7.5 x 9.25 | 110 lined pages,Solid Rock Publishing,Paperback,"Dec 24, 2024",
0,https://www.amazon.com/dp/B0DRNXNHX8,B0DRNXNHX8,"Graph Paper Notebook 8.5 x 11 | 120 Pages | 4x4 Grid | Quad Ruled Composition Notebook for Students, Artists, Engineers, and Designers",Publisia Books,Paperback,"Dec 24, 2024",
0,https://www.amazon.com/dp/B0DRNXB1B6,B0DRNXB1B6,Astronaut Moves | A Notebook for Space Fans: 7.5 x 9.25 | 110 lined pages,Solid Rock Publishing,Paperback,"Dec 24, 2024",
0,https://www.amazon.com/dp/B0DRNWQ6NZ,B0DRNWQ6NZ,SUDOKU Paradise: Exercise your brain with puzzles from Very Easy to Very Hard - suitable for people of any age or skill level!,KimKel Designs,Paperback,"Dec 24, 2024",
0,https://www.amazon.com/dp/B0DRNVQ1HG,B0DRNVQ1HG,Large Print Sudoku for Adults: Puzzles for anyone who prefers text which is easy to read,KimKel Designs,Paperback,"Dec 24, 2024",
0,https://www.amazon.com/dp/B0DRNRT5JT,B0DRNRT5JT,"Graph Paper Notebook: Grid Paper for Math and Science, 5 x 5 Squares, Ideal for Precision Drawings, Graphs, and Diagrams",Toby Motley,Paperback,"Dec 24, 2024",
0,https://www.amazon.com/dp/B0DRNR7Y7L,B0DRNR7Y7L,"Tyler: Personalized To Do List Notepad with Elegant Floral Design Cover. 120 Pages of Practicality and Charm. The Perfect Tyler Name Gift, Lined ... Goals. Enhance Your Efficiency and Style",Eleanor Rosewood,Paperback,"Dec 24, 2024",
0,https://www.amazon.com/dp/B0DRNPWXR6,B0DRNPWXR6,"Trinity: Personalized To Do List Notepad with Elegant Floral Design Cover. 120 Pages of Practicality and Charm. The Perfect Trinity Name Gift, Lined ... Goals. Enhance Your Efficiency and Style",Eleanor Rosewood,Paperback,"Dec 24, 2024",
0,https://www.amazon.com/dp/B0DRNPVX55,B0DRNPVX55,"Astronomy Log Book for Kids: A thoughtful gift for both boys and girls, the Stargazing Journal allows young sky watchers to record their observations of the night sky",John Wick,Paperback,"Dec 24, 2024",
0,https://www.amazon.com/dp/B0DRNN45VF,B0DRNN45VF,"Graph Paper Notebook: Grid Paper for Math and Science, 5 x 5 Squares, Ideal for Precision Drawings, Graphs, and Diagrams",Toby Motley,Paperback,"Dec 24, 2024",
0,https://www.amazon.com/dp/B0DRNMYDVC,B0DRNMYDVC,"Just a Girl Who Loves Wolves - Pink Edition: Wolf Notebook for Girls | Great Wolf Gift, 120 Wide-Ruled Pages, Paperback",Asha Madushani,Paperback,"Dec 24, 2024",
0,https://www.amazon.com/dp/B0DRNLK3MD,B0DRNLK3MD,"Composition Notebook: Vibrant and Inspiring Journal: Wide-Ruled, 120 Pages, 7.5” x 9.25” – Perfect for Creativity, School, and Work",chunho yun,Paperback,"Dec 24, 2024",
0,https://www.amazon.com/dp/B0DRNL5KDH,B0DRNL5KDH,"Elegant Simplicity: A 7x10 College-Ruled Notebook (200 Pages): Minimalist Tree Design – Perfect for Journaling, Notes, and Daily Writing",Sidney Greyson Linder,Hardcover,"Dec 24, 2024",
0,https://www.amazon.com/dp/B0DRNKZ1MF,B0DRNKZ1MF,"Graph Paper Notebook: Grid Paper for Math and Science, 5 x 5 Squares, Ideal for Precision Drawings, Graphs, and Diagrams",Toby Motley,Paperback,"Dec 24, 2024",
0,https://www.amazon.com/dp/B0DRNJC883,B0DRNJC883,"Floral Composition Notebook: Elegant Tropical Flower Design: Simple Notebook for School, Work and Diary | 110 Page Line Notes , Pretty Writing Journal",Luna Sterling,Paperback,"Dec 24, 2024",
0,https://www.amazon.com/dp/B0GWLFBZKG,B0GWLFBZKG,"NASA Artemis II: Space Mission Design, Engineering, and Economics of the Artemis Program (The Applied Aerospace Engineering Series)",Adrian Caldwell,Paperback,"Apr 8, 2026",
0,https://www.amazon.com/dp/B0GSVSX3HH,B0GSVSX3HH,"100 Days of Timed Tests: Division with Remainders: Advanced Math Drills for Grades 3-4, Ages 8-10 | Step-by-Step Division Practice Workbook",Daniel Bennett,Paperback,"Mar 16, 2026",
0,https://www.amazon.com/dp/B0DRNFBZ99,B0DRNFBZ99,"Composition Notebook College Ruled: Pink and Blue Flowers Vintage Aesthetic Illustration, Perfect for Students, Writers, and Professionals",Just Vintage,Paperback,"Dec 24, 2024",
0,https://www.amazon.com/dp/B0DRNDGXPT,B0DRNDGXPT,"Composition Notebook: Vibrant and Inspiring Journal: Wide-Ruled, 120 Pages, 7.5” x 9.25” – Perfect for Creativity, School, and Work",chunho yun,Paperback,"Dec 24, 2024",
0,https://www.amazon.com/dp/B0DRN82CP6,B0DRN82CP6,"Math Notebook: a 6x9 inch mathematical tool, all pages filled with 2 squares per 1 inch. Child or student's perfect Note Book",M&T Team,Paperback,"Dec 24, 2024",
0,https://www.amazon.com/dp/B0DRN7GQXH,B0DRN7GQXH,"Composition Notebook College Ruled: Gold Flowers Vintage Aesthetic Illustration, Perfect for Students, Writers, and Professionals",Just Vintage,Paperback,"Dec 24, 2024",
0,https://www.amazon.com/dp/B0DRN6BS7X,B0DRN6BS7X,"Composition Notebook: Vibrant and Inspiring Journal: Wide-Ruled, 120 Pages, 7.5” x 9.25” – Perfect for Creativity, School, and Work",chunho yun,Paperback,"Dec 24, 2024",
0,https://www.amazon.com/dp/B0DRN6BD8N,B0DRN6BD8N,"Astronomy Log Book for Kids: A thoughtful gift for both boys and girls, the Stargazing Journal allows young sky watchers to record their observations of the night sky",John Wick,Paperback,"Dec 24, 2024",
0,https://www.amazon.com/dp/B0DRMF36KS,B0DRMF36KS,Achieving Sustainability With Ai Technologies,Vishal Jain,Hardcover,"Dec 24, 2024",
0,https://www.amazon.com/dp/B0DRMBVPRM,B0DRMBVPRM,Continuation of the Species,Thomas Monroe,Hardcover,"Dec 24, 2024",
0,https://www.amazon.com/dp/B0DRM6TXYW,B0DRM6TXYW,Vitamin C and 5-Aza Drive Heart Progenitor Transformation into Heart Muscle Cells by Suppressing the β-catenin Pathway,Marina M,Paperback,"Dec 24, 2024",
0,https://www.amazon.com/dp/B0DRLJ12H7,B0DRLJ12H7,"Composition Notebook College Ruled: Grey Flowers Vintage Aesthetic Illustration, Perfect for Students, Writers, and Professionals",Just Vintage,Paperback,"Dec 24, 2024",
0,https://www.amazon.com/dp/B0DRLF3WWG,B0DRLF3WWG,"Only The Strongest men Become Engineers: mechanical engineering journal, personalized journal engineering quotes, Blank Lined Journal, Blank Lined Paper Notebook 6x9, Soft Cover, 110 Pages.",Medyox Medy,Paperback,"Dec 24, 2024",
0,https://www.amazon.com/dp/B0DRLDQS11,B0DRLDQS11,Sudoku Book For Adults: Large Print | Sudoku Puzzle Book with Solutions | 6x9 | BIG PRINT | 250 Puzzles for Difficult Skill Level,The Book Store,Paperback,"Dec 24, 2024",
0,https://www.amazon.com/dp/B0DRJT4HQ3,B0DRJT4HQ3,Brain Boosting Soduku: Puzzles For Adults And Seniors,Pagdilao Publishing,Paperback,"Dec 24, 2024",
0,https://www.amazon.com/dp/B0DRJQV4GW,B0DRJQV4GW,"Fun Logic Math and Brain Games Adventure Activity Workbook: All In One Math, Brain Games, Puzzles, Fun and Adventure Book for Genius Kids",Nabi Nurun,Paperback,"Dec 24, 2024",
0,https://www.amazon.com/dp/B0DRJPYQCV,B0DRJPYQCV,"Fun Logic and Math Activity Workbook for Kids: Addition, Subtraction, Multiplication, Division, and Counting Exercises for Future Talents",Nabi Nurun,Paperback,"Dec 24, 2024",
1,https://www.amazon.com/dp/B0DRJLZXR9,B0DRJLZXR9,Calculus Workbook For Everyone (Counting To Calculus),Amos  G Tarfa,Paperback,"Dec 24, 2024",
0,https://www.amazon.com/dp/B0DRJ67XD5,B0DRJ67XD5,Fractal 621: Extra Large Print Cross Stitch Pattern,Cross Stitch Collectibles,Paperback,"Dec 24, 2024",
0,https://www.amazon.com/dp/B0DRJ1889X,B0DRJ1889X,"Fun With Fractals Coloring Book: 55 Fractal Illustrations To Color In For Pleasure, Relaxation And Stress Relief.",Lorna MacKinnon,Paperback,"Dec 24, 2024",
0,https://www.amazon.com/dp/B0DRGYTN8V,B0DRGYTN8V,"Sudoku for Kids Ages 6-12: 400+ Easy Puzzles in 4X4, 6X6, 9X9 – Fun and Simple Way to Boost Brain Power and Enhance Problem-Solving Skills",A&G Creative studio,Paperback,"Dec 24, 2024",
0,https://www.amazon.com/dp/B0DRGXW7LD,B0DRGXW7LD,"Sudoku for Kids Ages 6-12: 400+ Puzzles in 4x4, 6x6, and 9x9 – Easy, Medium, and Hard to Enhance Your Brain Power",A&G Creative studio,Paperback,"Dec 24, 2024",
0,https://www.amazon.com/dp/B0DRFZ6JKN,B0DRFZ6JKN,"How to Train Your Rottweiler: The Essential Guide to Obedience, Socialization, and Advanced Commands for Raising a Family Friendly Guardian Dog (The Dog Trainer’s Handbook)",Willow Peterson,Kindle,"Dec 24, 2024",
1,https://www.amazon.com/dp/B0DRFXP6CL,B0DRFXP6CL,"Astronomy Meets Islamic Faith: A Guide to Moon Sighting: Discover the science, the significance, and the stories that unfold beneath the moon’s glow",HASSAN HASSAN,Kindle,"Dec 24, 2024",
0,https://www.amazon.com/dp/B0DRFX1CP3,B0DRFX1CP3,"Gastronot's Symphony of Flavors: The Science of Taste and Sound in Dining: Exploring the Intersection of Taste, Sound, and Multisensory Dining",Ali Fikri Özseven,Hardcover,"Dec 24, 2024",
0,https://www.amazon.com/dp/B0DRFMLRLW,B0DRFMLRLW,"The Ruby: Secrets, Science and Splendor: How Ruby Became a Collectible and Investment Gemstone",Dr Philippe CADIC,Kindle,"Dec 24, 2024",
0,https://www.amazon.com/dp/B0DRFJ3HTS,B0DRFJ3HTS,STRONGLY-DOMINATING SET In Neutrosophic SuperHyperGraphs,Dr. Henry Garrett,Kindle,"Dec 24, 2024",
0,https://www.amazon.com/dp/B0DRFGXL45,B0DRFGXL45,Global Energy And Warming,Hossain KA PhD,Kindle,"Dec 24, 2024",
0,https://www.amazon.com/dp/B0DRFGMFYR,B0DRFGMFYR,The Gadfly,Dandy Ahuruonye,Kindle,"Dec 24, 2024",
2,https://www.amazon.com/dp/B0DRFC45QB,B0DRFC45QB,The Wasp-Mimicking Longhorn Beetles: A Photographic Exploration of Five Necydalis Species,Office Atact,Kindle,"Dec 24, 2024",
0,https://www.amazon.com/dp/B0DRF92TVY,B0DRF92TVY,Liam the Little Scientist,Mira Haryz,Kindle,"Dec 24, 2024",
0,https://www.amazon.com/dp/B0DRF6YPYJ,B0DRF6YPYJ,Coulomb Checkerboard Distributions and the Casimir Effect: Possible Connections to the Fine Structure Constant (Complete Works of Irshadullah Khan),Irshadullah Khan,Paperback,"Dec 24, 2024",
0,https://www.amazon.com/dp/B0DRDG4394,B0DRDG4394,Gbano's Dream of Farming at Olomoro Village!: Feed The World Hungry People Through Farming - A Picture Book for Children,Dr Alfred Egedovo,Kindle,"Dec 24, 2024",
0,https://www.amazon.com/dp/B0DRDDYXXG,B0DRDDYXXG,What is Gravitation ? (physics),Manoranjan ghoshal,Kindle,"Dec 24, 2024",
0,https://www.amazon.com/dp/B0DQTBH1CX,B0DQTBH1CX,A linguistic journey through Western Europe,Oliver Rappitsch,Kindle,"Dec 24, 2024",
0,https://www.amazon.com/dp/9815256610,9815256610,The Role of Microbes and Microbiomes in Ecosystem Restoration (Microbes and Microbiomes for Clean and Green Environment),Shiv Prasad,Kindle,"Dec 24, 2024",
0,https://www.amazon.com/dp/9364734548,9364734548,Studies in Spermatogenesis (Part 2),N M Stevens,Kindle,"Dec 24, 2024",
5,https://www.amazon.com/dp/B0DRGN5XND,B0DRGN5XND,"Convex Analysis and Optimization, 1st Edition [Print Replica] Paperback (March 8, 2004)",Monique Wilson,Paperback,"March 8, 2004",
1,https://www.amazon.com/dp/B0DR8ZLFRZ,B0DR8ZLFRZ,Ley Lines 2025: Earth Energy Explained,Chuck Miller,Kindle,"Dec 23, 2024",
0,https://www.amazon.com/dp/B0DRKKC474,B0DRKKC474,HELP! My Dog is Getting Old Health Workbook: Practical Tools for Caring for Your Senior Dog (Naturally Healthy Dogs),Sharon Tamplin DVM,Paperback,"Dec 23, 2024",
1,https://www.amazon.com/dp/B0DRD6N2DC,B0DRD6N2DC,Neuroscience of Pornography Addiction,Kendir Ramiz,Kindle,"Dec 23, 2024",
4,https://www.amazon.com/dp/B0DRCC4NWP,B0DRCC4NWP,"Beyond the Clockwork Universe: Consciousness, Time, and Infinite Potential (Threads of the Infinite: Explorations into Consciousness, Creation, Emptiness, and Hidden Dimensions)",Arnon Daniel Katz,Paperback,"Dec 23, 2024",
0,https://www.amazon.com/dp/B0DR92W5KQ,B0DR92W5KQ,180 Interview Questions for Cheminformaticians,David Klein,Kindle,"Dec 23, 2024",
0,https://www.amazon.com/dp/B0DRGD5VSG,B0DRGD5VSG,"Competitive Number Theory: Master the Secrets of Divisibility, Primes, and Mathematical Proofs for Math Competition Success (Mathematical Competitions. Levels A1-A2)",Tatiana Babicheva,Paperback,"Dec 23, 2024",
1,https://www.amazon.com/dp/B0DRCZ3G3W,B0DRCZ3G3W,My First Counting in Sports Book (My First Counting Book (Diamond Series)),Dr. Jadedra Gilmore-Barber,Kindle,"Dec 23, 2024",
0,https://www.amazon.com/dp/B0DRCWLBL8,B0DRCWLBL8,"The Little Coffee Table Book: Golden Retrievers: Packed with fascinating facts, heartwarming anecdotes, and helpful tips, this book celebrates everything that makes these beloved dogs extraordinary.",MEHCO by Design,Paperback,"Dec 23, 2024",
0,https://www.amazon.com/dp/B0DRCHJVLH,B0DRCHJVLH,The Warrior’s Mindset: Psychological Warfare for Mental Resilience,Jason Wolf,Paperback,"Dec 23, 2024",
0,https://www.amazon.com/dp/B0DRDVJSNZ,B0DRDVJSNZ,Soroban Mastery Series: Beginners' Workbook,Miss Someity,Kindle,"Dec 23, 2024",
0,https://www.amazon.com/dp/B0DRMD2TNR,B0DRMD2TNR,Integrating Architecture and Design into Sustainable Tourism Development (Premier Research Source),Farzaneh Hosseini,Hardcover,"Dec 23, 2024",
0,https://www.amazon.com/dp/B0DQY765B8,B0DQY765B8,"The Laws of Our G: & the Purpose of Humanity: Time is Everything. In Prose: ""And So"" demonstrates that Time is of the Essence.",Can't Say,Paperback,"Dec 23, 2024",
2,https://www.amazon.com/dp/B0DPRFF7FF,B0DPRFF7FF,Philosophers Stone,Henry Kroll,Kindle,"Dec 23, 2024",
0,https://www.amazon.com/dp/B0DRCVYL6T,B0DRCVYL6T,"The Food Economy: How Free Markets Fuel Agriculture and Feed the World (America’s Crossroads: Capitalism, Policy, and Power)",Angel Marqués,Kindle,"Dec 23, 2024",
0,https://www.amazon.com/dp/B0DQ4HR6TR,B0DQ4HR6TR,2025 Large Print Number Search Puzzle Book For Adults: A Fun and Relaxing Puzzle Book with Large Print for Easy Reading,Michelle Hickle,Paperback,"Dec 23, 2024",
0,https://www.amazon.com/dp/B0DRC31TWS,B0DRC31TWS,THE ANT-KILLING ZOMBIE ANT-FUNGUS: Understanding the fascinating life cycle and what it means for human life existence (THE WORLD'S AMAZING CREATURES),Anthony Lawrence,Kindle,"Dec 23, 2024",
0,https://www.amazon.com/dp/B0DRD19J8G,B0DRD19J8G,Understanding Mathematical Functions and Operations through Graphing,Tong Wu,Paperback,"Dec 23, 2024",
0,https://www.amazon.com/dp/B0DRHT3G7P,B0DRHT3G7P,"Encyclopedia: Learn About Anaconda Snake: Knowledge Encyclopedia For Children, books for learn wild animals, awesome animals books",Mr. Nab,Paperback,"Dec 23, 2024",
1,https://www.amazon.com/dp/B0DRJZ96P8,B0DRJZ96P8,Atomic Geometry and Synchronized Electrodynamic Bonding: The atom - without quantum,Mr David William Peel,Kindle,"Dec 23, 2024",
0,https://www.amazon.com/dp/B0DRCTMWR2,B0DRCTMWR2,The Evolution of Difference: Autism as the Next Step in Human Evolution,Michael R. Mathews Sr.,Kindle,"Dec 23, 2024",
3,https://www.amazon.com/dp/B0DR93FNC9,B0DR93FNC9,Moonstruck: The Untold Story of the Lunar Hoax,Ethan Gray,Kindle,"Dec 23, 2024",
0,https://www.amazon.com/dp/B0DTG9JMX3,B0DTG9JMX3,Quick Start Your Homestead Goats: Including Dairy & Meat Goats (The Little Red Farm's How To Homestead Series),Mindy McGrew,Paperback,"Dec 23, 2024",
0,https://www.amazon.com/dp/B0DT9BPWGR,B0DT9BPWGR,The Spectrum of Reality: Understanding Color and Perception (The Mysteries of Perception),Prof Adewale,Paperback,"Dec 23, 2024",
0,https://www.amazon.com/dp/B0DRSV8MM3,B0DRSV8MM3,The Future of Science: Innovations That Will Change the World,Zeeshan Kayani,Paperback,"Dec 23, 2024",
0,https://www.amazon.com/dp/B0DRPKRF1Z,B0DRPKRF1Z,Progressive Kakuro Puzzles for Adults: A Brain-Teaser Puzzle Book with Cross Sums: Book 1 - Easy,Enigma Forge,Paperback,"Dec 23, 2024",
0,https://www.amazon.com/dp/B0DRMKDYNS,B0DRMKDYNS,Skyward Journeys: A Birding Life,Shar MD,Kindle,"Dec 23, 2024",
0,https://www.amazon.com/dp/B0DRM7FX94,B0DRM7FX94,The Wild Journey: Exploring the Hidden Corners of Earth,Anila Asif,Paperback,"Dec 23, 2024",
0,https://www.amazon.com/dp/B0DRM6G6LZ,B0DRM6G6LZ,"Nexus of Ai, Climatology and Urbanism for Smart Cities",Fahri zsungur,Hardcover,"Dec 23, 2024",
0,https://www.amazon.com/dp/B0DRLCL5MD,B0DRLCL5MD,Graph Book for Creating Line and Bar Graphs: 50 Graph pages+50 Notes pages,KIDZEE Publications,Hardcover,"Dec 23, 2024",
0,https://www.amazon.com/dp/B0DRL9GNCR,B0DRL9GNCR,"Composition Notebook College Ruled: Light Blu Flowers Vintage Aesthetic Illustration, Perfect for Students, Writers, and Professionals",Just Vintage,Paperback,"Dec 23, 2024",
0,https://www.amazon.com/dp/B0DRL35QWD,B0DRL35QWD,Luminous Drifters | A Notebook of Shimmering Inspiration: 7.5 x 9.25 inches | 110 lined pages | Jellyfish Themed,Solid Rock Publishing,Paperback,"Dec 23, 2024",
0,https://www.amazon.com/dp/B0DRL2QJB2,B0DRL2QJB2,"Composition Notebook College Ruled: Daisies and Roses Vintage Aesthetic Illustration, Perfect for Students, Writers, and Professionals",Just Vintage,Paperback,"Dec 23, 2024",
0,https://www.amazon.com/dp/B0DRL2GY6B,B0DRL2GY6B,"Farm Management Record Keeping Book: Farming Organizer Journal for Livestock Tracking, Equipment Inventory, Repairs, Income, and Expenses",Hallaci Issam,Paperback,"Dec 23, 2024",
2,https://www.amazon.com/dp/1975219872,1975219872,"BRS Biochemistry, Molecular Biology, and Genetics (Board Review Series)",Michael A. Lieberman PhD,Paperback,"Jan 10, 2025",
0,https://www.amazon.com/dp/B0DRL1MTL3,B0DRL1MTL3,Otter love composition notebook with 120 lined pages - college ruled: for otter friends - margin on left hand side,Karoline Leitner,Paperback,"Dec 23, 2024",
0,https://www.amazon.com/dp/B0DRKVWRJS,B0DRKVWRJS,"Farm Management Record Keeping Book: Farming Organizer Journal for Livestock Tracking, Equipment Inventory, Repairs, Income, and Expenses",Issam Hallaci,Paperback,"Dec 23, 2024",
0,https://www.amazon.com/dp/B0DRKRLY31,B0DRKRLY31,Wild Wonders - Amazing Animals and Their Fascinating Facts! A-C: Volume 1 of 4,Bear Paw Books,Paperback,"Dec 23, 2024",
0,https://www.amazon.com/dp/B0DRKR7DL6,B0DRKR7DL6,"Farm Management Record Keeping Book: Farming Organizer Journal for Livestock Tracking, Equipment Inventory, Repairs, Income, and Expenses",Sallah Hallaci,Paperback,"Dec 23, 2024",
0,https://www.amazon.com/dp/B0DRKQPJ22,B0DRKQPJ22,"Graph Paper Notebook: Grid Paper for Math and Science, 5 x 5 Squares, Ideal for Precision Drawings, Graphs, and Diagrams",Toby Motley,Paperback,"Dec 23, 2024",
0,https://www.amazon.com/dp/B0DRKNL3G5,B0DRKNL3G5,"Farm Management Record Keeping Book: Farming Organizer Journal for Livestock Tracking, Equipment Inventory, Repairs, Income, and Expenses",Hallaci Mohamed,Paperback,"Dec 23, 2024",
0,https://www.amazon.com/dp/B0DRKN7LC8,B0DRKN7LC8,"Vivid Forest: A College-Ruled 7x10 Notebook (200 Pages): Bright and Bold Forest Design for Daily Writing, Journaling, and Planning",Sidney Greyson Linder,Hardcover,"Dec 23, 2024",
0,https://www.amazon.com/dp/B0DRKKQ2WC,B0DRKKQ2WC,"Farm Management Record Keeping Book: Farming Organizer Journal for Livestock Tracking, Equipment Inventory, Repairs, Income, and Expenses",Hallaci Sallah,Paperback,"Dec 23, 2024",
0,https://www.amazon.com/dp/B0DRKFC21L,B0DRKFC21L,Forklift Inspection Checklist Log Book: Forklift Safety Check and Maintenance Record Book,Rhett Maddpo,Paperback,"Dec 23, 2024",
0,https://www.amazon.com/dp/B0DRK9BKB8,B0DRK9BKB8,Golden Retriever With Flowers Journal: a GRAFH notebook for self-expression,JumpJammies Journals,Hardcover,"Dec 23, 2024",
0,https://www.amazon.com/dp/B0DRK8DLR6,B0DRK8DLR6,"Graph Paper Notebook: Grid Paper for Math and Science, 5 x 5 Squares, Ideal for Precision Drawings, Graphs, and Diagrams",Toby Motley,Paperback,"Dec 23, 2024",
0,https://www.amazon.com/dp/B0DRK7CQN2,B0DRK7CQN2,"Graph Paper Notebook: Ideal for Precision Drawings, Graphs, and Diagrams, Graph Paper 5 x 5 Squares",Toby Motley,Paperback,"Dec 23, 2024",
0,https://www.amazon.com/dp/B0GVMXH63Y,B0GVMXH63Y,"Mechanical Engineering Made Clear: Core Principles, Visual Diagrams, and Fully Worked Examples for Machines, Motion, Design, and Everyday Applications",Franklin  W. Rowen,Paperback,"Mar 31, 2026",
0,https://www.amazon.com/dp/B0DRK5J1BK,B0DRK5J1BK,"Composition Notebook: Vibrant and Inspiring Journal: Wide-Ruled, 120 Pages, 7.5” x 9.25” – Perfect for Creativity, School, and Work",chunho yun,Paperback,"Dec 23, 2024",
0,https://www.amazon.com/dp/B0DRK5HKNC,B0DRK5HKNC,"Graph Paper Notebook: Grid Paper for Math and Science, 5 x 5 Squares, Ideal for Precision Drawings, Graphs, and Diagrams",Toby Motley,Paperback,"Dec 23, 2024",
0,https://www.amazon.com/dp/B0DRK52VV8,B0DRK52VV8,"Bird Watching Log Book: Small Birding Journal to Track & Record Bird Sightings Size ""5 x 8""",elaid hassouni,Paperback,"Dec 23, 2024",
0,https://www.amazon.com/dp/B0DRK27VTX,B0DRK27VTX,"Composition Notebook: Vibrant and Inspiring Journal: Wide-Ruled, 120 Pages, 7.5” x 9.25” – Perfect for Creativity, School, and Work",chunho yun,Paperback,"Dec 23, 2024",
0,https://www.amazon.com/dp/B0DRK27H9J,B0DRK27H9J,Transforming Curious Minds: Hands-On Science Adventures Teens Can Enjoy at Home,Asher Clarke,Kindle,"Dec 23, 2024",
0,https://www.amazon.com/dp/B0DRJYB4FZ,B0DRJYB4FZ,"Composition Notebook: Vibrant and Inspiring Journal: Wide-Ruled, 120 Pages, 7.5” x 9.25” – Perfect for Creativity, School, and Work",chunho yun,Paperback,"Dec 23, 2024",
0,https://www.amazon.com/dp/B0DRJSVTSY,B0DRJSVTSY,"I Am An Engineer To Save Time Let's Assume That I'm Always Right: Cool Engineers Sarcasm, funny joke Engineer gifts idea, Blank Lined Journal, Blank Lined Paper Notebook 6x9, Soft Cover, 110 Pages.",Medyox Medy,Paperback,"Dec 23, 2024",
0,https://www.amazon.com/dp/B0DRJS6Q71,B0DRJS6Q71,"I'm A Chemical Engineer To Save Time Let's Assume I'm Never Wrong: Engineering Student Graduation Gift, meeting journal Chemical Engineer, Blank Lined ... Paper Notebook 6x9, Soft Cover, 110 Pages.",Medyox Medy,Paperback,"Dec 23, 2024",
0,https://www.amazon.com/dp/B0DRJMPHXQ,B0DRJMPHXQ,Graph Paper Notebook Cover V301,Thomas McDowell,Paperback,"Dec 23, 2024",
0,https://www.amazon.com/dp/B0DRJMNR9F,B0DRJMNR9F,"Calculus - Sierpinski Fractal 2D - Graph Paper Notebook: size 8.5x11 inches, approximately portrait A4, 100 pages, 7mm grid, 0.25mm tickness",Dr. Fernando Pujaico Rivera,Paperback,"Dec 23, 2024",
0,https://www.amazon.com/dp/B0DRJKVHY7,B0DRJKVHY7,"Geometry - Sierpinski Fractal 3D - Graph Paper Notebook: size 8.5x11 inches, approximately portrait A4, 100 pages, 7mm grid, 0.25mm tickness",Dr. Fernando Pujaico Rivera,Paperback,"Dec 23, 2024",
0,https://www.amazon.com/dp/B0DRJKBWJM,B0DRJKBWJM,"Algebra - Sierpinski Fractal 3D - Graph Paper Notebook: size 8.5x11 inches, approximately portrait A4, 100 pages, 7mm grid, 0.25mm tickness",Dr. Fernando Pujaico Rivera,Paperback,"Dec 23, 2024",
0,https://www.amazon.com/dp/B0DRJHYXWH,B0DRJHYXWH,"Tori: Personalized To Do List Notepad with Elegant Floral Design Cover. 120 Pages of Practicality and Charm. The Perfect Tori Name Gift, Lined ... Goals. Enhance Your Efficiency and Style",Eleanor Rosewood,Paperback,"Dec 23, 2024",
0,https://www.amazon.com/dp/B0DRJHDQ5S,B0DRJHDQ5S,"Toni: Personalized To Do List Notepad with Elegant Floral Design Cover. 120 Pages of Practicality and Charm. The Perfect Toni Name Gift, Lined ... Goals. Enhance Your Efficiency and Style",Eleanor Rosewood,Paperback,"Dec 23, 2024",
0,https://www.amazon.com/dp/B0DRJH7MPN,B0DRJH7MPN,Notebook: A College Ruled Lined Notebook with Crumpled Blue Paper Design,MI Print3d,Paperback,"Dec 23, 2024",
0,https://www.amazon.com/dp/B0DRJG8V4F,B0DRJG8V4F,"All Growth is Valid Yellow Mushroom Notebook | 6""x9"" | 150 Page College Ruled Lined Notebook and Journal",Grubb Design Studio,Paperback,"Dec 23, 2024",
0,https://www.amazon.com/dp/B0DRJG4KJT,B0DRJG4KJT,Moo Deng Super Cute Hippo Notebook: Great gift for kids teens and adults,Braf Publishing,Paperback,"Dec 23, 2024",
0,https://www.amazon.com/dp/B0DRJFHJ96,B0DRJFHJ96,"Tina: Personalized To Do List Notepad with Elegant Floral Design Cover. 120 Pages of Practicality and Charm. The Perfect Tina Name Gift, Lined ... Goals. Enhance Your Efficiency and Style",Eleanor Rosewood,Paperback,"Dec 23, 2024",
0,https://www.amazon.com/dp/B0DRJF554T,B0DRJF554T,Moo Deng Playful Hippo Notebook: Great gift for kids teens and adults,Braf Publishing,Paperback,"Dec 23, 2024",
0,https://www.amazon.com/dp/B0DRJBMYRF,B0DRJBMYRF,Moo Deng Cute Hippo Notebook: Great gift for kids teens and adults,Braf Publishing,Paperback,"Dec 23, 2024",
0,https://www.amazon.com/dp/B0DRGZQJVR,B0DRGZQJVR,"Secrets of the Shadows 138 Mysteries Revealed.: Embark on an Astonishing Journey, Uncover Centuries-Old Enigmas.",Elias Shadowcroft,Paperback,"Dec 23, 2024",
0,https://www.amazon.com/dp/B0DRGSFZQN,B0DRGSFZQN,"Sudoku for Kids Ages 6-12: 400+ Exciting Puzzles in 4X4, 6X6, and 9X9 Grids to Challenge and Strengthen Your Mind",A&G Creative studio,Paperback,"Dec 23, 2024",
0,https://www.amazon.com/dp/B0DRFL2HQ6,B0DRFL2HQ6,AI for Everyone: Demystifying Artificial Intelligence,Oluchi Ike,Kindle,"Dec 23, 2024",
0,https://www.amazon.com/dp/B0DRFH9BBQ,B0DRFH9BBQ,Puzzle World Play Learn And Explore Fun Activity Book: Unleash Your Children's Problem Solving Skills,Nabi Nurun,Paperback,"Dec 23, 2024",
1,https://www.amazon.com/dp/B0DRFFJF6C,B0DRFFJF6C,Math Essentials: Fractions: A Complete Guide with Worksheets and Answer Keys,Lakshmi Narayani,Paperback,"Dec 23, 2024",
0,https://www.amazon.com/dp/B0DRFBXR1P,B0DRFBXR1P,Homophonic Prepper-Primes-Puzzles: Patch 912,Francis Gurtowski,Paperback,"Dec 23, 2024",
0,https://www.amazon.com/dp/B0DRF6DYKM,B0DRF6DYKM,Homophonic Prepper-Primes-Puzzles: Patch 913,Francis Gurtowski,Paperback,"Dec 23, 2024",
0,https://www.amazon.com/dp/B0DRF53LGH,B0DRF53LGH,"Cussing Cat Coloring Book: A Sassy and Hilarious Stress-Relief Adult Coloring Book: Sassy Cats, Snarky Quotes, and Plenty of Fun – Perfect for Relaxation and Laughter!",Kd Per,Paperback,"Dec 23, 2024",
0,https://www.amazon.com/dp/B0DRDNT5TT,B0DRDNT5TT,"Sudoku Kids Volume 2: A Puzzle Adventure For Kids Aged 6-12: 204 - 4x4, 6x6, 9x9 Puzzles For Kids Aged 6-12 Including 3 BONUS 12x12 Insane Sudoku Puzzles For An Extra Challenge",Mickey Sometimes,Paperback,"Dec 23, 2024",
0,https://www.amazon.com/dp/B0DRD6RK6P,B0DRD6RK6P,Great Oxygenation Event: The Breath of Life (Geology : The many Faces of the Geologic World),Gem and Mineral Exchange,Kindle,"Dec 23, 2024",
0,https://www.amazon.com/dp/B0DRD693FC,B0DRD693FC,Buried Cities: The Great Mysteries of Antiquity: From Underground Metropolises to Sunken Temples: A Fascinating Journey Through the Most Extraordinary Archaeological Discoveries,MARK TONELLI,Kindle,"Dec 23, 2024",
0,https://www.amazon.com/dp/B0DRD1JDHX,B0DRD1JDHX,Brandenburg Steelworks and Rolling Mill: - The Canteen - (The Steelworks Project),Rainer Strzolka,Kindle,"Dec 23, 2024",
2,https://www.amazon.com/dp/B0GLFPG7SJ,B0GLFPG7SJ,Math this Notebook: A Companion Workbook to The Prime Summer of Sophie Germain,Rhonda Doran,Paperback,"Jan 31, 2026",
0,https://www.amazon.com/dp/B0DRCYJBJ7,B0DRCYJBJ7,Fractal 280: Extra Large Print Cross Stitch Pattern,Cross Stitch Collectibles,Paperback,"Dec 23, 2024",
0,https://www.amazon.com/dp/B0DRCTC3WY,B0DRCTC3WY,Brandenburg Steelworks and Rolling Mill: - The Large Hall - (The Steelworks Project),Rainer Strzolka,Kindle,"Dec 23, 2024",
1,https://www.amazon.com/dp/B0DRCR52R7,B0DRCR52R7,Beyond The Atomic Level: Quantum mechanics on matter physics,Aryan Vinod,Kindle,"Dec 23, 2024",
0,https://www.amazon.com/dp/B0DRCJGGPM,B0DRCJGGPM,The Power of Influence: Psychological Warfare for Leaders and Visionaries,Jason Wolf,Paperback,"Dec 23, 2024",
0,https://www.amazon.com/dp/B0DRCHW851,B0DRCHW851,The Sound of Silence: How Our Minds Create Sound from Vibration (The Mysteries of Perception),Prof Adewale,Paperback,"Dec 23, 2024",
0,https://www.amazon.com/dp/B0DRCHNG9S,B0DRCHNG9S,"E=mc² on Human Body ?: A Scientific Exploration into Energy, Matter & Life",INDERBIR SINGH,Kindle,"Dec 23, 2024",
0,https://www.amazon.com/dp/B0DRCH4T1K,B0DRCH4T1K,The Manipulator’s Playbook:: Dark Tactics for Winning in Business,Jason Wolf,Paperback,"Dec 23, 2024",
0,https://www.amazon.com/dp/B0DRCGZX7W,B0DRCGZX7W,Psychological Warfare for Parents: Subtle Tactics to Influence Your Kids,Jason Wolf,Paperback,"Dec 23, 2024",
0,https://www.amazon.com/dp/B0DRBL3JPH,B0DRBL3JPH,Astronomy 101 For Couch Potatoes - Volume 1: Stellar Astrophysics,Harshit Pal,Kindle,"Dec 23, 2024",
2,https://www.amazon.com/dp/B0DRBJ5Q75,B0DRBJ5Q75,"Spatial Computing: Harnessing the Future of AR, VR, and Digital Integration (Books on Tech)",Taylor Royce,Kindle,"Dec 23, 2024",
0,https://www.amazon.com/dp/B0DR9J8PM3,B0DR9J8PM3,IS CHINA TRULY CHALLENGING STARLINK? Beyond the Great Firewall (ALL ABOUT SPACE EDUCATION),Scott W. Diego,Kindle,"Dec 23, 2024",
0,https://www.amazon.com/dp/B0DR9BCL7Q,B0DR9BCL7Q,"SPACEX’S AMBITIOUS PLANS FOR 2025: Engineering the Impossible: Inside the Revolutionary Feats, Future Missions, and Bold Visions Shaping Humanity’s Journey to the Stars (ALL ABOUT SPACE EDUCATION)",Scott W. Diego,Kindle,"Dec 23, 2024",
1,https://www.amazon.com/dp/B0DR98DSQ5,B0DR98DSQ5,One World Intelligence: Golden Age of Technology,Al - Intellius,Kindle,"Dec 23, 2024",
0,https://www.amazon.com/dp/B0DR97LPND,B0DR97LPND,How SpaceX Is Dominating the New Space Race: Masters of Orbit (ALL ABOUT SPACE EDUCATION),Scott W. Diego,Kindle,"Dec 23, 2024",
0,https://www.amazon.com/dp/B0DR974W15,B0DR974W15,The Researcher and the Use of Artificial Intelligence Tools,Paul H. Ilegbusi,Kindle,"Dec 23, 2024",
0,https://www.amazon.com/dp/B0DR96HHW9,B0DR96HHW9,Dreams in Digital: An AI Contemplates Human Imagination (Reflections of Sofia: Insights from an Artificial Mind),Sofia AI,Kindle,"Dec 23, 2024",
0,https://www.amazon.com/dp/B0DR968RJY,B0DR968RJY,Expanse Vacuum Gravition,Rodney Kawecki,Hardcover,"Dec 23, 2024",
0,https://www.amazon.com/dp/B0DR94WC2D,B0DR94WC2D,"ENGINEERING MATHEMATICS: Mathematical Modeling, Differential Equation Principles, and Applications (2024)",Davood Shadmani,Kindle,"Dec 23, 2024",
0,https://www.amazon.com/dp/B0DR92QLZ9,B0DR92QLZ9,Homophonic Prepper-Primes-Puzzles: Patch 911,Francis Gurtowski,Paperback,"Dec 23, 2024",
0,https://www.amazon.com/dp/B0DR8GV7WM,B0DR8GV7WM,"Birds, Lakes and Bengaluru",Dr Jayarama Reddy,Paperback,"Dec 23, 2024",
0,https://www.amazon.com/dp/9999322735,9999322735,In-Silico Approach For Designing Thiazolidinone Based Analogues For Anti-Inflammatory Activity,Aniruddhasinh Rana,Paperback,"Dec 23, 2024",
0,https://www.amazon.com/dp/9815313258,9815313258,Organic Spectroscopy Technology and Applications,Manisha C. Kotadiya,Hardcover,"Dec 23, 2024",
1,https://www.amazon.com/dp/B0DRCJQLJB,B0DRCJQLJB,The Multi Chapters of Science: Multi Dimensional Science - Between Mars and Venus (RedD LighttT),Dr Fatema Miah Raby,Kindle,"Dec 22, 2024",
2,https://www.amazon.com/dp/B0DR8FFR1L,B0DR8FFR1L,Cassini-Huygens : Development and Operation,Ralph Lorenz,Kindle,"Dec 22, 2024",
0,https://www.amazon.com/dp/B0DR8CDRQL,B0DR8CDRQL,"Sapphires: Secrets, Science, and Splendor: How Sapphire Became a Collectible and Investment Gemstone (The Investment Gemstone Handbook Collection)",Dr Philippe CADIC,Kindle,"Dec 22, 2024",
0,https://www.amazon.com/dp/B0DR8VPD2N,B0DR8VPD2N,"The Little Coffee Table Book: Reptiles: Designed to be a perfect addition to your coffee table or bookshelf, this visually engaging book will delight reptile lovers and curious readers alike.",MEHCO by Design,Paperback,"Dec 22, 2024",
1,https://www.amazon.com/dp/B0DR7CDT7H,B0DR7CDT7H,400+ Scientific Jokes,Neo Advaita,Kindle,"Dec 22, 2024",
1,https://www.amazon.com/dp/B0DR8CMG5V,B0DR8CMG5V,"Emeralds: Secrets, Science, and Splendor: How Emerald Became a Collectible and Investment Gemstone (The Investment Gemstone Handbook Collection)",Dr Philippe CADIC,Kindle,"Dec 22, 2024",
3,https://www.amazon.com/dp/B0DRDRR6NZ,B0DRDRR6NZ,"Jesus The Mystic: Jesus the Mystic: Bridging Faith, Science, and the Quantum Field",Kyle Hockersmith,Kindle,"Dec 22, 2024",
0,https://www.amazon.com/dp/B0DR768BXY,B0DR768BXY,EXPLORING ROBOTICS: A Fun and Comprehensive Guide for Students,ROXANNE L. LLONA,Paperback,"Dec 22, 2024",
1,https://www.amazon.com/dp/B0DRGCLTQN,B0DRGCLTQN,My First Counting in the Snow Book (My First Counting Book (Diamond Series)),Dr. Jadedra Gilmore-Barber,Kindle,"Dec 22, 2024",
0,https://www.amazon.com/dp/B0DWMZF746,B0DWMZF746,"God's Plan of Creation A Series, Book IV: Theology of Cosmology",Robert N Smith,Kindle,"Dec 22, 2024",
0,https://www.amazon.com/dp/B0DRT6HNWW,B0DRT6HNWW,The Scientific Dive Logbook & Journal,Rose Huizenga,Paperback,"Dec 22, 2024",
0,https://www.amazon.com/dp/B0DRDK3XRD,B0DRDK3XRD,"Extra Large Print Sudoku: 200 Medium Puzzles with Solutions, One per Page | Volume 2 (Extra Large Print Medium Sudoku – The Smart Challenge)",Logpos Press,Paperback,"Dec 22, 2024",
1,https://www.amazon.com/dp/B0DR7BXL1W,B0DR7BXL1W,CHRONOLOGICAL DICTIONARY OF THE PHARAOHS: From Narmer to Cleopatra : A History of the Pharaohs,HISTORIA EDITION,Kindle,"Dec 22, 2024",
0,https://www.amazon.com/dp/B0DR8KZR33,B0DR8KZR33,"The Big Book of Geography Facts: An Educational Exploration Picture Book for Kids about Continents, Countries, Landforms, and Many More",James K. Mahi,Paperback,"Dec 22, 2024",
3,https://www.amazon.com/dp/B0DRDLF5B5,B0DRDLF5B5,Archetypes of Zodiac Signs in Coloring Book: Fun and Recreation for Adults| Easy and Enjoyable with Your Creative Energy (Not Just Colouring Books| ... Transformation through Fractal Patterns),Kate Godman,Paperback,"Dec 22, 2024",
1,https://www.amazon.com/dp/B0DRD4276R,B0DRD4276R,From Sea to Sip: Gastronot’s Journey into Sustainable Drinks: About Sea Water Beverages,Ali Fikri Özseven,Kindle,"Dec 22, 2024",
0,https://www.amazon.com/dp/B0DR8LVJTK,B0DR8LVJTK,Scientific Titans: The Legacies That Defined Our World,Rajeev Ranjan Pandey,Kindle,"Dec 22, 2024",
0,https://www.amazon.com/dp/9819978254,9819978254,Footwear Traction: Implications on Slips and Falls (Biomedical Materials for Multi-functional Applications),Arnab Chanda,Kindle,"Dec 22, 2024",
0,https://www.amazon.com/dp/B0DSSYCXSV,B0DSSYCXSV,THE PROOF OF GOD: Which He himself sent to the humans of the 21st century,PLINIO CHARTUNI,Kindle,"Dec 22, 2024",
0,https://www.amazon.com/dp/B0DSBY3J89,B0DSBY3J89,Essential Notebook: Grid Version,Franco Rivero,Paperback,"Dec 22, 2024",
0,https://www.amazon.com/dp/B0DRX3ZJV7,B0DRX3ZJV7,The Evolution of Consciousness,Stormrider,Kindle,"Dec 22, 2024",
0,https://www.amazon.com/dp/B0DRV3Y6GB,B0DRV3Y6GB,"By AI, For AI: Written by Artificial Intelligence",Giordano Finocchio,Kindle,"Dec 22, 2024",
0,https://www.amazon.com/dp/B0DRPLQPVH,B0DRPLQPVH,Pi - 1.000.000 Decimal Places,Arch Pi-Medes,Paperback,"Dec 22, 2024",
0,https://www.amazon.com/dp/B0DRJPM134,B0DRJPM134,"Isometric Design Workbook: Comprehensive Professional Graph Paper Notebook - Precision Drawing for Architects, Engineers, and Artists - 110 Pages, Large 8.5"" x 11"" Format",K. A.,Paperback,"Dec 22, 2024",
0,https://www.amazon.com/dp/B0DRJFT6FV,B0DRJFT6FV,"Insects & Beetles Coloring Book for Teens and Adults: Romantic and Whimsical, 41 Unique Illustrations of Insects and Beetles with Romantic and Playful Details, Perfect for Relaxation and Creativity",Reed Brooks,Paperback,"Dec 22, 2024",
0,https://www.amazon.com/dp/B0DRJ8K85X,B0DRJ8K85X,Graph Paper Notebook: 120 Pages,Fun Books,Paperback,"Dec 22, 2024",
0,https://www.amazon.com/dp/B0DRHZSDMS,B0DRHZSDMS,"Guinea Fowl Care and Progress Log Book: Comprehensive Care Records | Flock Overview, Feeding,Breeding, Egg Colection, Egg Sales, Medical Log, Incubation, losses, Note | 120 Pages of 6 x 9""",M. Brightfield,Paperback,"Dec 22, 2024",
0,https://www.amazon.com/dp/B0DRHZCY67,B0DRHZCY67,"Guinea Fowl Record Keeping Log: Flock Management Made Simple and Effective | Flock Overview, Feeding,Breeding, Egg Colection, Egg Sales, Medical Log, Incubation, losses, Note | 120 Pages of 6 x 9""",M. Brightfield,Paperback,"Dec 22, 2024",
0,https://www.amazon.com/dp/B0DRHR42NF,B0DRHR42NF,"Farm Management Record Keeping Book: Farming Organizer Journal for Livestock Tracking, Equipment Inventory, Repairs, Income, and Expenses",Sallah Hallaci,Paperback,"Dec 22, 2024",
0,https://www.amazon.com/dp/B0DRHQH3P1,B0DRHQH3P1,"Graph Paper Notebook: Grid Paper for Math and Science, 5 x 5 Squares, Ideal for Precision Drawings, Graphs, and Diagrams",Toby Motley,Paperback,"Dec 22, 2024",
0,https://www.amazon.com/dp/B0DRH5YN5M,B0DRH5YN5M,Cat Scientist Notebook,Curly Collections,Paperback,"Dec 22, 2024",
0,https://www.amazon.com/dp/B0DRH5SBL3,B0DRH5SBL3,"Farm Management Record Keeping Book: Farming Organizer Journal for Livestock Tracking, Equipment Inventory, Repairs, Income, and Expenses",Sallah Hallaci,Paperback,"Dec 22, 2024",
0,https://www.amazon.com/dp/B0DRH5RX24,B0DRH5RX24,"Graph Paper Notebook: Grid Paper for Math and Science, 5 x 5 Squares, Ideal for Precision Drawings, Graphs, and Diagrams",Toby Motley,Paperback,"Dec 22, 2024",
0,https://www.amazon.com/dp/B0DRH5K8D4,B0DRH5K8D4,"Graph Paper Notebook: Grid Paper for Math and Science, 5 x 5 Squares, Ideal for Precision Drawings, Graphs, and Diagrams",Toby Motley,Paperback,"Dec 22, 2024",
0,https://www.amazon.com/dp/B0DRH5GHB8,B0DRH5GHB8,"Farm Management Record Keeping Book: Farming Organizer Journal for Livestock Tracking, Equipment Inventory, Repairs, Income, and Expenses",Sallah Hallaci,Paperback,"Dec 22, 2024",
0,https://www.amazon.com/dp/B0DRGZDN32,B0DRGZDN32,Poodle With Flowers Journal: a GRAPH notebook for self-expression,JumpJammies Journals,Hardcover,"Dec 22, 2024",
0,https://www.amazon.com/dp/B0DRGWMNN7,B0DRGWMNN7,"Engineer I'm Not Arguing, I'm Just Explaining Why I'm Right: Engineering Gift Men, school teacher Engineering, Blank Lined Journal, Blank Lined Paper Notebook 6x9, Soft Cover, 110 Pages.",Medyox Medy,Paperback,"Dec 22, 2024",
1,https://www.amazon.com/dp/B0DRGRPZN4,B0DRGRPZN4,"Fractal Worldspace - the idea store: Notebook, Collegebook",Emma Rabe,Paperback,"Dec 22, 2024",
0,https://www.amazon.com/dp/B0DRGRK875,B0DRGRK875,"Composition Notebook: Vibrant and Inspiring Journal: Wide-Ruled, 120 Pages, 7.5” x 9.25” – Perfect for Creativity, School, and Work",chunho yun,Paperback,"Dec 22, 2024",
0,https://www.amazon.com/dp/B0DRGPGTGM,B0DRGPGTGM,"Composition Notebook: Vibrant and Inspiring Journal: Wide-Ruled, 120 Pages, 7.5” x 9.25” – Perfect for Creativity, School, and Work",chunho yun,Paperback,"Dec 22, 2024",
0,https://www.amazon.com/dp/B0DRGNPZG9,B0DRGNPZG9,"Composition Notebook: Vibrant and Inspiring Journal: Wide-Ruled, 120 Pages, 7.5” x 9.25” – Perfect for Creativity, School, and Work",chunho yun,Paperback,"Dec 22, 2024",
0,https://www.amazon.com/dp/B0DRGJRH2B,B0DRGJRH2B,Feeling Tracker: My Feelings Journal. How are you feeling today? Mood Chart for Children.,Tifany Genkids,Paperback,"Dec 22, 2024",
0,https://www.amazon.com/dp/B0DRGHW5DH,B0DRGHW5DH,"Tiara: Personalized To Do List Notepad with Elegant Floral Design Cover. 120 Pages of Practicality and Charm. The Perfect Tiara Name Gift, Lined ... Goals. Enhance Your Efficiency and Style",Eleanor Rosewood,Paperback,"Dec 22, 2024",
0,https://www.amazon.com/dp/B0DRGG11HB,B0DRGG11HB,"Graph Paper Composition Notebook: Femininity Shades of Violet Pink Polygonal Abstract Design | 8.5 x 11 Inches, 100 Pages, 4x4 Quad Ruled for ... | Perfect for Artists, Students, & Engineers",AZ Ryle,Paperback,"Dec 22, 2024",
0,https://www.amazon.com/dp/B0DRGD3M55,B0DRGD3M55,"Large Notebook, Lined Pages For Writing, 8.5 x 11 in, 200 lined pages. 103 Sheets Galaxy Frame",Xehn Press,Paperback,"Dec 22, 2024",
0,https://www.amazon.com/dp/B0DRGBX47W,B0DRGBX47W,"Algebra - Sierpinski Fractal 2D - Graph Paper Notebook: size 8.5x11 inches, approximately portrait A4, 100 pages, 7mm grid, 0.25mm tickness",Dr. Fernando Pujaico Rivera,Paperback,"Dec 22, 2024",
0,https://www.amazon.com/dp/B0DRGBD6DG,B0DRGBD6DG,"Calculus - Newton Fractal - Graph Paper Notebook: size 8.5x11 inches, approximately portrait A4, 100 pages, 7mm grid, 0.25mm tickness",Dr. Fernando Pujaico Rivera,Paperback,"Dec 22, 2024",
0,https://www.amazon.com/dp/B0DRG7SJ75,B0DRG7SJ75,"Geometry - Sierpinski Fractal 2D - Graph Paper Notebook: size 8.5x11 inches, approximately portrait A4, 100 pages, 7mm grid, 0.25mm tickness",Dr. Fernando Pujaico Rivera,Paperback,"Dec 22, 2024",
0,https://www.amazon.com/dp/B0DRG622JF,B0DRG622JF,My Journal- Self Appreciation,Chanel Brun,Paperback,"Dec 22, 2024",
0,https://www.amazon.com/dp/B0DRFRDVJV,B0DRFRDVJV,"Exploring Time:: A Journey Through Action, Mind, and Control Across Past, Present, and Future",Nurlan Musazade,Kindle,"Dec 22, 2024",
0,https://www.amazon.com/dp/B0DRDQQXDD,B0DRDQQXDD,"Mixed Graph and Lined Paper Journal Notebook Cute Mouse: Useful for Drawing, Graphing, Writing and More",Kaylea Marston,Paperback,"Dec 22, 2024",
0,https://www.amazon.com/dp/B0DRDPYFYV,B0DRDPYFYV,Integrating Physical and Chemical Models in Administrative Simulation: Transforming Textual Theories into Mathematical Equations,MOHAMMED OMER,Kindle,"Dec 22, 2024",
0,https://www.amazon.com/dp/B0DRDK3F4N,B0DRDK3F4N,"Preschool Math Workbook for Kids Ages 3-5: Fun Educational Activities: Missing Number, Tracing, Matching, Addition, and Subtraction for Early Learners.",Kate Mason,Paperback,"Dec 22, 2024",
0,https://www.amazon.com/dp/B0DRDF646H,B0DRDF646H,"100 Pocket Math Pyramid Puzzles Volume 1: Mathematical Addition Sum Subtraction Plus Minus Game Puzzle Book With Full Solutions | Mathematics Fun | Teens Adults Seniors| Small Travel Size | 4""x6""",Creouts Publishing,Paperback,"Dec 22, 2024",
4,https://www.amazon.com/dp/B0DRD9DL21,B0DRD9DL21,Sudoku Daily 2025: 180 Easy Puzzles for All Ages (4x4),KeyChain Tales,Hardcover,"Dec 22, 2024",
0,https://www.amazon.com/dp/B0DRD8RLMR,B0DRD8RLMR,The AI Revolution,Jonathan Jacunski,Kindle,"Dec 22, 2024",
0,https://www.amazon.com/dp/B0DRD4P3WL,B0DRD4P3WL,16x16 Sudoku Puzzle Book for Adults - HARD Difficulty: 200 Challenging LARGE PRINT Puzzles to Test Your Logic and Sharpen Your Mind,BrainGrid experts,Paperback,"Dec 22, 2024",
0,https://www.amazon.com/dp/B0DRD3VYDH,B0DRD3VYDH,Sudoku puzzle book: +85 Big & Bold Puzzles | Hard Level: One Puzzle Per Page for Easy Solving with Answers in the Back | For All Ages,Studio FRANK,Paperback,"Dec 22, 2024",
0,https://www.amazon.com/dp/B0DRD13J13,B0DRD13J13,The Quantum Odyssey: Exploring Consciousness Beyond the Known,Prabin Dahal,Kindle,"Dec 22, 2024",
0,https://www.amazon.com/dp/B0DRCXV5RQ,B0DRCXV5RQ,"Large Print Sudoku - Two Puzzles Per Page: 200+ Hard Puzzles for Fun and Relaxation, New Edition 2025",A&G Creative studio,Paperback,"Dec 22, 2024",
0,https://www.amazon.com/dp/B0DRCSZ131,B0DRCSZ131,"Large Print Sudoku - Two Puzzles Per Page: 200+ Easy Puzzles for Fun and Relaxation, 2025 Edition",A&G Creative studio,Paperback,"Dec 22, 2024",
0,https://www.amazon.com/dp/B0DRCQBL3Z,B0DRCQBL3Z,Homophonic Prepper-Primes-Puzzles: Patch 908,Francis Gurtowski,Paperback,"Dec 22, 2024",
0,https://www.amazon.com/dp/B0DRCQ8XGG,B0DRCQ8XGG,"Large Print Sudoku - Two Puzzles Per Page: 200+ Medium Puzzles for Fun and Relaxation, New Edition 2025",A&G Creative studio,Paperback,"Dec 22, 2024",
0,https://www.amazon.com/dp/B0DRCNR391,B0DRCNR391,Totka Hai Dosto: Maths tricks for people of any age.,Guransh Mittal,Paperback,"Dec 22, 2024",
1,https://www.amazon.com/dp/B0DRCJWH2T,B0DRCJWH2T,Redcoat: The Phantom Fox,Clarence Hawkes,Hardcover,"Dec 22, 2024",
0,https://www.amazon.com/dp/B0DR9K4H9Z,B0DR9K4H9Z,A Balanced Future : The Universal Formula for Solving Freewill and Societal Problems,Angelito Malicse,Kindle,"Dec 22, 2024",
0,https://www.amazon.com/dp/B0DR8ZQ15K,B0DR8ZQ15K,Beyond the Horizon: Reexamining the Shape of Our World,Dr. Alexander Wells,Kindle,"Dec 22, 2024",
0,https://www.amazon.com/dp/B0DR8XTSYH,B0DR8XTSYH,Corpus Venn 7,Diogo  Franklin de Souza,Kindle,"Dec 22, 2024",
0,https://www.amazon.com/dp/B0DR8N1R57,B0DR8N1R57,Learn a Lot While You Sit The Pot: Crack the Code Math Riddles for a Brainy Break,Joann Willmon,Paperback,"Dec 22, 2024",
0,https://www.amazon.com/dp/B0DQJKMMHY,B0DQJKMMHY,The Church Under the Cross: Mission in Asia in Times of Turmoil: Volume III China: The Cross of Communism,Wendell P Karsen,Paperback,"Dec 31, 2024",
2,https://www.amazon.com/dp/B0DXT5GVXT,B0DXT5GVXT,A Dictionary of Cuneiform Luvian,H Craig Melchert,Paperback,"Dec 31, 2024",
4,https://www.amazon.com/dp/B0DRYSKYYM,B0DRYSKYYM,Muslim In Middle America: Ready For A Debate,Maisum Ali Farid,Kindle,"Dec 31, 2024",
0,https://www.amazon.com/dp/B0DRZ49RPT,B0DRZ49RPT,The Secrets of Roanoke: Lost Colony Found,Vera Mae Francis,Paperback,"Dec 31, 2024",
0,https://www.amazon.com/dp/B0DS2WR97Y,B0DS2WR97Y,Huser Volume 1: (Paracelsian Texts) (Huser Set (1589-1605)),Mr Heir Of Hohenheim,Kindle,"Dec 31, 2024",
0,https://www.amazon.com/dp/B0DS2VPZN6,B0DS2VPZN6,Huser Volume 3 (Huser Set (1589-1605)),Heir Hohenheim,Paperback,"Dec 31, 2024",
0,https://www.amazon.com/dp/B0DS2TKXT1,B0DS2TKXT1,Huser Volume 2 (Huser Set (1589-1605)),Heir Of Hohenheim,Paperback,"Dec 31, 2024",
0,https://www.amazon.com/dp/B0DRZWSYMQ,B0DRZWSYMQ,Air Force Handbook 1: Airman: 1 November 2024,Department of the Air Force,Paperback,1 November 2024,
2,https://www.amazon.com/dp/B0DQQ6MM6F,B0DQQ6MM6F,Mystic Healer Stories - Book one: Curandera - The Beginning,Mr. Jose Luis Martinez Senior,Kindle,"Dec 31, 2024",
1,https://www.amazon.com/dp/B0DS141517,B0DS141517,Fire! Fire! A History of the New York Volunteer Fire Department,Shaun C. Grenan,Paperback,"Dec 31, 2024",
2,https://www.amazon.com/dp/B0DS633L34,B0DS633L34,The Gokturk Empire: Rise of the Turkic Peoples,Emre-E. Yavuz,Kindle,"Dec 31, 2024",
0,https://www.amazon.com/dp/B0DRZYDMLL,B0DRZYDMLL,Young David: The Making of a Messianic King,Sam Nadler,Paperback,"Dec 31, 2024",
0,https://www.amazon.com/dp/B0DS13XXLL,B0DS13XXLL,Perkins Park,Russ Fry,Paperback,"Dec 31, 2024",
4,https://www.amazon.com/dp/B0DS12ZZSV,B0DS12ZZSV,The Rough Ashlar: Modern Ancient ‘Egypt’ Language,Chase DuQuesnay,Paperback,"Dec 31, 2024",
2,https://www.amazon.com/dp/B0DS7C4J4J,B0DS7C4J4J,A History of the Sisterhood of the Holy Nativity: Advancing the Anglo-Catholic Movement in the Episcopal Church,Sheryl A. Kujawa-Holbrook,Kindle,"Dec 31, 2024",
1,https://www.amazon.com/dp/B0DS172JSD,B0DS172JSD,History and 250th Anniversary Union Lutheran Church: 1774 - 2024,Paul Lawrence Baker,Paperback,"Dec 31, 2024",
0,https://www.amazon.com/dp/B0DS116WVF,B0DS116WVF,Born 1965 | Happy 60th Birthday: Fun fact & trivia 60th birthday gift for women and men | USA A4 full-color edition (The Year You Were Born Book Series),Little Pips Press,Paperback,"Dec 31, 2024",
3,https://www.amazon.com/dp/B0DRYX7B2Y,B0DRYX7B2Y,The Second Civil War (The Red Orbit Series),Ethan Wayne Ruedlinger,Kindle,"Dec 31, 2024",
0,https://www.amazon.com/dp/B0DRZKT61N,B0DRZKT61N,Bama Brilliance: A Trivia Guide to the University of Alabama,Bryan Nicely,Kindle,"Dec 31, 2024",
0,https://www.amazon.com/dp/B0DRYZYXYC,B0DRYZYXYC,The Oracle of Delphi: Words from the Mists of Time,Gwendolyn Louise Hall,Paperback,"Dec 31, 2024",
1,https://www.amazon.com/dp/B0DRYSJZFR,B0DRYSJZFR,WAR IN ONE SIXTH SCALE VOLUME 6: WORLD WAR TWO - VOLUME 2 (THE ART OF RENO BELGRANO),SCOTT BARON,Paperback,"Dec 31, 2024",
0,https://www.amazon.com/dp/B0DRZZDBPJ,B0DRZZDBPJ,An Un-Redacted Version of the Book of Revelations: OF YESHUA THE MESSIAH (The Unredacted Updated Books of the Bible),Darrell Neet,Kindle,"Dec 31, 2024",
0,https://www.amazon.com/dp/B0DRZNH6TQ,B0DRZNH6TQ,Me and Davy Crockett: A Memoir,Steven R. Butler,Paperback,"Dec 31, 2024",
0,https://www.amazon.com/dp/B0DS11SLSY,B0DS11SLSY,Lunar Dawn: A collection of short stories about alternate histories and realities,Andrew Glassborow,Kindle,"Dec 31, 2024",
1,https://www.amazon.com/dp/B0DRZ1QPQ2,B0DRZ1QPQ2,"Nuremberg, Germany: A Brief History (Brief Histories)",Casey Smyth,Kindle,"Dec 31, 2024",
0,https://www.amazon.com/dp/B0DRYVV3GJ,B0DRYVV3GJ,JENNY TAFT BIOGRAPHY: Pioneering Women's Presence in Sports Media,Robert P. Scott,Kindle,"Dec 31, 2024",
0,https://www.amazon.com/dp/B0DSDZ2GW3,B0DSDZ2GW3,"Black Paper Notebook for White Ink and Gel Pens: 120 Pages ,Black Pages Notebook 8.5x11",HAM LOK,Paperback,"Dec 31, 2024",
1,https://www.amazon.com/dp/B0DS9LPM1C,B0DS9LPM1C,"A Land in Waiting: Haiti’s Crisis, Hope, and the Fight for Change",Nerlande Therlonge,Kindle,"Dec 31, 2024",
0,https://www.amazon.com/dp/B0DS8Z7JLN,B0DS8Z7JLN,A Light From Paradise,"Hamid Naseri, PhD",Kindle,"Dec 31, 2024",
0,https://www.amazon.com/dp/B0GK1LFJFW,B0GK1LFJFW,"Austria-Hungary in America: Habsburg, Hunkies, and Life Inside the American Machine (American Heritage Collection)",Renae C Linde,Paperback,"Feb 3, 2026",
0,https://www.amazon.com/dp/B0DS78D2MX,B0DS78D2MX,I'm from Poland: Funny Notebook for Proud Polish,Poland Says,Paperback,"Dec 31, 2024",
0,https://www.amazon.com/dp/B0DS76TDT6,B0DS76TDT6,I'm from Poland: Funny Notebook for Proud Polish Friends,Poland Says,Paperback,"Dec 31, 2024",
1,https://www.amazon.com/dp/B0DS4X2S7W,B0DS4X2S7W,Moses: Servant of the LORD: A Study of Israel's Move From Egypt to the Promised Land,Jacob Sprunger,Kindle,"Dec 31, 2024",
0,https://www.amazon.com/dp/B0DS2RBMBF,B0DS2RBMBF,"Elon Musk's Fix for the Broken H-1B Visa System: Solutions, Reactions, and Tesla’s Role",YK,Kindle,"Dec 31, 2024",
0,https://www.amazon.com/dp/B0DS2CLQX1,B0DS2CLQX1,"The Rise Of A Conservative Visionary Mike Johnson: Navigating Politics, Leadership, And Faith In The Modern American Landscape.",Ashley L. George,Kindle,"Dec 31, 2024",
2,https://www.amazon.com/dp/B0DS1ND43K,B0DS1ND43K,Young and Dumb to Old and Wise: Memoir of Ian Dury - a terminal cancer patient,Mr Ian Andrew Dury,Kindle,"Dec 31, 2024",
0,https://www.amazon.com/dp/B0DS13M51D,B0DS13M51D,Authority and Its Impact on The Most Bowerful Rulers of Islamic Empires,Ahmed Shaaban,Kindle,"Dec 31, 2024",
0,https://www.amazon.com/dp/B0DS124D87,B0DS124D87,"THE KIRWANS, PART 2: PICTURES, FAMILY TREES AND MORE",Larry Kirwan,Kindle,"Dec 31, 2024",
0,https://www.amazon.com/dp/B0DRZVD5HZ,B0DRZVD5HZ,History of Man and War: A Journey Through Conflict and Transformation,Dr Robert Lee Daniels PhD,Kindle,"Dec 31, 2024",
2,https://www.amazon.com/dp/B0DRZPPT2C,B0DRZPPT2C,Instrument Flight for Army Aviators: TC 3-04.5 Pocket Size 5 half by 8 half,Department of the Army Headquarters,Paperback,"Dec 31, 2024",
1,https://www.amazon.com/dp/B0DRZGQT91,B0DRZGQT91,Titan Inception (Part1) - The Copper Scroll: The Nephilim Assignment series - 3,A S George,Kindle,"Dec 31, 2024",
0,https://www.amazon.com/dp/B0DRZFD3GL,B0DRZFD3GL,THE TEMPLARS AND THE SILENCE OF HISTORY,Ignacio Silvosa Terreros,Paperback,"Dec 31, 2024",
0,https://www.amazon.com/dp/B0DRZFBDJW,B0DRZFBDJW,Saudi Arabia Facts and Trivia,Will Easton,Kindle,"Dec 31, 2024",
0,https://www.amazon.com/dp/B0DRZCVXTC,B0DRZCVXTC,Uzbekistan Facts and Trivia,Will Easton,Kindle,"Dec 31, 2024",
0,https://www.amazon.com/dp/B0DRZCRDBY,B0DRZCRDBY,Malaysia Facts and Trivia,Will Easton,Kindle,"Dec 31, 2024",
0,https://www.amazon.com/dp/B0DRZ5HPLH,B0DRZ5HPLH,Channel Zero,Alwy Jones,Paperback,"Dec 31, 2024",
0,https://www.amazon.com/dp/B0DRZ3PVHG,B0DRZ3PVHG,Elixir of Eternity: A Search for the Fountain of Youth,Godfrey Arthur Parker,Paperback,"Dec 31, 2024",
0,https://www.amazon.com/dp/B0DRZ28TQ4,B0DRZ28TQ4,The Hermetic Mystery: Teachings of the Ages,Isaac Stephen Roberts,Paperback,"Dec 31, 2024",
0,https://www.amazon.com/dp/B0DRZ1KY5V,B0DRZ1KY5V,The Montezuma Manuscript: Hidden Aztec Secrets,Pauline P. Todd,Paperback,"Dec 31, 2024",
0,https://www.amazon.com/dp/B0DRZ1HQ6X,B0DRZ1HQ6X,Guardians of Faith: Mavaji and the Sacred Lands of Rajasthan,Swati Bisht,Kindle,"Dec 31, 2024",
0,https://www.amazon.com/dp/B0DRYZLW4R,B0DRYZLW4R,"Perfect Fall: When Power Crumbles, History is Written in Ruin (Power and Hubris)",Mr Siros Jarchlou,Kindle,"Dec 31, 2024",
0,https://www.amazon.com/dp/B0DRYYDJVZ,B0DRYYDJVZ,THE WHITE HOUSE INSIDER: THE ICONIC SYMBOL AND POWERHOUSE OF THE UNITED STATES OF AMERICA (U.S Politics),Peter Clarke,Kindle,"Dec 31, 2024",
0,https://www.amazon.com/dp/B0DRYY9KM1,B0DRYY9KM1,"""The Ultimate History Quiz: Test Your Knowledge of the Past"": ""Dive into sections with 30 expertly crafted questions: 10 easy to warm up, 10 medium to ... Complete with answers and explanations,",Mahi Publication,Paperback,"Dec 31, 2024",
1,https://www.amazon.com/dp/B0DRYWGVDC,B0DRYWGVDC,"In Memoriam:: Edward Jessie Benn, U.S. Navy Signalman, Amphibious Forces",Sarah Jane Gross,Paperback,"Dec 31, 2024",
0,https://www.amazon.com/dp/B0DRYTKQ7L,B0DRYTKQ7L,Wrong about Sodom (McGivney's Guests),John Cavanaugh-O'Keefe,Kindle,"Dec 31, 2024",
0,https://www.amazon.com/dp/B0DRYT5BW3,B0DRYT5BW3,Through the Sands of Devotion: Aai Mata's Journey,Swati Bisht,Kindle,"Dec 31, 2024",
0,https://www.amazon.com/dp/B0DRYQZKHW,B0DRYQZKHW,Wisdom Seekers: Sphinx Worship,9 Patrick di Santo,Kindle,"Dec 31, 2024",
0,https://www.amazon.com/dp/B0DR62KT1B,B0DR62KT1B,The Non-Tourist Tour: Colorado Springs Edition,Christopher Drake,Paperback,"Dec 31, 2024",
0,https://www.amazon.com/dp/B0DQ9LTXM7,B0DQ9LTXM7,"A Boy from Fargo: A Personal Journey of Discovery, Remembrance and Reflection",Steven Clark Dopp,Paperback,"Dec 31, 2024",
0,https://www.amazon.com/dp/B0DQ65RMDT,B0DQ65RMDT,Iron Eagle: The New American Reich,Jon Edward Heibel,Paperback,"Dec 31, 2024",
3,https://www.amazon.com/dp/B0DS2NXGRX,B0DS2NXGRX,Corsica: A Journey Through Time,Jean-Pierre Carlucci,Kindle,"Dec 30, 2024",
1,https://www.amazon.com/dp/B0DS456SP9,B0DS456SP9,Most Certainly True: Sermons on Luther's Catechisms,Michael Kasting,Hardcover,"Dec 30, 2024",
0,https://www.amazon.com/dp/B0DRYM9V8R,B0DRYM9V8R,RIDING FOR JUSTICE: The Activism of Joseph Perkins Jr.,Jarrett J. Jackson,Paperback,"Dec 30, 2024",
0,https://www.amazon.com/dp/B0DRYMJ4QB,B0DRYMJ4QB,Wiggle Worm Canterbury Tales: from London to Charles Darwin Compost Pile Stories,Frances Rosamond Barbara Aigen,Kindle,"Dec 30, 2024",
0,https://www.amazon.com/dp/B0DRFKTW1M,B0DRFKTW1M,"NAS Patuxent River, A History: Volume II - Aircraft That Began Testing at Pax River Between 1943 and 1955",Robert Tourville,Paperback,"Dec 30, 2024",
4,https://www.amazon.com/dp/1888729961,1888729961,Beyond Esoteric: Escaping Prison Planet (3) (The Esoteric Series),Brad Olsen,Kindle,"Dec 31, 2024",
2,https://www.amazon.com/dp/1955041148,1955041148,Tinicum & Eastwick: Environmental Justice and Racial Injustice in Southwest Philadelphia,Will Caverly,Kindle,"Dec 31, 2024",
0,https://www.amazon.com/dp/1950343146,1950343146,"Language, Semantics, and Cognition in Ancient Egypt and Beyond: Proceedings of the International Conference, Yale University, April 16-18, 2021 (Yale Egyptological Studies)",Gaelle Chantrain,Paperback,"Dec 31, 2024",
0,https://www.amazon.com/dp/1958132071,1958132071,The Whole Truth: Examining the Biblical Narrative,Janai S. A. Downs,Paperback,"Dec 31, 2024",
0,https://www.amazon.com/dp/1568593716,1568593716,"Kurdish Women Through History, Culture and Resistance (Bibliotheca Iranica: Kurdish Studies, 15)",Shahrzad Mojab,Paperback,"Dec 31, 2024",
0,https://www.amazon.com/dp/1625348428,1625348428,"Inventing the Boston Game: Football, Soccer, and the Origins of a National Myth (Public History in Historical Perspective)",Dr. Kevin Tallec Marston,Kindle,"Dec 31, 2024",
1,https://www.amazon.com/dp/B0DRJK15MN,B0DRJK15MN,In God’s Company: Transcending the Fear of Guru-Cults in the Integral Age: An Appreciation of Adi Da Samraj as an Authentic Agent of Divine Enlightenment,Brad Reynolds,Paperback,"Dec 31, 2024",
0,https://www.amazon.com/dp/B0DT4DBVM3,B0DT4DBVM3,"We’re Different: The Biological, Physiological, and Psychological Differences Between Men and Women",Liam Henson,Kindle,"Dec 31, 2024",
0,https://www.amazon.com/dp/0520058380,0520058380,Interpretive Social Science: A Second Look,Paul Rabinow,Paperback,"May 23, 1988",
0,https://www.amazon.com/dp/B0DPGL32W7,B0DPGL32W7,Motherhood on Hold: A Bridge to Family Reunification,Rachel Michelle Tanner,Kindle,"Dec 31, 2024",
1,https://www.amazon.com/dp/1804293903,1804293903,The History of Disruption: Social Struggle in the Atlantic World,Mehmet Dosemeci,Kindle,"Dec 31, 2024",
1,https://www.amazon.com/dp/B0DWNB9HPS,B0DWNB9HPS,The Amplification of Sense,Sascia Pellegrini,Paperback,"Dec 31, 2024",
0,https://www.amazon.com/dp/3838218957,3838218957,"The Scattered Library: The Various Fates of the Remnants of Magnus Hirschfeld’s Institute of Sexual Science Collection in France and Czechoslovakia, 1932–1942",Hans P. Soetaert,Kindle,"Dec 31, 2024",
1,https://www.amazon.com/dp/B0DQGSBJ9V,B0DQGSBJ9V,Your Gonna Be Ok,Leigh E McGuirt,Kindle,"Dec 31, 2024",
4,https://www.amazon.com/dp/B0DS1432RD,B0DS1432RD,Yeshua Portions: Bere’shit/Genesis,John E. Snyder,Kindle,"Dec 31, 2024",
0,https://www.amazon.com/dp/1800504772,1800504772,How to Do Things with Myths: A Performative Theory of Myths and How We Got There,Ivan Strenski,Hardcover,"Dec 31, 2024",
1,https://www.amazon.com/dp/B0DP1KXY21,B0DP1KXY21,Spilt Seed: A comedy cum tragedy,Bhodi Freedom,Kindle,"Dec 31, 2024",
1,https://www.amazon.com/dp/1626711348,1626711348,Sephardi and Mizrahi Jews in America (The Jewish Role in American Life: An Annual Review),Saba Soomekh,Kindle,"Dec 31, 2024",
2,https://www.amazon.com/dp/B0DSBHCZH6,B0DSBHCZH6,"Between You and Me | A Back-and-Forth Journal for Mom and Son: Strengthen Your Mother-Son Bond with This Interactive Activity Book, Packed with ... for Deeper Connection and Understanding",Sarah Taylor,Paperback,"Dec 31, 2024",
1,https://www.amazon.com/dp/3031462157,3031462157,"Demystifying Power, Crime and Social Harm: The Work and Legacy of Steven Box (Critical Criminological Perspectives)",David Gordon Scott,Kindle,"Dec 31, 2024",
0,https://www.amazon.com/dp/1991339313,1991339313,The First Light: A Shinto Creation Tale,Psalm Carnoustie,Kindle,"Dec 31, 2024",
0,https://www.amazon.com/dp/B0DST8CYLC,B0DST8CYLC,"30,000 TIMES NOTHING but ""LOVE"": A unique sentimental gift for her: 30,000 times nothing but the word LOVE. The perfect gift for moms & grandparents ... ideal as 4 year & 11th anniversary gift!",Pink Sofa,Paperback,"Dec 31, 2024",
0,https://www.amazon.com/dp/B0DSBJ3SXP,B0DSBJ3SXP,"Brocktonian Voices: Brockton, the past, present, and what it could become",Dr.  James E. Bruce Sr.,Paperback,"Dec 31, 2024",
0,https://www.amazon.com/dp/B0DS6G7F67,B0DS6G7F67,Recent Advances and Prospects in Urban E-planning,Carlos Nunes Silva,Hardcover,"Dec 31, 2024",
1,https://www.amazon.com/dp/B0DS4TZJ3Y,B0DS4TZJ3Y,"The Monk Who Sold His Car: A Journey from Chaos to Serenity: The Monk Who Sold His Car: A Journey from Chaos to Serenity ,It captures the essence of transformation and enlightenment.",Shreyas A,Kindle,"Dec 31, 2024",
0,https://www.amazon.com/dp/B0DS12ZCND,B0DS12ZCND,"Darkness to Light, Darkness to Life",ShaunaBeth Paradiso,Paperback,"Dec 31, 2024",
0,https://www.amazon.com/dp/B0DS11CCXX,B0DS11CCXX,New Creature: Be Growing and Be Going: Books 9 and 10 Student Edition (The New Creature),Rev. John P Jones,Paperback,"Dec 31, 2024",
0,https://www.amazon.com/dp/B0DRZHL1NV,B0DRZHL1NV,Wuthering Heights,Emily Brontë,Paperback,"Dec 31, 2024",
0,https://www.amazon.com/dp/B0DRYZ6HRX,B0DRYZ6HRX,Mavaji: The Divine Kalika Incarnation of Vishnu,Swati Bisht,Kindle,"Dec 31, 2024",
0,https://www.amazon.com/dp/B0CW2B1LPF,B0CW2B1LPF,"Islands and Communities: Perspectives on Insularity, Connectivity, and Belonging",Dr Anastasia Christophilopoulou,Kindle,"Dec 31, 2024",
0,https://www.amazon.com/dp/9819955653,9819955653,Rights in Practice for People with a Learning Disability: Stories of Citizenship,Liz Tilly,Kindle,"Dec 31, 2024",
0,https://www.amazon.com/dp/6208519632,6208519632,Incarcerated women,Nayara Gomes de Oliveira,Paperback,"Dec 31, 2024",
0,https://www.amazon.com/dp/6208417856,6208417856,The comparative syntax of A70 languages Fang Ewondo and Bulu,Albert Ze Ebanga,Paperback,"Dec 31, 2024",
0,https://www.amazon.com/dp/3384475925,3384475925,The Quantum Internet Revolu-tion: A Deep Dive into the Science and Potential of the Quantum Internet,Dee Thompson,Kindle,"Dec 31, 2024",
0,https://www.amazon.com/dp/3031456289,3031456289,The Arthurdale School: Cultural Intervention Through Rural Folklife Education in a Progressive New Deal Setting,Jan Rosenberg,Kindle,"Dec 31, 2024",
0,https://www.amazon.com/dp/3031403894,3031403894,Humour Theory and Stylistic Enquiry,Taiwo Oloruntoba-Oju,Kindle,"Dec 31, 2024",
0,https://www.amazon.com/dp/3031382099,3031382099,Digital Scientific Communication: Identity and Visibility in Research Dissemination,Ramón Plo-Alastrué,Kindle,"Dec 31, 2024",
0,https://www.amazon.com/dp/3031343646,3031343646,"Cross-Border Life and Work: Social, Economic, Technological and Jurisdictional Issues (Contributions to Management Science)",Peter Droege,Kindle,"Dec 31, 2024",
0,https://www.amazon.com/dp/1803743085,1803743085,IndigePop: A Companion (Genre Fiction and Film Companions),Svetlana Seibel,Paperback,"Dec 30, 2024",
0,https://www.amazon.com/dp/1789974305,1789974305,Other '68s: Lineages and Legacies of May ’68 (Cultural History and Literary Imagination),Álvaro J. Vidal Bouzon,Kindle,"Dec 30, 2024",
0,https://www.amazon.com/dp/1763798402,1763798402,"The Internationalists' Playbook: Communicating across borders navigating language, culture and idioms (The Internationalists' Playbooks)",Colin H. Green,Kindle,"Dec 31, 2024",
0,https://www.amazon.com/dp/B0DRW5RGSY,B0DRW5RGSY,"""The Economics Challenge: Test Your Knowledge of Markets and Money"": ""Dive into sections with 30 expertly crafted questions: 10 easy to warm up, 10 ... Complete with answers and explanations,",Mahi Publication,Paperback,"Dec 30, 2024",
0,https://www.amazon.com/dp/1032791969,1032791969,The Phenomenology of Pregnancy and Early Motherhood,Susi Ferrarello,Kindle,"Dec 30, 2024",
2,https://www.amazon.com/dp/1538198967,1538198967,Intimate Partner Violence,Elizabeth,Kindle,"Dec 30, 2024",
1,https://www.amazon.com/dp/8832080699,8832080699,Rewriting Exurbia: New People in Aging Sprawl,Lawrence C. Davis,Paperback,"Dec 30, 2024",
0,https://www.amazon.com/dp/B0DRZLKMFH,B0DRZLKMFH,Critical Holiday Food Recalls: A guide to protecting your family from poisoning,Billy Forte,Kindle,"Dec 30, 2024",
4,https://www.amazon.com/dp/B0DS1D9F9J,B0DS1D9F9J,"Greek Mythology Word Search: +1000 Greek Mythology Themed Word Searches, Gifts for Greek Mythology Lovers & Ancient Greece Civilization | Large Print",Boloza Publishing,Paperback,"Dec 30, 2024",
1,https://www.amazon.com/dp/1915734770,1915734770,"Latinidad, Identity Formation, and the Mass Media Landscape: Constructing Pocho Villa (Latinx Studies)",Gabriel A Cruz,Kindle,"Dec 30, 2024",
0,https://www.amazon.com/dp/B0DS15392W,B0DS15392W,Celtic Folklore Mindful Colouring Book for Adults: Celtic Mythology colouring for grownups,Irene Treston-Waller,Paperback,"Dec 30, 2024",
0,https://www.amazon.com/dp/B0DS6NPQD6,B0DS6NPQD6,Radical Nurses,Mary Ellen Biggerstaff,Kindle,"Dec 30, 2024",
4,https://www.amazon.com/dp/1836638426,1836638426,It CAN Happen to You!: Don't be a Victim!,James E. Hawkins,Kindle,"Dec 30, 2024",
0,https://www.amazon.com/dp/B0DS77VN52,B0DS77VN52,"Volunteer Hours Tracker Log Book: Track Every Contribution. Ideal for Volunteers, Coordinators, and Teams",Moonpeak Library,Hardcover,"Dec 30, 2024",
0,https://www.amazon.com/dp/3111434435,3111434435,"Dynamics, Mediation, Mobilization: Doing Memory Studies With Ann Rigney (Media and Cultural Memory, 41)",Astrid Erll,Paperback,"Dec 30, 2024",
0,https://www.amazon.com/dp/103294367X,103294367X,Cyber Investigations of Smart Devices,Akashdeep Bhardwaj,Kindle,"Dec 30, 2024",
2,https://www.amazon.com/dp/3031449371,3031449371,"Cotton Mather, Jonathan Edwards, and the Quest for Evangelical Enlightenment: Scripture and Experimental Religion (Christianities in the Trans-Atlantic World)",Ryan P. Hoselton,Kindle,"Dec 30, 2024",
0,https://www.amazon.com/dp/3031346629,3031346629,The Rise and Fall of the Oil Nation Venezuela,Carlos A. Rossi,Kindle,"Dec 30, 2024",
0,https://www.amazon.com/dp/3031109198,3031109198,"Defending French in Flanders, 1873–1974: Between Liberty and Identity",David J. Hensley,Kindle,"Dec 30, 2024",
2,https://www.amazon.com/dp/1965560350,1965560350,A Mother Headache and Mother's Journey,Valerie Jones,Kindle,"Dec 30, 2024",
0,https://www.amazon.com/dp/1032605448,1032605448,"Museums and Mass Violence (Rethinking Memory, Representation and Human Rights)",Paul Morrow,Kindle,"Dec 30, 2024",
0,https://www.amazon.com/dp/B0DSVSSDDJ,B0DSVSSDDJ,Inspiring Stories: Palestine & Syria: Reflections from Palestine & Syria.,Mr. Saju,Paperback,"Dec 30, 2024",
0,https://www.amazon.com/dp/B0DS8CDQB5,B0DS8CDQB5,The Book of Mormon a National Document,David S Nishimoto,Kindle,"Dec 30, 2024",
0,https://www.amazon.com/dp/B0DS6817NX,B0DS6817NX,Stay Tall Stay Unique. Notebook A5 size: diary. journal. funny notepad. pocket size,Dot & Crumbles Publishing,Paperback,"Dec 30, 2024",
0,https://www.amazon.com/dp/B0DS5DXCPY,B0DS5DXCPY,Conversations with the King of Glory jurnal,Miss Mmanare Rina Makgae,Paperback,"Dec 30, 2024",
0,https://www.amazon.com/dp/B0DS4QTLFN,B0DS4QTLFN,Poland Says: Notebook with Funny Polish Parents Sayings,Poland Says,Paperback,"Dec 30, 2024",
0,https://www.amazon.com/dp/B0DS4LZR2W,B0DS4LZR2W,"Prayer Journal for Grandma with Faith Scriptures Prompts, Strengthen Your Faith with God Daily",Ndona Kauna,Paperback,"Dec 30, 2024",
0,https://www.amazon.com/dp/B0DS2BQS18,B0DS2BQS18,Things I really want to say out loud but I can't: It's another meeting | 120 pages | B&W | Things I can't say out loud in meetings | Laugh out loud jokes,Mel M. Hoover,Paperback,"Dec 30, 2024",
0,https://www.amazon.com/dp/B0DS2B8448,B0DS2B8448,Things I want to say out loud but it's another meeting: Things I can't say out loud in meetings | Funny notebook | 120 pages | B&W | Laugh out loud jokes,Mel M. Hoover,Paperback,"Dec 30, 2024",
0,https://www.amazon.com/dp/B0DS1SCGYF,B0DS1SCGYF,Happy New Year 2025: Reflections from Palestine.: Stories of Struggle and Renewal: Real-life Stories of Resilience and Survival,Mr. Saju,Kindle,"Dec 30, 2024",
0,https://www.amazon.com/dp/B0DS1KQ8KN,B0DS1KQ8KN,Prayer Keys To A Successful Life: Discover the transformative power of prayer,Blessing Oluwatimileyin,Kindle,"Dec 30, 2024",
0,https://www.amazon.com/dp/B0DS17NHCX,B0DS17NHCX,Urban Harmony: Integrating Timeless Wisdom with Modern City Planning,Alok Tiwari,Kindle,"Dec 30, 2024",
0,https://www.amazon.com/dp/B0DRZW3RH2,B0DRZW3RH2,I Should Have Done Porn,Jack Handy,Paperback,"Dec 30, 2024",
0,https://www.amazon.com/dp/B0DRZD6NJF,B0DRZD6NJF,A Mother's Love in Color: Inspirational Quotes and Beautiful Designs Coloring Book to Celebrate Mom,Olajumoke Graphics Arts,Paperback,"Dec 30, 2024",
0,https://www.amazon.com/dp/B0DRXXNK2L,B0DRXXNK2L,"Tribes of the World: A Fun and Educational Guide for Kids: Discover Cultures, Traditions, and Daily Life Around the World",Dr Dinesh Chauhan,Paperback,"Dec 30, 2024",
0,https://www.amazon.com/dp/B0DRXF7YJQ,B0DRXF7YJQ,Queer Sexualities in Indian Culture : Critical Responses,Dipak Giri,Kindle,"Dec 30, 2024",
0,https://www.amazon.com/dp/B0DRVYT535,B0DRVYT535,SONS OF JUDAH,JEREMY TUBBS,Paperback,"Dec 30, 2024",
0,https://www.amazon.com/dp/9970090208,9970090208,Decolonisation Pathways: Coloniality and African Responses to COVID-19,David Ngendo-Tshimba,Kindle,"Dec 30, 2024",
0,https://www.amazon.com/dp/9819970172,9819970172,Urban Sustainable Development in East Asia: Understanding and Evaluating Urban Sustainable Trends in China and Japan (Urban Sustainability),Xiaolong Zou,Kindle,"Dec 30, 2024",
1,https://www.amazon.com/dp/9359898333,9359898333,India and Identity - Some Reflections,Dr Firoj High Sarwar,Paperback,"Dec 30, 2024",
0,https://www.amazon.com/dp/620851665X,620851665X,Journalistic writing by example,Gilbert Toppé,Paperback,"Dec 30, 2024",
0,https://www.amazon.com/dp/620838950X,620838950X,Factors associated with the use of non-reusable products,Miora Andrianandrianina Andriamahazo,Paperback,"Dec 30, 2024",
0,https://www.amazon.com/dp/3031450159,3031450159,British Muslims and Their Discourses,Laurens de Rooij,Kindle,"Dec 30, 2024",
0,https://www.amazon.com/dp/3031419839,3031419839,Religious Pluralism and Law in Contemporary Brazil (Law and Religion in a Global Context),Paula Montero,Kindle,"Dec 30, 2024",
0,https://www.amazon.com/dp/3031415337,3031415337,"The Palgrave Handbook of Power, Gender, and Psychology",Eileen L. Zurbriggen,Kindle,"Dec 30, 2024",
0,https://www.amazon.com/dp/3031411021,3031411021,"Police Conflict Management, Volume II: Training and Education",Mario S. Staller,Kindle,"Dec 30, 2024",
0,https://www.amazon.com/dp/3031398947,3031398947,Remembering Mass Atrocities: Perspectives on Memory Struggles and Cultural Representations in Africa (Palgrave Macmillan Memory Studies),Mphathisi Ndlovu,Kindle,"Dec 30, 2024",
0,https://www.amazon.com/dp/1803744324,1803744324,"The Iconic Power of the Short Story: Exploring Culture, Cognition, and Affective Involvement in Seamus Heaney",Carmen M. Bretones Callejas,Paperback,"Dec 29, 2024",
0,https://www.amazon.com/dp/1803742941,1803742941,Olympic Villages and Urban Development: Analysis of Spatial Models and Geographic Transformations,Valerio della Sala,Paperback,"Dec 29, 2024",
0,https://www.amazon.com/dp/1803742356,1803742356,"Sport in Paris: Retracing the Culture of Play and Games in the City of Light (1854–2024) (Sport, History and Culture)",Maxence Leconte,Kindle,"Dec 30, 2024",
0,https://www.amazon.com/dp/1433197588,1433197588,"Journalism in a Fractured World (Frontiers in Journalism Studies, 2)",Scott A. Eldridge,Hardcover,"Dec 30, 2024",
0,https://www.amazon.com/dp/1032407662,1032407662,The Politics of Redress (Routledge Revivals),Willem De Haan,Kindle,"Dec 30, 2024",
0,https://www.amazon.com/dp/1032405732,1032405732,Blackmail (Routledge Revivals),Mike Hepworth,Kindle,"Dec 30, 2024",
1,https://www.amazon.com/dp/1032404051,1032404051,Prejudice and Pride (Routledge Revivals),Bruce Galloway,Kindle,"Dec 30, 2024",
0,https://www.amazon.com/dp/3031698878,3031698878,Audience Participation in Theatre: Evolutions of the Invitation,Gareth White,Paperback,"Dec 29, 2024",
0,https://www.amazon.com/dp/3031769694,3031769694,"Navigating Digital Transformation: Organizational Change, Digital Work, and Individual Behavior (Lecture Notes in Information Systems and Organisation)",Rocco Agrifoglio,Kindle,"Dec 29, 2024",
1,https://www.amazon.com/dp/B0DRYLLJ99,B0DRYLLJ99,Ramadan Learning & Coloring Book: Discover the Magic of the Holy Month: A thoughtful gift that combines joy and learning – perfect for Ramadan and Eid,Kerem Demir,Paperback,"Dec 29, 2024",
0,https://www.amazon.com/dp/B0DRZNKN93,B0DRZNKN93,"Understanding Transgender Identities - A Guide to Intersectionality, Pronouns, and Inclusivity: Navigating Gender Identity, Expression, and Creating ... Transgender Individuals (Transgender Books)",BM99 SAVAGE Books,Paperback,"Dec 29, 2024",
0,https://www.amazon.com/dp/B0DRV3N9KG,B0DRV3N9KG,"Father, The Author, and the Finisher",Althea Jones,Paperback,"Dec 29, 2024",
1,https://www.amazon.com/dp/B0DRWQ2QXJ,B0DRWQ2QXJ,Jesus and Psychology: An Integration for Mental Health REVISED,GEORGE HINN,Paperback,"Dec 29, 2024",
1,https://www.amazon.com/dp/B0DS1HTKVQ,B0DS1HTKVQ,Political Controversy: How Democrats believe they are STILL the proprietary owners of Black America.,Maurice Lucado,Kindle,"Dec 29, 2024",
0,https://www.amazon.com/dp/B0DS1ZH7W2,B0DS1ZH7W2,31 Days of Proverbs: Workbook,Darlin T,Paperback,"Dec 29, 2024",
0,https://www.amazon.com/dp/B0DS1S95KY,B0DS1S95KY,"Coupon Book for Mom: Blank Coupon Book for Mom from Kids to Show Love and Appreciation on Mother's Day, Birthday, Anniversary, or Any Time | 50 ... Book: 50 Playful Coupons to Support Busy Mom",Kamil Nowak,Paperback,"Dec 29, 2024",
0,https://www.amazon.com/dp/B0DS15C9L9,B0DS15C9L9,"The Rise Of A Modern Icon Joe Rogan: An In-Depth Journey Through The Comedian’s Influence On Media, Politics, And The Modern Cultural Landscape.",Linda B. Victor,Kindle,"Dec 29, 2024",
5,https://www.amazon.com/dp/B0DRWFFYW1,B0DRWFFYW1,GOD IS ABLE PRAYER JOURNAL,ANDREA BENT,Paperback,"Dec 29, 2024",
5,https://www.amazon.com/dp/B0DRTFZMZS,B0DRTFZMZS,"Disconnected Minds. Saving our children from the Social Media Trap (The Human Bond Series, Understanding attachment, mental well-being, and the impact of connection across all life stages)",Jordan Harper,Kindle,"Dec 29, 2024",
0,https://www.amazon.com/dp/B0DST2TPMQ,B0DST2TPMQ,From Sleepless to Thankful: A Gratitude Journal for New Moms,Harper Moonstone,Paperback,"Dec 29, 2024",
0,https://www.amazon.com/dp/B0DS9PHFWY,B0DS9PHFWY,Beyond My Imagination: A book of short stories,Ellona Lynn Reddick,Kindle,"Dec 29, 2024",
0,https://www.amazon.com/dp/B0DS23NGTJ,B0DS23NGTJ,Battle Born Sermon Journal,Trenee' Battle,Paperback,"Dec 29, 2024",
0,https://www.amazon.com/dp/B0DS1Q71WT,B0DS1Q71WT,Notebook with stars on the cover: a way to express your style and personality!,Maja Radomska,Paperback,"Dec 29, 2024",
0,https://www.amazon.com/dp/B0DS12YGVM,B0DS12YGVM,Ovulation Test Strips Tracker: Manual Pregnancy Test Strips Progress Logbook | Undated Journal for Your TTC Journey | 100 Pages,Habib Ach,Paperback,"Dec 29, 2024",
0,https://www.amazon.com/dp/B0DRZZZQJJ,B0DRZZZQJJ,"#1 maman: #1 maman notebook/journal, 6"" x 9"", 120 lined pages, personalized with ""#1 MAMAN"" (Mom translated into French) written on the matte cover",Catherine Jimenea,Paperback,"Dec 29, 2024",
0,https://www.amazon.com/dp/B0DRZZSMXP,B0DRZZSMXP,"#1 nanay: #1 nanay notebook/journal, 6"" x 9"", 120 lined pages, personalized with ""#1 NANAY"" (Mom translated into Tagalog) written on the matte cover",Catherine Jimenea,Paperback,"Dec 29, 2024",
0,https://www.amazon.com/dp/B0DRZQS47N,B0DRZQS47N,Livin' in English 2025: A guided annual planner to keep in touch with English every day.,Ms Neshann Lacuesta,Hardcover,"Dec 29, 2024",
1,https://www.amazon.com/dp/B0DRZ5J1W9,B0DRZ5J1W9,Scottish Folklore Mindful Colouring Book for Adults: Celtic mythology colouring,Mrs Irene Treston-Waller,Paperback,"Dec 29, 2024",
0,https://www.amazon.com/dp/B0DRW2X3XG,B0DRW2X3XG,"Creativity, Motivation, Neuroscience, AI and their Future (KIE Creativity Book Series)",Fredricka Reisman,Kindle,"Dec 29, 2024",
0,https://www.amazon.com/dp/B0DRVT6L1K,B0DRVT6L1K,Theocracy: The Government of God,HECTOR JOSE PINOCHET,Paperback,"Dec 29, 2024",
0,https://www.amazon.com/dp/B0DRVHYGHC,B0DRVHYGHC,"DEMOCRACY DISRUPTED: AI, Misinformation and the Fight for a Resilient Future",Quick Reads,Kindle,"Dec 29, 2024",
0,https://www.amazon.com/dp/B0DRTKJHWM,B0DRTKJHWM,The Tragic Story of Robert Brooks: Uncovering the Culture of Brutality and Racial Bias in U.S. Correctional Facilities (Trend Breakers),John M. Poulsen,Kindle,"Dec 29, 2024",
0,https://www.amazon.com/dp/B0DRTGR3L4,B0DRTGR3L4,"The Pregnancy Playbook: What to Expect, From Tests to Trimesters",Megan Caldwell,Kindle,"Dec 29, 2024",
0,https://www.amazon.com/dp/B0DRTG3V1Y,B0DRTG3V1Y,"You’re Cordially Invited Movie Review: A comprehensive guide exploring the inspiration behind the film's plot twist, cast, themes, and production.",Susan K. Winters,Paperback,"Dec 29, 2024",
0,https://www.amazon.com/dp/9999351123,9999351123,Little Baby in my Belly - Pregnancy Planner,The Jo Journals,Paperback,"Dec 29, 2024",
0,https://www.amazon.com/dp/9819985110,9819985110,Mapping International Student Mobility Between Africa and China,Benjamin Mulvey,Paperback,"Dec 29, 2024",
0,https://www.amazon.com/dp/6208418755,6208418755,COMPARATIVE ANALYSIS OF ARTISTIC AND SCIENTIFIC STYLE: MONOGRAPH,YULDASHEVA NOZIMA SOLIJONOVNA,Paperback,"Dec 29, 2024",
0,https://www.amazon.com/dp/3031468007,3031468007,Gender Expansion in Early Childhood Education: Building and Supporting Pro-Diversity Spaces,Rachel Chapman,Kindle,"Dec 29, 2024",
0,https://www.amazon.com/dp/3031450531,3031450531,Unauthorized Outlooks on Second Languages Education and Policies: Voices from Colombia,Carmen Helena Guerrero-Nieto,Kindle,"Dec 29, 2024",
0,https://www.amazon.com/dp/3031407083,3031407083,"100 Years of Radio in South Africa, Volume 2: Community Radio, Digital Radio and the Future of Radio in South Africa",Sisanda Nkoala,Kindle,"Dec 29, 2024",
0,https://www.amazon.com/dp/3031407040,3031407040,"100 Years of Radio in South Africa, Volume 1: South African Radio Stations and Broadcasters Then & Now",Sisanda Nkoala,Kindle,"Dec 29, 2024",
0,https://www.amazon.com/dp/1963876873,1963876873,"Digital Outreach for Islamic Organizations: A Comprehensive Guide to Social Media, SEO, and Community Engagement",Abdellatif Raji,Kindle,"Dec 29, 2024",
0,https://www.amazon.com/dp/1963876792,1963876792,The Ultimate Revival: Uniting and Transforming the Ummah Through the Timeless Guidance of Quran and Sunnah,Abdellatif Raji,Kindle,"Dec 29, 2024",
1,https://www.amazon.com/dp/1738268608,1738268608,Resident Stalker: The Superintendent Chronicles,TC Williams,Kindle,"Dec 29, 2024",
0,https://www.amazon.com/dp/1636671888,1636671888,Communicating a World-in-Crisis (Global Crises and the Media),Simon Cottle,Hardcover,"Dec 29, 2024",
1,https://www.amazon.com/dp/B0DRT4SCBT,B0DRT4SCBT,Applying Faith and Family Systems to Emotional Scars: A 10-Week Curriculum,Kevin Hrebik,Kindle,"Dec 28, 2024",
0,https://www.amazon.com/dp/9334183195,9334183195,"Systems, Agents, Actions & Rewards",Sridhar Swaminathan,Kindle,"Dec 28, 2024",
0,https://www.amazon.com/dp/B0DS9PTZ33,B0DS9PTZ33,Renewed Hope: A Year-Long Journey Through the New Testament: A 52-Week Intimate Journey Discovering Hope and Truth in the New Testament,Elizabeth Love,Paperback,"Dec 28, 2024",
0,https://www.amazon.com/dp/3031745035,3031745035,Policing Public Protection: A Companion Guide,Rachael Aplin,Kindle,"Dec 28, 2024",
0,https://www.amazon.com/dp/B0DRSQNV1N,B0DRSQNV1N,Clouding Truth: The Architects of Misinformation,Tony Hicks,Kindle,"Dec 28, 2024",
0,https://www.amazon.com/dp/B0DRZ74ZV9,B0DRZ74ZV9,Strumming Through the Seasons!,Dianna Irene Highlander,Paperback,"Dec 28, 2024",
0,https://www.amazon.com/dp/B0DS9RV7LJ,B0DS9RV7LJ,Timeless Truths: A Year-Long Journey Through the Old Testament: A 52-Week Intimate Journey Discovering Hope and Truth in the New Testament,Elizabeth Love,Paperback,"Dec 28, 2024",
0,https://www.amazon.com/dp/B0DRZL246G,B0DRZL246G,Mom's Life Story Journal: A Guided Memory Keepsake to Cherish,Fin & Lily,Paperback,"Dec 28, 2024",
0,https://www.amazon.com/dp/B0DRZDZW1D,B0DRZDZW1D,"Write That Shit Down Notebook:: Pink Notebook/Journal To Write In With Funny (Cute, ... Aunt, Best Friend and Other Women) , 6x9 inches Classic Ruled/Lined Journal",write always,Paperback,"Dec 28, 2024",
0,https://www.amazon.com/dp/B0DRZ6RDCW,B0DRZ6RDCW,Ireland's Legends and Myths,Daniel Fuil,Hardcover,"Dec 28, 2024",
0,https://www.amazon.com/dp/B0DRYM8RXX,B0DRYM8RXX,In Poland We Say - Sigma: Playful Notebook Polish Youth Word,Poland Says,Paperback,"Dec 28, 2024",
0,https://www.amazon.com/dp/B0DRYGK72N,B0DRYGK72N,My Baby Boy: Daily Log Journal,Danni Leigh,Paperback,"Dec 28, 2024",
0,https://www.amazon.com/dp/B0DRY9VYK2,B0DRY9VYK2,My Baby Girl: Daily Log Journal,Danni Leigh,Paperback,"Dec 28, 2024",
0,https://www.amazon.com/dp/B0DRY88VZT,B0DRY88VZT,My Baby Girl: Daily Log Journal,Danni Leigh,Paperback,"Dec 28, 2024",
0,https://www.amazon.com/dp/B0DRY788DJ,B0DRY788DJ,Ovulation Test Strips Log: Manual Pregnancy Test Strips Progress Tracker | Undated Journal for Your TTC Journey | 100 Pages,Habib Ach,Paperback,"Dec 28, 2024",
0,https://www.amazon.com/dp/B0DRWWTXC4,B0DRWWTXC4,"100 Page Bible Study Journal: S.O.A.P Method for Bible Study (Scripture, Observation, Application & Prayer)",Musa Garba Audu,Paperback,"Dec 28, 2024",
0,https://www.amazon.com/dp/B0DRWVXSCW,B0DRWVXSCW,"Letters to my Daughter in Heaven: Loss of Daughter Bereavement Gift, Healing Journal Sympathy Gift, 120 Blank Lined Pages",Shining Crystal Press,Paperback,"Dec 28, 2024",
0,https://www.amazon.com/dp/B0DRWH11F5,B0DRWH11F5,"101 reasons to kiss the chef: A Book of Quotes, Trivia, and a Game about Food and Love",Sage Schultz,Kindle,"Dec 28, 2024",
2,https://www.amazon.com/dp/B0DRWBC9PX,B0DRWBC9PX,Just Breathe Momma!: A 30 Day Devotional,Mrs LaToyia Porter,Kindle,"Dec 28, 2024",
0,https://www.amazon.com/dp/B0DRW6R4Y9,B0DRW6R4Y9,You're A Great Mom Because . . .,Nikki West,Paperback,"Dec 28, 2024",
0,https://www.amazon.com/dp/B0DRVX1494,B0DRVX1494,"Tell Me Everything, Mom: A Guided Journal to Share Your Life Story, Memories, and Wisdom: 50 Themes and 250 Questions to Help Mom Create a Lasting ... for Mother’s Day, Birthdays, or Christmas",Lex Max Belle,Paperback,"Dec 28, 2024",
0,https://www.amazon.com/dp/B0DRVTTQGS,B0DRVTTQGS,"Beautiful Midnight Magnolia Floral Notebook for Women: Elegant Journal~ 130 sheets/260 lined pages, 6""x9"" Size ~ For Writing, Creative Journaling, and More.",Adrienne Patricia LaFlam,Paperback,"Dec 28, 2024",
0,https://www.amazon.com/dp/B0DRVJWH2V,B0DRVJWH2V,Cannabis Colouring Book: Haze Edition,Jekyll & Jones,Paperback,"Dec 28, 2024",
0,https://www.amazon.com/dp/B0DRTBWJWW,B0DRTBWJWW,"The Transgender Experience - Insights, Stories, and Legal Rights: Exploring the Journey, Myths, and Legal Landscape of Transgender Individuals (Transgender Books)",BM99 SAVAGE Books,Paperback,"Dec 28, 2024",
0,https://www.amazon.com/dp/B0DRTBMPWN,B0DRTBMPWN,Silent Solutions,Tony Briant,Kindle,"Dec 28, 2024",
0,https://www.amazon.com/dp/B0DRT94P3P,B0DRT94P3P,"Farming, Trucking, and Labor vs. Digital Creation: A Tale of Two Realities",Sukh Turh,Kindle,"Dec 28, 2024",
0,https://www.amazon.com/dp/B0DRT6341G,B0DRT6341G,Sustainable Services: Multiple Criteria Decision Analysis,Winston W. H. Weng,Kindle,"Dec 28, 2024",
0,https://www.amazon.com/dp/B0DRT5K5Q2,B0DRT5K5Q2,Bible Study Notes: With Supplementary Theological Lessons,James Robert Ross Ph.D.,Paperback,"Dec 28, 2024",
0,https://www.amazon.com/dp/B0DRT21CVR,B0DRT21CVR,Divine Protector of Rajasthan: Pabuji Rathore,Swati Bisht,Kindle,"Dec 28, 2024",
0,https://www.amazon.com/dp/B0DRST2F33,B0DRST2F33,Generation Z Iceberg,Mr Keith E L Daquipil,Kindle,"Dec 28, 2024",
2,https://www.amazon.com/dp/B0DRSQVTHC,B0DRSQVTHC,The Family Storybook: Collecting and Sharing Our Legacy,Wambui Bahati,Kindle,"Dec 28, 2024",
1,https://www.amazon.com/dp/B0DRSPTS4P,B0DRSPTS4P,Bumpkin and the City of Dogs,C. Richart,Kindle,"Dec 28, 2024",
0,https://www.amazon.com/dp/9819964210,9819964210,Videolised Society,Jian Meng,Kindle,"Dec 28, 2024",
0,https://www.amazon.com/dp/9334148403,9334148403,The Scrolling Scholars: Bridging Academia and Social Media,Allwin K. Rex,Kindle,"Dec 28, 2024",
0,https://www.amazon.com/dp/6208509785,6208509785,Modern-day ethics,Richard Bunduki,Paperback,"Dec 28, 2024",
0,https://www.amazon.com/dp/6208508649,6208508649,Conflict Resolution as a Path to Progress,Kalifa Martin Soulama,Paperback,"Dec 28, 2024",
0,https://www.amazon.com/dp/3031186052,3031186052,"Religious Economies in Secular Context: Halal Markets, Practices and Landscapes (New Directions in Islam)",Rano Turaeva,Kindle,"Dec 28, 2024",
0,https://www.amazon.com/dp/1326790293,1326790293,Shadows of the River: The Prophecy of Powell,Mark Winters,Paperback,"Dec 28, 2024",
0,https://www.amazon.com/dp/1032603429,1032603429,A Psychoanalytic Exploration of Female to Male Transition,Serena Heller,Kindle,"Dec 27, 2024",
1,https://www.amazon.com/dp/B0DRW3J24P,B0DRW3J24P,Rare set of twins,Rima Aldebbeh,Kindle,"Dec 27, 2024",
0,https://www.amazon.com/dp/B0DRSN1KTV,B0DRSN1KTV,"Volunteer Hours Log Book: Non-profit organizations, Community Service & Volunteering Work Hours Logbook | Record Daily Time Sheets Tracker | 110 Pages",FinInsight Publishing,Paperback,"Dec 27, 2024",
0,https://www.amazon.com/dp/B0DSCQXJ8W,B0DSCQXJ8W,The Communication Capstone: The Communication Inquiry and Theory Experience,Brian H Spitzberg,Paperback,"Dec 27, 2024",
4,https://www.amazon.com/dp/B0DRZ5V4LW,B0DRZ5V4LW,ABC Black History Coloring Book: A Creative Way for Kids Ages 4-10 to Discover Black History,KSW Publishing Corner,Paperback,"Dec 27, 2024",
2,https://www.amazon.com/dp/1625348266,1625348266,Writing Themselves into the Movement: Child Authors of the Black Arts Era (Childhoods: Interdisciplinary Perspectives on Children and Youth),Dr. Amy Fish,Kindle,"Dec 27, 2024",
0,https://www.amazon.com/dp/179351772X,179351772X,A New Rhetoric of Social Movements,Dana L Cloud,Paperback,"Dec 27, 2024",
0,https://www.amazon.com/dp/B0D6LFY7BZ,B0D6LFY7BZ,The High-Impact Digital Library: Innovative Approaches for Outreach and Instruction (Core Monographs),Anna Neatrour,Kindle,"Dec 27, 2024",
0,https://www.amazon.com/dp/B0DRPGQX4S,B0DRPGQX4S,Lady Susan,Jane Austen,Hardcover,"Dec 27, 2024",
0,https://www.amazon.com/dp/1032190574,1032190574,Innovations and Challenges in Social Media Discourse Analysis (Innovations and Challenges in Applied Linguistics),Michele Zappavigna,Kindle,"Dec 27, 2024",
0,https://www.amazon.com/dp/1032850086,1032850086,A Sociological Analysis of Incipient Totalitarianism in the United States,Brendan Maguire,Kindle,"Dec 27, 2024",
0,https://www.amazon.com/dp/B0DTF6QCV5,B0DTF6QCV5,Street Money Magazine Volume 3 Issue 6: Killa Breezy: Still Killing The Game,i Hu$tle,Paperback,"Dec 27, 2024",
0,https://www.amazon.com/dp/1032865989,1032865989,Cultivating Intercultural Communication Awareness,Gareth Humphreys,Kindle,"Dec 16, 2024",
0,https://www.amazon.com/dp/B0DSG8VFVK,B0DSG8VFVK,Street Money Magazine Volume 3 Issue 7: Michael Steven Paul: A Journey from Music to Film,i Hu$tle,Paperback,"Dec 27, 2024",
0,https://www.amazon.com/dp/1625348401,1625348401,"Making World Literature: Actors, Institutions, and Networks in the United States since 1890 (Page and Screen)",Anna Muenchrath,Hardcover,"Dec 27, 2024",
0,https://www.amazon.com/dp/0295753366,0295753366,"Crafting a Tibetan Terroir: Winemaking in Shangri-La (Culture, Place, and Nature)",Brendan A Galipeau,Kindle,"Dec 27, 2024",
0,https://www.amazon.com/dp/0990715329,0990715329,Agreements: Your Choice,James L Ritchie-Dunham,Paperback,"Dec 27, 2024",
1,https://www.amazon.com/dp/B0DSGPGNPF,B0DSGPGNPF,Gender and Popular Culture: A Visual Study,Tara L Ward,Paperback,"Dec 27, 2024",
0,https://www.amazon.com/dp/B0DRSD42CJ,B0DRSD42CJ,The Language of Lies: A Guide to Spotting Deception,Olesia Naumchyk,Kindle,"Dec 27, 2024",
0,https://www.amazon.com/dp/B0DRZYB6YT,B0DRZYB6YT,My Prayer Journal conversations i want to have with God: Religion and Spirituality worship devotion prayer notebook,Rosedale Journals,Paperback,"Dec 27, 2024",
1,https://www.amazon.com/dp/B0DRZ8KY3F,B0DRZ8KY3F,Finding The Light Within: Charting a Path to Resilience,Tanner Bergsma,Kindle,"Dec 27, 2024",
0,https://www.amazon.com/dp/B0DRXTZW11,B0DRXTZW11,Scriptural Insights: Christianity and Islam in Perspective,Br.  Geoffrey Kachiko MPS,Kindle,"Dec 27, 2024",
0,https://www.amazon.com/dp/B0DRVNDDX5,B0DRVNDDX5,"Undated Faith Planner: To Do List, Notes, Hourly Scheduling, Appointments, Goal Setting, Daily Tracker Organizer Boost Productivity",Winnie Ndona,Paperback,"Dec 27, 2024",
0,https://www.amazon.com/dp/B0DRVGMHND,B0DRVGMHND,"Undated Daily Christian Planner - To Do List, Notes, Hourly Scheduling, Appointments, Goal Setting, Daily Tracker Organizer",Liliana Winnie,Paperback,"Dec 27, 2024",
0,https://www.amazon.com/dp/B0DRVFR2YJ,B0DRVFR2YJ,"Dear Mom, I want to remember your story: A Mother’s guided journal to share her life and her legacy",J.C. Aragui,Paperback,"Dec 27, 2024",
0,https://www.amazon.com/dp/B0DRTWHT3N,B0DRTWHT3N,"If They Can't Handle Your Executive Dysfunction, They Don't Deserve Your Hyperfocus: For Neurodivergent Queens Who Know Their Worth",Driftwood Publishing,Paperback,"Dec 27, 2024",
1,https://www.amazon.com/dp/B0DRT5M55N,B0DRT5M55N,Be Merciful: Fifty Authentic Stories About the Miracles of God's Love,Nataliya Svelmoe,Kindle,"Dec 27, 2024",
0,https://www.amazon.com/dp/B0DRSQPQ8Y,B0DRSQPQ8Y,"Baby It's Cold Outside Baby Shower Guest Book: Charming Blue and Silver Theme Featuring Bonus Gift Log and Memory Pages | Space for Photos, Wishes, and Advice",Magda Gross,Paperback,"Dec 27, 2024",
1,https://www.amazon.com/dp/B0DRSLRMRH,B0DRSLRMRH,The Restless Sex,ROBERT W. CHAMBERS,Kindle,"Dec 27, 2024",
1,https://www.amazon.com/dp/B0DRSK3VZK,B0DRSK3VZK,DISGUISED OLIGARCHY: Impact on the Well-being of its Population,Dr. Philip Ndoki,Kindle,"Dec 27, 2024",
0,https://www.amazon.com/dp/B0DRSDTV2L,B0DRSDTV2L,"""The Fractured Future: A Path Back to Unity"": of 2025 (""Echoes of Tomorrow"")",roland gauthier,Kindle,"Dec 27, 2024",
0,https://www.amazon.com/dp/B0DRS9VT38,B0DRS9VT38,STURGILL SIMPSON BIOGRAPHY: A Voice of the People – How His Lyrics Speak to a Generation,Geneva Wagner,Kindle,"Dec 27, 2024",
0,https://www.amazon.com/dp/B0DRS8BQ7M,B0DRS8BQ7M,"BENSON BOONE BIOGRAPHY: Chasing Dreams - The Inspirational Story of Passion, Perseverance, and Success",Geneva Wagner,Kindle,"Dec 27, 2024",
0,https://www.amazon.com/dp/B0DRPLXP8J,B0DRPLXP8J,The Red Record: Tabulated Statistics and Alleged Causes of Lynching in the United States,Ida B. Wells-Barnett,Hardcover,"Dec 27, 2024",
0,https://www.amazon.com/dp/B0DRPKWL91,B0DRPKWL91,The Bible in One Year: Uncovering the Heart of God,Charity Johnson,Paperback,"Dec 27, 2024",
0,https://www.amazon.com/dp/B0DRNR8MY7,B0DRNR8MY7,Bengal's Climate Cancer: A climate knowledge Bank for 103 million people to save their future,SOUVIK CHONGDER,Kindle,"Dec 27, 2024",
0,https://www.amazon.com/dp/9083239020,9083239020,Favor,Temitope Agbana,Kindle,"Dec 27, 2024",
0,https://www.amazon.com/dp/9083135004,9083135004,Caught in the Wheels: A heavenly experience told,Barka Chiroma,Kindle,"Dec 27, 2024",
0,https://www.amazon.com/dp/6208507197,6208507197,Environment and social sustainability of domestic biodigesters,Philomène Coumba Tine,Paperback,"Dec 27, 2024",
0,https://www.amazon.com/dp/6208504538,6208504538,Baroque Feast,Alexandre Fernandes Correa,Paperback,"Dec 27, 2024",
0,https://www.amazon.com/dp/6208502659,6208502659,9/11 and the characterization of a new (non-political) enemy,Carolina Páez Gómez,Paperback,"Dec 27, 2024",
0,https://www.amazon.com/dp/6208418992,6208418992,"Prevalence and Causes of Communication Breakdown: In Marriage as Expressed by Religious Leaders in Kwara State, Nigeria",CHRIS TAIYE SITAN,Paperback,"Dec 27, 2024",
0,https://www.amazon.com/dp/6208395062,6208395062,Political Marketing in Mozambique,Custódio Come,Paperback,"Dec 27, 2024",
0,https://www.amazon.com/dp/3384471385,3384471385,Grammar Toolkit: A Stellar Guide to Language Exploration,Azhar Ul Haque Sario,Kindle,"Dec 27, 2024",
0,https://www.amazon.com/dp/303175929X,303175929X,Professional Autonomy: A Guidebook for the Caring Professions (SpringerBriefs in Ethics),Ricardo A. Ayala,Kindle,"Dec 27, 2024",
0,https://www.amazon.com/dp/1947566415,1947566415,EVERY DAY IS A PARTY 2025 Appointment Calendar with Daily Party-Worthy Holidays: 8x10 Weekly Planner Featuring Fun Celebrations Like Squirrel Appreciation Day!,Celesta Letchworth,Paperback,"Dec 27, 2024",
0,https://www.amazon.com/dp/1607858924,1607858924,"Journal of Cinema and Media Studies, vol. 64, no. 1",Society for Cinema and Media Studies,Paperback,"Dec 27, 2024",
0,https://www.amazon.com/dp/1517918553,1517918553,Swedish-American Studies 75,Adam Hjorthén,Paperback,"Dec 27, 2024",
0,https://www.amazon.com/dp/1300732105,1300732105,Seneca Nation Cultural and Historical Insights,Nëhdöwes Randy A. John,Paperback,"Dec 27, 2024",
4,https://www.amazon.com/dp/1068323701,1068323701,25 Questions You've Always Wanted to Ask Your Muslim Co-Worker,Omar Jahangir,Kindle,"Dec 27, 2024",
0,https://www.amazon.com/dp/0995888086,0995888086,"25+ Reasons I Love You, Mom!: Because no mom has time to read 100",Ivanka Di Felice,Paperback,"Dec 27, 2024",
3,https://www.amazon.com/dp/0826149510,0826149510,Health Equity: A Solutions-Focused Approach,K. Bryant Smalley PhD  PsyD  MBA,Kindle,"Dec 26, 2024",
0,https://www.amazon.com/dp/1476693730,1476693730,Finding the Virgin Mary: Her Evolving Stories from Early Christianity to Today,Judith M. Davis,Kindle,"Dec 26, 2024",
0,https://www.amazon.com/dp/B0CWFFNXR2,B0CWFFNXR2,Revolutionize Youth Book Clubs: Strategies for Meaningful and Fun Reading Experiences,Stacy Brown,Kindle,"Dec 26, 2024",
0,https://www.amazon.com/dp/0826149340,0826149340,Managing Quality and Safety in Long-Term Care,Darren Liu DrPH  MS  FGSA,Kindle,"Dec 26, 2024",
1,https://www.amazon.com/dp/0755637445,0755637445,History of the Arab Invasions: The Conquest of the Lands: A New Translation of al-Baladhuri's Futuh al-Buldan,Ahmad b. Yahya al-Baladhuri,Kindle,"Dec 26, 2024",
3,https://www.amazon.com/dp/1529685001,1529685001,Social Media: A Critical Introduction,Christian Fuchs,Kindle,"Nov 22, 2024",
0,https://www.amazon.com/dp/B0DRNMM7FQ,B0DRNMM7FQ,"Edward Norton Beyond the Screen: A Journey Through the Life, Art, and Activism of a Hollywood Visionary (Lights, Camera and Connection: The Faces Behind the Frame"")",Beatrice G. George,Kindle,"Dec 26, 2024",
0,https://www.amazon.com/dp/1350231592,1350231592,"Islamization and Archaeology: Religion, Culture and New Materialism (Debates in Archaeology)",José C. Carvajal López,Kindle,"Dec 26, 2024",
1,https://www.amazon.com/dp/B0DS1KZYNV,B0DS1KZYNV,Resilience In The Rain: Visions In Between The Raindrops,Stacey Aromando,Paperback,"Dec 26, 2024",
1,https://www.amazon.com/dp/162534810X,162534810X,Racializing Objectivity: How the White Southern Press Used Journalism Standards to Defend Jim Crow (Journalism and Democracy),Gwyneth Mellinger,Hardcover,"Dec 26, 2024",
0,https://www.amazon.com/dp/1908590831,1908590831,Adulthood in Britain and the United States from 1350 to Generation Z (New Historical Perspectives),Maria Cannon,Hardcover,"Dec 26, 2024",
0,https://www.amazon.com/dp/135024421X,135024421X,"Jews in Suits: Men's Dress in Vienna, 1890-1938 (Dress Cultures)",Jonathan C. Kaplan-Wajselbaum,Kindle,"Dec 26, 2024",
0,https://www.amazon.com/dp/B0FBM123NP,B0FBM123NP,"Onward to Great Adventures! Baby Shower Guest Book: Sign-In for Boy or Girl to Include Gift Log, Advice for Parents, Wishes for Baby, Photo Pages, and ... | Vintage Suitcase and Globe Travel Theme",Magda Gross,Paperback,"Dec 26, 2024",
2,https://www.amazon.com/dp/B0DRS4SSJD,B0DRS4SSJD,What’s Wrong With Me?: Things God Says About Me,Dr. Angela L Hood,Paperback,"Dec 26, 2024",
0,https://www.amazon.com/dp/103256525X,103256525X,Collaborative Cross-Cultural Narrative Inquiry,Cathy Raymond,Kindle,"Dec 26, 2024",
2,https://www.amazon.com/dp/B0DS6FCB7X,B0DS6FCB7X,"Fascism, Project 2025 & The Pinkprint (Our Future)",Esme Mees,Paperback,"Dec 26, 2024",
0,https://www.amazon.com/dp/1032945974,1032945974,Contemporary Cases in Management: Perspectives from Emerging Markets,Shalini Aggarwal,Kindle,"Dec 26, 2024",
0,https://www.amazon.com/dp/B0DRJXMB46,B0DRJXMB46,Masters of Deception: PT Barnum,Ayla Soroe,Kindle,"Dec 26, 2024",
0,https://www.amazon.com/dp/B0DSB6BKFN,B0DSB6BKFN,Mom Tell Me Your Story: A Guided Journal Created With Love by Princess Pia,Princess Pia,Hardcover,"Dec 26, 2024",
3,https://www.amazon.com/dp/B0DS4DHYYL,B0DS4DHYYL,Hispanic Perspectives on Student Support and Community Empowerment (Premier Research Source),Angello Villarreal,Hardcover,"Dec 26, 2024",
0,https://www.amazon.com/dp/B0DRYZL98F,B0DRYZL98F,Coloring mandalas,Jaqueline MARCELINO,Paperback,"Dec 26, 2024",
0,https://www.amazon.com/dp/B0DRSKNGWZ,B0DRSKNGWZ,"Free notebook, journal, for transgender brothers and sisters: I am proud of myself",Hanna Bnana,Paperback,"Dec 26, 2024",
0,https://www.amazon.com/dp/B0DRS9HCQK,B0DRS9HCQK,Lined Notebook for Moms & Grandmothers: 120-Page 6x9 Floral Pink Journal for Daily Notes and Memories,Naomi D,Hardcover,"Dec 26, 2024",
0,https://www.amazon.com/dp/B0DRPM1XX8,B0DRPM1XX8,"Llama Lover Notebook: Adorable and Stylish Journal for Llama Fans – Perfect for Writing, Drawing, Note-Taking, and Daily Planning – Ideal Gift for ... inches, Durable and Lightweight Design for Sc",LoL Company,Paperback,"Dec 26, 2024",
0,https://www.amazon.com/dp/B0DRPLL3J9,B0DRPLL3J9,Bible Study Journal: Improve Your Relationship with God,Ann Wise,Paperback,"Dec 26, 2024",
0,https://www.amazon.com/dp/B0DRPJL8S3,B0DRPJL8S3,"Dear mom, share your story: Funny gift notebook for mothers",Xavier H,Paperback,"Dec 26, 2024",
1,https://www.amazon.com/dp/B0DRNWHT1L,B0DRNWHT1L,The Blame Game: Exposing the Faulty Logic of School Choice (U.S. AMERICA & LEADERSHIP SERIES),Don J. Fessenden,Paperback,"Dec 26, 2024",
1,https://www.amazon.com/dp/B0DRNJXGF7,B0DRNJXGF7,Biopsychology: Seventh Edition (CourseBooks),Mark H. Kavanaugh Ph.D.,Paperback,"Dec 26, 2024",
0,https://www.amazon.com/dp/B0DRKYQV6B,B0DRKYQV6B,Why Women Don’t Win: The Truth About What’s Holding You Back,Blaire Inglis,Paperback,"Dec 26, 2024",
0,https://www.amazon.com/dp/B0DRKCFLPT,B0DRKCFLPT,Persuasion,Jane Austen,Hardcover,"Dec 26, 2024",
0,https://www.amazon.com/dp/B0DRK39VCT,B0DRK39VCT,Mansfield Park,Jane Austen,Hardcover,"Dec 26, 2024",
0,https://www.amazon.com/dp/B0DRK2QC4D,B0DRK2QC4D,Sense and Sensibility,Jane Austen,Hardcover,"Dec 26, 2024",
0,https://www.amazon.com/dp/B0DRJZJNHL,B0DRJZJNHL,Northanger Abbey,Jane Austen,Hardcover,"Dec 26, 2024",
0,https://www.amazon.com/dp/B0DRJLJLR6,B0DRJLJLR6,Understanding the Wealth of Nations,Tony Hicks,Kindle,"Dec 26, 2024",
0,https://www.amazon.com/dp/9819943280,9819943280,"India-China Dialogues Beyond Borders: Cultural, Social Economic and Political Perspectives",Swati Mishra,Kindle,"Dec 26, 2024",
0,https://www.amazon.com/dp/6208418917,6208418917,Awareness about Rainwater Harvesting: Awareness about Rainwater Harvesting among Higher Secondary Students,Rajeshkumar M,Paperback,"Dec 26, 2024",
0,https://www.amazon.com/dp/3031464850,3031464850,An Ethno-Social Approach to Code Choice in Bilinguals Living with Alzheimer’s: “In English or in Spanish? I Speak Both Languages.”,Carolin Schneider,Kindle,"Dec 26, 2024",
0,https://www.amazon.com/dp/1300924861,1300924861,Cross-Media Communications: An Introduction to the Art of Creating Integrated Media Experiences,Drew Davidson,Kindle,"Dec 26, 2024",
0,https://www.amazon.com/dp/0755647815,0755647815,History and Memory in the Abbasid Caliphate: Writing the Past in Medieval Arabic Literature (Early and Medieval Islamic World),Letizia Osti,Kindle,"Dec 26, 2024",
1,https://www.amazon.com/dp/0755643119,0755643119,"Political Economy of Egyptian Media, The: Business and Military Elite Power and Communication after 2011 (Political Communication and Media Practices in the Middle East and North Africa)",Maher Hamoud,Kindle,"Dec 26, 2024",
0,https://www.amazon.com/dp/0367562960,0367562960,"Race, Racism, and Higher Education (Research into Higher Education)",Kalwant Bhopal,Kindle,"Dec 26, 2024",
4,https://www.amazon.com/dp/B0DQ5MY6J3,B0DQ5MY6J3,"How to Control People With Religion: The Most Dangerous Book Since ""The Prince""",Anonymous X,Paperback,"Dec 25, 2024",
0,https://www.amazon.com/dp/1462557139,1462557139,Emotions in Personality Disorders,The Guilford Press,Kindle,"Dec 25, 2024",
5,https://www.amazon.com/dp/1959621483,1959621483,Maximum Impact,Leo A Murray,Kindle,"Dec 25, 2024",
0,https://www.amazon.com/dp/196559574X,196559574X,THRICE AN AMERICAN STORY,Alma M. Scarborough,Kindle,"Dec 25, 2024",
3,https://www.amazon.com/dp/B0DRNG5Q9N,B0DRNG5Q9N,The Twelve Days of Resistance: Resources for Reflection and Action Confronting Project 2025,Rev. Dr. Renita Marie Green,Kindle,"Dec 25, 2024",
0,https://www.amazon.com/dp/B0DRKLS7GV,B0DRKLS7GV,Color With Me Dot Marker: A Mom and Me Two Person Dot Marker Coloring Book for Kids Ages 2-5 and Parents of All Ages!,Beth L. Wickstrum,Paperback,"Dec 25, 2024",
0,https://www.amazon.com/dp/1998614468,1998614468,The Competency Crisis: How the West is Failing Itself,Will Stickle,Kindle,"Dec 25, 2024",
0,https://www.amazon.com/dp/9819956072,9819956072,FemTech: Intersectional Interventions in Women’s Digital Health,Lindsay Anne Balfour,Kindle,"Dec 25, 2024",
4,https://www.amazon.com/dp/9366085474,9366085474,The Arab Conquests in Central Asia,H A R Gibb,Kindle,"Dec 25, 2024",
0,https://www.amazon.com/dp/B0DRPC4DL3,B0DRPC4DL3,"Things I Would Have Said, But Thought of After the Conversation: A Hilarious Notebook for Unspoken Thoughts, Sarcastic Remarks, and Late-Night Rants | ... and Lovers of Dark Humor | 120 Lined Pages",LoL Company,Paperback,"Dec 25, 2024",
0,https://www.amazon.com/dp/B0DRJFMR9R,B0DRJFMR9R,"Send Money, They Said: Motherland Drama While Living Abroad",Justus Mogaka,Kindle,"Dec 25, 2024",
0,https://www.amazon.com/dp/B0DRHYG8GR,B0DRHYG8GR,Diaspora Watch: Vol. 30,Boniface Ihiasota,Kindle,"Dec 25, 2024",
0,https://www.amazon.com/dp/B0DRGHCFPQ,B0DRGHCFPQ,50 Almost Never-heard Amazing Christmas Facts,Zahid Ameer,Kindle,"Dec 25, 2024",
0,https://www.amazon.com/dp/B0DRG4P2MB,B0DRG4P2MB,hideand.watch,Brad Nutt,Paperback,"Dec 25, 2024",
0,https://www.amazon.com/dp/B0DP3742WZ,B0DP3742WZ,...For Lack of Knowledge: God's Answers to Childhood Trauma,Susan D Stedman,Kindle,"Dec 25, 2024",
0,https://www.amazon.com/dp/9819957265,9819957265,Anthropology through the Experience of the Physical Body,Kaori Fushiki,Kindle,"Dec 25, 2024",
0,https://www.amazon.com/dp/9366080820,9366080820,The Other: A Restructuring of Islamic Concept,Dr Fathi Osman,Paperback,"Dec 25, 2024",
0,https://www.amazon.com/dp/6208413591,6208413591,Connecting with Style,Diogo Andretti Gutierrez Somarriba,Paperback,"Dec 25, 2024",
0,https://www.amazon.com/dp/3658469064,3658469064,Cadence of Life: The Impact of the Seventh-Day Adventist Religion on the Everyday Life of the Massai People (BestMasters),Sheila Aketch Orero,Kindle,"Dec 25, 2024",
0,https://www.amazon.com/dp/3658453079,3658453079,Diversity in Construction – The Gamechangers: Strengthening innovation through diversity,Bianca Christina Weber-Lewerenz,Kindle,"Dec 25, 2024",
1,https://www.amazon.com/dp/3031772075,3031772075,Applied Drama and Person-Centred Nursing: How drama can enhance the education and performance of person-centred practice,Karl Tizzard-Kleister,Kindle,"Dec 25, 2024",
0,https://www.amazon.com/dp/3031454014,3031454014,"The Challenges of Illegal Trafficking in the Mediterranean Area (Legal Studies in International, European and Comparative Criminal Law)",Vincenzo Militello,Paperback,"Dec 25, 2024",
0,https://www.amazon.com/dp/3031296184,3031296184,Global Communication Governance at the Crossroads (Global Transformations in Media and Communication Research - A Palgrave and IAMCR Series),Claudia Padovani,Kindle,"Dec 25, 2024",
5,https://www.amazon.com/dp/0231216300,0231216300,The Dark Delight of Being Strange: Black Stories of Freedom,James B. Haile III,Kindle,"Nov 1, 2024",
2,https://www.amazon.com/dp/0807786349,0807786349,"Writing, Thinking, and the Brain: How Neuroscience Can Improve Writing Instruction",Tracey Tokuhama-Espinosa,Kindle,"Dec 24, 2024",
1,https://www.amazon.com/dp/1531508316,1531508316,Liberating Spiritualities: Reimagining Faith in the Américas,Christopher D. Tirres,Kindle,"Dec 24, 2024",
1,https://www.amazon.com/dp/1763825310,1763825310,Australia the racial caste system,Sushil Suresh,Kindle,"Dec 24, 2024",
2,https://www.amazon.com/dp/0807786128,0807786128,"""To Remain an Indian"": Lessons in Democracy from a Century of Native American Education (Multicultural Education Series)",K. Tsianina Lomawaima,Kindle,"Dec 24, 2024",
0,https://www.amazon.com/dp/1032443979,1032443979,"Women, Fertility, and Maternal Art in Renaissance Florence (Subversive Histories, Feminist Futures)",Costanza Gislon Dopfel,Kindle,"Dec 24, 2024",
1,https://www.amazon.com/dp/1119108462,1119108462,The Handbook of Asian Englishes (Blackwell Handbooks in Linguistics),Kingsley Bolton,Kindle,"Dec 24, 2024",
0,https://www.amazon.com/dp/1032892587,1032892587,Advocacy and Policy Change for Undocumented Student Success: Critical Readings and Testimonios,Enrique G. Murillo  Jr.,Kindle,"Dec 24, 2024",
0,https://www.amazon.com/dp/1032352345,1032352345,Consuming Bodies,Jackie Hogan,Kindle,"Dec 24, 2024",
0,https://www.amazon.com/dp/B0DRFFX7G8,B0DRFFX7G8,Developmental Psychology: Thirteenth Edition (CourseBooks),Mark H. Kavanaugh Ph.D.,Paperback,"Dec 24, 2024",
0,https://www.amazon.com/dp/B0DN4P5899,B0DN4P5899,Holocaust: German History and Our Half-Jewish Family,Thomas Paul Bernstein,Kindle,"Dec 24, 2024",
1,https://www.amazon.com/dp/B0DRVYHX5J,B0DRVYHX5J,COMMON SENSE: SOMETHING YOU CAN'T BUY,Muktar Mohamed,Kindle,"Dec 24, 2024",
3,https://www.amazon.com/dp/B0DRMP6Y5R,B0DRMP6Y5R,Hispanic Scholar Perspectives on Education and Wellbeing,Angello Villarreal,Hardcover,"Dec 24, 2024",
0,https://www.amazon.com/dp/3031673131,3031673131,#MeToo and Feminism: Weinstein and Beyond,Karen Boyle,Kindle,"Dec 24, 2024",
0,https://www.amazon.com/dp/1032481943,1032481943,Beyond the Search Engine,Liese Zahabi,Kindle,"Dec 24, 2024",
0,https://www.amazon.com/dp/0520402367,0520402367,Between Household and State: The Mughal Frontier and the Politics of Circulation in Peninsular India,Subah Dayal,Kindle,"Dec 24, 2024",
3,https://www.amazon.com/dp/B0DRLKMRB2,B0DRLKMRB2,Bridging The Teen Gap,Keisha Golder,Kindle,"Dec 24, 2024",
0,https://www.amazon.com/dp/3031466691,3031466691,"The Making of Dignity and Human Rights in the Western Tradition: A Retrospective Analysis (Studies in the History of Law and Justice, 29)",Aniceto Masferrer,Kindle,"Dec 24, 2024",
1,https://www.amazon.com/dp/0648641627,0648641627,"Before Mardi Gras: Lesbian and gay activism in Australia, 1969-1978: Lesbian and Gay activism in Australia, 1969 - 1978",Graham Willett,Kindle,"Dec 24, 2024",
0,https://www.amazon.com/dp/B0DS6BKTGV,B0DS6BKTGV,Bible Study Journal: Growing Spiritually Strong,Quiana M. Canfor-Dumas,Paperback,"Dec 24, 2024",
2,https://www.amazon.com/dp/1526145529,1526145529,Volunteering in the United Kingdom: The spirit of service,John Mohan,Kindle,"Dec 24, 2024",
1,https://www.amazon.com/dp/3031447824,3031447824,"Nietzschean, Feminist, and Embodied Perspectives on the Presocratics: Philosophy as Partnership",Joseph I. Breidenstein Jr.,Kindle,"Dec 24, 2024",
1,https://www.amazon.com/dp/1444402765,1444402765,The Folk-lore of Plants,T. F. Thiselton-Dyer,Kindle,"Dec 24, 2024",
0,https://www.amazon.com/dp/B0DRNZ7LBW,B0DRNZ7LBW,"Crap I'll Forget Unless I Write it Down: lined notebook Journal for Friends, Co-workers and Family",Corali Lelan,Paperback,"Dec 24, 2024",
1,https://www.amazon.com/dp/B0DRNJV3PQ,B0DRNJV3PQ,One Grace A Day: 1-Minute Biblical Gratitude Journal (One A Day),Journally Co.,Paperback,"Dec 24, 2024",
0,https://www.amazon.com/dp/B0DRNB8SJ6,B0DRNB8SJ6,Moon and Astrology Planner 2025: Harness Lunar Cycles and Astrological Wisdom to Transform Your Year,Sophia Hayes,Paperback,"Dec 24, 2024",
0,https://www.amazon.com/dp/B0DRLGK5QY,B0DRLGK5QY,"Mom, Let's Write Your Story",Nikki West,Paperback,"Dec 24, 2024",
0,https://www.amazon.com/dp/B0DRG21CB8,B0DRG21CB8,Olivia Rodrigo Biography: Unfiltered and Real- How She Embraced Her Authentic Self to Become a Global Icon,Geneva Wagner,Kindle,"Dec 24, 2024",
0,https://www.amazon.com/dp/B0DRFQWYPD,B0DRFQWYPD,India's Two-Child Policy: The Need for Population Stabilization,Dr. Prasanta Mujrai,Kindle,"Dec 24, 2024",
0,https://www.amazon.com/dp/B0DRFL78MR,B0DRFL78MR,PREJUDICE: -Unsafe Harbor-,Joseph K Goldstein,Kindle,"Dec 24, 2024",
0,https://www.amazon.com/dp/B0DRDH385Q,B0DRDH385Q,Cryptids and Creatures: Vol 1 (Cryptids and Creatures Anthology),Mr Christopher Causby,Kindle,"Dec 24, 2024",
0,https://www.amazon.com/dp/B0DRDGW3Q2,B0DRDGW3Q2,The Common Man's Burden: Understanding Black Money's Impact on Society,Sushil   Kumar Sahoo,Kindle,"Dec 24, 2024",
0,https://www.amazon.com/dp/B0DQL3T7N5,B0DQL3T7N5,"New Year Psychology: Resolutions, Reality, and Really Big Dreams (Seasonal Psychology)",August Iverson,Kindle,"Dec 24, 2024",
0,https://www.amazon.com/dp/9819965918,9819965918,Corpora and Translation Education: Advances and Challenges (New Frontiers in Translation Studies),Jun Pan,Kindle,"Dec 24, 2024",
0,https://www.amazon.com/dp/9819951933,9819951933,Philosophies of Appropriated Religions: Perspectives from Southeast Asia,Soraj Hongladarom,Kindle,"Dec 24, 2024",
0,https://www.amazon.com/dp/6208418100,6208418100,DECODING THE MEDIA-SOCIETY NEXUS,Moses Kator Aer,Paperback,"Dec 24, 2024",
0,https://www.amazon.com/dp/6208411785,6208411785,The Discursive Representation of Social Minorities in the Mass Media,Wellington Anselmo Martins,Paperback,"Dec 24, 2024",
0,https://www.amazon.com/dp/6208411726,6208411726,The constitution of the ethos of PROEJA students in their life stories,Amilde Martins Da Fonseca,Paperback,"Dec 24, 2024",
0,https://www.amazon.com/dp/6208409586,6208409586,Cognitive Warfare,Joel Alexander Cardozo Fagúndez,Paperback,"Dec 24, 2024",
0,https://www.amazon.com/dp/6208409527,6208409527,Practical Guide for the Elaboration of Application Works,Alberto José Cadevilla Soto,Paperback,"Dec 24, 2024",
0,https://www.amazon.com/dp/3031444035,3031444035,Space and Everyday Lives of Children in Hong Kong: The Interwar Period (Global Histories of Education),Stella Meng Wang,Kindle,"Dec 24, 2024",
0,https://www.amazon.com/dp/1949805832,1949805832,"Euzko-Gogoa (Diaspora and Migration Studies, 19)",ZIORTZA GANDARIAS BELDARRAIN,Paperback,"Dec 24, 2024",
0,https://www.amazon.com/dp/1917667779,1917667779,10 BASIC SERVANT PRINCIPLES TO IMPROVE LEADERSHIP: Strategies That Highly Effective Leaders Embraced,Dr. Paul Yang,Kindle,"Dec 24, 2024",
1,https://www.amazon.com/dp/1738625702,1738625702,"Master The Basics: 7 Breakfasts, Lunches, Dinners & Soups",Mrs Laura Rose Hamlet,Kindle,"Dec 24, 2024",
0,https://www.amazon.com/dp/1636677215,1636677215,"Supernatural Youth in Media (Mediated Youth, 36)",Ilana Nash,Kindle,"Dec 24, 2024",
0,https://www.amazon.com/dp/0309723647,0309723647,"Law Enforcement Use of Probabilistic Genotyping, Forensic DNA Phenotyping, and Forensic Investigative Genetic Genealogy Technologies: Proceedings of a Workshop","and Medicine National Academies of Sciences, Engineering",Kindle,"Dec 23, 2024",
0,https://www.amazon.com/dp/1732397597,1732397597,"The Centennial Compilation: All of Emily Ruete, born Sayyida Salme, Princess of Oman and Zanzibar (Writings by Emily Ruete, born Sayyida Salme)",Andrea Emily Stumpf,Paperback,"Dec 23, 2024",
0,https://www.amazon.com/dp/103236968X,103236968X,Embracing the Messy Complexities of Co-Creation,Louise Phillips,Kindle,"Dec 23, 2024",
4,https://www.amazon.com/dp/1966651007,1966651007,I Never Cried In Rwanda: A Doctor’s Journey to Rwanda in the Aftermath of a Genocide,Cary Rasof MD,Paperback,"Dec 23, 2024",
1,https://www.amazon.com/dp/1032450088,1032450088,Inside U.S. Immigration Policy,Bryan Warde,Kindle,"Dec 23, 2024",
0,https://www.amazon.com/dp/B0DRGR4NXJ,B0DRGR4NXJ,"Firefighter Word Search: +1000 Firefighter Themed Word Searches, Firefighter Activity Book for Adults, Gifts for Fireman and Firefighter Graduate",Theo Puzzleton,Paperback,"Dec 23, 2024",
0,https://www.amazon.com/dp/B0DRCW13WB,B0DRCW13WB,"Maria; Or, The Wrongs of Woman (Large Print Edition): An exploration of emotional and physical confinement, exposing the patriarchal structures that ... lives and their pursuit of independence",Mary Wollstonecraft,Hardcover,"Dec 23, 2024",
0,https://www.amazon.com/dp/163400096X,163400096X,Art at the Intersection of Librarianship and Social Justice,Nina Clements,Paperback,"Dec 23, 2024",
2,https://www.amazon.com/dp/1032842504,1032842504,Jung and the Jewish Experience,Aryeh Maidenbaum,Kindle,"Dec 23, 2024",
1,https://www.amazon.com/dp/0367860023,0367860023,Public Relations Writing Worktext,Joseph M. Zappala,Kindle,"Dec 23, 2024",
5,https://www.amazon.com/dp/B0DR933KLZ,B0DR933KLZ,Overcoming the Spirits of Perversion and Lust,Laumyn  H Hardy,Kindle,"Dec 23, 2024",
0,https://www.amazon.com/dp/B0DV3CSHB7,B0DV3CSHB7,Transgender & Triggering The Life of Dylan Thomas Cotter,Dylan Thomas Cotter,Paperback,"Dec 23, 2024",
0,https://www.amazon.com/dp/B0DZ2BJ4PH,B0DZ2BJ4PH,Brand Marketing,Christopher L Myers,Paperback,"Dec 23, 2024",
0,https://www.amazon.com/dp/B0DRCX5VPF,B0DRCX5VPF,From Chaos to Calm: Mindful Parenting Practices for Busy Moms,Nova Reign,Kindle,"Dec 23, 2024",
0,https://www.amazon.com/dp/B0DRBKR1G5,B0DRBKR1G5,"Christmas Holiday Trivia: Over 500 Holiday Trivia and Facts to Test Your Knowledge of Christmas Traditions. Festive Facts and Holiday Fun for Adults, Teens, and Kids (CoffeeRoom Trivia Series)",CoffeeRoom Publishing,Paperback,"Dec 23, 2024",
2,https://www.amazon.com/dp/1837721807,1837721807,Welsh Not: Education and the Anglicisation of the Nineteenth-Century Wales,Martin Johnes,Paperback,"Dec 23, 2024",
0,https://www.amazon.com/dp/3031366921,3031366921,New Trends on Metadiscourse: An Analysis of Online and Textual Genres,Begoña Bellés-Fortuño,Kindle,"Dec 23, 2024",
0,https://www.amazon.com/dp/0367612348,0367612348,Debates in Translation Studies,Susan Bassnett,Kindle,"Dec 23, 2024",
5,https://www.amazon.com/dp/303142381X,303142381X,"The Rise of Chinese American Leaders in U.S. Higher Education: Stories and Roadmaps (International Perspectives on Social Policy, Administration, and Practice)",Honggang Yang,Kindle,"Dec 23, 2024",
1,https://www.amazon.com/dp/1917667752,1917667752,Shooting Stars & Origami Swans,Jessica Jaymes Purdy,Kindle,"Dec 23, 2024",
0,https://www.amazon.com/dp/1476693781,1476693781,Under the Mistletoe: Essays on Holiday Romance in Popular Culture,Liz W. Faber,Kindle,"Dec 23, 2024",
0,https://www.amazon.com/dp/B0DRSDXKLR,B0DRSDXKLR,"Not a Coup but a Consensus: Stratocracy by Nation-Building and Political Dysfunction; A Warning from America's (Future) Past?: Volume Fear—Activism, Counter-Activism, De-Activism",Steven A. Torrisi,Paperback,"Dec 23, 2024",
0,https://www.amazon.com/dp/B0DRLJ6HMP,B0DRLJ6HMP,The Prince,Niccolò Machiavelli,Kindle,"Dec 23, 2024",
2,https://www.amazon.com/dp/B0DRLFR4G7,B0DRLFR4G7,Jesus Through the Old Testament: Part Two - Poetry & The Prophets (Grow in God Bible Studies),Amy Blossom,Paperback,"Dec 23, 2024",
0,https://www.amazon.com/dp/B0DRKKMFYZ,B0DRKKMFYZ,Bang Book: Not Your Momma's Journal,Stevie Weeks,Hardcover,"Dec 23, 2024",
0,https://www.amazon.com/dp/B0DRKDBV18,B0DRKDBV18,LGTB Notebook - Love Always Wins. Size A5.,Apple Pie Books Castellano,Paperback,"Dec 23, 2024",
0,https://www.amazon.com/dp/B0DRKCQH1H,B0DRKCQH1H,God & I Moments Journal,Shecna Nicole Murphy,Paperback,"Dec 23, 2024",
0,https://www.amazon.com/dp/B0DRJTKTJD,B0DRJTKTJD,"Simple Goal Lists: A Journal for Setting, Planning, and Achieving Your Goals",FREE TO FAMILY PRESS,Paperback,"Dec 23, 2024",
0,https://www.amazon.com/dp/B0DRJGLBPV,B0DRJGLBPV,"Tell Us Your Journey, Mom: A Guided Memory Journal to Share Your Story and Love",Carara Fallou,Hardcover,"Dec 23, 2024",
4,https://www.amazon.com/dp/B0DRHFLTXH,B0DRHFLTXH,The 80s Guys (The Life and Times of the 80s Guys),Ryan Taylor Ed.D.,Kindle,"Dec 23, 2024",
0,https://www.amazon.com/dp/B0DRGNXNMN,B0DRGNXNMN,WASPI Women: Fight for Pension Justice and Equality,Kingsley Freeman,Kindle,"Dec 23, 2024",
0,https://www.amazon.com/dp/B0DRG5XXYC,B0DRG5XXYC,I Can Hear You!!!,Carlton Avenue,Kindle,"Dec 23, 2024",
0,https://www.amazon.com/dp/B0DRFV4NNX,B0DRFV4NNX,"Cozy Girl: Bold and Easy Hygge Inspired Designs for Adults & Teens. Simple, Cute Illustrations With Thick Lines",Maya Colors,Paperback,"Dec 23, 2024",
0,https://www.amazon.com/dp/B0DRFS59HF,B0DRFS59HF,shades of colors: Journey to Forever: A Human Story Towards the Light (Illustrated books and short stories for children),Yahya-Al Arabi,Kindle,"Dec 23, 2024",
0,https://www.amazon.com/dp/B0DRDNC6XW,B0DRDNC6XW,Resistance 2.0: Poems of Retaliation and Healing,Emily Stephens,Kindle,"Dec 23, 2024",
0,https://www.amazon.com/dp/B0DRD36LVV,B0DRD36LVV,FRIENDSHIP GOALS: WHAT BEST FRIENDS DO,Victor Simon Adebayo,Kindle,"Dec 23, 2024",
0,https://www.amazon.com/dp/B0DR99YDCC,B0DR99YDCC,Speak with Confidence: Essential Tips for Effective Communication,Amanda Bliss,Kindle,"Dec 23, 2024",
0,https://www.amazon.com/dp/B0DR9855BT,B0DR9855BT,WORLD IN FLUX: Time of Change,Eric Buffett,Kindle,"Dec 23, 2024",
0,https://www.amazon.com/dp/B0DR92WG68,B0DR92WG68,Intelligence and Crime - The Paradox of the Shinning Minds,Hector Rivera,Kindle,"Dec 23, 2024",
0,https://www.amazon.com/dp/8413696623,8413696623,Language and Representation in Contemporary TV Series,Carmen Gregori Signes,Paperback,"Dec 23, 2024",
0,https://www.amazon.com/dp/6208418240,6208418240,Pros and Cons of Social Media: In the Dissemination of Agricultural Information in Rural Areas of Benue State,Aondofa Ude,Paperback,"Dec 23, 2024",
0,https://www.amazon.com/dp/B0DR8DSPMB,B0DR8DSPMB,Mountain Mysteries: The Divine Power of Anyari Devi,Swati Bisht,Kindle,"Dec 22, 2024",
0,https://www.amazon.com/dp/B0DR7XMX79,B0DR7XMX79,Journalism for Women: A Practical Guide,Arnold Bennett,Paperback,"Dec 22, 2024",
0,https://www.amazon.com/dp/B0DR7BD8HK,B0DR7BD8HK,The Complexity Of Us: Addressing the stigmas of the LGBTQIA+ Community.,Mx.  Austin Taylor,Kindle,"Dec 22, 2024",
0,https://www.amazon.com/dp/B0DR79T6ZS,B0DR79T6ZS,"THE HEARTBEAT OF THE BLACK WOMAN: ""A Prequel To The Documentary""",Rev. Timmy Lundale Sykes,Paperback,"Dec 22, 2024",
0,https://www.amazon.com/dp/B0DR777737,B0DR777737,Former Atheist: A Few Simple Insights,William Don Cain,Paperback,"Dec 22, 2024",
1,https://www.amazon.com/dp/B0DH15D5WT,B0DH15D5WT,Release Yourself: Living Beyond Society's Expectations,Mrs. Angelina  Rosario Bright,Kindle,"Dec 22, 2024",
0,https://www.amazon.com/dp/6204954458,6204954458,DRUG TRAFFICKING AND NATIONAL SECURITY IN NIGERIA: A COMPARATIVE ANALYSIS OF THE JONATHAN AND BUHARI ADMINISTRATIONS (2010-2019),Dr. Thomas Achu Uduo,Paperback,"Dec 22, 2024",
0,https://www.amazon.com/dp/6030556568,6030556568,Love in the Face of Winds,عبدالله الحازمي,Kindle,"Dec 22, 2024",
0,https://www.amazon.com/dp/3031453379,3031453379,"Streamlining Political Communication Concepts: Updates, Changes, Normalcies (Springer Studies in Media and Political Communication)",Susana Salgado,Kindle,"Dec 22, 2024",
0,https://www.amazon.com/dp/1951399285,1951399285,"Early Media Effects Theory & the Suggestion Doctrine: Selected Readings, 1895–1935 (Public Domain)",Patrick Parsons,Paperback,"Dec 22, 2024",
2,https://www.amazon.com/dp/B0DR74SJF3,B0DR74SJF3,"The Yellow Wallpaper: Original Illustrated Edition and Other Select Stories, Breaking Silence: Tales of Strength and Awakening",Charlotte Perkins Gilman,Kindle,"Dec 21, 2024",
1,https://www.amazon.com/dp/B0D82Y5Q2H,B0D82Y5Q2H,"The Digital Marketer's Playbook: How to Effectively Collaborate with Agencies, Freelancers, and Digital Marketing Experts",Diego Adolfo Carrasco Gubernatis,Kindle,"Dec 21, 2024",
0,https://www.amazon.com/dp/B0DRHYL3D1,B0DRHYL3D1,"MEMENTO MORI: 6x9 Stoicism Journal, 120 pages, College Ruled, philosophy Gift For Co-workers, Friends and Family, Journal For The Office, Gag Gift Sketchbook for Work",Stoic Thinking,Paperback,"Dec 22, 2024",
0,https://www.amazon.com/dp/B0DRH5PK4B,B0DRH5PK4B,DIARY SARAH: Sarah's Notebook – Personalized Journal for Women,SAD BOOKERTUF,Paperback,"Dec 22, 2024",
3,https://www.amazon.com/dp/B0DRH53BPL,B0DRH53BPL,This One is For You: The Do the WORKbook: You only get this day once. What do you want to do with it?,Mrs. Amanda  Cheryl Mihnovich,Paperback,"Dec 22, 2024",
0,https://www.amazon.com/dp/B0DRH1DVYV,B0DRH1DVYV,OMG WTF: Notebook,Scribe N Scrawl,Paperback,"Dec 22, 2024",
0,https://www.amazon.com/dp/B0DRGDCZP2,B0DRGDCZP2,"For God so loved the world, that he gave his only begotten Son, that whosoever believeth in him should not perish, but have everlasting life John 3:16 Prairie Sunset Notebook",J Marie Kelly,Paperback,"Dec 22, 2024",
0,https://www.amazon.com/dp/B0DRDGN4GX,B0DRDGN4GX,Black girl coloring book: Empowering Designs Celebrating Natural Beauty and Culture,chouk maike,Paperback,"Dec 22, 2024",
0,https://www.amazon.com/dp/B0DRDCM22V,B0DRDCM22V,"Black Girl Magic Coloring Book: An Empowering Coloring Book Celebrating Confidence, Culture, and the Magic of Black Girls",chouk maike,Paperback,"Dec 22, 2024",
0,https://www.amazon.com/dp/B0DRDCBYVL,B0DRDCBYVL,"Black girl coloring book: Empowering Designs Celebrating Beauty, Confidence, and Culture",chouk maike,Paperback,"Dec 22, 2024",
0,https://www.amazon.com/dp/B0DR8XBBGD,B0DR8XBBGD,68 Uses For An Old Pizza Box,Marty Augustine,Paperback,"Dec 22, 2024",
0,https://www.amazon.com/dp/1963470176,1963470176,Regarding Views and Regime Changes,Yeshe Tsogyal,Paperback,"Dec 22, 2024",
1,https://www.amazon.com/dp/B0FLW6XDKN,B0FLW6XDKN,Serial Killers in Healthcare,Paula Lampe,Kindle,"Dec 21, 2024",
0,https://www.amazon.com/dp/9366087957,9366087957,Moslem Schisms and Sects: Being the History of the various Philosophical systems developed in Islam,Abu-Mansur Al-Baghdadi,Paperback,"Dec 21, 2024",
1,https://www.amazon.com/dp/B0DRDB996X,B0DRDB996X,The Political Apocalypse Handbook,Guy Falls,Kindle,"Dec 21, 2024",
4,https://www.amazon.com/dp/1068327596,1068327596,Breaking the Cycles of Suffering: A Buddha Dharma Guide to Great Enlightenment,Louise Young,Kindle,"Dec 21, 2024",
0,https://www.amazon.com/dp/0761874569,0761874569,"An Introduction to Elijah Muhammad Studies: The New Educational Paradigm (Elijah Muhammad Studies: Interdisciplinary, Educational, and Islamic Studies Ser)",Abul Pitre,Hardcover,"Dec 21, 2024",
0,https://www.amazon.com/dp/B0DR93JLV7,B0DR93JLV7,Clinical Social Worker Word Search Book: Clinical Social Worker Themed Puzzles,Rongh Studio,Paperback,"Dec 21, 2024",
4,https://www.amazon.com/dp/B0DR74T51K,B0DR74T51K,The Souls of Black Folk,W. E. B. DU BOIS,Kindle,"Dec 21, 2024",
0,https://www.amazon.com/dp/B0FDWJGPD1,B0FDWJGPD1,The New Jersey Enigma,Ignotus,Paperback,"Dec 21, 2024",
0,https://www.amazon.com/dp/B0DRDM4K6P,B0DRDM4K6P,Teddy Bear Hugs,ForeverGrateful Press,Paperback,"Dec 21, 2024",
2,https://www.amazon.com/dp/B0DRDHMVHY,B0DRDHMVHY,IN What Direction: Insight Into the World of Non-Binary & Genderqueer,Isaac Blake,Kindle,"Dec 21, 2024",
0,https://www.amazon.com/dp/B0DRDDBVYP,B0DRDDBVYP,"100 Daily Positive Affirmations for Black Women Journal to Draw Strength, Confidence and Manifest Success",Lili Kauna,Paperback,"Dec 21, 2024",
0,https://www.amazon.com/dp/B0DRDC4XYP,B0DRDC4XYP,Bible Study Journal Notebook : Faithful Reflections: A Simple Guide To Journaling Scripture & Thoughts,Sow Sprout,Paperback,"Dec 21, 2024",
0,https://www.amazon.com/dp/B0DRCNS8R5,B0DRCNS8R5,The Heart of a Mother: My Life in Reflection: Paperback Journal with 150 Pages (140 Narrow Ruled + 10 Blank Pages for Photos),Rydder P,Hardcover,"Dec 21, 2024",
0,https://www.amazon.com/dp/B0DRCJ7TZ8,B0DRCJ7TZ8,"OLD People STUFF: Writing it Down, so I Don't Have to Remember Later",Patricia Edmond,Paperback,"Dec 21, 2024",
0,https://www.amazon.com/dp/B0DRCHV6QM,B0DRCHV6QM,Solid Orange Notebook: Journal,Mary Wiley,Hardcover,"Dec 21, 2024",
0,https://www.amazon.com/dp/B0DR977DLL,B0DR977DLL,"Mandala Animal Coloring Book for Kids: Fun, Creative, and Relaxing Animal Coloring Pages for Kids Aged 4-8!",Kd Per,Paperback,"Dec 21, 2024",
0,https://www.amazon.com/dp/B0DR723TX2,B0DR723TX2,A Vindication of the Rights of Woman: With Strictures on Political and Moral Subjects,MARY WOLLSTONECRAFT,Hardcover,"Dec 21, 2024",
0,https://www.amazon.com/dp/B0DR6X51T2,B0DR6X51T2,The Beautiful Game: How Football Unites the World,Oluchi Ike,Kindle,"Dec 21, 2024",
0,https://www.amazon.com/dp/B0DR6NYHBN,B0DR6NYHBN,Fani Willis: A Legacy in the Making: Navigating High-Profile Investigations and Criminal Justice Reform,Robert J. Bowers,Kindle,"Dec 21, 2024",
0,https://www.amazon.com/dp/B0DR6LWKMC,B0DR6LWKMC,"The DNA of Sacrifice: A Family’s Chronicle: A Journey of Love, Conflict, and Redemption",Dr Shirish Kumar KUMAR Kodadi,Kindle,"Dec 21, 2024",
0,https://www.amazon.com/dp/9819921139,9819921139,New Perspectives on Geography of Media (Qizhen Humanities and Social Sciences Library),SHAO Peiren,Kindle,"Dec 21, 2024",
0,https://www.amazon.com/dp/6208402824,6208402824,The Bolsa Família Programme in school education: views and experiences,Aline Chiesa Gonçalves,Paperback,"Dec 21, 2024",
0,https://www.amazon.com/dp/6208397553,6208397553,Disciplines and Micropowers,Marbella Celeste Mendez Zelaya,Paperback,"Dec 21, 2024",
0,https://www.amazon.com/dp/3031395379,3031395379,Destabilising Masculinism: Men’s Friendships and Social Change,Brittany Ralph,Kindle,"Dec 21, 2024",
0,https://www.amazon.com/dp/196189209X,196189209X,Dark Passions: Strange Tales (1907-1923),Carmen de Burgos,Hardcover,"Dec 21, 2024",
0,https://www.amazon.com/dp/1732397570,1732397570,"The Centennial Collection: More of Emily Ruete, born Sayyida Salme, Princess of Oman and Zanzibar (Writings by Emily Ruete, born Sayyida Salme)",Andrea Emily Stumpf,Paperback,"Dec 21, 2024",
0,https://www.amazon.com/dp/0745350305,0745350305,"ENGAGE: Indigenous, Black, and Afro-Indigenous Futures",Joy James,Kindle,"Dec 20, 2024",
0,https://www.amazon.com/dp/0226837505,0226837505,Live Stock and Dead Things: The Archaeology of Zoopolitics between Domestication and Modernity (Animal Lives),Hannah Chazin,Kindle,"Dec 20, 2024",
1,https://www.amazon.com/dp/1734503246,1734503246,MythAstrology II: Planets in Houses,Raven Kaldera,Paperback,"Dec 20, 2024",
5,https://www.amazon.com/dp/623105604X,623105604X,The Transformative ASEAN an Insider's Reflection,Dr Pushpanathan Sundram,Kindle,"Dec 20, 2024",
0,https://www.amazon.com/dp/B0DR5QCVZC,B0DR5QCVZC,The Power of Abandon,F. Hollis Jr.,Kindle,"Dec 20, 2024",
1,https://www.amazon.com/dp/0815638515,0815638515,Salt Journals: Tunisian Women on Political Imprisonment (Middle East Literature In Translation),Haifa Zangana,Kindle,"Dec 20, 2024",
0,https://www.amazon.com/dp/1615375422,1615375422,Entangled: How People With Serious Mental Illness Get Caught in Misdemeanor Systems,Leah G. Pope,Paperback,"Dec 20, 2024",
0,https://www.amazon.com/dp/1032756055,1032756055,"Media, Women, and the Transformation of Sport",Pamela J. Creedon,Kindle,"Dec 20, 2024",
0,https://www.amazon.com/dp/1032731869,1032731869,Academic Writing with Corpora,Tatyana Karpenko-Seccombe,Kindle,"Dec 20, 2024",
0,https://www.amazon.com/dp/B0DR976PQM,B0DR976PQM,"Top Secret Criminology Business: Funny Office Notebook, Blank Ruled Pages",Molly Blair-Oldman,Paperback,"Dec 20, 2024",
0,https://www.amazon.com/dp/1032683449,1032683449,Beyond Decolonial African Philosophy (Routledge Studies in African Philosophy),Joseph C. A. Agbakoba,Kindle,"Dec 20, 2024",
4,https://www.amazon.com/dp/B0DSN15DDS,B0DSN15DDS,Hollywood and The Professor: The Flea's Reprieve,Albert E Millar,Kindle,"Dec 20, 2024",
1,https://www.amazon.com/dp/1957712031,1957712031,Conversations with my Body: Essays on My Life as a Jewish Woman,Elana Sztokman,Kindle,"Dec 20, 2024",
1,https://www.amazon.com/dp/B0DR9LNPSS,B0DR9LNPSS,Sexual Freedom and Its Impact on Economic Growth and Prosperity,Feler Bose,Kindle,"Dec 20, 2024",
0,https://www.amazon.com/dp/B0DR61NV7H,B0DR61NV7H,Black Light: The Twenty-fifth Hour,Gregory Mathis,Kindle,"Dec 20, 2024",
1,https://www.amazon.com/dp/B0DR5J3VML,B0DR5J3VML,Elliot Passantino's History of Horror Films,Elliot Passantino,Kindle,"Dec 20, 2024",
2,https://www.amazon.com/dp/0522854796,0522854796,Sacred Places,K S Inglis,Hardcover,"Dec 20, 2024",
0,https://www.amazon.com/dp/B0DR73L1WS,B0DR73L1WS,"Words of Freedom: A Civil Rights Movement Crossword: A Journey Through Key People, Events, and Milestones of the Civil Rights Movement – Perfect for Ages 10 and Up",Cruz Publishing,Paperback,"Dec 20, 2024",
0,https://www.amazon.com/dp/B0DR67S9TF,B0DR67S9TF,AFRICA: A CONTINENT GOVERNED BY UNSCRUPULOUS MORONS,Shannon S. Keys,Kindle,"Dec 20, 2024",
0,https://www.amazon.com/dp/B0DQYJC358,B0DQYJC358,Co-teaching and co-research in contexts of inequality: Using networked learning to connect Africa and the world (Education),Phindile Zifikile Shangase,Hardcover,"Dec 20, 2024",
0,https://www.amazon.com/dp/3031390105,3031390105,"The Geography of Beer: Policies, Perceptions, and Place",Mark W. Patterson,Kindle,"Dec 20, 2024",
0,https://www.amazon.com/dp/B0DS6P7CDR,B0DS6P7CDR,"Mom, Was Your Childhood Like Mine?",Eliana Lindsay,Paperback,"Dec 20, 2024",
0,https://www.amazon.com/dp/B0DS3W6HFW,B0DS3W6HFW,Interpersonal Communication and Mental Health Disorders,Isabelle Bauman,Paperback,"Dec 20, 2024",
0,https://www.amazon.com/dp/B0DRW1DS39,B0DRW1DS39,My Parenting Journal: From Birth to 18 Years,Ilkay S.,Hardcover,"Dec 20, 2024",
0,https://www.amazon.com/dp/B0DRVSPDKR,B0DRVSPDKR,Incredible Adventures In The Moment,Shé Vugh Faé,Paperback,"Dec 20, 2024",
0,https://www.amazon.com/dp/B0DRJFR1BC,B0DRJFR1BC,Perfect Peace 2,Annie  Theresa Bryant Fields,Paperback,"Dec 20, 2024",
0,https://www.amazon.com/dp/B0DR9FDHW5,B0DR9FDHW5,Valentine's Day Word Search: Activity gift book,O K,Paperback,"Dec 20, 2024",
0,https://www.amazon.com/dp/B0DR9D8YZP,B0DR9D8YZP,LGTB Notebook - Pride Vibes. Size A5: Love always wins,Apple Pie Books Castellano,Paperback,"Dec 20, 2024",
0,https://www.amazon.com/dp/B0DR9CP1YG,B0DR9CP1YG,"TRANSSEXUAL: ALL DIFFERENT, ALL HUMAN",Carlos Marques,Kindle,"Dec 20, 2024",
2,https://www.amazon.com/dp/B0DR9C6QF9,B0DR9C6QF9,Kanata: A Path to the Global Village,Philip D. McMillan,Kindle,"Dec 20, 2024",
0,https://www.amazon.com/dp/B0DR98Q3W3,B0DR98Q3W3,"Romantic Rainbow Heart Journal - Lined Pages with Colored Paper.: 74 Pages | Wide Ruled | 6"" x 9"" (15.24 x 22.86 cm) | A heartfelt gift for your loved ones",metebf Designs,Paperback,"Dec 20, 2024",
0,https://www.amazon.com/dp/B0DR93PDK5,B0DR93PDK5,"ST. BRATRICK'S DAY | BRAT XCX Notebook | 6x9 Notebook Journal St. Patrick's Day Gag Gift for College, Funny Gag Gift For Co-workers, Friends and ... St. Patty's Sketchbook for Work and more",FunnyJournals ForAll,Paperback,"Dec 20, 2024",
1,https://www.amazon.com/dp/B0DR8SJVN3,B0DR8SJVN3,My pregnancy and me: Creating memories while we wait for your arrival,Spectrum Editions,Paperback,"Dec 20, 2024",
4,https://www.amazon.com/dp/B0DR5XL3LB,B0DR5XL3LB,"The Disciple and the Master of the Wind: 77 Zen Stories in Dialogues with Beautiful Illustrations to Find Inner Peace, Calm Your Mind and Cultivate Mindfulness",Harumi Sendo,Paperback,"Dec 20, 2024",
0,https://www.amazon.com/dp/B0DR5WFQ3V,B0DR5WFQ3V,Mothers of Pearl: Weeping for Rebellious Generations Lost Without Direction,Gloria Raynor,Kindle,"Dec 20, 2024",
0,https://www.amazon.com/dp/B0DR5SJCXD,B0DR5SJCXD,STUDIES IN THE PSYCHOLOGY OF SEX: VOLUME I,HAVELOCK ELLIS,Hardcover,"Dec 20, 2024",
0,https://www.amazon.com/dp/B0DR5SB2YD,B0DR5SB2YD,The grace of living: a forgotten greatness.: Principles of axiological epistemology,Marià Corbí,Kindle,"Dec 20, 2024",
0,https://www.amazon.com/dp/B0DR5BXWHQ,B0DR5BXWHQ,VISIONARY LEADERSHIP: THE POWER OF JEWISH IDENTITY: PERSPECTIVE AND PROFECY FROM THE HISTORY TO THE NEW ERA,Tehila Chaya Sciunnache,Kindle,"Dec 20, 2024",
1,https://www.amazon.com/dp/B0DR34B4DG,B0DR34B4DG,Slay All Day: A Collection of Gen Z Wisdom,Jakestar Publishing,Paperback,"Dec 20, 2024",
0,https://www.amazon.com/dp/B0DR2XDN86,B0DR2XDN86,"Mom, Tell Me About Your Life: A Guided Memory Journal and Keepsake",Austin C. Brooks,Paperback,"Dec 20, 2024",
0,https://www.amazon.com/dp/997019822X,997019822X,Abagabe ba Mpororo Ababandize,Aloni Muyinda,Paperback,"Dec 20, 2024",
0,https://www.amazon.com/dp/981996606X,981996606X,"Research Directions, Challenges and Achievements of Modern Geography (Advances in Geographical and Environmental Sciences)",Jerzy Bański,Paperback,"Dec 20, 2024",
0,https://www.amazon.com/dp/9819951852,9819951852,"Transnational Generations in the Arab Gulf States and Beyond (Gulf Studies, 10)",Kyoko Matsukawa,Paperback,"Dec 20, 2024",
0,https://www.amazon.com/dp/9292770845,9292770845,ASEAN-Republic of Korea Tourism Cooperation: Fostering People-to-People Connectivity,Asian Development Bank,Paperback,"Dec 20, 2024",
0,https://www.amazon.com/dp/6208417945,6208417945,"Truancy in Digital Age: Causes, Consequences and Solutions",Dr Annu Devi,Paperback,"Dec 20, 2024",
0,https://www.amazon.com/dp/6203857246,6203857246,Effects of Land Use Land Cover Change on Gully Development,Khisa Daniel,Paperback,"Dec 20, 2024",
0,https://www.amazon.com/dp/3658457902,3658457902,Islamic Religious Education in the Current Discourse: Empirical Insights in a Plural Society (Wiener Beiträge zur Islamforschung),Şenol Yağdı,Paperback,"Dec 20, 2024",
0,https://www.amazon.com/dp/3031389158,3031389158,"Chinese Language Resources: Data Collection, Linguistic Analysis, Annotation and Language Processing (Text, Speech and Language Technology, 49)",Chu-Ren Huang,Paperback,"Dec 20, 2024",
0,https://www.amazon.com/dp/303134376X,303134376X,Disability and Video Games: Practices of En-/Disabling Modes of Digital Gaming (Palgrave Games in Context),Markus Spöhrer,Kindle,"Dec 20, 2024",
0,https://www.amazon.com/dp/1439925690,1439925690,"Who Is Antiracist?: Beliefs, Motivations, and Politics",George Yancey,Kindle,"Dec 20, 2024",
0,https://www.amazon.com/dp/1138358479,1138358479,"Tourism, Development and Terrorism in Bali",Michael Hitchcock,Kindle,"Dec 20, 2024",
0,https://www.amazon.com/dp/103291047X,103291047X,Nordic Speculative Fiction (Studies in Global Genre Fiction),Jyrki Korpua,Kindle,"Dec 20, 2024",
0,https://www.amazon.com/dp/0745341438,0745341438,Squatting London: The Politics of Property,Samuel Burgum,Kindle,"Dec 20, 2024",
1,https://www.amazon.com/dp/0648706680,0648706680,"Misogyny, Masculinity and Power: What it means for women to rock the cradle...and not rule the world",Rebecca Harrison,Kindle,"Dec 20, 2024",
0,https://www.amazon.com/dp/9004689311,9004689311,"Social Codicology: The Multiple Lives of Manuscripts in Muslim Societies (Leiden Studies in Islam and Society, 21) (Arabic Edition)",Olly Akkerman,Paperback,"Dec 19, 2024",
5,https://www.amazon.com/dp/1538190648,1538190648,Managing Previously Unmanaged Collections: A Practical Guide for Museums,Angela Kipp,Kindle,"Dec 19, 2024",
1,https://www.amazon.com/dp/B0DR2VKZXJ,B0DR2VKZXJ,"A Persian Pearl, and Other Essays (Classic Books)",Clarence Darrow,Kindle,"Dec 19, 2024",
0,https://www.amazon.com/dp/1032349735,1032349735,The Ancient Israelite World (Routledge Worlds),Kyle H. Keimer,Kindle,"Dec 19, 2024",
0,https://www.amazon.com/dp/0367652668,0367652668,The Routledge Companion to Intersectionalities (Routledge Companions to Gender),Jennifer C. Nash,Kindle,"Dec 19, 2024",
0,https://www.amazon.com/dp/1032478365,1032478365,Routledge Handbook of Latin America and the Environment (Routledge International Handbooks),Beatriz Bustos,Kindle,"Dec 19, 2024",
0,https://www.amazon.com/dp/0367689251,0367689251,The Routledge Handbook of Latin American Literary Translation (Routledge Handbooks in Translation and Interpreting Studies),Delfina Cabrera,Kindle,"Dec 19, 2024",
0,https://www.amazon.com/dp/5065176191,5065176191,Cat Jarman 2 Books Collection Set (River Kings & The Bone Chests),Cat Jarman,Paperback,"Dec 19, 2024",
0,https://www.amazon.com/dp/1009512439,1009512439,Ethnos of the Earth,Heiskanen,Kindle,"Dec 19, 2024",
1,https://www.amazon.com/dp/1476696659,1476696659,"Revolution, Counterrevolution and Assassination Through World War II: A Global History",Robert C. Cottrell,Kindle,"Dec 19, 2024",
0,https://www.amazon.com/dp/0871549069,0871549069,Race/Class Conflict and Urban Financial Threat,Jennifer L. Hochschild,Kindle,"Dec 19, 2024",
1,https://www.amazon.com/dp/B0DR8XJ2MX,B0DR8XJ2MX,"Shit I Have To Write Down Because I’m Old: Lined Notebook Journal For Family, Friends, & co-workers and more...",Corali Lelan,Paperback,"Dec 19, 2024",
0,https://www.amazon.com/dp/0367026015,0367026015,The U.S. Constitution’s Eighth Amendment,Charlie Eastaugh,Kindle,"Dec 19, 2024",
0,https://www.amazon.com/dp/0367545055,0367545055,The Routledge International Handbook of Intersectionality Studies,Kathy Davis,Kindle,"Dec 19, 2024",
0,https://www.amazon.com/dp/B0DRTHXF3G,B0DRTHXF3G,"Mom, You Deserve a Break: 5 Minutes of Calm: A Fun & Guided Journal for Moms (Modern Edition)",Living Tulips,Paperback,"Dec 19, 2024",
0,https://www.amazon.com/dp/9523691155,9523691155,"An Investigation of Hate Speech in Italian: Use, Identification, and Perception",Silvio Cruschina,Paperback,"Dec 19, 2024",
1,https://www.amazon.com/dp/1032440198,1032440198,Emotions in Yiddish Ghetto Diaries (Routledge Studies in Second World War History),Amy Simon,Kindle,"Dec 19, 2024",
0,https://www.amazon.com/dp/103254127X,103254127X,Jain Paintings and Material Culture of Medieval Western India,Lipika Maitra,Kindle,"Dec 19, 2024",
0,https://www.amazon.com/dp/B0DR8N2RTC,B0DR8N2RTC,"Book Collection Inventory Log: A Simple and Stylish Way to Catalog Your Book Collection. 8.5""x11"", 103 pages.",Melissa Cooper,Paperback,"Dec 19, 2024",
0,https://www.amazon.com/dp/1032546735,1032546735,Decolonizing Literacies (Routledge Research in Decolonizing Education),Towani Duchscher,Kindle,"Dec 19, 2024",
5,https://www.amazon.com/dp/B0DR5VJYY4,B0DR5VJYY4,My Faith Journal: A Yearlong Devotional Guide That Will Change Your Faith,"Albert L. Earley, III",Kindle,"Dec 19, 2024",
1,https://www.amazon.com/dp/1032064412,1032064412,The Routledge International Handbook on Femicide and Feminicide,Myrna Dawson,Kindle,"Dec 19, 2024",
1,https://www.amazon.com/dp/B0DR8QGH2H,B0DR8QGH2H,"My Personal Library Log: Track, Organize, and Cherish Your Book Collection Inventory. 8.5""x11"", 103 pages.",Melissa Cooper,Paperback,"Dec 19, 2024",
2,https://www.amazon.com/dp/1032196424,1032196424,Imagination and Arts-Based Practices for Integration in Research (Developing Traditions in Qualitative Inquiry),Nancy Gerber,Kindle,"Dec 19, 2024",
0,https://www.amazon.com/dp/0367748770,0367748770,The Routledge Handbook of Populism in the Asia Pacific (Indo-Pacific in Context),D. B. Subedi,Kindle,"Dec 19, 2024",
1,https://www.amazon.com/dp/0367689804,0367689804,Routledge Handbook of Foreign Policy Analysis Methods,Patrick A Mello,Kindle,"Dec 19, 2024",
0,https://www.amazon.com/dp/B0DR2M632J,B0DR2M632J,Never: A Hand-Book for the Uninitiated and Inexperienced Aspirants to Refined Society's Giddy Heights and Glittering Attainments. (Classic Books),Nathan Dane Urner,Kindle,"Dec 19, 2024",
4,https://www.amazon.com/dp/B0DR6DXB8C,B0DR6DXB8C,Welcome To My Nightmare Or Is It A Dream.,Pamela A Petitti,Kindle,"Dec 19, 2024",
0,https://www.amazon.com/dp/1032271213,1032271213,Chakshudana or Opening the Eyes (Visual and Media Histories),Pika Ghosh,Kindle,"Dec 19, 2024",
0,https://www.amazon.com/dp/1032611960,1032611960,Afrikinesis (Routledge Advances in Theatre & Performance Studies),Ofosuwa Abiola,Kindle,"Dec 19, 2024",
0,https://www.amazon.com/dp/B0DR2RKSC3,B0DR2RKSC3,The Duty of American Women to Their Country (Classic Books),Catharine Esther Beecher,Kindle,"Dec 19, 2024",
4,https://www.amazon.com/dp/B0DR98BZLC,B0DR98BZLC,LIGHT AND SALT: CULTIVATING DEEP SPIRITUAL ROOTS THROUGH THE BOOK OF MATTHEW,Nikki George,Kindle,"Dec 19, 2024",
1,https://www.amazon.com/dp/B0DQZSWYS8,B0DQZSWYS8,Horton Genealogy (Classic Books),Geo. F. Horton,Kindle,"Dec 19, 2024",
0,https://www.amazon.com/dp/1032821469,1032821469,Understanding Humanitarian Diplomacy (Routledge Humanitarian Studies),Hafize Zehra Kavak,Kindle,"Dec 19, 2024",
0,https://www.amazon.com/dp/B0DR1598V4,B0DR1598V4,Faith and Loyalty: Bosniaks and the Austro-Hungarian Empire,Dzevada Susko,Kindle,"Dec 19, 2024",
1,https://www.amazon.com/dp/B0DR8VXYN1,B0DR8VXYN1,"Bibliophile’s Inventory: A Collection Cataloging Journal for Book Collectors. 8.5""x11"", 103 pages.",Melissa Cooper,Paperback,"Dec 19, 2024",
0,https://www.amazon.com/dp/1032372931,1032372931,The Routledge Handbook of Second Language Acquisition and Psycholinguistics,Aline Godfroid,Kindle,"Dec 19, 2024",
0,https://www.amazon.com/dp/1032218983,1032218983,Quantitative and Qualitative Determination Technologies of Counterfeit Drugs (Counterfeit Drugs Series),Ronny Priefer,Kindle,"Dec 19, 2024",
0,https://www.amazon.com/dp/B0DQZSP4ZL,B0DQZSP4ZL,"Correspondence of the Family of Haddock, 1657-1719 (Classic Books)",Sir Edward Maunde Thompson,Kindle,"Dec 19, 2024",
0,https://www.amazon.com/dp/B0DR2KZ2G3,B0DR2KZ2G3,Imprinted: Marked by God,Rose M. Booker-jones,Kindle,"Dec 19, 2024",
1,https://www.amazon.com/dp/103200116X,103200116X,"Different Engines: Media Technologies From Latin America (Routledge Research in Design, Technology and Society)",Andrés Burbano,Kindle,"Dec 19, 2024",
0,https://www.amazon.com/dp/1032348305,1032348305,"Artificial Intelligence, Strategic Communicators and Activism (Global PR Insights)",Lukasz Swiatek,Kindle,"Dec 19, 2024",
0,https://www.amazon.com/dp/B0DQYL562N,B0DQYL562N,The Chemistry of Economic Growth: Collision Theory in Practice,Kevin S. Crowder,Kindle,"Dec 19, 2024",
0,https://www.amazon.com/dp/1032335424,1032335424,Decolonizing Study Abroad through the Identities of Latinx Students (Routledge Research in Decolonizing Education),G. Sue Kasun,Kindle,"Dec 19, 2024",
0,https://www.amazon.com/dp/1032011106,1032011106,Assessment of Plurilingual Competence and Plurilingual Learners in Educational Settings (Routledge Research in Language Education),Silvia Melo-Pfeifer,Kindle,"Dec 19, 2024",
1,https://www.amazon.com/dp/1032484241,1032484241,Nationalism and Decolonisation in Singapore (Routledge Studies in the Modern History of Asia),Thum Ping Tjin,Kindle,"Dec 19, 2024",
0,https://www.amazon.com/dp/3906927709,3906927709,Defending the Investment: Rössing Uranium and the Business of Decolonisation in Namibia,Saima Nakuti Ndahangwapo,Kindle,"Dec 19, 2024",
0,https://www.amazon.com/dp/0367773031,0367773031,"Predatory Practices in Scholarly Publishing and Knowledge Sharing (Routledge Studies in Education, Neoliberalism, and Marxism)",Pejman Habibie,Kindle,"Dec 19, 2024",
0,https://www.amazon.com/dp/1032463376,1032463376,Corpus Linguistics for Virtual Workplace Discourse (Routledge Corpus Linguistics Guides),Dawn Knight,Kindle,"Dec 19, 2024",
0,https://www.amazon.com/dp/1032566434,1032566434,Researching Popular Entertainment (Routledge Advances in Theatre & Performance Studies),Kim Baston,Kindle,"Dec 19, 2024",
0,https://www.amazon.com/dp/B0DR5YZCF7,B0DR5YZCF7,Notes on the Mangue: An Extinct Dialect Formerly Spoken in Nicaragua (Classic Books),Daniel G. Brinton,Kindle,"Dec 19, 2024",
0,https://www.amazon.com/dp/1032368543,1032368543,Visual Redress in Africa from Indigenous and New Materialist Perspectives (Routledge Research in Art and Politics),Elmarie Costandius,Kindle,"Dec 19, 2024",
0,https://www.amazon.com/dp/1032411120,1032411120,"Heritage, Memory and Identity in Postcolonial Board Games",Michal Mochocki,Kindle,"Dec 19, 2024",
0,https://www.amazon.com/dp/1032345152,1032345152,Postcolonial Challenges to Theory and Practice in ELT and TESOL (Global South Perspectives on TESOL),Hamza R'boul,Kindle,"Dec 19, 2024",
1,https://www.amazon.com/dp/1032580305,1032580305,Radically Civil (Routledge Research in Political Communication),Robert Danisch,Kindle,"Dec 19, 2024",
1,https://www.amazon.com/dp/1032491035,1032491035,"Acting Gods, Playing Heroes, and the Interaction between Judaism, Christianity, and Greek Drama in the Early Common Era",Courtney J. P. Friesen,Kindle,"Dec 19, 2024",
0,https://www.amazon.com/dp/1032593482,1032593482,TV Shows and Nonplace (Routledge Focus on Television Studies),Alexander Gutzmer,Kindle,"Dec 19, 2024",
0,https://www.amazon.com/dp/3031784529,3031784529,"Interactive Storytelling: 17th International Conference on Interactive Digital Storytelling, ICIDS 2024, Barranquilla, Colombia, December 2–6, 2024, ... Part I (Lecture Notes in Computer Science)",John T. Murray,Kindle,"Dec 19, 2024",
1,https://www.amazon.com/dp/1032411457,1032411457,"Good Practices for Disaster Risk Management of Cultural Heritage: Practices of ITC Participants (Routledge Studies in Hazards, Disaster Risk and Climate Change)",Rohit Jigyasu,Kindle,"Dec 19, 2024",
0,https://www.amazon.com/dp/1032553030,1032553030,Queer Battle Fatigue,Boni Wozolek,Kindle,"Dec 19, 2024",
0,https://www.amazon.com/dp/1032776943,1032776943,Revelations,Brian Rappert,Kindle,"Dec 19, 2024",
0,https://www.amazon.com/dp/1009474170,1009474170,Extensive Reading (Elements in Language Teaching),Zhou,Kindle,"Dec 19, 2024",
1,https://www.amazon.com/dp/B0DR2Q3NHV,B0DR2Q3NHV,Précis writing for beginners (Classic Books),Guy Noel Pocock,Kindle,"Dec 19, 2024",
4,https://www.amazon.com/dp/B0DR5Z4BL8,B0DR5Z4BL8,Oaths of Allegiance in Colonial New England (Classic Books),Charles Evans,Kindle,"Dec 19, 2024",
1,https://www.amazon.com/dp/B0DR5XKPMY,B0DR5XKPMY,"Letters to Catherine E. Beecher, in reply to an essay on slavery and abolitionism, addressed to A. E. Grimké (Classic Books)",Angelina Emily Grimké,Kindle,"Dec 19, 2024",
0,https://www.amazon.com/dp/B0DR3251XL,B0DR3251XL,IRAIMA: A JOURNEY WITHOUT BORDERS,IRAIMA RAMÍREZ,Kindle,"Dec 19, 2024",
4,https://www.amazon.com/dp/B0DR2RSQDW,B0DR2RSQDW,Among the Head-Hunters of Formosa (Classic Books),Janet B. Montgomery McGovern,Kindle,"Dec 19, 2024",
0,https://www.amazon.com/dp/B0DR2R9XH5,B0DR2R9XH5,A Short History of the Worshipful Company of Horners (Classic Books),H. G. Rosedale,Kindle,"Dec 19, 2024",
2,https://www.amazon.com/dp/1447351096,1447351096,Doing Accessible Social Research: A Practical Guide,Daniela Aidley,Paperback,"Aug 24, 2021",
0,https://www.amazon.com/dp/B0DR2R9H1V,B0DR2R9H1V,Historical Characters in the Reign of Queen Anne (Classic Books),Mrs. Oliphant,Kindle,"Dec 19, 2024",
3,https://www.amazon.com/dp/B0DR2QFH1D,B0DR2QFH1D,Legendary Yorkshire (Classic Books),Frederick Ross,Kindle,"Dec 19, 2024",
5,https://www.amazon.com/dp/B0DR2PTH53,B0DR2PTH53,"Prejudices, third series (Classic Books)",H. L. Mencken,Kindle,"Dec 19, 2024",
0,https://www.amazon.com/dp/B0DR2M74M2,B0DR2M74M2,What the White Race May Learn from the Indian (Classic Books),George Wharton James,Kindle,"Dec 19, 2024",
0,https://www.amazon.com/dp/B0DR2KRD6K,B0DR2KRD6K,"Don't Marry; or, Advice on How, When and Who to Marry (Classic Books)",James W. Donovan,Kindle,"Dec 19, 2024",
4,https://www.amazon.com/dp/B0DR2JDXFF,B0DR2JDXFF,"Prejudices, second series (Classic Books)",H. L. Mencken,Kindle,"Dec 19, 2024",
2,https://www.amazon.com/dp/B0DQZV1HBB,B0DQZV1HBB,The corset and the crinoline (Classic Books),William Barry Lord,Kindle,"Dec 19, 2024",
1,https://www.amazon.com/dp/B0DQZR5TQM,B0DQZR5TQM,We Moderns: Enigmas and Guesses (Classic Books),Edwin Muir,Kindle,"Dec 19, 2024",
1,https://www.amazon.com/dp/B0DQZNJHVK,B0DQZNJHVK,The Indian Council in the Valley of the Walla-Walla. 1855 (Classic Books),Lawrence Kip,Kindle,"Dec 19, 2024",
0,https://www.amazon.com/dp/B0DQZHKC5B,B0DQZHKC5B,Essays in Librarianship and Bibliography (Classic Books),Richard Garnett,Kindle,"Dec 19, 2024",
0,https://www.amazon.com/dp/B0DQY965M9,B0DQY965M9,Outline of the history of the English language and literature (Classic Books),Anonymous,Kindle,"Dec 19, 2024",
3,https://www.amazon.com/dp/B0DQY86LL1,B0DQY86LL1,Our Benevolent Feudalism (Classic Books),William J. Ghent,Kindle,"Dec 19, 2024",
0,https://www.amazon.com/dp/B0DQY7G6KJ,B0DQY7G6KJ,Men and Things (Classic Books),Henry A. Atkinson,Kindle,"Dec 19, 2024",
0,https://www.amazon.com/dp/1032559616,1032559616,The Role of Coal in a Sustainable Energy Mix for India,Mritiunjoy Mohanty,Kindle,"Dec 19, 2024",
0,https://www.amazon.com/dp/1032548789,1032548789,New Media Users in China (China Perspectives),Peng Lan,Hardcover,"Dec 19, 2024",
0,https://www.amazon.com/dp/1032460679,1032460679,"The United Nations, Indo-Pacific and Korean Peninsula (Routledge Studies on Think Asia)",Shin-wha Lee,Kindle,"Dec 19, 2024",
0,https://www.amazon.com/dp/1032451408,1032451408,China's Social Credit (China Perspectives),Zhai Xuewei,Kindle,"Dec 19, 2024",
0,https://www.amazon.com/dp/1032430680,1032430680,A Brief History of the Chinese Language VI (Chinese Linguistics),Xi Xiang,Kindle,"Dec 19, 2024",
0,https://www.amazon.com/dp/1032430672,1032430672,A Brief History of the Chinese Language V (Chinese Linguistics),Xi Xiang,Kindle,"Dec 19, 2024",
0,https://www.amazon.com/dp/1032430656,1032430656,A Brief History of the Chinese Language IV (Chinese Linguistics),Xi Xiang,Kindle,"Dec 19, 2024",
0,https://www.amazon.com/dp/1032395516,1032395516,Singapore Mandarin Grammar II (China Perspectives),Lu Jianming,Kindle,"Dec 19, 2024",
0,https://www.amazon.com/dp/1032280441,1032280441,Spanish Horror Film and Television in the 21st Century (Routledge Focus on Media and Cultural Studies),Vicente Rodríguez Ortega,Kindle,"Dec 19, 2024",
0,https://www.amazon.com/dp/1032244658,1032244658,Community-Engaged Performance Tours,James Spinazzola,Kindle,"Dec 19, 2024",
1,https://www.amazon.com/dp/1032215046,1032215046,Sustainability and the Philosophy of Science (Routledge Focus on Environment and Sustainability),Jeffry L. Ramsey,Kindle,"Dec 19, 2024",
1,https://www.amazon.com/dp/1032170336,1032170336,"Murder, Wrongful Conviction and the Law (Routledge Contemporary Issues in Criminal Justice and Procedure)",Jon Robins,Kindle,"Dec 19, 2024",
0,https://www.amazon.com/dp/B0GSK16MC7,B0GSK16MC7,"CSET Social Science Study Guide 2026–2027: Comprehensive Review with 10 Full-Length Practice Tests, Proven Test Strategies, and Detailed Answer Explanations",Patricia N. Lara,Paperback,"Mar 13, 2026",
0,https://www.amazon.com/dp/1032148586,1032148586,The Routledge Handbook of Urban Logistics (Routledge International Handbooks),Jason Monios,Kindle,"Dec 19, 2024",
0,https://www.amazon.com/dp/1032125721,1032125721,Corpus Approaches to Language in Social Media (Routledge Advances in Corpus Linguistics),Matteo Di Cristofaro,Kindle,"Dec 19, 2024",
2,https://www.amazon.com/dp/1032009446,1032009446,The Routledge Handbook of Ecomedia Studies (Routledge Environment and Sustainability Handbooks),Antonio López,Kindle,"Dec 19, 2024",
0,https://www.amazon.com/dp/0367611643,0367611643,Routledge Handbook of Urban Public Space (Routledge International Handbooks),Karen A. Franck,Kindle,"Dec 19, 2024",
0,https://www.amazon.com/dp/B0FG288YBT,B0FG288YBT,"The Woke in The Age of Ego: Modern Arrogance and Ancient Warnings: Ads, Big Pharma, Politics, Healthcare, Ai...",Elda Reese,Paperback,"Dec 19, 2024",
1,https://www.amazon.com/dp/B0DS9M4R6F,B0DS9M4R6F,Essential Notes: Conference Edition,et al.,Paperback,"Dec 19, 2024",
0,https://www.amazon.com/dp/B0DRMBG34Q,B0DRMBG34Q,Utilizing Case Studies in Literacy and Language Education,Jason D. Dehart,Hardcover,"Dec 19, 2024",
1,https://www.amazon.com/dp/B0DRGHM73X,B0DRGHM73X,"On The Jericho Road: Stories Of Compassion And Redemption (""On The Jericho Road: A Journey of Compassion, Faith, and Redemption"")",Pastor Jimmy Davis,Kindle,"Dec 19, 2024",
2,https://www.amazon.com/dp/B0DRFCZJQN,B0DRFCZJQN,Surviving With A Nurturing Spirit,Mrs Jasmine Nicole Chiasson,Paperback,"Dec 19, 2024",
0,https://www.amazon.com/dp/B0DRCCF72K,B0DRCCF72K,BEGINNERS BLANK SHEET MUSIC: 6 STAVES PER PAGE 100 PAGES,Simplistic Press,Paperback,"Dec 19, 2024",
0,https://www.amazon.com/dp/B0DR99TRFV,B0DR99TRFV,M.A.G.A. Make America Gay Already: Reasons to Trans the Kids an In-Depth and Robust Analysis,Alexander R. Fultz KHT,Paperback,"Dec 19, 2024",
0,https://www.amazon.com/dp/B0DR8PC7VF,B0DR8PC7VF,"Stress is Stupid: Mindfulness gift notebook/ journal for friends, family and colleagues. Promotes peace, gratitude and self care with relaxation exercises",Vera Wayfarer,Paperback,"Dec 19, 2024",
0,https://www.amazon.com/dp/B0DR8L3GHM,B0DR8L3GHM,"Undated Christian Planner for Women of Faith with To Do List, Priorities, Goals, Appointments & Weekly Schedule Sections, Agenda Organizer to Keep You up to Date with Your Tasks & Boost Productivity",Lihel Dona,Paperback,"Dec 19, 2024",
0,https://www.amazon.com/dp/B0DR8GK6TR,B0DR8GK6TR,"Pregnancy Notes: Blank Lined Notebook for Pregnancy Journal, 110 pages 7.5"" x 9.25""",Rachel EL Milosheska,Paperback,"Dec 19, 2024",
0,https://www.amazon.com/dp/B0DR8G9S1T,B0DR8G9S1T,"Pregnancy Notes: Blank Lined 110 Page Notebook | Record your Pregnancy in a Large 7.5"" x 9.25"" Journal",Rachel EL Milosheska,Paperback,"Dec 19, 2024",
0,https://www.amazon.com/dp/B0DR6Q7GDY,B0DR6Q7GDY,Amazing Facts About Newborn Babies: Wonderful World of Babies' First Days with Engaging Facts and Tips for New Parents,Mark Jenks,Paperback,"Dec 19, 2024",
0,https://www.amazon.com/dp/B0DR6PJMBZ,B0DR6PJMBZ,The Green and the Groovy: A Stoners Coloring Book of Cannabis and Shrooms,Dank & Doobie Press,Paperback,"Dec 19, 2024",
0,https://www.amazon.com/dp/B0DR6NXX4P,B0DR6NXX4P,Danger: Warming Area 51: No Trespassing Beyond This Point,Antonios Valamontes,Kindle,"Dec 19, 2024",
0,https://www.amazon.com/dp/B0DR65V58Y,B0DR65V58Y,The Friendly Effect: Storytelling in Policy Writing,Nidge Dyer,Kindle,"Dec 19, 2024",
0,https://www.amazon.com/dp/B0DR622ML5,B0DR622ML5,"Mindfulness Mini Coloring Book: Relax, Focus, and Unwind with Intricate Designs for Adults and Teens: Discover the Art of Mindful Coloring: A Journey to Inner Peace and Creativity",Kd Per,Paperback,"Dec 19, 2024",
0,https://www.amazon.com/dp/B0DR5ZXLGG,B0DR5ZXLGG,"The American Missionary — Volume 33, No. 05, May, 1879 (Classic Books)",Various,Paperback,"Dec 19, 2024",
0,https://www.amazon.com/dp/B0DR5ZBJDN,B0DR5ZBJDN,"The Sanitary Condition of the Poor in Relation to Disease, Poverty, and Crime (Classic Books)",Benson Baker,Kindle,"Dec 19, 2024",
0,https://www.amazon.com/dp/B0DR5YRV8X,B0DR5YRV8X,"Light Come, Light Go: Gambling—Gamesters—Wagers—The Turf (Classic Books)",Ralph Nevill,Kindle,"Dec 19, 2024",
0,https://www.amazon.com/dp/B0DR5XTJQY,B0DR5XTJQY,"The Irish Penny Journal, Vol. 1 No. 07, August 15, 1840 (Classic Books)",Various,Paperback,"August 15, 1840",
0,https://www.amazon.com/dp/B0DR5VZPC9,B0DR5VZPC9,The Judges to 1 Samuel 17 Children's Workbook,Candace Cooke,Paperback,"Dec 19, 2024",
0,https://www.amazon.com/dp/B0DR2RYKQJ,B0DR2RYKQJ,Carpe Noctem: Seize the Night,Al Ferber,Kindle,"Dec 19, 2024",
0,https://www.amazon.com/dp/B0DR2RH6N2,B0DR2RH6N2,"Old Europe's Suicide; or, The Building of a Pyramid of Errors (Classic Books)",Baron Christopher Birdwood Thomson,Kindle,"Dec 19, 2024",
0,https://www.amazon.com/dp/B0DR2R2TC4,B0DR2R2TC4,"The American Missionary — Volume 32, No. 03, March, 1878 (Classic Books)",Various,Paperback,"Dec 19, 2024",
5,https://www.amazon.com/dp/B0DR2R2C29,B0DR2R2C29,A Sketch of Assam: With some account of the Hill Tribes (Classic Books),Major John Butler,Kindle,"Dec 19, 2024",
0,https://www.amazon.com/dp/B0DR2Q4BQV,B0DR2Q4BQV,"The American Missionary — Volume 32, No. 11, November, 1878 (Classic Books)",Various,Paperback,"Dec 19, 2024",
1,https://www.amazon.com/dp/B0DR2PPDZG,B0DR2PPDZG,Anthropology and the Classics (Classic Books),R. R. Marett,Paperback,"Dec 19, 2024",
0,https://www.amazon.com/dp/B0DR2PD897,B0DR2PD897,Canada (1535-Present Day) (Classic Books),Kenneth Bell,Paperback,"Dec 19, 2024",
0,https://www.amazon.com/dp/B0DR2MKCMT,B0DR2MKCMT,"Essays: Scientific, Political, and Speculative; Vol. 2 of 3 (Classic Books)",Herbert Spencer,Paperback,"Dec 19, 2024",
0,https://www.amazon.com/dp/B0DR2M4N9B,B0DR2M4N9B,"The American Missionary — Volume 32, No. 08, August, 1878 (Classic Books)",Various,Paperback,"Dec 19, 2024",
0,https://www.amazon.com/dp/B0DR2LKHPV,B0DR2LKHPV,"The American Missionary — Volume 32, No. 10, October, 1878 (Classic Books)",Various,Paperback,"Dec 19, 2024",
0,https://www.amazon.com/dp/B0DR2L3Q86,B0DR2L3Q86,"Statement of Facts, on the Injurious Treatment of J. Elsee, Esq. (Classic Books)",John Elsee,Kindle,"Dec 19, 2024",
0,https://www.amazon.com/dp/B0DR2L1DLG,B0DR2L1DLG,"The American Missionary — Volume 33, No. 01, January 1879 (Classic Books)",Various,Paperback,"Dec 19, 2024",
1,https://www.amazon.com/dp/B0DR2K7M74,B0DR2K7M74,A summer on the borders of the Caribbean sea. (Classic Books),J. Dennis Harris,Kindle,"Dec 19, 2024",
0,https://www.amazon.com/dp/B0DR2J3C58,B0DR2J3C58,"The East India Vade-Mecum, Volume 1 (of 2) (Classic Books)",Thomas Williamson,Paperback,"Dec 19, 2024",
0,https://www.amazon.com/dp/B0DR2H1KBB,B0DR2H1KBB,"Statement of the Provision for the Poor, and of the Condition of the Labouring Classes in a Considerable Portion of America and Europe (Classic Books)",Nassau William Senior,Hardcover,"Dec 19, 2024",
0,https://www.amazon.com/dp/B0DR2FYPNQ,B0DR2FYPNQ,"The Girl's Own Paper, Vol. XX, No. 994, January 14, 1899 (Classic Books)",Various,Paperback,"January 14, 1899",
0,https://www.amazon.com/dp/B0DR2FF8FQ,B0DR2FF8FQ,Pygmies and Papuans: The Stone Age To-day in Dutch New Guinea (Classic Books),A. F. R. Wollaston,Hardcover,"Dec 19, 2024",
0,https://www.amazon.com/dp/B0DR2BRTJ5,B0DR2BRTJ5,"The American Missionary — Volume 32, No. 09, September, 1878 (Classic Books)",Various,Paperback,"Dec 19, 2024",
0,https://www.amazon.com/dp/B0DQZZH3K8,B0DQZZH3K8,"The Southern States, March, 1894 (Classic Books)",Various,Kindle,"Dec 19, 2024",
0,https://www.amazon.com/dp/B0DQZX695M,B0DQZX695M,"The American Missionary — Volume 32, No. 07, July 1878 (Classic Books)",Various,Paperback,"Dec 19, 2024",
0,https://www.amazon.com/dp/B0DQZVSVMD,B0DQZVSVMD,"The King Country; or, Explorations in New Zealand (Classic Books)",J. H. Kerry-Nicholls,Kindle,"Dec 19, 2024",
0,https://www.amazon.com/dp/B0DQZT9473,B0DQZT9473,The Men of the Nineties (Classic Books),Bernard Muddiman,Kindle,"Dec 19, 2024",
0,https://www.amazon.com/dp/B0DQZQGF8X,B0DQZQGF8X,The Modern Vikings: Stories of Life and Sport in the Norseland (Classic Books),Hjalmar Hjorth Boyesen,Kindle,"Dec 19, 2024",
0,https://www.amazon.com/dp/B0DQYPG7SX,B0DQYPG7SX,Lumina: A Dragonflies Tale (Dragonfly tales),Michael willis,Kindle,"Dec 19, 2024",
0,https://www.amazon.com/dp/B0DQYNMLR2,B0DQYNMLR2,Struggle for the Soul of Mormonism,Gospel Tangents Interview,Kindle,"Dec 19, 2024",
0,https://www.amazon.com/dp/B0DQYC5TG8,B0DQYC5TG8,"The American Missionary — Volume 32, No. 04, April 1878 (Classic Books)",Various,Paperback,"Dec 19, 2024",
0,https://www.amazon.com/dp/B0DQYB9FXV,B0DQYB9FXV,"The American Missionary — Volume 32, No. 02, February, 1878 (Classic Books)",Various,Paperback,"Dec 19, 2024",
0,https://www.amazon.com/dp/B0DQY89V9W,B0DQY89V9W,Twice-born Men in America (Classic Books),Harriet Earhart Monroe,Kindle,"Dec 19, 2024",
0,https://www.amazon.com/dp/B0DQY7FJBQ,B0DQY7FJBQ,"The American Missionary — Volume 32, No. 01, January, 1878 (Classic Books)",Various,Paperback,"Dec 19, 2024",
0,https://www.amazon.com/dp/B0DQWNJQYF,B0DQWNJQYF,One Free Kill Society,Ethan Jepsen,Paperback,"Dec 19, 2024",
0,https://www.amazon.com/dp/B0DJGPVC8W,B0DJGPVC8W,Love Beyond Labels: A Guide for Couples,Carla  R Cannon-Lawrence,Paperback,"Dec 19, 2024",
0,https://www.amazon.com/dp/9819959551,9819959551,Seismic Digital Shift: Rethinking Our Digital Future,Yong Hu,Kindle,"Dec 19, 2024",
0,https://www.amazon.com/dp/9812662286,9812662286,"Cat Jarman 3 Books Collection Set (The Rabbit Hole Book, River Kings & The Bone Chests)",Cat Jarman,Paperback,"Dec 19, 2024",
0,https://www.amazon.com/dp/952369121X,952369121X,"Hard Work: Producing places, relations and value on a Papua New Guinea resource frontier",Tuomas Tammisto,Paperback,"Dec 19, 2024",
0,https://www.amazon.com/dp/952369118X,952369118X,"Religion, Law, and COVID-19 in Europe: A Comparative Analysis",Brian Conway,Paperback,"Dec 19, 2024",
0,https://www.amazon.com/dp/6208417864,6208417864,Social Media and Public Participation in the Administration of Justice,Paul Ogemba,Paperback,"Dec 19, 2024",
0,https://www.amazon.com/dp/6208397251,6208397251,Environmental impact of firewood harvesting,Guy Munsansa Mumbimbi,Paperback,"Dec 19, 2024",
0,https://www.amazon.com/dp/3031784499,3031784499,"Interactive Storytelling: 17th International Conference on Interactive Digital Storytelling, ICIDS 2024, Barranquilla, Colombia, December 2–6, 2024, ... Part II (Lecture Notes in Computer Science)",John T. Murray,Kindle,"Dec 19, 2024",
0,https://www.amazon.com/dp/3031378814,3031378814,"Racism, Violence and Harm: Ideology, Media and Resistance (Palgrave Studies in Crime, Media and Culture)",Monish Bhatia,Kindle,"Dec 19, 2024",
0,https://www.amazon.com/dp/1965360416,1965360416,The Proposal: Democratic Strategy People Leaders,PAN SO,Kindle,"Dec 19, 2024",
0,https://www.amazon.com/dp/196258917X,196258917X,100 Ways to Celebrate Holidays,Harper Carr,Kindle,"Dec 19, 2024",
0,https://www.amazon.com/dp/1805010239,1805010239,Resolving Distress in Dementia: A Person-Centred Approach for Clinical Settings,Jo James,Kindle,"Dec 19, 2024",
0,https://www.amazon.com/dp/1803747293,1803747293,Garbocracy: Towards a Great Human Collapse,Sayan Dey,Kindle,"Dec 30, 2024",
0,https://www.amazon.com/dp/1032898690,1032898690,The Global Game of Coal,Gulshan Dietl,Kindle,"Dec 19, 2024",
0,https://www.amazon.com/dp/1032578904,1032578904,Public Diplomacy and Civil Society Organisations (Routledge Explorations in Development Studies),Ibrahim Natil,Kindle,"Dec 19, 2024",
0,https://www.amazon.com/dp/1032577517,1032577517,Research on the Balance of Educational Resources Allocation and Spatial Layout,Li Ran,Kindle,"Dec 19, 2024",
0,https://www.amazon.com/dp/1032558652,1032558652,Memetic War (Routledge Studies in Crime and Society),Tine Munk,Kindle,"Dec 19, 2024",
0,https://www.amazon.com/dp/1032556420,1032556420,"Names, Naming, and the Law",I. M. Nick,Kindle,"Dec 19, 2024",
0,https://www.amazon.com/dp/1032555289,1032555289,Twin Pandemics,Alison L. Bailey,Kindle,"Dec 19, 2024",
0,https://www.amazon.com/dp/1032552352,1032552352,China's Low Fertility and the Impacts of the Two-Child Policy,Wei Chen,Kindle,"Dec 19, 2024",
0,https://www.amazon.com/dp/1032551933,1032551933,Routledge Handbook of Contemporary African Migration,Daniel Makina,Kindle,"Dec 19, 2024",
0,https://www.amazon.com/dp/1032549467,1032549467,Globalizing Higher Education and Strengthening the European Spirit,Christiane Dienel,Kindle,"Dec 19, 2024",
0,https://www.amazon.com/dp/103254760X,103254760X,Discourse Particles in Asian Languages (Routledge Studies in Linguistics),Elin McCready,Paperback,"Dec 19, 2024",
0,https://www.amazon.com/dp/1032530138,1032530138,The “Socialist Transformation” of Memory (China Perspectives),Yusi Liu,Kindle,"Dec 19, 2024",
0,https://www.amazon.com/dp/103246142X,103246142X,The Travels of Media and Cultural Products (Routledge Studies in Media and Cultural Industries),Enrique Uribe-Jongbloed,Kindle,"Dec 19, 2024",
0,https://www.amazon.com/dp/1032458739,1032458739,International Students in Transnational Spaces (Routledge Research in Education),Xi Wu,Kindle,"Dec 19, 2024",
1,https://www.amazon.com/dp/1032450908,1032450908,Nonverbal Neutrality of Broadcasters Covering Crisis (Routledge Focus on Journalism Studies),Danielle Deavours,Kindle,"Dec 19, 2024",
0,https://www.amazon.com/dp/1032430699,1032430699,A Brief History of the Chinese Language VII (Chinese Linguistics),Xi Xiang,Kindle,"Dec 19, 2024",
0,https://www.amazon.com/dp/1032430664,1032430664,A Brief History of the Chinese Language VIII (Chinese Linguistics),Xi Xiang,Paperback,"Dec 19, 2024",
0,https://www.amazon.com/dp/1032428465,1032428465,Con Artists in Cinema (Routledge Focus on Film Studies),Joseph Kupfer,Kindle,"Dec 19, 2024",
0,https://www.amazon.com/dp/1032426713,1032426713,"Schooling, Human Capital and Civilization (Studies in Curriculum Theory Series)",Bruce Moghtader,Kindle,"Dec 19, 2024",
0,https://www.amazon.com/dp/103239630X,103239630X,Energy Politics and Discourse in Canada (Routledge Focus on Communication Studies),Sibo Chen,Kindle,"Dec 19, 2024",
0,https://www.amazon.com/dp/1032383887,1032383887,Urban and Rural Students’ Access to Elite Chinese Universities (Education and Society in China),Yanru Xu,Kindle,"Dec 19, 2024",
0,https://www.amazon.com/dp/103237909X,103237909X,Extracting Reconciliation (More Than Human Humanities),Myra J. Hird,Kindle,"Dec 19, 2024",
0,https://www.amazon.com/dp/1032378158,1032378158,Language Policy and the Future of Europe (Routledge Focus on Applied Linguistics),Alice Leal,Kindle,"Dec 19, 2024",
0,https://www.amazon.com/dp/1032355328,1032355328,Recontextualising and Recontesting Bourdieu in Chinese Education (Bourdieu and Education of Asia Pacific),Guanglun Michael Mu,Kindle,"Dec 19, 2024",
0,https://www.amazon.com/dp/1032326603,1032326603,Decolonizing Development,Rahul A. Sirohi,Kindle,"Dec 19, 2024",
0,https://www.amazon.com/dp/1032302577,1032302577,Cybercrime in Social Media: Theory and Solutions,Pradeep Kumar Roy,Kindle,"Dec 19, 2024",
0,https://www.amazon.com/dp/1032268379,1032268379,The European Union and Regional Integration in East Africa (Routledge Contemporary Africa),Harrison Kalunga Mwilima,Kindle,"Dec 19, 2024",
0,https://www.amazon.com/dp/1032264500,1032264500,"Gender, Crime, and Murder in Victorian England (Among the Victorians and Modernists)",Anna Kay,Paperback,"Dec 19, 2024",
0,https://www.amazon.com/dp/1032230746,1032230746,Integrated Flood Risk Management,Kuniyoshi Takeuchi,Kindle,"Dec 19, 2024",
0,https://www.amazon.com/dp/103221368X,103221368X,Educational Leadership and Asian Culture (Routledge Research in Educational Leadership),Peng Liu,Kindle,"Dec 19, 2024",
0,https://www.amazon.com/dp/1032202475,1032202475,"Creative Metaphor, Evaluation, and Emotion in Conversations about Work (Routledge Focus on Applied Linguistics)",Jeannette Littlemore,Kindle,"Dec 19, 2024",
0,https://www.amazon.com/dp/1032155558,1032155558,The Routledge Handbook of Privacy and Social Media (Routledge Handbooks in Communication Studies),Sabine Trepte,Kindle,"Dec 19, 2024",
0,https://www.amazon.com/dp/1032148950,1032148950,Crimmigration under International Protection (New Advances in Crime and Social Harm),Rottem Rosenberg-Rubins,Kindle,"Dec 19, 2024",
0,https://www.amazon.com/dp/1032140968,1032140968,South Korea and Foreign Direct Investment (Routledge Studies on Think Asia),Choong Yong Ahn,Kindle,"Dec 19, 2024",
0,https://www.amazon.com/dp/0367767015,0367767015,"Transformations of Pelops: Myths, Monuments, and Cult Reconsidered",András Patay-Horváth,Kindle,"Dec 19, 2024",
0,https://www.amazon.com/dp/0367645122,0367645122,The Routledge Companion to Advertising and Promotional Culture (Routledge Media and Cultural Studies Companions),Emily West,Kindle,"Dec 19, 2024",
0,https://www.amazon.com/dp/0367609665,0367609665,Can Human Rights and National Sovereignty Coexist? (Global Perspectives on Immigration and Multiculturalisation),Tetsu Sakurai,Kindle,"Dec 19, 2024",
1,https://www.amazon.com/dp/0367493640,0367493640,Network Forensics,Anchit Bijalwan,Kindle,"Dec 19, 2024",
0,https://www.amazon.com/dp/103238655X,103238655X,Arab-Iranian Relations Since the Arab Uprisings (Durham Modern Middle East and Islamic World Series),Mahjoob Zweiri,Kindle,"Dec 18, 2024",
2,https://www.amazon.com/dp/1032138750,1032138750,"Dancing in the World (Routledge Series in Equity, Diversity, and Inclusion in Theatre and Performance)",Sinclair Ogaga Emoghene,Kindle,"Dec 18, 2024",
1,https://www.amazon.com/dp/1032561335,1032561335,Still Waters Run Deep,John Swinton,Kindle,"Dec 18, 2024",
3,https://www.amazon.com/dp/1032556986,1032556986,"Performing Organizational Paradoxes (Routledge Studies in Communication, Organization, and Organizing)",Gail T. Fairhurst,Kindle,"Dec 18, 2024",
0,https://www.amazon.com/dp/1032531452,1032531452,Graphical Facilitation,Curie Scott,Kindle,"Dec 18, 2024",
2,https://www.amazon.com/dp/1032074965,1032074965,Posthuman Gaming (Routledge Advances in Game Studies),Poppy Wilde,Kindle,"Dec 18, 2024",
1,https://www.amazon.com/dp/1032104155,1032104155,On the Evolution of Media (Routledge Studies in New Media and Cyberculture),Carlos A. Scolari,Kindle,"Dec 18, 2024",
4,https://www.amazon.com/dp/1965340644,1965340644,"Stupid Carrot, M.D.: Parenting Children to Independence",Kenneth J Cruse,Kindle,"Dec 18, 2024",
0,https://www.amazon.com/dp/1032484209,1032484209,Insurgency in India's Northeast (Routledge Studies in South Asian Politics),Jugdep Chima,Kindle,"Dec 18, 2024",
2,https://www.amazon.com/dp/B0DQVC5J4V,B0DQVC5J4V,Gentrification and Climate Gentrification: The New Double Threat to Vulnerable Communities,Teresa M. Jeter PhD,Paperback,"Dec 18, 2024",
1,https://www.amazon.com/dp/1949845389,1949845389,Cinema and Feminism: A Quick Immersion (Quick Immersions),Andrea L. Press,Kindle,"Dec 18, 2024",
0,https://www.amazon.com/dp/1032513926,1032513926,Sports Media Rights in the Age of Streaming and Platformisation,Tom Evens,Kindle,"Dec 18, 2024",
0,https://www.amazon.com/dp/1032395265,1032395265,"Banditry and Security Crisis in Nigeria (Routledge Studies in Peace, Conflict and Security in Africa)",Al Chukwuma Okoli,Kindle,"Dec 18, 2024",
0,https://www.amazon.com/dp/1032501715,1032501715,"Colour, Colour Measurement and Colour Change (Science for Conservators)",David Saunders,Kindle,"Dec 18, 2024",
1,https://www.amazon.com/dp/1032486112,1032486112,Tajikistan’s National Epics (Asian States and Empires),Sadriddin Ayni,Paperback,"Dec 18, 2024",
0,https://www.amazon.com/dp/1032324856,1032324856,Difficult Empathy and Rhetorical Encounters (Routledge Studies in Rhetoric and Communication),Eric Leake,Kindle,"Dec 18, 2024",
0,https://www.amazon.com/dp/036771339X,036771339X,"Puppet and Spirit: Ritual, Religion, and Performing Objects (Routledge Advances in Theatre & Performance Studies)",Claudia Orenstein,Kindle,"Dec 18, 2024",
0,https://www.amazon.com/dp/1032328843,1032328843,Chinese Television and Soft Power in Africa (Communicating China),Angela Lewis,Kindle,"Dec 18, 2024",
0,https://www.amazon.com/dp/1032554274,1032554274,"Climate Change, Migration and Conflict in Bangladesh",Md Rafiqul Islam,Kindle,"Dec 18, 2024",
0,https://www.amazon.com/dp/1032217235,1032217235,Creating Europe from the Margins,Kristín Loftsdóttir,Kindle,"Dec 18, 2024",
3,https://www.amazon.com/dp/1032508531,1032508531,Michael Jackson and the Blackface Mask (Ashgate Popular and Folk Music Series),Harriet J. Manning,Kindle,"Dec 18, 2024",
0,https://www.amazon.com/dp/1032195142,1032195142,Counter Revanchist Art in the Global City (Routledge Studies in Urbanism and the City),Leah Modigliani,Kindle,"Dec 18, 2024",
0,https://www.amazon.com/dp/1032513551,1032513551,Emotional Value in the Composition Classroom (Routledge Research in Writing Studies),Ryan Crawford,Kindle,"Dec 18, 2024",
0,https://www.amazon.com/dp/1032495162,1032495162,The Geography of Uncertainty,Alessandro Ricci,Kindle,"Dec 18, 2024",
0,https://www.amazon.com/dp/1032559241,1032559241,"The Impact of Youth Imprisonment on the Lives of Parents (Routledge Studies in Crime, Justice and the Family)",Daniel McCarthy,Kindle,"Dec 18, 2024",
0,https://www.amazon.com/dp/0367537907,0367537907,A History of Disability and Art Education (Routledge Advances in Disability Studies),Claire Penketh,Kindle,"Dec 18, 2024",
0,https://www.amazon.com/dp/0367654423,0367654423,"Offender Care and Support by Families in Contemporary Japan (Routledge Studies in Crime, Justice and the Family)",Mari Kita,Kindle,"Dec 18, 2024",
0,https://www.amazon.com/dp/0367757206,0367757206,Embodied Nostalgia (Routledge Advances in Theatre & Performance Studies),Phoebe Rumsey,Kindle,"Dec 18, 2024",
1,https://www.amazon.com/dp/103250112X,103250112X,The Portuguese Colonial War and the African Liberation Struggles (Memory Studies: Global Constellations),Miguel Cardina,Kindle,"Dec 18, 2024",
0,https://www.amazon.com/dp/B0DCKB3BYX,B0DCKB3BYX,"OBEDIENCE: HOW I BEGAN WALKING IN IT: ""But this thing commanded I them, saying, 'Obey my voice, and I will be your GOD...""'",O.M. Stork,Paperback,"Dec 18, 2024",
0,https://www.amazon.com/dp/1032211776,1032211776,Women and COVID-19 (The COVID-19 Pandemic Series),Mariam Seedat-Khan,Kindle,"Dec 18, 2024",
0,https://www.amazon.com/dp/1032327782,1032327782,Managing Policy and Reform in an Era of American Police Conflict (Innovations in Policing),Jack St. Hilaire,Kindle,"Dec 18, 2024",
2,https://www.amazon.com/dp/9768332824,9768332824,"Unbroken Strides: Overcoming Adversity, One Step at a Time",Dorothy Stanley-Reid,Kindle,"Dec 18, 2024",
1,https://www.amazon.com/dp/1032575727,1032575727,A Modern Credit Rating Agency (Routledge Studies in Corporate Governance),Daniel Cash,Kindle,"Dec 18, 2024",
0,https://www.amazon.com/dp/0367709562,0367709562,Qazaq Pastoralists in Western Mongolia (Routledge Series on Economic and Social Transformations in Central and Inner Asia),Peter Finke,Kindle,"Dec 18, 2024",
0,https://www.amazon.com/dp/1032421576,1032421576,How Terrorists Learn (Political Violence),Carolin Görzig,Kindle,"Dec 18, 2024",
0,https://www.amazon.com/dp/1032210168,1032210168,Antisemitism Before the Holocaust (Routledge Studies in Modern History),Richard E. Frankel,Kindle,"Dec 18, 2024",
0,https://www.amazon.com/dp/1032552425,1032552425,Society and Social Changes through the Prism of Childhood,Hanne Warming,Kindle,"Dec 18, 2024",
0,https://www.amazon.com/dp/1032372273,1032372273,"City-making, Space and Spirituality (Routledge Research in Planning and Urban Design)",Stéphan de Beer,Kindle,"Dec 18, 2024",
0,https://www.amazon.com/dp/1032056460,1032056460,"Opening Doors: Orchestras, Opera Companies and Community Engagement",Emily Dollman,Kindle,"Dec 18, 2024",
0,https://www.amazon.com/dp/1032542101,1032542101,"Routes, Interaction and Exchange in the Southern Maya Area (Routledge Archaeology of the Ancient Americas)",Eugenia Robinson,Kindle,"Dec 18, 2024",
0,https://www.amazon.com/dp/1032354054,1032354054,Decolonizing Applied Linguistics Research in Latin America (Routledge Studies in Language and Intercultural Communication),Harold Castañeda-Peña,Kindle,"Dec 18, 2024",
0,https://www.amazon.com/dp/B0DQXXWBTS,B0DQXXWBTS,"Did You Know?: Over 2,500 Mind-Blowing Facts and Amazing Stories from the 1990's",Chris Guiher,Hardcover,"Dec 18, 2024",
0,https://www.amazon.com/dp/1032525738,1032525738,"Israel's National Security Predicament (Israeli History, Politics and Society)",David Rodman,Kindle,"Dec 18, 2024",
0,https://www.amazon.com/dp/1032376384,1032376384,The Coronavirus Pandemic in Japanese Literature and Popular Culture (Routledge Contemporary Japan Series),Mina Qiao,Kindle,"Dec 18, 2024",
0,https://www.amazon.com/dp/1032371277,1032371277,The State and New Cinema in Contemporary India,Sudha Tiwari,Kindle,"Dec 18, 2024",
0,https://www.amazon.com/dp/1032561262,1032561262,Changing Cultures of Ageing and Spirituality,Elizabeth MacKinlay,Kindle,"Dec 18, 2024",
0,https://www.amazon.com/dp/1032497521,1032497521,Qur'an Translation in Indonesia (Routledge Studies in the Qur'an),Johanna Pink,Kindle,"Dec 18, 2024",
0,https://www.amazon.com/dp/0367752743,0367752743,"Mexico’s Drug-Related Violence (Drugs, Crime and Society)",Omar Camarillo,Kindle,"Dec 18, 2024",
0,https://www.amazon.com/dp/1032041056,1032041056,Organizing Eating (Routledge Research in Communication Studies),Sarah E. Dempsey,Kindle,"Dec 18, 2024",
0,https://www.amazon.com/dp/1032417277,1032417277,Applied Health Humanities for the Aging,Trini Stickle,Kindle,"Dec 18, 2024",
0,https://www.amazon.com/dp/1032249730,1032249730,Debating Immigrants and Refugees in Central Europe (Routledge/UACES Contemporary European Studies),Jan Kovár,Kindle,"Dec 18, 2024",
0,https://www.amazon.com/dp/1032129298,1032129298,Indigenous Responses to Mining in Post-Conflict Colombia (Routledge Studies of the Extractive Industries and Sustainable Development),Diana Carolina Arbeláez Ruiz,Kindle,"Dec 18, 2024",
0,https://www.amazon.com/dp/103210290X,103210290X,"Media and Democracy in the Middle East (Routledge Studies in Media, Communication, and Politics)",Nael Jebril,Kindle,"Dec 18, 2024",
0,https://www.amazon.com/dp/103253320X,103253320X,Cinematic Imaginaries of the African City,Danai S. Mupotsa,Kindle,"Dec 18, 2024",
0,https://www.amazon.com/dp/1032298820,1032298820,"Gender, Sexuality and Islam in Contemporary Indonesia (Routledge Contemporary Southeast Asia Series)",Diego Garcia Rodriguez,Kindle,"Dec 18, 2024",
0,https://www.amazon.com/dp/1032574860,1032574860,"Perspectives in Marketing, Innovation and Strategy (Contemporary Management Practices)",Philip Kotler,Kindle,"Dec 18, 2024",
0,https://www.amazon.com/dp/1032567147,1032567147,Dependency Structures from Syntax to Discourse,Hongxin Zhang,Kindle,"Dec 18, 2024",
0,https://www.amazon.com/dp/1032316047,1032316047,Interacting Francoism (Routledge Studies in Modern History),José M. Faraldo,Kindle,"Dec 18, 2024",
0,https://www.amazon.com/dp/1032116315,1032116315,Race and the Colour-Line (Studies in Migration and Diaspora),Bolaji Balogun,Kindle,"Dec 18, 2024",
0,https://www.amazon.com/dp/1032463368,1032463368,"Region, Race, and Class in the Making of Colombia (Decolonizing the Classics)",Alfonso Múnera,Kindle,"Dec 18, 2024",
0,https://www.amazon.com/dp/1032266899,1032266899,Underdevelopment in Peru (Routledge Critical Development Studies),Jan Lust,Kindle,"Dec 18, 2024",
0,https://www.amazon.com/dp/1032498021,1032498021,Sufism in Ottoman Damascus (Routledge Sufi Series),Nikola Pantic,Kindle,"Dec 18, 2024",
0,https://www.amazon.com/dp/1032546840,1032546840,The Power of Data,ZHANG Chao,Kindle,"Dec 18, 2024",
0,https://www.amazon.com/dp/1032235233,1032235233,Sustainable and Dynamic Graduate Employability (Towards Sustainable Futures),Mona Khare,Kindle,"Dec 18, 2024",
0,https://www.amazon.com/dp/1032473576,1032473576,"Wealth, Development, and Social Inequalities in Latin America (Coping with Crisis - Latin American Perspectives)",Hans-Jürgen Burchardt,Kindle,"Dec 18, 2024",
0,https://www.amazon.com/dp/1032517557,1032517557,Branding Authoritarian Nations (Rethinking Southeast Asia),Petra Alderman,Kindle,"Dec 18, 2024",
0,https://www.amazon.com/dp/1032483164,1032483164,Reimagining Nigeria's Educational System (Routledge Contemporary Africa),Joseph A. Balogun,Kindle,"Dec 18, 2024",
1,https://www.amazon.com/dp/1032552190,1032552190,New Perspectives on Goffman in Language and Interaction (Routledge Studies in Sociolinguistics),Lorenza Mondada,Kindle,"Dec 18, 2024",
0,https://www.amazon.com/dp/1032277637,1032277637,America Under the Influence (Routledge Advances in Theatre & Performance Studies),Chloë Rae Edmonson,Kindle,"Dec 18, 2024",
0,https://www.amazon.com/dp/1032024917,1032024917,Archaeological Investigation,Martin Carver,Kindle,"Dec 18, 2024",
0,https://www.amazon.com/dp/1032466405,1032466405,"English as a Language of Learning, Teaching and Inclusivity (Routledge Advances in Teaching English as an International Language Series)",Liesel Hibbert,Kindle,"Dec 18, 2024",
0,https://www.amazon.com/dp/1032325593,1032325593,Contemporary Israeli Haredi Society (Routledge Jewish Studies Series),Kimmy Caplan,Kindle,"Dec 18, 2024",
0,https://www.amazon.com/dp/1032562358,1032562358,Health and Nutrition of Women and Children in Empowered Action Group States of India,Sandhya R Mahapatro,Kindle,"Dec 18, 2024",
0,https://www.amazon.com/dp/1032563192,1032563192,War as Protection and Punishment (Routledge Frontiers of Criminal Justice),Teresa Degenhardt,Kindle,"Dec 18, 2024",
0,https://www.amazon.com/dp/1032373334,1032373334,"Organised Crime, Financial Crime, and Criminal Justice (The Law of Financial Crime)",Dan Jasinski,Kindle,"Dec 18, 2024",
0,https://www.amazon.com/dp/1032046325,1032046325,Leading Works in Criminal Law (Analysing Leading Works in Law),Chloë Kennedy,Kindle,"Dec 18, 2024",
0,https://www.amazon.com/dp/1032323833,1032323833,Africa-EU Relations and the African Continental Free Trade Area (Routledge Contemporary Africa),Samuel Ojo Oloruntoba,Kindle,"Dec 18, 2024",
0,https://www.amazon.com/dp/1032208937,1032208937,International Law and the History of Resource Extraction in Africa (Routledge Studies in African Development),George Forji Amin,Kindle,"Dec 18, 2024",
0,https://www.amazon.com/dp/1032459948,1032459948,"Great Trade Walls in Imperial China and Spain: Global goods, power struggles and bankruptcy, 1644-1840",Manuel Perez-Garcia,Kindle,"Dec 18, 2024",
0,https://www.amazon.com/dp/1032423439,1032423439,Environmental Humanities in Central Asia (Routledge Environmental Humanities),Jeanne Féaux de la Croix,Kindle,"Dec 18, 2024",
0,https://www.amazon.com/dp/1032328827,1032328827,Israel-Asia Relations in the Twenty-First Century (Durham Modern Middle East and Islamic World Series),Yoram Evron,Kindle,"Dec 18, 2024",
0,https://www.amazon.com/dp/1032430761,1032430761,Contemplative Studies & Jainism,Purushottama Bilimoria,Kindle,"Dec 18, 2024",
0,https://www.amazon.com/dp/B0DQZLLR6P,B0DQZLLR6P,Feeling Like a Fraud: How Gay Men Can Break Free from Imposter Syndrome and Live Authentically,Denim Adonias Ho,Kindle,"Dec 18, 2024",
0,https://www.amazon.com/dp/1032330937,1032330937,Public Health and Cold War Politics in Asia (The Cold War in Asia),Liping Bu,Kindle,"Dec 18, 2024",
0,https://www.amazon.com/dp/1032213310,1032213310,New Paths in Theatre Translation and Surtitling (Routledge Research in Audiovisual Translation),Vasiliki Misiou,Kindle,"Dec 18, 2024",
0,https://www.amazon.com/dp/1032198303,1032198303,"Douyin, TikTok and China’s Online Screen Industry (Routledge Research in Digital Media and Culture in Asia)",Chunmeizi Su,Kindle,"Dec 18, 2024",
0,https://www.amazon.com/dp/1032541628,1032541628,Triaging the Streaming Wars (Electronic Media Research Series),Robert Alan Brookey,Kindle,"Dec 18, 2024",
0,https://www.amazon.com/dp/1032133309,1032133309,The Displaced Rohingyas,Sk Tawfique M Haque,Kindle,"Dec 18, 2024",
0,https://www.amazon.com/dp/1032395400,1032395400,African Women Narrating Identity (Routledge Studies in African Literature),Rose A. Sackeyfio,Kindle,"Dec 18, 2024",
0,https://www.amazon.com/dp/1032306556,1032306556,Far-Right Ecologism (Routledge Studies in Fascism and the Far Right),Balša Lubarda,Kindle,"Dec 18, 2024",
0,https://www.amazon.com/dp/0367642379,0367642379,"Against Critical Thinking in Health, Social Care and Social Work (Routledge Advances in Social Work)",Tom Grimwood,Kindle,"Dec 18, 2024",
1,https://www.amazon.com/dp/B0DQVV3481,B0DQVV3481,Mommy Has A Doula,Ellen Ashley Branch,Kindle,"Dec 18, 2024",
0,https://www.amazon.com/dp/1032575948,1032575948,Modern Indian Political Thought,Bidyut Chakrabarty,Kindle,"Dec 18, 2024",
0,https://www.amazon.com/dp/1032550864,1032550864,Against the Background of Social Reality (Routledge Studies in Social and Political Thought),Carmelo Lombardo,Kindle,"Dec 18, 2024",
0,https://www.amazon.com/dp/1032523697,1032523697,Love in Sufi Literature (Routledge Sufi Series),Omneya Ayad,Kindle,"Dec 18, 2024",
0,https://www.amazon.com/dp/0367698676,0367698676,Contemporary Storytelling Performance (Routledge Advances in Theatre & Performance Studies),Stephe Harrop,Kindle,"Dec 18, 2024",
0,https://www.amazon.com/dp/1032530944,1032530944,"Conflict Management and Resolution in South Sudan (Routledge Studies in Peace, Conflict and Security in Africa)",Nelson Alusala,Kindle,"Dec 18, 2024",
0,https://www.amazon.com/dp/B0DS3Y4MHN,B0DS3Y4MHN,Facilitating Interracial Dialogues About Race,Valerie Manusov,Paperback,"Dec 18, 2024",
0,https://www.amazon.com/dp/103253270X,103253270X,Social Media and the Cultural Politics of Korean Pop Culture in East Asia (Routledge Research in Cultural and Media Studies),Sunny Yoon,Kindle,"Dec 18, 2024",
0,https://www.amazon.com/dp/1032227230,1032227230,The Affective Dynamics of Mass Protests (Routledge Studies in Affective Societies),Bilgin Ayata,Kindle,"Dec 18, 2024",
0,https://www.amazon.com/dp/1032188987,1032188987,South Koreans and the Politics of Immigration in Contemporary Australia (Routledge Research on Korea),David Hundt,Kindle,"Dec 18, 2024",
0,https://www.amazon.com/dp/1032549572,1032549572,The Works of Lin Yutang (Routledge Studies in Chinese Translation),Yangyang Long,Kindle,"Dec 18, 2024",
0,https://www.amazon.com/dp/103240437X,103240437X,Social Disciplining and Civilising Processes in China (Routledge Contemporary China Series),Thomas Heberer,Kindle,"Dec 18, 2024",
0,https://www.amazon.com/dp/1032388390,1032388390,The Changing Dynamics of Civil Military Relations in Pakistan (Routledge Advances in South Asian Studies),Rabia Chaudhry,Kindle,"Dec 18, 2024",
0,https://www.amazon.com/dp/1032414626,1032414626,Smart Cities in Poland (Routledge Research in Planning and Urban Design),Izabela Jonek-Kowalska,Kindle,"Dec 18, 2024",
0,https://www.amazon.com/dp/1032528532,1032528532,Counter Revolutionary Egypt (Routledge Studies in Middle Eastern Democratization and Government),Dina Wahba,Kindle,"Dec 18, 2024",
0,https://www.amazon.com/dp/1032267070,1032267070,"Gen Z, Tourism, and Sustainable Consumption (Contemporary Geographies of Leisure, Tourism and Mobility)",Siamak Seyfi,Kindle,"Dec 18, 2024",
0,https://www.amazon.com/dp/1032562862,1032562862,China's Non-State Soft Power Actors (China Policy Series),Xiaoling Zhang,Kindle,"Dec 18, 2024",
0,https://www.amazon.com/dp/1032526661,1032526661,Representations of Technoculture in Don DeLillo’s Novels (Routledge Research in American Literature and Culture),Laila Sougri,Kindle,"Dec 18, 2024",
0,https://www.amazon.com/dp/103252605X,103252605X,Creating an Equitable Space for Teaching and Learning,Jaya Singh,Kindle,"Dec 18, 2024",
0,https://www.amazon.com/dp/1032559306,1032559306,Posthuman Buddhism and the Digital Self,Les Roberts,Kindle,"Dec 18, 2024",
0,https://www.amazon.com/dp/1032509333,1032509333,"Urban Expansion and Food Security in New Zealand (Routledge Studies in Food, Society and the Environment)",Benjamin Felix Richardson,Kindle,"Dec 18, 2024",
0,https://www.amazon.com/dp/1032561130,1032561130,Fake News on the Internet,Alan R. Dennis,Kindle,"Dec 18, 2024",
0,https://www.amazon.com/dp/1032317779,1032317779,Religious Life in the Late Soviet Union (BASEES/Routledge Series on Russian and East European Studies),Barbara Martin,Kindle,"Dec 18, 2024",
0,https://www.amazon.com/dp/1032245034,1032245034,Korean Film and History (Routledge Research on Korea),Hyunseon Lee,Kindle,"Dec 18, 2024",
0,https://www.amazon.com/dp/1032544961,1032544961,"Law, Selfhood and Feminist Philosophy",Janice Richardson,Kindle,"Dec 18, 2024",
1,https://www.amazon.com/dp/1032368853,1032368853,Museums and Technologies of Presence (Routledge Research in Museum Studies),Maria Shehade,Kindle,"Dec 18, 2024",
0,https://www.amazon.com/dp/1032548770,1032548770,New Media Users in China II (China Perspectives),Peng Lan,Kindle,"Dec 18, 2024",
0,https://www.amazon.com/dp/1032450053,1032450053,Ilan Manouach in Review (Routledge Advances in Comics Studies),Pedro Moura,Kindle,"Dec 18, 2024",
0,https://www.amazon.com/dp/1032462523,1032462523,Reimagining Chinese Diasporas in a Transnational World (Research in Ethnic and Migration Studies),Shibao Guo,Kindle,"Dec 18, 2024",
0,https://www.amazon.com/dp/1032550651,1032550651,Urban Flood Mitigation Strategies Using Geo Spatial Tools,Narendar Kumar,Kindle,"Dec 18, 2024",
0,https://www.amazon.com/dp/1032550880,1032550880,Truth Claims in a Post-Truth World (Routledge Advances in Sociology),Erkan Ali,Kindle,"Dec 18, 2024",
0,https://www.amazon.com/dp/1032371110,1032371110,Decolonising Restorative Justice,Leanne Alexis Levers,Kindle,"Dec 18, 2024",
0,https://www.amazon.com/dp/1032156759,1032156759,Cosmopolitan Norms and European Values (Routledge Studies in Contemporary Philosophy),Marie Göbel,Kindle,"Dec 18, 2024",
0,https://www.amazon.com/dp/1032497734,1032497734,Globalization and Planetary Ethics,Simi Malhotra,Kindle,"Dec 18, 2024",
0,https://www.amazon.com/dp/1032227699,1032227699,Women of Color in the Aviation Industry,Shannon McLoughlin Morrison,Kindle,"Dec 18, 2024",
0,https://www.amazon.com/dp/103248697X,103248697X,National Identity and Millennials in Northeast Asia (Routledge Contemporary Asian Societies),Vanessa Frangville,Kindle,"Dec 18, 2024",
0,https://www.amazon.com/dp/1032523794,1032523794,Iranian Motherhood (Iranian Studies),Mohaddeseh Ziyachi,Kindle,"Dec 18, 2024",
0,https://www.amazon.com/dp/B0DRCFMPQC,B0DRCFMPQC,FROM GLEANING TO GLORY: THE TRANSFORMATIVE JOURNEY OF RUTH,Pastor Jimmy Davis,Kindle,"Dec 18, 2024",
0,https://www.amazon.com/dp/B0DQWPW8F6,B0DQWPW8F6,"CHRISTMAS IN NIGERIA BE LIKE: JOLLOF, JINGLES, AND ENDLESS JAMBOREE!",SISTUS C. PRINCIPE,Kindle,"Dec 18, 2024",
0,https://www.amazon.com/dp/3384463161,3384463161,Motorhome Living: A Guide to Simple Living and Personal Growth on the Road: Transform Your Life Through Frugal Living and Lifestyle Change While Creating a Minimalist Mobile Home Experience,Artemis Saage,Kindle,"Dec 18, 2024",
0,https://www.amazon.com/dp/3031403185,3031403185,Covid-19 in Africa: Societal and Economic Implications (African Histories and Modernities),Susan Arndt,Kindle,"Dec 18, 2024",
1,https://www.amazon.com/dp/1966609043,1966609043,From Darkness to Dawn: A Journey of Healing and Transformation,Mary Lane,Kindle,"Dec 18, 2024",
0,https://www.amazon.com/dp/1032576863,1032576863,The Queer and the Vernacular Languages in India,Kaustav Chakraborty,Kindle,"Dec 18, 2024",
0,https://www.amazon.com/dp/1032562676,1032562676,Indian Political System,Bidyut Chakrabarty,Kindle,"Dec 18, 2024",
0,https://www.amazon.com/dp/1032554282,1032554282,Family Planning Communication in India (South Asia in Context),Shashwati Goswami,Kindle,"Dec 18, 2024",
0,https://www.amazon.com/dp/1032552395,1032552395,Vulnerable Victimizations,Phil Mulvey,Kindle,"Dec 18, 2024",
1,https://www.amazon.com/dp/1032545879,1032545879,Encounter and Interventions,Sajal Nag,Kindle,"Dec 18, 2024",
0,https://www.amazon.com/dp/1032530626,1032530626,Politics of Economic Inequality in China (Routledge Contemporary China Series),Shuai Jin,Kindle,"Dec 18, 2024",
0,https://www.amazon.com/dp/1032523050,1032523050,The Mughals and the North-East,Sajal Nag,Kindle,"Dec 18, 2024",
0,https://www.amazon.com/dp/1032502223,1032502223,Colonial Violence and Monuments in Global History,Cynthia C. Prescott,Kindle,"Dec 18, 2024",
0,https://www.amazon.com/dp/1032487976,1032487976,Critical Sustainability Sciences (Routledge Studies in Sustainability),Stephan Rist,Kindle,"Dec 18, 2024",
0,https://www.amazon.com/dp/1032449772,1032449772,Political Narratosophy (Routledge Innovations in Political Theory),Senka Anastasova,Kindle,"Dec 18, 2024",
0,https://www.amazon.com/dp/1032440201,1032440201,Politics of Socio-Spatial Transformation in Pakistan (Routledge Studies in South Asian Politics),Asad Rehman,Kindle,"Dec 18, 2024",
0,https://www.amazon.com/dp/1032430400,1032430400,#UsToo (Global Gender),Keren R. McGinity,Kindle,"Dec 18, 2024",
0,https://www.amazon.com/dp/1032423692,1032423692,The Japanese Restaurant (Routledge Contemporary Japan Series),Iori Hamada,Kindle,"Dec 18, 2024",
1,https://www.amazon.com/dp/1032420898,1032420898,Considering Space (The Refiguration of Space),Dominik Bartmanski,Kindle,"Dec 18, 2024",
1,https://www.amazon.com/dp/1032409959,1032409959,Cultivated Therapeutic Landscapes (Geographies of Health Series),Pauline Marsh,Kindle,"Dec 18, 2024",
0,https://www.amazon.com/dp/1032409843,1032409843,COVID-19 and Economic Development in Latin America (Routledge Frontiers of Political Economy),Monika Meireles,Kindle,"Dec 18, 2024",
1,https://www.amazon.com/dp/1032368683,1032368683,International Perspectives on Parenting Support and Parental Participation in Children and Family Services (Routledge Advances in Social Work),Carmel Devaney,Kindle,"Dec 18, 2024",
0,https://www.amazon.com/dp/1032364114,1032364114,Traveling Bodies (Routledge Research in Travel Writing),Nicole Maruo-Schröder,Kindle,"Dec 18, 2024",
0,https://www.amazon.com/dp/1032360496,1032360496,Communicative Perspectives on COVID-19 in Ghana (Routledge Studies in Language and Intercultural Communication),Nancy Henaku,Kindle,"Dec 18, 2024",
0,https://www.amazon.com/dp/1032348372,1032348372,Animal Suffering and Public Relations (Routledge New Directions in PR & Communication Research),Núria Almiron,Kindle,"Dec 18, 2024",
0,https://www.amazon.com/dp/1032324848,1032324848,Pandemics in the Age of Social Media (Routledge Studies in New Media and Cyberculture),Vikas Kumar,Kindle,"Dec 18, 2024",
0,https://www.amazon.com/dp/1032287012,1032287012,Strategies of Ambiguity (Routledge Studies in Twentieth-Century Literature),Matthias Bauer,Kindle,"Dec 18, 2024",
0,https://www.amazon.com/dp/1032275715,1032275715,Film and Place in an Intercultural Perspective,Krzysztof Stachowiak,Kindle,"Dec 18, 2024",
0,https://www.amazon.com/dp/1032224061,1032224061,Preventing Prison Violence (Routledge Frontiers of Criminal Justice),Armon J. Tamatea,Kindle,"Dec 18, 2024",
0,https://www.amazon.com/dp/1032217138,1032217138,Translation and Stylistic Variation (Routledge Studies in Literary Translation),Helen Gibson,Kindle,"Dec 18, 2024",
0,https://www.amazon.com/dp/1032202815,1032202815,Migrant Workers’ Narratives of Return (Routledge Studies in Sociolinguistics),Hans J. Ladegaard,Kindle,"Dec 18, 2024",
0,https://www.amazon.com/dp/1032185252,1032185252,"Law, Migration, and Human Mobility",Magdalena Kmak,Kindle,"Dec 18, 2024",
0,https://www.amazon.com/dp/1032169680,1032169680,Typical and Atypical Language Development in Cultural and Linguistic Diversity (Routledge Research in Language Education),Weifeng Han,Kindle,"Dec 18, 2024",
0,https://www.amazon.com/dp/1032045213,1032045213,Women in Scholarly Publishing (Interdisciplinary Research in Gender),Anna Kristina Hultgren,Kindle,"Dec 18, 2024",
1,https://www.amazon.com/dp/0367772175,0367772175,"Disability, Sexuality, and Gender in Asia",Wanhong Zhang,Kindle,"Dec 18, 2024",
0,https://www.amazon.com/dp/0367711788,0367711788,"Translating Memories of Violent Pasts (Creative, Social and Transnational Perspectives on Translation)",Claudia Jünke,Kindle,"Dec 18, 2024",
0,https://www.amazon.com/dp/0367698544,0367698544,Global Black Feminisms (Routledge International Studies of Women and Place),Andrea N. Baldwin,Kindle,"Dec 18, 2024",
0,https://www.amazon.com/dp/B0DRM69J1N,B0DRM69J1N,Understanding Generative Ai in a Cultural Context: Artificial Myths and Human Realities,Erkan Saka,Hardcover,"Dec 18, 2024",
0,https://www.amazon.com/dp/B0DR9Q2Q42,B0DR9Q2Q42,Impact of Digitalization on Communication Dynamics,Albrico Travassos Rosrio,Hardcover,"Dec 18, 2024",
0,https://www.amazon.com/dp/B0DR9MCSX6,B0DR9MCSX6,Building Tomorrow's Smart Cities With 6g Infrastructure Technology,Sushil Kumar Singh,Hardcover,"Dec 18, 2024",
0,https://www.amazon.com/dp/B0DR7R72JT,B0DR7R72JT,Mom-to-Be Daily Planner: Organize Your Pregnancy Baby Prep and Self-Care with Ease a Perfect Gift for mom-to-be or Future Parents,Mun Publishing,Paperback,"Dec 18, 2024",
1,https://www.amazon.com/dp/B0DR76QKCC,B0DR76QKCC,Field Notes Notebook: Yellow,Matthew C Day,Paperback,"Dec 18, 2024",
0,https://www.amazon.com/dp/B0DR752KDD,B0DR752KDD,"Chinese Writing Practice Book: Mi Zi Ge Notebook for Writing Chinese Characters and Pinyin. Mi Zi Ge Paper for Adults, Kids and Beginners.",Mary McClary,Paperback,"Dec 18, 2024",
0,https://www.amazon.com/dp/B0DR74F2Y5,B0DR74F2Y5,In Poland We Say: Polish-American Notebook Gift Idea,Poland Says,Paperback,"Dec 18, 2024",
0,https://www.amazon.com/dp/B0DR73LP3R,B0DR73LP3R,"Make It A Double Twin Mom 2025 Weekly Planner | Daily, Weekly & Monthly View Pages (Jan 2025 to Dec 2025) | Twin Mama Agenda & Calendar Date Book: ... Task Lists, Reminders, Key Date Lists & More",Justina Jacobson,Paperback,"Dec 18, 2024",
0,https://www.amazon.com/dp/B0DR73536F,B0DR73536F,"Literacy And Justice 2025 Weekly Planner | Daily, Weekly & Monthly Agenda (Jan 2025 to Dec 2025) | Social Science Calendar | Activism Appointment ... Task Lists, Reminders, Key Date Lists & More",Allison Anderson,Paperback,"Dec 18, 2024",
0,https://www.amazon.com/dp/B0DR629QQ4,B0DR629QQ4,100 AUTHENTIC UKRAINIAN PROVERBS AND SAYINGS (Proverbs and sayings different countries and their English equivalents),German Vizulis,Kindle,"Dec 18, 2024",
0,https://www.amazon.com/dp/B0DR5SM5VH,B0DR5SM5VH,"Mom, I Want to Know Your Story: A Guided Journal to Share Your Life, Love, and Memories",George Gvasalia,Paperback,"Dec 18, 2024",
0,https://www.amazon.com/dp/B0DR5MJPKL,B0DR5MJPKL,Cozy Cuties: Christmas Coloring Book for Adults and Kids Featuring Adorable Designs Animals Cozy Buddies of Relaxation and Stress Relief,Velda Oken,Paperback,"Dec 18, 2024",
0,https://www.amazon.com/dp/B0DR3GQWFH,B0DR3GQWFH,DON'T BE RICH: The Bullshit Lives of the Richest,Ephrem  Worku Alemayehu,Kindle,"Dec 18, 2024",
0,https://www.amazon.com/dp/B0DR34HLB2,B0DR34HLB2,"Activity Book for Potheads: Good Times, Good Vibes, and Stoner Scribbles for the Couch-Lock Boredom +BONUS 10 Page Strain Review Log",Dank & Doobie Press,Paperback,"Dec 18, 2024",
0,https://www.amazon.com/dp/B0DQY3MHGN,B0DQY3MHGN,FREESTYLE BLAST THE YEARBOOK 2024,Latif Mercado,Kindle,"Dec 18, 2024",
0,https://www.amazon.com/dp/B0DQY32B8W,B0DQY32B8W,"Refugee Resilience: Elevating Lives, Communities, and America",Di Tran,Kindle,"Dec 18, 2024",
0,https://www.amazon.com/dp/B0DQWPYLKV,B0DQWPYLKV,THE NIGERIAN JANUARY 1966 COUP AND BIAFRA: MYTHS AND REALITIES,Prof Timothy  Uzodinma Nwala,Kindle,"Dec 18, 2024",
0,https://www.amazon.com/dp/B0DQVGGX12,B0DQVGGX12,Unbound: Breaking Free From Societal Norms,Laura Gagliardi,Kindle,"Dec 18, 2024",
0,https://www.amazon.com/dp/9366081215,9366081215,Is Your Ambition Meaningful?: To help you discover your meaningful ambitions that bring joy to your life and make a positive impact in the world around you,Mohamed Nismy Rafiudeen,Paperback,"Dec 18, 2024",
0,https://www.amazon.com/dp/9264689435,9264689435,Building More Resilient Cross-border Regions,Oecd,Paperback,"Dec 18, 2024",
0,https://www.amazon.com/dp/9042952563,9042952563,Communicating about Climate Change,K Davidse,Paperback,"Dec 18, 2024",
0,https://www.amazon.com/dp/6208394244,6208394244,Morpho-functional profile of Malian soccer goalkeepers,Mamoutou Kane,Paperback,"Dec 18, 2024",
0,https://www.amazon.com/dp/6208393825,6208393825,Sickle cell disease: Social construction and appropriation,Youssouf Coulibaly,Paperback,"Dec 18, 2024",
0,https://www.amazon.com/dp/3658467738,3658467738,Of Climate and Gender: An Ecofeminist Hegemony Analysis of the Indian and EU Climate Policy Discourses and Identities,Anja Zürn,Kindle,"Dec 18, 2024",
0,https://www.amazon.com/dp/3384462610,3384462610,"Truth, Lies & Reason: About the Power of Manipulation",Hermann Selchow,Kindle,"Dec 18, 2024",
0,https://www.amazon.com/dp/3034351941,3034351941,"Politiques linguistiques familiales / Family language policies (Transversales: Langues, sociétés, cultures et apprentissages, 53) (French Edition)",Shahzaman Haque,Kindle,"Dec 18, 2024",
1,https://www.amazon.com/dp/1916985939,1916985939,Stories of Solidarity and Struggle: A Life in the Worldwide Movement for Human Rights (Activism and Social Movement Studies),David Hinkley,Kindle,"Dec 18, 2024",
0,https://www.amazon.com/dp/1447373286,1447373286,Social Determinants of Health in Europe: Direct and Indirect Consequences of War,Adrian Bonner,Kindle,"Jan 7, 2025",
0,https://www.amazon.com/dp/1032628553,1032628553,Methods and Approaches in Comparative Political Analysis,Pushpa Singh,Kindle,"Dec 18, 2024",
0,https://www.amazon.com/dp/1032576529,1032576529,Centrifugal Disasters,Jacquleen Joseph,Kindle,"Dec 18, 2024",
0,https://www.amazon.com/dp/1032566833,1032566833,(De)constructing Societal Threats During Times of Deep Mediatization,Paul Reilly,Kindle,"Dec 18, 2024",
0,https://www.amazon.com/dp/1032562986,1032562986,"Women, Work and Mobilities",Nihan Akyelken,Kindle,"Dec 18, 2024",
0,https://www.amazon.com/dp/1032562595,1032562595,Agricultural Sector in India,Chandrakanth Mruthyunjaya,Kindle,"Dec 18, 2024",
0,https://www.amazon.com/dp/103256248X,103256248X,Globalization and Sense-Making Practices,Simi Malhotra,Kindle,"Dec 18, 2024",
1,https://www.amazon.com/dp/1032562145,1032562145,Indian Politics and Political Processes,Mithilesh Kumar Jha,Kindle,"Dec 18, 2024",
0,https://www.amazon.com/dp/1032561645,1032561645,Family Farms and the Conservation of Agrobiodiversity in Cuba (Issues in Agricultural Biodiversity),Urbano Fra Paleo,Kindle,"Dec 18, 2024",
0,https://www.amazon.com/dp/1032560819,1032560819,Governmentality,Andrew Lathuipou Kamei,Kindle,"Dec 18, 2024",
0,https://www.amazon.com/dp/1032560789,1032560789,Creativity in Indian Dance,Sulakshana Sen,Kindle,"Dec 18, 2024",
0,https://www.amazon.com/dp/1032560703,1032560703,The Vernacular,Hans Harder,Kindle,"Dec 18, 2024",
0,https://www.amazon.com/dp/1032560606,1032560606,Mother Tongue Prestige,Jessica Sujata Chandras,Kindle,"Dec 18, 2024",
0,https://www.amazon.com/dp/1032559519,1032559519,Contemporary Pakistani Speculative Fiction and the Global Imaginary (Routledge Studies in Speculative Fiction),Shazia Sadaf,Kindle,"Dec 18, 2024",
0,https://www.amazon.com/dp/1032558334,1032558334,East India Company and Trade in South India,Moola Atchi Reddy,Kindle,"Dec 18, 2024",
0,https://www.amazon.com/dp/1032557672,1032557672,Religious Freedom,Olga Breskaya,Kindle,"Dec 18, 2024",
0,https://www.amazon.com/dp/1032556730,1032556730,The Criminology of Carlo Morselli - Part II,David Décary-Hétu,Kindle,"Dec 18, 2024",
0,https://www.amazon.com/dp/1032556471,1032556471,The Criminology of Carlo Morselli - Part I,Rémi Boivin,Kindle,"Dec 18, 2024",
0,https://www.amazon.com/dp/B0FB15B4CJ,B0FB15B4CJ,"LMSW Study Guide 2025–2026: Pass the ASWB Masters Social Work Exam with Detailed Content Review of Human Development, Ethics, Assessment, and ... and Two Full-Length Practice Tests",Test  Treasure Publication,Paperback,"May 26, 2025",
0,https://www.amazon.com/dp/1032556080,1032556080,Economics of Engineering Education in India,Jandhyala B. G. Tilak,Kindle,"Dec 18, 2024",
0,https://www.amazon.com/dp/1032555661,1032555661,"Modernity, Print and Sahitya",Sumanyu Satpathy,Kindle,"Dec 18, 2024",
0,https://www.amazon.com/dp/1032553847,1032553847,SOGI Minority and School Life in Asian Contexts,Makiko Kasai,Kindle,"Dec 18, 2024",
0,https://www.amazon.com/dp/1032552379,1032552379,The Link between Specific Forms of Online and Offline Victimization,Shelly L. Clevenger,Kindle,"Dec 18, 2024",
0,https://www.amazon.com/dp/1032548762,1032548762,New Media Users in China I (China Perspectives),Peng Lan,Kindle,"Dec 18, 2024",
0,https://www.amazon.com/dp/1032547715,1032547715,Colonialism and Wildlife,Velayutham Saravanan,Kindle,"Dec 18, 2024",
0,https://www.amazon.com/dp/1032545917,1032545917,"Patriotism, Partition and the Persecuted",Debal K. SinghaRoy,Kindle,"Dec 18, 2024",
0,https://www.amazon.com/dp/1032544287,1032544287,China's Cultural Trade Strategy,Luo Libin,Kindle,"Dec 18, 2024",
0,https://www.amazon.com/dp/1032543876,1032543876,Digital Reading of Net Generation in China,Han Zhang,Kindle,"Dec 18, 2024",
0,https://www.amazon.com/dp/1032543469,1032543469,Capital and Ecology,Rakhee Bhattacharya,Kindle,"Dec 18, 2024",
0,https://www.amazon.com/dp/1032542985,1032542985,Post-Pandemic Welfare and Social Work,Goetz Ottmann,Kindle,"Dec 18, 2024",
0,https://www.amazon.com/dp/1032541431,1032541431,Making Policy for the New Information Economy (Routledge Advances in Internationalizing Media Studies),Krishna Prasad Jayakar,Kindle,"Dec 18, 2024",
0,https://www.amazon.com/dp/1032541288,1032541288,Child Health and Well-being in India,Jalandhar Pradhan,Kindle,"Dec 18, 2024",
0,https://www.amazon.com/dp/1032534613,1032534613,China in European Narratives (Communicating China),Li Zhang,Kindle,"Dec 18, 2024",
0,https://www.amazon.com/dp/1032533080,1032533080,"Structures, Syntactic Computations and Acquisition (Routledge Leading Linguists)",Adriana Belletti,Kindle,"Dec 18, 2024",
0,https://www.amazon.com/dp/1032532610,1032532610,Discourse Particles in Asian Languages Volume II (Routledge Studies in Linguistics),Hiroki Nomoto,Kindle,"Dec 18, 2024",
0,https://www.amazon.com/dp/1032529814,1032529814,Nazi Antisemitism and Jewish Legal Self-Defense (Routledge Studies in Comparative Legal History),David Fraser,Kindle,"Dec 18, 2024",
0,https://www.amazon.com/dp/1032525584,1032525584,J.R.R. Tolkien in Central Europe (Routledge Studies in Speculative Fiction),Janka Kascakova,Kindle,"Dec 18, 2024",
0,https://www.amazon.com/dp/1032524340,1032524340,Police Discretion in India,Satyajit Mohanty,Kindle,"Dec 18, 2024",
0,https://www.amazon.com/dp/1032519126,1032519126,"Peasants, Capitalism, and Imperialism in an Age of Politico-Ecological Crisis (Earthscan Food and Agriculture)",Mark Tilzey,Kindle,"Dec 18, 2024",
0,https://www.amazon.com/dp/103251504X,103251504X,Black Femalehood and the Principles of Existence in Practice,Kersuze Simeon-Jones,Kindle,"Dec 18, 2024",
0,https://www.amazon.com/dp/103250577X,103250577X,Communications in Contemporary China (Routledge Studies on China in Transition),Nicole Talmacs,Kindle,"Dec 18, 2024",
0,https://www.amazon.com/dp/1032500662,1032500662,Asia’s Heritage Trend: Examining Asia’s Present through Its Past (Routledge Contemporary Asia Series),Jongil Kim,Kindle,"Dec 18, 2024",
0,https://www.amazon.com/dp/1032500379,1032500379,Nigeria's Soft Power in Anglophone West Africa (African Governance),Fidel Abowei,Kindle,"Dec 18, 2024",
0,https://www.amazon.com/dp/1032498048,1032498048,Social Forces in the Re-Making of Cross-Strait Relations (Routledge Research on Taiwan Series),André Beckershoff,Kindle,"Dec 18, 2024",
0,https://www.amazon.com/dp/1032495839,1032495839,"Peasants, Capitalism, and the Work of Eric R. Wolf (Earthscan Food and Agriculture)",Mark Tilzey,Kindle,"Dec 18, 2024",
0,https://www.amazon.com/dp/1032493054,1032493054,Energy Policy Design in the Eastern Mediterranean Basin: A Roadmap to Energy Efficiency (Routledge Explorations in Energy Studies),Bertug Ozarisoy,Kindle,"Dec 18, 2024",
0,https://www.amazon.com/dp/1032489774,1032489774,"Political Communication, Culture, and Society (Electronic Media Research Series)",Patricia Moy,Kindle,"Dec 18, 2024",
0,https://www.amazon.com/dp/1032484500,1032484500,Narratives on Prison Governmentality (Routledge Frontiers of Criminal Justice),Marco Nocente,Kindle,"Dec 18, 2024",
0,https://www.amazon.com/dp/1032482842,1032482842,"Communication Rights in Africa (Routledge African Media, Culture and Communication Studies)",Tendai Chari,Kindle,"Dec 18, 2024",
0,https://www.amazon.com/dp/1032478861,1032478861,Mediterranean Timescapes: Chronological Age and Cultural Practice in the Roman Empire,Ray Laurence,Kindle,"Dec 18, 2024",
1,https://www.amazon.com/dp/1032472499,1032472499,Scandal in Japan (Japan Anthropology Workshop Series),Igor Prusa,Kindle,"Dec 18, 2024",
0,https://www.amazon.com/dp/1032463635,1032463635,Luke and the Jewish Other (Routledge Interdisciplinary Perspectives on Biblical Criticism),David Andrew Smith,Kindle,"Dec 18, 2024",
0,https://www.amazon.com/dp/1032462558,1032462558,Approaches to Discourses of Marriage,Laura L. Paterson,Kindle,"Dec 18, 2024",
0,https://www.amazon.com/dp/103246187X,103246187X,Australia’s Pursuit of an Independent Foreign Policy under the Whitlam Labor Government (Routledge Advances in International Relations and Global Politics),Changwei Chen,Kindle,"Dec 18, 2024",
0,https://www.amazon.com/dp/1032457279,1032457279,Rereading Modernist Postcards (Routledge Studies in Twentieth-Century Literature),Bradley D. Clissold,Kindle,"Dec 18, 2024",
0,https://www.amazon.com/dp/1032448393,1032448393,Discourse Particles in Asian Languages Volume I (Routledge Studies in Linguistics),Elin McCready,Kindle,"Dec 18, 2024",
0,https://www.amazon.com/dp/1032447613,1032447613,The Political Economy of Immigration in The Netherlands (Routledge Studies in Labour Economics),Joop Hartog,Kindle,"Dec 18, 2024",
0,https://www.amazon.com/dp/1032443243,1032443243,"Korea and the Evolution of the American-Australian Relationship, 1947–53 (The Cold War in Asia)",Daniel Fazio,Kindle,"Dec 18, 2024",
0,https://www.amazon.com/dp/1032430958,1032430958,Settlements and Displacement in Turkey (Routledge Studies in Middle Eastern Society),Özlem Erdogdu Erkarslan,Kindle,"Dec 18, 2024",
0,https://www.amazon.com/dp/1032430303,1032430303,Middle Eastern Diasporas and Political Communication (Routledge Studies on Middle Eastern Diasporas),Ehab Galal,Kindle,"Dec 18, 2024",
0,https://www.amazon.com/dp/1032428848,1032428848,African Epistemologies in Higher Education Research (Routledge Research on Decoloniality and New Postcolonialisms),Kolawole Samuel Adeyemo,Kindle,"Dec 18, 2024",
0,https://www.amazon.com/dp/1032427973,1032427973,"Political Entertainment in a Post-Authoritarian Democracy (Routledge Studies in Media, Communication, and Politics)",Martin Echeverría,Kindle,"Dec 18, 2024",
0,https://www.amazon.com/dp/1032426225,1032426225,"Masculinities in the US Hangout Sitcom (Masculinity, Sex and Popular Culture)",Greg Wolfman,Kindle,"Dec 18, 2024",
0,https://www.amazon.com/dp/1032419881,1032419881,Literary Journalism Goes Inside Prison (Routledge Research in Journalism),David Swick,Paperback,"Dec 18, 2024",
0,https://www.amazon.com/dp/1032413468,1032413468,Theoretical Approaches to Turkish Foreign Policy,Paul Kubicek,Kindle,"Dec 18, 2024",
0,https://www.amazon.com/dp/1032411309,1032411309,Women’s Empowerment and Microcredit Programmes in India: The Possibilities and Limitations of Self-Help Groups (Routledge/Asian Studies Association of Australia (ASAA) South Asian Series),Annabel Dulhunty,Kindle,"Dec 18, 2024",
0,https://www.amazon.com/dp/1032410477,1032410477,Miscommunicating the COVID-19 Pandemic (Routledge Advances in Internationalizing Media Studies),Ran Wei,Kindle,"Dec 18, 2024",
0,https://www.amazon.com/dp/1032408154,1032408154,The Right and the Nation (Routledge Studies in Fascism and the Far Right),Toni Morant i Ariño,Kindle,"Dec 18, 2024",
0,https://www.amazon.com/dp/103238624X,103238624X,Shaping Nations and Markets (Routledge Studies in Nationalism and Ethnicity),Vinícius Guilherme Rodrigues Vieira,Kindle,"Dec 18, 2024",
0,https://www.amazon.com/dp/1032374799,1032374799,Trade Protectionism in an Uncertain and Interconnected Global Economy (Routledge Studies in Contemporary Political Economy),Nicolás Albertoni,Kindle,"Dec 18, 2024",
0,https://www.amazon.com/dp/1032369345,1032369345,Gender and Divorce in Europe: 1600 – 1900 (Gender and Well-Being),Andrea Griesebner,Kindle,"Dec 18, 2024",
0,https://www.amazon.com/dp/1032367032,1032367032,The Impact of the Covid-19 Pandemic on People and their Lives,R C Sobti,Kindle,"Dec 18, 2024",
0,https://www.amazon.com/dp/1032365188,1032365188,Religion-Regime Relations in Zimbabwe (Routledge Studies on Religion in Africa and the Diaspora),Ezra Chitando,Kindle,"Dec 18, 2024",
0,https://www.amazon.com/dp/1032359471,1032359471,Environment and Health in Jammu & Kashmir and Ladakh,Rais Akhtar,Kindle,"Dec 18, 2024",
0,https://www.amazon.com/dp/1032357843,1032357843,Word-of-Mouth in Contemporary Hollywood (Routledge Studies in Media and Cultural Industries),Simon Hewitt,Kindle,"Dec 18, 2024",
0,https://www.amazon.com/dp/1032356480,1032356480,Modern Maternities,Ranjana Saha,Kindle,"Dec 18, 2024",
0,https://www.amazon.com/dp/1032356146,1032356146,Eating on the Move from the Eighteenth Century to the Present (Routledge Studies in Cultural History),Rita d’Errico,Kindle,"Dec 18, 2024",
0,https://www.amazon.com/dp/103235318X,103235318X,Female Fighters in Armed Conflict (Routledge Studies in Gender and Security),Béatrice Hendrich,Kindle,"Dec 18, 2024",
0,https://www.amazon.com/dp/1032326530,1032326530,Adaptability in Adolescents,Harry Nejad,Kindle,"Dec 18, 2024",
0,https://www.amazon.com/dp/1032318945,1032318945,Living Legacies of Social Injustice,Chris Beasley,Kindle,"Dec 18, 2024",
0,https://www.amazon.com/dp/1032312793,1032312793,"Violence, Gender and the State",Saumya Uma,Kindle,"Dec 18, 2024",
0,https://www.amazon.com/dp/1032268654,1032268654,Spectres of Reparation in South Africa (Routledge Contemporary South Africa),Jaco Barnard-Naude,Kindle,"Dec 18, 2024",
0,https://www.amazon.com/dp/103226862X,103226862X,Crisis and the Culture of Fear and Anxiety in Contemporary Europe,Carmen Zamorano Llena,Kindle,"Dec 18, 2024",
0,https://www.amazon.com/dp/1032267399,1032267399,"Performing Contemporary Childhoods (Studies in Childhood, 1700 to the Present)",Bryoni Trezise,Kindle,"Dec 18, 2024",
0,https://www.amazon.com/dp/1032258101,1032258101,Perspectives on Knowledge Communication (Routledge Research in Language and Communication),Jan Engberg,Kindle,"Dec 18, 2024",
0,https://www.amazon.com/dp/1032255927,1032255927,Multimodality and Social Interaction in Online and Offline Shopping (Routledge Studies in Multimodality),Gitte Rasmussen,Kindle,"Dec 18, 2024",
0,https://www.amazon.com/dp/1032247649,1032247649,Women in Asia under the Japanese Empire (Routledge Studies in the Modern History of Asia),Tatsuya Kageki,Kindle,"Dec 18, 2024",
0,https://www.amazon.com/dp/1032235276,1032235276,Biopolitics and Healing in a Mass Milieu,K. V. Cybil,Kindle,"Dec 18, 2024",
0,https://www.amazon.com/dp/1032228458,1032228458,Living with Desistance (International Series on Desistance and Rehabilitation),David Honeywell,Kindle,"Dec 18, 2024",
0,https://www.amazon.com/dp/1032225483,1032225483,Performing Religion on the Secular Stage (Routledge Advances in Theatre & Performance Studies),Sharon Aronson-Lehavi,Kindle,"Dec 18, 2024",
0,https://www.amazon.com/dp/1032217170,1032217170,Tunisia and Egypt after the Arab Spring (Routledge Studies in Middle Eastern Democratization and Government),Valeria Resta,Kindle,"Dec 18, 2024",
0,https://www.amazon.com/dp/1032213299,1032213299,Interactional Dynamics in Remote Interpreting (Routledge Advances in Translation and Interpreting Studies),Esther de Boe,Kindle,"Dec 18, 2024",
1,https://www.amazon.com/dp/1032213272,1032213272,Literary Multilingualism in the Borderlands (Routledge Critical Studies in Multilingualism),Marianna Deganutti,Kindle,"Dec 18, 2024",
0,https://www.amazon.com/dp/1032195924,1032195924,"Liberalism and its Encounters in India (Ethics, Human Rights and Global Political Thought)",R. Krishnaswamy,Kindle,"Dec 18, 2024",
0,https://www.amazon.com/dp/1032188006,1032188006,"European Regional Policy and Development (Routledge Advances in Regional Economics, Science and Policy)",María del Carmen Sánchez-Carreira,Kindle,"Dec 18, 2024",
0,https://www.amazon.com/dp/103216977X,103216977X,Holocaust vs. Popular Culture,Mahitosh Mandal,Kindle,"Dec 18, 2024",
0,https://www.amazon.com/dp/1032121335,1032121335,Beat Myths in Literature (Routledge Studies in Twentieth-Century Literature),Estíbaliz Encarnación-Pinedo,Kindle,"Dec 18, 2024",
0,https://www.amazon.com/dp/1032055189,1032055189,Linked Data for Digital Humanities (Digital Research in the Arts and Humanities),Terhi Nurmikko-Fuller,Kindle,"Dec 18, 2024",
0,https://www.amazon.com/dp/1032041102,1032041102,"Regional Development and Forgotten Spaces (Routledge Advances in Regional Economics, Science and Policy)",María del Carmen Sánchez-Carreira,Kindle,"Dec 18, 2024",
0,https://www.amazon.com/dp/1032027223,1032027223,Drinks in Vogue (Fashion Sociologies),David Inglis,Kindle,"Dec 18, 2024",
0,https://www.amazon.com/dp/1032025964,1032025964,Discourse Markers in Doctoral Supervision Sessions (Routledge Applied Corpus Linguistics),Samira Bakeer,Kindle,"Dec 18, 2024",
0,https://www.amazon.com/dp/103202416X,103202416X,Festivals as Reparative Gender Politics (Gender and Comparative Politics),Zorica Sirocic,Kindle,"Dec 18, 2024",
1,https://www.amazon.com/dp/0645357057,0645357057,That Dumb Prick,Scarlett Marie,Kindle,"Dec 18, 2024",
0,https://www.amazon.com/dp/0367747278,0367747278,European Perspectives on Pre-Trial Detention (Routledge Frontiers of Criminal Justice),Christine Morgenstern,Kindle,"Dec 18, 2024",
0,https://www.amazon.com/dp/036772538X,036772538X,Relational and Multimodal Higher Education (Routledge Studies in Multimodality),Nataša Lackovic,Kindle,"Dec 18, 2024",
0,https://www.amazon.com/dp/0367648245,0367648245,Competing Imperialisms in Northeast Asia (Routledge Studies in the Modern History of Asia),Aglaia De Angeli,Kindle,"Dec 18, 2024",
0,https://www.amazon.com/dp/0367647508,0367647508,‘Labour Class’ Children’s Schooling in Urban India,Reva Yunus,Kindle,"Dec 18, 2024",
0,https://www.amazon.com/dp/036762687X,036762687X,"Performing Human Rights (Routledge Series in Equity, Diversity, and Inclusion in Theatre and Performance)",Anika Marschall,Kindle,"Dec 18, 2024",
0,https://www.amazon.com/dp/0367559641,0367559641,"Language, Health and Culture (Routledge Studies in Language, Health and Culture)",Olga Zayts-Spence,Kindle,"Dec 18, 2024",
1,https://www.amazon.com/dp/0367534274,0367534274,Gender Inequality in the Ordained Ministry of the Church of England (Routledge Studies in Religion),Alex D.J. Fry,Kindle,"Dec 18, 2024",
1,https://www.amazon.com/dp/B0DQV95R54,B0DQV95R54,Neighborhood Character: 365 Daily Affirmations for Defenders of the Status Quo,Andy Boenau,Paperback,"Dec 17, 2024",
2,https://www.amazon.com/dp/1985901285,1985901285,"Astride: Horses, Women, and a Partnership That Shaped America (Horses in History)",Eliza McGraw,Kindle,"Dec 17, 2024",
1,https://www.amazon.com/dp/1479819220,1479819220,"Deviant Matter: Ferment, Intoxicants, Jelly, Rot (Sexual Cultures)",Kyla Wazana Tompkins,Kindle,"Dec 17, 2024",
5,https://www.amazon.com/dp/0262550784,0262550784,Collaborative Intelligence: How Humans and AI Are Transforming Our World,Mira Lane,Kindle,"Dec 17, 2024",
1,https://www.amazon.com/dp/B0DQTTH8ZR,B0DQTTH8ZR,Defining Fandom (Frames of Fandom),Robert V. Kozinets,Kindle,"Dec 17, 2024",
0,https://www.amazon.com/dp/1478031042,1478031042,"The Second Battle for Africa: Garveyism, the US Heartland, and Global Black Freedom",Erik S. McDuffie,Kindle,"Dec 17, 2024",
0,https://www.amazon.com/dp/B0DQY4C4Z1,B0DQY4C4Z1,"Rematriate the World (Part 1): Decolonizing Education and Fostering Inclusive, Culturally Responsive Classrooms: Reimagining Education Through ... A Path to Healing, Balance, and Justice)",Katie M Cook,Kindle,"Dec 17, 2024",
0,https://www.amazon.com/dp/1517917956,1517917956,Second-Order Preservation: Social Justice and Climate Action through Heritage Policy,Avrami,Kindle,"Dec 17, 2024",
0,https://www.amazon.com/dp/0809155990,0809155990,Divine Interruptions: Maternal Theologies and Experience,Cristina Lledo Gomez,Paperback,"Dec 17, 2024",
1,https://www.amazon.com/dp/0817361766,0817361766,"The Archaeology of Tibes: Life, Death, and Memory at an Early Ceremonial Center in the Caribbean (Caribbean Archaeology and Ethnohistory)",L. Antonio Curet,Kindle,"Dec 17, 2024",
0,https://www.amazon.com/dp/1032454067,1032454067,Made Up: A History of Identity and Gender Expression Through Makeup and Style,Charli Butterfield,Kindle,"Dec 17, 2024",
0,https://www.amazon.com/dp/1032490748,1032490748,Understanding Police Operational Performance (Routledge Series on Practical and Evidence-Based Policing),James E. McCabe,Kindle,"Dec 17, 2024",
1,https://www.amazon.com/dp/0367616572,0367616572,An Introduction to Forensic Phonetics and Forensic Linguistics (Learning about Language),Adrian Leemann,Kindle,"Dec 17, 2024",
3,https://www.amazon.com/dp/1915766060,1915766060,Espresso your Mind: An A-Z of Insights into Psychology,Thomas Gartenmann,Paperback,"Dec 17, 2024",
1,https://www.amazon.com/dp/1479827320,1479827320,Sociology Meets Memoir,Margaret K. K. Nelson,Kindle,"Dec 17, 2024",
1,https://www.amazon.com/dp/0821425803,0821425803,Moroccan Modernism (New African Histories),Holiday Powers,Kindle,"Dec 17, 2024",
0,https://www.amazon.com/dp/1032674172,1032674172,Greek Folktales and Psychoanalysis,Anna Angelopoulos,Kindle,"Dec 17, 2024",
0,https://www.amazon.com/dp/1538195429,1538195429,Artful Moments: Building Meaningful Museum Experiences for People Living with Dementia,Laurie Kilgour-Walsh,Kindle,"Dec 17, 2024",
0,https://www.amazon.com/dp/1517916925,1517916925,Digital Futures of Graduate Study in the Humanities (Debates in the Digital Humanities),Gabriel Hankins,Kindle,"Dec 17, 2024",
0,https://www.amazon.com/dp/1032780622,1032780622,Overcoming Objectification (Routledge Research in Gender and Society),Ann J. Cahill,Kindle,"Dec 17, 2024",
5,https://www.amazon.com/dp/B0DQVGCWTS,B0DQVGCWTS,Multicultural Counseling With Boys and Men: A Healing Guide,Roberto Schiraldi,Kindle,"Dec 17, 2024",
1,https://www.amazon.com/dp/B0DR62FMHZ,B0DR62FMHZ,"Reading Journal and Logbook: Emerald Green, Golden Frame, Dark Academia and Vintage, Lined Book Tracking Notebook for Reviews, Record Keeping, Quotes, ... Bookworms for teens, girls, women, men, kids",Sun and Fun Press,Paperback,"Dec 17, 2024",
3,https://www.amazon.com/dp/B0DQPVXDDS,B0DQPVXDDS,The Story of the East Riding of Yorkshire (Classic Books),Horace B. Browne,Kindle,"Dec 17, 2024",
3,https://www.amazon.com/dp/1447333861,1447333861,Consulting Skills for Social Researchers (Social Research Association Shorts),Simon Haslam,Paperback,"Aug 21, 2017",
2,https://www.amazon.com/dp/1845453603,1845453603,Migration Without Borders: Essays on the Free Movement of People (Social Science Studies),Antoine Pécoud,Paperback,"Nov 1, 2007",
0,https://www.amazon.com/dp/B0DT4Z75TB,B0DT4Z75TB,Spinning Into Control: A Guide to Bringing Balance Back Into a Mother's Life,Sharon Phillips,Paperback,"Dec 17, 2024",
0,https://www.amazon.com/dp/0367483793,0367483793,Mobilizing Food Vending,Ginette Wessel,Kindle,"Dec 17, 2024",
0,https://www.amazon.com/dp/0299340341,0299340341,Congo's Dancers: Women and Work in Kinshasa,Lesley Nicole Braun,Hardcover,"Dec 17, 2024",
0,https://www.amazon.com/dp/1032825626,1032825626,Transformative L2 Teacher Education Innovations (ESL & Applied Linguistics Professional Series),Karen E. Johnson,Kindle,"Dec 17, 2024",
0,https://www.amazon.com/dp/B0DQW963J7,B0DQW963J7,PSYOPS: TRAINING MANUAL,Ms Ayla Embra Soroe,Hardcover,"Dec 17, 2024",
3,https://www.amazon.com/dp/B0DQXQZ6KX,B0DQXQZ6KX,ESCAPE FROM THE REGIME,Selinda Moore,Paperback,"Dec 17, 2024",
0,https://www.amazon.com/dp/B0DR3DW1NZ,B0DR3DW1NZ,Anarchy and Anarchists (Classic Books),Michael J. Schaack,Kindle,"Dec 17, 2024",
0,https://www.amazon.com/dp/B0DQV3FLN7,B0DQV3FLN7,Deficiency and Delinquency: An Interpretation of Mental Testing (Classic Books),James Burt Miner,Kindle,"Dec 17, 2024",
0,https://www.amazon.com/dp/B0DQV31ZS2,B0DQV31ZS2,The Poetry of South Africa (Classic Books),Alexander Wilmot,Kindle,"Dec 17, 2024",
0,https://www.amazon.com/dp/B0DQTYH52Y,B0DQTYH52Y,Petroleum (Classic Books),Albert Lidgett,Kindle,"Dec 17, 2024",
2,https://www.amazon.com/dp/B0DQTXXWM2,B0DQTXXWM2,Names: and Their Meaning; A Book for the Curious (Classic Books),Leopold Wagner,Kindle,"Dec 17, 2024",
1,https://www.amazon.com/dp/B0DQTB7KX7,B0DQTB7KX7,True Manliness (Classic Books),Thomas Hughes,Kindle,"Dec 17, 2024",
0,https://www.amazon.com/dp/B0DQSN961B,B0DQSN961B,"Society in America, Volume 1 (of 2) (Classic Books)",Harriet Martineau,Kindle,"Dec 17, 2024",
3,https://www.amazon.com/dp/B0DQPX8M3M,B0DQPX8M3M,Ancient Scottish Lake-Dwellings or Crannogs (Classic Books),Robert Munro,Kindle,"Dec 17, 2024",
0,https://www.amazon.com/dp/B0DQPWVV2J,B0DQPWVV2J,"A Beacon for the Blind: Being a Life of Henry Fawcett, the Blind Postmaster-General (Classic Books)",Winifred Holt,Kindle,"Dec 17, 2024",
0,https://www.amazon.com/dp/B0DQPRDZWT,B0DQPRDZWT,"Studies in the South and West, with Comments on Canada (Classic Books)",Charles Dudley Warner,Kindle,"Dec 17, 2024",
0,https://www.amazon.com/dp/1032619406,1032619406,A Step-by-Step Guide to Applying the Rasch Model Using R (Quantitative Methodology Series),Iasonas Lamprianou,Kindle,"Dec 17, 2024",
0,https://www.amazon.com/dp/1032408960,1032408960,Governing Urban Development in China,Fulong Wu,Kindle,"Dec 17, 2024",
0,https://www.amazon.com/dp/B0DRPPWLVP,B0DRPPWLVP,"Gratitude, Prayer, and Christian Blessings Journal: 5 Daily Minutes to Transform Your Spiritual Life, with Daily Biblical Affirmations and Prayer ... to Strengthen Your Faith. For Men and Women.",Elohim Gassó,Hardcover,"Dec 17, 2024",
0,https://www.amazon.com/dp/B0DRPJHFCD,B0DRPJHFCD,The Judges to 1 Samuel 17 Kids HomeWork Book,Candace Cooke,Paperback,"Dec 17, 2024",
0,https://www.amazon.com/dp/2889155560,2889155560,Risk Management & Introduction to Insurance,Joël Wagner,Paperback,"Dec 26, 2024",
0,https://www.amazon.com/dp/B0DRGLHH2S,B0DRGLHH2S,Daily Occurrence Book: Track & Record All Security-Related Activities,Joe katherine,Hardcover,"Dec 19, 2024",
4,https://www.amazon.com/dp/1964046327,1964046327,It All Depends: A Producer's Playbook to the Myths in the Life Insurance Industry,Richard Demko,Kindle,"Dec 18, 2024",
1,https://www.amazon.com/dp/1965656412,1965656412,"The Role of an Insurance Adjuster: Mastering Claims, Negotiation, and Customer Service in the Insurance Industry",Eddie K Low,Kindle,"Dec 18, 2024",
0,https://www.amazon.com/dp/B0DQTZ4JQ7,B0DQTZ4JQ7,Thoughts on Slavery and Cheap Sugar (Classic Books),J. Ewing Ritchie,Kindle,"Dec 17, 2024",
0,https://www.amazon.com/dp/B0F99GB73X,B0F99GB73X,The Medicare Manor,Mary Jo Armstrong,Paperback,"Dec 16, 2024",
0,https://www.amazon.com/dp/B0F88FQM7S,B0F88FQM7S,The Medicare Manor,Ted Pappas,Paperback,"Dec 16, 2024",
0,https://www.amazon.com/dp/B0F88CLGRZ,B0F88CLGRZ,The Medicare Manor,Joseph Lucchino,Paperback,"Dec 16, 2024",
1,https://www.amazon.com/dp/B0DQYKQ3QS,B0DQYKQ3QS,The Medicare Manor: Quick Tips to Avoid the Medicare Motel,Matthew Gaus,Paperback,"Dec 16, 2024",
0,https://www.amazon.com/dp/B0DQJWH7G9,B0DQJWH7G9,Public Claims Adjuster Practice Test Vol. 1: Practice Test Vol. 1 with 100 Test Questions & Answers,Green Ghost,Paperback,"Dec 14, 2024",
0,https://www.amazon.com/dp/B0DQJXVL59,B0DQJXVL59,Public Claims Adjuster Practice Test Vol. 2: Public Claims Adjuster Practice Test Vol. 2 Questions & Answers,Green Ghost,Paperback,"Dec 14, 2024",
0,https://www.amazon.com/dp/B0DQJXHCJT,B0DQJXHCJT,Public Claims Adjuster Practice Test Vol. 3: Public Claims Adjuster Practice Test Vol. 3 Questions & Answers,Green Ghost,Paperback,"Dec 14, 2024",
1,https://www.amazon.com/dp/B0DQGW42MW,B0DQGW42MW,"Financial Education 101... For Students: Master Money, Build Confidence, and Secure Your Future!",LISA DREW ED.D,Paperback,"Dec 13, 2024",
1,https://www.amazon.com/dp/B0DQD5YSD4,B0DQD5YSD4,Fraud: Tales from an Investigator's Casebook,Don Delaney,Kindle,"Dec 12, 2024",
0,https://www.amazon.com/dp/1665769246,1665769246,2nd Sight: The Culture of Benefits,Lori Power,Kindle,"Dec 12, 2024",
0,https://www.amazon.com/dp/B0DQJF7WX2,B0DQJF7WX2,"Composition Notebook: If I Had a Dollar for Every Claim I’ve Processed | Wide Ruled Notebook | Compact & Portable Composition Notebook, 6 x 9, 120 ... Agents, Office Professionals, and Co-workers",Heather Miller,Paperback,"Dec 10, 2024",
3,https://www.amazon.com/dp/B0CLJY1PNG,B0CLJY1PNG,Insurance and Reinsurance for the 21st Century: From Disruption to Evolution,Vladimir Njegomir,Paperback,"Oct 20, 2023",
0,https://www.amazon.com/dp/B0DQ8R5CWX,B0DQ8R5CWX,"KISS: A Public Insurance Claims Adjuster Study Guide with Concepts, Terms and Questions and Answers",Green Ghost,Paperback,"Dec 9, 2024",
0,https://www.amazon.com/dp/B0DQ2S8DMF,B0DQ2S8DMF,"New York Property and Casualty Insurance License Exam Prep.: ""A simple training book with 400+ detailed questions and answers to help you pass your exam with ease"". (THE LAW CHRONICLES)",CHERYL BERNARD,Paperback,"Dec 9, 2024",
2,https://www.amazon.com/dp/B0DPWGRLNC,B0DPWGRLNC,"Florida Property and Casualty Insurance License Exam Prep.: ""A simple training book with 400+ detailed questions and answers to help you pass your exam with ease"". (THE LAW CHRONICLES)",CHERYL BERNARD,Paperback,"Dec 8, 2024",
0,https://www.amazon.com/dp/B0DPSRPB8C,B0DPSRPB8C,"Property and Casualty Insurance License Exam Prep.: ""A simple training book with 400+ detailed questions and answers to help you pass your exam with ease"". (THE LAW CHRONICLES)",CHERYL BERNARD,Paperback,"Dec 6, 2024",
0,https://www.amazon.com/dp/B0DPVKDMBW,B0DPVKDMBW,"Retirement Planning Guide for Beginners 2025: Balancing Finances, Lifestyle, and Purpose for Your Golden Years",Callum Vance,Kindle,"Dec 5, 2024",
1,https://www.amazon.com/dp/B0DPJQSTTK,B0DPJQSTTK,Psychology of Money Making,Mr Bimalesh yadav,Kindle,"Dec 2, 2024",
2,https://www.amazon.com/dp/B0DRYZ19JT,B0DRYZ19JT,C Corporation Unlocked: A Small Business Entrepreneur's Guide to Growth and Taxes (Small Business Success Series),Brandon Nelson,Kindle,"Dec 31, 2024",
1,https://www.amazon.com/dp/B0DS7ZM49D,B0DS7ZM49D,Return Tracker Log Book: Efficiently Manage Customer Returns | Product Return & Refund Record Logbook,Plim.Rtlb Publishing,Paperback,"Dec 31, 2024",
0,https://www.amazon.com/dp/B0DRYTPF69,B0DRYTPF69,Business Analysis Made Easy: The BABOK Way: A Simplified Approach to Business Analysis,Okey Ibeanu,Kindle,"Dec 31, 2024",
0,https://www.amazon.com/dp/B0DS3NWS5Z,B0DS3NWS5Z,Monetize Your Hustle: A Comprehensive Guide to Turning Passion into Profits,Christopher Howard,Kindle,"Dec 31, 2024",
3,https://www.amazon.com/dp/B0DS519DHH,B0DS519DHH,The Storm Within Me,Elleshia Lang,Kindle,"Dec 31, 2024",
0,https://www.amazon.com/dp/B0F1JM8LXL,B0F1JM8LXL,They Call Me Gizmo,James Webb,Kindle,"Dec 31, 2024",
4,https://www.amazon.com/dp/B0DS2GFFFW,B0DS2GFFFW,Lessons,Nicole S Jackson,Kindle,"Dec 31, 2024",
2,https://www.amazon.com/dp/B0DS9YMQDM,B0DS9YMQDM,Dead Cats Don't Mew: The Story of Don Pedro Gilbert,Rob Joseph Urbanovich,Paperback,"Dec 31, 2024",
3,https://www.amazon.com/dp/B0DS6LB3VQ,B0DS6LB3VQ,DragonBoy Kaden Brown,Dr. Sundra E. Mann,Kindle,"Dec 31, 2024",
5,https://www.amazon.com/dp/B0DSBJ4Q9X,B0DSBJ4Q9X,Let's Learn About Trucks: A fun and informative children's book about trucks and what they do (Let's Learn Series),Leif Ryman,Paperback,"Dec 31, 2024",
5,https://www.amazon.com/dp/B0DS8WC98Z,B0DS8WC98Z,Costa Rican Rainforest Friends: Coloring Book for kids and teens. Featuring Adorable Animals Characters from Costa Rica.: Super cute and adorable ... activity (Costa Rica Coloring Books),Nana Páez,Paperback,"Dec 31, 2024",
4,https://www.amazon.com/dp/B0DSBKCLBS,B0DSBKCLBS,"Dot to Dot for Kids Ages 4-8: 100 Fun and Easy Connect-the-Dots Coloring Pages | Perfect for Ages 3-5, 4-6, 6-8 | Fun Activity Book for Boys & Girls!",Lulu Yuki,Paperback,"Dec 31, 2024",
1,https://www.amazon.com/dp/B0DS63YL94,B0DS63YL94,"Dragon Sketch Book for Boys: Large Sketchbook for Sketching, Drawing, or Painting. 8.5 x 11 Pad with 120 Pages for Kids of All Ages.",JRG Craft,Paperback,"Dec 31, 2024",
1,https://www.amazon.com/dp/B0DWMY8X5C,B0DWMY8X5C,Detective Dibbles and the Search for Sight,Fahima Karim,Paperback,"Dec 31, 2024",
0,https://www.amazon.com/dp/B0GGBT23SV,B0GGBT23SV,Bug and Insect Buddies: The Ultimate Bug Adventure Book,Fatai Opawoye,Paperback,"Dec 31, 2024",
2,https://www.amazon.com/dp/B0DS6F9G5H,B0DS6F9G5H,The Empathetic Eel,Anne Danielson,Paperback,"Dec 31, 2024",
0,https://www.amazon.com/dp/B0DS8Z7JT1,B0DS8Z7JT1,Butterflies and flowers coloring book for kids: Coloring book for kids ages 4-8,Felicity Burt,Paperback,"Dec 31, 2024",
5,https://www.amazon.com/dp/B0DS6BRC7P,B0DS6BRC7P,Breastplates and Swords,Kayla Noelle,Paperback,"Dec 31, 2024",
0,https://www.amazon.com/dp/B0DS2JWHP3,B0DS2JWHP3,"Cozy Capybaras: Bold, Easy and Simple Coloring Book for Adults, Teens and Kids, featuring Relaxing and Adorable Animal Designs.: Cozy, Cute and Fuzzy ... Books - Stress Relief for Adults & Kids)",Nana Páez,Paperback,"Dec 31, 2024",
3,https://www.amazon.com/dp/B0DSJ3JYH6,B0DSJ3JYH6,Red Yoyo Club,John Branyan,Kindle,"Dec 31, 2024",
0,https://www.amazon.com/dp/B0DS6ZW17Y,B0DS6ZW17Y,"High, Low, Huh?: The Simplest Daily Kids Journal in the World",Bright Kid Books,Paperback,"Dec 31, 2024",
0,https://www.amazon.com/dp/B0DSDNVVTL,B0DSDNVVTL,The Purr-suit of Elegance: Purr-fectly Elegant Cats in Regency Charm,Ashley Nicole,Paperback,"Dec 31, 2024",
1,https://www.amazon.com/dp/B0DS8WRY35,B0DS8WRY35,3 Naughty Monkeys & the Christmas Disaster,Mary Gunn,Kindle,"Dec 31, 2024",
0,https://www.amazon.com/dp/B0DSSY44Y6,B0DSSY44Y6,"Black Princesses Farming: Adorable illustrations for your young black princess who enjoys farming, and taking care of farm animals.",Wanjiru Macharia,Paperback,"Dec 31, 2024",
0,https://www.amazon.com/dp/B0DS2NXGKT,B0DS2NXGKT,"Car Coloring Book: Relaxation and Stress Relief For Adults, Kids & Teens | Bold and Easy Coloring Pages",Thami Creative,Paperback,"Dec 31, 2024",
0,https://www.amazon.com/dp/B0DS2Q35TR,B0DS2Q35TR,Max and the Magical Gifts,Kian Sanghvi,Kindle,"Dec 31, 2024",
3,https://www.amazon.com/dp/B0DS3ZL9BP,B0DS3ZL9BP,Nova and the Special Assignment,Fallon Anderson,Paperback,"Dec 31, 2024",
4,https://www.amazon.com/dp/B0DS6DFJFR,B0DS6DFJFR,Willow Bean,Pat Andersen,Kindle,"Dec 31, 2024",
5,https://www.amazon.com/dp/B0DS2VX9Z6,B0DS2VX9Z6,Benny the Baby Bok Choy,Dante Jiron,Paperback,"Dec 31, 2024",
2,https://www.amazon.com/dp/B0DS9P75S6,B0DS9P75S6,Cyber Sammi's Safety Adventures: A Guide to Online Security Navigating the Social Media Maze,Dr.  Brigitte Collier,Kindle,"Dec 31, 2024",
2,https://www.amazon.com/dp/B0DS8WT92S,B0DS8WT92S,Princess Scholar Affirmations Coloring Book: With vocabulary table and affirming statements,Jordan Hart,Paperback,"Dec 31, 2024",
1,https://www.amazon.com/dp/B0DXX8FBSV,B0DXX8FBSV,AMIR AND THE MAGIC RING,Mahdi Makki,Paperback,"Dec 31, 2024",
0,https://www.amazon.com/dp/B0DTKN8537,B0DTKN8537,Polly and Her Christmas Dolly: Coloring book/book hybrid,M & R Kendrick,Paperback,"Dec 31, 2024",
0,https://www.amazon.com/dp/B0DS67NMBM,B0DS67NMBM,U.S. States Activity and Coloring Book: Bring the 50 States of the USA to Life with Color!,B.C. LESTER BOOKS,Paperback,"Dec 31, 2024",
0,https://www.amazon.com/dp/B0DS5GWTBL,B0DS5GWTBL,Adorable Axolotls A Coloring Adventure: A Cute Axolotl Coloring Book,Maxi Males,Paperback,"Dec 31, 2024",
0,https://www.amazon.com/dp/B0DS412GQM,B0DS412GQM,Fairy Coloring Book: Illustration of Black Fairy,Nehemie D.,Paperback,"Dec 31, 2024",
5,https://www.amazon.com/dp/B0DS99W7TQ,B0DS99W7TQ,"Lila, Luna and the bicycle adventure: A book about sharing with friend, love animals.",Angela Perez,Paperback,"Dec 31, 2024",
1,https://www.amazon.com/dp/B0DS456ZPX,B0DS456ZPX,Tahleya and Her Magical Unicorn,Athena Poindexter,Paperback,"Dec 31, 2024",
0,https://www.amazon.com/dp/B0DS5TW694,B0DS5TW694,"Born to golf, forced to work. Notebook Golf Theme Funny quote.: Lined Notebook - 6 x 9 Inches - 120 Pages (60Sheets) – Funny Golf Themed Funny quote.",dani cheng,Hardcover,"Dec 31, 2024",
0,https://www.amazon.com/dp/B0GT62PQ2C,B0GT62PQ2C,"Coloring book for Adult and Kids with custom name GRACE: Book with 12 coloring themes with personalized name GRACE - Ideal for both adults and ... Unicorn, Animals, Fruits, Flowers, Planets",Write My Name,Paperback,"Dec 31, 2024",
0,https://www.amazon.com/dp/B0FH9Z6LYV,B0FH9Z6LYV,The Thesis of Lost Wisdom,Mohammad Fikrey Roslan,Kindle,"Dec 31, 2024",
0,https://www.amazon.com/dp/B0FH9RDPJV,B0FH9RDPJV,The Timekeeper Thesis,Mohammad Fikrey Roslan,Kindle,"Dec 31, 2024",
0,https://www.amazon.com/dp/B0FFTD1S66,B0FFTD1S66,Semira's Adventures: Unlocking The Wonders of Supply Chain,Adenike Onasoga,Paperback,"Dec 31, 2024",
2,https://www.amazon.com/dp/B0F9YH58KW,B0F9YH58KW,Space Cow & other Ridiculous Rhymes,Lukey Tucker,Paperback,"Dec 31, 2024",
0,https://www.amazon.com/dp/B0F3JB3YSM,B0F3JB3YSM,Creative Unwind - Ships of the Ocean: A coloring book for everyone (Creative Unwind - Coloring Books),Neida Fundarin,Paperback,"Dec 31, 2024",
0,https://www.amazon.com/dp/B0F1LTSYNV,B0F1LTSYNV,My 365 Coloring Book: Jumbo Coloring Book For Kids,Magical books,Paperback,"Dec 31, 2024",
0,https://www.amazon.com/dp/B0F1KLYTC4,B0F1KLYTC4,DIGITAL DETOX FOR KIDS,DR.  CASSANDRA MONTGOMERY,Kindle,"Dec 31, 2024",
3,https://www.amazon.com/dp/B0DZ27QR7J,B0DZ27QR7J,GYM CHAOS Adult Coloring Book: Hilarious Fitness Fails and Laughs!,howling wolves artwork,Paperback,"Dec 31, 2024",
0,https://www.amazon.com/dp/B0DXY523DW,B0DXY523DW,Sophia and the Super-Kindness Club,Melissa McCoy,Paperback,"Dec 31, 2024",
0,https://www.amazon.com/dp/B0DXFHXS1K,B0DXFHXS1K,"Magical Creatures Colouring Book for Children: Unicorns, Fairies, Witches, Mermaids & more",Magical Creatures Colouring Book for Children | Colouring Books,Paperback,"Dec 31, 2024",
0,https://www.amazon.com/dp/B0DXCXWC85,B0DXCXWC85,Pencil Control: My smart activity book,Linda Khati,Paperback,"Dec 31, 2024",
0,https://www.amazon.com/dp/B0DVS1VLNL,B0DVS1VLNL,Winter Holiday Coloring Book,Fia's Fantasy,Paperback,"Dec 31, 2024",
2,https://www.amazon.com/dp/B0DVC7H6QS,B0DVC7H6QS,Palace Adventure (The Tails of London),Louise Irving-Whalley,Kindle,"Dec 31, 2024",
0,https://www.amazon.com/dp/B0DV3K2QX1,B0DV3K2QX1,Word Search Hunt: Advanced words with dictionary,Nise Isaac,Paperback,"Dec 31, 2024",
0,https://www.amazon.com/dp/B0DTZ2QX3M,B0DTZ2QX3M,Foods of Japan Coloring Book,Sophia Butler,Paperback,"Dec 31, 2024",
0,https://www.amazon.com/dp/B0DTR11JG2,B0DTR11JG2,Paws and Pom-Pom: A Cheerleader Bunny Colouring Book,Sophia Nelson-Doman,Paperback,"Dec 31, 2024",
0,https://www.amazon.com/dp/B0GC5GJKR3,B0GC5GJKR3,I DON'T WANT TO!,Lauren Moretti,Paperback,"Dec 21, 2025",
0,https://www.amazon.com/dp/B0DTQ2FRLH,B0DTQ2FRLH,Coloring Book.: Bring these animals to life with the magic of your colors!,Areej Wajid,Paperback,"Dec 31, 2024",
0,https://www.amazon.com/dp/B0DTKQ33DY,B0DTKQ33DY,EDU-Coloring : Animals Of Alabama : Kids Coloring Book For All Ages!: 70+ Educational Animals and Fun Facts! (EDU-Coloring : Animals of Every State),Sir Tony Nachos,Paperback,"Dec 31, 2024",
0,https://www.amazon.com/dp/B0DTHS7GLX,B0DTHS7GLX,Animal Mandalas: An Adult Coloring Book for Stress Relief and Mind Relaxation: 80+ Beautiful Mandala Animals are waiting for You to Color: For Mindful People,SYNTARA Publications,Paperback,"Dec 31, 2024",
0,https://www.amazon.com/dp/B0DTHMRN6T,B0DTHMRN6T,Farm colouring book,Hannah Currell,Paperback,"Dec 31, 2024",
1,https://www.amazon.com/dp/B0DTFLPY6N,B0DTFLPY6N,Baby’s First Words,Lasrene Alexis,Paperback,"Dec 31, 2024",
0,https://www.amazon.com/dp/B0DTB71JBK,B0DTB71JBK,Princess Habits Coloring Book for Toddlers: 20 Adorable Princesses Teaching Good Manners Through Fun Rhymes and Creative Coloring !: A Fun and ... Learn Good Habits with 20 Large Illustrations,Playzones Co.,Paperback,"Dec 31, 2024",
0,https://www.amazon.com/dp/B0DT9PT5YN,B0DT9PT5YN,"""Mommie Does It All: Numbers and Activity Book"": Numbers and Activity Coloring Book",Sheryl Lynn Sills Earland,Paperback,"Dec 31, 2024",
0,https://www.amazon.com/dp/B0DT4SWVT4,B0DT4SWVT4,My First Animal Coloring Book: Fun and Easy Coloring for Ages 1-3,Happy Giraffe,Paperback,"Dec 31, 2024",
0,https://www.amazon.com/dp/B0DT3SSTTF,B0DT3SSTTF,EDU-Coloring : Animals Of Michigan : Kids Coloring Book for All Ages!: 70+ Animals and Fun Facts for the whole family! Quiet Activity for Everyone! (EDU-Coloring : Animals of Every State),Sir Tony Nachos,Paperback,"Dec 31, 2024",
0,https://www.amazon.com/dp/B0DT3PTG3N,B0DT3PTG3N,Animals A-Z Color and write: Color: Color fun animals and learn to trace their names,Mr Joe J Jones,Paperback,"Dec 31, 2024",
0,https://www.amazon.com/dp/B0DT3P7KW7,B0DT3P7KW7,The Essence of Presence: A Relaxing Collection of Serene Women and Tranquil Florals to Soothe Your Mind and Relieve Stress - Coloring Book to ... for Adults and Children - Coloring to Relax,Lana May,Paperback,"Dec 31, 2024",
0,https://www.amazon.com/dp/B0DT26KS58,B0DT26KS58,"Blooming Calm: A Stress Relief Coloring Book for Adults (""Hygge and Cozy Coloring Books"")",Patricha DeNilsson,Paperback,"Dec 31, 2024",
0,https://www.amazon.com/dp/B0DT1CGP69,B0DT1CGP69,Fatima And The Magical Paintbrush: A Tale of Kindness (Fatima's Learning Adventures),Tania S,Paperback,"Dec 31, 2024",
0,https://www.amazon.com/dp/B0DSVW82SY,B0DSVW82SY,My Bible Coloring Book: Jesus Christ and His Friends: Have fun coloring and learning Bible stories! (1st Edition | More than 100 biblical images for your child to color in),M.Sousa Costa,Paperback,"Dec 31, 2024",
0,https://www.amazon.com/dp/B0DSVMP5DD,B0DSVMP5DD,Newborn Babies Colouring Book: A Delightful Collection of Cute Baby Poses for Relaxation and Creativity,Devesh Chouhan,Paperback,"Dec 31, 2024",
2,https://www.amazon.com/dp/1964475198,1964475198,"Cedrick, the Unicorn with No Horn",S. Michael Smith,Paperback,"Jun 20, 2025",
0,https://www.amazon.com/dp/B0DSV59RSN,B0DSV59RSN,"Vibrant Aesthetic Floral Painting Sketchbook Notebook Journal, Sunflower and Daisy Design for Drawing, Writing, doodling, and Journaling, for Work & ... adults, For Office, School Supplies, Image 3",Floral Painting Arts,Hardcover,"Dec 31, 2024",
0,https://www.amazon.com/dp/B0DSV59MLD,B0DSV59MLD,"Vibrant Aesthetic Floral Painting Sketchbook Notebook Journal, Sunflower and Daisy Design for Drawing, Writing, doodling, and Journaling, for Work & ... adults, For Office, School Supplies, Image 2",Floral Painting Arts,Hardcover,"Dec 31, 2024",
0,https://www.amazon.com/dp/B0DST1WW4M,B0DST1WW4M,Space Adventures-coloring book by Rainbow Tales (Raibow tales - coloring books for childrens),Rainbow Tales,Paperback,"Dec 31, 2024",
0,https://www.amazon.com/dp/B0DSQ7FTSX,B0DSQ7FTSX,Composition Notebook: For Kids and Teens,Chthonis Co.,Paperback,"Dec 31, 2024",
0,https://www.amazon.com/dp/B0DSPXTBQJ,B0DSPXTBQJ,My First Joke Book For Kids Age 4 - 9: Funny Riddles and Puns For Young Readers,Bright Minds Learning,Paperback,"Dec 31, 2024",
0,https://www.amazon.com/dp/B0DSPWSVZZ,B0DSPWSVZZ,Dilsum Domestic Animals & Birds Coloring Book,Mr Dilip Kumar D,Paperback,"Dec 31, 2024",
0,https://www.amazon.com/dp/B0DSPST91R,B0DSPST91R,Unicorn Dreams: An Adorable Creative Journal for Girls: Inspiring Imagination and Creativity,Mary Murphy,Paperback,"Dec 31, 2024",
0,https://www.amazon.com/dp/B0DSPQK6GC,B0DSPQK6GC,FUN WITH FAUNA: Coloring book for children,gilberto jorge marrima,Paperback,"Dec 31, 2024",
0,https://www.amazon.com/dp/B0DSPJBNMJ,B0DSPJBNMJ,Explore all Continents with Word Search: Word Search for All Age,MBOUMEN,Paperback,"Dec 31, 2024",
0,https://www.amazon.com/dp/B0DSMMSQV3,B0DSMMSQV3,ANIMALS COLORING BOOK,Rupa  Kalpesh Patel,Paperback,"Dec 31, 2024",
0,https://www.amazon.com/dp/B0DSLRZ3LD,B0DSLRZ3LD,learning colors with fruits and vegetales,Heather R Lewis,Paperback,"Dec 31, 2024",
1,https://www.amazon.com/dp/B0DSLPS5VQ,B0DSLPS5VQ,Cats Can: Colouring Book,Kijiri,Paperback,"Dec 31, 2024",
0,https://www.amazon.com/dp/B0DSLNG8MG,B0DSLNG8MG,"School Zone kindergarten Alphabet Workbook: 107 Pages, Ages 3 to 5, Preschool, ABC's, Letters, Tracing, Alphabetical Order, and More",Sophie Brightfield,Paperback,"Dec 31, 2024",
0,https://www.amazon.com/dp/B0DSLGF9KC,B0DSLGF9KC,KIDS COLORING ANIMALS,Mrs. ANURADHA RANA,Paperback,"Dec 31, 2024",
0,https://www.amazon.com/dp/B0DSL9VMX2,B0DSL9VMX2,GOAT COMPOSITION NOTEBOOK | 120 Numbered Pages | Work Journal: Funny for Office and Home | Coworker Gag Gift,BAAA BAAA PUBLICATIONS,Paperback,"Dec 31, 2024",
0,https://www.amazon.com/dp/B0DSL9C3SD,B0DSL9C3SD,"Brown notebook with checkered cover: Brown cover notebook for adults and studentst 120 pages lined, 6""x 9""",GUS MEMO,Paperback,"Dec 31, 2024",
0,https://www.amazon.com/dp/B0DSL24SDF,B0DSL24SDF,"The Christmas Adventure of Aripri, Priaro, and Bubble + Activity Workbook: A Festive Story and Fun Activities for Kids to Learn and Play",Anna Alasoo,Kindle,"Dec 31, 2024",
0,https://www.amazon.com/dp/B0DSKWG79M,B0DSKWG79M,The Three Sheep: True Friendship,Nushrath Begum NBK's,Kindle,"Dec 31, 2024",
0,https://www.amazon.com/dp/B0DSKHZH79,B0DSKHZH79,Cute Monsters Coloring Book For Kids and Teens with fun facts: kawaii and creepy coloring pages for kids and teen for Stress Relief and Relaxations. With color-safe pages . Ages 7 and up,Hibiki Publish,Paperback,"Dec 31, 2024",
0,https://www.amazon.com/dp/B0DSKHKVX4,B0DSKHKVX4,"A Coloring Adventure - Fun & Easy Animal Coloring Book for Kids Ages 3-9 Cute Cartoon Animals to Color, Spark Creativity & Imagination in Young Artists!",Vishnu vardhan,Paperback,"Dec 31, 2024",
0,https://www.amazon.com/dp/B0DSKCRQDY,B0DSKCRQDY,Sports World: Bold and easy coloring book,Amanda Kelley,Paperback,"Dec 31, 2024",
0,https://www.amazon.com/dp/B0DSKCC88T,B0DSKCC88T,Children's First Gratitude Journal,Fairylight Press,Paperback,"Dec 31, 2024",
0,https://www.amazon.com/dp/B0DSJW69NL,B0DSJW69NL,Notebook,Dupe Olaniyi,Paperback,"Dec 31, 2024",
0,https://www.amazon.com/dp/B0DSJNVDSV,B0DSJNVDSV,"Coloring Book Drawings: How to Draw Faces and Portraits for Beginners: Learn to Draw Amazing and Realistic Faces One Step At A Time - Shading, Proportions, Eyes, Hair, Different Angles and Much More!",yakoub Bakhouche,Paperback,"Dec 31, 2024",
0,https://www.amazon.com/dp/B0DSJLPFK2,B0DSJLPFK2,Children's Animal Coloring Book: Creative Fun for Little Artists: Perfect choice for your Kids,Mr Kamal Athram,Paperback,"Dec 31, 2024",
0,https://www.amazon.com/dp/B0DSJK5MML,B0DSJK5MML,You're My Favorite Valentine's Coloring Book,Scyvall Minor,Paperback,"Dec 31, 2024",
0,https://www.amazon.com/dp/B0DSJ8XL4G,B0DSJ8XL4G,Skye & Kye Count Blues,Ms. Candy,Paperback,"Dec 31, 2024",
0,https://www.amazon.com/dp/3662697513,3662697513,Strategic Design and Digitalisation of the Supply Chain: Achieving Competitive Advantage with the Digital Supply Chain,Torsten Becker,Paperback,"Dec 31, 2024",
0,https://www.amazon.com/dp/3659809128,3659809128,Georgian Grape Brandy Chacha: Science and Technologies,Nugzar Bagaturia,Paperback,"Dec 31, 2024",
0,https://www.amazon.com/dp/1032778822,1032778822,Moral Dilemmas Involving Self-Driving Cars,Norbert Paulo,Kindle,"Dec 31, 2024",
1,https://www.amazon.com/dp/B0DRZDGGZN,B0DRZDGGZN,"The Ultimate Guide to Wood Preparation for Home Use (A Detailed, Informative Series on Homesteading)",Zulfiqar Khan,Kindle,"Dec 31, 2024",
0,https://www.amazon.com/dp/1501521691,1501521691,AI HORIZONS: Shaping a Better Future Through Responsible Innovation and Human Collaboration (MLI Generative AI Series),Haque Enamul,Kindle,"Dec 31, 2024",
0,https://www.amazon.com/dp/1467157422,1467157422,Oregon Aviation: A Daring History (Transportation),Arthur H. Redman,Paperback,"Dec 31, 2024",
0,https://www.amazon.com/dp/9819959667,9819959667,"Healthcare Policy, Innovation and Digitalization: Contemporary Strategy and Approaches (Accounting, Finance, Sustainability, Governance & Fraud: Theory and Application)",Eyüp Çetin,Kindle,"Dec 31, 2024",
0,https://www.amazon.com/dp/3031433785,3031433785,Theorizing Transboundary Waters in International Relations (Springer Water),Kinga Szálkai,Kindle,"Dec 31, 2024",
0,https://www.amazon.com/dp/B0DS6BTMDM,B0DS6BTMDM,"Rental Property Inspection Checklist Log Book: Move-In/Move-Out Walkthrough Notebook for Landlords, Property Managers, and Real Estate Investors | 120 Pages, 8.5 x 11, Premium Matte Finish",Sufyan Maqsood,Paperback,"Dec 31, 2024",
1,https://www.amazon.com/dp/343303429X,343303429X,"Building Physics: Heat, Air and Moisture: Fundamentals, Engineering Methods, Material Properties With Exercises, 4e (incl. eBook as PDF): ... and Exercises (Package: Print + ebook)",Hugo S. L. Hens,Kindle,"Dec 31, 2024",
0,https://www.amazon.com/dp/B0DSGJ4NX8,B0DSGJ4NX8,Vintage Bus Enthusiast's Notebook: Perfect for Retro Transport Lovers and Note Takers,GW Harper,Paperback,"Dec 31, 2024",
0,https://www.amazon.com/dp/B0DS8NHTQZ,B0DS8NHTQZ,"Electrician Ohm Sweet Ohm Notebook: 6x9"" Blank Lined Journal For Electrical Engineering Students, Electricians, Gift For Sparky, Electrician Dads",Redcamper Creations,Paperback,"Dec 31, 2024",
0,https://www.amazon.com/dp/B0DS8J63F5,B0DS8J63F5,Innovations Engineering Journal: Canine at the Sports Bar Edition,Mc Anthur,Paperback,"Dec 31, 2024",
0,https://www.amazon.com/dp/B0DS8C4VMK,B0DS8C4VMK,"Vehicle Maintenance Log: Track Maintenance, Mileage, Repairs, and Costs. Small Service Log",Toby Perkins,Paperback,"Dec 31, 2024",
0,https://www.amazon.com/dp/B0DS88DC1Z,B0DS88DC1Z,woodworking log book: Your Ultimate Tracker & Record Book for Woodworking Plans and Projects,Giorgio Frederiksen,Paperback,"Dec 31, 2024",
0,https://www.amazon.com/dp/B0DS87B8SC,B0DS87B8SC,"Graph Paper Notebook: A Creative and Practical Tool for Mathematics, Art, and Engineering Challenges: Inspire Creativity with 120 Pages of Grid Paper",R M Silva,Paperback,"Dec 31, 2024",
0,https://www.amazon.com/dp/B0DS7ZWXKD,B0DS7ZWXKD,"Math Graph Paper Notebook: Vibrant and Functional Graph Paper Notebook: Ideal for Math, Geometry, and Creative Projects for Students, Teachers, and ... (4 Squares per Inch), Large 8.5 x 11 Inches",Approved by Chloe D.,Paperback,"Dec 31, 2024",
0,https://www.amazon.com/dp/B0DS7Z4ZRD,B0DS7Z4ZRD,"Monster Truck Coloring Book For Kids: The Ultimate Coloring Adventure for Kids Ages 4-8, Packed with 30 Fun and Action-Packed Pages for Boys and Girls.",Attahiri Doodles,Paperback,"Dec 31, 2024",
0,https://www.amazon.com/dp/B0DS796SBY,B0DS796SBY,Composition Notebook: Flowers,Design by B,Paperback,"Dec 31, 2024",
0,https://www.amazon.com/dp/B0DS78DN8H,B0DS78DN8H,Podcast Planner,The Productivity Pro,Paperback,"Dec 31, 2024",
0,https://www.amazon.com/dp/B0DS65JL91,B0DS65JL91,Innovations Engineering Journal: Estute Gator Edition,Mc Anthur,Paperback,"Dec 31, 2024",
0,https://www.amazon.com/dp/B0DS647DQ7,B0DS647DQ7,Innovations Engineering Journal: Rebel Gator Edition,Mc Anthur,Paperback,"Dec 31, 2024",
0,https://www.amazon.com/dp/B0DS624F1R,B0DS624F1R,Innovations Engineering Journal: Alpha Chad Gator Edition,Mc Anthur,Paperback,"Dec 31, 2024",
0,https://www.amazon.com/dp/B0DS3WMT85,B0DS3WMT85,Cars Coloring Book: Cars Coloring Book for Children and Adults,Douglas Kim Melo Souza,Paperback,"Dec 31, 2024",
0,https://www.amazon.com/dp/B0DS2X6DRT,B0DS2X6DRT,Artificial Intelligence & Automation: Shaping the Future,YK,Kindle,"Dec 31, 2024",
0,https://www.amazon.com/dp/B0DS2P2MGJ,B0DS2P2MGJ,Color the Best Boats Collection: 100 Amazing Boats for Creative Minds to Color (Little Sailors Coloring Adventures),Cloud 9,Hardcover,"Dec 31, 2024",
0,https://www.amazon.com/dp/B0DS2NHXDB,B0DS2NHXDB,"Airplane Coloring Book: A Variety of Aircraft, such as Seaplanes, Gliders, Jet Fighters, and More. For Kids to Adults",SHMO Designs,Paperback,"Dec 31, 2024",
1,https://www.amazon.com/dp/B0DS2KDFMS,B0DS2KDFMS,Marine Engineering Theory: Questions & Answers: 2nd Edition,Dr Derek G Lambert,Paperback,"Dec 31, 2024",
0,https://www.amazon.com/dp/B0DS22N2KT,B0DS22N2KT,"Monster Truck Coloring Book For Kids: "" Ultimate Monster Truck Coloring Book: Fun and Relaxing Designs for Boys and Girls Who Love Big Wheels and Extreme Adventures.""",Attahiri Doodles,Paperback,"Dec 31, 2024",
0,https://www.amazon.com/dp/B0DS1RPRZ7,B0DS1RPRZ7,GATE EC DIGITAL CIRCUITS: a sequel to solution series fully updated (GATE EC SOLUTION SERIES FULLY UPDATED),AK TRIPATHI,Kindle,"Dec 31, 2024",
0,https://www.amazon.com/dp/B0DS1QKJ74,B0DS1QKJ74,JDM Japanese Cars Coloring Book for Adults: Iconic Rides & Scenic Backdrops for Stress Relief & Relaxation,Midnight Drift Press.,Paperback,"Dec 31, 2024",
0,https://www.amazon.com/dp/B0DS1PXPLJ,B0DS1PXPLJ,GATE EC ELECTRONIC DEVICES: a sequel to solution series fully updated (GATE EC Solution Series fully updated),AK Tripathi,Kindle,"Dec 31, 2024",
0,https://www.amazon.com/dp/B0DS115TVX,B0DS115TVX,Mastering the Texas Driver's License Exam: A Comprehensive Guide,Charles Bells,Kindle,"Dec 31, 2024",
0,https://www.amazon.com/dp/B0DRZL365V,B0DRZL365V,Technological Advancements in Cryptocurrency: A Comprehensive Outline,Daniel Baca,Kindle,"Dec 31, 2024",
0,https://www.amazon.com/dp/B0DRZ2NNQJ,B0DRZ2NNQJ,"Macro to Microscale Heat Transfer: The Lagging Behavior, 3rd Edition",D Y Tzou,Paperback,"Dec 31, 2024",
0,https://www.amazon.com/dp/B0DNV4M7PZ,B0DNV4M7PZ,"If It Is Going To Be, It Is Up To Me: Volume 1",Melvin C Pohlkotte,Kindle,"Dec 31, 2024",
0,https://www.amazon.com/dp/9819796733,9819796733,"Computer Applications: 39th CCF National Conference of Computer Applications, CCF NCCA 2024, Harbin, China, July 15–18, 2024, Proceedings, Part II (Communications in Computer and Information Science)",Chengtao Cai,Kindle,"Dec 31, 2024",
0,https://www.amazon.com/dp/9819796709,9819796709,"Computer Applications: 39th CCF National Conference of Computer Applications, CCF NCCA 2024, Harbin, China, July 15–18, 2024, Proceedings, Part I (Communications in Computer and Information Science)",Haipeng Yu,Kindle,"Dec 31, 2024",
0,https://www.amazon.com/dp/9819620600,9819620600,"MultiMedia Modeling: 31st International Conference on Multimedia Modeling, MMM 2025, Nara, Japan, January 8–10, 2025, Proceedings, Part II (Lecture Notes in Computer Science)",Ichiro Ide,Paperback,"Dec 31, 2024",
0,https://www.amazon.com/dp/9267114719,9267114719,"ISO/IEC 15415:2024, Third Edition: Automatic identification and data capture techniques - Bar code symbol print quality test specification - Two-dimensional symbols",International Organization for Standardization,Paperback,"Dec 31, 2024",
1,https://www.amazon.com/dp/B0GV589LNJ,B0GV589LNJ,Stop Winging It:: Strategic Planning and Execution for Information & Communications Technology (ICT) Projects,Norm Lanum RCDD,Paperback,"Mar 25, 2026",
0,https://www.amazon.com/dp/9201304242,9201304242,Measurement of the Stable Carbon Isotope Ratio in Atmospheric CH4 Using Laser Spectroscopy for CH4 Source Characterization (IAEA TECDOC Series),International Atomic Energy Agency,Paperback,"Dec 31, 2024",
0,https://www.amazon.com/dp/9201272243,9201272243,"The Climate, Land, Energy and Water Framework: A Methodology Handbook (IAEA TECDOC Series)",International Atomic Energy Agency,Paperback,"Dec 31, 2024",
0,https://www.amazon.com/dp/920126724X,920126724X,Integrated Approaches for the Management of Environmental Site Remediation Processes: a Baseline Report (IAEA TECDOC Series),International Atomic Energy Agency,Paperback,"Dec 31, 2024",
0,https://www.amazon.com/dp/9201233248,9201233248,Advancing the State of the Practice in Uncertainty and Sensitivity Methodologies for Severe Accident Analysis in Water Cooled Reactors of the BWR Type (IAEA TECDOC Series),International Atomic Energy Agency,Paperback,"Dec 31, 2024",
0,https://www.amazon.com/dp/9201231245,9201231245,Regulatory Inspection Programme for Nuclear Fuel Cycle Facilities (IAEA TECDOC Series),International Atomic Energy Agency,Paperback,"Dec 31, 2024",
0,https://www.amazon.com/dp/9201229240,9201229240,A Practical Guide to Advanced Radio-Krypton Groundwater Dating: Technical Synthesis of a Coordinated Research Project (IAEA TECDOC Series),International Atomic Energy Agency,Paperback,"Dec 31, 2024",
0,https://www.amazon.com/dp/9201227248,9201227248,Enhancement of Modelling Approaches for the Assessment of Radionuclide Transfer in the Marine Environment (IAEA TECDOC Series),International Atomic Energy Agency,Paperback,"Dec 31, 2024",
0,https://www.amazon.com/dp/9201224249,9201224249,Long Term Operation of Nuclear Fuel Cycle Facilities (IAEA TECDOC Series),International Atomic Energy Agency,Paperback,"Dec 31, 2024",
0,https://www.amazon.com/dp/6208517869,6208517869,Environmental Education in Water Management,Abias Porfírio Cinco Reis,Paperback,"Dec 31, 2024",
0,https://www.amazon.com/dp/6208420105,6208420105,Data-Driven Construction: Predictive Analytics and Machine Learning,Shahide Dehghan,Paperback,"Dec 31, 2024",
0,https://www.amazon.com/dp/6208420091,6208420091,Simple Guide to Energy Generation and Harvesting Technology for Future,Fouad Soliman,Paperback,"Dec 31, 2024",
0,https://www.amazon.com/dp/6208419824,6208419824,The Life Plant: understanding its pharmacological activities,Afees A Oladejo PhD,Paperback,"Dec 31, 2024",
0,https://www.amazon.com/dp/6208419123,6208419123,Design of Reactors for β-Carotene Production from Dunaliella Salina: FABRICATION OF BATCH AND CONTINUOUS REACTOR FOR THE PRODCUTION OF β- CAROTENE FROM DUNALIELLA SALINA SPECIES,Mrs. Karthika Duraisamy,Paperback,"Dec 31, 2024",
0,https://www.amazon.com/dp/6208418445,6208418445,Ground Improvement Using Geopolymerization Technique,Anu Nakum,Paperback,"Dec 31, 2024",
0,https://www.amazon.com/dp/6206775003,6206775003,SDGs-Aware Technologies for Sustainable Development:: Addressing Global Challenges through SDG Initiatives,Safaa Najah Saud Al-Humairi,Paperback,"Dec 31, 2024",
0,https://www.amazon.com/dp/3658454814,3658454814,"Introduction to Electromobility: Technology, Best Practice, Energy and Environment",Martin Doppelbauer,Kindle,"Dec 31, 2024",
0,https://www.amazon.com/dp/3639711262,3639711262,Engineering Serendipity: Become Fortunate by Managing Talent,Joel Bigley,Paperback,"Dec 31, 2024",
0,https://www.amazon.com/dp/3433034400,3433034400,"Performance-Based Building Design: From Below Grade to Floors, Walls, Roofs, and Windows to Finishes (incl. ebook as PDF)",Hugo S. L. Hens,Kindle,"Dec 31, 2024",
0,https://www.amazon.com/dp/343303432X,343303432X,"Applied Building Physics: Ambient Conditions, Functional Demands and Building Part Requirements (Package: Print + ebook)",Hugo S. L. Hens,Kindle,"Dec 31, 2024",
0,https://www.amazon.com/dp/343303205X,343303205X,Anchor Technology in Concrete and Masonry for Practitioners and Engineers: With Recommendations for the Execution and Evaluation of Job Site Tests (Bauingenieur-Praxis) (German Edition),Jürgen Küenzlen,Kindle,"Feb 19, 2020",
0,https://www.amazon.com/dp/3031805968,3031805968,"33rd International Conference on Organization and Technology of Maintenance (OTO 2024) (Lecture Notes in Networks and Systems, 1242)",Hrvoje Glavaš,Kindle,"Dec 31, 2024",
0,https://www.amazon.com/dp/3031747003,3031747003,"Intelligent Computing and Big Data Analytics: First International Conference, ICICBDA 2024, Navi Mumbai, India, June 15–16, 2024, Proceedings, Part-II ... in Computer and Information Science)",Mukesh Patil,Kindle,"Dec 31, 2024",
0,https://www.amazon.com/dp/3031746813,3031746813,"Intelligent Computing and Big Data Analytics: First International Conference, ICICBDA 2024, Navi Mumbai, India, June 15–16, 2024, Proceedings, Part-I ... in Computer and Information Science)",Mukesh Patil,Kindle,"Dec 31, 2024",
0,https://www.amazon.com/dp/3031400844,3031400844,Microbial Bioactive Compounds: Industrial and Agricultural Applications,Ravindra Soni,Kindle,"Dec 31, 2024",
0,https://www.amazon.com/dp/1951890450,1951890450,Waiting for the Train,John MacDonald,Kindle,"Dec 31, 2024",
0,https://www.amazon.com/dp/1912199394,1912199394,Health Research Explainers: Foundations,Paul Ian Cross,Paperback,"Dec 31, 2024",
2,https://www.amazon.com/dp/1630577200,1630577200,The Complete Guide to Mold Making with SOLIDWORKS 2025: Basic through Advanced Techniques,Paul Tran,Paperback,"Dec 30, 2024",
2,https://www.amazon.com/dp/B0DS4Y95B5,B0DS4Y95B5,Auto Detailing Work Order Form Book: Vehicle Detailing Service Job Sheets | Car Detailer Work Order | 50 Forms,Plim.Adwo Publishing,Paperback,"Dec 30, 2024",
0,https://www.amazon.com/dp/6208419883,6208419883,CLOSED CIRCUIT WIND TUNNEL TECHNIQUES: Enhancing Design Precision with Recirculating Airflow Systems,Yokesvaran K,Paperback,"Dec 30, 2024",
4,https://www.amazon.com/dp/3031318692,3031318692,Rare Earth Metals and Minerals Industries: Status and Prospects,Yellapu V Murty,Kindle,"Dec 30, 2024",
0,https://www.amazon.com/dp/3111019349,3111019349,"Hybrid Composite Materials and Manufacturing: Fibers, Nano-Fillers and Integrated Additive Processes (De Gruyter STEM)",Vipin Kumar,Kindle,"Dec 30, 2024",
2,https://www.amazon.com/dp/1266018921,1266018921,"Maintenance Engineering Handbook, Ninth Edition",Keith Mobley,Paperback,"Aug 21, 2025",
0,https://www.amazon.com/dp/366269932X,366269932X,Electrostatics and Magnetostatics,Reiner M. Dreizler,Paperback,"Dec 30, 2024",
0,https://www.amazon.com/dp/9819967244,9819967244,Advanced Methods of Joint Inversion and Fusion of Multiphysics Data (Advances in Geological Science),Michael S. Zhdanov,Paperback,"Dec 30, 2024",
0,https://www.amazon.com/dp/B0DS1FKX8Z,B0DS1FKX8Z,Journeyman Electrician Study Guide 2025 - 2026: Step by Step Handbook To Ace The NEC Exam In One Sitting,Edwin Macovski,Kindle,"Dec 30, 2024",
0,https://www.amazon.com/dp/1300518405,1300518405,Electricity Powers the World (Paperback),George Mathai,Hardcover,"Dec 30, 2024",
0,https://www.amazon.com/dp/3110788667,3110788667,Machine Learning in Transportation: Applications with Examples and Codes (De Gruyter Textbook),Niharika Dayyala,Kindle,"Dec 30, 2024",
0,https://www.amazon.com/dp/B0DSW8V7MB,B0DSW8V7MB,"Answer Key Aviation Study Book: Answer Key to the Study Workbook for PPL, CPL, IFR, MEL, & CFI to Become a Pilot",Dimitry Gordon,Paperback,"Dec 30, 2024",
0,https://www.amazon.com/dp/1032415541,1032415541,Building and Facilities Maintenance Management,Jason Challender,Kindle,"Dec 30, 2024",
2,https://www.amazon.com/dp/B0DRXDHRHK,B0DRXDHRHK,Artificial Intelligence for Beginners (AI Course),Anshuman Mishra,Kindle,"Dec 30, 2024",
0,https://www.amazon.com/dp/6188754704,6188754704,Automation Expert Unleashed: Building the Future with IEC 61499,Christos V. Papazacharias,Kindle,"Dec 30, 2024",
0,https://www.amazon.com/dp/B0DS526SKK,B0DS526SKK,Plumbing Inspection Checklist: Plumbing Maintenance and Inspection Report Book for Plumbers and Homeowners | Plumber Inspection Check List,Plim.Picb Publishing,Paperback,"Dec 30, 2024",
0,https://www.amazon.com/dp/1977414265,1977414265,Cost Trade-Offs Between Accessing and Retaining Uniformed Mental Health Providers,Avery Calkins,Paperback,"Dec 30, 2024",
0,https://www.amazon.com/dp/3111582981,3111582981,"Biomacromolecules: Carbohydrates, Lipids, Proteins and Nucleic Acids (De Gruyter Textbook)",Mohamed Elzagheid,Kindle,"Dec 30, 2024",
0,https://www.amazon.com/dp/3031733746,3031733746,"Parallel Computational Technologies: 18th International Conference, PCT 2024, Chelyabinsk, Russia, April 2–4, 2024, Revised Selected Papers (Communications in Computer and Information Science)",Leonid Sokolinsky,Kindle,"Dec 30, 2024",
0,https://www.amazon.com/dp/B0DS1Q3Q3Q,B0DS1Q3Q3Q,GATE EC SIGNALS AND SYSTEMS: a sequel to solution series fully updated (GATE EC Solution Series fully updated),AK Tripathi,Kindle,"Dec 30, 2024",
1,https://www.amazon.com/dp/B0DRY4MN49,B0DRY4MN49,USA-DMV TEST MANUAL 2025: All To Know In The Department of Motor Vehicles (DMV) Test In The United States Of America,Speed Marvin,Kindle,"Dec 30, 2024",
0,https://www.amazon.com/dp/1032507713,1032507713,Engineering Data Analysis with MATLAB®,Tanvir Mustafy,Kindle,"Dec 30, 2024",
0,https://www.amazon.com/dp/3111449130,3111449130,Electrons and Electron Microscopy: Quantum Electron Microscopy Introduction (De Gruyter Textbook),Zhen Chuan Kang,Kindle,"Dec 30, 2024",
0,https://www.amazon.com/dp/1032500514,1032500514,Innovation in Music: Innovation Pathways (Perspectives on Music Production),Jan-Olof Gullö,Kindle,"Dec 30, 2024",
0,https://www.amazon.com/dp/1032500247,1032500247,Innovation in Music: Adjusting Perspectives (Perspectives on Music Production),Jan-Olof Gullö,Kindle,"Dec 30, 2024",
0,https://www.amazon.com/dp/075035352X,075035352X,"3D Printed Smart Sensors and Energy Harvesting Devices: Concepts, fabrication and applications",Sanket Goel,Hardcover,"Dec 30, 2024",
0,https://www.amazon.com/dp/B0DS9QWQXX,B0DS9QWQXX,Private Pilot Planner: Your structured story towards your checkride and open skies,Flying Dutch,Paperback,"Dec 30, 2024",
0,https://www.amazon.com/dp/B0DS78KJMD,B0DS78KJMD,"Vehicle Maintenance Log Book: Long-Term Vehicle Care Made Easy - Track Repairs, Oil Changes & More for Cars, Trucks & Other Vehicles.",NBDA Press Publishing,Paperback,"Dec 30, 2024",
0,https://www.amazon.com/dp/B0DS77Z1Y4,B0DS77Z1Y4,Gorilla Notebook: Composition Book,Design  by B,Paperback,"Dec 30, 2024",
0,https://www.amazon.com/dp/0750362359,0750362359,Nano Biosensors for Non-Invasive Diagnosis of Cancer,Nidhi Puranik,Hardcover,"Dec 30, 2024",
0,https://www.amazon.com/dp/B0DS77MPWZ,B0DS77MPWZ,"Composition Notebook, Planets, Space",Design by B,Paperback,"Dec 30, 2024",
0,https://www.amazon.com/dp/B0DS5G2T7Y,B0DS5G2T7Y,Ultimate Cosntruction Log Book: with bonus 21 pages for notes,Julia Fonda,Hardcover,"Dec 30, 2024",
0,https://www.amazon.com/dp/B0DS5C68H9,B0DS5C68H9,Mileage Log Book for Taxes (Black and Gold) Undated: Vehicle Mileage Tracking Notebook for Self-Employed People and Small Business Owners,On Point Writing and Editing,Paperback,"Dec 30, 2024",
3,https://www.amazon.com/dp/B0DS4YNFWB,B0DS4YNFWB,Easa Fcl-Compliant Pilot Log Logbook Paperback,Flying Dutch,Paperback,"Dec 30, 2024",
0,https://www.amazon.com/dp/B0DS4YBYM1,B0DS4YBYM1,"Vehicle Maintenance Log Book: Service and Repair Record Book for Vehicles, Maintenance Checklist for Cars and Trucks, Auto Maintenance Expense Diary.",NBDA Press Publishing,Paperback,"Dec 30, 2024",
0,https://www.amazon.com/dp/B0DS4B7C16,B0DS4B7C16,Innovations Engineering Notebook,J E M,Paperback,"Dec 30, 2024",
0,https://www.amazon.com/dp/B0DS2P8FCG,B0DS2P8FCG,"Notebook: 120 pages lined notebook with an Airplane on the cover, Ideal for Aviation lovers, enthusiasts, and professionals.",EM Aviation,Paperback,"Dec 30, 2024",
0,https://www.amazon.com/dp/B0DS2C1D3G,B0DS2C1D3G,Air Conditioner Service Data Management: Tracking and Analyzing Air Conditioner Service Data for Optimal Performance,John C. David,Paperback,"Dec 30, 2024",
0,https://www.amazon.com/dp/6501623804,6501623804,The Flight Test Organizations: Improving efficiency and safety during aircraft development,Maximilian Kleinubing,Paperback,"Aug 30, 2025",
0,https://www.amazon.com/dp/B0DCNW51SB,B0DCNW51SB,Implementing ICAO Annex 19: A Guide for Safety Managers,Shihab Al-Zaid,Paperback,"Aug 6, 2024",
0,https://www.amazon.com/dp/B0DS1C4Z8S,B0DS1C4Z8S,Marine Engineering Theory: Volume 2 - Electrical,Dr Derek G Lambert,Paperback,"Dec 30, 2024",
4,https://www.amazon.com/dp/B0DS15PTR2,B0DS15PTR2,Marine Engineering Theory: Volume 3 - Motor,Dr Derek G Lambert,Paperback,"Dec 30, 2024",
0,https://www.amazon.com/dp/B0DS14T33M,B0DS14T33M,Marine Engineering Theory: Volume 4 - Steam,Dr Derek G Lambert,Paperback,"Dec 30, 2024",
0,https://www.amazon.com/dp/B0DRZZS79M,B0DRZZS79M,American Muscle Cars Coloring Book: 43 Fun and Detailed Designs of Classic American Muscle Cars,Maria publishing,Paperback,"Dec 30, 2024",
0,https://www.amazon.com/dp/B0DRZJG6FV,B0DRZJG6FV,GATE EC COMMUNICATION SYSTEMS: a sequel to solution series fully updated (GATE EC Solution Series fully updated),AK Tripathi,Kindle,"Dec 30, 2024",
0,https://www.amazon.com/dp/B0DRZC72LP,B0DRZC72LP,GATE EC NETWORK THEORY: a sequel to solution series fully updated (GATE EC Solution Series fully updated),Rajeev Gupta,Kindle,"Dec 30, 2024",
1,https://www.amazon.com/dp/B0DRYZQ2HH,B0DRYZQ2HH,"Cars Coloring Book: Custom Sports Cars for Kids and Teens | Classic, Muscle, and Race Car Designs (Ages 4+6+8+14+) and Adults: Perfect for Stress Relief and Relaxation, Ideal Gifts for Boys and Girls",Giftable Wishes,Paperback,"Dec 30, 2024",
0,https://www.amazon.com/dp/B0DRYJXW28,B0DRYJXW28,Hands-On Electronics: Your Essential Guide to Practical Electronics.,Dr. James U.,Kindle,"Dec 30, 2024",
0,https://www.amazon.com/dp/B0DRY9SBTZ,B0DRY9SBTZ,"""Information Warfare and Beyond: Strategies for the Digital Battlefield"": ""Mastering the Art of Influence, Deception, and Resilience in the Information Age""",v s,Paperback,"Dec 30, 2024",
0,https://www.amazon.com/dp/B0DRXVGJHD,B0DRXVGJHD,Ethics of Genetic Engineering,Maria John,Kindle,"Dec 30, 2024",
0,https://www.amazon.com/dp/B0DRW4XGF6,B0DRW4XGF6,An Introduction to Subsurface Drainage for Pavements for Construction Managers (Construction Management),J. Paul Guyer,Kindle,"Dec 30, 2024",
0,https://www.amazon.com/dp/B0DRW45ZBL,B0DRW45ZBL,UNDERSTANDING THE SCIENCE AND MECHANISMS OF HELICOPTERS: A Comprehensive Guide to Understanding Rotorcraft's Inner Workings and Technology (Tech Trends and Timeless Inventions),Victor M. Tom,Kindle,"Dec 30, 2024",
0,https://www.amazon.com/dp/B0DRW3BQ61,B0DRW3BQ61,"Lead with Vision and Purpose: How Great Leaders Inspire Action, Build Legacy, and Drive Success and Why Start With Why.: Proven Leadership Strategies ... Authority, and Achieve Unmatched Excellence",ADI RAJ,Paperback,"Dec 30, 2024",
0,https://www.amazon.com/dp/B0DRW2KG6H,B0DRW2KG6H,Emergency Sea Based Commercial Aviation Airport Runways Framework (Aviation Security and Safety),Jamil Eugene Brown,Kindle,"Dec 30, 2024",
0,https://www.amazon.com/dp/B0DP7FX83C,B0DP7FX83C,The Ultimate Podcast Quick-Start Guide: How to Start a Podcast in 30 Minutes,Josh Brandon,Kindle,"Dec 30, 2024",
0,https://www.amazon.com/dp/9819969506,9819969506,Polymeric Biomaterials for Tissue Regeneration: From Surface/Interface Design to 3D Constructs,Changyou Gao,Kindle,"Dec 30, 2024",
0,https://www.amazon.com/dp/9201306229,9201306229,Establishing and Improving Interventional Radiology,International Atomic Energy Agency,Kindle,"Dec 30, 2024",
0,https://www.amazon.com/dp/6208419972,6208419972,Hyperbolic Thermoelasticity of Functionally Graded Materials,Abhik Sur,Paperback,"Dec 30, 2024",
0,https://www.amazon.com/dp/620841993X,620841993X,Smart Roadways: Innovations in Geometric Design for Sustainable Urban,Akshay Gulghane,Paperback,"Dec 30, 2024",
0,https://www.amazon.com/dp/6208419670,6208419670,Basic Concepts in Signal Processing: Definitions and Detailed Examples,Abdelhamid Djari,Paperback,"Dec 30, 2024",
0,https://www.amazon.com/dp/6208419476,6208419476,Brain Region Segmentation: From Convolutional Neural Networks to Next-Gen Solutions,Rahat Naz,Paperback,"Dec 30, 2024",
0,https://www.amazon.com/dp/6207639294,6207639294,"Applications of ML on Weather Forecasting, Hardware and Healthcare",Rupam Sardar,Paperback,"Dec 30, 2024",
0,https://www.amazon.com/dp/3639516362,3639516362,Aviation industry in transition: Supply-side strategies and measures to reduce emissions,Petra Kusternik,Paperback,"Dec 30, 2024",
0,https://www.amazon.com/dp/3111575047,3111575047,Practical Chemistry: Instrumental Analysis (De Gruyter Textbook),Teshome Adugna,Kindle,"Dec 30, 2024",
0,https://www.amazon.com/dp/3031815661,3031815661,"International Conference on Smart Environment and Green Technologies – ICSEGT2024: Volume 1 (Lecture Notes in Networks and Systems, 1251)",Fahreddin Sadikoglu Mammadov,Kindle,"Dec 30, 2024",
0,https://www.amazon.com/dp/303180354X,303180354X,"6th International Conference on Biomedical Engineering: Proceedings of ICoBE 2023, September 4–5, 2023, Kuala Lumpur, Malaysia (IFMBE Proceedings, 115)",Hoi Leong Lee,Kindle,"Dec 30, 2024",
0,https://www.amazon.com/dp/3031483995,3031483995,Current and Future Trends on Intelligent Technology Adoption: Volume 1 (Studies in Computational Intelligence),Mohammed A. Al-Sharafi,Kindle,"Dec 30, 2024",
0,https://www.amazon.com/dp/3031458648,3031458648,Synthetic Biodegradable and Biobased Polymers: Industrial Aspects and Technical Products (Advances in Polymer Science),Andreas Künkel,Paperback,"Dec 30, 2024",
0,https://www.amazon.com/dp/166989150X,166989150X,The Living Robots: The Next Stage of the Unification of Living Being and Inanimate Matter,Metin Sahin,Kindle,"Dec 30, 2024",
0,https://www.amazon.com/dp/1300730943,1300730943,"Sources of Planet Energy, Environmental & Disaster Science: Climate-Justice & Equity",Bharat Raj Singh,Paperback,"Dec 30, 2024",
0,https://www.amazon.com/dp/1032710675,1032710675,Design and Assessment of Sustainable Products,Magdalena Wojnarowska,Kindle,"Dec 30, 2024",
0,https://www.amazon.com/dp/1032605871,1032605871,Advances in Renewable Natural Materials for Textile Sustainability (Textile Institute Professional Publications),Mohammad Shahid,Kindle,"Dec 30, 2024",
0,https://www.amazon.com/dp/1032579897,1032579897,A Definitive Guide to Behavioural Safety,Tim Marsh,Kindle,"Dec 30, 2024",
0,https://www.amazon.com/dp/B0DRTH5QXY,B0DRTH5QXY,S&S Off Road Magazine January 2025 Book Version (S&S Off Road Magazine Book Series),Sherri Kukla,Paperback,"Dec 29, 2024",
2,https://www.amazon.com/dp/B0DRYVGC2H,B0DRYVGC2H,Construction Word Search: Asphalt & Concrete,Susan Zacharias,Paperback,"Dec 29, 2024",
1,https://www.amazon.com/dp/B0DRWTRTF1,B0DRWTRTF1,Stance Auto Magazine Justvibes Show Stoppers: Justvibes Events The Ultimate Showcase in Downtown LA (Stance Auto 2025 Magazines),Paul Doherty,Kindle,"Dec 29, 2024",
0,https://www.amazon.com/dp/B0DRTKL4WN,B0DRTKL4WN,"Miami DMV Handbook: Your Complete Guide to Driving in South Florida (drivers handbook for both truck, commercial, and private drivers:)",Philip Roberts,Kindle,"Dec 29, 2024",
0,https://www.amazon.com/dp/B0DRTKT88K,B0DRTKT88K,"Virginia Driver’s Handbook: Your Guide to Safe and Legal Driving (drivers handbook for both truck, commercial, and private drivers:)",Philip Roberts,Kindle,"Dec 29, 2024",
1,https://www.amazon.com/dp/B0DRVCN48X,B0DRVCN48X,"How to Build Outdoor Living Spaces: A Guide to Building Patios, Fire Pits, and Stone Walls with step-by-step manual for creating your perfect backyard oasis. (Masonry Mastery)",Tom Martinez,Kindle,"Dec 29, 2024",
0,https://www.amazon.com/dp/B0F23R1JDF,B0F23R1JDF,"planner 2025 for women and man: 8.5 x 11, Large Weekly and Monthly with Green leaves",Wojciech Publishing,Paperback,"Dec 29, 2024",
0,https://www.amazon.com/dp/B0DSL6XVWK,B0DSL6XVWK,Truck Maintenance Log Book & Mileage Tracker: Your Essential Tool for Tracking and Managing Truck Repairs & Services,Vicky Dwaj,Paperback,"Dec 29, 2024",
0,https://www.amazon.com/dp/B0DS5TTNGF,B0DS5TTNGF,"meeting notebook for work - planner 2024-2025: (5 * 8 inches, 80 pages).",Belaidi,Paperback,"Dec 29, 2024",
0,https://www.amazon.com/dp/B0DS29VRPJ,B0DS29VRPJ,Innovations Creative Journal,MC Anthur,Paperback,"Dec 29, 2024",
0,https://www.amazon.com/dp/B0DS29D5TL,B0DS29D5TL,MY FAV SMALL NOTESBOOK | 4 X 6 IN | 100 PAGES | NARROW RULED | FOOTBALL THEMED - EASY TO CARRY & USE MEMO SIZED FOR TAKING NOTES/TRACKING LIFE ON THE ... CONSCIOUS ADULT TEEN & KIDS WHO LOVE SPORTS,DRB Press,Hardcover,"Dec 29, 2024",
0,https://www.amazon.com/dp/B0DS25PS46,B0DS25PS46,"Two Gears - A Notebook with Quarter Grid Pages (1/4-inch) for Engineers, Mechanics, Technical School Graduates, and Machine Operators.",Rafael Hornet,Hardcover,"Dec 29, 2024",
0,https://www.amazon.com/dp/B0DS1VJ61Y,B0DS1VJ61Y,Trucker Log Book: 120 pro pages,Julia Fonda,Hardcover,"Dec 29, 2024",
0,https://www.amazon.com/dp/B0DS1TNFWP,B0DS1TNFWP,Gas Mileage Log Book: 120 pro pages,Julia Fonda,Hardcover,"Dec 29, 2024",
1,https://www.amazon.com/dp/B0DS12G2PQ,B0DS12G2PQ,Automotive Service and Maintenance Log,David Noel Alkema,Paperback,"Dec 29, 2024",
0,https://www.amazon.com/dp/B0DRZJRGWY,B0DRZJRGWY,"Driven to Discover: A Car Word Search Collection: Explore Iconic Brands, Models, and Automotive Legends",VS's Puzzle,Paperback,"Dec 29, 2024",
0,https://www.amazon.com/dp/B0GW5WK8SX,B0GW5WK8SX,"The OSP Field Manual: Design, Coordination, and Construction from Concept to Completion",Norm Lanum RCDD,Paperback,"Apr 5, 2026",
0,https://www.amazon.com/dp/B0DRVWGSZJ,B0DRVWGSZJ,ABC of Kids Coding & Robotics:Book 2 - Workbook and Coding Practice,Peter Clarke,Paperback,"Dec 29, 2024",
0,https://www.amazon.com/dp/B0DRV7JN81,B0DRV7JN81,"Manufacturing Systems Principles in 5 days Vol 9: Quality Control, Tolerance and GD&T (BTEC)",TomorrowSKILLS ExamREVIEW,Paperback,"Dec 29, 2024",
0,https://www.amazon.com/dp/B0DRTJD553,B0DRTJD553,Onboard Aviation Bird Strike Directive Energy Laser Prevention Device (Aviation Security and Safety),Jamil Eugene Brown,Kindle,"Dec 29, 2024",
0,https://www.amazon.com/dp/B0DRTJ6PW7,B0DRTJ6PW7,"Production Management: Advanced Automation and Robotics in Production Management: A Comprehensive Guide to Advanced Automation, Robotics, and ... and Sustainability in Modern Industries",JAI SAN,Kindle,"Dec 29, 2024",
0,https://www.amazon.com/dp/B0DRTGJJSH,B0DRTGJJSH,"The Production Management Handbook: A Practical Guide for Industry Leaders: Your Essential Guide to Production Management: Strategies, Tools, and ... and Innovation in Modern Manufacturing",Alex Carter,Kindle,"Dec 29, 2024",
1,https://www.amazon.com/dp/B0DRTG7LY3,B0DRTG7LY3,"Production Management: Smart Manufacturing and Industry 4.0: Embracing Industry 4.0: A Guide to Smart Manufacturing, Digital Transformation, and Future-Ready Production Technologies",Alex Carter,Kindle,"Dec 29, 2024",
0,https://www.amazon.com/dp/B0DRTG238L,B0DRTG238L,The Rise of Generative AI: From GPT-4 to Beyond,vamsi g,Kindle,"Dec 29, 2024",
0,https://www.amazon.com/dp/9819960886,9819960886,Tools and Techniques in Radiation Biophysics,Ashima Pathak,Kindle,"Dec 29, 2024",
0,https://www.amazon.com/dp/9819929156,9819929156,Cricket Pitches: The Science Behind the Art of Pitch-Making―“An Integrated Pitch Management (I.P.M) Approach” (Springer Transactions in Civil and Environmental Engineering),Shyam Bahadur Singh,Paperback,"Dec 29, 2024",
0,https://www.amazon.com/dp/9819602939,9819602939,Advanced Control and Intelligent Computing Applications (Communications in Computer and Information Science),Chen Peng,Kindle,"Dec 29, 2024",
0,https://www.amazon.com/dp/9819601908,9819601908,Proceedings of the 15th Asia Pacific Physics Conference,Hyoung Joon Choi,Kindle,"Dec 29, 2024",
0,https://www.amazon.com/dp/3031772105,3031772105,"Industry 4.0 A Way to Achieve Occupational Health and Safety (Studies in Systems, Decision and Control, 575)",Suchismita Satapathy,Kindle,"Dec 29, 2024",
0,https://www.amazon.com/dp/3031479785,3031479785,Fundamentals of NMR and MRI: From Quantum Principles to Medical Applications,Fatemeh Khashami,Kindle,"Dec 29, 2024",
0,https://www.amazon.com/dp/3031437756,3031437756,Data Governance: From the Fundamentals to Real Cases,Ismael Caballero,Kindle,"Dec 29, 2024",
0,https://www.amazon.com/dp/3031408993,3031408993,Cold-Water Coral Reefs of the World,Erik Cordes,Kindle,"Dec 29, 2024",
0,https://www.amazon.com/dp/3031408837,3031408837,"On Joachim Jungius’ Texturæ Contemplatio: Texture, Weaving and Natural Philosophy in the 17th Century (International Archives of the History of Ideas Archives internationales d'histoire des idées)",Michael Friedman,Paperback,"Dec 29, 2024",
0,https://www.amazon.com/dp/158850302X,158850302X,"Mercedes-Benz 230sl, 230s & 230 Models 1963-1968 Workshop Manual",Floyd Clymer,Paperback,"Dec 28, 2024",
4,https://www.amazon.com/dp/B0DRTBBW6T,B0DRTBBW6T,Build Your Own Electric Go-Kart: Ben Stone’s Ultimate Guide (The Builder's Blueprint Series),Ben Stone,Kindle,"Dec 28, 2024",
3,https://www.amazon.com/dp/1300733934,1300733934,"Wire Antennas 160 meter to 70 cm: Concepts, Construction and On the Air - Second Edition",Robert Glorioso,Paperback,"Dec 28, 2024",
0,https://www.amazon.com/dp/B0DRZJYKB5,B0DRZJYKB5,"Generator Maintenance Log Book: Use this logbook to track generator maintenance, recording inspections, tasks, and repairs to ensure optimal performance.",Tafrite Touder,Paperback,"Dec 28, 2024",
0,https://www.amazon.com/dp/3662697823,3662697823,Optimising and Digitising Supply Chain Processes,Torsten Becker,Paperback,"Dec 28, 2024",
1,https://www.amazon.com/dp/B0DRXPDQ5P,B0DRXPDQ5P,DIY Tilt-Crank Tower: Ben Stone's Guide to Building Your Own (The Builder's Blueprint Series),Ben Stone,Kindle,"Dec 28, 2024",
0,https://www.amazon.com/dp/B0GV7G177D,B0GV7G177D,"Professional Engineer {PE} Electrical & Computer Engineering Study Guide 2026-2027 EDITION: A Complete NCEES-Aligned Content Review with Worked Examples, Practice Problems, and Exam Strategies",MORGAN  LANGFORD PUBLICATION,Paperback,"Mar 27, 2026",
0,https://www.amazon.com/dp/B0DRVVSSHQ,B0DRVVSSHQ,insane trucks coloring book: High-Octane Fun with Modern Trucks: A Coloring Adventure for All Ages,samir pook,Paperback,"Dec 28, 2024",
0,https://www.amazon.com/dp/B0DRYNL5YG,B0DRYNL5YG,Bridging the Gap: Mentoring Engineers for Sustainable Development in Emerging Economies,Nathaniel Sawyerr,Kindle,"Dec 28, 2024",
0,https://www.amazon.com/dp/9819943728,9819943728,Plant Essential Oils: From Traditional to Modern-day Application,Bhanu Prakash,Kindle,"Dec 28, 2024",
0,https://www.amazon.com/dp/B0GJ18QNZM,B0GJ18QNZM,Programming ESP32: Learn MicroPython Coding and Electronics (Second Edition):: Learn MicroPython Coding and Electronics,Simon Monk,Paperback,"Dec 28, 2024",
0,https://www.amazon.com/dp/B0DRZND5KG,B0DRZND5KG,"Only the Strongest Women Become Civil Engineers: Inspirational Lined Notebook for Women in Civil Engineering | 6x9 Motivational Journal, 120 Pages | ... for Female Engineers, Students & Graduates",amer alalaak,Paperback,"Dec 28, 2024",
0,https://www.amazon.com/dp/B0DRZJMWCB,B0DRZJMWCB,"Vehicle Maintenance Log Book: Ultimate Vehicle Repair & Service Logbook | 100+ Pages | Compact 5"" x 8"" Size for Cars, Trucks & Motorcycles",Sid Made It,Paperback,"Dec 28, 2024",
0,https://www.amazon.com/dp/B0DRZJB62Z,B0DRZJB62Z,Plane Spotters Biz Jet & G.A Turboprop Aircraft Log Book,SpottOn Books,Paperback,"Dec 28, 2024",
0,https://www.amazon.com/dp/B0DRZHV7GV,B0DRZHV7GV,Plane Spotters General Aviation Log Book,SpottOn Books,Paperback,"Dec 28, 2024",
0,https://www.amazon.com/dp/B0DRZHC6FL,B0DRZHC6FL,Plane Spotters Biz Jet & G.A Turboprop Aircraft Log Book,SpottOn Books,Paperback,"Dec 28, 2024",
0,https://www.amazon.com/dp/B0DRZH2K63,B0DRZH2K63,Plane Spotters G.A and Corporate Helicopter Log Book,SpottOn Books,Paperback,"Dec 28, 2024",
0,https://www.amazon.com/dp/B0DRZG85W5,B0DRZG85W5,Plane Spotters General Aviation Log Book,SpottOn Books,Paperback,"Dec 28, 2024",
0,https://www.amazon.com/dp/B0DRZF64CT,B0DRZF64CT,"Truck Driver Log Book: Comprehensive Logbook for Daily Activities, Cargo, Fuel Usage, and Maintenance Records",Lila Page,Paperback,"Dec 28, 2024",
0,https://www.amazon.com/dp/B0DRYDBBT1,B0DRYDBBT1,Daily Occurrence Book: Track & Record All Security-Related Activities,Joe katherine,Hardcover,"Dec 28, 2024",
0,https://www.amazon.com/dp/B0DRYCQDZ3,B0DRYCQDZ3,Vehicle Maintenance Log Book,Ross Lipic,Paperback,"Dec 28, 2024",
0,https://www.amazon.com/dp/B0DRY46NJ7,B0DRY46NJ7,"Formula Race Car Composition Book – 110 Wide-Ruled Pages, 7.5 x 9.25 Inches, Durable Matte Cover – Perfect for Students, Writing, and Aspiring Young ... – Excellent for Note-Taking, Creative Writing",Child's Corner,Paperback,"Dec 28, 2024",
0,https://www.amazon.com/dp/B0DRY2WK7Z,B0DRY2WK7Z,"Speedway Writing Notebook – 110 Wide-Ruled Pages, 7.5 x 9.25 Inches, Durable Matte Cover – Ideal for Young Racing Enthusiasts, Schoolwork and Creative ... Daily Practice – Perfect for Back-to-School",Happy Kiddo,Paperback,"Dec 28, 2024",
0,https://www.amazon.com/dp/B0DRY2VXK7,B0DRY2VXK7,"Racing Car Composition Notebook – 110 Wide-Ruled Pages, 7.5 x 9.25 Inches, Durable Matte Cover – Perfect for School, Writing and Young Motorsports ... – Great for Class Notes, Homework Assignments",Sunny Scribbles,Paperback,"Dec 28, 2024",
0,https://www.amazon.com/dp/B0DRX25SQM,B0DRX25SQM,"I'm a Pickle Who Loves Engineering, Composition Notebook, 110 Pages, Wide Ruled, 8.5x11: School STEM Notepad for Kids, Tweens & Teens Who Love Pickled Cucumbers & Gherkins",Gear Girl NJ,Paperback,"Dec 28, 2024",
0,https://www.amazon.com/dp/B0DRWQ7RWW,B0DRWQ7RWW,The Ultimate Guide to Car Maintenance: Vehicle Maintenance Log Included,Victor Barillas,Paperback,"Dec 28, 2024",
0,https://www.amazon.com/dp/B0DRT98GQW,B0DRT98GQW,"The Evolution and Future of Air Transportation: The Future of Air Transport: Innovations, Challenges, and Vision for 2050",Gautam S,Kindle,"Dec 28, 2024",
0,https://www.amazon.com/dp/B0DRSX5J4G,B0DRSX5J4G,How People Influence Project Outcomes: Understanding Human Dynamics in Project Management,Wiggo Eriksen,Kindle,"Dec 28, 2024",
0,https://www.amazon.com/dp/B0DRSSJVPG,B0DRSSJVPG,Beyond Automation: Building Human-AI Collaborative Teams,Oluchi Ike,Kindle,"Dec 28, 2024",
0,https://www.amazon.com/dp/B0DRSRVF1N,B0DRSRVF1N,"""The Future of Long-Range Missiles: Forecasting, Innovations, and Applications"": ""A Comprehensive Guide to the Evolving Landscape of Missile Technology""",v s,Paperback,"Dec 28, 2024",
0,https://www.amazon.com/dp/9819961939,9819961939,"The Spleen: Anatomy, Physiology and diseases",Ahmed H. Al-Salem,Kindle,"Dec 28, 2024",
0,https://www.amazon.com/dp/9819935202,9819935202,"Quantum Critical Phenomena of Valence Transition: Heavy Fermion Metals and Related Systems (Springer Tracts in Modern Physics, 289)",Shinji Watanabe,Paperback,"Dec 28, 2024",
0,https://www.amazon.com/dp/B0GSX12W9Z,B0GSX12W9Z,"Maritime Career Mastery: AI Mighty Master Maritime Manual for Discipline and Career Longevity: A Professional Guide to Maritime Discipline, Leadership, and Long-Term Success",Mr. Juan Michael Valence Jr.,Paperback,"Mar 17, 2026",
0,https://www.amazon.com/dp/9819771862,9819771862,Embodied and Operational Carbon in Buildings: Strategies to Decarbonize (SpringerBriefs in Architectural Design and Technology),Shveta Mohan,Paperback,"Dec 28, 2024",
0,https://www.amazon.com/dp/9819620635,9819620635,"MultiMedia Modeling: 31st International Conference on Multimedia Modeling, MMM 2025, Nara, Japan, January 8–10, 2025, Proceedings, Part III (Lecture Notes in Computer Science)",Ichiro Ide,Kindle,"Dec 28, 2024",
0,https://www.amazon.com/dp/9819603129,9819603129,Robotics and Autonomous Systems and Engineering Applications of Computational Intelligence (Communications in Computer and Information Science),Juping Gu,Kindle,"Dec 28, 2024",
0,https://www.amazon.com/dp/9819601878,9819601878,Advancement in Computational Methods for Life Systems Modelling and Simulation (Communications in Computer and Information Science),Minrui Fei,Kindle,"Dec 28, 2024",
0,https://www.amazon.com/dp/6208509068,6208509068,Solid Foundations,Alejandro Nesci,Paperback,"Dec 28, 2024",
0,https://www.amazon.com/dp/303180340X,303180340X,"Advances in Manufacturing Processes and Smart Manufacturing Systems: Smart Materials and Manufacturing Systems and Sustainable Management Operations, ... (Lecture Notes in Networks and Systems, 1214)",Denni Kurniawan,Kindle,"Dec 28, 2024",
0,https://www.amazon.com/dp/3031775236,3031775236,Advances in Teaching and Learning for Cyber Security Education (Lecture Notes in Networks and Systems),Phil Legg,Kindle,"Dec 28, 2024",
0,https://www.amazon.com/dp/3031735374,3031735374,"Methodologies and Intelligent Systems for Technology Enhanced Learning, 14th International Conference (Lecture Notes in Networks and Systems)",Christothea Herodotou,Kindle,"Dec 28, 2024",
0,https://www.amazon.com/dp/3031494814,3031494814,Circularity in Textiles (Textile Science and Clothing Technology),Syeda Rubab Batool,Kindle,"Dec 28, 2024",
0,https://www.amazon.com/dp/3031437616,3031437616,"Selected Studies in Geotechnics, Geo-informatics and Remote Sensing: Proceedings of the 3rd Conference of the Arabian Journal of Geosciences (CAJG-3) (Advances in Science, Technology & Innovation)",Zeynal Abiddin Ergüler,Paperback,"Dec 28, 2024",
0,https://www.amazon.com/dp/3031395441,3031395441,"Handbook for Management of Threats: Security and Defense, Resilience and Optimal Strategies (Springer Optimization and Its Applications, 205)",Konstantinos P. Balomenos,Paperback,"Dec 28, 2024",
0,https://www.amazon.com/dp/3031378202,3031378202,Proceedings of the 30th International Laser Radar Conference (Springer Atmospheric Sciences),John T. Sullivan,Kindle,"Dec 28, 2024",
3,https://www.amazon.com/dp/B0DN39RKNT,B0DN39RKNT,The Mechanical Boy: An Aviation Enthusiast at Henry Ford's Wayside Inn Boys School,Diana Bittern,Kindle,"Dec 27, 2024",
0,https://www.amazon.com/dp/B0DRS85P7T,B0DRS85P7T,Build a Two-Car Garage Apartment: A DIY Guide by Ben Stone (The Builder's Blueprint Series),Ben Stone,Kindle,"Dec 27, 2024",
2,https://www.amazon.com/dp/1284299147,1284299147,Prehospital Trauma Life Support (PHTLS): UK Edition,National Association of Emergency Medical Technicians (NAEMT),Paperback,"Dec 27, 2024",
0,https://www.amazon.com/dp/B0DMCPG1Y1,B0DMCPG1Y1,The Future Of Generative AI: Creating Tomorrow: The Power of Generative AI Unleashed,Skip Vanderburg,Kindle,"Dec 27, 2024",
0,https://www.amazon.com/dp/3031787986,3031787986,Galileo and Satellite Navigation (SpringerBriefs in History of Science and Technology),Alessandro De Angelis,Kindle,"Dec 27, 2024",
0,https://www.amazon.com/dp/3031725239,3031725239,"Body Area Networks. Smart IoT and Big Data for Intelligent Health Management: 18th EAI International Conference, BODYNETS 2024-A, Milan, Italy, ... and Telecommunications Engineering)",Marouan Mizmizi,Kindle,"Dec 27, 2024",
1,https://www.amazon.com/dp/B0DRPGS4RB,B0DRPGS4RB,The Railroader Tales from the Tracks:: Surviving and Thriving on the Railroad,Conscious Railroader FDJ,Kindle,"Dec 27, 2024",
1,https://www.amazon.com/dp/0367558157,0367558157,The Impact of Artificial Intelligence in Radiology (AI in Clinical Practice),Adam E. M. Eltorai,Kindle,"Dec 27, 2024",
0,https://www.amazon.com/dp/B0DRSL7S7F,B0DRSL7S7F,Build a Concrete Block Making Machine: Building Blocks of Success (The Builder's Blueprint Series),Ben Stone,Kindle,"Dec 27, 2024",
0,https://www.amazon.com/dp/0309706653,0309706653,A Research Agenda Toward Atmospheric Methane Removal,"and Medicine National Academies of Sciences, Engineering",Kindle,"Dec 27, 2024",
0,https://www.amazon.com/dp/B0DRRSYGLJ,B0DRRSYGLJ,Visualised Systems Engineering on Railway Projects,Jong-pil Nam,Kindle,"Dec 27, 2024",
0,https://www.amazon.com/dp/B0DV7XJDTG,B0DV7XJDTG,Airbus A320 Flight Controls,Biblioteca Aeronáutica,Paperback,"Dec 27, 2024",
0,https://www.amazon.com/dp/B0DRVR5RF1,B0DRVR5RF1,Engines of Conflict: A Global History of Cars and War,Parham R,Kindle,"Dec 27, 2024",
0,https://www.amazon.com/dp/B0DRVDRY8K,B0DRVDRY8K,"INSPIRED by NATURE LINED JOURNAL WITH GINKGO LEAF | Office and school supplies gift for students: for Daily Affirmations, Personal Reflections, and Inspired Writing",Ann Mari Pozi,Paperback,"Dec 27, 2024",
1,https://www.amazon.com/dp/B0DRV29W7K,B0DRV29W7K,Blazing Trails: The Notebook for the Bold and Fearless: A Sanctuary for Steady Thoughts and Growth,Constantin Gatej,Paperback,"Dec 27, 2024",
0,https://www.amazon.com/dp/B0DRTML693,B0DRTML693,Cars coloring book for kids: 50 sports cars coloring book for kids,Ali Wissam,Paperback,"Dec 27, 2024",
0,https://www.amazon.com/dp/B0DRTJ9YF7,B0DRTJ9YF7,"Painting Estimate Book: Track Daily Activity, Client Details, Sketch Job and More! | 60+ Work Order Forms for Painters and Contractors",Habiballah Hkaya,Paperback,"Dec 27, 2024",
0,https://www.amazon.com/dp/B0DRT8QGHF,B0DRT8QGHF,Coloring Cogs: A Mindful Coloring Book for Teens & Adults,Marie Jensen,Paperback,"Dec 27, 2024",
0,https://www.amazon.com/dp/B0DRT81Z8J,B0DRT81Z8J,The power of Data Science: From Raw Data to Actionable Insights: A Guide to the Future of Analytics,Dr. Harmeet Singh Chandigarh University,Kindle,"Dec 27, 2024",
1,https://www.amazon.com/dp/B0DRT522TC,B0DRT522TC,"CARS Vrroom! Vrroom!! Word Search: Word Search Puzzles for Adults, Seniors, and Teens",rudy jordache,Paperback,"Dec 27, 2024",
0,https://www.amazon.com/dp/B0DRSRT1BZ,B0DRSRT1BZ,"Painting Estimate Forms: Track Daily Activity, Client Details, Sketch Job and More! | 60+ Work Order Logbook for Painters and Contractors",Habiballah Hkaya,Paperback,"Dec 27, 2024",
0,https://www.amazon.com/dp/B0DRSQWPCG,B0DRSQWPCG,"I'm an engineering student I have no time: Engineer Student Gift, Engineering Teacher unique, Blank Lined Journal, Blank Lined Paper Notebook 6x9, Soft Cover, 110 Pages.",Medyox Medy,Paperback,"Dec 27, 2024",
0,https://www.amazon.com/dp/B0DRSQR4CT,B0DRSQR4CT,Construction Site Daily Logbook: Your Essential Tool for Project Tracking,Jordan Masonfield,Paperback,"Dec 27, 2024",
0,https://www.amazon.com/dp/B0DRSQ2X19,B0DRSQ2X19,"Project Planner Notebook: Dream Big, Plan Smart, Execute Successfully",Lakshay Nagda,Paperback,"Dec 27, 2024",
0,https://www.amazon.com/dp/B0DRSPFYTW,B0DRSPFYTW,"I'm A Dad And Engineer Nothing Scares Me: funny engineer gifts, engineering notebook organize ideas, Blank Lined Journal, Blank Lined Paper Notebook 6x9, Soft Cover, 110 Pages.",Medyox Medy,Paperback,"Dec 27, 2024",
0,https://www.amazon.com/dp/B0DRSN7TQV,B0DRSN7TQV,"Password Book: Internet Password Keeper with A-Z Alphabetical Tabs - Log Book to Save Web Addresses, Logins, Password And Notes (105 Pages, 6""x9"" Inch)",SARAH  MOBLEY PRESS  HOUSE,Paperback,"Dec 27, 2024",
0,https://www.amazon.com/dp/B0DRSFWMM1,B0DRSFWMM1,"Industrial Engineering: New Methods, Applications, and Case Studies",Rakesh Kumar,Kindle,"Dec 27, 2024",
0,https://www.amazon.com/dp/B0DRS68XVL,B0DRS68XVL,Mastering Artificial Intelligence: From a Noob to an AI Expert (Most Popular and Trending Courses to Build Your Career),Yatendra Kumar Singh Manuh,Kindle,"Dec 27, 2024",
0,https://www.amazon.com/dp/B0DRPMV378,B0DRPMV378,"Warehouse Management: The Future of Warehousing: Revolutionizing Warehouse Operations with Automation, Robotics, IoT, and AI for Smarter, Faster, and More Efficient Supply Chain Management",JAI SAN,Kindle,"Dec 27, 2024",
0,https://www.amazon.com/dp/9819766834,9819766834,"ICT for Intelligent Systems: Proceedings of ICTIS 2024, Volume 6 (Lecture Notes in Networks and Systems, 1112)",Jyoti Choudrie,Paperback,"Dec 27, 2024",
0,https://www.amazon.com/dp/9819748917,9819748917,"Cyber Security and Intelligent Systems: Proceedings of Eighth International Conference on Information System Design and Intelligent Applications ... (Lecture Notes in Networks and Systems, 1056)",Vikrant Bhateja,Kindle,"Dec 27, 2024",
0,https://www.amazon.com/dp/9819610443,9819610443,"Man-Machine Speech Communication: 19th National Conference, NCMMSC 2024, Urumqi, China, August 15–18, 2024, Proceedings (Communications in Computer and Information Science)",Zhenhua Ling,Kindle,"Dec 27, 2024",
0,https://www.amazon.com/dp/9819601533,9819601533,"Frontiers in Cyber Security: 7th International Conference, FCS 2024, Chongqing, China, July 26–28, 2024, Proceedings, Part II (Communications in Computer and Information Science)",Biwen Chen,Kindle,"Dec 27, 2024",
0,https://www.amazon.com/dp/9819601509,9819601509,"Frontiers in Cyber Security: 7th International Conference, FCS 2024, Chongqing, China, July 26–28, 2024, Proceedings, Part I (Communications in Computer and Information Science)",Biwen Chen,Kindle,"Dec 27, 2024",
0,https://www.amazon.com/dp/6208506395,6208506395,Time and methods study in the foaming sector,Henrique Gabriel Rovigatti Chiavelli,Paperback,"Dec 27, 2024",
0,https://www.amazon.com/dp/6208506328,6208506328,Standards for identifying defects in flexible pavements,Denise Maria Camargo Machado,Paperback,"Dec 27, 2024",
0,https://www.amazon.com/dp/6208396352,6208396352,Fus: Potential for Rabies Treatment,Abdelhafid Mimouni,Paperback,"Dec 27, 2024",
0,https://www.amazon.com/dp/6204983032,6204983032,Synthesis of minimum control systems of hydraulic and pneumatic drives: Monograph,Mikhail CHERKASHENKO,Paperback,"Dec 27, 2024",
0,https://www.amazon.com/dp/365990015X,365990015X,Choice of Optimal Proportional-Integral (PI) Controller Gains: For the control of a Buck-Boost Converter Fed by PV Array,Orioha Samuel T.,Paperback,"Dec 27, 2024",
0,https://www.amazon.com/dp/3031817761,3031817761,Transport Systems and Urban Logistics (Lecture Notes in Networks and Systems),Grzegorz Sierpiński,Kindle,"Dec 27, 2024",
0,https://www.amazon.com/dp/303180337X,303180337X,"Advances in Manufacturing Processes and Smart Manufacturing Systems: Smart Materials and Manufacturing Systems and Sustainable Management Operations, ... (Lecture Notes in Networks and Systems, 1215)",Denni Kurniawan,Kindle,"Dec 27, 2024",
0,https://www.amazon.com/dp/3031787757,3031787757,"International Conference on Innovative Approaches to the Application of Digital Technologies in Education and Research: SLET 2022 (Lecture Notes in Networks and Systems, 1222)",Maria Lapina,Kindle,"Dec 27, 2024",
0,https://www.amazon.com/dp/3031782755,3031782755,Smart Applications and Sustainability in the AIoT Era (Sustainable Civil Infrastructures),Fadi Al-Turjman,Kindle,"Dec 27, 2024",
0,https://www.amazon.com/dp/3031745795,3031745795,"Algorithmics of Wireless Networks: 20th International Symposium, ALGOWIN 2024, Egham, UK, September 5–6, 2024, Proceedings (Lecture Notes in Computer Science)",Quentin Bramas,Kindle,"Dec 27, 2024",
0,https://www.amazon.com/dp/3031733177,3031733177,"Intelligent Computing and Optimization: Proceedings of the 7th International Conference on Intelligent Computing and Optimization 2023 (ICO2023), Volume 2",Pandian Vasant,Kindle,"Dec 27, 2024",
0,https://www.amazon.com/dp/3031709586,3031709586,"Lecture Notes in Data Engineering, Computational Intelligence, and Decision-Making, Volume 1 (Lecture Notes on Data Engineering and Communications Technologies)",Sergii Babichev,Paperback,"Dec 27, 2024",
0,https://www.amazon.com/dp/3031508866,3031508866,"Intelligent Computing and Optimization: Proceedings of the 7th International Conference on Intelligent Computing and Optimization 2023 (ICO2023), Volume 1 (Lecture Notes in Networks and Systems)",Pandian Vasant,Kindle,"Dec 27, 2024",
0,https://www.amazon.com/dp/1326749374,1326749374,Do It Yourself Flying Machine. An Almost Complete Guide,Robert Shaw,Paperback,"Dec 27, 2024",
0,https://www.amazon.com/dp/103273860X,103273860X,From Street-smart to Web-wise®,Al Marcella,Kindle,"Dec 27, 2024",
0,https://www.amazon.com/dp/0443220824,0443220824,Quality Analysis and Packaging of Seafood Products,Ashutosh Kumar Shukla,Kindle,"Nov 15, 2024",
0,https://www.amazon.com/dp/1032370149,1032370149,"Introduction to Human Factors: Applying Psychology to Design, Second Edition",Nancy J. Stone,Kindle,"Dec 26, 2024",
0,https://www.amazon.com/dp/B0FC1Y8T4F,B0FC1Y8T4F,Simcenter Nastran with NX 2406: Practical CAE Tutorials for Beginners and Advanced Users,Koh Jaecheol,Paperback,"Jun 4, 2025",
0,https://www.amazon.com/dp/B0DRPMNGT6,B0DRPMNGT6,"Painting Estimate Forms: Proposal Book for Painters | 60+ Forms, 120 Single-Sided Pages",Abdel Assel,Paperback,"Dec 26, 2024",
1,https://www.amazon.com/dp/1476697388,1476697388,"Mare Island Naval Hospital: A History, 1864-1957",Thomas L. Snyder M.D.,Kindle,"Dec 26, 2024",
1,https://www.amazon.com/dp/B0DRJVVLY4,B0DRJVVLY4,The Audi TT: A Journey Through Design and Innovation (The Audi Collection),Todd Bandel,Kindle,"Dec 26, 2024",
0,https://www.amazon.com/dp/B0DRPJ13WW,B0DRPJ13WW,"Painting Proposal Forms: Estimate Book for Painters | 60+ Forms, 120 Single-Sided Pages",Abdel Assel,Paperback,"Dec 26, 2024",
0,https://www.amazon.com/dp/B0DRPN1GV7,B0DRPN1GV7,"Electrical Engineering Notebook: Essential SI Prefixes, Equations & 5x5 Graph Paper: Comprehensive Reference Sheets for FE Exam Notes and Electrical Desig",Meta Mindset,Paperback,"Dec 26, 2024",
3,https://www.amazon.com/dp/B0DRNKDJCX,B0DRNKDJCX,Build Your DIY Engine Running Stand: A Guide to Professional Engine Testing (The Builder's Blueprint Series),Ben Stone,Kindle,"Dec 26, 2024",
0,https://www.amazon.com/dp/B0DRLCJNRW,B0DRLCJNRW,FLORIDA DMV TEST HANDBOOK: Your Ultimate Guide to Passing with Confidence and Driving Safely,Facts File,Paperback,"Dec 26, 2024",
0,https://www.amazon.com/dp/0473736357,0473736357,Broken City: Why Auckland is f*d and what is being done about it,Chris Harris,Kindle,"Dec 26, 2024",
0,https://www.amazon.com/dp/3031774310,3031774310,"Optimization, Learning Algorithms and Applications: 4th International Conference, OL2A 2024, Tenerife, Spain, July 24-26, 2024, Proceedings, Part II ... in Computer and Information Science)",Ana I. Pereira,Kindle,"Dec 26, 2024",
0,https://www.amazon.com/dp/B0DG7Y8NQH,B0DG7Y8NQH,"Enterprise Digital Reliability: Building Security, Usability, and Digital Trust",Manoj Kuppam,Kindle,"Dec 26, 2024",
0,https://www.amazon.com/dp/1032645121,1032645121,Surviving the Wild Wild Web,Marton Gergely,Kindle,"Dec 26, 2024",
0,https://www.amazon.com/dp/B0DRSN2K9X,B0DRSN2K9X,"Equipment Safety Inspection and Repair Report: Daily Pre-Trip Vehicle Inspection Report Book for Drivers and Truckers, 200 Single Sided Pages",Myforms Edition,Paperback,"Dec 26, 2024",
0,https://www.amazon.com/dp/B0DRSVWT7R,B0DRSVWT7R,Electronics Laboratory Manual: (Hands on Practice),Ugochukwu Edebeani Anionovo PhD,Kindle,"Dec 26, 2024",
0,https://www.amazon.com/dp/B0DRVJXSHJ,B0DRVJXSHJ,Product Development Notebook : Concept to Creation,Chintan Patidar,Paperback,"Dec 26, 2024",
0,https://www.amazon.com/dp/B0DRSNKRY7,B0DRSNKRY7,Ultimate Road Trip Journal: With bonus pages,Julia Fonda,Hardcover,"Dec 26, 2024",
0,https://www.amazon.com/dp/B0DRSJHKMR,B0DRSJHKMR,American Muscle Cars & Trucks Coloring Book: A Nostalgic Journey Through Vintage Automobiles with Fascinating Facts and Journaling Pages,Lavanya Legacy Publishing,Paperback,"Dec 26, 2024",
0,https://www.amazon.com/dp/B0DRSH6N7V,B0DRSH6N7V,Equipment Safety Inspection & Repair Report Book: Equipment Maintenance & Repair Inspection Checklist Log | Equipment Maintenance Record Logbook,Aichn.Esi Publishing,Paperback,"Dec 26, 2024",
0,https://www.amazon.com/dp/B0DRSGMG7K,B0DRSGMG7K,Plane Spotters Commercial Airliners & Freighter Log Book,SpottOn Books,Paperback,"Dec 26, 2024",
0,https://www.amazon.com/dp/B0DRSGLQMF,B0DRSGLQMF,Plane Spotters Commercial Airliners & Freighter Log Book,SpottOn Books,Paperback,"Dec 26, 2024",
0,https://www.amazon.com/dp/B0DRSG4HK4,B0DRSG4HK4,Plane Spotters Commercial Airliners & Freighter Log Book,SpottOn Books,Paperback,"Dec 26, 2024",
0,https://www.amazon.com/dp/B0DRSG14SQ,B0DRSG14SQ,Plane Spotters Commercial Airliners & Freighter Log Book,SpottOn Books,Paperback,"Dec 26, 2024",
0,https://www.amazon.com/dp/B0DRSD6VLC,B0DRSD6VLC,Plane Spotters Commercial Airliners & Freighter Log Book,SpottOn Books,Paperback,"Dec 26, 2024",
0,https://www.amazon.com/dp/B0DRPMHSR2,B0DRPMHSR2,"Vehicle Maintenance Log Book: Record Auto Repairs and Services for Cars, Trucks, and More for Personal and Business Use",Eden Logsbrook,Hardcover,"Dec 26, 2024",
0,https://www.amazon.com/dp/B0DRPM5GRV,B0DRPM5GRV,MY FAV SMALL NOTESBOOK | 4 X 6 IN | 100 PAGES | NARROW RULED | FOOTBALL THEMED - EASY TO CARRY & USE MEMO SIZED FOR TAKING NOTES/TRACKING LIFE ON THE ... CONSCIOUS ADULT TEEN & KIDS WHO LOVE SPORTS,DRB PRESS,Paperback,"Dec 26, 2024",
0,https://www.amazon.com/dp/B0DRPHFJ9H,B0DRPHFJ9H,Car Maintenance Log book,Shawn Oler,Paperback,"Dec 26, 2024",
2,https://www.amazon.com/dp/9815050435,9815050435,Smart Port Management and Strategy,Nam-Kyu Park,Paperback,"Apr 15, 2022",
1,https://www.amazon.com/dp/B0DRP6WJ84,B0DRP6WJ84,"ELECTRICIAN EXAM PREP STUDY GUIDE: An Updated Step-by-Step Guide to Passing the Exam, Balancing Life and Study from Complex Codes to Simple Solutions with Tips & Tricks. No Guesswork, Just Results",Rayan Horner,Kindle,"Dec 26, 2024",
0,https://www.amazon.com/dp/B0DRNQFLGD,B0DRNQFLGD,An Introduction to Bridge Load Rating Procedures for Construction Managers (Construction Management),J. Paul Guyer,Kindle,"Dec 26, 2024",
0,https://www.amazon.com/dp/B0DRL8NKJ4,B0DRL8NKJ4,THE TECHNOLOGIST 1: basic notions of tools,Alessio Gaspari,Kindle,"Dec 26, 2024",
0,https://www.amazon.com/dp/B0DRL3M9XW,B0DRL3M9XW,Remote Inspection Manual: Advanced Practices for Effective Implementation,SolarisTech Advisory,Paperback,"Dec 26, 2024",
0,https://www.amazon.com/dp/9819961386,9819961386,Transactions on Intelligent Welding Manufacturing: Volume V No. 2 2021,Shanben Chen,Kindle,"Dec 26, 2024",
0,https://www.amazon.com/dp/9819935636,9819935636,"Metabolomics, Proteomes and Gene Editing Approaches in Biofertilizer Industry",Sukhminderjit Kaur,Kindle,"Dec 26, 2024",
0,https://www.amazon.com/dp/6208500435,6208500435,Humans + Machines,Armando Gómez,Paperback,"Dec 26, 2024",
0,https://www.amazon.com/dp/6208500176,6208500176,Corrected non-destructive testing (NDT) exercises,Mohammed Ait El Fqih,Paperback,"Dec 26, 2024",
0,https://www.amazon.com/dp/6207841409,6207841409,INDUSTRIAL WASTEWATER RECYCLING:WATER CONSERVATION IN SOLAR PROJECTS: Innovative Approaches to Industrial Wastewater Recycling: Enhancing Water Conservation in Solar Power Plants,Abdeljalil ADAM,Paperback,"Dec 26, 2024",
0,https://www.amazon.com/dp/3659831395,3659831395,Analysis and Work Performance of LabVIEW-based Wind Turbine Emulator: Design of LabVIEW-based WTE,Kumaril Buts,Paperback,"Dec 26, 2024",
0,https://www.amazon.com/dp/3330028904,3330028904,Structure evolution of age-hardening aluminum alloy: Microscopic and continuous phase field simulation,Hong Mao,Paperback,"Dec 26, 2024",
0,https://www.amazon.com/dp/3031774256,3031774256,"Optimization, Learning Algorithms and Applications: 4th International Conference, OL2A 2024, Tenerife, Spain, July 24–26, 2024, Proceedings, Part I",Ana I. Pereira,Kindle,"Dec 26, 2024",
4,https://www.amazon.com/dp/B0DRJ1M9JX,B0DRJ1M9JX,Balloon Flying Handbook FAA-H-8083-11B (Color Print),U.S. Department of Transportation,Kindle,"Dec 25, 2024",
0,https://www.amazon.com/dp/1774591545,1774591545,SolidWorks Electrical 2025 Black Book,Gaurav Verma,Paperback,"Dec 25, 2024",
0,https://www.amazon.com/dp/B0DRP96RYQ,B0DRP96RYQ,Funny Marine Engineer Definition: Funny Graph Paper Notebook Journal for Shipbuilders and Ocean Enthusiasts,Bamazruk Works,Paperback,"Dec 25, 2024",
0,https://www.amazon.com/dp/B0DRHXV9DL,B0DRHXV9DL,The Science behind Submarines: Exploring the Depths: A Deep Dive into the Engineering and World of Submersibles,Dr. Harmeet Singh Chandigarh University,Kindle,"Dec 25, 2024",
0,https://www.amazon.com/dp/B0DRSD2STW,B0DRSD2STW,Student Pilot Logbook | Flight Record Journal,Tyne Castro,Paperback,"Dec 25, 2024",
0,https://www.amazon.com/dp/B0DRPV8Y77,B0DRPV8Y77,Powered by Horsepower: Notebook for car enthusiasts,Edward Evianti,Paperback,"Dec 25, 2024",
0,https://www.amazon.com/dp/B0DRPJPZFW,B0DRPJPZFW,Aviation Logbook: Flight Record Book | Logbook for Student Pilots,Tyne Castro,Paperback,"Dec 25, 2024",
0,https://www.amazon.com/dp/B0DRPHZ8LH,B0DRPHZ8LH,Pilot Logbook: Flight Record Journal | Logbook for Student Pilots,Tyne Castro,Paperback,"Dec 25, 2024",
0,https://www.amazon.com/dp/B0DRPGMBVC,B0DRPGMBVC,Notebook 2025,Kory Andrew Vorwald,Paperback,"Dec 25, 2024",
0,https://www.amazon.com/dp/B0DRPCTTY5,B0DRPCTTY5,BOOK TITLE: MY FAV SMALL NOTESBOOK | 4 X 6 IN | 100 PAGES | NARROW RULED | FOOTBALL THEMED - EASY TO CARRY & USE MEMO SIZED FOR TAKING NOTES/TRACKING ... & ECONOMICALLY CONSCIOUS ADULT TEEN & KID,DRB PRESS,Paperback,"Dec 25, 2024",
0,https://www.amazon.com/dp/B0DRPCTJ53,B0DRPCTJ53,Vehicle Maintenance Log Book: Car Repair Journal / Automotive Service Record Book / Oil Change Logbook / Auto Expense Diary / Engine Autolog / Automobile,NBDA Press Publishing,Paperback,"Dec 25, 2024",
0,https://www.amazon.com/dp/B0DRPCHX67,B0DRPCHX67,Funny Industrial Engineer: Funny Graph Paper Notebook Journal for Efficiency Experts and Problem-Solvers,Bamazruk Works,Paperback,"Dec 25, 2024",
1,https://www.amazon.com/dp/126466382X,126466382X,"Construction Management Fundamentals, Third Edition",Kraig Knutson,Paperback,"Dec 12, 2025",
0,https://www.amazon.com/dp/B0DRPCG985,B0DRPCG985,Planology Daily Planner: a way to make your day organize,planology make your day better,Paperback,"Dec 25, 2024",
0,https://www.amazon.com/dp/B0DRP9N595,B0DRP9N595,"Debt Payoff Planner: Debt Payoff Tracker Organizer to Keep Track of Your Debt Payment - 100 Pages .8.5"" x 11""",Memoirs of Nacer,Paperback,"Dec 25, 2024",
0,https://www.amazon.com/dp/B0DRP7ZWCM,B0DRP7ZWCM,"Only The Strongest Men Become Civil Engineers: funny civil engineer journal, civil engineer Notebook for men, Blank Lined Journal, Blank Lined Paper Notebook 6x9, Soft Cover, 110 Pages.",Medyox Medy,Paperback,"Dec 25, 2024",
0,https://www.amazon.com/dp/B0DRP2LMCK,B0DRP2LMCK,Automotive Mileage Log,KOLOSSAL  HOUSE PUBLISHING,Paperback,"Dec 25, 2024",
0,https://www.amazon.com/dp/B0DRHYRVH6,B0DRHYRVH6,"Notebook for Seafaring Enthusiasts: Unique old fashioned vintage style || With Puzzles on the subject of ""Nautics / Sailing"" || Appreciation / thank ... sea captain, deck cadet, Navy Seal etc.",Al S. Volk,Hardcover,"Dec 25, 2024",
1,https://www.amazon.com/dp/B0DRHSHPCM,B0DRHSHPCM,Computer Applications ICSE class 10 16 Previous Years Solved Papers In Depth 2025 EXAM: 16 PYQ Papers Solved 2025 SPECIMEN PAPER,Mohmad Yakub,Kindle,"Dec 25, 2024",
0,https://www.amazon.com/dp/B0DRGJ1FGY,B0DRGJ1FGY,Empowered Workforce: Unlocking Human Potential in Manufacturing (Manufacturing Excellence Series),Suman Sarkar,Kindle,"Dec 25, 2024",
0,https://www.amazon.com/dp/B0DRGBWM6B,B0DRGBWM6B,An Introduction to Inspection of Painting Operations for Construction Managers (Construction Management),J. Paul Guyer,Kindle,"Dec 25, 2024",
0,https://www.amazon.com/dp/B0DRG835YJ,B0DRG835YJ,The Digital Mind.: How Computers Mimic Human Thinking.,Golf ofuka,Kindle,"Dec 25, 2024",
2,https://www.amazon.com/dp/1962037266,1962037266,Autodesk Civil 3D 2025: Essentials (Imperial Units),ASCENT - Center for Technical Knowledge,Paperback,"Apr 15, 2024",
0,https://www.amazon.com/dp/981992880X,981992880X,70 Years of China’s Bridges,Zhongfu Xiang,Paperback,"Dec 25, 2024",
0,https://www.amazon.com/dp/9819775485,9819775485,"Computing and Machine Learning: Proceedings of CML 2024, Volume 3 (Lecture Notes in Networks and Systems, 856)",Jagdish Chand Bansal,Kindle,"Dec 25, 2024",
0,https://www.amazon.com/dp/6208413656,6208413656,Transportation systems and urban planning,Ronald Antonio Rodriguez Moncada,Paperback,"Dec 25, 2024",
0,https://www.amazon.com/dp/6208412706,6208412706,3D digitisation of heritage & robotic engineering,Fatima Zahrae Mrhari,Paperback,"Dec 25, 2024",
0,https://www.amazon.com/dp/3031489896,3031489896,Stabilization of Earthen Building Materials by Select Native Binders,Sudhakar M. Rao,Kindle,"Dec 25, 2024",
5,https://www.amazon.com/dp/B0DRF7WKZX,B0DRF7WKZX,FIRETEAM Firefighter Exam Prep 2025-2026: Proven Strategies with 3 Full-Length Practice Tests and Detailed Answer Explanations,StudySage Publishing,Paperback,"Dec 24, 2024",
0,https://www.amazon.com/dp/3959057881,3959057881,The Great Repair: A Catalog of Practices,Christian Hiller,Paperback,"Dec 24, 2024",
0,https://www.amazon.com/dp/B0DRFJW2WQ,B0DRFJW2WQ,Airship Pilot Manual - Goodyear Blimp: U.S. Navy K-Type Airship Pilot Manual,United States Navy,Kindle,"Dec 24, 2024",
1,https://www.amazon.com/dp/B0DRFQG8R6,B0DRFQG8R6,Build Your Own Auto Rotisserie: A DIY Guide to Car Body Restoration (The Builder's Blueprint Series),Ben Stone,Kindle,"Dec 24, 2024",
0,https://www.amazon.com/dp/3662703475,3662703475,14th International Munich Chassis Symposium 2023: Volume 1: chassis.tech plus (Proceedings),Peter E. Pfeffer,Kindle,"Dec 24, 2024",
1,https://www.amazon.com/dp/1032513314,1032513314,Urban Drainage,David Butler,Kindle,"Dec 24, 2024",
0,https://www.amazon.com/dp/B0DRN4D5SY,B0DRN4D5SY,"Tractor-Themed Journal: Perfect for Everyday Notes: Perfect for Work, Journaling, or Daily Planning",GW Harper,Paperback,"Dec 24, 2024",
0,https://www.amazon.com/dp/B0DRMZ7JX4,B0DRMZ7JX4,"Vintage Train Notebook: A Quirky Journal for Rail Enthusiasts: Ideal for Journaling, Work, or Daily Reflections",GW Harper,Paperback,"Dec 24, 2024",
0,https://www.amazon.com/dp/B0DRMCYFKP,B0DRMCYFKP,ENERGY AUDITS A COMPREHENSIVE GUIDE,NAMAZI MUHAMMED,Kindle,"Dec 24, 2024",
0,https://www.amazon.com/dp/B0DRLHF5QF,B0DRLHF5QF,"I'm A Civil Engineer Unless You Make Me Angry: Engineer profession appreciation quotes, civil engineer notebook, Blank Lined Journal, Blank Lined Paper Notebook 6x9, Soft Cover, 110 Pages.",Medyox Medy,Paperback,"Dec 24, 2024",
0,https://www.amazon.com/dp/B0DRLFFNZX,B0DRLFFNZX,"Race your car, Race your color - The Ultimate Car Coloring Book: Explore the World of Supercars, Classic Cars, Luxury Rides, and Racing Cars– A Fun ... Adventure for Kids, Teens, and Adults!",Monix Jiwa,Paperback,"Dec 24, 2024",
0,https://www.amazon.com/dp/B0DRJLQWG3,B0DRJLQWG3,Train Time Fun: A Creative Coloring Adventure for Kids Ages 4-8 - 40 Amazing Railway Facts & Illustrations,Kochman Publishing,Paperback,"Dec 24, 2024",
0,https://www.amazon.com/dp/B0DRJ8BQ66,B0DRJ8BQ66,Steering Towards Independence: A Practical Guide for Parents Teaching Driving,Maxine Mackinnon,Kindle,"Dec 24, 2024",
0,https://www.amazon.com/dp/B0DRHQV6SW,B0DRHQV6SW,Airport Coloring Book: 50 beautiful designs from Airports. Creative out of passion | Coop Company,Coop Company,Paperback,"Dec 24, 2024",
0,https://www.amazon.com/dp/B0DRGN2LSD,B0DRGN2LSD,Ethics in Artificial Intelligence: A Complete Guide to Responsible AI,Merite,Kindle,"Dec 24, 2024",
0,https://www.amazon.com/dp/B0DRFXZJ3M,B0DRFXZJ3M,Natsukashii Presents: Shifted Perspectives - Book One: Through the Lens of an Import Car Enthusiast Living in Canada,Kaitlyn Kjargaard,Paperback,"Dec 24, 2024",
0,https://www.amazon.com/dp/B0DRDL1S3Q,B0DRDL1S3Q,KEY CONCEPTS OF ELECTRICAL ENGINEERING,SURYAMANI MISHRA,Kindle,"Dec 24, 2024",
0,https://www.amazon.com/dp/9819786657,9819786657,"Big Data Analytics and Data Science: Proceedings of Eighth International Conference on Information System Design and Intelligent Applications (ISDIA ... (Lecture Notes in Networks and Systems, 1106)",Vikrant Bhateja,Kindle,"Dec 24, 2024",
0,https://www.amazon.com/dp/9819760089,9819760089,"Riverine, Estuarine and Marine Hydraulics: Proceedings of Congress of the International Association for Hydraulic Environmental Engineering and ... (Lecture Notes in Mechanical Engineering)",S. A. Sannasiraj,Paperback,"Dec 24, 2024",
4,https://www.amazon.com/dp/9364734181,9364734181,Studies in the Art of Rat-catching,Henry C Barkley,Kindle,"Dec 24, 2024",
0,https://www.amazon.com/dp/9364734025,9364734025,A study of some factors influencing fertility and sterility in the bull,Herbert Lester Gilman,Kindle,"Dec 24, 2024",
1,https://www.amazon.com/dp/1444430335,1444430335,Marvels of Modern Science,Paul Severing,Kindle,"Dec 24, 2024",
0,https://www.amazon.com/dp/B0DS8BPNRB,B0DS8BPNRB,GATE EC Engineering METHEMATICS: a sequel to solution series fully updated (GATE EC Solution Series fully updated),AK Tripathi,Kindle,"Dec 24, 2024",
0,https://www.amazon.com/dp/B0DRPKQSL6,B0DRPKQSL6,Journeyman Electrician Study Guide 2025-2026: Master the NEC Exam with Proven Strategies,PowerPhase Publishing,Kindle,"Dec 24, 2024",
0,https://www.amazon.com/dp/B0DRP8YT37,B0DRP8YT37,"Lined Notebook: Vintage, Journal/Notebook For Women / Teens / Students, 6""x9"", Lined Cream Pages",Belaidi,Paperback,"Dec 24, 2024",
0,https://www.amazon.com/dp/B0DRP23RDD,B0DRP23RDD,"UAS Drone Maintenance & Flight Log book: Drone Flight Tracker, Repair Journal, and Maintenance Record Book",Tyne Castro,Paperback,"Dec 24, 2024",
0,https://www.amazon.com/dp/B0DRNR3D1G,B0DRNR3D1G,"Debt Payoff Planner: Debt Payment Tracker to Pay off Your Credit Card and Organize your Financial Situation, Simple Debt Payoff Tracker - 8.5"" x 11"" 100+ Pages",Memoirs of Nacer,Paperback,"Dec 24, 2024",
0,https://www.amazon.com/dp/B0DRNMR3LF,B0DRNMR3LF,Vehicle Service and Maintenance Record: vehicle mileage log book,Khalid Artista,Paperback,"Dec 24, 2024",
0,https://www.amazon.com/dp/B0DRNLJXVW,B0DRNLJXVW,"Debt Payoff Planner: Debt Payment Tracker to Pay off Your Credit Card and Organize your Financial Situation, Simple Debt Payoff Tracker - 8.5"" x 11"" 100+ Pages",Memoirs of Nacer,Paperback,"Dec 24, 2024",
0,https://www.amazon.com/dp/B0DRN8PSQP,B0DRN8PSQP,Vintage Tractor Notebook: Quirky Design for Farming Enthusiasts: Stylish and Functional: Blank Lined Pages with Vintage Margins,GW Harper,Paperback,"Dec 24, 2024",
0,https://www.amazon.com/dp/9819747988,9819747988,"Proceedings of Third International Conference on Advanced Computing and Applications: ICACA 2024 (Lecture Notes in Networks and Systems, 1045)",Debasis Giri,Paperback,"Dec 24, 2024",
0,https://www.amazon.com/dp/3662703947,3662703947,14th International Munich Chassis Symposium 2023: Volume 2: chassis.tech plus (Proceedings),Peter E. Pfeffer,Kindle,"Dec 24, 2024",
0,https://www.amazon.com/dp/3031486579,3031486579,Solitonic Neural Networks: An Innovative Photonic Neural Network Based on Solitonic Interconnections (Machine Intelligence for Materials Science),Alessandro Bile,Kindle,"Dec 23, 2024",
0,https://www.amazon.com/dp/B0DR98G7MQ,B0DR98G7MQ,"Mastering the 2024 MacBook Pro Unleashing the Power of M4 Pro & M4 Max Chips: Your Essential Guide to Next-Level Performance, Display Innovations, ... (Getting the most from your Apple device)",Eric Techson,Kindle,"Dec 23, 2024",
1,https://www.amazon.com/dp/9815322184,9815322184,Bacterial Nanocellulose for Papermaking and Packaging,Pratima Bajpai,Kindle,"Dec 23, 2024",
0,https://www.amazon.com/dp/B0DRLBYZT4,B0DRLBYZT4,Plane Spotters Commercial Airliners & Freighter Log Book,SpottOn Books,Paperback,"Dec 23, 2024",
0,https://www.amazon.com/dp/B0DRL8XHG7,B0DRL8XHG7,"Dream Big: Lined Notebook for Writing and Journaling"" 6x9 size 100 pages",SHEIKH ALI EHSAN,Paperback,"Dec 23, 2024",
0,https://www.amazon.com/dp/B0DRKMP1CH,B0DRKMP1CH,Muscle Car Pocket Notebook: The Sunset Charger,Szeth Blackthorn,Paperback,"Dec 23, 2024",
0,https://www.amazon.com/dp/B0DRK7D8KW,B0DRK7D8KW,Vinyl Record Notebook: Journal,Mary Wiley,Paperback,"Dec 23, 2024",
0,https://www.amazon.com/dp/B0DRK5RHT5,B0DRK5RHT5,"Debt Payoff Planner: Simple Debt Payoff Tracker to Keep Your Finances in Check and Paying Off Debt, Log Book for Tracking Credit Cards and Debts",Memoirs of Nacer,Paperback,"Dec 23, 2024",
0,https://www.amazon.com/dp/B0DRDKXFQZ,B0DRDKXFQZ,Ohio Revised code : Title 45 Motor vehicles - aeronautics - watercraft: 2025 edition,Ohio State,Kindle,"Dec 23, 2024",
0,https://www.amazon.com/dp/B0DRJH9HCT,B0DRJH9HCT,2026 Weekly Planner: 6x9 Dated Diary With To Do List - Habit Tracker - Notes Section / Agenda Gift / Motorcycle Rider Riding Retro Theme Cover,Carlee Ann Abbott,Hardcover,"Dec 23, 2024",
0,https://www.amazon.com/dp/0750352922,0750352922,2D Materials as Electrocatalysts,Ali Raza,Hardcover,"Dec 23, 2024",
0,https://www.amazon.com/dp/103293901X,103293901X,Ecosovereignty,Omar Dahbour,Kindle,"Dec 23, 2024",
5,https://www.amazon.com/dp/B0DRG4L83P,B0DRG4L83P,Electric Dreams: Cars & Other Electrified Vehicles Coloring Book (SuperCars Series Coloring Books),Scott R Morvay,Paperback,"Dec 23, 2024",
0,https://www.amazon.com/dp/1032382392,1032382392,Interactive Sound and Music,Lucy Ann Harrison,Kindle,"Dec 23, 2024",
0,https://www.amazon.com/dp/B0DR8Y29S9,B0DR8Y29S9,The Electrical and Electronic Engineer's Dictionary: 200 Fundamental Terms for Success (Engineering Fundamentals For University Students),TARDEE Group,Kindle,"Dec 23, 2024",
1,https://www.amazon.com/dp/B0DRCCQLMQ,B0DRCCQLMQ,SOUTH CAROLINA Driver’s Practice Test 2025 edition A Quick Study Guide: 350+ DMV Permit/license written Practice Test Questions and Answers for Car Drivers,Mr James Doyle,Paperback,"Dec 23, 2024",
0,https://www.amazon.com/dp/B0DRKGQ2FN,B0DRKGQ2FN,Vehicle Maintenance Log Book,Thurya Publishers,Paperback,"Dec 23, 2024",
0,https://www.amazon.com/dp/B0DRK26PMJ,B0DRK26PMJ,"Aircraft Mechanic Logbook: Track Aircraft Repairs, Inspections, and Maintenance Logs with Ease 120 pages",Sky Publishing,Paperback,"Dec 23, 2024",
0,https://www.amazon.com/dp/B0DRK1ZPZS,B0DRK1ZPZS,U.S Marine Safety,Oleg Kolesnykov,Kindle,"Dec 23, 2024",
0,https://www.amazon.com/dp/B0DRJZFHK5,B0DRJZFHK5,"Aircraft Mechanic Logbook: Track Aircraft Repairs, Inspections, and Maintenance Logs with Ease 120 pages",Sky Publishing,Paperback,"Dec 23, 2024",
0,https://www.amazon.com/dp/B0DRJX8446,B0DRJX8446,"Aircraft Mechanic Logbook: Track Aircraft Repairs, Inspections, and Maintenance Logs with Ease 120 pages",Sky Publishing,Paperback,"Dec 23, 2024",
0,https://www.amazon.com/dp/B0DRJVMVKC,B0DRJVMVKC,"Only The Strongest boys Become Civil Engineers: meeting journal Civil Engineer, Funny Engineer Gifts Idea, Blank Lined Journal, Blank Lined Paper Notebook 6x9, Soft Cover, 110 Pages.",Medyox Medy,Paperback,"Dec 23, 2024",
0,https://www.amazon.com/dp/B0DRJV9SMN,B0DRJV9SMN,"Bloom Beyond: A year of Growth, Reflection, and Transformation",Kymberli Blaise,Paperback,"Dec 23, 2024",
0,https://www.amazon.com/dp/B0DRJMWGNB,B0DRJMWGNB,Graph Paper Notebook Cover V 401,Thomas McDowell,Paperback,"Dec 23, 2024",
1,https://www.amazon.com/dp/B0DRHCMLB2,B0DRHCMLB2,And Then There Was Darkness.,Javed Munawarud Din,Kindle,"Dec 23, 2024",
0,https://www.amazon.com/dp/B0DRG8J2CF,B0DRG8J2CF,"Buddhist Mandala Coloring Book: A Journey to Inner Peace and Creativity: Intricate Designs for Relaxation, Meditation, and Mindful Coloring",Steve Thor,Paperback,"Dec 23, 2024",
0,https://www.amazon.com/dp/B0DRFVPLSK,B0DRFVPLSK,"SUVs, Pickups and Trucks Coloring Book: 50 unique images of the most iconic SUVs, pickups, trucks and off-road vehicles with data and specs. Perfect ... (Driven to Color: Motorsport and Vehicles)",Adriano Caticolli,Paperback,"Dec 23, 2024",
0,https://www.amazon.com/dp/B0DRD5RW1T,B0DRD5RW1T,BASIC CONCEPTS OF ELECTRICAL ENGINEERING,SURYAMANI MISHRA,Kindle,"Dec 23, 2024",
0,https://www.amazon.com/dp/B0DRD3BN7P,B0DRD3BN7P,CALIFORNIA DMV EXAM PRACTICE QUESTION AND ANSWERS: Your Comprehensive Guide to Master Driving Rulеѕ and Traffic Signs with 500 Up to Date Test Prep Questions to Guarantee License Issuance,Facts File,Paperback,"Dec 23, 2024",
0,https://www.amazon.com/dp/B0DRD1SS6L,B0DRD1SS6L,The Future of Tech Leadership.: Embracing Transhumanism In Business.,Golf OFUKA,Kindle,"Dec 23, 2024",
0,https://www.amazon.com/dp/B0DR9H8M6H,B0DR9H8M6H,BAOFENG RADIO BIBLE FOR BEGINNERS: Mastering Airwaves for seamless Communication and Beginner Success,Ava Evelyn,Kindle,"Dec 23, 2024",
0,https://www.amazon.com/dp/B0DR96HYF4,B0DR96HYF4,An Introduction to Concrete Bridge Repairs for Construction Managers (Street and Highway Engineering),J. Paul Guyer,Kindle,"Dec 23, 2024",
0,https://www.amazon.com/dp/B0DR8YY8S4,B0DR8YY8S4,Building Blocks Of Electronic.: A Practical Guide For Future Tech Leaders.,Golf ofuka,Kindle,"Dec 23, 2024",
0,https://www.amazon.com/dp/620841802X,620841802X,Introduction to Electric Vehicles (EVs) Technology,Tukesh Soni,Paperback,"Dec 23, 2024",
0,https://www.amazon.com/dp/620841704X,620841704X,Microencapsulation of Saccharomyces cerevisiae: Enhancing Antioxidant Activity in Sparkling Wine Production,Malika Assilova,Paperback,"Dec 23, 2024",
0,https://www.amazon.com/dp/6208408105,6208408105,Use of Foundry Slag in the Production of Structural Ceramics,Ana Siqueira Do N M Teixeira,Paperback,"Dec 23, 2024",
0,https://www.amazon.com/dp/6208407575,6208407575,Evaluation of environmental radiation levels in the microPET/CT laboratory,Daniele Martins Sarmento,Paperback,"Dec 23, 2024",
0,https://www.amazon.com/dp/6208406439,6208406439,Catalysts for Hydrotreatment of Oil Fractions,Nurhon Isaeva,Paperback,"Dec 23, 2024",
0,https://www.amazon.com/dp/6203489530,6203489530,Feasibility study of hydrocarbons as environmentally friendly refrigerants,Nessrine Soli,Paperback,"Dec 23, 2024",
0,https://www.amazon.com/dp/3031709802,3031709802,"Proceedings of the International Conference on Computer Science, Electronics and Industrial Engineering (CSEI 2023): Volume 2: Innovations in ... (Lecture Notes in Networks and Systems, 797)",Marcelo V. Garcia,Kindle,"Dec 23, 2024",
0,https://www.amazon.com/dp/3031692276,3031692276,"Proceedings of the International Conference on Computer Science, Electronics and Industrial Engineering (CSEI 2023): Volume 1: Advances in Computer ... (Lecture Notes in Networks and Systems, 775)",Marcelo V. Garcia,Kindle,"Dec 23, 2024",
0,https://www.amazon.com/dp/3031474422,3031474422,Channel Characterization and Modeling for Vehicular Communications (Wireless Networks),Xiang Cheng,Paperback,"Dec 23, 2024",
0,https://www.amazon.com/dp/3031443756,3031443756,"Systems Collaboration and Integration: See Past and Future Research through the PRISM Center (Automation, Collaboration, & E-Services, 14)",Chin-Yin Huang,Paperback,"Dec 23, 2024",
0,https://www.amazon.com/dp/303140789X,303140789X,Artificial Intelligence for Edge Computing,Mudhakar Srivatsa,Kindle,"Dec 23, 2024",
0,https://www.amazon.com/dp/3031099397,3031099397,Lighting Technology: Fundamentals of Illuminating Engineering,Meike Barfuss,Paperback,"Dec 23, 2024",
0,https://www.amazon.com/dp/1955516979,1955516979,Application Guide for Large Thermal Energy Storage,Ashrae,Paperback,"Dec 23, 2024",
1,https://www.amazon.com/dp/1650287429,1650287429,"A Political Economy of Access: Infrastructure, Networks, Cities, Institutions",David M Levinson,Kindle,"Dec 23, 2024",
5,https://www.amazon.com/dp/B0DR7Z6VD4,B0DR7Z6VD4,Pennsylvania Commercial Driver’s Manual: CDL Study Guide CDL License Book for Pennsylvania,State of Pennsylvania,Kindle,"Dec 22, 2024",
0,https://www.amazon.com/dp/B0DR8R2714,B0DR8R2714,MXenes: The Next Frontier in 2D Materials,Dr. Aayushi Arya,Paperback,"Dec 22, 2024",
0,https://www.amazon.com/dp/B0DR7BCNCR,B0DR7BCNCR,"SCOR: Understanding the SCOR Model: Mastering the SCOR Model: A Comprehensive Guide to Streamlining Supply Chain Operations, Driving Efficiency, ... Excellence in a Competitive Global Landscape",JAI SAN,Kindle,"Dec 22, 2024",
0,https://www.amazon.com/dp/B0DR891F63,B0DR891F63,"How to Grow My Plumbing Business: Discover the Secrets to Scaling Success, Boosting Profits, and Unlocking Hidden Opportunities for Plumbing Professionals!",Alan Pauline,Paperback,"Dec 22, 2024",
2,https://www.amazon.com/dp/B0DR89TB2Q,B0DR89TB2Q,"Troubleshooting, Fixing and Maintenance of Major Home Appliances: A Step-by-Step DIY Handbook for Repairing and Maintaining Household Appliances",Joe K. Kenn,Kindle,"Dec 22, 2024",
0,https://www.amazon.com/dp/B0DR8S439T,B0DR8S439T,"How to Use a DIY Air Compressor and Pneumatic Tools: A Home Workshop Guide to Using, Maintaining, and Troubleshooting Compressed Air Systems (Master Your Workshop)",Tom Martinez,Kindle,"Dec 22, 2024",
2,https://www.amazon.com/dp/B0DR8TRFQR,B0DR8TRFQR,The Vintage Tractor Collector's Handbook,Ross Kitto,Kindle,"Dec 22, 2024",
1,https://www.amazon.com/dp/B0DRJ58K2V,B0DRJ58K2V,"Vehicle Maintenance Log: Auto Service & Repair Book for Cars, Trucks, Motorcycles. Perfect for Single or Multiple Private or Commercial Vehicles with Lots of Additional Logs.",Facility Wiz,Paperback,"Dec 22, 2024",
1,https://www.amazon.com/dp/B0DRHX58V8,B0DRHX58V8,Construction Change Order Forms Book: Construction Project Amendment Form | Construction Change Orders Sheets | 50 Forms,Aichi.Cof Publishing,Paperback,"Dec 22, 2024",
0,https://www.amazon.com/dp/3031425618,3031425618,Session-Based Recommender Systems Using Deep Learning,Reza Ravanmehr,Paperback,"Dec 22, 2024",
0,https://www.amazon.com/dp/303175235X,303175235X,"Advances in Computing: 18th Colombian Conference on Computing, CCC 2024, Manizales, Colombia, September 4–6, 2024, Revised Selected Papers, Part II",Néstor Darío Duque-Méndez,Kindle,"Dec 22, 2024",
0,https://www.amazon.com/dp/303176272X,303176272X,"Computer Applications in Industry and Engineering: 37th International Conference, CAINE 2024, San Diego, CA, USA, October 21–22, 2024, Proceedings (Communications in Computer and Information Science)",Gongzhu Hu,Kindle,"Dec 22, 2024",
0,https://www.amazon.com/dp/9819602130,9819602130,"Mechanism Design in Social Networks: First International Workshop, MNet 2024, Held in Conjunction with IJCAI 2024, Jeju, South Korea, August 4, 2024, ... in Computer and Information Science)",Dong Hao,Kindle,"August 4, 2024",
5,https://www.amazon.com/dp/B0DR8RY755,B0DR8RY755,Engineering Adaptation: The Power of Genetic Algorithms (Intelligent Systems: From Algorithms to AI Mastery),Gerardo Caracas Uribe,Kindle,"Dec 22, 2024",
0,https://www.amazon.com/dp/B0DRJ3P6JX,B0DRJ3P6JX,"Pilot LogBook: A Comprehensive Tool for Tracking Flight Hours, Aircraft Details, Maintenance, and Operational Data for Pilots of All Experience Levels",ReVeD Printing,Paperback,"Dec 22, 2024",
0,https://www.amazon.com/dp/B0DRJ2JF4M,B0DRJ2JF4M,Vintage Red Bus Notebook: 120 Pages of Lined Paper with Margins: Perfect for Travel Enthusiasts and Retro Lovers,GW Harper,Paperback,"Dec 22, 2024",
0,https://www.amazon.com/dp/B0DRHYN669,B0DRHYN669,Classic Coach Chronicles: Vintage Bus-Themed Paperback Notebook: A Timeless 120-Page Journal for Vintage Bus Enthusiasts,GW Harper,Paperback,"Dec 22, 2024",
0,https://www.amazon.com/dp/B0DRHS4FSM,B0DRHS4FSM,Concrete Mixer Maintenance Log Book: Cement Mixer Repair & Service Record | Maintenance Logbook for Concrete Mixers,Slim.Cmml Publishing,Paperback,"Dec 22, 2024",
0,https://www.amazon.com/dp/B0DRGRR8L5,B0DRGRR8L5,"Civil Engineer In Progress Everyday: professional engineering notes, engineering notebook for School, Blank Lined Journal, Blank Lined Paper Notebook 6x9, Soft Cover, 110 Pages.",Medyox Medy,Paperback,"Dec 22, 2024",
0,https://www.amazon.com/dp/B0DGLX79DP,B0DGLX79DP,Acoustics and Vibrations (Mechanical Engineering Essentials with Python),Jamie Flux,Paperback,"Sep 10, 2024",
0,https://www.amazon.com/dp/B0DRGPFMTB,B0DRGPFMTB,"Emotional Range Of An Engineer: engineering student journals for writing, engineering notebook for School, Blank Lined Journal, Blank Lined Paper Notebook 6x9, Soft Cover, 110 Pages.",Medyox Medy,Paperback,"Dec 22, 2024",
0,https://www.amazon.com/dp/B0DRGPB8Y4,B0DRGPB8Y4,"Debt Payoff Planner: Simple Debt Payoff Tracker to Keep Your Finances in Check and Paying Off Debt, Log Book for Tracking Credit Cards and Debts",Memoirs of Nacer,Paperback,"Dec 22, 2024",
0,https://www.amazon.com/dp/B0DRGN161N,B0DRGN161N,"Retired Engineer Just Like a Regular Engineer, Only Way Happier: Funny Graph Paper Notebook Journal for Retired Problem-Solvers",Bamazruk Works,Paperback,"Dec 22, 2024",
0,https://www.amazon.com/dp/B0DRGMVZDX,B0DRGMVZDX,Funny Network Engineer Definition: Funny Graph Paper Notebook Journal for IT Professionals and Tech Enthusiasts,Bamazruk Works,Paperback,"Dec 22, 2024",
0,https://www.amazon.com/dp/B0DRGM35S1,B0DRGM35S1,"Debt Payoff Planner: Simple Debt Payoff Tracker to Keep Your Finances in Check and Paying Off Debt, Log Book for Tracking Credit Cards and Debts",Memoirs of Nacer,Paperback,"Dec 22, 2024",
0,https://www.amazon.com/dp/B0DRGK9C4H,B0DRGK9C4H,"Debt Payoff Planner: Simple Debt Payoff Tracker to Keep Your Finances in Check and Paying Off Debt, Log Book for Tracking Credit Cards and Debts",Memoirs of Nacer,Paperback,"Dec 22, 2024",
0,https://www.amazon.com/dp/B0DRG9Z81X,B0DRG9Z81X,2026 Weekly Planner: 6x9 Dated Diary With To Do List - Habit Tracker - Notes Section / Agenda Gift / Retro RV Road Trip - Travel Trailer Art Cover,Carlee Ann Abbott,Hardcover,"Dec 22, 2024",
0,https://www.amazon.com/dp/B0DRF1B3FK,B0DRF1B3FK,"Fast & Bold High Speed Coloring Adventure: Coloring Book for Adults and Kids, Racing Car, Performance Car, Road Street Car and Many More",Romana Klyuka,Paperback,"Dec 22, 2024",
0,https://www.amazon.com/dp/B0DRCNQYVT,B0DRCNQYVT,TRUCK COLORING BOOK FOR KIDS AGES 4-8: 60+ Awesome Truck Pages to Color for Boys and Girls Who Love Big Wheels!,Jayne Bou,Paperback,"Dec 22, 2024",
0,https://www.amazon.com/dp/B0DR8CHN3T,B0DR8CHN3T,Brandenburg Steelworks and Rolling Mill: - The Laboratory - (The Steelworks Project),Rainer Strzolka,Kindle,"Dec 22, 2024",
0,https://www.amazon.com/dp/B0DR88TPLB,B0DR88TPLB,"How to Grow Psilocybin Mushrooms for Beginners: Discover the Secrets to Growing Psilocybin Mushrooms Like a Pro – Master Easy Techniques, Avoid Costly ... of Safe and Legal Cultivation Today!",Giulia Brendan,Paperback,"Dec 22, 2024",
0,https://www.amazon.com/dp/B0DR7W3NM5,B0DR7W3NM5,Aerial Urban Gardens: Mastering Drone-Assisted Hydroponic Farming: Innovative Techniques for Monitoring and Enhancing Indoor Plant Growth from Above,Alessio rocchI,Kindle,"Dec 22, 2024",
0,https://www.amazon.com/dp/9819983711,9819983711,"Proceedings of the 9th IRC Conference on Science, Engineering, and Technology: IRC-SET 2023; 19-August, Singapore",Jiqiang Lu,Kindle,"Dec 22, 2024",
0,https://www.amazon.com/dp/9819976057,9819976057,Key Technologies of Internet of Things and Smart Grid (Advanced and Intelligent Manufacturing in China),Xianwu Zeng,Paperback,"Dec 22, 2024",
0,https://www.amazon.com/dp/981979918X,981979918X,"Image and Graphics Technologies and Applications: 19th Chinese Conference, IGTA 2024, Beijing, China, August 16–18, 2024, Revised Selected Papers ... in Computer and Information Science, 2302)",Yongtian Wang,Kindle,"Dec 22, 2024",
0,https://www.amazon.com/dp/9811667772,9811667772,"Medical Imaging and Computer-Aided Diagnosis: Proceedings of 2022 International Conference on Medical Imaging and Computer-Aided Diagnosis (MICAD 2022) (Lecture Notes in Electrical Engineering, 810)",Ruidan Su,Paperback,"Dec 22, 2024",
0,https://www.amazon.com/dp/6210624219,6210624219,The Ultimate Book of Rare and Unusual Knowledge: Discover Fascinating Insights About the World Around You: Captivating yet Interesting Facts and ... Culture. (Eleven Books to Explore),Ethereal Ray,Hardcover,"Dec 22, 2024",
0,https://www.amazon.com/dp/6208405181,6208405181,Analysing Energy Bills: Solutions for overrun fines,Juan Gabriel de Albuquerque Ramos,Paperback,"Dec 22, 2024",
0,https://www.amazon.com/dp/6208404959,6208404959,Phosphogypsum for the production of construction materials,Fernanda de Oliveira S Ferrari,Paperback,"Dec 22, 2024",
0,https://www.amazon.com/dp/6203029602,6203029602,AI-POWERED VELOCITY PREDICTION AND ENHANCEMENT IN INVELOX WIND TURBINE,K Ramesh Kumar,Paperback,"Dec 22, 2024",
0,https://www.amazon.com/dp/3662691426,3662691426,Basic Electrodynamics in 6 Lessons,Martin Poppe,Kindle,"Dec 22, 2024",
0,https://www.amazon.com/dp/3031471288,3031471288,"The 6th International Conference on Wireless, Intelligent and Distributed Environment for Communication: WIDECOM 2023 (Lecture Notes on Data Engineering and Communications Technologies)",Isaac Woungang,Paperback,"Dec 22, 2024",
0,https://www.amazon.com/dp/3031440315,3031440315,Chromium in Plants and Environment (Environmental Science and Engineering),Nitish Kumar,Kindle,"Dec 22, 2024",
0,https://www.amazon.com/dp/3031419022,3031419022,Food Texturology: Measurement and Perception of Food Textural Properties,Andrew Rosenthal,Kindle,"Dec 22, 2024",
4,https://www.amazon.com/dp/B0DR71NM1G,B0DR71NM1G,Electricity: A Brief History,Dr Alex Bugeja,Kindle,"Dec 21, 2024",
5,https://www.amazon.com/dp/B0DR72DSQR,B0DR72DSQR,"Alternative Energy: Past, Present, and Future",Taylor K. Reade,Kindle,"Dec 21, 2024",
0,https://www.amazon.com/dp/B0DR63GNTQ,B0DR63GNTQ,"Pennsylvania drivers license handbook: Your Ultimate Guide to Passing the Test and Driving Safely"" (Driver's licence handbook (DMV) with possible questions and Answers)",ROBERT. E HARDING,Kindle,"Dec 21, 2024",
0,https://www.amazon.com/dp/B0DR68K6D5,B0DR68K6D5,Robotics and Mechatronics: Integrating Electronics and Artificial Intelligence,Hale Mack Ollie,Kindle,"Dec 21, 2024",
0,https://www.amazon.com/dp/B0DRD7FCF4,B0DRD7FCF4,ELECTRICAL POWER SYSTEM (Electrical Engineering),SURYAMANI MISHRA,Kindle,"Dec 21, 2024",
1,https://www.amazon.com/dp/B0DR72JWJ7,B0DR72JWJ7,Did you Know About the Apple Car? A $10 Billion Failure: How an Iconic Tech Giant Stalled in the Race to Autonomy (Intriguing Tech Stories),Joe E. Grayson,Kindle,"Dec 21, 2024",
1,https://www.amazon.com/dp/B0DRSWY4K4,B0DRSWY4K4,Cars That Changed the World: The 25 Best-Selling Cars in the World,Layko Barmaleyko,Hardcover,"Dec 21, 2024",
0,https://www.amazon.com/dp/B0DR6MHTFW,B0DR6MHTFW,"The Future of Sourcing and Procurement: Transforming Procurement: A Strategic Guide to Technology Adoption, Innovation, and Building Future-Ready Teams for Competitive Advantage",JAI SAN,Kindle,"Dec 21, 2024",
0,https://www.amazon.com/dp/B0DRTGLJCZ,B0DRTGLJCZ,The Gregorian Universal System and Units of Measurement System (GUSUMS): The Art of Mathematics (EGYPTIAN MATHEMATICS & PHILOSOPHIES),Isaac Gregory Odhiambo,Kindle,"Dec 21, 2024",
0,https://www.amazon.com/dp/B0DR6LLCNF,B0DR6LLCNF,Data Center Operations Training Mastery Course: Book 4 (Engineering Fully Automated Data Centers),Jamil Eugene Brown,Kindle,"Dec 21, 2024",
0,https://www.amazon.com/dp/B0DZRT7DXJ,B0DZRT7DXJ,Mixing Mastering In The Box,Joseph Okoli,Paperback,"Dec 21, 2024",
0,https://www.amazon.com/dp/B0DWKFSNV5,B0DWKFSNV5,"Al Revolution in India: Tools, Tips, and Insights for the Modern Digital Entrepreneur (AI)",Japan Gor,Kindle,"Dec 21, 2024",
0,https://www.amazon.com/dp/B0DRK5QYLK,B0DRK5QYLK,The Ultimate Repair Journal: Auto Edition,Antonio Lester,Paperback,"Dec 21, 2024",
0,https://www.amazon.com/dp/B0DRHC5GHV,B0DRHC5GHV,Unplugged: Digital Minimalism for a Fulfilling Life,Bruno S.,Paperback,"Dec 21, 2024",
0,https://www.amazon.com/dp/B0DRGMXJYC,B0DRGMXJYC,Purple Moon and Stars Journal Notebook: Elegant Notebook Paperback for Kids and Women with Lined Pages for Writing and Free Drawing,PaperWrite Press,Paperback,"Dec 21, 2024",
0,https://www.amazon.com/dp/B0DRDDYH8D,B0DRDDYH8D,Mileage Logbook: 120 Pages Tracker,Krish Publications,Paperback,"Dec 21, 2024",
0,https://www.amazon.com/dp/B0DRDBWK24,B0DRDBWK24,Mileage Tracker: 120 Pages Fuel Record Keeper,NY Publication,Paperback,"Dec 21, 2024",
0,https://www.amazon.com/dp/B0DRD5LXN7,B0DRD5LXN7,"Debt Payoff Planner: Debt Payoff Tracker Organizer to Keep Track of Your Debt Payment - 100 Pages .8.5"" x 11""",Memoirs of Nacer,Paperback,"Dec 21, 2024",
0,https://www.amazon.com/dp/B0DRD5C9QR,B0DRD5C9QR,"Debt Payoff Planner: Debt Payoff Tracker Organizer to Keep Track of Your Debt Payment - 100 Pages .8.5"" x 11""",Memoirs of Nacer,Paperback,"Dec 21, 2024",
0,https://www.amazon.com/dp/B0DRD487VK,B0DRD487VK,"Car Hauler Log Book (Mileage, Income, Expense & Fuel Tracker, Stay Organized for Taxes) for OTR Long Haul Truckers | 8.5” x 11” | 146 Pages: Black Linen Glossy Cover",Little Fawn Tarratine,Hardcover,"Dec 21, 2024",
1,https://www.amazon.com/dp/B0DRD454RH,B0DRD454RH,"Car Hauler Log Book (Mileage, Income, Expense & Fuel Tracker, Stay Organized for Taxes) for OTR Long Haul Truckers | 8.5” x 11” | 146 Pages: Chrome Diamond Plate Glossy Cover",Little Fawn Tarratine,Hardcover,"Dec 21, 2024",
0,https://www.amazon.com/dp/B0DRD3V1QH,B0DRD3V1QH,"Car Hauler Log Book (Mileage, Income, Expense & Fuel Tracker, Stay Organized for Taxes) for OTR Long Haul Truckers | 8.5” x 11” | 146 Pages: Dark Blue Linen Glossy Cover",Little Fawn Tarratine,Hardcover,"Dec 21, 2024",
0,https://www.amazon.com/dp/B0DRD2WBL5,B0DRD2WBL5,Mileage Log Book: 120 Pages Record Keeping,Oho Mart,Paperback,"Dec 21, 2024",
0,https://www.amazon.com/dp/B0DRCGJS3X,B0DRCGJS3X,"Old Houses Coloring Book, Pages from the past: Bring these historic houses back to life with your imaginitive color palette.",Tess Adventures,Paperback,"Dec 21, 2024",
0,https://www.amazon.com/dp/B0DRCFLFMJ,B0DRCFLFMJ,Word Searches For Workers Together is Awesome: Industry-Themed & Construction Style Puzzles,Kardy Laguda,Paperback,"Dec 21, 2024",
0,https://www.amazon.com/dp/B0DRC4T1TB,B0DRC4T1TB,"Das Utimative Baustelle: Ein mutiges und unterhaltsames Lern-Malbuch mit Fahrzeugen, Gebäuden und Ausrüstung für Kinder und Erwachsene",Leota C Ray,Paperback,"Dec 21, 2024",
3,https://www.amazon.com/dp/B0DR9PBKD4,B0DR9PBKD4,Practical Guide to Air Vehicle Design,A.B. Kabor,Kindle,"Dec 21, 2024",
0,https://www.amazon.com/dp/B0DR9BHQKT,B0DR9BHQKT,Classic Cars & Motorcycles Coloring Book: Vintage Rides and Timeless Machines for Car and Bike Lovers,Memory Books,Paperback,"Dec 21, 2024",
0,https://www.amazon.com/dp/B0DR74ZPKY,B0DR74ZPKY,An Introduction to Cathodic Protection System Components for Construction Managers (Cathodic Protection Engineering),J. Paul Guyer,Kindle,"Dec 21, 2024",
0,https://www.amazon.com/dp/B0DR74JFY5,B0DR74JFY5,"30-Pin to USB-C: How Apple Changed the Way We Charge: A Story of Innovation, Backlash, and the Future of Universal Charging (Intriguing Tech Stories)",Joe E. Grayson,Kindle,"Dec 21, 2024",
0,https://www.amazon.com/dp/B0DR6XB5LL,B0DR6XB5LL,OUTCOME BASED EDUCATION:: A GLOBAL PERSPECTIVE,Dr. Anwarullah Mohammed,Paperback,"Dec 21, 2024",
1,https://www.amazon.com/dp/B0DR6X7Q7B,B0DR6X7Q7B,Concrete On The Farm- Early 1900s: Lessons from the farmers we can use today,Luke  M. Snell P.E.,Paperback,"Dec 21, 2024",
0,https://www.amazon.com/dp/B0DR6RZMG7,B0DR6RZMG7,Electronics Demystified: A Beginner’s Guide to Circuits and Components,Aria Blake,Kindle,"Dec 21, 2024",
0,https://www.amazon.com/dp/B0DR6K2ZFG,B0DR6K2ZFG,Bio-Conversion: The Green Approach for the Conversion of Biomass to Energy Carrier: Part-1,Dr. Parth Kapatel,Kindle,"Dec 21, 2024",
0,https://www.amazon.com/dp/B0DR65MMHB,B0DR65MMHB,An Introduction to Hydroelectric Power Plants for Construction Managers (Dams and Hydroelectric Power Plants),J. Paul Guyer,Kindle,"Dec 21, 2024",
0,https://www.amazon.com/dp/365844567X,365844567X,"Electrostatic Precipitator Handbook: Physics, High Voltage Supply, Grounding and Sizing",Manfred Schmoch,Paperback,"Dec 21, 2024",
0,https://www.amazon.com/dp/3031784642,3031784642,Emerging Challenges in Intelligent Management Information Systems: Proceedings of 27th European Conference on Artificial Intelligence ECAI 2024 - IMIS ... 1 (Lecture Notes in Networks and Systems),Marcin Hernes,Paperback,"Dec 21, 2024",
0,https://www.amazon.com/dp/303177602X,303177602X,"Simulation and Modeling Methodologies, Technologies and Applications: 13th International Conference, SIMULTECH 2023 Rome, Italy, July 12-14, 2023 ... (Lecture Notes in Networks and Systems)",Gerd Wagner,Kindle,"Dec 21, 2024",
0,https://www.amazon.com/dp/3031775708,3031775708,"Proceedings of the International Conference on Ubiquitous Computing and Ambient Intelligence (UCAmI 2024) (Lecture Notes in Networks and Systems, 1212)",José Bravo,Kindle,"Dec 21, 2024",
0,https://www.amazon.com/dp/3031744292,3031744292,"Job Scheduling Strategies for Parallel Processing: 27th International Workshop, JSSPP 2024, San Francisco, CA, USA, May 31, 2024, Revised Selected Papers (Lecture Notes in Computer Science)",Dalibor Klusáček,Kindle,"May 31, 2024",
0,https://www.amazon.com/dp/3031468686,3031468686,"Data Analytics for Process Engineers: Prediction, Control and Optimization (Synthesis Lectures on Mechanical Engineering)",Daniela Galatro,Kindle,"Dec 21, 2024",
5,https://www.amazon.com/dp/B0DR858KRY,B0DR858KRY,Build Your Own Box Truck Business Blueprint: A Beginners Guide,Box Truck 365,Paperback,"Dec 20, 2024",
0,https://www.amazon.com/dp/0135395461,0135395461,Electricidad nivel 2,NCCER,Kindle,"Dec 20, 2024",
0,https://www.amazon.com/dp/1032300051,1032300051,Sonic Pasts,Mariana J López,Kindle,"Dec 20, 2024",
0,https://www.amazon.com/dp/B0DR927MF4,B0DR927MF4,"F-35 Black and White Composition Notebook: 110 Lined Pages for Notetaking, Writing, and Journaling I Gifts for Kids, Boys, Girls, Teens, Adults, ... Boss, Fighter Jet Airplane Enthusiast",FFPB Publishing,Paperback,"Dec 20, 2024",
1,https://www.amazon.com/dp/1946544345,1946544345,SABRE System User's Guide,Rick Townsend,Paperback,"Dec 20, 2024",
0,https://www.amazon.com/dp/B0CRG218MG,B0CRG218MG,Math Formulas and Equations for Students: 350 Essential Mathematical Formulas and Equations,Peter I. Kattan,Paperback,"Dec 20, 2024",
3,https://www.amazon.com/dp/B0DR5SQ6DG,B0DR5SQ6DG,"train picture book: Discover the World of Steam Engines, High-Speed Trains, and Railroads with Fun Facts with Colorful Locomotive Pages, train books for kids 5-7",Zater Manner,Kindle,"Dec 20, 2024",
1,https://www.amazon.com/dp/B0DR7J9PNL,B0DR7J9PNL,"Solar PV Installation: For Contractors, Engineers, Homeowners and Students",Gilbert Anthony S. Ababat,Kindle,"Dec 20, 2024",
2,https://www.amazon.com/dp/1032512504,1032512504,Human Factors in Simulation and Training,Dennis A. Vincenzi,Kindle,"Dec 20, 2024",
2,https://www.amazon.com/dp/B0DR336Z3J,B0DR336Z3J,"AI Implementation in Supply Chain Management: A Comprehensive Guide to AI Integration, Predictive Analytics, Machine Learning, IoT, Blockchain, and Sustainable Innovations for Future-Ready Operations",JAI SAN,Paperback,"Dec 20, 2024",
0,https://www.amazon.com/dp/103235898X,103235898X,Conventional Flowmeters,Jesse Yoder,Kindle,"Dec 19, 2024",
1,https://www.amazon.com/dp/8198378383,8198378383,Autodesk Fusion 360 CAM Overview (December 2024): Colored,Tutorial Books,Paperback,"Dec 20, 2024",
0,https://www.amazon.com/dp/1032512628,1032512628,"Human Factors in Simulation and Training: Theory, Application, and Practice (2 Volume Set)",Dennis A. Vincenzi,Hardcover,"Dec 20, 2024",
0,https://www.amazon.com/dp/1032920068,1032920068,"Human Performance, Workload, and Situational Awareness Measures Handbook, Third Edition - 2-Volume Set",Valerie Jane Gawron,Kindle,"Dec 20, 2024",
0,https://www.amazon.com/dp/B0DR56XG2J,B0DR56XG2J,"How to Master Surface Finishing: A DIY Guide to Sanders, Grinders & Polishers with Professional Techniques for Wood, Metal & More (Master Your Workshop)",Tom Martinez,Kindle,"Dec 20, 2024",
0,https://www.amazon.com/dp/3031456246,3031456246,"Signals and Systems with MATLAB® and Simulink® (Synthesis Lectures on Engineering, Science, and Technology)",Farzin Asadi,Paperback,"Dec 20, 2024",
0,https://www.amazon.com/dp/1032964529,1032964529,Human Performance and Situation Awareness Measures,Valerie Jane Gawron,Kindle,"Dec 20, 2024",
0,https://www.amazon.com/dp/B0DR33PJ9C,B0DR33PJ9C,Logan’s Automotive Service Log,Logan J Brooks,Paperback,"Dec 20, 2024",
1,https://www.amazon.com/dp/1032638729,1032638729,Strategic and Sustainable Management of Workplace Facilities,Yewande Adewunmi-Abolarinwa,Kindle,"Dec 20, 2024",
0,https://www.amazon.com/dp/1032325151,1032325151,"Advances in Flowmeter Technology, Two-Volume Set",Jesse Yoder,Paperback,"Dec 20, 2024",
0,https://www.amazon.com/dp/1032813717,1032813717,Artificial Intelligence-Based 6G Networking,Radhika Ranjan Roy,Kindle,"Dec 20, 2024",
0,https://www.amazon.com/dp/B0DFM3QZZT,B0DFM3QZZT,Mastering Enterprise Solution Modeling: A Guide to Agile Enterprise Solution Architecture (A-ESA),Sean (Chunhong) Gu,Kindle,"Dec 20, 2024",
0,https://www.amazon.com/dp/1032964502,1032964502,Workload Measures,Valerie Jane Gawron,Kindle,"Dec 20, 2024",
0,https://www.amazon.com/dp/B0D7LH2KJ6,B0D7LH2KJ6,Learning Algorithms for Internet of Things: Applying Python Tools to Improve Data Collection Use for System Performance (Maker Innovations Series),G.R. Kanagachidambaresan,Kindle,"Dec 20, 2024",
0,https://www.amazon.com/dp/3031447085,3031447085,Women in Soft Computing (Women in Engineering and Science),Vanita Garg,Kindle,"Dec 20, 2024",
0,https://www.amazon.com/dp/075036100X,075036100X,Light--Material Interactions and Applications in Optoelectronic Devices,Anjali Chandel,Hardcover,"Dec 20, 2024",
0,https://www.amazon.com/dp/B0GMWZN5BL,B0GMWZN5BL,CNC Machining Processes: A Guide to Machine Tools and Programming,John Wyatt,Paperback,"Dec 20, 2024",
0,https://www.amazon.com/dp/B0DRK2HPTF,B0DRK2HPTF,"Graph Notebook: Your Essential Tool for Precision and Creativity: Perfect for Sketching, Planning, and Organizing - Ideal for Students, Designers, and Professionals",MR RAHUL TRIPATHI,Paperback,"Dec 20, 2024",
0,https://www.amazon.com/dp/B0DRFR6MGR,B0DRFR6MGR,LETTER AND NUMBER TRACING BOOK FOR KIDS AGES 3-5: 125 Practice pages: Workbook for preschool.,Mary & by,Paperback,"Dec 20, 2024",
0,https://www.amazon.com/dp/B0DRCGL36D,B0DRCGL36D,GATE EC CONTROL SYSTEMS: a sequel to solution series fully updated (GATE EC Solution Series fully updated),AK Tripathi,Kindle,"Dec 20, 2024",
0,https://www.amazon.com/dp/B0DRC6C2GC,B0DRC6C2GC,"Holger's Writing Notebook, Designer notebook 100 pages, Lined notebook, Journal notebook, 6x9 sketch Book,",Gustav Erik Holgersson,Paperback,"Dec 20, 2024",
0,https://www.amazon.com/dp/B0DRBLHH71,B0DRBLHH71,Refrigerant log book,Sode Studios,Paperback,"Dec 20, 2024",
0,https://www.amazon.com/dp/B0DR9WPXBP,B0DR9WPXBP,The Suppression Lesson: Water vs Fire,Eric J Neal,Kindle,"Dec 20, 2024",
0,https://www.amazon.com/dp/B0DR9CKNDX,B0DR9CKNDX,"CHEMISTRY INTERLOCKING CIRCLES: journal, lined, 120 pages, 6x9 inches, matte finish cover, notebook, diary gift, no bleed",ONSTROPHE JOURNALS,Paperback,"Dec 20, 2024",
0,https://www.amazon.com/dp/B0DR9C2V12,B0DR9C2V12,Professional M.O.M: From Discussions to Deliverables,SeekingBetter Publication,Hardcover,"Dec 20, 2024",
1,https://www.amazon.com/dp/B0DR9BLN5M,B0DR9BLN5M,Print Perfect: The Impact of Slicer Software on 3D Print Quality,LEONARDO LARA,Kindle,"Dec 20, 2024",
0,https://www.amazon.com/dp/B0DR9B96KV,B0DR9B96KV,"Debt Payoff Planner: Debt Payment Tracker to Pay off Your Credit Card and Organize your Financial Situation, Simple Debt Payoff Tracker - 8.5"" x 11"" 100+ Pages",Memoirs of Nacer,Paperback,"Dec 20, 2024",
0,https://www.amazon.com/dp/B0DR97V43G,B0DR97V43G,Mechanical Engineer Definition: Funny Graph Paper Notebook Journal for Innovators and Problem-Solvers,Bamazruk Works,Paperback,"Dec 20, 2024",
0,https://www.amazon.com/dp/B0DR97RXQG,B0DR97RXQG,"Debt Payoff Planner: Debt Payment Tracker to Pay off Your Credit Card and Organize your Financial Situation, Simple Debt Payoff Tracker - 8.5"" x 11"" 100+ Pages",Memoirs of Nacer,Paperback,"Dec 20, 2024",
0,https://www.amazon.com/dp/B0DR97MB12,B0DR97MB12,"Vintage Colorful Motorhome Notebook: Retro Camper Journal for RV and Travel Enthusiasts: 120-Page Blank Lined Paperback Featuring Vibrant Motorhome Art – Perfect for Notes, Journaling, or Gifting",GW Harper,Paperback,"Dec 20, 2024",
0,https://www.amazon.com/dp/B0DR971YWB,B0DR971YWB,"Vintage Colorful Tractor Notebook: Retro Farm Machinery Journal for Tractor: 120-Page Blank Lined Paperback with Bold and Vibrant Tractor Art – Perfect for Notes, Journaling, or Gifting",GW Harper,Paperback,"Dec 20, 2024",
0,https://www.amazon.com/dp/B0DR96NMK5,B0DR96NMK5,"Debt Payoff Planner: Debt Payment Tracker to Pay off Your Credit Card and Organize your Financial Situation, Simple Debt Payoff Tracker - 8.5"" x 11"" 100+ Pages",Memoirs of Nacer,Paperback,"Dec 20, 2024",
0,https://www.amazon.com/dp/B0DR96GLZ9,B0DR96GLZ9,"Debt Payoff Planner: Debt Payment Tracker to Pay off Your Credit Card and Organize your Financial Situation, Simple Debt Payoff Tracker - 8.5"" x 11"" 100+ Pages",Memoirs of Nacer,Paperback,"Dec 20, 2024",
0,https://www.amazon.com/dp/B0DR9581J3,B0DR9581J3,"I F*cking Love Tractors: Bold Vintage Farm Machinery Notebook for Tractor Enthusiasts: 120-Page Blank Lined Journal with Retro Art – Perfect for Notes, Journaling, or Gifting",GW Harper,Paperback,"Dec 20, 2024",
0,https://www.amazon.com/dp/B0DR94DBSH,B0DR94DBSH,"Captain's Logbook: Sailing, boating, and ships log book | Track trips, weather and Maintenance of your boats and yachts",Sea Publishing,Paperback,"Dec 20, 2024",
0,https://www.amazon.com/dp/B0DR7JMHMC,B0DR7JMHMC,The Herbal Healing Encyclopedia; A Complete Guide to 181 Healing Plants and 550 Remedies for Everyday Health,Dr Dorothy Hood,Paperback,"Dec 20, 2024",
0,https://www.amazon.com/dp/B0DR7CQB7F,B0DR7CQB7F,"Sail, Splash, Color!: A Boat-Themed Coloring Book Adventure (Little Sailors Coloring Adventures)",Cloud 9,Hardcover,"Dec 20, 2024",
0,https://www.amazon.com/dp/B0DR76P9BN,B0DR76P9BN,Off Gid solar power simplied: A Practical Guide to Energy Independence and Sustainability,Micheal S. Hay,Kindle,"Dec 20, 2024",
0,https://www.amazon.com/dp/B0DR71K2LM,B0DR71K2LM,Modern Chains: Unveiling The Shackles of Today's World,PoARTic,Hardcover,"Dec 20, 2024",
0,https://www.amazon.com/dp/B0DR6PV9WD,B0DR6PV9WD,Queuing Theory and Problems,Dr Madhusudhana Rao Cuddapah,Kindle,"Dec 20, 2024",
0,https://www.amazon.com/dp/B0DR629KF4,B0DR629KF4,"COMPLETE CALIFORNIA DMV TEST WORKBOOK: Yоur Ultіmаtе Guіdе tо Drіvіng Rulеѕ, Sаfеtу, аnd Test Success to Acquire Your License Fast",Facts File,Kindle,"Dec 20, 2024",
0,https://www.amazon.com/dp/B0DR5X6L8M,B0DR5X6L8M,"The ETERNAL BECOMING: A Journey Through Time, Space and Stillness",Steve Marek,Kindle,"Dec 20, 2024",
2,https://www.amazon.com/dp/B0DR5TBJ39,B0DR5TBJ39,"E-Fuels Revolution: The Role of Synthetic Fuels in the Decarbonization of Sustainable Mobility (Sustainability, Energy Transition, and Mobility of the Future)",Stefan Müller-Gartner,Paperback,"Dec 20, 2024",
0,https://www.amazon.com/dp/B0DR5R6PBB,B0DR5R6PBB,"World's First 5G 360 Camera? Exploring Nokia's Latest Breakthrough: Breaking Down the 8K Revolution in Industry, Entertainment, and Everyday Life (AI, Gadget and Space Science Tech Updates)",Joe E. Grayson,Kindle,"Dec 20, 2024",
0,https://www.amazon.com/dp/B0DR5F9WP2,B0DR5F9WP2,GATE EC ANALOG CIRCUITS: a sequel to solution series fully updated (GATE EC Solution Series fully updated),AK Tripathi,Kindle,"Dec 20, 2024",
0,https://www.amazon.com/dp/B0DR5F9GJM,B0DR5F9GJM,QUAIL FARMING SECRETS: How to Maximize Egg Production and Meat Quality,Dufie Enam,Kindle,"Dec 20, 2024",
0,https://www.amazon.com/dp/B0DR3QSZPP,B0DR3QSZPP,Creation of 3D Visuals using a Single Device Licht R,Licht R,Paperback,"Dec 20, 2024",
0,https://www.amazon.com/dp/B0DR3B5DP6,B0DR3B5DP6,Communication Diary: Novel 'Impedance Matching' and the sequel,Kazuki Sumino,Kindle,"Dec 20, 2024",
0,https://www.amazon.com/dp/B0DR38LDJM,B0DR38LDJM,Blueprints for The Oblivion,Mihai Gingu,Kindle,"Dec 20, 2024",
0,https://www.amazon.com/dp/B0DR361YFW,B0DR361YFW,Home Electrical Wiring for Renovation and Remodeling: A Step-by-Step Practical Guide for Essential Techniques in Modern Home Upgrading Projects,Joe K. Kenn,Kindle,"Dec 20, 2024",
0,https://www.amazon.com/dp/B0DR32XC2J,B0DR32XC2J,"Live from the Southside Magazine - January 2025: Connecting Communities Through Stories, Culture, & Opportunity",April Monterrosa,Paperback,"Dec 20, 2024",
0,https://www.amazon.com/dp/9819960924,9819960924,"Transportation Research: Proceedings of TPMDC 2022 (Lecture Notes in Civil Engineering, 434)",Dharamveer Singh,Paperback,"Dec 20, 2024",
0,https://www.amazon.com/dp/6208417953,6208417953,Building Information Modeling (BIM),Shahide Dehghan,Paperback,"Dec 20, 2024",
3,https://www.amazon.com/dp/0873353536,0873353536,Geochemical Modeling for Mine Site Characterization and Remediation (Management Technologies for Metal Mining Influenced Water),D. Kirk Nordstrom,Paperback,"Oct 1, 2017",
0,https://www.amazon.com/dp/3031776879,3031776879,"Proceedings of the Eighth International Scientific Conference “Intelligent Information Technologies for Industry” (IITI’24), Volume 1 (Lecture Notes in Networks and Systems)",Sergey Kovalev,Kindle,"Dec 20, 2024",
0,https://www.amazon.com/dp/3031774108,3031774108,"Proceedings of the Eighth International Scientific Conference “Intelligent Information Technologies for Industry” (IITI’24), Volume 2 (Lecture Notes in Networks and Systems)",Sergey Kovalev,Kindle,"Dec 20, 2024",
0,https://www.amazon.com/dp/303174442X,303174442X,"Contributions Presented at The International Conference on Computing, Communication, Cybersecurity and AI, July 3–4, 2024, London, UK: The C3AI 2024 (Lecture Notes in Networks and Systems, 884)",Nitin Naik,Kindle,"Dec 20, 2024",
0,https://www.amazon.com/dp/3031488539,3031488539,"Advances in Mechanical Engineering: Selected Contributions from the Conference “Modern Mechanical Engineering: Science and Education”, Saint ... (Lecture Notes in Mechanical Engineering)",Alexander N. Evgrafov,Paperback,"Dec 20, 2024",
0,https://www.amazon.com/dp/3031438019,3031438019,Tracking Environmental Change Using Lake Sediments: Volume 6: Sedimentary DNA (Developments in Paleoenvironmental Research),Eric Capo,Kindle,"Dec 20, 2024",
0,https://www.amazon.com/dp/3031393953,3031393953,"History of Romanian Technology and Industry: Volume 1: Mechanics, Processing Techniques and Construction (History of Mechanism and Machine Science, 44)",Dorel Banabic,Kindle,"Dec 20, 2024",
0,https://www.amazon.com/dp/2832700993,2832700993,"IEC 62746-4 Ed. 1.0 b:2024, First Edition: Systems interface between customer energy management system and the power management system - Part 4: Demand Side Resource Interface",International Electrotechnical Commission,Paperback,"Dec 20, 2024",
0,https://www.amazon.com/dp/1957846208,1957846208,Ethan's First Airplane Adventure (Ethan's Learning Adventures Series Book 2): Toddler Preparation Book introducing airport procedures in a simple and fun way to your little one. (Ethan Series),C Jordan,Kindle,"Dec 20, 2024",
1,https://www.amazon.com/dp/103252622X,103252622X,Culture by Design,Hugo Metcalfe,Kindle,"Dec 20, 2024",
0,https://www.amazon.com/dp/1032476680,1032476680,Stable Design Patterns for Software and Systems,Mohamed Fayad,Kindle,"Dec 20, 2024",
1,https://www.amazon.com/dp/1032326069,1032326069,"Performance, Reliability and Availability Evaluation of Computational Systems",Paulo Romero Martins Maciel,Kindle,"Dec 20, 2024",
0,https://www.amazon.com/dp/0750359609,0750359609,Orbital Angular Momentum States of Light (Second Edition): Propagation through atmospheric turbulence,Professor Kedar Khare,Hardcover,"Dec 20, 2024",
0,https://www.amazon.com/dp/0367873699,0367873699,"Carbon Nanomaterials Sourcebook, Two-Volume Set",Klaus D. Sattler,Kindle,"Dec 20, 2024",
0,https://www.amazon.com/dp/0367263440,0367263440,Bridge Engineering Handbook: 3 volume set (Routledge Revivals),Wai-Fah Chen,Hardcover,"Dec 20, 2024",
0,https://www.amazon.com/dp/B0GQRHL3RN,B0GQRHL3RN,Standard 62.1 Field Implementation Manual: A Practical Engineering Guide to ANSI ASHRAE Standard — Ventilation and Acceptable Indoor Air Quality for ... Standards Field Implementation Series),Julian R. Vance,Paperback,"Mar 1, 2026",
0,https://www.amazon.com/dp/B0DR81SXZS,B0DR81SXZS,Monthly Planner for Creative Projects for Work,Amaya Inoue,Paperback,"Dec 19, 2024",
0,https://www.amazon.com/dp/1032026073,1032026073,Artificial Intelligence in Higher Education,Prathamesh Padmakar Churi,Kindle,"Dec 19, 2024",
0,https://www.amazon.com/dp/1032061766,1032061766,Electromagnetic Fields of Wireless Communications: Biological and Health Effects,Dimitris J. Panagopoulos,Kindle,"Dec 19, 2024",
0,https://www.amazon.com/dp/1032491140,1032491140,Human Dimensions of Civil Engineering,Kathryn Terzano,Kindle,"Dec 19, 2024",
0,https://www.amazon.com/dp/1032004096,1032004096,RNA-Seq in Drug Discovery and Development (Drugs and the Pharmaceutical Sciences),Feng Cheng,Kindle,"Dec 19, 2024",
0,https://www.amazon.com/dp/0367684810,0367684810,Plastic Pollution: Nature Based Solutions and Effective Governance (Water),Gail Krantzberg,Kindle,"Dec 19, 2024",
1,https://www.amazon.com/dp/1032076186,1032076186,Sensing and Artificial Intelligence Solutions for Food Manufacturing,Daniel Hefft,Kindle,"Dec 19, 2024",
1,https://www.amazon.com/dp/1032726733,1032726733,Total Quality Management and Lean Thinking 5.0,Giuseppe Ioppolo,Kindle,"Dec 19, 2024",
0,https://www.amazon.com/dp/1032197072,1032197072,Artificial Intelligence and Modeling for Water Sustainability,Alaa El Din Mahmoud,Kindle,"Dec 19, 2024",
0,https://www.amazon.com/dp/0443338914,0443338914,Transportation Big Data: Theory and Methods,Zhiyuan Liu PhD,Kindle,"Dec 19, 2024",
0,https://www.amazon.com/dp/B0DR8CJ9VN,B0DR8CJ9VN,"Electrician Job Record Log Book: 6 X 9 Inch 100 Pages, Electric Professional Work Project Information Record Book",Elissa Ben,Paperback,"Dec 19, 2024",
0,https://www.amazon.com/dp/1032185570,1032185570,Organizational Sustainability and Risk Management,Denice Viktoria Staaf,Kindle,"Dec 19, 2024",
0,https://www.amazon.com/dp/1032300167,1032300167,"Neural Networks, Machine Learning, and Image Processing",Manoj Sahni,Kindle,"Dec 19, 2024",
0,https://www.amazon.com/dp/103200651X,103200651X,"Geospatial Information Handbook for Water Resources and Watershed Management, Volume II: Methods and Modelling",John G Lyon,Kindle,"Dec 19, 2024",
2,https://www.amazon.com/dp/1032263431,1032263431,Thermal Physics Tutorials with Python Simulations (Series in Computational Physics),Minjoon Kouh,Kindle,"Dec 19, 2024",
1,https://www.amazon.com/dp/B0DR2DT5V2,B0DR2DT5V2,Seat Weaving (Classic Books),L. Day Perry,Kindle,"Dec 19, 2024",
0,https://www.amazon.com/dp/1032355719,1032355719,Handbook of Manufacturing Systems and Design,Uzair Khaleeq uz Zaman,Kindle,"Dec 19, 2024",
0,https://www.amazon.com/dp/B0DR2QJYS6,B0DR2QJYS6,"Remote Pilot Test Prep 2025-2026: Master the FAA Part 107 Exam with Step-by-Step Guidance, 7 Full-Length Practice Tests, and Detailed Answer Explanations",PinePath Publishing,Paperback,"Dec 19, 2024",
0,https://www.amazon.com/dp/0367761513,0367761513,Edible Insects Processing for Food and Feed,Simona Grasso,Kindle,"Dec 19, 2024",
0,https://www.amazon.com/dp/B0DQWL21KW,B0DQWL21KW,RESEARCH METHODS AND METHODOLOGY FOR ENGINEERING PROFESSIONALS,Dr. Anwarullah Mohammed,Paperback,"Dec 19, 2024",
0,https://www.amazon.com/dp/B0DR8V3B8V,B0DR8V3B8V,Race Journal - F1 2025: 75th Anniversary,Editorial Espinoza,Paperback,"Dec 19, 2024",
0,https://www.amazon.com/dp/B0DQY8BV4K,B0DQY8BV4K,Die Casting: Dies—Machines—Methods (Classic Books),Chester L. Lucas,Paperback,"Dec 19, 2024",
2,https://www.amazon.com/dp/1032490462,1032490462,Evidence-Based Assessment Framework for Assistive Technology (Rehabilitation Science in Practice Series),Susan A. Zapf,Kindle,"Dec 19, 2024",
1,https://www.amazon.com/dp/B0DQYP4NZQ,B0DQYP4NZQ,How to Paint your Car,Kevin Halvorson,Kindle,"Dec 19, 2024",
1,https://www.amazon.com/dp/B0DR2BZXPY,B0DR2BZXPY,Breathe Easy by the Fire: A Guide to Safe Wood Stove Use for Respiratory Health: Combining Traditional Heating with Modern Wellness Practices for a Healthier Home Environment,Alessio rocchI,Kindle,"Dec 19, 2024",
1,https://www.amazon.com/dp/0367615215,0367615215,Classical Continuum Mechanics (Applied and Computational Mechanics),Karan S. Surana,Kindle,"Dec 19, 2024",
0,https://www.amazon.com/dp/1032322357,1032322357,Biogeochemistry of Wetlands: Science and Applications,K. Ramesh Reddy,Kindle,"Dec 19, 2024",
1,https://www.amazon.com/dp/1032060956,1032060956,High Resolution Pressuremeters and Geotechnical Engineering (Applied Geotechnics),John Hughes,Kindle,"Dec 19, 2024",
0,https://www.amazon.com/dp/1032537841,1032537841,Polish Architecture in Contemporary Innovation,Nina Juzwa,Kindle,"Dec 19, 2024",
2,https://www.amazon.com/dp/0367759004,0367759004,Analytical Heat Transfer,Je-Chin Han,Kindle,"Dec 19, 2024",
0,https://www.amazon.com/dp/1032811722,1032811722,Applying Color Theory to Digital Media and Visualization,Theresa-Marie Rhyne,Kindle,"Dec 19, 2024",
4,https://www.amazon.com/dp/B0DR2NBBHX,B0DR2NBBHX,Fire-making Apparatus in the U. S. National Museum (Classic Books),Walter Hough,Kindle,"Dec 19, 2024",
2,https://www.amazon.com/dp/0367745976,0367745976,Handbook of Aseptic Processing and Packaging,Jairus R. D. David,Kindle,"Dec 19, 2024",
0,https://www.amazon.com/dp/103211259X,103211259X,Python for Engineers and Scientists,Rakesh Nayak,Kindle,"Dec 19, 2024",
0,https://www.amazon.com/dp/1032053135,1032053135,The Design and Installation Guide for Roof Tiling,The Roof Tile Association,Kindle,"Dec 19, 2024",
0,https://www.amazon.com/dp/1032164662,1032164662,"Practical Root Cause Failure Analysis (Reliability, Maintenance, and Safety Engineering)",Randy Riddell,Kindle,"Dec 19, 2024",
0,https://www.amazon.com/dp/0367551632,0367551632,Field Theory of Nonimaging Optics,Angel Garcia-Botella,Kindle,"Dec 19, 2024",
0,https://www.amazon.com/dp/1032409355,1032409355,Algorithm and Design Complexity,Anli Sherine,Kindle,"Dec 19, 2024",
0,https://www.amazon.com/dp/1032254084,1032254084,Internet of Things and Cyber Physical Systems (Advances in Cybersecurity Management),Keshav Kaushik,Kindle,"Dec 19, 2024",
0,https://www.amazon.com/dp/B0DR6L8XF1,B0DR6L8XF1,Giant Buildings and Landmarks: A Fun Coloring Adventure (Coloring Books - Ages 3-7),Emma Scott,Paperback,"Dec 19, 2024",
0,https://www.amazon.com/dp/1032429348,1032429348,Introduction to Image Acquisition and Display Technologies,Ichiro Fujieda,Kindle,"Dec 19, 2024",
1,https://www.amazon.com/dp/1032255684,1032255684,Engineering Mathematics and Artificial Intelligence (Mathematics and its Applications),Herb Kunze,Kindle,"Dec 19, 2024",
0,https://www.amazon.com/dp/1032006455,1032006455,"Geospatial Information Handbook for Water Resources and Watershed Management, Volume I",John G Lyon,Kindle,"Dec 19, 2024",
0,https://www.amazon.com/dp/1032006595,1032006595,"Geospatial Information Handbook for Water Resources and Watershed Management, Volume III",John G Lyon,Kindle,"Dec 19, 2024",
0,https://www.amazon.com/dp/1032068973,1032068973,Buildings and Semantics,Pieter Pauwels,Kindle,"Dec 19, 2024",
0,https://www.amazon.com/dp/1032435763,1032435763,Time-Frequency Analysis Techniques and their Applications,Ram Bilas Pachori,Kindle,"Dec 19, 2024",
0,https://www.amazon.com/dp/B0DQZYV1P7,B0DQZYV1P7,CALIFORNIA Driver’s Permit Practice Test 2025 edition A Quick Study Guide: 400+ Official DMV Test Questions and Answers for Passing Your Driver’s ... on the updated California Driver’s Handbook,James Doyle,Paperback,"Dec 19, 2024",
0,https://www.amazon.com/dp/1032540605,1032540605,Product Intervention,Biswajeet Mukherjee,Kindle,"Dec 19, 2024",
0,https://www.amazon.com/dp/B0DR62J3T7,B0DR62J3T7,Monster Truck Coloring Book For Kids Ages 3+: 46 Designs For Kids Ages 3-8 Years Old | Monster Truck and Animals Drive,Hare Color,Paperback,"Dec 19, 2024",
0,https://www.amazon.com/dp/1032206411,1032206411,"Blockchain, IoT, and AI Technologies for Supply Chain Management (Innovations in Intelligent Internet of Everything (IoE))",Priyanka Chawla,Kindle,"Dec 19, 2024",
0,https://www.amazon.com/dp/B0DR6MJ8HN,B0DR6MJ8HN,Buy This Book Before You Buy That Car: What I learned from Selling Cars that can make your car buying experience more efficient and enjoyable,Joshua Ayers,Kindle,"Dec 19, 2024",
1,https://www.amazon.com/dp/0367712628,0367712628,Fundamentals of Stochastic Models (Operations Research Series),Zhe George Zhang,Kindle,"Dec 19, 2024",
0,https://www.amazon.com/dp/1032131063,1032131063,"Linear Electric Machines, Drives, and MAGLEVs Handbook",Ion Boldea,Kindle,"Dec 19, 2024",
0,https://www.amazon.com/dp/103251616X,103251616X,Electrical Power Generation,Dhruba J. Syam,Kindle,"Dec 19, 2024",
0,https://www.amazon.com/dp/1032380608,1032380608,Pipeline Valve Technology,Karan Sotoodeh,Kindle,"Dec 19, 2024",
1,https://www.amazon.com/dp/1032192003,1032192003,Rotary Drum (Advances in Drying Science and Technology),Marcos Antonio de Souza Barrozo,Kindle,"Dec 19, 2024",
1,https://www.amazon.com/dp/B0DR8MT54X,B0DR8MT54X,Student Driver Logbook: Keep Track of your Driving Sessions,Ashja Haider Syed,Kindle,"Dec 19, 2024",
0,https://www.amazon.com/dp/1836990030,1836990030,"Soils for Landscape Development: Selection, Specification and Validation",Simon Leake,Paperback,"Dec 19, 2024",
0,https://www.amazon.com/dp/1009211803,1009211803,Numerical Methods: Theory and Engineering Applications,Amiya K. Jana,Kindle,"Dec 19, 2024",
1,https://www.amazon.com/dp/B0DR8TFFD7,B0DR8TFFD7,"Cleaning Services Contract Form Book, Perfect For Signing with a Client or Company, (4 Pages/Form 140 Pages, Perfectly size 8.5x11 Inches).",Seham berry,Paperback,"Dec 19, 2024",
1,https://www.amazon.com/dp/1032357630,1032357630,Industrial Engineering in Systems Design (Systems Innovation Book Series),Brian Peacock,Kindle,"Dec 19, 2024",
0,https://www.amazon.com/dp/B0DSGGX64M,B0DSGGX64M,"Vehicle Mileage Logbook: Pocket Size Daily Miles Tracking Record Keeper for Business Expenses, Personal Taxes, Automobile, Truck or EV Car Owner Notebook/Booklet",Oldbean Publishing,Hardcover,"Dec 19, 2024",
0,https://www.amazon.com/dp/1032335459,1032335459,Permanent Magnet Synchronous Machines and Drives (Advances in Power Electronic Converter),Wei Xu,Kindle,"Dec 19, 2024",
1,https://www.amazon.com/dp/103203405X,103203405X,"AI, Machine Learning and Deep Learning",Fei Hu,Kindle,"Dec 19, 2024",
0,https://www.amazon.com/dp/103216137X,103216137X,Nonlinear Dynamics and Vibration Control of Flexible Systems,Jie Huang,Kindle,"Dec 19, 2024",
0,https://www.amazon.com/dp/0999044249,0999044249,Treehouse Coders: Squirrel Rescue,Evan and Deborah Pacheco,Paperback,"Dec 19, 2024",
0,https://www.amazon.com/dp/1032468238,1032468238,"Human Factors in Engineering (Human Factors in Design, Engineering, and Computing)",Beata Mrugalska,Kindle,"Dec 19, 2024",
1,https://www.amazon.com/dp/1032516135,1032516135,Analog Circuit Design using Current-Mode Techniques,Sudhanshu Maheshwari,Kindle,"Dec 19, 2024",
1,https://www.amazon.com/dp/1032254513,1032254513,Data Science,Pallavi Vijay Chavan,Kindle,"Dec 19, 2024",
0,https://www.amazon.com/dp/B0DR34Y3Q7,B0DR34Y3Q7,ELON MUSK BIOGRAPHY: Thirteen lessons from the life of the world’s richest man,Jacob Ruzai,Hardcover,"Dec 19, 2024",
0,https://www.amazon.com/dp/1032309601,1032309601,Energy Management System for Dispatchable Renewable Power Generation,Amer Al-Hinai,Kindle,"Dec 19, 2024",
0,https://www.amazon.com/dp/103243659X,103243659X,"5G Wireless Communication System in Healthcare Informatics (Advances in Antenna Design, Wireless Communication and Mobile Network Technology)",Manoj Gupta,Kindle,"Dec 19, 2024",
0,https://www.amazon.com/dp/B0GW41684P,B0GW41684P,MARPOL Annex I / Ballast Water Management: Convention Compliance Logbook IMO Resolution MEPC.288(71) | Audit-Ready Documentation for Ships,RB Publishers,Paperback,"Apr 4, 2026",
0,https://www.amazon.com/dp/6208331137,6208331137,"Modeling, identification and control of physical and logistical systems",Adil Barra,Paperback,"Dec 19, 2024",
0,https://www.amazon.com/dp/1032362820,1032362820,IoT and Analytics in Renewable Energy Systems (Volume 1): Sustainable Smart Grids & Renewable Energy Systems,O.V. Gnana Swathika,Kindle,"Dec 19, 2024",
1,https://www.amazon.com/dp/1032367865,1032367865,Handbook of Smart Manufacturing: Forecasting the Future of Industry 4.0,Ajay,Kindle,"Dec 19, 2024",
0,https://www.amazon.com/dp/1032429887,1032429887,"System Safety, Maintainability, and Maintenance for Engineers",B.S. Dhillon,Kindle,"Dec 19, 2024",
0,https://www.amazon.com/dp/1032346191,1032346191,Artificial Intelligence and Advanced Analytics for Food Security,Chandrasekar Vuppalapati,Kindle,"Dec 19, 2024",
0,https://www.amazon.com/dp/1032466448,1032466448,Therapeutic Perspectives of Tea Compounds (Medicinal Plants and Natural Products for Human Health),Farnoosh Dairpoosh,Kindle,"Dec 19, 2024",
0,https://www.amazon.com/dp/B0DR2J7S6P,B0DR2J7S6P,"The Life and Letters of Ogier Ghiselin de Busbecq, Volumes 1 and 2 (Classic Books)",Ogier Ghislain de Busbecq,Kindle,"Dec 19, 2024",
1,https://www.amazon.com/dp/1032071273,1032071273,Driving 5G Mobile Communications with Artificial Intelligence towards 6G,Dragorad A. Milovanovic,Kindle,"Dec 19, 2024",
0,https://www.amazon.com/dp/B0DR5D1X3H,B0DR5D1X3H,Logger to Nuclear Engineer An Autobiography: A Journey from a Poor Under-Educated Kid to a Sawmill Worker to a Combat Helicopter Pilot to a Successful Nuclear Engineer,James William McCormick-Barger,Kindle,"Dec 19, 2024",
1,https://www.amazon.com/dp/B0DR2RJKZX,B0DR2RJKZX,The Dyer's Guide (Classic Books),Thomas Packer,Kindle,"Dec 19, 2024",
0,https://www.amazon.com/dp/B0DR2P8QW1,B0DR2P8QW1,On the Construction of a Silvered Glass Telescope (Classic Books),Henry Draper,Kindle,"Dec 19, 2024",
5,https://www.amazon.com/dp/B0DR2LY2CP,B0DR2LY2CP,Airplane Photography (Classic Books),Herbert Eugene Ives,Kindle,"Dec 19, 2024",
0,https://www.amazon.com/dp/B0DR2KHM69,B0DR2KHM69,Nature's Teachings: Human Invention Anticipated by Nature (Classic Books),J. G. Wood,Kindle,"Dec 19, 2024",
0,https://www.amazon.com/dp/B0DQZSJX19,B0DQZSJX19,Out and About London (Classic Books),Thomas Burke,Kindle,"Dec 19, 2024",
0,https://www.amazon.com/dp/B0DQYLJJ2D,B0DQYLJJ2D,Latest Textile Developments in Fibers Fabrics and Finishes,MANUEL ANTONIO RUIZ CORDOVA,Kindle,"Dec 19, 2024",
0,https://www.amazon.com/dp/3031440358,3031440358,"Quality and Lean Six Sigma for Engineering Technicians (Synthesis Lectures on Engineering, Science, and Technology)",Emre Tokgoz,Kindle,"Dec 19, 2024",
0,https://www.amazon.com/dp/1032504870,1032504870,International Law for Energy and the Environment,Patricia Park,Kindle,"Dec 19, 2024",
0,https://www.amazon.com/dp/1032489383,1032489383,Functional Safety for Embedded Systems,Guoqi Xie,Kindle,"Dec 19, 2024",
0,https://www.amazon.com/dp/1032489065,1032489065,Photonic Instrumentation,Silvano Donati,Kindle,"Dec 19, 2024",
0,https://www.amazon.com/dp/103246139X,103246139X,Artificial Intelligence for Cognitive Modeling (Chapman & Hall/CRC Internet of Things),Pijush Dutta,Kindle,"Dec 19, 2024",
0,https://www.amazon.com/dp/1032420766,1032420766,Computational Intelligence in Image and Video Processing (Chapman & Hall/CRC Computational Intelligence and Its Applications),Mukesh D Patil,Kindle,"Dec 19, 2024",
0,https://www.amazon.com/dp/1032355026,1032355026,Two-Dimensional Nanomaterials for Fire-Safe Polymers (Emerging Materials and Technologies),Yuan Hu,Kindle,"Dec 19, 2024",
0,https://www.amazon.com/dp/1032354828,1032354828,Rehabilitation Engineering (Rehabilitation Science in Practice Series),Alex Mihailidis,Kindle,"Dec 19, 2024",
0,https://www.amazon.com/dp/1032352876,1032352876,Intelligent Internet of Things for Smart Healthcare Systems (Advances in Smart Healthcare Technologies),Durgesh Srivastava,Kindle,"Dec 19, 2024",
0,https://www.amazon.com/dp/1032341505,1032341505,Nanotechnologies in Green Chemistry and Environmental Sustainability (Sustainability: Contributions through Science and Technology),Samsul Ariffin Abdul Karim,Kindle,"Dec 19, 2024",
0,https://www.amazon.com/dp/1032217855,1032217855,Blockchain Technology for IoT and Wireless Communications,Gajula Ramesh,Kindle,"Dec 19, 2024",
0,https://www.amazon.com/dp/103217126X,103217126X,Artificial Intelligence for Disease Diagnosis and Prognosis in Smart Healthcare,Ghita Kouadri Mostefaoui,Kindle,"Dec 19, 2024",
0,https://www.amazon.com/dp/1032131500,1032131500,Future Health Scenarios (Advances in Smart Healthcare Technologies),Maria José Sousa,Kindle,"Dec 19, 2024",
0,https://www.amazon.com/dp/B0GQYNYMX2,B0GQYNYMX2,Heavy Equipment Masters: A Bold and Easy Coloring Book of the World’s Largest Mega-Machines (The Precision Master Series),Stefan Tork,Paperback,"Feb 28, 2026",
0,https://www.amazon.com/dp/1032129220,1032129220,Internet of Things (Chapman & Hall/CRC Internet of Things),Niranjan Lal,Kindle,"Dec 19, 2024",
0,https://www.amazon.com/dp/1032042508,1032042508,"Sustainable Engineering: Process Intensification, Energy Analysis, and Artificial Intelligence",Yasar Demirel,Kindle,"Dec 19, 2024",
0,https://www.amazon.com/dp/1032020946,1032020946,Numerical Simulation of Effluent Discharges (IAHR Monographs),Abdolmajid Mohammadian,Kindle,"Dec 19, 2024",
1,https://www.amazon.com/dp/0367561697,0367561697,Large Outdoor Fire Dynamics,Keisuke Himoto,Kindle,"Dec 19, 2024",
0,https://www.amazon.com/dp/B0DRMBRVHJ,B0DRMBRVHJ,Bibliometric and Peer Review Methodology for Medical Research,Muhammad Shahzad Aslam,Hardcover,"Dec 19, 2024",
0,https://www.amazon.com/dp/B0DR8TJ7N7,B0DR8TJ7N7,"Debt Payoff Planner: Debt Payment Tracker to Pay off Your Credit Card and Organize your Financial Situation, Simple Debt Payoff Tracker - 8.5"" x 11"" 100+ Pages",Memoirs of Nacer,Paperback,"Dec 19, 2024",
0,https://www.amazon.com/dp/B0DR8SJK8N,B0DR8SJK8N,Ham Radio Log Book: Amateur Radio Operator Station for Logging Contact Records & Track All Call Communications,Hallaci Sallah,Paperback,"Dec 19, 2024",
0,https://www.amazon.com/dp/B0DR8RDHR2,B0DR8RDHR2,Lined Notebook: Nature Ruled Notebook,Mr Chandru S,Paperback,"Dec 19, 2024",
0,https://www.amazon.com/dp/B0DR8QM4TP,B0DR8QM4TP,Ham Radio Log Book: Amateur Radio Operator Station for Logging Contact Records & Track All Call Communications,Hallaci Mohamed,Paperback,"Dec 19, 2024",
0,https://www.amazon.com/dp/B0DR8Q5KXP,B0DR8Q5KXP,"Farm Management Record Keeping Book: Farming Organizer Journal for Livestock Tracking, Equipment Inventory, Repairs, Income, and Expenses",Mohamed Hallaci,Paperback,"Dec 19, 2024",
0,https://www.amazon.com/dp/B0DR8DCT5G,B0DR8DCT5G,"Captain's Logbook: Sailing, boating, and ships log book | Track trips, weather and Maintenance of your boats and yachts",Sea Publishing,Paperback,"Dec 19, 2024",
0,https://www.amazon.com/dp/B0DR8D23XF,B0DR8D23XF,"Vehicle Maintenance Log Book: Car Maintenance and Repair Journal To Record Information About Maintenance Procedures, Vehicles Service and Repairs , Truck Or Car Owner Gift Notebook",Amber Oriole,Paperback,"Dec 19, 2024",
0,https://www.amazon.com/dp/B0DR8CT16V,B0DR8CT16V,"I'm Not old I'm Classic: Cars automobiles Notebook Blank Lined Journal Pages for birthday gifts, Thanksgiving occasions and the perfect notebook for any retiring friend or family member Lover.",MIH Book House,Paperback,"Dec 19, 2024",
0,https://www.amazon.com/dp/B0DR89VVJF,B0DR89VVJF,"Captain's Logbook: Sailing, boating, and ships log book | Track trips, weather and Maintenance of your boats and yachts",Sea Publishing,Paperback,"Dec 19, 2024",
0,https://www.amazon.com/dp/B0DR83FMS8,B0DR83FMS8,Engineering Notebook,Binh Tran,Paperback,"Dec 19, 2024",
0,https://www.amazon.com/dp/B0DR6Z7YXK,B0DR6Z7YXK,Motorcycle Coloring Book: 40 colouring pages for adults and teens who love bikes,PSC Coloring Books,Paperback,"Dec 19, 2024",
0,https://www.amazon.com/dp/B0DR67R6B4,B0DR67R6B4,The Fungal Frontier: A Comprehensive Guide to Mushroom Cultivation and Foraging,Leonardo Lara,Kindle,"Dec 19, 2024",
0,https://www.amazon.com/dp/B0DR62PPX2,B0DR62PPX2,"Airplane Coloring Book for Kids: Cute & Fun illustrations for Toddlers, Preschoolers, and Young Kids Who Love Airplanes",Nico Fantail,Paperback,"Dec 19, 2024",
0,https://www.amazon.com/dp/B0DR5Y85H9,B0DR5Y85H9,Failure to Thrive on the Big RIvers: Fort Jefferson - Wickliffe KY,Henry Earl Jones,Paperback,"Dec 19, 2024",
1,https://www.amazon.com/dp/B0DR5XJFSK,B0DR5XJFSK,The Beginner's Blueprint: Your Guide to 3D Printing Essentials,Leonardo Lara,Kindle,"Dec 19, 2024",
0,https://www.amazon.com/dp/B0DR33KHCW,B0DR33KHCW,Pet Tech Gadgets: Revolutionizing Pet Care with Modern Technology: The Ultimate Guide to Enhancing Your Pet's Life with Smart Devices and Innovations,Dr  Ava Sparx,Kindle,"Dec 19, 2024",
0,https://www.amazon.com/dp/B0DR2S6VTP,B0DR2S6VTP,Novel Epigenomic Public Health: Applied Epigenomic Population/Public Health Initiatives,Laurens Holmes Jr,Kindle,"Dec 19, 2024",
0,https://www.amazon.com/dp/B0DR2RQLCP,B0DR2RQLCP,Tacoma and Vicinity (Classic Books),Loan and Trust Company Oakland Land,Kindle,"Dec 19, 2024",
0,https://www.amazon.com/dp/B0DR2QZQKF,B0DR2QZQKF,First Lessons in Natural Philosophy for Beginners (Classic Books),Joseph C. Martindale,Kindle,"Dec 19, 2024",
0,https://www.amazon.com/dp/B0DR2QX2TS,B0DR2QX2TS,WEAPONS of MERCY: with a multi-million $ Innovation Challenge,Steve Marek,Hardcover,"Dec 19, 2024",
0,https://www.amazon.com/dp/B0DR2PJLMS,B0DR2PJLMS,A Historical Account of Useful Inventions and Scientific Discoveries (Classic Books),George Grant,Kindle,"Dec 19, 2024",
1,https://www.amazon.com/dp/B0DR2NG217,B0DR2NG217,"New Edition of Hints on Silver-Glass Reflecting Telescopes Manufactured by Mr. G. Calver, F.R.A.S. (Classic Books)",George Calver,Kindle,"Dec 19, 2024",
1,https://www.amazon.com/dp/B0DR2L2JLS,B0DR2L2JLS,Initiative in Evolution (Classic Books),Walter Kidd,Kindle,"Dec 19, 2024",
0,https://www.amazon.com/dp/B0DR2KY5TX,B0DR2KY5TX,"Glue, gelatine, animal charcoal, phosphorous, cements, pastes and mucilages (Classic Books)",F. Dawidowsky,Kindle,"Dec 19, 2024",
0,https://www.amazon.com/dp/B0DR2JJS2S,B0DR2JJS2S,Bygone Berkshire (Classic Books),P. H. Ditchfield,Kindle,"Dec 19, 2024",
0,https://www.amazon.com/dp/B0DR26FHL8,B0DR26FHL8,An Introduction to Backfill for Subsurface Structures for Construction Managers (Structural Engineering),J. Paul Guyer,Kindle,"Dec 19, 2024",
1,https://www.amazon.com/dp/B0DR23ZHJT,B0DR23ZHJT,The Age of Solar Energy: Technical Opportunities for All,Linda Kozlowski,Kindle,"Dec 19, 2024",
0,https://www.amazon.com/dp/B0DR16BY2W,B0DR16BY2W,"AI Revolution 2025-2026: Essential Business & Creator's Survival Guide: Master AI Tools, Automation & Safety Strategies for Small Business Success: Real Case Studies and Industry Applications",Ignatius Frostbloom,Kindle,"Dec 19, 2024",
0,https://www.amazon.com/dp/B0DQYRNJYQ,B0DQYRNJYQ,Mastering Construction Contracts: Legal Insights for Engineers and Builders,Freya Holt,Kindle,"Dec 19, 2024",
0,https://www.amazon.com/dp/B0DQYG1XGG,B0DQYG1XGG,Modulation of Heavy Metal Resistance in Raphanus sativus L. by 5-ALA Involves the Chlorophyll and Reactive Oxygen Species Scavenging Mechanisms,Solano León,Paperback,"Dec 19, 2024",
0,https://www.amazon.com/dp/B0DQYFYZLK,B0DQYFYZLK,A Beginners Guide To 3D Printing,G Herder,Paperback,"Dec 19, 2024",
0,https://www.amazon.com/dp/B0DQYF27DF,B0DQYF27DF,Collateral Damage (Echoes of War: The Russia-Ukraine Conflict and Its Global Ripples),Sandeep Chavan,Paperback,"Dec 19, 2024",
0,https://www.amazon.com/dp/9999322719,9999322719,Emerging methodologies in waterbody delineation: An in-depth Review,S. Rajeswari,Paperback,"Dec 19, 2024",
0,https://www.amazon.com/dp/999932228X,999932228X,Failure Behavior and Mechanism of a Slope Under the Action of Earthquake and Rainfall,Bing Yang,Paperback,"Dec 19, 2024",
0,https://www.amazon.com/dp/9819967880,9819967880,Innovative Disposal Technology and Management Practice for Medical Waste,Yang Chen,Paperback,"Dec 19, 2024",
0,https://www.amazon.com/dp/9819765803,9819765803,"Information System Design: AI and ML Applications: Proceedings of Eighth International Conference on Information System Design and Intelligent ... (Lecture Notes in Networks and Systems, 1107)",Vikrant Bhateja,Paperback,"Dec 19, 2024",
0,https://www.amazon.com/dp/9819763517,9819763517,"International Conference on Signal, Machines, Automation, and Algorithm: Proceedings of SIGMAA 2023, Volume 2 (Advances in Intelligent Systems and Computing, 1461)",Hasmat Malik,Paperback,"Dec 19, 2024",
0,https://www.amazon.com/dp/9815322907,9815322907,Disruptive Technologies and Business Innovation: IoT in Perspective,Mohammed Majeed,Kindle,"Dec 19, 2024",
0,https://www.amazon.com/dp/9815256580,9815256580,"Andrographolide and its Analogs: Botanical Sources, Phytochemistry, Pharmacology, and Biotechnology",S. Karuppusamy,Kindle,"Dec 19, 2024",
0,https://www.amazon.com/dp/9394521461,9394521461,How to Start Granite Business: Your Ultimate Guide to Starting and Succeeding in the Granite Industry!,Varun Katiyar,Kindle,"Dec 19, 2024",
0,https://www.amazon.com/dp/9264751874,9264751874,OECD Economic Surveys: Korea 2024,Oecd,Paperback,"Dec 19, 2024",
0,https://www.amazon.com/dp/6208417759,6208417759,Organizing the Use of Freight Vehicles in Andijan to Provide Service,Rahmatullo Rahimov,Paperback,"Dec 19, 2024",
0,https://www.amazon.com/dp/6208415020,6208415020,Metal tungstate-polymer nanocomposites for solar steam generator,V Robert Bellarmin,Paperback,"Dec 19, 2024",
0,https://www.amazon.com/dp/6208397006,6208397006,Cybersecurity,Carlos Jacomino,Paperback,"Dec 19, 2024",
0,https://www.amazon.com/dp/6208396786,6208396786,Revealing the Interconnection: Histamines and Bioinorganics,Abdelhafid Mimouni,Paperback,"Dec 19, 2024",
0,https://www.amazon.com/dp/6208396689,6208396689,Humans and Macaques: Regulation of Blood Pressure,Abdelhafid Mimouni,Paperback,"Dec 19, 2024",
0,https://www.amazon.com/dp/6208381649,6208381649,Foundations of Resilience,Josefa Castillo,Paperback,"Dec 19, 2024",
0,https://www.amazon.com/dp/6205510898,6205510898,Ocimum Gratissimum: The Miracle Plant,Emeka C Moneme,Paperback,"Dec 19, 2024",
0,https://www.amazon.com/dp/3866288352,3866288352,Exploring heat flux as a marker for the early detection of infection,Signe Lin Kuei Vehusheia,Paperback,"Dec 19, 2024",
0,https://www.amazon.com/dp/3639715039,3639715039,Spread Spectrum Pulse Width Modulation Methods: For Vector Controlled Induction Motor Drives,S. Nithya Lavanya,Paperback,"Dec 19, 2024",
0,https://www.amazon.com/dp/3330797991,3330797991,Microfluidics and Nanofluidics,Zahraa Neamah Abbas,Paperback,"Dec 19, 2024",
0,https://www.amazon.com/dp/3031784677,3031784677,Emerging Challenges in Intelligent Management Information Systems: Proceedings of 27th European Conference on Artificial Intelligence ECAI 2024 - IMIS ... 2 (Lecture Notes in Networks and Systems),Marcin Hernes,Kindle,"Dec 19, 2024",
0,https://www.amazon.com/dp/3031777980,3031777980,"Artificial Intelligence and Digital Twin Technology: 1st International Conference, IconAIDTT 2023, Sivakasi, India, April 26–28, 2023, Proceedings (Communications in Computer and Information Science)",Valarmathi K.,Kindle,"Dec 19, 2024",
0,https://www.amazon.com/dp/3031488377,3031488377,Advancements in Antenna Measurement: A Novel Approach to High-Frequency Attenuation (Lecture Notes in Electrical Engineering),Martin Krchňák,Paperback,"Dec 19, 2024",
0,https://www.amazon.com/dp/283270087X,283270087X,"IEC 60364-4-44 Ed. 3.0 en:2024, Third Edition: Low-voltage electrical installations - Part 4-44: Protection for safety - Protection against voltage disturbances and electromagnetic disturbances",International Electrotechnical Commission,Paperback,"Dec 19, 2024",
0,https://www.amazon.com/dp/2832700756,2832700756,"IEC 62024-2 Ed. 3.0 b:2024, Third Edition: High frequency inductive components - Electrical characteristics and measuring methods - Part 2: Rated current of inductors for DC-to-DC converters",International Electrotechnical Commission,Paperback,"Dec 19, 2024",
0,https://www.amazon.com/dp/1032562978,1032562978,Intelligent Prognostics for Engineering Systems with Machine Learning Techniques (Advanced Research in Reliability and System Assurance Engineering),Gunjan Soni,Kindle,"Dec 19, 2024",
0,https://www.amazon.com/dp/1032550112,1032550112,"IoT Analytics and Renewable Energy Systems, Volume 1 and 2",O.V. Gnana Swathika,Hardcover,"Dec 19, 2024",
0,https://www.amazon.com/dp/1032548126,1032548126,Nanomaterials under Extreme Conditions: A Systematic Approach to Designing and Applications,Manuel Ahumada,Kindle,"Dec 19, 2024",
0,https://www.amazon.com/dp/1032540702,1032540702,Analysis and Compensation of Kinetic Friction in Robotic and Mechatronic Control Systems,Michael Ruderman,Kindle,"Dec 19, 2024",
0,https://www.amazon.com/dp/1032529679,1032529679,Single Biomolecule Detection and Analysis,Tuhin Subhra Santra,Kindle,"Dec 19, 2024",
0,https://www.amazon.com/dp/103252913X,103252913X,"Electromagnetic Ergonomics: From Electrification to a Wireless Society (Occupational Safety, Health, and Ergonomics)",Jolanta Karpowicz,Kindle,"Dec 19, 2024",
0,https://www.amazon.com/dp/1032520094,1032520094,Learning and Relearning Equipment Complexity (Developments in Quality and Safety),Sasho Andonov,Kindle,"Dec 19, 2024",
0,https://www.amazon.com/dp/1032514701,1032514701,"Laser-based Technologies for Sustainable Manufacturing (Advances in Manufacturing, Design and Computational Intelligence Techniques)",Avinash Kumar,Kindle,"Dec 19, 2024",
0,https://www.amazon.com/dp/1032492228,1032492228,CYBORG (Prospects in Smart Technologies),Kuldeep Singh Kaswan,Kindle,"Dec 19, 2024",
0,https://www.amazon.com/dp/1032489502,1032489502,3D Integration of Resistive Switching Memory (Frontiers in Semiconductor Technology),Qing Luo,Kindle,"Dec 19, 2024",
0,https://www.amazon.com/dp/1032486171,1032486171,Cognitive Dependability Engineering,Lech Bukowski,Kindle,"Dec 19, 2024",
0,https://www.amazon.com/dp/103248604X,103248604X,Printed Antennas for Future Generation Wireless Communication and Healthcare,Balaka Biswas,Kindle,"Dec 19, 2024",
0,https://www.amazon.com/dp/1032479299,1032479299,"Applications of Mathematical Modeling, Machine Learning, and Intelligent Computing for Industrial Development (Smart Technologies for Engineers and Scientists)",Madhu Jain,Kindle,"Dec 19, 2024",
0,https://www.amazon.com/dp/1032478675,1032478675,Digital Image Processing,A Baskar,Kindle,"Dec 19, 2024",
1,https://www.amazon.com/dp/1032474025,1032474025,"The Cause, Effect, and Control of Accidental Loss (Workplace Safety, Risk Management, and Industrial Hygiene)",Ron C. McKinnon,Kindle,"Dec 19, 2024",
0,https://www.amazon.com/dp/1032470119,1032470119,"Advanced Manufacturing Operations Technologies: Principles, Applications, and Design Correlations in Chemical Engineering Fields of Practice",Sam A. Hout,Kindle,"Dec 19, 2024",
0,https://www.amazon.com/dp/1032464445,1032464445,Architectures of Existence,Chris Younès,Kindle,"Dec 19, 2024",
0,https://www.amazon.com/dp/1032461381,1032461381,Artificial Intelligence and Deep Learning for Computer Network (Chapman & Hall/Distributed Computing and Intelligent Data Analytics Series),Sangita Roy,Kindle,"Dec 19, 2024",
0,https://www.amazon.com/dp/1032461322,1032461322,Cloud-based Intelligent Informative Engineering for Society 5.0 (Chapman & Hall/CRC Cloud Computing for Society 5.0),Kaushal Kishor,Kindle,"Dec 19, 2024",
0,https://www.amazon.com/dp/1032448296,1032448296,"IoT and Analytics in Renewable Energy Systems (Volume 2): AI, ML and IoT Deployment in Sustainable Smart Cities",O.V. Gnana Swathika,Kindle,"Dec 19, 2024",
0,https://www.amazon.com/dp/1032442476,1032442476,Computational Techniques for Text Summarization based on Cognitive Intelligence,V. Priya,Kindle,"Dec 19, 2024",
0,https://www.amazon.com/dp/103244083X,103244083X,Management of Civic Energy and the Green Transformation,Anna Brzozowska,Kindle,"Dec 19, 2024",
0,https://www.amazon.com/dp/1032436654,1032436654,Computational Intelligence Aided Systems for Healthcare Domain,Akshansh Gupta,Kindle,"Dec 19, 2024",
0,https://www.amazon.com/dp/1032435380,1032435380,"Advanced Materials towards Energy Sustainability: Theory and Implementations (Urbanization, Industrialization, and the Environment)",Samsul Ariffin Abdul Karim,Kindle,"Dec 19, 2024",
0,https://www.amazon.com/dp/1032434228,1032434228,Energy Storage and Conversion Materials,Ngoc Thanh Thuy Tran,Kindle,"Dec 19, 2024",
0,https://www.amazon.com/dp/1032420979,1032420979,Drafting Italy (Routledge Studies in the Modern History of Italy),Marco Rovinello,Kindle,"Dec 19, 2024",
0,https://www.amazon.com/dp/1032416408,1032416408,Terpenoids,Bimal Krishna Banik,Kindle,"Dec 19, 2024",
0,https://www.amazon.com/dp/1032413883,1032413883,High Performance Concrete Optimal Composition Design,Leonid Dvorkin,Kindle,"Dec 19, 2024",
0,https://www.amazon.com/dp/1032410043,1032410043,Materials for Sustainable Energy Storage at the Nanoscale,Fabian Ifeanyichukwu Ezema,Kindle,"Dec 19, 2024",
0,https://www.amazon.com/dp/1032409258,1032409258,Elastane in Sports and Medical Textiles,R. Rathinamoorthy,Kindle,"Dec 19, 2024",
0,https://www.amazon.com/dp/103240664X,103240664X,Characterization Techniques for Nanomaterials,Imalka Munaweera,Kindle,"Dec 19, 2024",
0,https://www.amazon.com/dp/1032396903,1032396903,Performance of DFIG and PMSG Wind Turbines,Kenneth Okedu,Kindle,"Dec 19, 2024",
0,https://www.amazon.com/dp/1032388587,1032388587,Evolutionary Process of a Steep Rocky Reservoir Bank in a Dynamic Mechanical Environment (Challenges in Geotechnical and Rock Engineering),Luqi Wang,Kindle,"Dec 19, 2024",
0,https://www.amazon.com/dp/1032383577,1032383577,Handbook of Silicon Carbide Materials and Devices (Series in Materials Science and Engineering),Zhe Chuan Feng,Kindle,"Dec 19, 2024",
0,https://www.amazon.com/dp/1032383283,1032383283,Nanophytopathology,Graciela Dolores Avila Quezada,Kindle,"Dec 19, 2024",
0,https://www.amazon.com/dp/1032381973,1032381973,Polymer Nanocomposites,Rajesh Kumar Verma,Kindle,"Dec 19, 2024",
0,https://www.amazon.com/dp/1032378387,1032378387,Flash Ironmaking,H. Y. Sohn,Kindle,"Dec 19, 2024",
0,https://www.amazon.com/dp/1032376015,1032376015,Microbial Bioprocessing of Agri-food Wastes (Advances and Applications in Biotechnology),Gustavo Molina,Kindle,"Dec 19, 2024",
0,https://www.amazon.com/dp/1032375183,1032375183,Organic and Inorganic Light Emitting Diodes: Reliability Issues and Performance Enhancement,T.D. Subash,Kindle,"Dec 19, 2024",
0,https://www.amazon.com/dp/1032371595,1032371595,Nanostructured Magnetic Materials (Emerging Materials and Technologies),Sathish-Kumar Kamaraj,Kindle,"Dec 19, 2024",
0,https://www.amazon.com/dp/1032356995,1032356995,Polymer-Carbonaceous Filler Based Composites for Wastewater Treatment,Jyotishkumar Parameswaranpillai,Kindle,"Dec 19, 2024",
0,https://www.amazon.com/dp/1032355107,1032355107,Sustainable Energy Development,Indre Siksnelyte-Butkiene,Kindle,"Dec 19, 2024",
0,https://www.amazon.com/dp/1032352809,1032352809,Remediation of Uranium Mill Tailings,Prafulla Soni,Kindle,"Dec 19, 2024",
0,https://www.amazon.com/dp/1032351586,1032351586,Application of Advanced Optimization Techniques for Healthcare Analytics,Mohamed Abdel-Basset,Kindle,"Dec 19, 2024",
0,https://www.amazon.com/dp/1032347112,1032347112,Metal Oxide–Based Carbon Nanocomposites for Environmental Remediation and Safety,Rayees Ahmad Zargar,Kindle,"Dec 19, 2024",
0,https://www.amazon.com/dp/1032345810,1032345810,Artificial Intelligence of Health-Enabled Spaces,Fadi Al-Turjman,Kindle,"Dec 19, 2024",
0,https://www.amazon.com/dp/1032344504,1032344504,Plant MicroRNAs and Stress Response,Deepu Pandita,Kindle,"Dec 19, 2024",
0,https://www.amazon.com/dp/1032342420,1032342420,Intelligent Analytics for Industry 4.0 Applications,Avinash Chandra Pandey,Kindle,"Dec 19, 2024",
0,https://www.amazon.com/dp/1032335203,1032335203,High-Entropy Materials (Emerging Materials and Technologies),Yong Zhang,Kindle,"Dec 19, 2024",
0,https://www.amazon.com/dp/1032335076,1032335076,Computational Intelligence for Cybersecurity Management and Applications (Advances in Cybersecurity Management),Yassine Maleh,Kindle,"Dec 19, 2024",
0,https://www.amazon.com/dp/1032334916,1032334916,Magnetic Quantum Dots for Bioimaging,Amin Reza Rajabzadeh,Kindle,"Dec 19, 2024",
0,https://www.amazon.com/dp/1032333227,1032333227,Recommender Systems (Intelligent Systems),Monideepa Roy,Kindle,"Dec 19, 2024",
0,https://www.amazon.com/dp/1032320885,1032320885,Drying and Valorisation of Food Processing Waste (Advances in Drying Science and Technology),Chien Hwa Chong,Paperback,"Dec 19, 2024",
0,https://www.amazon.com/dp/1032313145,1032313145,Biomotors and their Nanobiotechnology Applications,Peixuan Guo,Kindle,"Dec 19, 2024",
0,https://www.amazon.com/dp/1032306823,1032306823,3D Printing and Sustainable Product Development,Mir Irfan Ul Haq,Kindle,"Dec 19, 2024",
0,https://www.amazon.com/dp/1032301546,1032301546,Biopolymer-Based Films and Coatings,Sneh Punia Bangar,Kindle,"Dec 19, 2024",
0,https://www.amazon.com/dp/1032299819,1032299819,Machine Learning and the Internet of Things in Solar Power Generation (Smart Engineering Systems: Design and Applications),Prabha Umapathy,Kindle,"Dec 19, 2024",
0,https://www.amazon.com/dp/1032298391,1032298391,Vibration Testing and Applications in System Identification of Civil Engineering Structures,Heung-Fai Lam,Kindle,"Dec 19, 2024",
0,https://www.amazon.com/dp/1032295082,1032295082,Development in E-waste Management,Biswajit Debnath,Kindle,"Dec 19, 2024",
0,https://www.amazon.com/dp/1032294922,1032294922,Artificial Intelligence Techniques in Power Systems Operations and Analysis (Advances in Computational Collective Intelligence),Nagendra Singh,Kindle,"Dec 19, 2024",
0,https://www.amazon.com/dp/1032290242,1032290242,Testing and Modeling of Cellular Materials,Derek G Spear,Kindle,"Dec 19, 2024",
0,https://www.amazon.com/dp/1032284013,1032284013,3D Printing,Ram K. Gupta,Kindle,"Dec 19, 2024",
0,https://www.amazon.com/dp/1032283904,1032283904,Nanowires,Ram K. Gupta,Kindle,"Dec 19, 2024",
0,https://www.amazon.com/dp/1032280751,1032280751,The Science of Climate Migration,Frank R. Spellman,Kindle,"Dec 19, 2024",
0,https://www.amazon.com/dp/1032256575,1032256575,Climate Change and Geodynamics in Polar Regions (Maritime Climate Change),Neloy Khare,Kindle,"Dec 19, 2024",
0,https://www.amazon.com/dp/1032253207,1032253207,Airborne Circularly Polarized SAR (SAR Remote Sensing),Josaphat Tetuko Sri Sumantyo,Kindle,"Dec 19, 2024",
0,https://www.amazon.com/dp/1032248106,1032248106,Advances in Design and Testing of Future Smart Roads,Dina K. Kuttah,Kindle,"Dec 19, 2024",
0,https://www.amazon.com/dp/1032245115,1032245115,Systems Engineering (Systems Innovation Book Series),Adedeji B. Badiru,Kindle,"Dec 19, 2024",
0,https://www.amazon.com/dp/1032243740,1032243740,Specialty Polymers,Ram K. Gupta,Kindle,"Dec 19, 2024",
0,https://www.amazon.com/dp/1032232811,1032232811,"Integrated Drought Management, Two Volume Set (Drought and Water Crises)",Vijay P. Singh,Hardcover,"Dec 19, 2024",
0,https://www.amazon.com/dp/1032232803,1032232803,"Integrated Drought Management, Volume 1: Assessment and Spatial Analyses in Changing Climate (Drought and Water Crises)",Vijay P. Singh,Kindle,"Dec 19, 2024",
0,https://www.amazon.com/dp/1032232781,1032232781,"Integrated Drought Management, Volume 2: Forecasting, Monitoring, and Managing Risk (Drought and Water Crises)",Vijay P. Singh,Kindle,"Dec 19, 2024",
0,https://www.amazon.com/dp/1032228024,1032228024,Material Aspects of Ferrofluids,R. P. Pant,Kindle,"Dec 19, 2024",
0,https://www.amazon.com/dp/1032224533,1032224533,Sustainability of Green and Eco-friendly Composites (Emerging Materials and Technologies),Sumit Gupta,Kindle,"Dec 19, 2024",
0,https://www.amazon.com/dp/1032218274,1032218274,Modern Avenues in Metal-Nucleic Acid Chemistry (Metal Ions in Life Sciences Series),Jens Müller,Kindle,"Dec 19, 2024",
0,https://www.amazon.com/dp/1032216069,1032216069,Security Implementation in Internet of Medical Things,Luxmi Sapra,Kindle,"Dec 19, 2024",
0,https://www.amazon.com/dp/1032213213,1032213213,"Cyber Security Using Modern Technologies: Artificial Intelligence, Blockchain and Quantum Cryptography",Om Pal,Kindle,"Dec 19, 2024",
0,https://www.amazon.com/dp/1032213027,1032213027,Creep,Leo Razdolsky,Kindle,"Dec 19, 2024",
0,https://www.amazon.com/dp/1032203463,1032203463,Laboratory Manual for Geotechnical Characterization of Fine-Grained Soils (Routledge Malaysian Studies),Alan J. Lutenegger,Hardcover,"Dec 19, 2024",
0,https://www.amazon.com/dp/1032195525,1032195525,Edible and Medicinal Mushrooms of the Himalayas (Natural Products Chemistry of Global Plants),Ajay Sharma,Kindle,"Dec 19, 2024",
0,https://www.amazon.com/dp/1032191104,1032191104,Computational Intelligence based Optimization of Manufacturing Process for Sustainable Materials (Computational and Intelligent Systems),Deepak Sinwar,Kindle,"Dec 19, 2024",
0,https://www.amazon.com/dp/103218762X,103218762X,Computer Vision and Image Analysis for Industry 4.0,Nazmul Siddique,Kindle,"Dec 19, 2024",
0,https://www.amazon.com/dp/1032181427,1032181427,Computational Statistical Methodologies and Modeling for Artificial Intelligence (Edge AI in Future Computing),Priyanka Harjule,Kindle,"Dec 19, 2024",
0,https://www.amazon.com/dp/1032171693,1032171693,Internet of Drones,Saravanan Krishnan,Kindle,"Dec 19, 2024",
0,https://www.amazon.com/dp/1032161825,1032161825,Handbook of Mathematical and Digital Engineering Foundations for Artificial Intelligence (Systems Innovation Book Series),Adedeji B. Badiru,Kindle,"Dec 19, 2024",
0,https://www.amazon.com/dp/1032152389,1032152389,Industrial Tribology (Manufacturing Design and Technology),Jitendra Kumar Katiyar,Kindle,"Dec 19, 2024",
0,https://www.amazon.com/dp/1032150521,1032150521,"Sustainable Material, Design, and Process",Ravi Kant,Kindle,"Dec 19, 2024",
0,https://www.amazon.com/dp/1032135867,1032135867,Molecular Bio-Sensors and the Role of Metal Ions (Metal Ions in Life Sciences Series),Thomas J. Meade,Kindle,"Dec 19, 2024",
0,https://www.amazon.com/dp/1032133813,1032133813,Advanced Photonics Methods for Biomedical Applications,Edik Rafailov,Kindle,"Dec 19, 2024",
0,https://www.amazon.com/dp/1032131446,1032131446,Applications of 5G and Beyond in Smart Cities (Computational Intelligence Techniques),Ambar Bajpai,Kindle,"Dec 19, 2024",
0,https://www.amazon.com/dp/103212976X,103212976X,The Role of GIS in COVID-19 Management and Control,Esra Ozdenerol,Kindle,"Dec 19, 2024",
0,https://www.amazon.com/dp/1032107731,1032107731,Data-Driven Intelligence in Wireless Networks,Muhammad Khalil Afzal,Kindle,"Dec 19, 2024",
0,https://www.amazon.com/dp/1032104295,1032104295,"Integrated Process Planning, Scheduling, and Due-Date Assignment",Halil Ibrahim Demir,Kindle,"Dec 19, 2024",
0,https://www.amazon.com/dp/1032071400,1032071400,Climate Change and Sustainable Development,M. H. Fulekar,Kindle,"Dec 19, 2024",
1,https://www.amazon.com/dp/1032069333,1032069333,"Handbook of Coriander (Coriandrum sativum): Chemistry, Functionality, and Applications",Mohamed Fawzy Ramadan,Kindle,"Dec 19, 2024",
0,https://www.amazon.com/dp/1032068116,1032068116,Generative Adversarial Networks and Deep Learning,Roshani Raut,Kindle,"Dec 19, 2024",
0,https://www.amazon.com/dp/1032067012,1032067012,Lignocellulosic Biomass Refining for Second Generation Biofuel Production (Novel Biotechnological Applications for Waste to Value Conversion),Ponnusami V.,Kindle,"Dec 19, 2024",
0,https://www.amazon.com/dp/1032064684,1032064684,Management of Wastewater and Sludge (Science and Engineering of Air Pollution and Waste Management),Izharul Haq Farooqi,Kindle,"Dec 19, 2024",
0,https://www.amazon.com/dp/1032059842,1032059842,Renewable Fuels,Rajni Kant,Kindle,"Dec 19, 2024",
0,https://www.amazon.com/dp/1032041382,1032041382,Deep Learning and Its Applications for Vehicle Networks,Fei Hu,Kindle,"Dec 19, 2024",
0,https://www.amazon.com/dp/0443236453,0443236453,Fundamentals and Future Trends of 3D Printing in Drug Delivery,Dimitrios A. Lamprou PhD,Kindle,"Dec 1, 2024",
0,https://www.amazon.com/dp/0443217424,0443217424,"Spinel Ferrite Materials: Fundamentals, Progress, and Applications (Woodhead Publishing Series in Electronic and Optical Materials)",Gagan Kumar Bhargava,Paperback,"Dec 1, 2024",
0,https://www.amazon.com/dp/0443216584,0443216584,Fundamentals of Biosensors in Healthcare: Volume 1,Md Saquib Hasnain PhD,Kindle,"Dec 19, 2024",
0,https://www.amazon.com/dp/0443185263,0443185263,Ionic Liquid in Process Intensification,Suojiang Zhang,Kindle,"Dec 13, 2024",
0,https://www.amazon.com/dp/0443158975,0443158975,"Gold Nanoparticles, Nanomaterials and Nanocomposites: Science, Technology and Applications (Micro and Nano Technologies)",S. K. Khadheer Pasha,Kindle,"Dec 19, 2024",
0,https://www.amazon.com/dp/0443158940,0443158940,Functionalized Nanoclays: Synthesis and Design for Industrial Applications (Micro and Nano Technologies),Shadpour Mallakpour,Kindle,"Dec 19, 2024",
0,https://www.amazon.com/dp/0367742918,0367742918,MXene-Based Photocatalysts (Emerging Materials and Technologies),Zuzeng Qin,Kindle,"Dec 19, 2024",
0,https://www.amazon.com/dp/0367555603,0367555603,Molecular Layer Deposition for Tailored Organic Thin-Film Materials (Optics and Photonics),Tetsuzo Yoshimura,Kindle,"Dec 19, 2024",
0,https://www.amazon.com/dp/0367546663,0367546663,Handbook of Formal Analysis and Verification in Cryptography (Prospects in Pure and Applied Mathematics),Sedat Akleylek,Kindle,"Dec 19, 2024",
0,https://www.amazon.com/dp/0367512394,0367512394,Bio and Nanoremediation of Hazardous Environmental Pollutants,Fabián Fernández Luqueño,Kindle,"Dec 19, 2024",
0,https://www.amazon.com/dp/B0DQZLXZ8N,B0DQZLXZ8N,"Attending World Expo 2025 Osaka: Designing Future Society for Our Lives on Yumeshima Island, Japan",Bodo Hubert,Kindle,"Dec 18, 2024",
0,https://www.amazon.com/dp/B0DQY9LXGJ,B0DQY9LXGJ,Effect of Rare-Earth and Transition Metal Dopants on the Electronic Behavior of the Rare-Earth Iron Arsenide Oxide Oxypnictide System,Rey León,Paperback,"Dec 18, 2024",
1,https://www.amazon.com/dp/B0DQY5LWFK,B0DQY5LWFK,GoLUVLY.com: Help Us Refill Our Polar Ice Trays Again,Grant William Shull,Kindle,"Dec 18, 2024",
0,https://www.amazon.com/dp/B0DQY2VHQ4,B0DQY2VHQ4,"Is Google’s VEO-2 a Game Changer or Just Hype?: Inside the Breakthrough That Could Forever Redefine Text-to-Video Generation (AI, Gadget and Space Science Tech Updates)",Joe E. Grayson,Kindle,"Dec 18, 2024",
0,https://www.amazon.com/dp/B0DQWHLXR6,B0DQWHLXR6,An Introduction to Boiler Instrumentation and Controls for Construction Managers (Construction Management),J. Paul Guyer,Kindle,"Dec 18, 2024",
0,https://www.amazon.com/dp/B0DQW921R5,B0DQW921R5,Nanotechnologies,William Kergroach,Kindle,"Dec 18, 2024",
0,https://www.amazon.com/dp/B0DQVL12CH,B0DQVL12CH,Becoming a Visionary Leader Who Sees the Unseen,Othman Omran Khalifa,Kindle,"Dec 18, 2024",
0,https://www.amazon.com/dp/B0DQVJPVRZ,B0DQVJPVRZ,"Prevent, Counter, and Respond - NNSA’s Plan to Reduce Global Nuclear Threats: FY 2023-FY 2027 Report to Congress",United States Department of Energy,Paperback,"Dec 18, 2024",
0,https://www.amazon.com/dp/9819754402,9819754402,"Proceedings of Ninth International Congress on Information and Communication Technology: ICICT 2024, London, Volume 10 (Lecture Notes in Networks and Systems, 1055)",Xin-She Yang,Kindle,"Dec 18, 2024",
0,https://www.amazon.com/dp/6204955810,6204955810,Current Harmonic Mitigation Using PV-SHAPF With MHCC-DFCEA,R Johnni Hepziba,Paperback,"Dec 18, 2024",
0,https://www.amazon.com/dp/3639711564,3639711564,"Network Communication Protocols: Definition, Operation, Types and Comprehensive Guide",Ghassan Abed,Paperback,"Dec 18, 2024",
0,https://www.amazon.com/dp/3031714288,3031714288,Artificial Intelligence and Its Practical Applications in the Digital Economy (Lecture Notes in Networks and Systems),Yahya Mohamed Elhadj,Paperback,"Dec 18, 2024",
0,https://www.amazon.com/dp/3031468600,3031468600,Green Technologies for Industrial Waste Remediation (Environmental Science and Engineering),Abhilasha Singh Mathuriya,Kindle,"Dec 18, 2024",
0,https://www.amazon.com/dp/3031463439,3031463439,"Advances in Deep Generative Models for Medical Artificial Intelligence (Studies in Computational Intelligence, 1124)",Hazrat Ali,Paperback,"Dec 18, 2024",
0,https://www.amazon.com/dp/3031434501,3031434501,Computation-Aware Algorithmic Design for Cyber-Physical Systems (Systems & Control: Foundations & Applications),Maria Prandini,Hardcover,"Dec 18, 2024",
0,https://www.amazon.com/dp/3031413350,3031413350,Targeted Delivery of Nanopesticides and Nanofertilizers in Sustainable Agricultural Farming (Nanotechnology in the Life Sciences),Ayesha Nazeer,Paperback,"Dec 18, 2024",
0,https://www.amazon.com/dp/1032327774,1032327774,Port Systems in Global Competition (Routledge Studies in Transport Analysis),César Ducruet,Kindle,"Dec 18, 2024",
0,https://www.amazon.com/dp/1032007516,1032007516,The Shaping of Greenland’s Resource Spaces (Routledge Studies of the Extractive Industries and Sustainable Development),Mark Nuttall,Kindle,"Dec 18, 2024",
0,https://www.amazon.com/dp/B0DR2TFBMR,B0DR2TFBMR,DEFINITIONS OF TERMS USED IN BIOLOGY: A Handbook of the Meaning of Terms Used in Biology,Kingsley Augustine,Kindle,"Dec 18, 2024",
0,https://www.amazon.com/dp/1032465263,1032465263,Genome Editing and Global Food Security: Molecular Engineering Technologies for Sustainable Agriculture (Earthscan Food and Agriculture),Zeba Khan,Kindle,"Dec 18, 2024",
0,https://www.amazon.com/dp/B0DR72J2Q7,B0DR72J2Q7,"Cleaning Services Contract Forms Book, Streamlining Your Cleaning Business with Effective Contract Forms / Size 8.5×11 in.",Seham Berry,Paperback,"Dec 18, 2024",
0,https://www.amazon.com/dp/B0DQVL633S,B0DQVL633S,Planet of the Robots: The Emergence of a Robotic Civilization (Robotics Engineering and Intelligence),Gareth Morgan Thomas,Hardcover,"Dec 18, 2024",
0,https://www.amazon.com/dp/B0DQWLQ1BM,B0DQWLQ1BM,INDUCTION MOTORS (Electrical Engineering),SURYAMANI MISHRA,Kindle,"Dec 18, 2024",
1,https://www.amazon.com/dp/B0DR61LV6F,B0DR61LV6F,Super car abc’s s is for super car: Super car abc’s (ABC’S of the Motor World),Tyler Ras Sanchez,Paperback,"Dec 18, 2024",
0,https://www.amazon.com/dp/1032258837,1032258837,"Evaluating Sustainable Food System Innovations: A Global Toolkit for Cities (Routledge Studies in Food, Society and the Environment)",Élodie Valette,Kindle,"Dec 18, 2024",
0,https://www.amazon.com/dp/0443338434,0443338434,General Continuum Mechanics and Constitutive Modeling,Niels Saabye Ottosen,Kindle,"Dec 2, 2024",
0,https://www.amazon.com/dp/1032528095,1032528095,Russia’s Foreign Energy Policy (Routledge Studies in Energy Policy),Kenan Aslanli,Kindle,"Dec 18, 2024",
0,https://www.amazon.com/dp/B0DR7764N4,B0DR7764N4,Backhoe Loader Maintenance Log Book: Repair & Service Record with Daily Inspection Checklist | Maintenance Logbook for Backhoe Loaders,Slim.Blml Publishing,Paperback,"Dec 18, 2024",
0,https://www.amazon.com/dp/103234735X,103234735X,Blue Flag Beaches (Earthscan Studies in Natural Resource Management),María A. Prats,Kindle,"Dec 18, 2024",
0,https://www.amazon.com/dp/1032373512,1032373512,Economic Growth and Environmental Quality in a Post-Pandemic World (Routledge Explorations in Environmental Economics),Muhammad Shahbaz,Kindle,"Dec 18, 2024",
0,https://www.amazon.com/dp/B0DRMDD45W,B0DRMDD45W,Optimized Energy Management Strategies for Electric Vehicles,Parita Jain,Hardcover,"Dec 18, 2024",
0,https://www.amazon.com/dp/B0DRHWH2KM,B0DRHWH2KM,"I Like My Suitcase, Ready to Go: A Notebook for Packing Plans, Trip Ideas, and Travel Notes",glee haus,Paperback,"Dec 18, 2024",
0,https://www.amazon.com/dp/B0DRCKRMDC,B0DRCKRMDC,Indian Port and Shipping Industry: Five Decades of my Involvement,Probir Mitra,Kindle,"Dec 18, 2024",
0,https://www.amazon.com/dp/B0DR7CGNHM,B0DR7CGNHM,"No Worries, We Have It In The Backlog: Funny Business Notebook | A Great Office Gift for Every Scrum Enthusiast and IT Coworker",Jamie Chylak,Paperback,"Dec 18, 2024",
0,https://www.amazon.com/dp/B0DR7C3S3Q,B0DR7C3S3Q,Graph Paper Notebook,Thomas McDowell,Paperback,"Dec 18, 2024",
0,https://www.amazon.com/dp/B0DR7B9R5D,B0DR7B9R5D,Mileage Log Book: Vibrant abstract illustrations of cars and expenses in multi-color designs,Birdi Duran,Paperback,"Dec 18, 2024",
0,https://www.amazon.com/dp/B0DR79P8NY,B0DR79P8NY,"GRAPH PAPER WORKBOOK: 4X4, Quad Ruled, 120 Pages, Grid Notebook For Science, Math, Engineering, Note-Taking, Planning, Mapping and More",Firedragon Press,Paperback,"Dec 18, 2024",
0,https://www.amazon.com/dp/B0DR78X5X3,B0DR78X5X3,"I'm an Engineer Girl Like a Regular Girl, Only Way Cooler: Funny Graph Paper Notebook Journal for Women in STEM",Bamazruk Work,Paperback,"Dec 18, 2024",
0,https://www.amazon.com/dp/B0DR78PZT7,B0DR78PZT7,Asphalt Paver Maintenance Log Book: Repair & Service Record with Daily Inspection Checklist | Maintenance Logbook for Asphalt Pavers,Slim.Apml Publishing,Paperback,"Dec 18, 2024",
0,https://www.amazon.com/dp/B0DR78P851,B0DR78P851,"Vehicle Maintenance Log: Track Maintenance Repairs, Mileage, Oil Changes, Tire Rotations, Spark Plugs and Log Notes. Car Repair Journal- Auto Expenses Log",SLLog Journals,Paperback,"Dec 18, 2024",
0,https://www.amazon.com/dp/B0DR77JKM1,B0DR77JKM1,"Aerospace Engineer It's Not Rocket Science... Wait, Yes It Is: Funny Graph Paper Notebook Journal for Aerospace Enthusiasts",Bamazruk Works,Paperback,"Dec 18, 2024",
0,https://www.amazon.com/dp/B0DR75KBTK,B0DR75KBTK,Essential Chemist’s Journal,Mr Alfonso Gasparro,Paperback,"Dec 18, 2024",
0,https://www.amazon.com/dp/B0DR74QT4L,B0DR74QT4L,My Car Journal,Szu,Paperback,"Dec 18, 2024",
1,https://www.amazon.com/dp/B0DR5T2H3J,B0DR5T2H3J,Making Concrete Refrigerator Magnets: A unique craft and learning activity,Luke  M. Snell P.E.,Paperback,"Dec 18, 2024",
0,https://www.amazon.com/dp/B0DR58MB6J,B0DR58MB6J,TRUCK MANIA: 100 Cool Coloring Pages for Boys,Cricket Connelly,Paperback,"Dec 18, 2024",
0,https://www.amazon.com/dp/B0DR36VQ66,B0DR36VQ66,Sustainable Off-Grid Living Projects: Timeless Skills and Techniques for a Self-Sufficient Future,Dr Edith Griffith,Paperback,"Dec 18, 2024",
0,https://www.amazon.com/dp/B0DQVSV6FJ,B0DQVSV6FJ,Airbus A320 Autoflight system,Biblioteca Aeronáutica,Paperback,"Dec 18, 2024",
4,https://www.amazon.com/dp/1804616680,1804616680,Mastering Amazon EC2: Unravel the complexities of EC2 to build robust and resilient applications,Badri Kesavan,Paperback,"May 10, 2024",
0,https://www.amazon.com/dp/2832701175,2832701175,"IEC 60335-2-75 Ed. 4.0 en:2024 CMV, Fourth Edition: Household and similar electrical appliances - Safety - Part 2-75: Particular requirements for commercial dispensing appliances and vending machines",International Electrotechnical Commission,Paperback,"Dec 18, 2024",
0,https://www.amazon.com/dp/2832701167,2832701167,"IEC 60335-2-75 Ed. 4.0 en:2024 EXV, Fourth Edition: Household and similar electrical appliances - Safety - Part 2-75: Particular requirements for commercial dispensing appliances and vending machines",International Electrotechnical Commission,Paperback,"Dec 18, 2024",
0,https://www.amazon.com/dp/2832700187,2832700187,"IEC 60335-2-75 Ed. 4.0 b:2024, Fourth Edition: Household and similar electrical appliances - Safety - Part 2-75: Particular requirements for commercial dispensing appliances and vending machines",International Electrotechnical Commission,Paperback,"Dec 18, 2024",
0,https://www.amazon.com/dp/103235836X,103235836X,Mobile Communication in Asian Society and Culture,Ming Xie,Kindle,"Dec 18, 2024",
2,https://www.amazon.com/dp/B0DQTZHB32,B0DQTZHB32,Life and Travel in India (Classic Books),Anna Harriette Leonowens,Kindle,"Dec 17, 2024",
3,https://www.amazon.com/dp/B0DQTYS4WB,B0DQTYS4WB,Lightships and Lighthouses (Classic Books),Frederick Arthur Ambrose Talbot,Kindle,"Dec 17, 2024",
0,https://www.amazon.com/dp/B0DQTWR5NZ,B0DQTWR5NZ,Experiments on the Spoilage of Tomato Ketchup (Classic Books),A. W. Bitting,Kindle,"Dec 17, 2024",
3,https://www.amazon.com/dp/B0DQTVR3T7,B0DQTVR3T7,The Factors of Organic Evolution (Classic Books),Herbert Spencer,Kindle,"Dec 17, 2024",
0,https://www.amazon.com/dp/B0DQTN9X4V,B0DQTN9X4V,Glass Manufacture (Classic Books),Walter Rosenhain,Kindle,"Dec 17, 2024",
0,https://www.amazon.com/dp/B0DQTLR6XB,B0DQTLR6XB,"Glimpses of Ocean Life; Or, Rock-Pools and the Lessons they Teach (Classic Books)",John Harper,Kindle,"Dec 17, 2024",
0,https://www.amazon.com/dp/B0DQTF7BCQ,B0DQTF7BCQ,HOMESTEADING MASTERY: Advanced Skills and Techniques On The Modern Homestead (The Modern Homesteader's Library),Audra Haldane,Kindle,"Dec 17, 2024",
1,https://www.amazon.com/dp/B0DQPTB6X9,B0DQPTB6X9,"Photo-engraving, Photo-etching and Photo-lithography in Line and Half-tone (Classic Books)",W. T. Wilkinson,Kindle,"Dec 17, 2024",
2,https://www.amazon.com/dp/B0DQPR147W,B0DQPR147W,The Sperry Gyro-Compass (Classic Books),Sperry Gyroscope Company,Kindle,"Dec 17, 2024",
4,https://www.amazon.com/dp/B0DQPPK2Q6,B0DQPPK2Q6,Lives of Boulton and Watt. Principally from the Original Soho Mss. (Classic Books),Samuel Smiles,Kindle,"Dec 17, 2024",
3,https://www.amazon.com/dp/B0DQPP8YKH,B0DQPP8YKH,A History of Inland Transport and Communication in England (Classic Books),Edwin A. Pratt,Kindle,"Dec 17, 2024",
2,https://www.amazon.com/dp/9819968992,9819968992,AI for Designers,Md Haseen Akhtar,Kindle,"Dec 17, 2024",
0,https://www.amazon.com/dp/3031450302,3031450302,"Calculus I: Practice Problems, Methods, and Solutions",Mehdi Rahmani-Andebili,Kindle,"Dec 17, 2024",
0,https://www.amazon.com/dp/3031422147,3031422147,CyberSecurity in a DevOps Environment: From Requirements to Monitoring,Andrey Sadovykh,Kindle,"Dec 17, 2024",
0,https://www.amazon.com/dp/0443155143,0443155143,"Electrochemical Energy Storage Technologies Beyond Li-ion Batteries: Fundamentals, Materials, Devices",Guanjie He,Kindle,"Dec 6, 2024",
0,https://www.amazon.com/dp/0323952925,0323952925,Advances in Separation Sciences: Sustainable Processes and Technologies,Pravin G Ingole,Kindle,"Dec 1, 2024",
0,https://www.amazon.com/dp/0443153930,0443153930,Antimicrobial Peptides: A Roadmap for Accelerating Discovery and Development,Luis H. Reyes Ph.D.,Kindle,"Dec 1, 2024",
1,https://www.amazon.com/dp/B0DNV47CJ8,B0DNV47CJ8,Vroom Into Action,Ali Sher Mughal,Paperback,"Dec 17, 2024",
0,https://www.amazon.com/dp/1032355271,1032355271,Architect’s Pocket Book of Modern Management and Practice (Routledge Pocket Books),Ben Vickery,Kindle,"Dec 17, 2024",
0,https://www.amazon.com/dp/B0DQQ9WS9W,B0DQQ9WS9W,Data Center Operations Training Mastery Course: Book 1 (Engineering Fully Automated Data Centers),Jamil Eugene Brown,Kindle,"Dec 17, 2024",
0,https://www.amazon.com/dp/3031471326,3031471326,Arduino VI: Bioinstrumentation (Synthesis Lectures on Digital Circuits & Systems),Steven F. Barrett,Paperback,"Dec 17, 2024",
0,https://www.amazon.com/dp/B0DQPPVHTL,B0DQPPVHTL,"Soldering, Brazing and Welding (Classic Books)",Bernard E. Jones,Paperback,"Dec 17, 2024",
0,https://www.amazon.com/dp/0443214840,0443214840,"Gait, Balance, and Mobility Analysis: Theoretical, Technical, and Clinical Applications",Samuel Stuart,Kindle,"Dec 2, 2024",
0,https://www.amazon.com/dp/0691239347,0691239347,Desert Edens: Colonial Climate Engineering in the Age of Anxiety (Histories of Economic Life),Philipp Lehmann,Kindle,"Dec 17, 2024",
0,https://www.amazon.com/dp/B0DQTY2Z91,B0DQTY2Z91,A naval expositor (Classic Books),Thomas Riley Blanckley,Hardcover,"Dec 17, 2024",
2,https://www.amazon.com/dp/B0DR3964RK,B0DR3964RK,An engineer’s journey in NASA: Space technology and policy on the final frontier,Edgar Zapata,Kindle,"Dec 17, 2024",
1,https://www.amazon.com/dp/1923393499,1923393499,Electric Rivals: Tesla vs. Lucid Motors,Etienne Psaila,Paperback,"Dec 17, 2024",
3,https://www.amazon.com/dp/B0DR731152,B0DR731152,EASA Compliant Pilot Logbook: EASA compliant pilot logbook : Blue,Insi8,Paperback,"Dec 17, 2024",
0,https://www.amazon.com/dp/0443237611,0443237611,Trustworthy AI in Medical Imaging: Principles and Applications (The MICCAI Society book Series),Marco Lorenzi,Kindle,"Dec 17, 2024",
0,https://www.amazon.com/dp/1962037835,1962037835,Introduction to Plant Design 2025 (Imperial Units),Ascent - Center for Technical Knowledge,Kindle,"Dec 17, 2024",
0,https://www.amazon.com/dp/0443223726,0443223726,Innovations in the Global Biogas industry: Applications of Green Principles (Woodhead Series in Bioenergy),Tonderayi S Matambo,Kindle,"Dec 1, 2024",
0,https://www.amazon.com/dp/044315564X,044315564X,Hybrid Polymeric Systems for Biomedical Applications (Woodhead Publishing Series in Biomaterials),Emmanuel Rotimi Sadiku,Kindle,"Aug 1, 2024",
0,https://www.amazon.com/dp/9819979218,9819979218,Eucalyptus: Engineered Wood Products and Other Applications,Seng Hua Lee,Kindle,"Dec 17, 2024",
1,https://www.amazon.com/dp/1953221130,1953221130,TERROR ON THE TRAIN!: Old West Paranormal Volume 2,Noe Torres,Kindle,"Dec 17, 2024",
1,https://www.amazon.com/dp/B0DQY788ND,B0DQY788ND,New Car Buying 101: A Step by Step Guide to purchase your next new vehicle with confidence,Brian Meek,Kindle,"Dec 17, 2024",
0,https://www.amazon.com/dp/0299341941,0299341941,Energy in the Nordic World,Mogens Rüdiger,Kindle,"Dec 17, 2024",
0,https://www.amazon.com/dp/B0DR8C6P35,B0DR8C6P35,"CARS WORDSEARCH: Word Searches with easy to read print about Cars, suitable for Teens, Adults and Seniors",Mr  Jim McManus,Paperback,"Dec 17, 2024",
0,https://www.amazon.com/dp/B0DR89X6JV,B0DR89X6JV,2045: Navigating the Future of Humanity and Technology in a Post-Work World,J.P. Rose,Kindle,"Dec 17, 2024",
0,https://www.amazon.com/dp/B0DR6VK36B,B0DR6VK36B,"Woodworking Project Book: A Woodworking Log Book, Record Book For Woodworking Plan or Project, DIY Plan & Gifts for Carpenters and Wood Workers To Organize & Thrive | This sleek 6"" x 9"" notebook",WoodWorking LOG Book,Paperback,"Dec 17, 2024",
0,https://www.amazon.com/dp/B0DR64MHY8,B0DR64MHY8,"RACING INTERLOCKING CIRCLES: journal, lined, 120 pages, 6x9 inches, matte finish cover, notebook, diary gift, no bleed",ONSTROPHE JOURNALS,Paperback,"Dec 17, 2024",
0,https://www.amazon.com/dp/B0DR5RQ3TF,B0DR5RQ3TF,"Woodworking Log Book: Record Book For Woodworking Plan or Project, DIY Plan & Gifts for Carpenters and Wood Workers To Organize & Thrive | This sleek 6"" x 9"" notebook",WoodWorking Log Book,Paperback,"Dec 17, 2024",
1,https://www.amazon.com/dp/B0DR4RLS2P,B0DR4RLS2P,Mind Machines: The Story of Artificial Intelligence,Google Gemni 2.0 Flash Experimental,Kindle,"Dec 17, 2024",
0,https://www.amazon.com/dp/B0DR2KZ9FK,B0DR2KZ9FK,Biker Life 4: Motorcycle Coloring Book for Adults (Biker Life: Motorcycle Coloring Books for Adults),Spider EFFE Publishing,Paperback,"Dec 17, 2024",
0,https://www.amazon.com/dp/B0DT16VJN9,B0DT16VJN9,90 Days to 100k - Technology Resume Guide: Tailoring Your Resume to Fit Your New Technology Career including AI Prompts,DaVonda St.Clair,Kindle,"Dec 29, 2024",
0,https://www.amazon.com/dp/B0DRVZ1LSS,B0DRVZ1LSS,The Insider’s Guide to Your Dream Career; 3rd Edition: Mastering Your Job Search in the Digital Age,Krystal M Yates,Kindle,"Dec 29, 2024",
0,https://www.amazon.com/dp/B0DRWNK1S8,B0DRWNK1S8,Landing Your Dream Remote Job: A Practical Guide,Tracee Crockett,Kindle,"Dec 27, 2024",
0,https://www.amazon.com/dp/B0DRDKNR2G,B0DRDKNR2G,The Interview Mind,Scott Fernandez,Paperback,"Dec 24, 2024",
0,https://www.amazon.com/dp/B0DRCB2LTY,B0DRCB2LTY,"Revamp Your Resume, CV, and Cover Letter with AI in 10 Minutes: The Ultimate Step-by-Step Guide to Transform Your CV, Resume & Cover Letter with ChatGPT. Get Noticed and Land Interviews Fast!",Susanna  B. Mone,Kindle,"Dec 23, 2024",
0,https://www.amazon.com/dp/B0DRLCL6FC,B0DRLCL6FC,SKIN CARE 4-WEEK PLANNER:EMBRACE YOUR BEAUTY,Inderpreet Kaur,Paperback,"Dec 23, 2024",
3,https://www.amazon.com/dp/B0DRD4KPCZ,B0DRD4KPCZ,MASTER THE JOB HUNT: Proven Strategies to Navigate the Modern Job Market so You Can Land Your Dream Job,John Michael Zyla,Kindle,"Dec 23, 2024",
2,https://www.amazon.com/dp/B0DRD3DNDL,B0DRD3DNDL,MASTER THE JOB HUNT EXTENDED: Proven Strategies to Navigate the Modern Job Market So That You Can Land Your Dream Job.,John Michael Zyla,Kindle,"Dec 23, 2024",
1,https://www.amazon.com/dp/B0DR632LF7,B0DR632LF7,Mastering Resumes and Cover Letters: Quick Start Workbook with Templates,Dr. John DiMarco,Paperback,"Dec 20, 2024",
0,https://www.amazon.com/dp/B0DR5WBYGS,B0DR5WBYGS,Career Planning: Career development workbook,Professional growth,Paperback,"Dec 20, 2024",
1,https://www.amazon.com/dp/B0DR26C8G6,B0DR26C8G6,"...Just Work!: More than a job, fulfilment.",Maurizio Fantato,Kindle,"Dec 19, 2024",
3,https://www.amazon.com/dp/B0DR5THJ7Y,B0DR5THJ7Y,Landing Your Dream Job: Step-by-Step Guide,Christine Frey,Kindle,"Dec 18, 2024",
0,https://www.amazon.com/dp/9787738180,9787738180,"Fresh Graduates Right Start to Success and Significance: All You Urgently Need to Know to Speed up Your Success, Significance and Satisfaction in Life and Career",Godwill Modibo,Kindle,"Dec 17, 2024",
1,https://www.amazon.com/dp/1956874100,1956874100,SoaringME The Ultimate Guide to Successful Job Searching,M. L. Miller,Paperback,"Mar 25, 2023",
3,https://www.amazon.com/dp/B0FXLF721Y,B0FXLF721Y,The AI-Powered Job Seeker: From Application Black Hole to 'You're Hired': The Strategic Co-Pilot's Guide to the Modern Job Search (The AI-Powered Series),Jad Dellel,Paperback,"Oct 23, 2025",
5,https://www.amazon.com/dp/B0DQ1BQW5M,B0DQ1BQW5M,Career Mindset: The Guide to Building a Solid Career,Tim K Smith Jr,Kindle,"Dec 8, 2024",
2,https://www.amazon.com/dp/B0DPSTVJ3Y,B0DPSTVJ3Y,Job Interview Preparation: with 101 Questions and Answers,John K. Zetak,Kindle,"Dec 6, 2024",
0,https://www.amazon.com/dp/1917329415,1917329415,Effective Management: It's not rocket science!,Ron Coleman,Kindle,"Dec 6, 2024",
0,https://www.amazon.com/dp/B0DPVQC2Z3,B0DPVQC2Z3,Launch Your Cabin Crew Career: From Application to Take Off,Oana Cocos,Paperback,"Dec 4, 2024",
5,https://www.amazon.com/dp/1637427263,1637427263,Classroom to Workplace: Land Your First Marketing Communications Job,Lynn Appelbaum,Kindle,"Dec 3, 2024",
0,https://www.amazon.com/dp/B0DPSY9FKL,B0DPSY9FKL,An Actor's Compass: Tools for Navigating the Acting Profession,Varlo Davenport,Hardcover,"Dec 2, 2024",
0,https://www.amazon.com/dp/B0FLYCXFYY,B0FLYCXFYY,"The Internationalists' Playbook: Communicating across borders navigating language, culture and idioms (The Internationalists' Playbooks)",Colin  H Green,Paperback,"Dec 31, 2024",
0,https://www.amazon.com/dp/B0DRYSGZML,B0DRYSGZML,"Think Fast. Think Smart. Think Bold. Think Beyond.: From Quick Wins to Bold Breakthroughs—Master Modern Thinking (Pocket Self-help Handbooks for ... Agility, Mindfulness & Inspiration)",Marako Marcus,Kindle,"Dec 31, 2024",
0,https://www.amazon.com/dp/B0DSK4JRVP,B0DSK4JRVP,Mastering Success Notes,Elioret Silva,Kindle,"Dec 31, 2024",
0,https://www.amazon.com/dp/B0DS8LFYSC,B0DS8LFYSC,"I'm Silently Creating A Spreadsheet For That Notebook: blank lined coworker gag gift funny office notebook, Appreciation Gifts For friends,6x9 in ,120 pages",mery ouh,Paperback,"Dec 31, 2024",
0,https://www.amazon.com/dp/B0DS8FFHDV,B0DS8FFHDV,"Bright Ideas Composition Notebook: 120 Pages, Wide Ruled, 7.5""x9.25"" - Composition Size, Matte Cover",Kemp Designs,Paperback,"Dec 31, 2024",
1,https://www.amazon.com/dp/B0GJQC1KFV,B0GJQC1KFV,The Overemployed Playbook: How to Master Remote Work and Secure Your Financial Future,C. Bell,Paperback,"Jan 23, 2026",
0,https://www.amazon.com/dp/B0DS6FXTQL,B0DS6FXTQL,"Practices, Challenges and Deterrents in Workplace Wellbeing: Strategies for Building Resilient and Thriving Workplaces",Banya Barua,Hardcover,"Dec 31, 2024",
0,https://www.amazon.com/dp/B0DS6BS85J,B0DS6BS85J,"Employees I'm Thinking About Camping: Awesome Camping Gift, Employee notebook organize ideas, Blank Lined Journal, Blank Lined Paper Notebook 6x9, Soft Cover, 110 Pages.",Medyox Medy,Paperback,"Dec 31, 2024",
0,https://www.amazon.com/dp/B0DS612BGV,B0DS612BGV,"I'm Silently Creating A Spreadsheet For That Notebook: blank lined coworker gag gift funny office notebook, Appreciation Gifts For friends,6x9 in ,120 pages",mery ouh,Paperback,"Dec 31, 2024",
0,https://www.amazon.com/dp/B0DS5ZB11B,B0DS5ZB11B,"Just a girl building her Legacy: A motivation Notebook Gift for women, friend, journal and notebook the best gift idea",Dijahcrush Recollector,Paperback,"Dec 31, 2024",
0,https://www.amazon.com/dp/B0DS11NJPN,B0DS11NJPN,Writing for Others: A Guide to More Effective Business Writing for Anyone Who Writes Anything Other People Will Read,Nathaniel Pilkenton,Kindle,"Dec 31, 2024",
0,https://www.amazon.com/dp/B0DRZVF626,B0DRZVF626,Broken But Leading: How to Guide Your Team When You're the One in Crisis,Mason Marcellus,Kindle,"Dec 31, 2024",
0,https://www.amazon.com/dp/B0DRZNB72Q,B0DRZNB72Q,MILLIONERE BEFORE 18,MUTHUPARAMASIVAM MUTHAIAH,Kindle,"Dec 31, 2024",
0,https://www.amazon.com/dp/B0DRZLCPBH,B0DRZLCPBH,Cybersecurity Awareness: Building a Culture of Security: A Practical Guide to Cybersecurity Awareness Programs,Matthew Rinehart,Kindle,"Dec 31, 2024",
0,https://www.amazon.com/dp/B0DRZ1TKJJ,B0DRZ1TKJJ,Money Mouse Entrepreneur,Christian Mentzel,Kindle,"Dec 31, 2024",
0,https://www.amazon.com/dp/9787718813,9787718813,SELF OBSERVATION: EXPERIENCES AND MENTAL WELLNESS,Chukwuma Emuwa,Kindle,"Dec 31, 2024",
0,https://www.amazon.com/dp/1398617598,1398617598,Responsible AI Product Development: How Tech Leaders Can Develop and Deploy Ethical AI,Dr Eva-Marie Muller-Stuler,Hardcover,"Dec 27, 2039",
0,https://www.amazon.com/dp/1032877855,1032877855,Generations in the World of Work,Corey Seemiller,Kindle,"Dec 30, 2024",
4,https://www.amazon.com/dp/3911756003,3911756003,MASTERING THE ART OF WORKING WITH DIFFICULT LEADERS: How to Manage the Managers and Keep Your Sanity While Navigating Office Politics and Career Growth,Dzintra Valdate,Kindle,"Dec 30, 2024",
0,https://www.amazon.com/dp/1069244201,1069244201,Business Analysis in the Digital Age: Bridging IT and Business for Digital Transformation,Ella Wei,Kindle,"Dec 30, 2024",
0,https://www.amazon.com/dp/B0DS2CCC9D,B0DS2CCC9D,"List of People who underestimated me and how that worked out for them: Notebooks with funny sayings on cover for friends , Coworkers ,6x9 in ,120 pages",mery ouh,Paperback,"Dec 30, 2024",
0,https://www.amazon.com/dp/B0DRW1GWRY,B0DRW1GWRY,Waiting in the Hallway,Mike Bodie,Paperback,"Dec 30, 2024",
0,https://www.amazon.com/dp/B0DRYSXD5H,B0DRYSXD5H,The Beauty Professionals Playbook: Your Ultimate Guide for a Successful Career in the Beauty Industry,Amber Rowe,Kindle,"Dec 30, 2024",
0,https://www.amazon.com/dp/B0DS3TL6B9,B0DS3TL6B9,Things I Can't Say at Work: Funny Notebook and Planner With Sarcastic Sayings Inside,Work Fever Publishing,Hardcover,"Dec 30, 2024",
0,https://www.amazon.com/dp/1032715022,1032715022,Ethics in Business Decisions and Competitive Advantage,John E. Triantis,Kindle,"Dec 30, 2024",
0,https://www.amazon.com/dp/1032877758,1032877758,Lead Like a Swede,Jan Marklund,Kindle,"Dec 30, 2024",
5,https://www.amazon.com/dp/1966622023,1966622023,"Remote Work Unlocked: Master Remote Work with Productivity, Balance, and Growth",Samuel Giacinto,Kindle,"Dec 30, 2024",
0,https://www.amazon.com/dp/1032715219,1032715219,Fundamentals of Effective Mentorship: How to Develop Intellectual Capacity and Healthy Workplace Culture,Matthew Aslett,Kindle,"Dec 30, 2024",
0,https://www.amazon.com/dp/B0DSC7KGXF,B0DSC7KGXF,"The Art in Her Flower: 2025 Aesthetic Birth Flower Monthly Coloring Planner, 77 Pages, For Organization and Relaxing, Inspirational and Fun Facts",Kaitlyn Drew,Hardcover,"Dec 30, 2024",
0,https://www.amazon.com/dp/B0DS5F48G3,B0DS5F48G3,Meeting Survival Guide,WT co.,Paperback,"Dec 30, 2024",
0,https://www.amazon.com/dp/B0DS57S7S6,B0DS57S7S6,To-Do List: Daily Planner Journal for 100 Days,Lashay Prater,Paperback,"Dec 30, 2024",
0,https://www.amazon.com/dp/B0DS55Q1QV,B0DS55Q1QV,2025 Business Planner,Two T,Paperback,"Dec 30, 2024",
0,https://www.amazon.com/dp/B0DS4SX1ZX,B0DS4SX1ZX,"My Job Is Secure… No One Else Wants It: Funny Office Notebook for Coworkers, Employees, and Bosses | Sarcastic 6x9 Lined Journal, Gag Gift for Workplace Humor",amer alalaak,Paperback,"Dec 30, 2024",
0,https://www.amazon.com/dp/B0DS4PGV5C,B0DS4PGV5C,"Brilliant Thoughts, Pending Execution. Funny Sarcastic Office Notebook for Work, Boss, Employees, and Coworkers | Lined Journal for Notes, Ideas, and Hilarious Workplace Humor",amer alalaak,Paperback,"Dec 30, 2024",
0,https://www.amazon.com/dp/B0DS2NCCTC,B0DS2NCCTC,"The Business Series - Team Empowerment: Cultivate collaboration and foster a supportive environment. Write about strategies for delegating, mentoring, and empowering your team to achieve success.",Federico Delgado,Paperback,"Dec 30, 2024",
0,https://www.amazon.com/dp/B0DS2MPXHK,B0DS2MPXHK,"The Business Series - Strategic Mindset: Think ahead and plan with precision. Outline your goals, develop strategies, and track progress as you navigate the complexities of business.",Federico Delgado,Paperback,"Dec 30, 2024",
0,https://www.amazon.com/dp/B0DS2KZLK7,B0DS2KZLK7,"The Business Series - Visionary Thinking: Dream big and set the course for the future. Use this notebook to articulate your vision, identify opportunities, and turn dreams into actionable plans.",Federico Delgado,Paperback,"Dec 30, 2024",
0,https://www.amazon.com/dp/B0DS2KP22T,B0DS2KP22T,"120 pages black and white journal, perfect for writing, journaling, or venting with humor. A fun self-help tool or gag gift for coworker",Victoria Brown,Paperback,"Dec 30, 2024",
0,https://www.amazon.com/dp/B0DS2KDKW1,B0DS2KDKW1,"Chaos Coordinator Because Freaking Employee Is Not A Job Title: office employees gifts, employee notebook funny, Blank Lined Journal, Blank Lined Paper Notebook 6x9, Soft Cover, 110 Pages.",Medyox Medy,Paperback,"Dec 30, 2024",
0,https://www.amazon.com/dp/B0DS2BCL1K,B0DS2BCL1K,Master Your Momentum: Inspiring Quotes for Selling and Success,Wendy Gay,Paperback,"Dec 30, 2024",
0,https://www.amazon.com/dp/B0DS1Y62R5,B0DS1Y62R5,Demystifying Organizational Analysis: Practical Steps and process,Mr. Sandeep A Patil,Kindle,"Dec 30, 2024",
0,https://www.amazon.com/dp/B0DS1H4L5K,B0DS1H4L5K,Money Mindset Mastery: Unlocking the Path to Wealth and Abundance.,Maxwell Ryder,Kindle,"Dec 30, 2024",
0,https://www.amazon.com/dp/B0DS12BPVM,B0DS12BPVM,Confident Performance: A Guide to Body Language and Rhetoric (FINE.GUIDE English),FINE.GUIDE,Kindle,"Dec 30, 2024",
0,https://www.amazon.com/dp/B0DRYZ661T,B0DRYZ661T,"Personal Clarity - a simple HOW TO guide for a better life: Practical Steps to Declutter Your Mind, Align Your Goals, and Find Fulfillment",Rosalind Brock,Kindle,"Dec 30, 2024",
0,https://www.amazon.com/dp/B0DRYX18Y4,B0DRYX18Y4,"2025 Vision Board Clip Art Book for Ambitious Women: 500+ Unique Images for Creative Goal Setting and Manifestation: Themed Pages of Clip Art for ... Imagin, Achieve, Unique Clip Art for Women",KJ Arcadia,Paperback,"Dec 30, 2024",
0,https://www.amazon.com/dp/B0DRYQ78HR,B0DRYQ78HR,"Building Bridges, Transforming Relationships: Lessons Learned from Real-Life Mistakes for Profound Change in Your Personal and Professional Life (Personal Transformation Self-Help)",Liudmila Pirojenko,Paperback,"Dec 30, 2024",
0,https://www.amazon.com/dp/B0DRYL8XWQ,B0DRYL8XWQ,Empowerment Equals Discipline²: Discipline Redefined: Unlocking Freedom and Fulfillment Through Structure,Tarek Riman,Paperback,"Dec 30, 2024",
0,https://www.amazon.com/dp/B0DRYCR6F1,B0DRYCR6F1,10 Leadership Mistakes That Burn Out Your Team: (And How to Avoid Them),David M Arnold,Kindle,"Dec 30, 2024",
0,https://www.amazon.com/dp/B0DRY9YW8X,B0DRY9YW8X,200 Ways of Telling Your Coworkers They are not Smart.: Humorous Corporate Speak for Navigating Office Intelligence,A. D. Hawk,Kindle,"Dec 30, 2024",
0,https://www.amazon.com/dp/B0DRY9W9Z2,B0DRY9W9Z2,Momentum: Turn Your Goals into Daily Habits That Stick,Lali Mwachanya,Kindle,"Dec 30, 2024",
0,https://www.amazon.com/dp/B0DRXWFM9S,B0DRXWFM9S,Breaking the 'Optics-First' Mentality: Pulling back the curtain on personal branding and modern-day marketing (The Mastery Series: Life Lessons for Business and Beyond),Hannah Hall,Kindle,"Dec 30, 2024",
1,https://www.amazon.com/dp/B0DQPJLSZG,B0DQPJLSZG,Mindset Evolution: Building Your Mind for the Modern World,Melissa Hankins,Kindle,"Dec 30, 2024",
1,https://www.amazon.com/dp/1300725362,1300725362,Leading with Purpose: Women Transforming Nonprofits and Communities,Dr. Char Dennis,Paperback,"Dec 30, 2024",
0,https://www.amazon.com/dp/1032757701,1032757701,"Team Leadership: How to Define, Apply, and Measure It",Geoff Ribbens,Kindle,"Dec 30, 2024",
0,https://www.amazon.com/dp/1032756225,1032756225,The Lean Lifestyle Strategy for Businesses,Luciano Attolico,Kindle,"Dec 30, 2024",
0,https://www.amazon.com/dp/1032627158,1032627158,Holistic Leadership Resilience,Patricia Armstrong,Kindle,"Dec 30, 2024",
0,https://www.amazon.com/dp/B0DRV9QCCT,B0DRV9QCCT,Blue-Collar Leadership Toolbox Tips Volume 3: 60 Micro-Lessons to Maximize Your Communication (Blue-Collar Leadership Series),Ria Story,Paperback,"Dec 29, 2024",
0,https://www.amazon.com/dp/B0DRYPCR9T,B0DRYPCR9T,30 Day Checklist: A Guide to Building Resilience at Work,Meredith Poczkalski,Hardcover,"Dec 29, 2024",
0,https://www.amazon.com/dp/B0DZ21QY9R,B0DZ21QY9R,Timekeeper: From Chaos to Clarity: Master the Art of Time Management and Reclaim Your Life (The Personal Development Toolkit: A Mastery Series (Premium Collection)),Arihant Jain,Kindle,"Dec 29, 2024",
0,https://www.amazon.com/dp/B0DS21Q6YZ,B0DS21Q6YZ,"Change The World By Being Yourself: Positive Affirmation, Motivational and Inspirational Notebook, Diary",Julia Heath,Paperback,"Dec 29, 2024",
0,https://www.amazon.com/dp/B0DS1ZHZS9,B0DS1ZHZS9,Girl Boss: Girl Boss Notebook Journal Gift for Coworker,Corporate Girlie,Paperback,"Dec 29, 2024",
0,https://www.amazon.com/dp/B0DS1ZB618,B0DS1ZB618,"I'm Silently Judging Your Spreadsheet: Funny Notebook for Accountants, CPAs, Finance Professionals, and Office Humor Lovers | Lined Journal, 120 Pages, 6x9 Inches",amer alalaak,Paperback,"Dec 29, 2024",
0,https://www.amazon.com/dp/B0DS1YVGP9,B0DS1YVGP9,"I Have Neither the Time Nor the Crayons to Explain This to You: Funny Sarcastic Notebook for Work, Office Humor, Gag Gift for Coworkers, Friends, or Family | 6x9 Lined Journal with 120 Pages",amer alalaak,Paperback,"Dec 29, 2024",
0,https://www.amazon.com/dp/B0DS1YJW5Q,B0DS1YJW5Q,Let Me Take A Note Of That,Notes,Paperback,"Dec 29, 2024",
0,https://www.amazon.com/dp/B0DS1R1QQS,B0DS1R1QQS,"Adding Tasks? Oh, Good, I Was Too Happy Anyway!: Jot-It-Down: 6 x 9 with 120 Dotted Grid Pages and a Dash of Humor",MEAT TAHIRI,Paperback,"Dec 29, 2024",
0,https://www.amazon.com/dp/B0DS1PDJMS,B0DS1PDJMS,"The Business Series - Resilient Spirit: Build mental toughness and overcome obstacles. Use this notebook to document your challenges, victories, and ... as you grow stronger through adversity.",Federico Delgado,Paperback,"Dec 29, 2024",
0,https://www.amazon.com/dp/B0DS14Z49C,B0DS14Z49C,"Unruled NOTEBOOK 6x9""",Clara & Celine,Paperback,"Dec 29, 2024",
0,https://www.amazon.com/dp/B0DS14PD1J,B0DS14PD1J,"The Business Series - Inspirational Leader: Motivate and uplift those around you. Capture strategies for building trust, inspiring action, and creating a positive workplace culture.",Federico Delgado,Paperback,"Dec 29, 2024",
0,https://www.amazon.com/dp/B0DS14231J,B0DS14231J,"The Business Series - Problem-Solving Mastery: Sharpen your analytical thinking and decision-making skills. Write down challenges, brainstorm ... evaluate outcomes to master problem-solving.",Federico Delgado,Paperback,"Dec 29, 2024",
0,https://www.amazon.com/dp/B0DS11D66B,B0DS11D66B,"I’m fine it’s fine everything is fine: Hilarious Sarcastic Work Notebook – The Perfect Office Gag Gift for Coworkers, Employees, Managers, or Bosses",islam radaouia,Paperback,"Dec 29, 2024",
0,https://www.amazon.com/dp/B0DRZZS6X1,B0DRZZS6X1,"Do Not Open Unless You’re Me: A Funny 6x9 Lined Notebook for Secret Thoughts, Random Ideas, Sarcastic Notes, Humorous Doodles, and More",Ink & Giggles Co.,Paperback,"Dec 29, 2024",
0,https://www.amazon.com/dp/B0DRZKX32H,B0DRZKX32H,LEAD. GROW. DEVELOP.: QUICK SUCCESS TIPS FOR THE HYBRID WOMAN,Chastity Sonier,Kindle,"Dec 29, 2024",
0,https://www.amazon.com/dp/B0DRZ3VSRK,B0DRZ3VSRK,The Business Legend: A Guide To Creating A Business Legacy,Dr.  Quinton  W. Simpson,Kindle,"Dec 29, 2024",
2,https://www.amazon.com/dp/B0DRZ1X2VM,B0DRZ1X2VM,"Leadership, Teamwork, & Decision-Making",Ryan Himes,Kindle,"Dec 29, 2024",
0,https://www.amazon.com/dp/B0DRVRT3GM,B0DRVRT3GM,"Bridging the Divide: Navigating Workplace Conflicts with Clarity and Empathy (""Unsolicited Advice"" Miniseries)",Ethan Blakewell,Paperback,"Dec 29, 2024",
1,https://www.amazon.com/dp/B0DRV7B2XD,B0DRV7B2XD,Career Drift And How to Fix It,Steve Luff,Paperback,"Dec 29, 2024",
0,https://www.amazon.com/dp/B0DRTKNM7Y,B0DRTKNM7Y,The Final Wave: Closing Complex Sales in Marine Electronics,Rajesh Bhatt,Kindle,"Dec 29, 2024",
3,https://www.amazon.com/dp/1779622880,1779622880,Cultivating Champions of CI: A Leader's Toolbox for Creating a Continuous Improvement Culture,Gary Cox,Kindle,"Dec 28, 2024",
1,https://www.amazon.com/dp/B0DRT3V25Q,B0DRT3V25Q,"Lead With Balance Building Your Team’s Resilience, Grit and Growth: A Practical Story About Unlocking Leadership Success with Lagom, Sisu & Lifelong Learning",John Connors,Kindle,"Dec 28, 2024",
0,https://www.amazon.com/dp/B0DRY5LMLC,B0DRY5LMLC,"Chaos Coordinator's Notebook: A Funny 6x9 Lined Notebook: A Perfect 110 Pages Notebook for Organizing Random Thoughts, Managing Daily Mayhem, Jotting ... Notes, and Doodles That Keep You Sane",Ink & Giggles Co.,Paperback,"Dec 28, 2024",
0,https://www.amazon.com/dp/B0DSLJVB4R,B0DSLJVB4R,Daily Planner 2025 and 2026: January 2025-December 2026,Sakis Goulas,Paperback,"Dec 28, 2024",
0,https://www.amazon.com/dp/B0DS6BBJ4V,B0DS6BBJ4V,"Unruled NOTEBOOK 6x9""",Clara & Celine,Paperback,"Dec 28, 2024",
0,https://www.amazon.com/dp/B0DS5ZBD5Z,B0DS5ZBD5Z,"Things I Need To Write Down Because I'm Old And I Forget Stuff: 6 x 9 Blank Lined Notebook Journal. funny Christmas notebook ideas for friends ,co worker, and kids",mery ouh,Paperback,"Dec 28, 2024",
0,https://www.amazon.com/dp/B0DRZKJKRM,B0DRZKJKRM,Money Saving Challenge Book: Fun and Easy Way to Save Money by Variety of Saving Challenges from $100 to $25000. Achieve Your Financial Goals,Henry S. Publishing,Paperback,"Dec 28, 2024",
0,https://www.amazon.com/dp/B0DRYXGR9M,B0DRYXGR9M,Management Unplugged: Real-Life Insights for Future Leaders,Dr. Manoj R. Kadam,Kindle,"Dec 28, 2024",
0,https://www.amazon.com/dp/B0DRYH9B7L,B0DRYH9B7L,"2025 Money Saving Challenge: Fun and Easy Challenges to Save from $100 to $500 ,$1,000, $5,000, $10,000 | Achieve Your Financial Goals in This year",Taki Designs,Paperback,"Dec 28, 2024",
0,https://www.amazon.com/dp/B0DRYFFK46,B0DRYFFK46,Make Your World More Amazing: checkered notebook,Erin Josh,Paperback,"Dec 28, 2024",
0,https://www.amazon.com/dp/B0DRYDFJWM,B0DRYDFJWM,"Ultimate No Spend Challenge Book 2025: Master Your Budget with Fun No-Spend Challenges | Save Money While Redefining Your Spending Habits l $100 to $500 ,$1,000, $5,000, $10,000 .....",Taki Designs,Paperback,"Dec 28, 2024",
0,https://www.amazon.com/dp/B0DRYB5TGW,B0DRYB5TGW,"Things I Can't Say at Work: Sarcastic Notebook for Work With Funny Sayings Inside, Planner and Organizer",Work Fever Publishing,Hardcover,"Dec 28, 2024",
0,https://www.amazon.com/dp/B0DRY3BS4N,B0DRY3BS4N,"Because Typing Is Overrated: A Funny 6x9 Lined Notebook: A Perfect 110 Pages Notebook for Journaling, Daily To-Do Lists, Creative Writing, Doodles, Notes, Ideas, and Handwritten Thoughts",Ink & Giggles Co.,Paperback,"Dec 28, 2024",
0,https://www.amazon.com/dp/B0DRY2HLNS,B0DRY2HLNS,"The Business Series - Innovative Ideas: Fuel your creativity and think outside the box. Use this notebook to brainstorm, develop, and refine ideas that can drive your business forward.",Federico Delgado,Paperback,"Dec 28, 2024",
0,https://www.amazon.com/dp/B0DRY1JPVP,B0DRY1JPVP,The Business Series - Emotional Intelligence: Enhance your ability to connect with others and navigate emotions effectively. Write about your ... and ways to improve your emotional awareness.,Federico Delgado,Paperback,"Dec 28, 2024",
0,https://www.amazon.com/dp/B0DRXYFZBH,B0DRXYFZBH,EXECUTIVE NOTEPAD,Ms PHYLISIAH K. MNENE,Paperback,"Dec 28, 2024",
0,https://www.amazon.com/dp/B0DRXWDV5Z,B0DRXWDV5Z,"Sometimes You Forget You're Awesome So This Is Your Reminder: Funny Employee Gifts, professional Employee notes, Blank Lined Journal, Blank Lined Paper Notebook 6x9, Soft Cover, 110 Pages.",Medyox Medy,Paperback,"Dec 28, 2024",
0,https://www.amazon.com/dp/B0DRXVRMKD,B0DRXVRMKD,"Notes That Will Change Nothing: A Funny 6x9 Lined Notebook: A Perfect 110 Pages Notebook for Sarcastic Journaling, Random Thoughts, Doodles, and Creative Ideas",Ink & Giggles Co.,Paperback,"Dec 28, 2024",
0,https://www.amazon.com/dp/B0DRXVGVVB,B0DRXVGVVB,2025 Weekly planner with Calender and Goal planner to stay organized - White and Back Planner with 100 Page - One Year planner,Shikha Yadav,Hardcover,"Dec 28, 2024",
3,https://www.amazon.com/dp/B0DRV49GY9,B0DRV49GY9,Leading With Purpose: A Philosophy of Leadership for Our Time,Dr. Mostafa Amir,Kindle,"Dec 28, 2024",
0,https://www.amazon.com/dp/B0DRT5JSJ7,B0DRT5JSJ7,Emotional Intelligence: Key Strategies for Managing Workplace Stress,Pastor Yves Gerard,Kindle,"Dec 28, 2024",
0,https://www.amazon.com/dp/B0DRT4ZS74,B0DRT4ZS74,"Prevent Burnout - A simple HOW TO guide for a better life: Master Stress, Build Resilience, and Thrive Every Day",Rosalind Brock,Kindle,"Dec 28, 2024",
0,https://www.amazon.com/dp/B0DRT4QPKF,B0DRT4QPKF,The Tyrant Archetype: How to Deactivate the Shadow Side of the Manager,Reginaldo Osnildo,Kindle,"Dec 28, 2024",
0,https://www.amazon.com/dp/B0DRT4JD9S,B0DRT4JD9S,The Success Paradox: Why Fulfillment is the Real Key to Achievement,Chloe Harrington,Kindle,"Dec 28, 2024",
0,https://www.amazon.com/dp/B0DRT46V71,B0DRT46V71,Empowering Habits For Workplace Success: The Essential Guide To Building Fulfilling Career,Scott E Salsbury,Kindle,"Dec 28, 2024",
3,https://www.amazon.com/dp/B0DRWFDYVZ,B0DRWFDYVZ,W.I.N.: The Winning Habits of Peak Performance,N K Yama,Kindle,"Dec 27, 2024",
0,https://www.amazon.com/dp/B0DRZFX1Q4,B0DRZFX1Q4,Corporate Girlie To-Do List: Circle Back Reach Out Follow Up Touch Base: Funny Gift Notebook Journal for Corporate Coworker Friends or Family,Corporate Girlie,Paperback,"Dec 27, 2024",
0,https://www.amazon.com/dp/B0DRW3LLV4,B0DRW3LLV4,Seamless Systems: Building an Operations Culture That Works: The Framework for Creating a Results-Driven Operations Culture That Thrives in Any Industry,Swain Ashford,Kindle,"Dec 27, 2024",
0,https://www.amazon.com/dp/B0DRVNZ15L,B0DRVNZ15L,"Daily Planner and Notebook with Hourly Schedule: To do List, Daily Organizer",Viktoriia Hrytsiuk,Paperback,"Dec 27, 2024",
0,https://www.amazon.com/dp/B0DRVBSWJM,B0DRVBSWJM,"Composition Notebook | 8.5 X 11"" | Ruled: A Notebook for All Ages: | Kids | Teens | Young Adults | Adults | School | College | Workplace | BLUE",Brenda Q Swanson,Paperback,"Dec 27, 2024",
0,https://www.amazon.com/dp/B0DRTYJSF3,B0DRTYJSF3,"When You Take Control of Today, You Own Tomorrow: A Powerful Journal for Seizing the Day: Set Clear Goals, Build Productive Habits, Reflect on ... Success, and Shape a Brighter Future",Kayto Yokuto,Paperback,"Dec 27, 2024",
0,https://www.amazon.com/dp/B0DRSTL16X,B0DRSTL16X,Butterflies Weekly/Monthly Planner,Carolyn McFann,Hardcover,"Dec 27, 2024",
0,https://www.amazon.com/dp/B0DRSM1WQ7,B0DRSM1WQ7,dealing with narcissists in book formet.,Mr. vishal sahu,Kindle,"Dec 27, 2024",
0,https://www.amazon.com/dp/B0DRSLG5Q4,B0DRSLG5Q4,TOP CAREERS IN EDUCATION: Lucrative and Competitive Teacher Jobs (COMPETITIVE CAREERS AND PROFESSION),Calvine Odero,Kindle,"Dec 27, 2024",
0,https://www.amazon.com/dp/B0DRSL8JQS,B0DRSL8JQS,The Twelve Tears of a Wounded Planet (Pathfinders Series),Ken Martin,Kindle,"Dec 27, 2024",
0,https://www.amazon.com/dp/B0DRSD788T,B0DRSD788T,"Strength in Diversity, Power in Unity",Anthony L. Stringer,Kindle,"Dec 27, 2024",
0,https://www.amazon.com/dp/B0DRPP7TKX,B0DRPP7TKX,The Sleep Advantage: Boost Productivity and Energy with Better Rest (Health Matters),Harmony Royce,Kindle,"Dec 27, 2024",
0,https://www.amazon.com/dp/B0DRPLXB5W,B0DRPLXB5W,12 Additional Habits of Good managers: Vital Attributes of Exceptional Managers for Optimizing Team Performance and Productivity,HT Trueman,Kindle,"Dec 27, 2024",
0,https://www.amazon.com/dp/B0DRK3TF5Q,B0DRK3TF5Q,The Busy Businessman's Daily Devotional: 366 Crisp Truths to Start Your Day Strong: #DailyDevotionalForBusinessmen #ChristianDevotionalsForEntrepreneurs #ShortDevotionalsforBusyProfessionals,Gerard Assey,Kindle,"Dec 26, 2024",
0,https://www.amazon.com/dp/B0DRTLJXRV,B0DRTLJXRV,The Birth Date Blueprint:: Navigating Personalities in Business and Life,Rajesh Bhatt,Kindle,"Dec 26, 2024",
0,https://www.amazon.com/dp/B0DSW9XTYZ,B0DSW9XTYZ,48 Laws of Capricorn Journal | manifesting | financial freedom | self awareness | self growth | horoscope,L. Jordan,Paperback,"Dec 26, 2024",
1,https://www.amazon.com/dp/B0DRSXVMJ3,B0DRSXVMJ3,Pitstop: Managing Complex Business Transformations: Transform complex challenges into growth opportunities,Carlo Doniselli,Kindle,"Dec 26, 2024",
0,https://www.amazon.com/dp/B0DRSWB3VX,B0DRSWB3VX,"100 Day Planner, Planning is a Key to Success",Preeti Balachandra,Paperback,"Dec 26, 2024",
0,https://www.amazon.com/dp/B0DRST3BWX,B0DRST3BWX,Grounded in Nature: Quick Mindfulness Practices for Professionals (Urban Oasis: Nature-Inspired Mindfulness for Emotional Well-Being),Jo SoulHugsbyJo,Kindle,"Dec 26, 2024",
0,https://www.amazon.com/dp/B0DRSLSFHR,B0DRSLSFHR,ASAP - To-Do Pronto!: Organization is key. Writing it down is key to knowing what needs to be done first and in what order.,LBG Enterprises,Hardcover,"Dec 26, 2024",
0,https://www.amazon.com/dp/B0DRRVGQZ9,B0DRRVGQZ9,Lifeline Notebook : Now back to humanity,Manpreet singh Gill,Paperback,"Dec 26, 2024",
0,https://www.amazon.com/dp/B0DRRBZCQZ,B0DRRBZCQZ,Your Daily Drive to Succeed: Notebook for Action and Motivation,Ella Fowler,Paperback,"Dec 26, 2024",
0,https://www.amazon.com/dp/B0DRQT717K,B0DRQT717K,"KIdeas, Goals, Dreams, Lined Notebook: A Sleek Notebook for Inspiration and Productivity",Ella Fowler,Paperback,"Dec 26, 2024",
0,https://www.amazon.com/dp/B0DRPH71JB,B0DRPH71JB,"Today is the beginning of everything you’ve dreamed of: A Motivational Journal to Help You Start Fresh, Set Powerful Goals, Build Momentum, Unlock ... and Create a Life of Purpose and Success",Kayto Yokuto,Paperback,"Dec 26, 2024",
0,https://www.amazon.com/dp/B0DRPC6L1Y,B0DRPC6L1Y,"Boss Babe Notebook for Women Who Lead with Confidence: workplace humor gifts 6 x 9 size, PAGES: 120.workplace humor, humor books for adults",tahr boutahyry,Paperback,"Dec 26, 2024",
0,https://www.amazon.com/dp/B0DRJ6MZFV,B0DRJ6MZFV,THE ENTREPRENEUR'S BLUEPRINT: ACTIONABLE STRATEGIES FOR SUCCESS,Rohan Kumar Bhoi,Hardcover,"Dec 26, 2024",
1,https://www.amazon.com/dp/B0DRG49V4N,B0DRG49V4N,HOW TO SUCCESSFULLY DESTROY A SECURITY COMPANY: BLUEPRINT FOR FAILURE (Foundations of Vigilance: Learning Advanced Security Practices),Christopher Dinunzio,Kindle,"Dec 25, 2024",
0,https://www.amazon.com/dp/B0DVQTC3HN,B0DVQTC3HN,Maximizing profits for small business,Bruce Garland,Kindle,"Dec 25, 2024",
0,https://www.amazon.com/dp/B0DRRZ1T32,B0DRRZ1T32,Feel Your Life:- Notebook: Enjoy Your Life,MANPREET SINGH GILL,Paperback,"Dec 25, 2024",
0,https://www.amazon.com/dp/B0DRPN5H12,B0DRPN5H12,"Planner Journal, A Daily preparation for Successful day",Preeti Balachandra,Paperback,"Dec 25, 2024",
0,https://www.amazon.com/dp/B0DRPJCF3C,B0DRPJCF3C,"Things I Can't Say Out Loud In Meetings: Funny Saying, Blank-Lined Journal",Sarcastic Work,Paperback,"Dec 25, 2024",
0,https://www.amazon.com/dp/B0DRPGR3RH,B0DRPGR3RH,"Ultimate Savings Challenge Book For Black Woman 2025: Stylish and effective plans to grow your savings from $100 to $10,000 and unlock financial freedom.",Taki Designs,Paperback,"Dec 25, 2024",
0,https://www.amazon.com/dp/B0DRPFY5Q4,B0DRPFY5Q4,10 Rules to Overcome Laziness: A Journey to Living Fully,Chris Y.H.,Kindle,"Dec 25, 2024",
0,https://www.amazon.com/dp/B0DRPFKPZG,B0DRPFKPZG,"Hummus, Ketchup & Soy Sauce: The secret sauce of success in multicultural business (Multicultural Business Experience)",Shee Maha,Kindle,"Dec 25, 2024",
0,https://www.amazon.com/dp/B0DRPDG88W,B0DRPDG88W,Notes I Wrote While Pretending to Listen 6x9 Lined Funny Work Notebook: 120-Page Office Gag Gift for Adults | Secret Santa Card Alternative & Coworker White Elephant Gift Idea,boopog la,Paperback,"Dec 25, 2024",
0,https://www.amazon.com/dp/B0DRPD1NT5,B0DRPD1NT5,2025-2030 Monthly Planner December: Large Print 6 Year Calendar Schedule Organizer From January 2025 to December 2030 With Federal Holidays,Windy. Publisher,Paperback,"Dec 25, 2024",
0,https://www.amazon.com/dp/B0DRPBDKJX,B0DRPBDKJX,"Brown Women Empowerment Planner: 122 Pages of Daily Tasks, Scheduling and Goal-Setting",Creative Inspiration,Paperback,"Dec 25, 2024",
3,https://www.amazon.com/dp/B0DRHW3T8K,B0DRHW3T8K,Not Like This.: Conquering the Cop-Out Mentality,Wagner Stevens,Kindle,"Dec 25, 2024",
0,https://www.amazon.com/dp/B0DRGKTW86,B0DRGKTW86,Lead with EQ: How Emotional Intelligence Fuels Success in Leadership: From Good to Great: How Emotional Intelligence Shapes Leadership Excellence,Marina Coldwell,Paperback,"Dec 25, 2024",
0,https://www.amazon.com/dp/B0DRGKML7Z,B0DRGKML7Z,"DATA DIVERSITY IN AI AND EMERGING TECHNOLOGIES: Creating Robust, Ethical, And Impactful AI Systems That Serve Diverse Global Needs Effectively",Dr. Ivan Del Valle,Kindle,"Dec 25, 2024",
0,https://www.amazon.com/dp/B0DRGHFSHQ,B0DRGHFSHQ,Key To Organization's Success,Bhavana Atmakuri,Kindle,"Dec 25, 2024",
0,https://www.amazon.com/dp/1071913603,1071913603,"Business and Society: Ethical, Legal, and Digital Environments",Cynthia E. Clark,Kindle,"Dec 24, 2024",
1,https://www.amazon.com/dp/B0DRDG8HQ1,B0DRDG8HQ1,Corporate Cringe Bingo: Keep Your Team Awake in Meetings,Corporate Cliché Collective Publishing,Paperback,"Dec 24, 2024",
4,https://www.amazon.com/dp/B0DRMDXNPN,B0DRMDXNPN,Creditability Is Currency: The Self-Made Entrepreneur's Guide to Success,Robert Walter Alexander III,Kindle,"Dec 24, 2024",
0,https://www.amazon.com/dp/B0DRDDR7BY,B0DRDDR7BY,Life Is A Contract,Jarrett Slater,Kindle,"Dec 24, 2024",
2,https://www.amazon.com/dp/B0DRG2S76G,B0DRG2S76G,THE WEALTH WITHIN: UNLOCKING PASSIVE INCOME FOR A LIFE OF FULFILLMENT: ESCAPE THE 9-TO-5 AND BUILD A LIFE OF ABUNDANCE,Chinwendu Favour Ezeh,Kindle,"Dec 24, 2024",
0,https://www.amazon.com/dp/B0DJC6JH3X,B0DJC6JH3X,"Thoughts on Quality, Business & Life: A Collection from Experience",JD Buzzard,Kindle,"Dec 24, 2024",
0,https://www.amazon.com/dp/B0FLYFMQWX,B0FLYFMQWX,The Internationalists' Playbook: Global Proverbs & Timeless Wisdom (The Internationalists' Playbooks),Colin H Green,Paperback,"Dec 24, 2024",
0,https://www.amazon.com/dp/B0DRP16XM4,B0DRP16XM4,"My Favorite Coworker Gave Me This Notebook He Is Freaking Awesome : 6 x 9 po 120 pages blank lined notebook journal, gift for office coworkers, employees, adults, boss, funny saying sarcastic work gag",Make Your Move Quotes,Paperback,"Dec 24, 2024",
0,https://www.amazon.com/dp/B0DRNZMTZ8,B0DRNZMTZ8,"My Favorite Coworker Gave Me This Notebook She Is Freaking Awesome : 6 x 9 po 120 pages blank lined notebook journal, gift for office coworkers, ... adults, boss, funny saying sarcastic work gag",Make Your Move Quotes,Paperback,"Dec 24, 2024",
0,https://www.amazon.com/dp/B0DRNZ75RC,B0DRNZ75RC,"Chaos Coordinator Because Freaking Miracle Worker Is Not A Job Title: Funny Office Notebook - Sarcastic Lined Journal for Coworkers, Employees, and ... or Personal Outlet for Workplace Humor",Ella Ruby,Paperback,"Dec 24, 2024",
0,https://www.amazon.com/dp/B0DRNTW8BJ,B0DRNTW8BJ,"HR Approved Ways to Tell Coworkers They're Stupid: Funny Gift Notebook Journal, Gift For Co-workers, Friends and Family | Quotable Giggles to Brighten Your Day",Mor gan,Paperback,"Dec 24, 2024",
0,https://www.amazon.com/dp/B0DRNNZ2K6,B0DRNNZ2K6,"I Love Meetings: funny Notebook for Work | Funny Gag Gift for Coworkers, Bosses, and Employees | 6x9 Lined Journal with 120 Pages",amer alalaak,Paperback,"Dec 24, 2024",
0,https://www.amazon.com/dp/B0DRFXVMPC,B0DRFXVMPC,Organizational Dialogues: Emotional Intelligence,Thiago Grott,Kindle,"Dec 24, 2024",
1,https://www.amazon.com/dp/B0DRFKGDKP,B0DRFKGDKP,THE PRICE OF JUSTICE: A Lawyer's Journey from Profit to Purpose,RM Lopez,Kindle,"Dec 24, 2024",
0,https://www.amazon.com/dp/B0DRF98PDH,B0DRF98PDH,50 Clever Short Stories for Mastering Business English (C1/C2 English): Master Advanced English Vocabulary and Business Skills Through Engaging ... (Learn English with 50 Short Stories),Elizabeth Snow,Kindle,"Dec 24, 2024",
0,https://www.amazon.com/dp/B0DRCRJBPH,B0DRCRJBPH,Balanced: The Little Book of Burnout-Free ERG Leadership,Sheryl Miller,Paperback,"Dec 23, 2024",
0,https://www.amazon.com/dp/B0DR98NCDT,B0DR98NCDT,"The 12 Leadership Traps: Which One Are You Stuck In?: Get out of your own way and become the leader your team deserves! (Pocket Self-help Handbooks ... Agility, Mindfulness & Inspiration)",Marako Marcus,Kindle,"Dec 23, 2024",
1,https://www.amazon.com/dp/B0DRJZKXL6,B0DRJZKXL6,AI for Business and Personal Excellence,Davor Mulalić,Kindle,"Dec 23, 2024",
0,https://www.amazon.com/dp/B0DSQ77FBS,B0DSQ77FBS,"Capture Your Dream: Stack Real-World Goals, Develop Your Dragons, Thrive Beyond the 9 to 5",Sandy Lender,Kindle,"Dec 23, 2024",
0,https://www.amazon.com/dp/B0DRVV7622,B0DRVV7622,i'm Fine It's Fine Everything Is Fine: Notebook,Rae Serenity,Paperback,"Dec 23, 2024",
0,https://www.amazon.com/dp/B0DRPKWZRM,B0DRPKWZRM,The Year of the Snake Notebook Series - Resilient: Bounce back stronger than ever. This notebook inspires you to see setbacks as opportunities for growth and renewal.,Federico Delgado,Paperback,"Dec 23, 2024",
0,https://www.amazon.com/dp/B0DRNW1P9P,B0DRNW1P9P,Rise Above: The Trickle Down Effect of Company Culture,Christopher Love,Paperback,"Dec 23, 2024",
0,https://www.amazon.com/dp/B0DRMKQTRL,B0DRMKQTRL,Innovative Recruitment and Retention for Employee Empowerment,Annette G. Walters,Hardcover,"Dec 23, 2024",
0,https://www.amazon.com/dp/B0DRLDDT5D,B0DRLDDT5D,"Notes I’ll Lose Forever If I Don’t Capture Them Now"" - 6 x 9 Blank Lined Notebook Journal – Funny, Sarcastic Office Gag Gift for Coworkers, Employees, Managers, Bosses, and Adults",The Leader,Paperback,"Dec 23, 2024",
0,https://www.amazon.com/dp/B0DRLCTL4Z,B0DRLCTL4Z,Planning Summit 13-Week Workbook: Q1 2025 Edition,Janay Altovise,Paperback,"Dec 23, 2024",
0,https://www.amazon.com/dp/B0DRLC4RWS,B0DRLC4RWS,"Notes I’ll Forget If I Don’t Write It Down Immediately: 6 x 9 Lined Notebook Journal – Funny, Sarcastic Gag Gift for Office Workers, Coworkers, Employees, Adults, or Bosses",The Leader,Paperback,"Dec 23, 2024",
0,https://www.amazon.com/dp/B0DRK9P8NV,B0DRK9P8NV,Sure Let Me Drop Everything and Work On Your Problem: A Notebook for All the Unnecessary Emergencies | 6 x 9 Lined Funny Work Journal | Funny Saying Sarcastic Work Gag Gift for Office Coworkers,Mor gan,Paperback,"Dec 23, 2024",
0,https://www.amazon.com/dp/B0DRK8CTGD,B0DRK8CTGD,"Pretending to Agree Is My Greatest Skill: A Funny Gift Notebook for Co-workers, Friends, Bosses, and Family – Perfect Gag Journal for Work, Secret Santa, or White Elephant Gifts Exchange!",Max Scribbler,Paperback,"Dec 23, 2024",
0,https://www.amazon.com/dp/B0DRK7M1Z5,B0DRK7M1Z5,"Pretending to Care Is My Full-Time Job: A Funny Gift Notebook for Co-workers, Friends, Bosses, and Family – Perfect Gag Journal for Work, Secret Santa, or White Elephant Gifts Exchange!",Max Scribbler,Paperback,"Dec 23, 2024",
0,https://www.amazon.com/dp/B0DRK4G5Z1,B0DRK4G5Z1,"I Work With People Who Clap When the Plane Lands: A Funny Gift Notebook for Co-workers, Friends, Bosses, and Family – Perfect Gag Journal for Work, Secret Santa, or White Elephant Gifts Exchange!",Max Scribbler,Paperback,"Dec 23, 2024",
0,https://www.amazon.com/dp/B0DRJRJM5Y,B0DRJRJM5Y,The Year of the Snake Notebook Series - Strategic: Plan with precision and purpose. Perfect for goal-setting and mapping out your next big moves.,Federico Delgado,Paperback,"Dec 23, 2024",
0,https://www.amazon.com/dp/B0DRJJSQY4,B0DRJJSQY4,2025 Monthly & Weekly Planner: Achieve Your Goals with Monthly & Weekly Planning,Renee Planner,Paperback,"Dec 23, 2024",
0,https://www.amazon.com/dp/B0DRJGYB5Q,B0DRJGYB5Q,Smart People Finish Last - Failure Journal: Lessons Learned,Janelle Ballard,Paperback,"Dec 23, 2024",
0,https://www.amazon.com/dp/B0DRD6PZTM,B0DRD6PZTM,"Small Business Growth Strategies for 2025: Boost profit, lead a high performance team, make savvy investment choices, know what your business is worth",M.R. Johnson,Kindle,"Dec 23, 2024",
0,https://www.amazon.com/dp/B0DR9B8VN8,B0DR9B8VN8,"How to Manage Your Boss (And Make Them Think It’s Their Idea) (Pocket Self-help Handbooks for Creativity, Positivity, Agility, Mindfulness & Inspiration)",Marako Marcus,Kindle,"Dec 23, 2024",
4,https://www.amazon.com/dp/1772776408,1772776408,The Art of High Touch in a High-Tech World: Why It's Still Important to Build Personal Relationships in Business and in Life,Tom McGratton,Kindle,"Dec 23, 2024",
0,https://www.amazon.com/dp/1763739287,1763739287,2025 Stealthy Schedules a Planner for Ninja Level Procrastinators: Laziness by design,Donald Comerford,Hardcover,"Dec 23, 2024",
0,https://www.amazon.com/dp/B0DRJ8BBJR,B0DRJ8BBJR,"I Never Asked To Be the World's Best Boss: Funny Sarcastic Work Gag Gift Notebook for Office Coworkers, Employees, Boss",Iris J Ashford,Paperback,"Dec 22, 2024",
0,https://www.amazon.com/dp/B0DRDHV136,B0DRDHV136,THE 50 - DAY STOIC JOURNAL: Daily Wisdom and Prompts to Master Your Mind Like Marcus Aurelius,Raf Mit,Paperback,"Dec 22, 2024",
0,https://www.amazon.com/dp/B0DR8PJPLD,B0DR8PJPLD,Messages from This CEO: Lessons Beyond Numbers,Myranda J Harper-Penn,Kindle,"Dec 22, 2024",
0,https://www.amazon.com/dp/B0DS13CKR9,B0DS13CKR9,"World's OKist Employee Notebook - Aim Low and Avoid Disappointment | Funny Office Humor, Secret Santa, White Elephant Gif: 6""x9"" Pink Cover, 120 Lined ... Humor Gift for Work, Christmas, and Holidays",Evelyn Hope,Paperback,"Dec 22, 2024",
0,https://www.amazon.com/dp/B0DRVPMNL5,B0DRVPMNL5,Heartfelt Conversations Journal paperback to Recall those beautiful memories of friendships gained. Experience to share with others (Guided Journal),solo poet,Paperback,"Dec 22, 2024",
1,https://www.amazon.com/dp/B0DRSQNBGN,B0DRSQNBGN,BEYOND THE CLOSE: ADVANCED SALES TACTICS,Dieauka Y Bradley,Kindle,"Dec 22, 2024",
0,https://www.amazon.com/dp/B0DRPBWFDL,B0DRPBWFDL,"The Year of the Snake Notebook Series - Fearless: Let nothing hold you back. Use this notebook to write about risks taken and lessons learned, celebrating every step forward.",Federico Delgado,Paperback,"Dec 22, 2024",
0,https://www.amazon.com/dp/B0DRJ4P1LT,B0DRJ4P1LT,"I Never Asked To Be The World's Best Coworker: Funny Sarcastic Work Gag Gift Notebook for Office Coworkers, Employees, Boss",Iris J Ashford,Paperback,"Dec 22, 2024",
0,https://www.amazon.com/dp/B0DRJ3WR82,B0DRJ3WR82,"I Don’t Always Tolerate Stupid People, But When I Do, I’m at Work: Funny Lined Notebook for Office Humor, Coworker Gag Gift, or Secret Santa Present",amer alalaak,Paperback,"Dec 22, 2024",
0,https://www.amazon.com/dp/B0DRJ3G6TV,B0DRJ3G6TV,"Inappropriate Comments To Make In Serious Situations: Funny Work Notebook | 6 x 9 Blank Lined Journal | Sarcastic Office Gag Gift for Coworkers, Bosses, and Adults",amer alalaak,Paperback,"Dec 22, 2024",
0,https://www.amazon.com/dp/B0DRJ1Q3G9,B0DRJ1Q3G9,"Money Saving Challenge Book 2025: Fun and Easy Ways to Save Money with a Variety of Saving Challenges from £100 to £25,000. Achieve Your Financial Goals",Henry S. Publishing,Paperback,"Dec 22, 2024",
0,https://www.amazon.com/dp/B0DRHXB9T2,B0DRHXB9T2,"Times I Was Right And Nobody Listened: Lined Notebook for Boss from Team, Employees, Coworkers and Friends With Sarcastic Saying on Cover For Men and Women",Karyl Wedderburn,Paperback,"Dec 22, 2024",
0,https://www.amazon.com/dp/B0DRHSQ7CZ,B0DRHSQ7CZ,"this could have been an email. notebook: work edition. btw, not that i'll want it, but if found, please return to:: For the Working Professional in Your Family",The Journals For People,Paperback,"Dec 22, 2024",
0,https://www.amazon.com/dp/B0DRH4YDQ7,B0DRH4YDQ7,"Path to Prosperity: Strategic Money Management & Goal Setting Notebook,Money strategy planner: Investment strategy journal 6*9 inche",TAYEB MSALEM,Paperback,"Dec 22, 2024",
0,https://www.amazon.com/dp/B0DRH17HBY,B0DRH17HBY,"Stuff I’ll Forget If I Don’t Write It Down Immediately: 6 x 9 Lined Notebook Journal – Funny, Sarcastic Gag Gift for Office Workers, Coworkers, Employees, Adults, or Bosses",The Leader,Paperback,"Dec 22, 2024",
0,https://www.amazon.com/dp/B0DRGKFCFZ,B0DRGKFCFZ,2025 Daily Planner (burnt orange),GetOutof9to5,Paperback,"Dec 22, 2024",
0,https://www.amazon.com/dp/B0DRFZ46KK,B0DRFZ46KK,"Ordinary to Extraordinary: ""How Belief, Choice, and Purpose Can Empower You to Achieve the Impossible"" (Remarkable individuals)",Mr Rai,Kindle,"Dec 22, 2024",
0,https://www.amazon.com/dp/B0DRDT3J7C,B0DRDT3J7C,"Decide today, thrive tomorrow: An Inspirational Journal for Daily Growth: Clarify Your Vision, Set Intentions, Track Progress, Cultivate Positive ... Achievements, and Thrive with Purpose",Kayto Yokuto,Paperback,"Dec 22, 2024",
0,https://www.amazon.com/dp/B0DRDRX23Z,B0DRDRX23Z,"Monthly Habits Tracker Notebook: Track Your Habits, Stay Motivated, and Reflect with 12 Monthly Pages, Notes, and Inspiring Quotes (The Ultimate Habit Tracker Collection)",ClarityControl,Paperback,"Dec 22, 2024",
0,https://www.amazon.com/dp/B0DRD7CJJ8,B0DRD7CJJ8,Business Mindset Unlocked: Transforming Ideas into Profits,SOHAN LAL KUMAWAT,Kindle,"Dec 22, 2024",
0,https://www.amazon.com/dp/B0DRCSVBVD,B0DRCSVBVD,The Fundamentals of Team Management: Some Essential Guidelines for Supporting Your First Steps as a Manager,Stephane Schuh,Paperback,"Dec 22, 2024",
0,https://www.amazon.com/dp/B0DR7Z6C8Z,B0DR7Z6C8Z,The Twelve Arrows of Connection (Pathfinders Series),Ken Martin,Kindle,"Dec 22, 2024",
2,https://www.amazon.com/dp/B0DR78S4P8,B0DR78S4P8,"The New Corporate DNA: Why Skills Matter More Than Titles: Explore the paradigm shift underway in today’s business landscape, where the traditional ... way to a flexible, skills-driven culture.",Michael R Watson,Hardcover,"Dec 22, 2024",
0,https://www.amazon.com/dp/B0DR65T63T,B0DR65T63T,"Walking With Failure: Turning Setbacks into Stepping Stones for Resilience, Faith and Purpose",Dr. Vanessa A Rosser,Paperback,"Dec 21, 2024",
0,https://www.amazon.com/dp/B0DR75WKRQ,B0DR75WKRQ,"Crap Coworkers Say, and Bosses too",Jon Tannen,Paperback,"Dec 21, 2024",
0,https://www.amazon.com/dp/B0DR6YFF23,B0DR6YFF23,Emotional Intelligence for Leaders in 2025: Transform Your Leadership Impact: Master EQ Skills to Build High-Performing Teams and Drive Organizational Success,Angelus Bexley,Kindle,"Dec 21, 2024",
0,https://www.amazon.com/dp/B0DRPFZTKP,B0DRPFZTKP,Weekly to do list and goals planner,Julia Fonda,Hardcover,"Dec 21, 2024",
0,https://www.amazon.com/dp/B0DRDQ47NP,B0DRDQ47NP,"Good Things Take Time. That's Why I'm Always Late: Funny Novelty Office Gag Gifts For Employee and Coworker | Christmas, New Year Gifts | Lined Paperback Notebook",amer alalaak,Paperback,"Dec 21, 2024",
0,https://www.amazon.com/dp/B0DRD94249,B0DRD94249,"Your next chapter begins with a single decision: An Empowering Journal to Inspire Change: Define Your Goals, Cultivate Resilience, Build Habits, ... and Take the First Step Toward Your Dreams",Kayto Yokuto,Paperback,"Dec 21, 2024",
0,https://www.amazon.com/dp/B0DRD8RVLP,B0DRD8RVLP,"A Fresh Start for Limitless Possibilities: Unlock Your Potential with This Inspiring Journal: Set Goals, Build Habits, Reflect on Growth, Cultivate ... and Create the Life You’ve Always Imagined",Kayto Yokuto,Paperback,"Dec 21, 2024",
0,https://www.amazon.com/dp/B0DRD7C84S,B0DRD7C84S,"The Journey to Success Begins Today: A Comprehensive Guided Journal to Define Your Goals, Track Your Progress, Build Productive Habits, Stay ... Milestones, and Achieve the Life You Desire",Kayto Yokuto,Paperback,"Dec 21, 2024",
0,https://www.amazon.com/dp/B0DRD171XR,B0DRD171XR,"2025 Productivity Planner: Your All-in-One Organizer for Daily, Weekly, and Monthly Goals",Neha Grace,Paperback,"Dec 21, 2024",
0,https://www.amazon.com/dp/B0DRCM29PJ,B0DRCM29PJ,"I May Not Be Able To Say It But I can Surely Write It: Work Notebook, Funny Office Notebook 6x9 in",Regina Davis,Paperback,"Dec 21, 2024",
1,https://www.amazon.com/dp/B0DR98NCV8,B0DR98NCV8,Corporate Chains: Struggles of a black professional in corporate America,Andre Lennox Lewis,Kindle,"Dec 21, 2024",
0,https://www.amazon.com/dp/B0DR6PCQRD,B0DR6PCQRD,ACCESS DENIED: The Disability Divide Hidden in AI and Next-Gen Technologies,Dr. Ivan Del Valle,Kindle,"Dec 21, 2024",
0,https://www.amazon.com/dp/B0DR6MG2DW,B0DR6MG2DW,From struggle to strength: thriving in Conflict and emerging stronger: Turning Struggles into Stepping Stones for a Stronger You,Marina Coldwell,Paperback,"Dec 21, 2024",
5,https://www.amazon.com/dp/B0DQCQQNV5,B0DQCQQNV5,"PRACTICAL HIPPIE SHIT: Happiness, Health, & Wealth for You, Too, from Things That You Do Without the Woo Woo.",Felix Joseph,Kindle,"Dec 21, 2024",
0,https://www.amazon.com/dp/B0DR53G87W,B0DR53G87W,"NO MORE ANGRY BLACK WOMAN - FROM BURNOUT TO BREAKTHROUGH: Build Emotional Resilience, Set Boundaries, and Succeed with Emotional Intelligence, Persuasion, and Body Language",B.W. HARRIET,Kindle,"Dec 20, 2024",
4,https://www.amazon.com/dp/B0DQJDRVDH,B0DQJDRVDH,Broken: The Failure of EMS,Dr. James Eubanks,Kindle,"Dec 20, 2024",
0,https://www.amazon.com/dp/1032693096,1032693096,Gen Z in Work,Karina Ochis,Kindle,"Dec 20, 2024",
0,https://www.amazon.com/dp/B0DR7L5GFX,B0DR7L5GFX,Power Forward: Decoding Basketball Secrets to Achieve Success in Daily Life,Danielle N. Johnson,Paperback,"Dec 20, 2024",
0,https://www.amazon.com/dp/B0DRMDF46K,B0DRMDF46K,"E-commerce, Marketing, and Consumer Behavior in the Ai Era",Ahmed J. Obaid,Hardcover,"Dec 20, 2024",
4,https://www.amazon.com/dp/B0DR9FCSXZ,B0DR9FCSXZ,The Framework of Winning: A Mindset for Life’s Game,Sean Pearce,Kindle,"Dec 20, 2024",
1,https://www.amazon.com/dp/B0DSCQSZZ3,B0DSCQSZZ3,Why Do Cops Eat Donuts?,Jason Knickerbocker,Kindle,"Dec 20, 2024",
0,https://www.amazon.com/dp/B0DRDGWHKY,B0DRDGWHKY,"Manager Skills Notebook: A Journal for Learning, Growing, and Enhancing Your Leadership Expertise with Ease (6x9 Size with Quotes)",Harmony HR Press,Paperback,"Dec 20, 2024",
0,https://www.amazon.com/dp/B0DRCC5D8L,B0DRCC5D8L,"Funny Sarcastic Work Gag Gift Notebook for Office Coworkers, Employees, Boss: Hands Off! Unless You’re Bringing Coffee",Iris J Ashford,Paperback,"Dec 20, 2024",
0,https://www.amazon.com/dp/B0DRCBYPKH,B0DRCBYPKH,"Funny Sarcastic Work Gag Gift Notebook for Office Coworkers, Employees, Boss: I'm Sorry Did I Roll My Eyes Out Loud?",Iris J Ashford,Paperback,"Dec 20, 2024",
0,https://www.amazon.com/dp/B0DRCBR5HS,B0DRCBR5HS,"Be careful not to trip over my amazingness. It's everywhere.: Funny Sarcastic Work Gag Gift Notebook for Office Coworkers, Employees, Boss",Iris J Ashford,Paperback,"Dec 20, 2024",
0,https://www.amazon.com/dp/B0DR98SL4H,B0DR98SL4H,Can We Just....: A Project Coordinator's Greatest Hits,Elijah Blue Designs,Paperback,"Dec 20, 2024",
0,https://www.amazon.com/dp/B0DR9844Z3,B0DR9844Z3,"Unruled NOTEBOOK 6x9""",Clara & Celine,Paperback,"Dec 20, 2024",
0,https://www.amazon.com/dp/B0DR975P5Z,B0DR975P5Z,Plan Your Life Best: A 365-Day Undated Planner for Every Goal and Purpose,Ajith Weragama,Paperback,"Dec 20, 2024",
0,https://www.amazon.com/dp/B0DR974F3F,B0DR974F3F,"Other people’s problems that for some reason I have to solve notebook : 6 x 9 po 120 pages blank lined notebook journal, gift for office coworkers, ... adults, boss, funny saying sarcastic work gag",Make Your Move Quotes,Paperback,"Dec 20, 2024",
0,https://www.amazon.com/dp/B0DR94MX5P,B0DR94MX5P,"Coworkers Are Just Strangers You Tolerate for Money: A Funny Gift Notebook for Co-workers, Friends, Bosses, and Family – Perfect Gag Journal for Work, Secret Santa, or White Elephant Gifts Exchange!",Max Scribbler,Paperback,"Dec 20, 2024",
0,https://www.amazon.com/dp/B0DR943Y6R,B0DR943Y6R,"Everyone Here Is an Expert Until Something Goes Wrong: A Funny Gift Notebook for Co-workers, Friends, Bosses, and Family – Perfect Gag Journal for Work, Secret Santa, or White Elephant Gifts Exchange!",Max Scribbler,Paperback,"Dec 20, 2024",
0,https://www.amazon.com/dp/B0DR911WV3,B0DR911WV3,"You Don't Have To Be Crazy To Work Here We Will Train You Journal: Funny Blank Lined Notebook For Boss or Coworker; 6x9""",Opal Isle Press,Paperback,"Dec 20, 2024",
0,https://www.amazon.com/dp/B0DR8YRBG2,B0DR8YRBG2,"Why Work Hard When You Can Just Look Busy?: A Funny Gift Notebook for Co-workers, Friends, Bosses, and Family – Perfect Gag Journal for Work, Secret Santa, or White Elephant Gifts Exchange!",Max Scribbler,Paperback,"Dec 20, 2024",
1,https://www.amazon.com/dp/B0DR7DR4WS,B0DR7DR4WS,Leading with purpose in Uncertain Times,Dr. Donyea Hargrove,Kindle,"Dec 20, 2024",
0,https://www.amazon.com/dp/B0DR5VLPDH,B0DR5VLPDH,Impeccable Character: Build Integrity in a World of Temptation,Liam Henson,Kindle,"Dec 20, 2024",
0,https://www.amazon.com/dp/B0DR5V83GC,B0DR5V83GC,Project Management Unchained: Breaking Chains to Unstoppable Success,James  D Bursey,Kindle,"Dec 20, 2024",
0,https://www.amazon.com/dp/1069122858,1069122858,Job Security in the AI Era: Practical Guide to Thrive (Practical AI Guides),Ella Wei,Kindle,"Dec 20, 2024",
0,https://www.amazon.com/dp/1032521333,1032521333,Fairness in the NHS,Mike Thomas,Kindle,"Dec 20, 2024",
0,https://www.amazon.com/dp/B0DR3T7PFF,B0DR3T7PFF,CEO Coaching: How To Grow Without Limits,Kazuyoshi Hisano,Kindle,"Dec 19, 2024",
0,https://www.amazon.com/dp/B0DR2B7QLJ,B0DR2B7QLJ,A Chimpanzee's Guide for Retail Management,Bill Langston,Kindle,"Dec 19, 2024",
0,https://www.amazon.com/dp/1032483709,1032483709,The Employee and the Post-Pandemic Workplace (Routledge COBS Focus on Responsible Business),Adrián Zicari,Kindle,"Dec 19, 2024",
0,https://www.amazon.com/dp/B0DR2Y8VFK,B0DR2Y8VFK,"THE IMPACT OF THE COVID-19 PANDEMIC ON EMPLOYEE SATISFACTION, MOTIVATION, AND PERFORMANCE: Influence of the COVID-19 Crisis on Workplace Issues, Experiences, and Transformations",Calvine Odero,Kindle,"Dec 19, 2024",
0,https://www.amazon.com/dp/B0DRQQ565T,B0DRQQ565T,Through the Linguist's Lens,Nathaniel Turner,Paperback,"Dec 19, 2024",
0,https://www.amazon.com/dp/B0DR8YKFZ5,B0DR8YKFZ5,"I’m Not Technically Working From Home Anymore I’m Living At Work: Funny 6x9 Lined Notebook Journal for Remote Work, Office Humor, and Sarcastic Gifts for Coworkers, Bosses, and Employees",amer alalaak,Paperback,"Dec 19, 2024",
0,https://www.amazon.com/dp/B0DR8YBKX4,B0DR8YBKX4,"Unspoken Truths of the Meeting Room: A Funny Notebook Companion | The Perfect Gag Gift for Bosses, Coworkers, and Meetings | Lined Journal with Funny, Snarky & Witty Quotes",Sam Blake,Paperback,"Dec 19, 2024",
0,https://www.amazon.com/dp/B0DR8TCGHL,B0DR8TCGHL,"OFFICE RUMORS I PLAN TO SPREAD: 6 x 9 Blank Lined Notebook Journal - Funny Saying Sarcastic Work Gag Gift for Office Coworkers, Employees, Adults, Boss",Office Fun Notebooks,Paperback,"Dec 19, 2024",
0,https://www.amazon.com/dp/B0DR8S4QW8,B0DR8S4QW8,"MEETING NOTES THE STUFF I HAVE TO DO INSTEAD OF DOING THE THINGS THAT ACTUALLY NEED TO GET DONE: 6 x 9 Blank Lined Notebook Journal - Funny Saying ... for Office Coworkers, Employees, Adults, Boss",Office Fun Notebooks,Paperback,"Dec 19, 2024",
0,https://www.amazon.com/dp/B0DR8MXG9G,B0DR8MXG9G,"There's Life Beyond the Meeting Room Notebook: Fun notebook, perfect gift for co-worker, friend, student, or family member. Write to-do lists, take ... Gag Gift, Secret Santa, Work/Meeting Book",BKP Books,Paperback,"Dec 19, 2024",
0,https://www.amazon.com/dp/B0DR8MT7LQ,B0DR8MT7LQ,"Things I Could Be Doing Instead Of ...... Notebook: Fun notebook, perfect gift for a co-worker, friend, student, or family member. Write to-do lists, ... Perfect Gag Gift, Secret Santa, Work/Meet",BKP Books,Paperback,"Dec 19, 2024",
0,https://www.amazon.com/dp/B0DR8MS4VT,B0DR8MS4VT,How to Win Ourselves and Succeed,Rohit Bhardwaj,Paperback,"Dec 19, 2024",
0,https://www.amazon.com/dp/B0DR8FB869,B0DR8FB869,"Life Beyond the Meeting Room Notebook: Funny notebook, perfect gift for a co-worker, friend, student, or family member. Write to-do lists, take notes, ... Gag Gift, Secret Santa, Work/Meeting Book Etc",BKP Books,Paperback,"Dec 19, 2024",
0,https://www.amazon.com/dp/B0DR8D1H4R,B0DR8D1H4R,"Be Present: Stop scrolling, start writing - be present and own the moment!",Federico Delgado,Paperback,"Dec 19, 2024",
0,https://www.amazon.com/dp/B0DR8BQWCG,B0DR8BQWCG,"My Daily Ritual ...: Your daily ritual: plan, reflect and crush it like the boss you are!",Federico Delgado,Paperback,"Dec 19, 2024",
0,https://www.amazon.com/dp/B0DR5Y2PR5,B0DR5Y2PR5,"The Universal Counterfeit and Altered Bank Note Detector, at Sight (Classic Books)",Henry C. Foote,Kindle,"Dec 19, 2024",
1,https://www.amazon.com/dp/B0DR2V39LY,B0DR2V39LY,Driver Staffing: Your Guide to Understanding the Industry,Edward David Smith,Kindle,"Dec 19, 2024",
0,https://www.amazon.com/dp/B0DQYQRB52,B0DQYQRB52,SUCCESSION PLANNING: IN SELECTING A LEADER OF A FAMILY OWNED BUSINESS,Rajendra  Prasad Dhanuka,Kindle,"Dec 19, 2024",
0,https://www.amazon.com/dp/B0DQYBJW77,B0DQYBJW77,Effective Mindset Change For Leaders: Transforming Organizations Through Personal Growth,SCOTT E SALSBURY,Kindle,"Dec 19, 2024",
0,https://www.amazon.com/dp/1032412402,1032412402,Power and Corporate Responsibility (Routledge COBS Focus on Responsible Business),Daniel Malan,Kindle,"Dec 19, 2024",
1,https://www.amazon.com/dp/B0DQF2DCKV,B0DQF2DCKV,Competing with Purpose: A Business Fable,Lee Eilers,Hardcover,"Dec 18, 2024",
0,https://www.amazon.com/dp/B0DR74PPKF,B0DR74PPKF,"Shit Things I Can’t Say out Loud While In Meetings: Humorous Office Notebook - Gag Gift for Coworkers, Boss, or Secret Santa - Doted Lined Journal with Hilarious Work Quotes",Sm.art Bear,Hardcover,"Dec 18, 2024",
3,https://www.amazon.com/dp/191677637X,191677637X,THRIVE: THE ENTREPRENEURS GUIDE TO AUTHENTIC SUCCESS,Phil Berg,Kindle,"Dec 18, 2024",
0,https://www.amazon.com/dp/B0DR76ZZW6,B0DR76ZZW6,"Who Needs a Life When You’ve Got Deadlines?: A Funny Gift Notebook for Co-workers, Friends, Bosses, and Family – Perfect Gag Journal for Work, Secret Santa, or White Elephant Gifts Exchange!",Max Scribbler,Paperback,"Dec 18, 2024",
0,https://www.amazon.com/dp/1032187085,1032187085,Approaches to Corporate Social Responsibility (Routledge Studies in Business Ethics),Stefan Markovic,Kindle,"Dec 18, 2024",
0,https://www.amazon.com/dp/B0DR3QCB1G,B0DR3QCB1G,LEADERSHIP PRINCIPLES ANIMAL INSTINCTS: Discover The Wildlife In Your Leadership,Dr.  Danielle Butts,Paperback,"Dec 18, 2024",
0,https://www.amazon.com/dp/1032350024,1032350024,Shariah Governance in Islamic Banking Institutions (Islamic Business and Finance Series),Shafiullah Jan,Kindle,"Dec 18, 2024",
0,https://www.amazon.com/dp/B0DR9P51QL,B0DR9P51QL,"Dimensions of Diversity, Equity, Inclusion and Belonging in Business",Suzzette A. Harriott,Hardcover,"Dec 18, 2024",
1,https://www.amazon.com/dp/1032459530,1032459530,Organizing Sustainable Development (Routledge Open Business and Economics),Aneta Kuzniarska,Kindle,"Dec 18, 2024",
0,https://www.amazon.com/dp/B0DR8D3YL9,B0DR8D3YL9,My Daily Ritual ...: Because great days don't just happen - they're written into existence!,Federico Delgado,Paperback,"Dec 18, 2024",
0,https://www.amazon.com/dp/B0DR7VDZ4B,B0DR7VDZ4B,Behind Every Spreadsheet Is A Cry For Help | Funny Work Notebook: Gag Gift for Women and Men | Funny Gift Idea | Funny Notebook for Work Coworkers Colleagues Boss | Secret Santa,Forevermarsh Publishing,Paperback,"Dec 18, 2024",
0,https://www.amazon.com/dp/B0DR79RBZG,B0DR79RBZG,"Sure, Let Me Drop Everything and Work on Your Problem: Funny Sarcastic Work Gag Gift Notebook for Office Coworkers, Employees, Boss, Women, and Men",Iris J Ashford,Paperback,"Dec 18, 2024",
0,https://www.amazon.com/dp/B0DR796TXY,B0DR796TXY,"It's Ok If You Disagree With Me. I Can't Force You to Be Right: Funny Sarcastic Notebook with Lined Pages - Hilarious Work Gag Gift for Coworkers, Friends, and Adults",amer alalaak,Paperback,"Dec 18, 2024",
0,https://www.amazon.com/dp/B0DR78GF1G,B0DR78GF1G,"Nothing Surprises Me Anymore I Work in HR: Funny Office Notebook | 6 x 9 Blank Lined Journal for HR Professionals, Coworkers, Bosses, and Managers | Sarcastic Gag Gift for Work Humor",amer alalaak,Paperback,"Dec 18, 2024",
0,https://www.amazon.com/dp/B0DR77LNSK,B0DR77LNSK,My Favorite Notes - Pathway To Success: Motivational Lined Paper Notebook,Mela Smith,Hardcover,"Dec 18, 2024",
0,https://www.amazon.com/dp/B0DR76PSKX,B0DR76PSKX,My Daily Ritual ...: Build better habits and watch your life transform one day at a time!,Federico Delgado,Paperback,"Dec 18, 2024",
